{"type":"FeatureCollection","features":[{"type":"Feature","properties":{"adcode":"110000","name":"北京"},"geometry":{"type":"MultiPolygon","coordinates":[[[[117.348611,40.581141],[117.429915,40.576141],[117.412669,40.605226],[117.501364,40.636569],[117.493973,40.675161],[116.964881,40.709647],[116.713577,40.909858],[116.698795,41.021477],[116.615643,41.053076],[116.598397,40.974503],[116.455499,40.980828],[116.477057,40.899907],[116.339702,40.929303],[116.46597,40.774487],[116.247311,40.791707],[116.162928,40.662451],[116.005247,40.583868],[115.907929,40.617493],[115.755176,40.540221],[115.771806,40.443734],[115.917784,40.354405],[115.95166,40.281852],[115.847567,40.147036],[115.773654,40.176307],[115.454597,40.029825],[115.426264,39.950502],[115.567314,39.816407],[115.439815,39.752022],[115.486626,39.741899],[115.518039,39.597252],[115.667712,39.615234],[115.752712,39.515581],[115.978146,39.595868],[116.198652,39.589412],[116.257782,39.500344],[116.434557,39.442597],[116.401912,39.528046],[116.443796,39.510041],[116.524484,39.596329],[116.79057,39.595868],[116.906366,39.677444],[116.902055,39.763523],[116.949482,39.778703],[116.757925,39.967934],[116.781331,40.034866],[117.025243,40.030283],[117.349227,40.136513],[117.389879,40.227958],[117.295024,40.2782],[117.208793,40.501552],[117.348611,40.581141]]]]}},{"type":"Feature","properties":{"adcode":"120000","name":"天津"},"geometry":{"type":"MultiPolygon","coordinates":[[[[117.765602,39.400527],[117.871543,39.411625],[117.933753,39.574191],[117.766834,39.598635],[117.715711,39.529892],[117.707088,39.576036],[117.654117,39.575113],[117.668899,39.666849],[117.57774,39.726711],[117.508139,39.901854],[117.546327,39.999116],[117.756363,39.965181],[117.795167,39.996823],[117.74774,40.047236],[117.776073,40.059605],[117.675059,40.082045],[117.571581,40.219276],[117.415748,40.248973],[117.349227,40.136513],[117.192162,40.066475],[117.162597,39.876598],[117.251908,39.834332],[117.156438,39.817326],[117.205713,39.763984],[117.161981,39.748801],[117.177996,39.645194],[116.983359,39.638742],[116.944555,39.695405],[116.812128,39.615695],[116.820751,39.482332],[116.785026,39.465702],[116.876185,39.43474],[116.829374,39.338994],[116.870642,39.357506],[116.870026,39.153607],[116.912526,39.110898],[116.871874,39.054688],[116.754229,39.034701],[116.708034,38.931892],[116.746222,38.754299],[116.858939,38.741231],[116.877417,38.680522],[117.068358,38.680522],[117.109626,38.584685],[117.213104,38.639866],[117.238358,38.580943],[117.368937,38.564566],[117.729261,38.680055],[117.740964,38.753833],[117.64611,38.828933],[117.847522,38.855502],[117.898029,38.948649],[117.855529,38.957492],[117.837667,39.057011],[117.871543,39.122506],[118.064948,39.231065],[117.850601,39.363984],[117.536472,39.338068],[117.601146,39.419485],[117.765602,39.400527]]],[[[117.805022,39.373237],[117.852449,39.380639],[117.765602,39.400527],[117.805022,39.373237]]]]}},{"type":"Feature","properties":{"adcode":"130100","name":"石家庄市"},"geometry":{"type":"MultiPolygon","coordinates":[[[[113.839548,38.758413],[113.632596,38.653122],[113.562053,38.558321],[113.583517,38.465992],[113.525468,38.383016],[113.570318,38.237427],[113.828848,38.168971],[113.810075,38.112566],[113.876261,38.055047],[113.872353,37.990375],[114.043873,37.777463],[114.000817,37.735358],[114.128256,37.69821],[114.022666,37.435496],[114.184575,37.530817],[114.334632,37.502949],[114.483471,37.576814],[114.680171,37.565283],[114.904038,37.729302],[115.070049,37.745651],[115.097471,37.807849],[115.227281,37.732599],[115.258356,37.639625],[115.380989,37.707432],[115.360294,37.880068],[115.448585,37.936584],[115.468063,38.095161],[115.383232,38.0886],[115.265788,38.287658],[115.210174,38.236491],[115.073765,38.293134],[115.056465,38.258472],[114.886162,38.265286],[114.942994,38.343193],[114.923388,38.388217],[114.81075,38.492365],[114.6737,38.473452],[114.527616,38.590644],[114.552284,38.612983],[114.498463,38.678297],[114.311502,38.706517],[114.086097,38.65837],[113.839548,38.758413]]]]}},{"type":"Feature","properties":{"adcode":"130200","name":"唐山市"},"geometry":{"type":"MultiPolygon","coordinates":[[[[119.319039,39.429554],[119.004894,39.467459],[118.983302,39.538942],[118.861309,39.574754],[118.774428,39.764198],[118.884247,39.961794],[118.866307,40.061942],[118.92474,40.149653],[118.571384,40.269845],[118.533325,40.298854],[118.571512,40.414636],[118.262942,40.452063],[118.031643,40.302358],[117.575451,40.192817],[117.782467,40.023516],[117.782019,39.968315],[117.537777,39.997452],[117.507406,39.909023],[117.559305,39.756088],[117.644777,39.701849],[117.660795,39.57541],[117.71596,39.530084],[117.801945,39.601765],[117.933997,39.574164],[117.852369,39.38078],[117.805277,39.373284],[118.064768,39.256061],[118.026196,39.20176],[118.125316,39.182771],[118.225011,39.034839],[118.373594,39.012037],[118.491038,38.909041],[118.604445,38.971505],[118.532877,39.091051],[118.59272,39.142601],[118.951074,39.178485],[118.896549,39.139698],[118.926278,39.123464],[119.319039,39.429554]]],[[[117.784581,39.377032],[117.6014,39.4195],[117.536239,39.338026],[117.669316,39.324141],[117.784581,39.377032]]],[[[118.630522,39.054726],[118.653652,39.056973],[118.638852,39.076061],[118.630522,39.054726]]],[[[118.869446,39.142733],[118.820239,39.108745],[118.857465,39.098842],[118.869446,39.142733]]],[[[118.83914,39.153817],[118.815177,39.132373],[118.841511,39.135475],[118.83914,39.153817]]]]}},{"type":"Feature","properties":{"adcode":"130300","name":"秦皇岛市"},"geometry":{"type":"MultiPolygon","coordinates":[[[[119.319039,39.429554],[119.270024,39.498582],[119.358122,39.721744],[119.464738,39.809239],[119.53778,39.810154],[119.541048,39.888138],[119.587948,39.909936],[119.816877,39.978224],[119.862432,39.951556],[119.835009,40.050286],[119.736723,40.104836],[119.745949,40.207957],[119.625174,40.224132],[119.651892,40.272377],[119.598136,40.334206],[119.571033,40.540887],[119.302188,40.530283],[119.220624,40.569133],[119.230812,40.603891],[119.063392,40.606151],[118.624179,40.437626],[118.643785,40.380946],[118.571384,40.269845],[118.92474,40.149653],[118.866307,40.061942],[118.884247,39.961794],[118.774428,39.764198],[118.861309,39.574754],[118.983302,39.538942],[119.004894,39.467459],[119.319039,39.429554]]]]}},{"type":"Feature","properties":{"adcode":"130400","name":"邯郸市"},"geometry":{"type":"MultiPolygon","coordinates":[[[[115.478314,36.754699],[115.349786,36.786796],[115.325567,36.869667],[115.158916,36.852038],[115.111631,36.958431],[114.836314,36.958024],[114.787492,36.91396],[114.56702,36.891307],[114.507754,36.827936],[114.100449,36.839035],[113.859475,37.015037],[113.777463,36.96856],[113.772337,36.871165],[113.676293,36.855646],[113.68097,36.790134],[113.465369,36.70779],[113.507015,36.704858],[113.47703,36.655189],[113.588707,36.548101],[113.554428,36.494706],[113.764392,36.355612],[113.911181,36.314767],[114.023691,36.354995],[114.085328,36.270129],[114.328353,36.248177],[114.630387,36.124243],[114.912432,36.140458],[114.914674,36.051988],[114.998416,36.069732],[115.048456,36.162027],[115.142834,36.209679],[115.242146,36.191212],[115.341393,36.087608],[115.463898,36.171299],[115.462681,36.276096],[115.366637,36.30894],[115.272836,36.497373],[115.478314,36.754699]]]]}},{"type":"Feature","properties":{"adcode":"130500","name":"邢台市"},"geometry":{"type":"MultiPolygon","coordinates":[[[[115.255088,37.645621],[115.243235,37.722641],[115.097471,37.807849],[115.070049,37.745651],[114.904038,37.729302],[114.680171,37.565283],[114.483471,37.576814],[114.27293,37.494445],[114.184575,37.530817],[113.973907,37.403133],[113.886449,37.23914],[113.77317,37.151857],[113.771888,37.016803],[113.941743,36.983376],[114.028176,36.881236],[114.225902,36.843052],[114.507754,36.827936],[114.551707,36.884094],[114.734568,36.942931],[115.096702,36.964549],[115.16622,36.901512],[115.158916,36.852038],[115.325567,36.869667],[115.335691,36.775826],[115.463386,36.752177],[115.637405,36.797492],[115.853904,37.059245],[115.698465,37.257153],[115.345109,37.448195],[115.455313,37.501802],[115.201908,37.555977],[115.172756,37.600543],[115.255088,37.645621]]]]}},{"type":"Feature","properties":{"adcode":"130600","name":"保定市"},"geometry":{"type":"MultiPolygon","coordinates":[[[[115.324734,38.248184],[115.393611,38.285588],[115.381822,38.327578],[115.699811,38.349932],[115.745686,38.481311],[115.940721,38.530508],[115.973526,38.668467],[115.944053,38.735456],[116.045543,38.897786],[116.33534,38.984004],[116.299588,38.993658],[116.317592,39.077911],[116.221804,39.147813],[116.208734,39.330195],[116.116791,39.376243],[116.246152,39.557178],[116.221164,39.578951],[115.959558,39.560851],[115.923742,39.597308],[115.82033,39.509741],[115.752542,39.515385],[115.685331,39.603666],[115.515925,39.591211],[115.434105,39.782309],[115.55488,39.795579],[115.438462,39.952534],[115.215043,39.708067],[115.050058,39.709245],[114.838429,39.589179],[114.716756,39.618674],[114.563432,39.558162],[114.425101,39.285105],[114.469695,39.193321],[114.388196,39.176968],[114.349176,39.076788],[114.126654,39.050895],[114.050793,39.13587],[113.776758,38.98698],[113.839548,38.758413],[113.991655,38.676769],[114.452652,38.699413],[114.6737,38.473452],[114.81075,38.492365],[114.910381,38.393751],[114.932871,38.344194],[114.883343,38.284854],[114.915059,38.263348],[115.19422,38.236759],[115.252205,38.29093],[115.324734,38.248184]]]]}},{"type":"Feature","properties":{"adcode":"130700","name":"张家口市"},"geometry":{"type":"MultiPolygon","coordinates":[[[[116.365069,40.943216],[116.264733,41.038252],[116.296128,41.062118],[116.233273,41.130845],[116.209503,41.307715],[116.036124,41.397694],[115.924767,41.568623],[115.909967,41.642921],[116.083986,41.781745],[116.03401,41.782633],[115.916374,41.945141],[115.319032,41.691473],[115.377594,41.602475],[115.290328,41.622955],[115.204215,41.571423],[115.099137,41.623973],[114.860726,41.600948],[114.902885,41.689313],[114.8663,41.804578],[114.922363,41.825121],[114.861302,42.101997],[114.793963,42.149193],[114.510957,42.110897],[114.466107,42.037962],[114.510701,41.973292],[114.374036,41.956783],[114.202964,41.793416],[114.259347,41.6234],[114.231027,41.513671],[114.032148,41.529595],[113.884911,41.438141],[113.93399,41.376823],[113.89952,41.316214],[114.016259,41.232073],[113.820327,41.101619],[114.057457,40.925092],[114.044771,40.831115],[114.282926,40.590778],[114.314449,40.369604],[114.530627,40.3451],[114.469951,40.268093],[114.068029,40.179754],[114.091159,40.075288],[114.043809,40.056863],[113.989476,40.112383],[113.922457,40.026578],[114.021256,39.991782],[114.047397,39.916135],[114.211998,39.918745],[114.224877,39.851704],[114.395436,39.867246],[114.408122,39.651956],[114.515378,39.564983],[114.633527,39.555866],[114.654991,39.599209],[114.821642,39.61022],[115.03199,39.702373],[115.168847,39.672651],[115.342867,39.79205],[115.454544,40.029705],[115.773045,40.176179],[115.847817,40.147052],[115.968913,40.264263],[115.918296,40.353917],[115.770418,40.444165],[115.755041,40.540046],[115.907788,40.617324],[116.005113,40.584124],[116.099363,40.630561],[116.235003,40.783143],[116.453937,40.765877],[116.334443,40.904648],[116.365069,40.943216]]]]}},{"type":"Feature","properties":{"adcode":"130800","name":"承德市"},"geometry":{"type":"MultiPolygon","coordinates":[[[[119.158474,40.614418],[119.176222,40.690191],[119.010725,40.687868],[118.849135,40.800919],[118.903468,40.961784],[119.0204,40.997878],[118.93685,41.052624],[119.080627,41.095978],[119.239461,41.314489],[119.200698,41.28234],[118.890718,41.300749],[118.846124,41.373823],[118.741879,41.324073],[118.57997,41.354029],[118.380193,41.312124],[118.327078,41.450831],[118.272168,41.471296],[118.302923,41.552709],[118.230522,41.582178],[118.130698,41.742275],[118.165873,41.813265],[118.292287,41.772863],[118.340213,41.872459],[118.286649,41.91109],[118.272232,42.083311],[118.226613,42.090256],[118.189067,42.030569],[118.115256,42.045859],[118.155173,42.081164],[118.097765,42.10509],[118.089051,42.183874],[117.977438,42.229875],[118.047468,42.280563],[117.99762,42.416684],[117.779904,42.618591],[117.66733,42.582459],[117.473512,42.602437],[117.39637,42.536339],[117.412836,42.472493],[117.016744,42.45649],[116.886806,42.366608],[116.903401,42.19087],[116.789225,42.200261],[116.890651,42.092655],[116.87963,42.018372],[116.634812,41.929953],[116.482641,41.975886],[116.393133,41.94299],[116.41402,41.98221],[116.327267,42.005667],[115.909967,41.642921],[116.03023,41.416645],[116.203352,41.326117],[116.233273,41.130845],[116.296128,41.062118],[116.264733,41.038252],[116.398515,40.905999],[116.597778,40.97476],[116.630839,41.060771],[116.698884,41.021246],[116.67774,40.971227],[116.730471,40.897768],[116.979967,40.702833],[117.492862,40.675417],[117.430008,40.576112],[117.311859,40.57805],[117.219019,40.514375],[117.263357,40.442352],[117.228502,40.386389],[117.386375,40.22712],[117.450062,40.252512],[117.609409,40.194897],[118.000888,40.29256],[118.239684,40.464686],[118.277935,40.425711],[118.548062,40.422667],[118.532364,40.319419],[118.568949,40.287564],[118.640197,40.354566],[118.618349,40.425193],[118.702795,40.491411],[119.158474,40.614418]]]]}},{"type":"Feature","properties":{"adcode":"130900","name":"沧州市"},"geometry":{"type":"MultiPolygon","coordinates":[[[[116.335916,37.581263],[116.434139,37.473383],[116.812739,37.843598],[117.438593,37.853876],[117.58378,38.070653],[117.729223,38.093822],[117.958024,38.376147],[117.804764,38.367076],[117.730505,38.424949],[117.647852,38.508677],[117.685975,38.532438],[117.643367,38.54029],[117.63901,38.626742],[117.253169,38.556192],[117.23068,38.624017],[117.098179,38.586921],[117.06813,38.680621],[116.87726,38.680688],[116.796529,38.74667],[116.77404,38.652258],[116.680559,38.605936],[116.647114,38.50648],[116.569715,38.470988],[116.465726,38.494096],[116.454834,38.580337],[116.366863,38.67305],[116.42299,38.770419],[116.271973,38.816634],[116.15203,38.948352],[116.045543,38.897786],[115.95187,38.746736],[115.960583,38.584394],[115.718584,38.449205],[115.705321,38.367543],[115.841538,38.346062],[115.887542,38.171312],[116.049771,38.146026],[116.091034,37.910949],[116.3709,38.018597],[116.563243,38.01987],[116.51346,37.863951],[116.473415,37.865495],[116.47303,37.777059],[116.335916,37.581263]]]]}},{"type":"Feature","properties":{"adcode":"131000","name":"廊坊市"},"geometry":{"type":"MultiPolygon","coordinates":[[[[116.244678,39.517354],[116.151325,39.471005],[116.116791,39.376243],[116.198226,39.351315],[116.186116,39.222457],[116.317592,39.077911],[116.293757,39.007344],[116.33534,38.984004],[116.202198,38.887258],[116.42299,38.770419],[116.381984,38.619165],[116.454834,38.580337],[116.449772,38.518262],[116.589897,38.483908],[116.763212,38.633853],[116.70811,38.931876],[116.756612,39.0503],[116.860473,39.050564],[116.91109,39.111055],[116.863164,39.201365],[116.889626,39.338157],[116.818121,39.373547],[116.875914,39.434548],[116.785124,39.465883],[116.820748,39.482431],[116.812355,39.615922],[116.565934,39.619788],[116.402679,39.526869],[116.454706,39.453338],[116.350461,39.453009],[116.244678,39.517354]]],[[[117.209793,40.082253],[116.781536,40.034851],[116.784676,39.891401],[116.952608,39.789827],[116.88277,39.718472],[116.950878,39.706824],[116.963629,39.643441],[117.157959,39.636627],[117.161867,39.747389],[117.205884,39.763871],[117.156357,39.817473],[117.252208,39.834591],[117.149117,39.896297],[117.209793,40.082253]]]]}},{"type":"Feature","properties":{"adcode":"131100","name":"衡水市"},"geometry":{"type":"MultiPolygon","coordinates":[[[[115.853904,37.059245],[116.00947,37.343165],[116.285236,37.40266],[116.227379,37.424755],[116.241346,37.491475],[116.276458,37.466901],[116.278444,37.524745],[116.375192,37.617256],[116.563243,38.01987],[116.3709,38.018597],[116.091034,37.910949],[116.120571,37.948996],[116.042467,38.026706],[116.055218,38.131306],[115.900804,38.158536],[115.841538,38.346062],[115.381822,38.327578],[115.393611,38.285588],[115.324734,38.248184],[115.383232,38.0886],[115.468063,38.095161],[115.448585,37.936584],[115.360294,37.880068],[115.344468,37.74814],[115.386179,37.727082],[115.297376,37.629587],[115.227858,37.648921],[115.200563,37.572498],[115.405785,37.535944],[115.431478,37.469602],[115.360038,37.461431],[115.428595,37.387926],[115.698465,37.257153],[115.853904,37.059245]]]]}},{"type":"Feature","properties":{"adcode":"140100","name":"太原市"},"geometry":{"type":"MultiPolygon","coordinates":[[[[113.066848,38.05647],[112.936407,38.178632],[113.150294,38.328206],[113.121351,38.421305],[112.620761,38.20654],[112.524947,38.267826],[112.499606,38.237312],[112.274002,38.31391],[112.234036,38.26159],[112.267753,38.182488],[112.212166,38.143671],[111.951326,38.167919],[111.847658,38.229788],[111.567682,38.095518],[111.516868,38.019672],[111.570242,37.852373],[111.747158,37.870509],[111.912272,37.792953],[111.974975,37.713159],[112.175932,37.674525],[112.290448,37.566894],[112.273741,37.524046],[112.33011,37.458923],[112.432779,37.458861],[112.623755,37.525899],[112.579146,37.633896],[112.619502,37.642961],[112.705639,37.851205],[112.783878,37.870571],[112.765696,37.914878],[112.825753,38.004149],[112.938837,37.990526],[113.066848,38.05647]]]]}},{"type":"Feature","properties":{"adcode":"140200","name":"大同市"},"geometry":{"type":"MultiPolygon","coordinates":[[[[113.577289,39.438122],[113.899574,39.373019],[113.967181,39.281521],[113.952514,39.127468],[113.984365,39.095384],[114.050801,39.135864],[114.108732,39.052281],[114.349133,39.076768],[114.388187,39.176985],[114.474844,39.219228],[114.436354,39.229604],[114.438611,39.319424],[114.556989,39.58141],[114.515374,39.565023],[114.408148,39.651953],[114.395434,39.867217],[114.221468,39.86118],[114.227717,39.8959],[114.067768,39.922301],[114.02125,39.991781],[113.932032,40.009438],[113.979852,40.112306],[114.043815,40.056898],[114.091157,40.075313],[114.068028,40.179748],[114.469941,40.268041],[114.530605,40.345121],[114.314418,40.369569],[114.282957,40.590796],[114.139541,40.739941],[114.064079,40.707128],[114.06191,40.528855],[113.850973,40.460577],[113.794821,40.517964],[113.559888,40.348623],[113.315972,40.32013],[113.247757,40.412983],[112.89297,40.326423],[112.85513,40.218409],[112.750725,40.168026],[112.624319,40.236839],[112.603186,40.202947],[112.581967,40.128444],[112.642631,40.034484],[112.596547,39.92045],[112.621021,39.760388],[112.820806,39.776788],[112.966826,39.868173],[112.939444,39.912566],[113.285943,39.948454],[113.4396,39.852154],[113.344395,39.805807],[113.41057,39.714818],[113.383188,39.649195],[113.577289,39.438122]]]]}},{"type":"Feature","properties":{"adcode":"140300","name":"阳泉市"},"geometry":{"type":"MultiPolygon","coordinates":[[[[113.555548,38.521046],[113.435087,38.520681],[113.145695,38.411664],[113.15663,38.345247],[112.957887,38.21737],[112.94105,38.13675],[113.066848,38.05647],[113.266416,38.071246],[113.335282,37.980767],[113.326082,37.902836],[113.480868,37.70016],[113.979852,37.675203],[114.041167,37.756823],[113.822507,38.150468],[113.54483,38.270516],[113.555548,38.521046]]]]}},{"type":"Feature","properties":{"adcode":"140400","name":"长治市"},"geometry":{"type":"MultiPolygon","coordinates":[[[[111.996412,36.687148],[112.202792,36.417914],[112.443671,36.342681],[112.472224,36.270829],[112.565521,36.27265],[112.570381,36.132021],[112.49813,36.082508],[112.503337,36.032586],[112.629917,36.062304],[112.687674,36.005],[112.873659,35.97608],[112.880472,35.92691],[113.353898,35.881496],[113.389698,35.832899],[113.445198,35.864901],[113.641208,35.822482],[113.658218,35.853919],[113.673796,36.111578],[113.713762,36.132964],[113.651665,36.172199],[113.697923,36.181879],[113.729601,36.381623],[113.55442,36.494701],[113.588137,36.562719],[113.486856,36.635238],[113.465376,36.707752],[113.536195,36.732345],[113.311936,36.976535],[112.897613,36.875004],[112.879604,36.970127],[112.716835,37.095387],[112.446448,37.116875],[112.551027,36.973985],[112.331889,36.934096],[112.215854,37.017147],[112.061372,36.975478],[112.086107,36.9392],[111.98552,36.770592],[111.996412,36.687148]]]]}},{"type":"Feature","properties":{"adcode":"140500","name":"晋城市"},"geometry":{"type":"MultiPolygon","coordinates":[[[[112.058812,35.279909],[112.367298,35.220196],[112.618982,35.220068],[112.65144,35.259246],[112.703079,35.201554],[112.907073,35.245829],[113.0202,35.356029],[113.148906,35.351202],[113.190043,35.44908],[113.304385,35.427001],[113.39178,35.50685],[113.485424,35.520731],[113.547998,35.657577],[113.624848,35.632012],[113.599116,35.775112],[113.526344,35.853351],[113.140704,35.871463],[112.880472,35.92691],[112.873659,35.97608],[112.629917,36.062304],[112.532151,36.038317],[112.532324,35.984902],[112.381878,35.895817],[112.144168,35.910387],[112.209779,35.847986],[112.186737,35.817304],[112.035596,35.855939],[112.053735,35.773027],[111.948375,35.576422],[112.058812,35.279909]]]]}},{"type":"Feature","properties":{"adcode":"140600","name":"朔州市"},"geometry":{"type":"MultiPolygon","coordinates":[[[[112.624319,40.236839],[112.456168,40.300059],[112.310322,40.256394],[111.97619,39.79809],[111.923944,39.665742],[112.002227,39.537163],[111.906023,39.517582],[111.914875,39.463256],[111.987299,39.448405],[112.085412,39.253125],[112.182831,39.266631],[112.274088,39.126985],[112.546167,39.138099],[112.638292,39.08523],[113.088632,39.36128],[113.212174,39.295322],[113.515062,39.346949],[113.577289,39.438122],[113.383188,39.649195],[113.41057,39.714818],[113.339925,39.776548],[113.4396,39.852154],[113.325214,39.932632],[113.23552,39.958303],[113.122783,39.908325],[112.939444,39.912566],[112.966826,39.868173],[112.861596,39.799765],[112.621021,39.760388],[112.596547,39.92045],[112.642631,40.034484],[112.580448,40.154398],[112.622063,40.163742],[112.624319,40.236839]]]]}},{"type":"Feature","properties":{"adcode":"140700","name":"晋中市"},"geometry":{"type":"MultiPolygon","coordinates":[[[[113.543528,36.744327],[113.655744,36.785686],[113.696925,36.882291],[113.792825,36.894748],[113.767353,37.144626],[113.831923,37.167527],[114.014524,37.424609],[114.123268,37.601452],[114.128259,37.698188],[113.670932,37.66306],[113.480868,37.70016],[113.332722,37.889255],[113.341747,37.962106],[113.253832,38.090248],[113.024279,38.0504],[112.938837,37.990526],[112.825753,38.004149],[112.768213,37.939448],[112.783878,37.870571],[112.705639,37.851205],[112.619502,37.642961],[112.579146,37.633896],[112.623755,37.525899],[112.432779,37.458861],[112.358967,37.485004],[112.139611,37.266499],[112.06927,37.317485],[111.942083,37.255406],[111.951239,37.179441],[111.88003,37.057178],[111.647483,36.964528],[111.527152,36.999052],[111.570286,36.928868],[111.414676,36.804019],[111.54234,36.788243],[111.658331,36.656918],[111.759526,36.717303],[111.981832,36.677031],[111.988297,36.810628],[112.02887,36.886963],[112.07656,36.883599],[112.062761,36.962412],[112.215854,37.017147],[112.318957,36.950465],[112.510454,36.951025],[112.53866,36.992024],[112.45222,37.104641],[112.59377,37.079733],[112.651397,37.120973],[112.871056,36.984622],[112.877955,36.894],[113.211089,36.927872],[113.294188,36.977406],[113.543528,36.744327]]]]}},{"type":"Feature","properties":{"adcode":"140800","name":"运城市"},"geometry":{"type":"MultiPolygon","coordinates":[[[[110.57722,35.73688],[110.609332,35.632138],[110.374832,35.251934],[110.32085,35.005144],[110.230982,34.880734],[110.229593,34.692646],[110.295508,34.611036],[110.533176,34.583472],[110.706403,34.603985],[110.749146,34.652235],[110.824304,34.615842],[110.91977,34.730221],[111.11821,34.756584],[111.148499,34.807494],[111.570806,34.843292],[111.681547,34.95225],[111.669614,34.988176],[111.810426,35.063295],[112.062153,35.055773],[112.041498,35.189782],[112.078686,35.219369],[112.032776,35.39019],[111.974064,35.431443],[111.94933,35.393618],[111.851303,35.399331],[111.833989,35.472485],[111.902768,35.52333],[111.722815,35.644859],[111.612638,35.649984],[111.585213,35.55875],[111.296254,35.536194],[111.268135,35.629923],[111.347589,35.670737],[111.336784,35.709633],[111.265184,35.679783],[111.144854,35.811494],[111.002652,35.734099],[110.976356,35.807832],[110.91248,35.690408],[110.68475,35.729105],[110.656153,35.788189],[110.57722,35.73688]]]]}},{"type":"Feature","properties":{"adcode":"140900","name":"忻州市"},"geometry":{"type":"MultiPolygon","coordinates":[[[[111.93028,39.611411],[111.787645,39.589691],[111.501941,39.663104],[111.352449,39.426754],[111.145331,39.409429],[111.119598,39.377233],[111.24748,39.302313],[111.138345,39.064314],[110.9984,38.9985],[111.015714,38.896211],[110.945286,38.729471],[111.025087,38.659334],[111.202437,38.72935],[111.276206,38.594301],[111.432771,38.570256],[111.503633,38.483873],[111.505846,38.518975],[111.749762,38.581884],[111.769029,38.537129],[111.725375,38.514161],[111.842364,38.304072],[111.777274,38.292705],[111.779183,38.248015],[111.951326,38.167919],[112.214726,38.132401],[112.267753,38.182488],[112.220888,38.250583],[112.274002,38.31391],[112.499606,38.237312],[112.524947,38.267826],[112.620761,38.20654],[113.00345,38.343354],[113.085551,38.415753],[113.555548,38.521046],[113.612871,38.646016],[113.702132,38.651672],[113.709987,38.698301],[113.83956,38.758381],[113.855529,38.828967],[113.776205,38.885665],[113.767527,38.959637],[113.961757,39.100823],[113.942186,39.30876],[113.649496,39.434634],[113.560842,39.426815],[113.515062,39.346949],[113.380628,39.30171],[113.054264,39.349659],[112.638292,39.08523],[112.505377,39.140455],[112.294397,39.099071],[112.194374,39.249688],[112.068055,39.282304],[111.987299,39.448405],[111.914875,39.463256],[111.895782,39.497395],[111.987516,39.526112],[111.93028,39.611411]]]]}},{"type":"Feature","properties":{"adcode":"141000","name":"临汾市"},"geometry":{"type":"MultiPolygon","coordinates":[[[[110.410545,36.899481],[110.376047,36.882291],[110.451812,36.726541],[110.402951,36.697263],[110.503408,36.48819],[110.450467,36.132272],[110.57722,35.73688],[110.656153,35.788189],[110.68475,35.729105],[110.898681,35.690851],[110.953834,35.719053],[110.976356,35.807832],[111.002652,35.734099],[111.144854,35.811494],[111.188508,35.730496],[111.265184,35.679783],[111.32203,35.71311],[111.347589,35.670737],[111.266269,35.598017],[111.296254,35.536194],[111.557398,35.567302],[111.604089,35.633151],[111.722815,35.644859],[111.908843,35.541137],[111.814245,35.430364],[111.94933,35.393618],[111.94217,35.626948],[112.027395,35.701096],[112.035596,35.855939],[112.186737,35.817304],[112.209779,35.847986],[112.144168,35.910387],[112.381878,35.895817],[112.516963,35.962719],[112.490536,36.068725],[112.564783,36.114472],[112.574416,36.263295],[112.472224,36.270829],[112.443671,36.342681],[112.212816,36.409642],[112.019367,36.67828],[111.759526,36.717303],[111.672217,36.69539],[111.68567,36.661728],[111.518951,36.789303],[111.211637,36.748944],[111.18508,36.840361],[111.096383,36.836622],[111.042184,36.929117],[110.838928,36.85893],[110.661751,36.933723],[110.574313,36.861485],[110.410545,36.899481]]]]}},{"type":"Feature","properties":{"adcode":"141100","name":"吕梁市"},"geometry":{"type":"MultiPolygon","coordinates":[[[[112.33011,37.458923],[112.290448,37.566894],[112.175932,37.674525],[111.935053,37.740752],[111.912272,37.792953],[111.819843,37.796091],[111.706151,37.878992],[111.570242,37.852373],[111.547113,37.885261],[111.580093,37.902713],[111.515913,38.051258],[111.806434,38.195464],[111.777274,38.292705],[111.842364,38.304072],[111.793546,38.450827],[111.728759,38.500024],[111.749762,38.581884],[111.522422,38.524763],[111.503633,38.483873],[111.44631,38.56362],[111.276206,38.594301],[111.219664,38.711791],[111.025087,38.659334],[110.945286,38.729471],[110.880803,38.626916],[110.907664,38.521107],[110.87425,38.453693],[110.796836,38.453449],[110.507877,38.184937],[110.522501,37.954922],[110.735738,37.770366],[110.794927,37.566154],[110.758346,37.471161],[110.648169,37.438151],[110.629683,37.383659],[110.695034,37.34962],[110.690044,37.287071],[110.425993,37.040833],[110.450337,37.016463],[110.377132,37.010245],[110.424257,36.963719],[110.410545,36.899481],[110.574313,36.861485],[110.648733,36.92339],[110.717816,36.932602],[110.838928,36.85893],[111.080804,36.931109],[111.06783,36.85513],[111.18508,36.840361],[111.211637,36.748944],[111.325241,36.739959],[111.420577,36.844287],[111.584736,36.918783],[111.512312,36.973487],[111.637286,36.943183],[111.88003,37.057178],[111.980443,37.271271],[112.06927,37.317485],[112.12169,37.274493],[112.33011,37.458923]]]]}},{"type":"Feature","properties":{"adcode":"150100","name":"呼和浩特市"},"geometry":{"type":"MultiPolygon","coordinates":[[[[111.033539,40.288195],[111.315634,40.151256],[111.420263,40.021758],[111.443096,39.894299],[111.363613,39.721694],[111.787621,39.589617],[111.92838,39.610265],[111.970578,39.796349],[112.31019,40.256389],[112.235909,40.355077],[112.264523,40.388406],[112.053819,40.558109],[112.098619,40.583511],[112.047171,40.644017],[112.115383,40.658961],[112.093416,40.740748],[112.18764,40.85016],[112.12521,40.961468],[112.04168,40.969423],[112.034454,41.047373],[111.883869,41.129199],[111.840514,41.252263],[111.730971,41.310955],[111.35552,41.313192],[111.23615,41.24038],[110.966195,41.348106],[110.950587,41.318697],[110.762139,41.374236],[110.582073,41.331769],[110.519353,41.285144],[110.601438,41.220571],[110.677742,41.053764],[110.628607,40.989135],[110.645659,40.919944],[110.745086,40.918905],[110.713004,40.810127],[110.783816,40.793829],[110.807806,40.615162],[110.880064,40.586468],[110.843068,40.53531],[111.083542,40.425729],[111.115046,40.331335],[111.033539,40.288195]]]]}},{"type":"Feature","properties":{"adcode":"150200","name":"包头市"},"geometry":{"type":"MultiPolygon","coordinates":[[[[111.425754,41.318869],[111.385001,41.379908],[111.430668,41.416847],[111.437316,41.530454],[111.349161,41.646771],[111.062153,41.798234],[110.795667,42.1738],[110.730057,42.442781],[110.434956,42.692434],[110.339865,42.738543],[109.383172,42.447683],[109.433752,42.427567],[109.539248,42.147314],[109.37479,41.932984],[109.283745,41.88611],[109.4193,41.651563],[109.449071,41.506445],[109.66411,41.49924],[109.626247,41.433849],[109.698794,41.379736],[109.695614,41.322653],[109.61931,41.280325],[109.721916,41.138514],[109.677694,41.104351],[109.691857,41.041327],[109.812961,41.002101],[109.900826,40.882377],[109.780878,40.754803],[109.481731,40.748557],[109.41352,40.704989],[109.435775,40.50902],[109.576822,40.556543],[109.700817,40.482371],[109.903139,40.529391],[110.162688,40.508671],[110.178585,40.550974],[110.642769,40.301472],[110.925442,40.246775],[111.033539,40.288195],[111.115046,40.331335],[111.106664,40.381078],[110.843068,40.53531],[110.880064,40.586468],[110.807806,40.615162],[110.783816,40.793829],[110.713004,40.810127],[110.745086,40.918905],[110.645659,40.919944],[110.654619,41.166625],[110.519353,41.285144],[110.742196,41.385579],[111.23615,41.24038],[111.425754,41.318869]]]]}},{"type":"Feature","properties":{"adcode":"150300","name":"乌海市"},"geometry":{"type":"MultiPolygon","coordinates":[[[[106.749809,39.858442],[106.79432,39.6898],[106.639688,39.57426],[106.620034,39.499541],[106.752988,39.431464],[106.853571,39.116568],[107.035372,39.037089],[107.136533,39.280044],[107.05965,39.222933],[106.942882,39.299189],[106.964848,39.450037],[106.878139,39.805675],[106.966293,39.859496],[106.963403,39.911343],[106.778134,39.812537],[106.749809,39.858442]]]]}},{"type":"Feature","properties":{"adcode":"150400","name":"赤峰市"},"geometry":{"type":"MultiPolygon","coordinates":[[[[120.883141,42.269803],[120.569832,42.540399],[120.396702,42.885562],[120.428495,42.986508],[120.348434,43.058511],[120.768396,43.41127],[120.422137,43.379815],[120.602781,43.425744],[120.762037,43.554856],[120.984591,43.650887],[120.786894,43.8144],[120.774755,43.935423],[120.69267,44.036938],[120.745273,44.113618],[120.645558,44.23518],[120.454508,44.262579],[120.312016,44.418363],[120.286292,44.517742],[120.159407,44.6088],[120.180218,44.635047],[119.925581,44.846865],[119.757943,44.922651],[119.656782,45.102545],[119.492035,45.223989],[119.337692,45.252375],[119.307633,45.191393],[119.361682,45.165722],[119.342316,45.076188],[119.215721,45.153125],[119.159071,45.10012],[119.229883,45.023112],[119.170632,45.015988],[119.1741,44.965774],[119.230172,44.935624],[119.081321,44.937407],[119.067448,44.872355],[119.182193,44.776996],[119.065714,44.710623],[118.928713,44.717296],[119.000971,44.652484],[118.967154,44.542234],[118.782463,44.453524],[118.609912,44.463824],[118.403254,44.307669],[118.246311,44.326187],[118.245154,44.235344],[118.142837,44.207604],[118.063932,44.102764],[117.92433,44.126936],[117.78993,44.019811],[117.699753,44.017176],[117.64397,44.042865],[117.686457,44.09602],[117.522866,44.22681],[117.206377,44.220245],[117.120823,44.179523],[116.961567,44.024917],[117.021975,43.97005],[117.001164,43.78266],[117.054346,43.753383],[116.972261,43.673587],[116.858672,43.657516],[116.804623,43.565312],[116.830925,43.507032],[116.621956,43.505204],[116.60577,43.419921],[116.37021,43.243489],[116.356625,43.157002],[116.67427,42.88959],[116.673981,42.761417],[116.588139,42.599943],[116.885841,42.534661],[116.893645,42.387825],[117.098568,42.484009],[117.413034,42.47117],[117.473441,42.602471],[117.667381,42.582406],[117.779814,42.618654],[117.997744,42.416746],[118.059885,42.29827],[117.96913,42.245562],[118.106419,42.171933],[118.088789,42.11708],[118.155266,42.081221],[118.125206,42.032925],[118.189082,42.030543],[118.226656,42.09023],[118.296891,42.048404],[118.23764,42.022887],[118.313944,41.988167],[118.268855,41.930088],[118.340246,41.872467],[118.292266,41.772787],[118.16596,41.813258],[118.130698,41.742375],[118.230414,41.582214],[118.301515,41.569707],[118.272034,41.471273],[118.32695,41.450847],[118.380132,41.31216],[118.519156,41.353952],[118.741999,41.324029],[118.839691,41.374236],[118.89085,41.300804],[119.197801,41.282907],[119.296361,41.325233],[119.404458,41.510733],[119.361971,41.566451],[119.414863,41.562338],[119.307922,41.657553],[119.29347,41.792257],[119.385093,42.08955],[119.237976,42.200954],[119.50244,42.387994],[119.572096,42.359398],[119.541459,42.292171],[119.642331,42.240644],[119.846676,42.215204],[119.84552,42.097199],[120.050443,41.776033],[120.036858,41.708015],[120.09611,41.69707],[120.127036,41.772616],[120.300455,41.888156],[120.260279,41.904182],[120.28687,41.934858],[120.456531,42.016251],[120.493527,42.072551],[120.466647,42.105356],[120.883141,42.269803]]]]}},{"type":"Feature","properties":{"adcode":"150500","name":"通辽市"},"geometry":{"type":"MultiPolygon","coordinates":[[[[120.883141,42.269803],[121.069277,42.252682],[121.385188,42.473029],[121.607742,42.516094],[121.666127,42.437203],[121.711215,42.443626],[121.869315,42.52791],[121.916139,42.657239],[121.992443,42.70489],[122.19621,42.690918],[122.203724,42.732151],[122.398531,42.686709],[122.46154,42.758054],[122.349974,42.821589],[122.436973,42.842921],[122.625132,42.773187],[122.732362,42.786468],[122.84653,42.720204],[122.887283,42.770161],[123.058389,42.769152],[123.227473,42.83234],[123.171112,42.851653],[123.184118,42.925994],[123.259555,42.993377],[123.471993,43.042778],[123.572576,43.004601],[123.667956,43.18089],[123.703796,43.370659],[123.608705,43.366329],[123.486734,43.445369],[123.419967,43.410105],[123.315916,43.492079],[123.304644,43.550706],[123.452339,43.545726],[123.421123,43.598329],[123.510434,43.592192],[123.537314,43.649727],[123.428349,43.92734],[123.332391,44.028375],[123.38644,44.161944],[123.127179,44.368773],[123.124867,44.509576],[122.760687,44.369755],[122.675423,44.285703],[122.483218,44.236985],[122.163838,44.255361],[121.77856,44.446657],[121.530282,44.720388],[121.409178,44.790977],[121.401663,44.851412],[121.033437,44.998337],[120.97303,45.157163],[120.660298,45.297827],[120.497285,45.46337],[120.165766,45.594942],[119.994949,45.578753],[120.029054,45.526146],[119.998706,45.482322],[119.906794,45.505763],[119.918934,45.558229],[119.565448,45.65581],[119.49637,45.55037],[119.304453,45.468189],[119.313413,45.385565],[119.248092,45.303627],[119.322084,45.246086],[119.492035,45.223989],[119.656782,45.102545],[119.757943,44.922651],[119.925581,44.846865],[120.180218,44.635047],[120.159407,44.6088],[120.286292,44.517742],[120.454508,44.262579],[120.645558,44.23518],[120.745273,44.113618],[120.69267,44.036938],[120.774755,43.935423],[120.786894,43.8144],[120.984591,43.650887],[120.762037,43.554856],[120.602781,43.425744],[120.422137,43.379815],[120.744984,43.429736],[120.348434,43.058511],[120.428495,42.986508],[120.396702,42.885562],[120.569832,42.540399],[120.883141,42.269803]]]]}},{"type":"Feature","properties":{"adcode":"150600","name":"鄂尔多斯市"},"geometry":{"type":"MultiPolygon","coordinates":[[[[106.967161,39.054699],[106.954443,38.941133],[106.702697,38.70827],[106.601825,38.392475],[106.482455,38.319555],[106.555291,38.263827],[106.945194,38.131707],[107.190293,38.154044],[107.440015,37.995016],[107.41169,37.949155],[107.981949,37.78733],[108.013164,37.665591],[108.133979,37.622065],[108.246412,37.665773],[108.777651,37.683538],[108.826787,37.995197],[108.797595,38.047884],[108.882859,38.013786],[108.935751,37.921697],[109.069573,38.022988],[109.068995,38.091159],[108.938931,38.209496],[109.052231,38.428549],[109.276808,38.622965],[109.367564,38.629765],[109.338661,38.701478],[109.450805,38.788832],[109.624513,38.854501],[109.683764,38.93561],[109.665266,38.981738],[109.860073,39.124386],[109.922215,39.106971],[109.89389,39.141264],[109.960945,39.191874],[109.869033,39.24972],[109.902849,39.271888],[110.010947,39.208559],[110.193037,39.280753],[110.132051,39.446854],[110.243328,39.42368],[110.391023,39.311772],[110.430042,39.379257],[110.524266,39.382798],[110.626294,39.266746],[110.702888,39.273838],[110.890758,39.508907],[111.136723,39.58697],[111.148863,39.532229],[111.058396,39.447738],[111.108109,39.356592],[111.172274,39.423326],[111.352341,39.426688],[111.426622,39.503429],[111.442807,39.669176],[111.363613,39.721694],[111.443096,39.894299],[111.420263,40.021758],[111.315634,40.151256],[111.114757,40.256564],[110.642769,40.301472],[110.178585,40.550974],[110.162688,40.508671],[109.903139,40.529391],[109.700817,40.482371],[109.602835,40.552193],[109.435775,40.50902],[109.410051,40.456583],[109.227673,40.485855],[109.223915,40.519119],[108.774472,40.550104],[108.776206,40.612554],[108.604522,40.656181],[108.562034,40.728078],[108.171553,40.86731],[107.758528,40.861767],[107.696386,40.768508],[107.613145,40.778221],[107.38481,40.643669],[107.285673,40.649404],[107.226999,40.559502],[107.164858,40.574291],[107.203299,40.506059],[107.155031,40.451877],[107.171795,40.39015],[106.729288,40.047362],[106.720328,39.915559],[106.778134,39.812537],[106.963403,39.911343],[106.966293,39.859496],[106.878139,39.805675],[106.964848,39.450037],[106.942882,39.299189],[107.052136,39.238368],[107.136533,39.280044],[107.078438,39.047406],[106.967161,39.054699]]]]}},{"type":"Feature","properties":{"adcode":"150700","name":"呼伦贝尔市"},"geometry":{"type":"Polygon","coordinates":[[[122.418186,47.350378],[122.079441,47.182519],[121.760062,47.280968],[121.588088,47.170376],[121.436058,47.183453],[121.255124,47.113356],[121.099048,47.152155],[120.976787,47.096207],[120.626482,47.241953],[120.617522,47.287649],[120.736314,47.379389],[120.578503,47.50734],[120.60307,47.533172],[120.264904,47.658127],[120.013158,47.554817],[119.907661,47.569963],[119.770372,47.438601],[119.483364,47.338118],[119.322084,47.427136],[119.365728,47.477472],[119.152134,47.540594],[119.134214,47.664451],[118.773214,47.771085],[118.568002,47.99213],[118.240241,48.040544],[117.813342,48.016189],[117.384131,47.641154],[117.094811,47.824013],[116.791328,47.897621],[116.452872,47.837544],[116.265869,47.876733],[115.968167,47.689897],[115.580577,47.921725],[115.529418,48.15527],[115.822785,48.259371],[115.799373,48.515059],[116.078288,48.822421],[116.048518,48.873516],[116.717914,49.847283],[117.069087,49.695514],[117.485003,49.6331],[117.809585,49.521268],[117.866524,49.59214],[118.082719,49.616631],[118.220876,49.730022],[118.388514,49.785952],[118.385334,49.826898],[118.469732,49.825715],[118.572916,49.930952],[119.092016,49.985915],[119.290291,50.121651],[119.386827,50.321685],[119.358502,50.358961],[119.195489,50.349316],[119.146064,50.411098],[119.239999,50.459095],[119.26659,50.56091],[119.496659,50.745478],[119.491457,50.878913],[119.764302,51.092594],[119.760255,51.213272],[119.82153,51.21442],[119.797251,51.24712],[119.971248,51.400415],[120.094375,51.682043],[120.172414,51.679912],[120.496996,51.88735],[120.660876,51.929457],[120.785738,52.165542],[120.758569,52.256346],[120.628505,52.322753],[120.73429,52.536842],[120.437166,52.639675],[120.080502,52.585436],[120.031367,52.772762],[120.296986,52.869926],[120.822734,53.270112],[121.499356,53.337178],[121.678844,53.241337],[121.665259,53.170551],[121.753125,53.147342],[121.814978,53.069108],[121.610344,52.892317],[121.591268,52.824693],[121.182289,52.596289],[121.640114,52.444379],[121.715551,52.343047],[121.841279,52.282697],[121.947643,52.298387],[122.16933,52.51357],[122.439863,52.393672],[122.478304,52.296286],[122.760976,52.26686],[122.769358,52.179729],[122.629178,52.136592],[122.625132,52.067513],[122.683805,51.974489],[122.726293,51.978862],[122.706061,51.890177],[122.873988,51.561172],[122.854623,51.477655],[123.014457,51.310017],[123.294239,51.254145],[123.661886,51.31918],[123.711022,51.398272],[123.926061,51.30071],[124.239371,51.344653],[124.406431,51.27206],[124.49025,51.380406],[124.624649,51.328626],[124.864545,51.379691],[124.942583,51.447403],[124.917727,51.474231],[125.072936,51.553482],[125.098949,51.658321],[125.351562,51.623923],[125.75794,51.227331],[125.851875,51.212555],[125.868928,51.140328],[125.990032,51.119199],[125.976158,51.084538],[126.057087,51.045242],[126.044081,50.928022],[125.758518,50.747217],[125.825284,50.70488],[125.787421,50.678037],[125.829331,50.561637],[125.561977,50.438239],[125.574694,50.401318],[125.536542,50.420001],[125.464573,50.229905],[125.33422,50.164953],[125.375841,50.137362],[125.257627,50.100794],[125.337689,50.059639],[125.189994,49.959841],[125.24173,49.866775],[125.177855,49.829409],[125.222943,49.798964],[125.219764,49.669135],[125.127274,49.65505],[125.263986,49.46146],[125.219475,49.189023],[125.117447,49.125961],[124.906454,49.183933],[124.80934,49.115918],[124.808184,49.020481],[124.65413,48.834333],[124.601816,48.632356],[124.518575,48.554188],[124.555571,48.467851],[124.508748,48.448257],[124.52002,48.374521],[124.57956,48.297479],[124.463948,48.097633],[124.416258,48.087995],[124.472619,48.134485],[124.318854,48.347128],[124.31423,48.50383],[124.259025,48.536447],[123.537603,48.021858],[123.289036,47.943209],[123.161863,47.782014],[122.593049,47.547087],[122.505762,47.400477],[122.418186,47.350378]],[[124.342555,50.188129],[124.364232,50.36086],[124.439958,50.385548],[124.43331,50.546649],[124.084161,50.568621],[123.983578,50.510248],[124.005255,50.434592],[123.92028,50.372987],[123.825767,50.449471],[123.780389,50.437072],[123.777788,50.344492],[123.870278,50.273987],[123.862763,50.226389],[123.954097,50.186956],[124.283014,50.230785],[124.286483,50.189595],[124.342555,50.188129]]]}},{"type":"Feature","properties":{"adcode":"150800","name":"巴彦淖尔市"},"geometry":{"type":"MultiPolygon","coordinates":[[[[106.866867,40.16806],[107.171795,40.39015],[107.155031,40.451877],[107.203299,40.506059],[107.164858,40.574291],[107.226999,40.559502],[107.285673,40.649404],[107.38481,40.643669],[107.613145,40.778221],[107.696386,40.768508],[107.758528,40.861767],[108.223579,40.853625],[108.436595,40.794003],[108.658282,40.635327],[108.776206,40.612554],[108.774472,40.550104],[109.079111,40.54906],[109.402826,40.476447],[109.435775,40.50902],[109.41352,40.704989],[109.481731,40.748557],[109.780878,40.754803],[109.900826,40.882377],[109.812961,41.002101],[109.691857,41.041327],[109.677694,41.104351],[109.717581,41.115913],[109.61931,41.280325],[109.695614,41.322653],[109.698794,41.379736],[109.626247,41.433849],[109.66093,41.473504],[109.449071,41.506445],[109.4193,41.651563],[109.277386,41.869909],[109.37479,41.932984],[109.515548,42.139672],[109.433752,42.427567],[109.02564,42.458498],[108.845574,42.395776],[108.23803,42.460357],[107.939172,42.403725],[107.574415,42.413026],[107.466317,42.458836],[107.271799,42.364137],[106.613097,42.241831],[105.233841,41.75109],[105.222858,41.396748],[105.398589,40.983949],[105.704384,40.810127],[106.115386,40.71801],[106.241981,40.668517],[106.299788,40.592033],[106.479565,40.555151],[106.498352,40.483416],[106.281001,40.539661],[106.209321,40.516333],[106.328402,40.346698],[106.813685,40.369911],[106.705587,40.262332],[106.740271,40.196408],[106.866867,40.16806]]]]}},{"type":"Feature","properties":{"adcode":"150900","name":"乌兰察布市"},"geometry":{"type":"MultiPolygon","coordinates":[[[[112.31019,40.256389],[112.45615,40.300074],[112.750673,40.16806],[112.848655,40.207079],[112.892876,40.326446],[113.039704,40.370086],[113.251275,40.413348],[113.316018,40.32016],[113.387698,40.319112],[113.55996,40.348619],[113.794942,40.5179],[113.851014,40.460591],[114.062007,40.528869],[114.06403,40.707073],[114.134554,40.737798],[114.044665,40.8311],[114.041486,40.917348],[113.820377,41.10159],[114.01634,41.232113],[113.899572,41.316288],[113.948707,41.392109],[113.871247,41.413412],[114.032237,41.529597],[114.23109,41.513648],[114.259415,41.623319],[114.203054,41.793453],[114.346703,41.928043],[114.509427,41.972502],[114.466073,42.038028],[114.510872,42.110963],[114.807129,42.149522],[114.757127,42.21741],[114.676487,42.197899],[114.599027,42.280988],[114.405665,42.199596],[114.479079,42.114192],[114.377051,42.109774],[114.291209,42.191451],[114.226755,42.134917],[114.100159,42.125914],[114.065186,42.043982],[114.10594,41.9834],[113.955066,41.950702],[113.916046,42.050105],[113.743206,42.083431],[113.709678,42.129821],[113.372379,42.143748],[113.149536,41.976078],[113.17208,41.950191],[113.086527,41.932814],[112.856169,42.11708],[112.737956,42.144597],[112.637084,42.28048],[112.654715,42.316056],[112.397766,42.387656],[112.028962,42.584598],[111.752649,42.987681],[111.503504,43.178719],[111.379798,43.18256],[111.215629,43.276849],[111.150886,43.380315],[111.069668,43.358003],[110.736415,43.089631],[110.631497,42.936056],[110.339865,42.738543],[110.730057,42.442781],[110.795667,42.1738],[111.062153,41.798234],[111.349161,41.646771],[111.437316,41.530454],[111.430668,41.416847],[111.385001,41.379908],[111.425754,41.318869],[111.730971,41.310955],[111.840514,41.252263],[111.883869,41.129199],[112.034454,41.047373],[112.04168,40.969423],[112.12521,40.961468],[112.181571,40.81082],[112.093416,40.740748],[112.130412,40.697696],[112.047171,40.644017],[112.098619,40.583511],[112.056131,40.581597],[112.225214,40.448565],[112.31019,40.256389]]]]}},{"type":"Feature","properties":{"adcode":"152200","name":"兴安盟"},"geometry":{"type":"MultiPolygon","coordinates":[[[[122.271358,44.25569],[122.286098,44.477717],[122.131756,44.577485],[122.103142,44.673987],[122.161526,44.728199],[122.102853,44.736335],[122.169041,44.770167],[122.114992,44.776671],[122.049671,44.912758],[122.109789,45.141978],[122.230026,45.206887],[122.238986,45.276234],[122.147363,45.295571],[122.179735,45.409368],[122.023369,45.49019],[121.970187,45.692779],[121.714106,45.701738],[121.644449,45.752422],[121.81729,45.875664],[121.761796,45.998951],[121.845037,46.023448],[122.040133,45.959001],[122.09158,45.882042],[122.262687,45.794917],[122.373097,45.856047],[122.362114,45.917428],[122.445933,45.91695],[122.505762,45.786293],[122.554897,45.82142],[122.671377,45.700618],[122.7419,45.705097],[122.792481,45.766165],[122.752305,45.834827],[122.82861,45.912328],[122.793059,46.073205],[123.112438,46.13006],[123.178626,46.248029],[123.011566,46.434928],[123.007231,46.576966],[123.077755,46.622132],[123.22834,46.5883],[123.277475,46.661601],[123.604658,46.690046],[123.629226,46.81355],[123.580091,46.827969],[123.625758,46.84771],[123.576911,46.890615],[123.562749,46.825931],[123.483843,46.844734],[123.527776,46.958035],[123.427482,46.934425],[123.301754,46.999759],[123.404649,46.935519],[123.374589,46.837684],[123.230941,46.859928],[123.171112,46.743907],[123.026596,46.718789],[122.907226,46.807906],[122.895376,46.960224],[122.797394,46.938178],[122.77485,46.973979],[122.845952,47.046756],[122.610969,47.129876],[122.420787,47.330201],[122.079441,47.182519],[121.760062,47.280968],[121.588088,47.170376],[121.436058,47.183453],[121.255124,47.113356],[121.099048,47.152155],[120.976787,47.096207],[120.626482,47.241953],[120.617522,47.287649],[120.736314,47.379389],[120.578503,47.50734],[120.60307,47.533172],[120.264904,47.658127],[120.013158,47.554817],[119.907661,47.569963],[119.770372,47.438601],[119.483364,47.338118],[119.561113,47.301164],[119.565159,47.249727],[119.716034,47.195594],[119.859682,46.917062],[119.928761,46.903762],[119.911708,46.669775],[119.952172,46.604196],[119.907372,46.537277],[119.948993,46.493617],[119.909685,46.428929],[119.984544,46.418825],[119.837716,46.375544],[119.874134,46.34567],[119.835693,46.235357],[119.889163,46.210161],[119.807946,45.820941],[119.681639,45.669576],[119.565448,45.65581],[119.918934,45.558229],[119.906794,45.505763],[119.998706,45.482322],[120.02732,45.595102],[120.165766,45.594942],[120.497285,45.46337],[120.559426,45.416925],[120.554513,45.357568],[120.967827,45.18429],[120.947017,45.121296],[121.033437,44.998337],[121.401663,44.851412],[121.829429,44.411491],[122.019034,44.3039],[122.271358,44.25569]]]]}},{"type":"Feature","properties":{"adcode":"152500","name":"锡林郭勒盟"},"geometry":{"type":"MultiPolygon","coordinates":[[[[114.807129,42.149522],[114.901932,42.01557],[114.939217,41.846197],[114.867248,41.803015],[114.902799,41.689374],[114.8606,41.601057],[115.087779,41.622805],[115.204258,41.57142],[115.264377,41.613045],[115.377677,41.602428],[115.319003,41.691427],[115.347039,41.712289],[115.837236,41.937755],[115.916431,41.945081],[116.016725,41.777058],[116.098809,41.776545],[116.123088,41.861721],[116.19419,41.861892],[116.327144,42.005699],[116.414431,41.986975],[116.386684,41.952406],[116.427438,41.938948],[116.482643,41.975908],[116.640743,41.930428],[116.879482,42.018463],[116.890755,42.09261],[116.789305,42.200275],[116.903472,42.190772],[116.918502,42.229961],[116.885841,42.534661],[116.588139,42.599943],[116.673981,42.761417],[116.67427,42.88959],[116.356625,43.157002],[116.37021,43.243489],[116.60577,43.419921],[116.621956,43.505204],[116.830925,43.507032],[116.813583,43.612924],[117.054346,43.753383],[117.001164,43.78266],[117.031802,43.942845],[116.961567,44.024917],[117.120823,44.179523],[117.206377,44.220245],[117.522866,44.22681],[117.686457,44.09602],[117.64397,44.042865],[117.78993,44.019811],[117.92433,44.126936],[118.113934,44.130882],[118.142837,44.207604],[118.245154,44.235344],[118.226945,44.308325],[118.403254,44.307669],[118.609912,44.463824],[118.782463,44.453524],[118.967154,44.542234],[119.000971,44.652484],[118.928713,44.717296],[119.065714,44.710623],[119.173522,44.760572],[119.078142,44.857095],[119.081321,44.937407],[119.224392,44.909838],[119.15329,44.99364],[119.229883,45.023112],[119.157048,45.07457],[119.215721,45.153125],[119.293759,45.087023],[119.370063,45.100605],[119.307633,45.191393],[119.337692,45.252375],[119.248092,45.303627],[119.313413,45.385565],[119.304453,45.468189],[119.49637,45.55037],[119.565448,45.65581],[119.681639,45.669576],[119.807946,45.820941],[119.889163,46.210161],[119.835693,46.235357],[119.874134,46.34567],[119.837716,46.375544],[119.984544,46.418825],[119.909685,46.428929],[119.952172,46.604196],[119.910263,46.653112],[119.813437,46.66836],[119.677593,46.58468],[119.558223,46.633771],[119.37411,46.603251],[119.123231,46.642892],[119.011376,46.745634],[118.912527,46.733391],[118.91455,46.774975],[118.845183,46.771838],[118.787955,46.687061],[118.316545,46.739513],[117.914503,46.607972],[117.813342,46.530817],[117.703799,46.516791],[117.595991,46.603566],[117.419971,46.582003],[117.447718,46.528138],[117.371991,46.360214],[116.82659,46.380442],[116.585249,46.292361],[116.27165,45.966802],[116.243036,45.876142],[116.286969,45.775112],[116.174246,45.688619],[116.035512,45.685099],[115.699657,45.459514],[115.36467,45.392321],[114.974189,45.377039],[114.744988,45.438304],[114.551048,45.387657],[114.459714,45.213341],[114.116923,44.95686],[113.907376,44.915191],[113.631062,44.745446],[112.850678,44.840694],[112.599799,44.930597],[112.438808,45.071497],[112.002661,45.090743],[111.764499,44.969339],[111.415927,44.357147],[111.663049,44.061137],[111.870284,43.940206],[111.970578,43.74842],[111.950924,43.693132],[111.794269,43.671931],[111.564489,43.490251],[111.456681,43.494405],[111.150886,43.380315],[111.215629,43.276849],[111.379798,43.18256],[111.503504,43.178719],[111.752649,42.987681],[112.026361,42.602809],[112.397766,42.387656],[112.654715,42.316056],[112.637084,42.28048],[112.737956,42.144597],[112.856169,42.11708],[113.086527,41.932814],[113.17208,41.950191],[113.149536,41.976078],[113.372379,42.143748],[113.709678,42.129821],[113.743206,42.083431],[113.916046,42.050105],[113.955066,41.950702],[114.062296,41.966202],[114.10594,41.9834],[114.065186,42.043982],[114.100159,42.125914],[114.226755,42.134917],[114.291209,42.191451],[114.447864,42.098898],[114.465495,42.170914],[114.405665,42.199596],[114.575326,42.297762],[114.809153,42.200275],[114.807129,42.149522]]]]}},{"type":"Feature","properties":{"adcode":"152900","name":"阿拉善盟"},"geometry":{"type":"MultiPolygon","coordinates":[[[[105.233841,41.75109],[105.009553,41.583242],[104.923133,41.65413],[104.52427,41.661831],[104.53005,41.874855],[103.868747,41.802503],[103.418437,41.882358],[102.712045,42.152748],[102.449026,42.144088],[102.070395,42.232166],[101.80362,42.503768],[100.862824,42.671218],[100.325515,42.690077],[100.272622,42.636349],[99.969139,42.647806],[99.507557,42.56807],[98.195355,42.653365],[97.172763,42.795208],[97.847073,41.656526],[97.614114,41.477279],[97.629432,41.440546],[97.971934,41.097965],[98.333223,40.919079],[98.344206,40.568375],[98.628035,40.677897],[98.56994,40.746821],[98.668499,40.772845],[98.715611,40.661741],[98.800298,40.610293],[98.791049,40.705337],[98.984988,40.782904],[99.102046,40.676334],[99.173148,40.747342],[99.174882,40.858302],[99.565941,40.846695],[99.673171,40.932923],[100.108163,40.875623],[100.23736,40.716795],[100.242563,40.618639],[100.169727,40.541402],[100.169727,40.277536],[100.0018,40.196933],[99.875493,40.027196],[99.459577,39.898165],[99.822022,39.860024],[99.904396,39.78579],[100.250078,39.685041],[100.326382,39.509084],[100.500668,39.481335],[100.499222,39.400499],[100.842013,39.405808],[100.835077,39.026058],[100.969476,38.996693],[100.969187,38.947011],[101.228737,39.02072],[101.198678,38.94327],[101.242032,38.861278],[101.335389,38.84683],[101.331343,38.777227],[101.557654,38.715062],[101.601876,38.655168],[101.679047,38.690931],[101.777029,38.660533],[102.07502,38.891591],[101.8305,39.093462],[102.453651,39.255219],[102.583426,39.18069],[103.013215,39.101106],[103.346468,39.332503],[103.848804,39.461179],[104.090145,39.419788],[104.047657,39.297771],[104.177432,39.1521],[104.196219,38.988148],[104.044478,38.894978],[103.859787,38.644435],[103.416413,38.40504],[103.534916,38.156746],[103.368723,38.088996],[103.368145,37.98563],[103.401962,37.861868],[103.683189,37.777916],[104.183502,37.406779],[104.407501,37.464613],[104.41964,37.511865],[105.028051,37.581054],[105.31477,37.702025],[105.598887,37.699307],[105.62201,37.777735],[105.760745,37.799818],[105.839939,38.007831],[105.76797,38.121618],[105.865952,38.297269],[105.82173,38.368236],[105.852946,38.641573],[105.898613,38.789546],[106.002953,38.875901],[105.973183,38.911376],[106.060759,38.968562],[106.146023,39.153165],[106.250941,39.131493],[106.295452,39.167906],[106.279845,39.262135],[106.506445,39.270115],[106.602692,39.375362],[106.751254,39.381558],[106.752988,39.431464],[106.611363,39.541238],[106.79432,39.6898],[106.720328,39.915559],[106.729288,40.047362],[106.866867,40.16806],[106.740271,40.196408],[106.705587,40.262332],[106.820044,40.355251],[106.60327,40.386836],[106.468004,40.325573],[106.328402,40.346698],[106.209321,40.516333],[106.48101,40.493868],[106.479565,40.555151],[106.247184,40.626288],[106.18273,40.704642],[105.704384,40.810127],[105.398589,40.983949],[105.222858,41.396748],[105.233841,41.75109]]]]}},{"type":"Feature","properties":{"adcode":"210100","name":"沈阳市"},"geometry":{"type":"MultiPolygon","coordinates":[[[[123.561912,43.005383],[123.448483,43.038136],[123.259411,42.993287],[123.170015,42.859752],[123.227598,42.832155],[123.058461,42.76911],[122.887311,42.770133],[122.850844,42.714428],[122.750959,42.697944],[122.969899,42.571376],[122.908357,42.500685],[122.834382,42.497975],[122.832159,42.403342],[122.903217,42.353256],[122.423522,42.140672],[122.515766,41.926523],[122.443388,41.901202],[122.596479,41.772268],[122.487356,41.566316],[122.625027,41.520976],[122.642601,41.357612],[122.552371,41.249602],[122.622527,41.199845],[122.765616,41.368313],[122.914609,41.417799],[123.109098,41.606318],[123.134451,41.536156],[123.201898,41.564562],[123.458068,41.466535],[123.74758,41.527238],[123.725561,41.556549],[123.811553,41.708815],[123.786687,41.785452],[123.669715,41.785215],[123.813151,42.050112],[123.449594,42.204729],[123.52864,42.339674],[123.465848,42.381674],[123.479045,42.464935],[123.624149,42.543744],[123.736814,42.542671],[123.578999,42.676937],[123.603519,42.866347],[123.561912,43.005383]]]]}},{"type":"Feature","properties":{"adcode":"210200","name":"大连市"},"geometry":{"type":"MultiPolygon","coordinates":[[[[123.518846,39.770327],[123.490506,39.898058],[123.384996,39.954864],[123.39215,40.01371],[123.03165,40.062127],[122.890784,40.187378],[122.708936,40.067462],[122.539452,40.062127],[122.519308,40.005605],[122.561193,39.944565],[122.497081,39.935918],[122.008356,40.051457],[121.970778,40.116423],[121.929518,40.106488],[121.76448,39.933488],[121.537969,39.872822],[121.475176,39.791754],[121.502752,39.703326],[121.45024,39.625084],[121.226577,39.555059],[121.301664,39.476306],[121.245887,39.456837],[121.273671,39.375132],[121.421414,39.366217],[121.484692,39.282836],[121.715857,39.366657],[121.718636,39.332602],[121.669527,39.312504],[121.68592,39.282346],[121.589231,39.267434],[121.604234,39.1663],[121.68335,39.12207],[121.656746,39.095568],[121.606665,39.073041],[121.642854,39.110664],[121.590689,39.155],[121.562419,39.127281],[121.599233,39.098666],[121.507823,39.034117],[121.342437,39.040024],[121.340909,38.980593],[121.092587,38.928557],[121.133638,38.725222],[121.359455,38.822346],[121.694811,38.864198],[121.723428,38.904004],[121.621391,38.938859],[121.756908,39.025651],[121.833176,38.950441],[121.920905,38.969805],[121.855612,39.026094],[122.061841,39.060298],[122.048435,39.101273],[122.170408,39.150479],[122.11734,39.214038],[122.649408,39.516696],[122.860915,39.604777],[122.972747,39.595012],[123.02651,39.659679],[123.284,39.69494],[123.244269,39.744314],[123.447927,39.732327],[123.518846,39.770327]]],[[[122.567028,39.273909],[122.688584,39.268954],[122.524518,39.298432],[122.567028,39.273909]]],[[[122.383999,39.198374],[122.408588,39.218309],[122.316483,39.185016],[122.363647,39.155147],[122.383999,39.198374]]],[[[122.640517,39.225918],[122.705463,39.232054],[122.691987,39.210994],[122.741443,39.247857],[122.640517,39.225918]]],[[[122.762559,39.019349],[122.72387,39.050063],[122.720397,39.020482],[122.762559,39.019349]]],[[[122.42512,39.174308],[122.411992,39.181922],[122.402684,39.179122],[122.42512,39.174308]]],[[[121.826369,38.873868],[121.84165,38.873227],[121.829564,38.896213],[121.826369,38.873868]]],[[[122.418035,39.225574],[122.4495,39.227341],[122.434983,39.237011],[122.418035,39.225574]]],[[[122.423453,39.270524],[122.44561,39.254824],[122.456307,39.259142],[122.423453,39.270524]]],[[[123.022689,39.546411],[122.944338,39.520606],[123.023731,39.516158],[123.022689,39.546411]]],[[[122.308148,39.20024],[122.312802,39.205936],[122.30016,39.201861],[122.308148,39.20024]]],[[[122.296062,39.277097],[122.284253,39.280433],[122.294881,39.266894],[122.296062,39.277097]]],[[[123.06506,39.486479],[123.068533,39.508678],[123.058045,39.509607],[123.06506,39.486479]]],[[[122.597104,39.206182],[122.612177,39.215412],[122.599605,39.224789],[122.597104,39.206182]]],[[[122.51264,39.222973],[122.537021,39.224445],[122.501387,39.241182],[122.51264,39.222973]]],[[[122.825629,39.058675],[122.815419,39.04524],[122.840425,39.047406],[122.825629,39.058675]]],[[[122.809167,39.081649],[122.805764,39.072942],[122.817364,39.068515],[122.809167,39.081649]]],[[[121.831995,38.91781],[121.83658,38.912584],[121.841234,38.918106],[121.831995,38.91781]]],[[[122.872585,39.055279],[122.877864,39.066793],[122.850566,39.071319],[122.872585,39.055279]]],[[[121.476635,39.186784],[121.462048,39.205986],[121.445239,39.204218],[121.476635,39.186784]]],[[[123.086524,39.426937],[123.10368,39.44157],[123.053808,39.457668],[123.086524,39.426937]]],[[[121.493097,39.193807],[121.50303,39.202597],[121.487401,39.204071],[121.493097,39.193807]]],[[[122.778118,39.23171],[122.781661,39.218947],[122.809167,39.230679],[122.778118,39.23171]]],[[[122.78173,39.079682],[122.789996,39.070138],[122.799512,39.072303],[122.78173,39.079682]]],[[[123.16043,39.025503],[123.205648,39.056952],[123.145635,39.091781],[123.16043,39.025503]]],[[[123.004629,39.248887],[123.012687,39.262577],[122.988098,39.257965],[123.004629,39.248887]]],[[[121.163437,39.084699],[121.178371,39.088535],[121.170105,39.096896],[121.163437,39.084699]]],[[[122.343364,39.346226],[122.32329,39.343727],[122.331765,39.325446],[122.343364,39.346226]]],[[[120.976449,38.960444],[120.987076,38.946597],[120.986173,38.958424],[120.976449,38.960444]]]]}},{"type":"Feature","properties":{"adcode":"210300","name":"鞍山市"},"geometry":{"type":"MultiPolygon","coordinates":[[[[123.533711,40.826996],[123.136188,40.714461],[123.047973,40.871765],[123.083884,40.961595],[123.192451,40.987621],[123.235517,41.048962],[123.145287,41.101841],[123.129381,41.174094],[122.909607,41.194219],[122.831047,41.091575],[122.598077,41.178911],[122.596201,41.245076],[122.560012,41.244123],[122.658993,41.354806],[122.636905,41.501663],[122.497706,41.57044],[122.193746,41.459602],[122.280294,41.353997],[122.231047,41.2304],[122.266194,41.194791],[122.488745,41.250984],[122.384624,41.195602],[122.41088,40.993074],[122.359966,41.001874],[122.343364,40.927277],[122.488607,40.935751],[122.487634,40.8606],[122.542022,40.818701],[122.515974,40.766554],[122.639614,40.748698],[122.651283,40.584702],[122.797637,40.578879],[122.999212,40.477012],[122.891339,40.319548],[122.890784,40.187378],[123.068672,40.042289],[123.136327,40.079196],[123.380272,40.004779],[123.47717,40.031276],[123.458138,40.058102],[123.59046,40.130281],[123.560523,40.187136],[123.596156,40.243024],[123.711322,40.300172],[123.769252,40.443504],[123.748761,40.610732],[123.582889,40.686454],[123.533711,40.826996]]]]}},{"type":"Feature","properties":{"adcode":"210400","name":"抚顺市"},"geometry":{"type":"MultiPolygon","coordinates":[[[[123.74758,41.527238],[123.791966,41.506599],[123.921926,41.568449],[124.115513,41.505934],[124.282983,41.542986],[124.371198,41.473705],[124.36057,41.383814],[124.438783,41.304177],[124.500394,41.331876],[124.654041,41.239788],[124.763233,41.2748],[124.872564,41.327403],[124.864437,41.443407],[124.957028,41.520074],[125.057399,41.47399],[125.451588,41.550574],[125.450616,41.6738],[125.34448,41.672806],[125.294676,41.823287],[125.307596,41.924496],[125.351704,41.928268],[125.298288,41.974122],[125.477705,42.126433],[125.353579,42.177968],[125.30579,42.146545],[125.299261,42.28949],[125.173815,42.310721],[125.186457,42.427528],[125.107966,42.478864],[124.990717,42.37292],[124.821719,42.418266],[124.775597,42.400347],[124.774625,42.336957],[124.647859,42.316344],[124.59361,42.351008],[124.516023,42.236733],[124.520121,42.087884],[124.294721,42.006054],[124.25374,42.067284],[124.095231,42.073446],[124.024381,42.011657],[123.880667,42.033123],[123.727089,41.957961],[123.739801,41.86379],[123.669506,41.803687],[123.780157,41.796838],[123.808567,41.697272],[123.721741,41.568307],[123.74758,41.527238]]]]}},{"type":"Feature","properties":{"adcode":"210500","name":"本溪市"},"geometry":{"type":"MultiPolygon","coordinates":[[[[123.591502,41.494022],[123.644362,41.458178],[123.664019,41.283705],[123.59692,41.23426],[123.671104,41.071657],[123.646515,40.930724],[123.582264,40.857485],[123.695346,40.815344],[123.824543,40.862613],[124.11593,40.853794],[124.147951,40.957336],[124.093564,41.03601],[124.184696,41.027119],[124.256588,41.098499],[124.510466,41.049439],[124.736005,41.154822],[124.997385,41.098451],[125.217784,41.113205],[125.307179,41.079061],[125.35469,40.998478],[125.432556,41.011342],[125.495973,40.953364],[125.502364,40.987908],[125.520979,40.91229],[125.585925,40.918898],[125.791111,41.166319],[125.738252,41.178625],[125.758048,41.23183],[125.647745,41.264179],[125.637187,41.344436],[125.548277,41.402164],[125.477219,41.548297],[125.381641,41.562381],[125.22216,41.480019],[124.920423,41.500335],[124.853602,41.419937],[124.87187,41.347956],[124.654041,41.239788],[124.500394,41.331876],[124.438783,41.304177],[124.36057,41.383814],[124.384465,41.461739],[124.300348,41.537958],[124.115513,41.505934],[123.887891,41.566885],[123.807247,41.507406],[123.783769,41.541563],[123.591502,41.494022]]]]}},{"type":"Feature","properties":{"adcode":"210600","name":"丹东市"},"geometry":{"type":"MultiPolygon","coordinates":[[[[123.518846,39.770327],[123.612549,39.774954],[123.658462,39.831375],[124.103288,39.823395],[124.144756,39.745435],[124.227067,39.915362],[124.350429,39.989148],[124.350776,40.083851],[124.45719,40.177357],[124.727461,40.325684],[124.906947,40.484724],[125.024891,40.464575],[125.047744,40.550478],[125.305373,40.661175],[125.407272,40.631895],[125.585439,40.788434],[125.679002,40.768329],[125.640729,40.798317],[125.699423,40.85897],[125.6831,40.901132],[125.547999,40.912242],[125.502364,40.987908],[125.46555,40.962361],[125.457006,41.025446],[125.35469,40.998478],[125.230912,41.113491],[125.103521,41.089999],[124.736005,41.154822],[124.518037,41.062341],[124.31167,41.056607],[124.256588,41.098499],[124.184696,41.027119],[124.093564,41.03601],[124.147951,40.957336],[124.143506,40.863044],[124.10308,40.846461],[123.824543,40.862613],[123.695346,40.815344],[123.544477,40.861079],[123.558925,40.713021],[123.731118,40.648964],[123.769252,40.443504],[123.576915,40.205383],[123.59046,40.130281],[123.377077,39.971523],[123.490506,39.898058],[123.518846,39.770327]]],[[[123.825654,39.786252],[123.825446,39.796136],[123.808636,39.791462],[123.825654,39.786252]]],[[[123.716531,39.74524],[123.752373,39.749332],[123.730632,39.765944],[123.716531,39.74524]]],[[[124.811717,40.404286],[124.828943,40.415769],[124.796505,40.400184],[124.811717,40.404286]]]]}},{"type":"Feature","properties":{"adcode":"210700","name":"锦州市"},"geometry":{"type":"MultiPolygon","coordinates":[[[[121.555125,40.849624],[121.662164,40.969873],[121.6473,41.062484],[121.747531,41.085843],[121.585132,41.108049],[121.620418,41.206758],[121.58027,41.249698],[121.729333,41.328688],[122.040725,41.371547],[122.283837,41.515899],[122.487356,41.566316],[122.579878,41.754969],[122.459225,41.843022],[122.443874,41.890636],[122.523129,41.900117],[122.438456,42.117315],[122.153251,42.032511],[121.848944,41.845288],[121.835121,41.786869],[121.538802,41.783231],[121.477607,41.711937],[121.263669,41.794523],[121.218102,41.689606],[120.997218,41.596035],[120.876009,41.435189],[120.77029,41.376587],[120.738407,41.240264],[120.805923,41.147379],[120.907683,41.145661],[120.944706,41.051877],[121.034726,41.050491],[121.030003,40.790545],[121.126206,40.86913],[121.555125,40.849624]]]]}},{"type":"Feature","properties":{"adcode":"210800","name":"营口市"},"geometry":{"type":"MultiPolygon","coordinates":[[[[121.953274,40.128876],[121.993422,40.052379],[122.242577,40.022202],[122.280919,39.967395],[122.417757,39.972154],[122.512084,39.920611],[122.551538,39.939173],[122.529866,40.047431],[122.851122,40.124612],[122.891339,40.319548],[122.9865,40.463563],[122.936002,40.528856],[122.625861,40.608423],[122.639614,40.748698],[122.515974,40.766554],[122.503124,40.915355],[122.438595,40.940059],[122.277307,40.864578],[122.182424,40.877515],[122.187078,40.84114],[122.100877,40.804313],[122.265777,40.710235],[122.172491,40.709898],[122.134496,40.627134],[122.278697,40.482844],[122.222086,40.481109],[122.24987,40.452763],[122.105948,40.357174],[122.110741,40.31578],[122.03996,40.322206],[122.039822,40.260241],[121.940284,40.242202],[122.004258,40.171934],[121.953274,40.128876]]]]}},{"type":"Feature","properties":{"adcode":"210900","name":"阜新市"},"geometry":{"type":"MultiPolygon","coordinates":[[[[122.83973,42.718292],[122.562791,42.826206],[122.35934,42.836105],[122.361702,42.788179],[122.437831,42.770087],[122.360591,42.683412],[122.225212,42.72844],[122.203679,42.68318],[122.061076,42.723413],[121.962165,42.699248],[121.869435,42.527962],[121.713218,42.445673],[121.605276,42.493957],[121.41544,42.48606],[121.03167,42.253573],[121.08453,42.111205],[121.039311,41.987735],[121.192055,41.966113],[121.292564,41.889881],[121.263669,41.794523],[121.475385,41.695001],[121.538524,41.773922],[121.822479,41.782758],[121.848944,41.845288],[122.154362,42.017966],[122.900994,42.349182],[122.818544,42.481434],[122.974414,42.564329],[122.769505,42.677962],[122.83973,42.718292]]]]}},{"type":"Feature","properties":{"adcode":"211000","name":"辽阳市"},"geometry":{"type":"MultiPolygon","coordinates":[[[[122.622527,41.199845],[122.598077,41.178911],[122.824518,41.081831],[122.909607,41.194219],[123.129381,41.174094],[123.145287,41.101841],[123.235517,41.048962],[123.087913,40.975519],[123.050265,40.845502],[123.105834,40.824455],[123.100971,40.741305],[123.1771,40.712684],[123.582264,40.857485],[123.68972,41.059665],[123.598934,41.206663],[123.670201,41.260702],[123.652836,41.438609],[123.58018,41.498436],[123.477726,41.463829],[123.201898,41.564562],[123.134451,41.536156],[123.123546,41.589637],[122.717827,41.322787],[122.622527,41.199845]]]]}},{"type":"Feature","properties":{"adcode":"211100","name":"盘锦市"},"geometry":{"type":"MultiPolygon","coordinates":[[[[121.555125,40.849624],[121.552903,40.817742],[121.682655,40.829634],[121.816089,40.894809],[121.934241,40.798221],[121.951259,40.680784],[122.245286,40.683283],[122.272723,40.695583],[122.096501,40.796926],[122.183397,40.83299],[122.176589,40.868507],[122.335238,40.905777],[122.328361,40.971117],[122.424008,41.012776],[122.384624,41.195602],[122.488745,41.250984],[122.226948,41.201943],[122.280294,41.353997],[122.193746,41.459602],[121.884716,41.322549],[121.845749,41.352713],[121.717108,41.316457],[121.58027,41.249698],[121.620418,41.206758],[121.585132,41.108049],[121.7426,41.107237],[121.672583,41.090237],[121.647786,40.937761],[121.555125,40.849624]]]]}},{"type":"Feature","properties":{"adcode":"211200","name":"铁岭市"},"geometry":{"type":"MultiPolygon","coordinates":[[[[123.790021,41.989242],[124.140797,42.068083],[124.35154,42.012222],[124.550128,42.11896],[124.516023,42.236733],[124.569508,42.341641],[124.725586,42.324497],[124.797061,42.359718],[124.800395,42.415881],[124.990717,42.37292],[125.107966,42.478864],[125.067262,42.534406],[125.089837,42.606505],[124.99037,42.677263],[124.987591,42.780552],[124.858811,42.820304],[124.844433,43.035172],[124.895,43.131158],[124.686201,43.050408],[124.65939,42.972937],[124.472749,42.828019],[124.371753,42.880975],[124.442186,42.941402],[124.422112,42.97609],[124.333411,42.99732],[124.425933,43.076288],[124.292499,43.154322],[124.268326,43.230641],[124.032994,43.280898],[123.853021,43.405647],[123.849271,43.470109],[123.74626,43.471213],[123.667978,43.180943],[123.546839,42.977341],[123.603519,42.930268],[123.559342,42.729464],[123.742093,42.559196],[123.624149,42.543744],[123.454456,42.441184],[123.52864,42.339674],[123.449594,42.204729],[123.813151,42.050112],[123.763695,42.017825],[123.790021,41.989242]]]]}},{"type":"Feature","properties":{"adcode":"211300","name":"朝阳市"},"geometry":{"type":"MultiPolygon","coordinates":[[[[121.027503,42.243394],[120.890109,42.271816],[120.480917,42.115764],[120.451744,42.022862],[120.183487,41.842314],[120.096175,41.697083],[120.035258,41.708863],[120.041787,41.818754],[119.842227,42.103542],[119.846742,42.215242],[119.64225,42.240627],[119.541393,42.292162],[119.572164,42.359343],[119.502356,42.388039],[119.305713,42.268768],[119.247922,42.205761],[119.385037,42.08953],[119.324606,41.96894],[119.304115,41.694244],[119.416711,41.589353],[119.362115,41.566505],[119.403444,41.475129],[119.30988,41.405966],[119.331066,41.340963],[119.252089,41.325642],[119.08066,41.095968],[118.937085,41.052832],[119.013562,41.007612],[119.000572,40.96705],[118.917011,40.968629],[118.849079,40.800955],[119.054543,40.664732],[119.185824,40.675738],[119.157623,40.605152],[119.235905,40.597117],[119.531321,40.816399],[119.608561,40.840277],[119.691358,40.798941],[119.715183,40.861223],[119.781171,40.846605],[119.818957,40.929719],[119.967395,40.927995],[120.02977,41.003021],[119.993651,41.067118],[120.056721,41.091575],[120.170497,41.02731],[120.179875,40.922202],[120.320532,41.000439],[120.418958,40.956427],[120.477027,41.077628],[120.746604,41.198129],[120.756606,41.337062],[120.812036,41.425972],[120.883719,41.421173],[120.877537,41.476554],[120.976032,41.5994],[121.224493,41.678059],[121.292564,41.889881],[121.163159,41.977514],[121.041534,41.980152],[121.074597,42.101896],[121.027503,42.243394]]]]}},{"type":"Feature","properties":{"adcode":"211400","name":"葫芦岛市"},"geometry":{"type":"MultiPolygon","coordinates":[[[[121.030003,40.790545],[121.032295,41.033668],[120.964293,41.050108],[120.938315,41.123803],[120.746604,41.198129],[120.456675,41.058662],[120.418958,40.956427],[120.339495,40.996804],[120.196823,40.923543],[120.178624,41.027501],[120.146186,41.006991],[120.0852,41.093007],[119.999485,41.075574],[120.023519,41.008234],[119.967395,40.927995],[119.834864,40.928426],[119.691358,40.798941],[119.528126,40.834812],[119.419489,40.696112],[119.232918,40.58937],[119.30217,40.530301],[119.572997,40.538536],[119.598142,40.334186],[119.651905,40.272426],[119.625162,40.224158],[119.745954,40.207948],[119.770891,40.048789],[119.913979,39.988469],[119.955864,40.046704],[120.465149,40.178761],[120.616435,40.444854],[120.799324,40.575847],[120.858505,40.68458],[121.042506,40.726372],[120.971795,40.805704],[121.030003,40.790545]]],[[[120.786544,40.47359],[120.831832,40.512575],[120.806618,40.526833],[120.786544,40.47359]]],[[[120.614837,40.396661],[120.620672,40.396323],[120.621366,40.406216],[120.614837,40.396661]]]]}},{"type":"Feature","properties":{"adcode":"220100","name":"长春市"},"geometry":{"type":"MultiPolygon","coordinates":[[[[125.69798,43.262741],[126.018892,43.353074],[125.873049,43.484886],[125.893663,43.624843],[125.810532,43.831838],[126.042215,43.882066],[126.007085,44.02742],[126.106765,44.126049],[126.272834,44.182012],[126.462129,44.177647],[126.493582,44.379986],[126.434161,44.41832],[126.41316,44.528511],[126.58039,44.567604],[126.878463,44.512223],[127.050435,44.566962],[126.98424,44.824961],[127.093694,44.94486],[126.964304,45.133095],[126.802299,45.139191],[126.574681,45.252298],[126.420225,45.232616],[126.170928,45.146346],[126.188154,45.000891],[126.144605,44.9816],[126.186993,44.933158],[126.060893,44.902722],[126.049667,44.786787],[125.920664,44.771426],[125.665657,44.935712],[125.247194,44.860073],[125.313099,44.814247],[125.03835,44.777934],[124.807248,44.704117],[124.80357,44.663833],[124.634308,44.640686],[124.545467,44.514367],[124.643308,44.448636],[124.568983,44.43619],[124.628501,44.305931],[124.605081,44.236683],[124.751891,44.210134],[124.731762,44.148699],[124.516434,44.116609],[124.28717,43.991859],[124.015711,44.004508],[124.085293,43.862836],[124.040195,43.769521],[124.076583,43.717731],[124.362268,43.771203],[124.550692,43.740646],[124.666147,43.659863],[124.760021,43.280742],[124.840539,43.161642],[124.829409,43.212267],[124.931702,43.323889],[124.870539,43.393548],[124.893669,43.481178],[125.034092,43.580059],[125.254066,43.645781],[125.30226,43.615214],[125.247678,43.452328],[125.380456,43.473599],[125.361681,43.51541],[125.426328,43.587027],[125.515169,43.409491],[125.576622,43.4096],[125.541589,43.361433],[125.69798,43.262741]]],[[[126.716749,44.532957],[126.719071,44.531618],[126.720233,44.533975],[126.716749,44.532957]]],[[[126.715974,44.532957],[126.712781,44.532421],[126.719071,44.531618],[126.715974,44.532957]]]]}},{"type":"Feature","properties":{"adcode":"220200","name":"吉林市"},"geometry":{"type":"MultiPolygon","coordinates":[[[[126.750427,42.67231],[126.853785,42.78464],[127.191729,42.843456],[127.253569,42.708984],[127.204213,42.608354],[127.319571,42.640312],[127.458155,42.561492],[127.717613,42.81728],[127.837617,42.788335],[127.819713,42.864004],[127.469962,43.038026],[127.480027,43.139768],[127.657225,43.260169],[127.61532,43.305464],[127.703484,43.395023],[127.71771,43.502439],[127.896554,43.625006],[127.917457,43.716374],[127.813422,43.812103],[127.850972,43.888836],[127.762518,43.937231],[127.870133,44.055779],[127.729227,44.09902],[127.724001,44.196613],[127.607385,44.207172],[127.623353,44.277585],[127.464639,44.486711],[127.56819,44.559948],[127.487769,44.602552],[127.181761,44.643627],[126.991207,44.527761],[126.738717,44.521654],[126.627714,44.574938],[126.424193,44.534189],[126.493582,44.379986],[126.467936,44.203078],[126.177122,44.16428],[126.007085,44.02742],[126.044925,43.910765],[125.810532,43.831838],[125.893663,43.624843],[125.852726,43.501621],[126.000988,43.37427],[125.65927,43.231871],[125.692464,43.146786],[125.776176,43.102855],[125.664689,43.07602],[125.67456,43.044506],[125.821564,42.997919],[125.8415,42.925661],[126.007569,42.796386],[126.38403,42.815406],[126.422257,42.67905],[126.682877,42.716935],[126.750427,42.67231]]],[[[126.720233,44.533975],[126.709587,44.537349],[126.7122,44.53285],[126.720233,44.533975]]],[[[126.703684,44.534778],[126.707361,44.530332],[126.709297,44.531993],[126.703684,44.534778]]]]}},{"type":"Feature","properties":{"adcode":"220300","name":"四平市"},"geometry":{"type":"MultiPolygon","coordinates":[[[[124.015711,44.004508],[123.818577,43.986236],[123.66354,44.107815],[123.328499,44.070952],[123.537247,43.649696],[123.51044,43.592251],[123.429147,43.603843],[123.46089,43.568572],[123.304499,43.550711],[123.316015,43.492028],[123.413953,43.42592],[123.48702,43.445509],[123.584087,43.377274],[123.703703,43.370665],[123.746285,43.471199],[123.825932,43.471527],[124.033615,43.281125],[124.268395,43.230666],[124.273814,43.178741],[124.425947,43.076295],[124.333429,42.997369],[124.423141,42.975492],[124.442109,42.941395],[124.366333,42.902491],[124.451787,42.826649],[124.602758,42.922139],[124.695083,43.057246],[125.043383,43.222289],[125.200548,43.228969],[125.381617,43.105214],[125.367198,43.218784],[125.448587,43.223931],[125.495814,43.100331],[125.70398,43.056038],[125.787596,43.096875],[125.655205,43.200217],[125.69798,43.262741],[125.541589,43.361433],[125.576622,43.4096],[125.515169,43.409491],[125.453038,43.599762],[125.40465,43.586754],[125.377843,43.489356],[125.247678,43.452328],[125.296647,43.636101],[125.235194,43.642247],[124.916799,43.49737],[124.871604,43.420626],[124.919218,43.348047],[124.829409,43.212267],[124.85883,43.176933],[124.799312,43.195671],[124.666147,43.659863],[124.524272,43.755248],[124.362268,43.771203],[124.076583,43.717731],[124.040195,43.769521],[124.078422,43.880062],[124.015711,44.004508]]]]}},{"type":"Feature","properties":{"adcode":"220400","name":"辽源市"},"geometry":{"type":"MultiPolygon","coordinates":[[[[124.891346,43.132914],[124.857088,42.823839],[124.9798,42.781717],[124.96509,42.678],[125.097384,42.622068],[125.069125,42.499638],[125.180902,42.432788],[125.173838,42.319655],[125.212742,42.300483],[125.56288,42.435061],[125.585816,42.507616],[125.727594,42.605146],[125.682786,42.606639],[125.644269,42.732944],[125.82979,42.75728],[125.741627,42.847037],[125.726239,43.02292],[125.495814,43.100331],[125.491652,43.181481],[125.43949,43.222946],[125.370294,43.182741],[125.388392,43.107738],[125.155837,43.227436],[125.024608,43.214294],[124.891346,43.132914]]]]}},{"type":"Feature","properties":{"adcode":"220500","name":"通化市"},"geometry":{"type":"MultiPolygon","coordinates":[[[[125.262872,42.313098],[125.314261,42.164392],[125.48991,42.136258],[125.298293,41.974119],[125.351617,41.928181],[125.296357,41.887301],[125.346391,41.761981],[125.31697,41.677288],[125.446361,41.675772],[125.462523,41.568369],[125.646592,41.264689],[125.749562,41.245482],[125.735239,41.193255],[125.783144,41.172047],[125.683948,40.986312],[125.576913,40.898957],[125.655399,40.915937],[125.707755,40.867596],[126.027505,40.90191],[125.98831,40.909066],[126.082281,40.976158],[126.122056,41.089921],[126.286479,41.163109],[126.434354,41.346087],[126.517582,41.3484],[126.542744,41.513812],[126.399321,41.516795],[126.40387,41.671058],[126.317642,41.654553],[126.317351,41.794539],[126.133476,41.966074],[126.575551,42.20554],[126.510905,42.410654],[126.611649,42.46029],[126.734459,42.695731],[126.648715,42.729411],[126.563261,42.670818],[126.435322,42.674962],[126.36603,42.813807],[126.029344,42.788611],[125.772305,43.020118],[125.741627,42.847037],[125.84421,42.766217],[125.66827,42.732999],[125.662173,42.65612],[125.727594,42.605146],[125.585816,42.507616],[125.56288,42.435061],[125.262872,42.313098]]]]}},{"type":"Feature","properties":{"adcode":"220600","name":"白山市"},"geometry":{"type":"MultiPolygon","coordinates":[[[[126.551841,41.533953],[126.570035,41.6217],[126.6882,41.674481],[126.719652,41.754694],[126.835397,41.727332],[126.931593,41.812911],[127.050725,41.744659],[127.038047,41.676839],[127.180696,41.59917],[127.122824,41.550601],[127.278247,41.514938],[127.256666,41.489613],[127.480123,41.482239],[127.636805,41.413691],[128.010169,41.448228],[128.040751,41.393288],[128.160851,41.38844],[128.315403,41.605183],[128.112462,41.794595],[128.106753,41.950037],[127.907586,42.243601],[127.80839,42.307041],[127.998169,42.413706],[128.043557,42.480134],[128.027783,42.561215],[127.886005,42.674796],[127.869359,42.751431],[127.725356,42.821854],[127.643386,42.713954],[127.486607,42.631025],[127.468026,42.566805],[127.351991,42.587943],[127.319571,42.640312],[127.204213,42.608354],[127.253569,42.708984],[127.201697,42.835742],[126.822139,42.77747],[126.812461,42.709205],[126.622779,42.576434],[126.629069,42.470545],[126.510905,42.410654],[126.526195,42.268629],[126.573229,42.235145],[126.548164,42.192959],[126.469968,42.176756],[126.397386,42.063888],[126.145185,41.964175],[126.317351,41.794539],[126.280963,41.696031],[126.40387,41.671058],[126.383837,41.574047],[126.428451,41.509761],[126.551841,41.533953]]]]}},{"type":"Feature","properties":{"adcode":"220700","name":"松原市"},"geometry":{"type":"MultiPolygon","coordinates":[[[[123.125462,44.509276],[123.128365,44.36688],[123.386372,44.161854],[123.328499,44.070952],[123.66354,44.107815],[123.818577,43.986236],[124.308073,43.990994],[124.516434,44.116609],[124.721794,44.151018],[124.757698,44.202863],[124.625114,44.208195],[124.600145,44.253262],[124.624823,44.359251],[124.56337,44.413167],[124.635082,44.434366],[124.545467,44.514367],[124.595113,44.602659],[125.02635,44.788014],[125.313099,44.814247],[125.232,44.853734],[125.719949,44.93901],[125.920664,44.771426],[126.049667,44.786787],[126.060893,44.902722],[126.179154,44.908523],[126.146831,44.962675],[126.19638,45.103242],[125.758272,45.282708],[125.706787,45.341366],[125.687916,45.514025],[125.42507,45.485584],[125.362262,45.392681],[125.317164,45.422857],[125.069706,45.384606],[125.030415,45.48943],[124.90896,45.533084],[124.890088,45.456601],[124.792925,45.437042],[124.585145,45.453807],[124.544208,45.411938],[124.373785,45.458551],[124.087035,45.32779],[124.069422,45.236109],[123.942161,45.219544],[123.720348,45.048745],[123.492536,44.959538],[123.419663,44.855758],[123.514795,44.734338],[123.125462,44.509276]]]]}},{"type":"Feature","properties":{"adcode":"220800","name":"白城市"},"geometry":{"type":"MultiPolygon","coordinates":[[[[124.373785,45.458551],[124.368946,45.525766],[124.283686,45.541295],[124.226587,45.633428],[124.14723,45.623075],[124.082196,45.736425],[124.014743,45.749954],[124.06439,45.839284],[124.058196,45.889623],[123.971581,45.93192],[124.038357,46.018036],[124.015904,46.124177],[123.966452,46.277086],[123.917579,46.256827],[123.866675,46.299518],[123.574216,46.230218],[123.356178,46.228399],[123.248175,46.273294],[123.144624,46.229491],[123.112397,46.130062],[123.045815,46.100058],[122.793131,46.073217],[122.828551,45.912266],[122.76642,45.845356],[122.792453,45.766259],[122.742033,45.705157],[122.671482,45.700644],[122.567157,45.806817],[122.504349,45.787747],[122.445993,45.916919],[122.374959,45.920682],[122.37312,45.856139],[122.245471,45.810484],[121.842977,46.024454],[121.759072,45.993609],[121.809299,45.961546],[121.817138,45.875604],[121.656972,45.770191],[121.756846,45.690724],[121.970142,45.692771],[122.023466,45.49022],[122.179857,45.409564],[122.147243,45.295607],[122.238987,45.27631],[122.230084,45.206839],[122.109887,45.142053],[122.04495,44.899475],[122.099919,44.782361],[122.157405,44.777347],[122.110661,44.767798],[122.102726,44.73626],[122.152469,44.743839],[122.113468,44.615444],[122.272666,44.473468],[122.274214,44.273819],[122.319409,44.232914],[122.675547,44.285762],[122.760614,44.369727],[123.502117,44.707695],[123.429825,44.849312],[123.519924,44.96629],[123.746865,45.064351],[123.919321,45.209539],[124.069422,45.236109],[124.087035,45.32779],[124.373785,45.458551]]]]}},{"type":"Feature","properties":{"adcode":"222400","name":"延边朝鲜族自治州"},"geometry":{"type":"MultiPolygon","coordinates":[[[[128.064558,42.011538],[128.569152,41.996406],[128.738027,42.050219],[128.930516,42.014107],[128.971259,42.096961],[129.222104,42.217951],[129.231104,42.356148],[129.36785,42.459126],[129.55821,42.362478],[129.61434,42.441716],[129.704536,42.427241],[129.748569,42.471044],[129.768989,42.705892],[129.856282,42.953716],[129.939703,43.012261],[130.143999,42.976426],[130.104514,42.928302],[130.136063,42.903482],[130.257808,42.906069],[130.25297,42.725768],[130.42078,42.616981],[130.441781,42.549813],[130.482524,42.626657],[130.522783,42.6224],[130.574365,42.450255],[130.640173,42.422693],[130.565558,42.506452],[130.627592,42.586725],[130.592075,42.671702],[130.402102,42.729411],[130.667077,42.848194],[131.016538,42.864169],[131.033764,42.928687],[131.145638,42.936609],[131.125121,43.052029],[131.218511,43.14706],[131.200026,43.211172],[131.31761,43.397425],[131.319546,43.498733],[131.158703,43.430722],[131.026699,43.508761],[130.859759,43.439071],[130.634947,43.614452],[130.437039,43.646379],[130.345198,44.050972],[130.095417,43.842516],[130.017125,43.867333],[129.95122,44.027204],[129.840507,43.996616],[129.786119,43.901616],[129.278041,43.813892],[129.212136,43.784984],[129.205749,43.574942],[128.877966,43.540145],[128.729027,43.745912],[128.767447,43.758559],[128.726414,43.831783],[128.760866,43.857689],[128.633798,43.910873],[128.471891,44.157703],[128.456987,44.410913],[128.346662,44.509383],[128.228111,44.445471],[128.162786,44.344744],[128.050332,44.35044],[128.105107,44.214982],[128.052558,44.107006],[127.865004,44.062259],[127.783422,43.995913],[127.762518,43.937231],[127.854456,43.857635],[127.817971,43.81861],[127.924716,43.7079],[127.896554,43.625006],[127.698161,43.484232],[127.694968,43.378039],[127.617449,43.334821],[127.636224,43.236688],[127.480027,43.139768],[127.469768,43.028688],[127.674838,42.902712],[127.807325,42.878598],[127.846907,42.730736],[128.015879,42.56996],[128.014137,42.436836],[127.80839,42.307041],[128.064558,42.011538]]]]}},{"type":"Feature","properties":{"adcode":"230100","name":"哈尔滨市"},"geometry":{"type":"MultiPolygon","coordinates":[[[[125.761286,45.531346],[125.687959,45.514009],[125.695751,45.350713],[125.99699,45.162675],[126.262471,45.152162],[126.569554,45.252661],[126.792596,45.135359],[126.964296,45.132215],[127.088966,44.929962],[126.984193,44.824534],[127.053485,44.566909],[127.181911,44.644273],[127.557034,44.575559],[127.465619,44.516518],[127.485516,44.408688],[127.609212,44.294719],[127.626605,44.187912],[127.719829,44.202348],[127.728873,44.099458],[127.783834,44.071857],[128.007293,44.09427],[128.101491,44.13576],[128.060445,44.168622],[128.101352,44.289878],[128.063784,44.341784],[128.188733,44.364314],[128.408436,44.675868],[128.691587,44.663188],[128.904611,44.883371],[129.041386,44.900684],[129.051822,44.999234],[128.997418,45.064515],[129.150333,45.11226],[129.105808,45.163325],[129.209885,45.223439],[129.174543,45.292032],[129.09412,45.291599],[129.087581,45.358382],[129.198197,45.426919],[129.117774,45.474037],[129.09259,45.604942],[129.298935,45.619779],[129.338729,45.721166],[129.556623,45.81712],[129.564137,45.875577],[129.771317,45.885955],[129.785092,45.970945],[130.10275,45.927665],[130.111655,46.055271],[130.207801,46.144047],[129.923815,46.376022],[130.115412,46.386731],[130.197783,46.61715],[130.126543,46.598144],[130.138927,46.504178],[130.041807,46.526284],[130.086749,46.604058],[129.988794,46.565079],[129.921172,46.629395],[129.76116,46.531783],[129.355705,46.652821],[129.281543,46.641954],[129.197363,46.536012],[129.096486,46.555779],[129.020654,46.487778],[128.879844,46.524275],[128.704248,46.483757],[128.679899,46.565396],[128.467292,46.62549],[128.380051,46.565079],[128.24912,46.582512],[128.08549,46.50841],[127.814723,46.605853],[127.589454,46.514651],[127.517936,46.529879],[127.505831,46.5992],[127.408432,46.666851],[127.187338,46.642587],[126.682118,46.375916],[126.587503,46.208223],[126.423178,46.084808],[126.189978,46.069668],[126.247722,45.962185],[126.310752,45.970411],[126.357086,45.889379],[126.35806,45.725029],[126.152967,45.681235],[126.026627,45.711508],[125.863555,45.525424],[125.761286,45.531346]]]]}},{"type":"Feature","properties":{"adcode":"230200","name":"齐齐哈尔市"},"geometry":{"type":"MultiPolygon","coordinates":[[[[124.750152,48.924028],[124.654145,48.834372],[124.601828,48.632437],[124.518622,48.554264],[124.548954,48.531267],[124.518761,48.377958],[124.5804,48.253873],[124.464079,48.097674],[124.431102,48.08556],[124.475766,48.172963],[124.420806,48.18106],[124.318816,48.347118],[124.314224,48.503881],[124.259125,48.536559],[123.571214,48.040775],[123.289037,47.943162],[123.164923,47.783126],[122.593195,47.547125],[122.50651,47.401059],[122.418156,47.350476],[122.62144,47.121725],[122.851996,47.07234],[122.778252,47.002892],[122.798705,46.957488],[122.878572,46.957068],[122.899026,46.826827],[123.026617,46.718824],[123.178142,46.753901],[123.217518,46.85269],[123.374608,46.837658],[123.40675,46.906375],[123.301698,46.999852],[123.427481,46.934509],[123.527106,46.959166],[123.483416,46.845963],[123.514166,46.826091],[123.562726,46.825986],[123.577197,46.891147],[123.600851,46.861624],[123.604329,46.689734],[123.277349,46.661577],[123.279158,46.616939],[123.205691,46.591596],[123.045819,46.617784],[123.052915,46.580083],[123.002546,46.574483],[123.010616,46.435795],[123.178559,46.248095],[123.596676,46.234063],[123.849912,46.302381],[123.870088,46.390653],[123.754462,46.642376],[123.766428,46.74179],[123.855478,46.744318],[123.887341,46.684778],[123.958164,46.707759],[124.003384,46.767063],[123.929361,46.846068],[124.000601,47.002473],[124.072955,47.004988],[124.195955,47.131346],[124.418858,47.183915],[124.397569,47.259073],[124.446408,47.352766],[124.61769,47.311203],[125.047356,47.478818],[125.079776,47.393256],[125.314923,47.38129],[125.337047,47.294215],[125.407452,47.285457],[126.446275,47.379937],[126.533377,47.482557],[126.518628,47.72557],[126.566354,47.726707],[126.566632,47.880423],[126.63008,47.98906],[126.600304,48.086895],[126.654708,48.11861],[126.556475,48.212],[126.318683,48.178293],[126.289742,48.271472],[126.051116,48.282826],[125.843379,48.357945],[125.799689,48.556299],[125.723579,48.565962],[125.71537,48.609577],[125.816108,48.600227],[125.989894,48.711503],[125.959701,48.780723],[125.838788,48.867342],[125.722327,48.803708],[125.622563,48.890994],[125.309079,48.726814],[125.128753,48.725801],[124.992813,48.813425],[125.013127,48.8915],[124.750152,48.924028]]]]}},{"type":"Feature","properties":{"adcode":"230300","name":"鸡西市"},"geometry":{"type":"MultiPolygon","coordinates":[[[[131.788856,45.904033],[131.574023,45.915476],[131.452135,45.812728],[131.47885,45.724599],[131.35752,45.705819],[131.315778,45.615909],[131.103588,45.634505],[131.020104,45.686281],[130.890703,45.609996],[130.777025,45.618919],[130.757685,45.53253],[130.474673,45.300573],[130.433766,45.205249],[130.465351,45.181854],[130.398841,45.124082],[130.468412,45.066143],[130.556627,45.100978],[130.720534,44.965424],[130.866493,44.991191],[130.968065,44.854614],[131.102058,44.898071],[131.107763,44.938122],[131.249547,44.922345],[131.355294,44.989887],[131.500974,44.980647],[131.685335,45.115839],[131.65055,45.159857],[131.681717,45.215103],[131.793586,45.211746],[131.887645,45.342288],[132.025673,45.250605],[133.007727,45.042799],[133.138797,45.12701],[133.097751,45.284895],[133.18694,45.492788],[133.413322,45.572568],[133.488179,45.659969],[133.447689,45.705712],[133.505155,45.785725],[133.471065,45.838005],[133.685063,45.959941],[133.746146,46.065189],[133.694107,46.156505],[133.910054,46.254472],[133.922994,46.330724],[133.869425,46.338153],[133.949987,46.394787],[133.799576,46.535589],[133.507659,46.516977],[133.287678,46.597511],[133.2323,46.576808],[133.223534,46.492011],[133.090516,46.467986],[133.083698,46.400935],[132.995204,46.344943],[133.029989,46.338365],[132.968489,46.211733],[132.865943,46.126474],[132.746143,46.183541],[132.509743,46.00736],[132.309102,46.029346],[132.267917,45.988888],[132.277656,45.892053],[132.197511,45.843572],[131.97113,45.820119],[131.92744,45.884351],[131.867609,45.799121],[131.788716,45.789262],[131.788856,45.904033]]]]}},{"type":"Feature","properties":{"adcode":"230400","name":"鹤岗市"},"geometry":{"type":"MultiPolygon","coordinates":[[[[130.785096,48.357332],[130.610613,48.300721],[130.455332,48.329648],[130.290173,48.293666],[130.246761,48.194791],[130.129883,48.145896],[129.900718,48.310229],[129.804015,48.257659],[129.809303,48.173681],[129.733471,48.104038],[129.779666,48.007161],[129.675032,47.978978],[129.773126,47.782506],[129.908927,47.72588],[129.929659,47.654286],[129.901275,47.571914],[129.934808,47.56507],[129.869272,47.538202],[129.903223,47.440992],[129.839079,47.40418],[129.901275,47.332979],[129.858002,47.332354],[129.937312,47.259177],[130.126404,47.207414],[130.189017,47.103211],[130.356125,47.061661],[130.444619,47.130196],[130.538678,47.122457],[130.657365,47.183497],[130.692845,47.204908],[130.560662,47.314746],[130.624945,47.338499],[130.792331,47.29067],[130.98351,47.318289],[130.959578,47.241024],[131.094962,47.192898],[131.195978,47.22443],[131.339153,47.181826],[131.777168,47.27138],[132.004245,47.252605],[132.047935,47.366093],[132.20906,47.406989],[132.411788,47.540381],[132.456035,47.669089],[132.523935,47.71616],[132.372133,47.765256],[131.989496,47.685129],[131.689927,47.706853],[131.622444,47.659151],[131.456031,47.747174],[131.030122,47.694751],[130.983788,47.713162],[130.891399,47.927201],[130.693958,48.048276],[130.673783,48.128254],[130.8459,48.300721],[130.785096,48.357332]]]]}},{"type":"Feature","properties":{"adcode":"230500","name":"双鸭山市"},"geometry":{"type":"MultiPolygon","coordinates":[[[[134.498201,47.449308],[134.511837,47.739525],[134.55177,47.738492],[134.55177,47.784572],[134.513367,47.784572],[134.517402,47.883825],[134.465224,47.887123],[134.384384,47.828031],[134.294916,47.647038],[134.191813,47.588502],[134.108746,47.617312],[134.052673,47.527929],[133.721379,47.538202],[133.634416,47.522947],[133.59337,47.441616],[133.455064,47.46552],[133.292826,47.302449],[133.236892,47.040089],[133.18374,47.014735],[133.213238,46.979828],[132.877909,46.767694],[132.493046,46.824093],[132.390221,46.814312],[132.400657,46.762851],[132.364202,46.767589],[132.207808,46.815679],[132.195285,46.877911],[132.267221,46.943743],[132.060041,46.976577],[131.839642,46.958222],[131.864687,46.88663],[131.52908,46.891042],[131.554125,47.073805],[131.408306,47.068885],[131.404967,47.026261],[131.212675,46.965355],[131.085639,46.955599],[131.059759,46.990522],[130.836438,46.939651],[130.8395,46.877806],[130.682271,46.835239],[130.668496,46.743265],[130.730552,46.714925],[130.744049,46.597933],[130.945107,46.579554],[131.089535,46.389699],[131.247738,46.366053],[131.410393,46.249158],[131.70565,46.200883],[131.699249,46.118591],[131.772159,46.070308],[131.929109,46.075319],[131.925909,46.003623],[131.785934,45.876112],[131.801239,45.804372],[131.845347,45.794406],[131.92744,45.884351],[132.027064,45.81637],[132.197511,45.843572],[132.277656,45.892053],[132.267917,45.988888],[132.346531,46.031587],[132.485254,45.992412],[132.679077,46.165022],[132.746143,46.183541],[132.818078,46.130628],[132.953184,46.169599],[133.028459,46.308539],[132.995204,46.344943],[133.119318,46.483122],[133.207394,46.471162],[133.320932,46.610288],[133.507659,46.516977],[133.663079,46.547112],[133.870677,46.508304],[134.011209,46.638155],[134.064082,46.980037],[134.23286,47.134796],[134.157306,47.248432],[134.177621,47.326416],[134.314953,47.433299],[134.498201,47.449308]]]]}},{"type":"Feature","properties":{"adcode":"230600","name":"大庆市"},"geometry":{"type":"MultiPolygon","coordinates":[[[[125.332872,47.2865],[125.314923,47.38129],[125.079776,47.393256],[125.047356,47.478818],[124.633691,47.307764],[124.446408,47.352766],[124.400631,47.285562],[124.418858,47.183915],[124.195955,47.131346],[124.070728,47.048153],[124.072955,47.004988],[124.000601,47.002473],[123.92797,46.862465],[124.003663,46.73705],[123.887341,46.684778],[123.855478,46.744318],[123.766428,46.74179],[123.860069,46.408142],[123.845599,46.313423],[123.897498,46.264567],[123.966512,46.274979],[123.956494,46.205776],[124.00895,46.154908],[124.033856,46.044924],[123.971521,45.931941],[124.071146,45.845178],[124.001993,45.770611],[124.187467,45.615909],[124.226566,45.63343],[124.26469,45.555028],[124.348731,45.546956],[124.375864,45.455712],[124.544224,45.411923],[124.585131,45.453772],[124.866334,45.440617],[124.939522,45.529839],[125.02565,45.493326],[125.091742,45.382676],[125.3479,45.395413],[125.480361,45.486538],[125.743615,45.51907],[125.73151,45.687355],[125.806646,45.699594],[125.719961,45.769324],[125.781183,45.799228],[125.72344,45.797085],[125.695751,45.907456],[125.420114,45.885527],[125.357083,46.147881],[125.219334,46.143622],[125.064192,46.25936],[125.07908,46.171408],[125.223508,46.137551],[125.147259,46.043964],[125.09689,46.016113],[125.062661,46.083848],[124.875935,46.068602],[124.931174,46.111346],[124.917677,46.208755],[125.052504,46.258191],[125.036086,46.406446],[124.987108,46.430075],[125.062244,46.487143],[125.172304,46.482805],[125.125831,46.448292],[125.191784,46.420646],[125.270816,46.436113],[125.27012,46.478783],[125.161312,46.520045],[125.26525,46.508833],[125.18107,46.652821],[125.27179,46.655248],[125.164791,46.747267],[125.190949,46.810209],[125.156164,46.835555],[125.235752,46.963572],[125.343447,46.998175],[125.285286,47.083225],[125.332872,47.2865]]]]}},{"type":"Feature","properties":{"adcode":"230700","name":"伊春市"},"geometry":{"type":"MultiPolygon","coordinates":[[[[128.238962,46.57723],[128.36892,46.570997],[128.467292,46.62549],[128.679481,46.575751],[128.704248,46.483757],[128.913655,46.526178],[129.020654,46.487778],[129.082154,46.557893],[129.197363,46.536012],[129.281543,46.641954],[129.510011,46.622745],[129.589322,46.713871],[129.707591,46.73842],[129.701191,46.796638],[129.539787,46.952137],[129.605879,47.03946],[129.708287,47.062708],[129.795806,47.26408],[129.886247,47.297759],[129.851323,47.320373],[129.914632,47.360263],[129.839079,47.40418],[129.901553,47.482661],[129.895152,47.559054],[129.928407,47.555631],[129.912962,47.717091],[129.773126,47.782506],[129.675032,47.978978],[129.780918,47.99914],[129.737506,48.026489],[129.741402,48.119226],[129.799285,48.151229],[129.783423,48.240977],[129.879708,48.316771],[130.100385,48.14323],[130.239525,48.169888],[130.290173,48.293666],[130.763668,48.334859],[130.77633,48.480249],[130.744188,48.515081],[130.647346,48.485038],[130.538678,48.635585],[130.680462,48.880989],[130.519894,48.858646],[130.444619,48.909989],[130.245369,48.866533],[129.937312,49.040433],[129.864402,49.158576],[129.753925,49.208706],[129.73041,49.288268],[129.562467,49.299595],[129.518499,49.423719],[129.390351,49.432716],[129.380611,49.371705],[129.185536,49.33326],[129.234096,49.10125],[129.444476,49.037108],[129.526708,48.909383],[129.484131,48.841857],[129.238826,48.747088],[129.182753,48.766643],[129.230061,48.682185],[129.033177,48.570437],[128.863286,48.273108],[128.815283,48.258785],[128.741677,48.409698],[128.456856,48.363051],[128.334413,48.147947],[128.132102,48.07827],[128.163966,47.944397],[128.287244,47.928437],[128.350831,47.854749],[128.292253,47.836801],[128.262755,47.754511],[128.316742,47.738388],[128.228248,47.541626],[128.378799,47.40366],[128.449899,47.400123],[128.45463,47.347039],[128.537836,47.428413],[128.485519,47.244363],[128.198612,47.09798],[127.871631,47.080713],[127.65652,47.007294],[128.116379,46.5992],[128.238962,46.57723]]]]}},{"type":"Feature","properties":{"adcode":"230800","name":"佳木斯市"},"geometry":{"type":"MultiPolygon","coordinates":[[[[134.498201,47.449308],[134.779682,47.715954],[134.551492,48.032759],[134.632471,48.099419],[134.679362,48.256431],[135.082869,48.396433],[135.068538,48.459563],[134.927728,48.451612],[134.764377,48.370097],[134.501679,48.418981],[134.203501,48.38245],[133.74072,48.254794],[133.693273,48.186901],[133.572916,48.181982],[133.521712,48.115019],[133.066583,48.116969],[132.818913,47.937087],[132.661406,47.944809],[132.687286,47.885062],[132.600323,47.740766],[132.456313,47.681093],[132.411788,47.540381],[132.20906,47.406989],[132.047935,47.366093],[132.004245,47.252605],[131.481772,47.253649],[131.364338,47.190391],[131.195978,47.22443],[131.094962,47.192898],[130.968065,47.220672],[130.98351,47.318289],[130.792331,47.29067],[130.624945,47.338499],[130.562053,47.327666],[130.673783,47.22443],[130.626336,47.153195],[130.412477,47.128732],[130.383675,47.065116],[130.309096,47.066477],[129.899883,47.304846],[129.812086,47.270546],[129.780918,47.179841],[129.691033,47.120366],[129.718305,47.078934],[129.565807,47.032547],[129.595444,46.992934],[129.534918,46.981086],[129.558432,46.899864],[129.70133,46.765378],[129.510011,46.622745],[129.76116,46.531783],[129.904336,46.609971],[129.988794,46.565079],[130.071444,46.601629],[130.035824,46.541087],[130.138927,46.504178],[130.126543,46.598144],[130.197783,46.61715],[130.115412,46.386731],[129.923815,46.376022],[130.240082,46.122319],[130.694098,45.947546],[130.690341,45.994548],[131.04988,46.053458],[131.143383,46.007573],[131.274175,46.048871],[131.279879,45.981733],[131.355154,46.019848],[131.338458,46.069135],[131.391609,46.133504],[131.358911,46.277847],[131.247738,46.366053],[131.062681,46.400829],[130.945107,46.579554],[130.719839,46.624962],[130.745162,46.678452],[130.668496,46.743265],[130.66613,46.830928],[130.828507,46.854793],[130.836438,46.939651],[131.013286,46.989055],[131.212675,46.965355],[131.404967,47.026261],[131.408306,47.068885],[131.539237,47.076317],[131.52908,46.891042],[131.864687,46.88663],[131.839642,46.958222],[132.059067,46.989474],[132.241897,46.954445],[132.222418,46.820727],[132.400657,46.762851],[132.390221,46.814312],[132.43252,46.828194],[132.877909,46.767694],[133.148955,46.899129],[133.236892,47.040089],[133.210872,47.074538],[133.292826,47.302449],[133.455064,47.46552],[133.562202,47.434131],[133.693273,47.544013],[133.974476,47.520664],[134.101789,47.570981],[134.108746,47.617312],[134.191813,47.588502],[134.327754,47.673021],[134.384384,47.828031],[134.465224,47.887123],[134.517402,47.883825],[134.513367,47.784572],[134.55177,47.784572],[134.55177,47.738492],[134.511837,47.739525],[134.498201,47.449308]]],[[[131.505983,46.249264],[131.493321,46.202798],[131.547168,46.198436],[131.529637,46.128391],[131.630375,46.217901],[131.505983,46.249264]]]]}},{"type":"Feature","properties":{"adcode":"230900","name":"七台河市"},"geometry":{"type":"MultiPolygon","coordinates":[[[[131.630375,46.217901],[131.554125,46.133291],[131.505983,46.249264],[131.410393,46.249158],[131.369486,46.074573],[131.283219,45.968274],[131.247321,46.058577],[131.209613,46.025291],[131.062959,46.067855],[131.033044,46.021876],[130.700776,46.000954],[130.655834,45.947653],[130.42333,46.080544],[130.240082,46.122319],[130.111655,46.055271],[130.116247,45.926489],[130.195557,45.872901],[130.169259,45.696266],[130.340402,45.619134],[130.388267,45.674147],[130.482465,45.60677],[130.627449,45.588811],[130.719421,45.656961],[130.890703,45.609996],[131.012869,45.680483],[131.304786,45.59806],[131.372686,45.672106],[131.338179,45.684241],[131.463406,45.728033],[131.452135,45.812728],[131.522541,45.881355],[131.607973,45.926382],[131.788856,45.904033],[131.905734,46.00341],[131.893211,46.088219],[131.70718,46.092056],[131.727355,46.176198],[131.630375,46.217901]]]]}},{"type":"Feature","properties":{"adcode":"231000","name":"牡丹江市"},"geometry":{"type":"MultiPolygon","coordinates":[[[[128.253016,44.446665],[128.372676,44.514326],[128.462005,44.434375],[128.450456,44.204772],[128.636487,43.891256],[128.760879,43.857686],[128.727624,43.740872],[128.855355,43.556927],[129.014393,43.52328],[129.229643,43.593004],[129.211277,43.782499],[129.255245,43.81966],[129.347495,43.798586],[129.498045,43.88029],[129.742794,43.875969],[129.78217,43.962545],[129.907397,44.023802],[130.003265,43.98909],[130.009248,43.889484],[130.066435,43.834408],[130.353203,44.05032],[130.338593,43.94628],[130.423469,43.744648],[130.400094,43.674099],[130.630093,43.622384],[130.623553,43.589776],[130.908096,43.434504],[131.026783,43.50879],[131.142548,43.425798],[131.306038,43.479354],[131.200291,43.532752],[131.243425,43.986989],[131.310629,44.046564],[131.093431,44.745664],[130.836438,44.988147],[130.720534,44.965424],[130.556627,45.100978],[130.468412,45.066143],[130.412895,45.118117],[130.467716,45.169394],[130.49304,45.33721],[130.744049,45.509162],[130.777025,45.618919],[130.73417,45.653309],[130.654303,45.59064],[130.482465,45.60677],[130.41039,45.672858],[130.340402,45.619134],[130.21295,45.652127],[130.168981,45.709683],[130.173155,45.906279],[130.116247,45.926489],[129.900718,45.925526],[129.80819,45.987073],[129.793997,45.897081],[129.585982,45.887132],[129.528795,45.802979],[129.344295,45.735757],[129.310901,45.625154],[129.220738,45.593974],[129.109287,45.625369],[129.194162,45.389585],[129.062396,45.33883],[129.20098,45.235562],[129.105808,45.163325],[129.150333,45.11226],[129.017176,45.080253],[129.061561,44.903732],[128.881792,44.86333],[128.691587,44.663188],[128.438072,44.680021],[128.235206,44.480451],[128.253016,44.446665]]]]}},{"type":"Feature","properties":{"adcode":"231100","name":"黑河市"},"geometry":{"type":"MultiPolygon","coordinates":[[[[126.019949,50.92083],[125.839901,50.756312],[125.758921,50.746782],[125.825152,50.704945],[125.787584,50.677195],[125.829326,50.561639],[125.562037,50.438164],[125.583604,50.408003],[125.536574,50.42005],[125.443489,50.206674],[125.337881,50.15904],[125.376006,50.13747],[125.277494,50.124662],[125.328142,50.065996],[125.183575,49.952701],[125.24424,49.875602],[125.17787,49.829423],[125.220864,49.672222],[125.185523,49.634709],[125.132093,49.672023],[125.232969,49.574547],[125.27012,49.455101],[125.226291,49.21704],[125.130701,49.139173],[124.860908,49.166515],[124.749456,48.950581],[124.991421,48.885335],[125.045965,48.74648],[125.128753,48.725801],[125.309079,48.726814],[125.622563,48.890994],[125.697838,48.803202],[125.816525,48.868555],[125.959701,48.780723],[125.989894,48.711503],[125.707021,48.562402],[125.799689,48.556299],[125.843379,48.357945],[126.051116,48.282826],[126.289742,48.271472],[126.347346,48.174808],[126.556475,48.212],[126.666535,48.131229],[126.600304,48.086895],[126.63008,47.98906],[126.566632,47.880423],[126.567328,47.756577],[126.518628,47.72557],[126.526281,47.603116],[126.557031,47.585703],[126.756559,47.733737],[126.931458,47.713162],[127.148657,47.788393],[127.660694,47.83938],[127.692975,47.777136],[127.89292,47.982785],[127.87998,48.060707],[127.980717,48.097674],[128.087995,48.061735],[128.334413,48.147947],[128.396887,48.296631],[128.497903,48.377652],[128.755591,48.397453],[128.850346,48.251007],[128.912681,48.280064],[128.998948,48.528112],[129.086885,48.60541],[129.199728,48.623396],[129.230061,48.682185],[129.182753,48.766643],[129.435571,48.80472],[129.526291,48.869768],[129.444476,49.037108],[129.245505,49.089475],[129.171204,49.284158],[129.241888,49.37871],[129.289891,49.362097],[129.266515,49.396019],[129.084937,49.359895],[129.013558,49.457299],[128.761435,49.482069],[128.812778,49.558199],[128.784115,49.589794],[128.553698,49.604538],[128.185811,49.539353],[127.81514,49.593879],[127.705219,49.665159],[127.674886,49.764142],[127.532267,49.825953],[127.547434,49.928763],[127.500543,49.983743],[127.608516,50.229785],[127.332322,50.340563],[127.364603,50.438359],[127.305051,50.454411],[127.370725,50.58126],[127.294615,50.663558],[127.304216,50.728301],[127.114011,50.937686],[127.01856,50.977766],[126.867732,50.91521],[126.47633,50.902126],[126.243687,51.00321],[126.019949,50.92083]]]]}},{"type":"Feature","properties":{"adcode":"231200","name":"绥化市"},"geometry":{"type":"MultiPolygon","coordinates":[[[[125.761286,45.531346],[125.894305,45.545018],[126.026627,45.711508],[126.124026,45.673825],[126.306717,45.702599],[126.298647,45.74155],[126.355556,45.747878],[126.354442,45.866908],[126.310752,45.970411],[126.231025,45.963574],[126.170777,46.061457],[126.423178,46.084808],[126.615609,46.235764],[126.635228,46.324781],[126.742784,46.417149],[127.187338,46.642587],[127.408432,46.666851],[127.505831,46.5992],[127.509727,46.539924],[127.589454,46.514651],[127.814723,46.605853],[128.12111,46.508516],[128.20056,46.534743],[128.238962,46.57723],[128.08229,46.61715],[127.647893,46.988216],[127.963325,47.093376],[128.24258,47.10614],[128.485519,47.244363],[128.537836,47.428413],[128.45463,47.347039],[128.228248,47.541626],[128.322168,47.716678],[128.273191,47.757404],[128.292253,47.836801],[128.340257,47.824626],[128.339004,47.892482],[128.184558,47.953353],[128.157426,48.070362],[127.980717,48.097674],[127.87998,48.060707],[127.891946,47.955],[127.692975,47.777136],[127.660694,47.83938],[127.54159,47.832674],[127.148657,47.788393],[126.931458,47.713162],[126.711338,47.713472],[126.587364,47.638547],[126.446275,47.379937],[125.332872,47.2865],[125.331203,47.146819],[125.285286,47.083225],[125.34456,47.013058],[125.235752,46.963572],[125.142389,46.760009],[125.27652,46.674866],[125.18107,46.652821],[125.26525,46.508833],[125.161312,46.520045],[125.250223,46.494445],[125.270816,46.436113],[125.191784,46.420646],[125.125831,46.448292],[125.179122,46.477301],[125.062244,46.487143],[124.987108,46.430075],[125.057235,46.279016],[124.917677,46.208755],[124.931174,46.111346],[124.875935,46.068602],[125.062661,46.083848],[125.09689,46.016113],[125.147259,46.043964],[125.223508,46.137551],[125.07908,46.171408],[125.1147,46.253622],[125.219334,46.143622],[125.357083,46.147881],[125.420114,45.885527],[125.695751,45.907456],[125.72344,45.797085],[125.781183,45.799228],[125.719961,45.769324],[125.806646,45.699594],[125.715648,45.663299],[125.761286,45.531346]]]]}},{"type":"Feature","properties":{"adcode":"232700","name":"大兴安岭地区"},"geometry":{"type":"MultiPolygon","coordinates":[[[[127.030944,50.98125],[126.922832,51.061881],[126.900013,51.200673],[126.964156,51.333096],[126.876498,51.316287],[126.908778,51.246781],[126.820285,51.280922],[126.83726,51.345098],[126.930067,51.359208],[126.908361,51.407266],[126.791344,51.432569],[126.844078,51.521978],[126.695615,51.578462],[126.734296,51.711508],[126.622845,51.777362],[126.447945,52.009366],[126.561762,52.113878],[126.306996,52.205714],[126.409125,52.282318],[126.317988,52.329119],[126.326753,52.424354],[126.205423,52.466136],[126.213354,52.525274],[126.147401,52.572939],[126.022036,52.580411],[125.968606,52.630348],[126.06183,52.673426],[126.044159,52.741685],[126.118043,52.761407],[126.054038,52.799616],[125.966658,52.760012],[125.836144,52.898841],[125.678498,52.860997],[125.661801,52.899397],[125.733736,52.970912],[125.613797,53.08341],[125.53073,53.050994],[125.503876,53.095318],[125.141972,53.20427],[124.887623,53.16439],[124.909468,53.118108],[124.872595,53.099102],[124.68406,53.206387],[124.435833,53.223874],[124.239367,53.379651],[124.108992,53.355256],[123.89402,53.481296],[123.698249,53.498396],[123.621026,53.550112],[123.569683,53.505161],[123.517366,53.55842],[123.510688,53.509092],[123.247573,53.556594],[122.894434,53.462999],[122.461985,53.444329],[122.350116,53.505527],[122.111212,53.427024],[121.876064,53.426657],[121.49955,53.337181],[121.678902,53.241354],[121.656361,53.178854],[121.814981,53.069099],[121.60154,52.84067],[121.182448,52.599273],[121.640082,52.444406],[121.715496,52.343112],[121.84114,52.282694],[121.947722,52.298394],[122.169233,52.513584],[122.447236,52.393976],[122.478125,52.296232],[122.760998,52.266895],[122.773799,52.196765],[122.629232,52.136619],[122.625058,52.067606],[122.683914,51.974538],[122.726213,51.978798],[122.750145,51.747683],[122.87398,51.561266],[122.85464,51.477678],[123.002685,51.312157],[123.270809,51.255439],[123.456005,51.274384],[123.642593,51.319842],[123.71105,51.398253],[123.926161,51.300626],[124.239228,51.344618],[124.406474,51.272077],[124.443625,51.358056],[124.624508,51.328678],[124.864664,51.379646],[125.072819,51.55343],[125.098838,51.658336],[125.351656,51.623903],[125.578316,51.451059],[125.751825,51.234272],[125.852006,51.212999],[126.059186,51.043524],[126.03428,51.011043],[126.07477,50.964023],[126.019949,50.92083],[126.225042,51.001856],[126.47633,50.902126],[126.994767,50.92674],[127.030944,50.98125]]],[[[124.143081,50.56613],[123.983626,50.510254],[123.988914,50.41153],[123.920317,50.373021],[123.825702,50.449518],[123.780481,50.437087],[123.777698,50.344487],[123.864661,50.285305],[123.860765,50.230375],[123.930753,50.186898],[124.135429,50.237257],[124.359723,50.201952],[124.345253,50.33193],[124.439868,50.385567],[124.433468,50.546698],[124.143081,50.56613]]]]}},{"type":"Feature","properties":{"adcode":"310000","name":"上海"},"geometry":{"type":"MultiPolygon","coordinates":[[[[120.901349,31.017327],[120.989428,31.01425],[120.991892,30.837133],[121.038087,30.814007],[121.097833,30.857171],[121.123087,30.77905],[121.21671,30.785734],[121.274608,30.677191],[121.681128,30.818633],[121.904714,30.814007],[121.943518,30.776993],[121.994025,30.862823],[121.977395,31.016301],[121.722396,31.3036],[121.343593,31.511996],[121.174826,31.44922],[121.113848,31.37465],[121.142797,31.275472],[121.090442,31.291838],[121.060261,31.245289],[121.076892,31.158267],[120.881023,31.134706],[120.901349,31.017327]]],[[[121.974931,31.61704],[121.599824,31.703128],[121.323267,31.868458],[121.118775,31.759119],[121.371926,31.553314],[121.434136,31.590535],[121.819098,31.437987],[121.981706,31.464024],[121.974931,31.61704]]],[[[121.795693,31.330186],[121.742106,31.407345],[121.520984,31.494137],[121.795693,31.330186]]],[[[121.801852,31.356765],[121.840656,31.295418],[122.097503,31.255522],[122.122756,31.307179],[121.801852,31.356765]]],[[[121.626925,31.445135],[121.631853,31.456878],[121.579498,31.479848],[121.626925,31.445135]]],[[[121.943518,31.215608],[121.995873,31.160828],[122.008808,31.221238],[121.943518,31.215608]]],[[[121.88254,31.240684],[121.909026,31.195133],[121.923808,31.234032],[121.88254,31.240684]]]]}},{"type":"Feature","properties":{"adcode":"320100","name":"南京市"},"geometry":{"type":"MultiPolygon","coordinates":[[[[119.067452,32.462398],[118.887907,32.55485],[118.909347,32.586874],[118.569509,32.586435],[118.688887,32.418202],[118.667504,32.235918],[118.521859,32.188219],[118.38598,32.033147],[118.368974,31.956196],[118.4723,31.879623],[118.482178,31.778342],[118.684902,31.724914],[118.643594,31.649656],[118.748099,31.675753],[118.868768,31.611139],[118.851145,31.392549],[118.721103,31.32267],[118.781382,31.239833],[119.083728,31.239744],[119.218035,31.348859],[119.156017,31.480135],[119.234087,31.627053],[119.077105,31.783962],[118.998867,31.76719],[118.970411,31.826077],[119.100341,31.865787],[119.104157,31.933624],[119.037537,31.93897],[119.121107,31.977571],[119.098882,32.091027],[119.008913,32.115941],[119.241664,32.216278],[119.037088,32.259868],[119.017556,32.399261],[119.067452,32.462398]]],[[[118.86585,31.518972],[118.846262,31.50912],[118.855691,31.504726],[118.86585,31.518972]]]]}},{"type":"Feature","properties":{"adcode":"320200","name":"无锡市"},"geometry":{"type":"MultiPolygon","coordinates":[[[[119.532617,31.159106],[119.599799,31.109157],[119.662491,31.159863],[119.919993,31.17091],[120.418834,31.448388],[120.555218,31.480313],[120.592766,31.527536],[120.594562,31.576022],[120.547978,31.576598],[120.600623,31.617124],[120.561055,31.655682],[120.584235,31.782147],[120.402389,31.907379],[120.370678,31.990817],[120.236595,31.932918],[120.022422,31.967767],[120.003339,31.828245],[120.175868,31.870208],[120.192537,31.767367],[120.057051,31.580412],[120.108742,31.480979],[120.040157,31.364506],[120.09617,31.352504],[120.041785,31.34588],[120.046219,31.47978],[119.971741,31.535967],[119.832326,31.529178],[119.639367,31.600277],[119.527566,31.360328],[119.532617,31.159106]]]]}},{"type":"Feature","properties":{"adcode":"320300","name":"徐州市"},"geometry":{"type":"MultiPolygon","coordinates":[[[[118.408205,34.435512],[118.183368,34.390333],[118.132855,34.483412],[118.184659,34.544192],[118.078975,34.569786],[118.08397,34.655899],[117.951683,34.678462],[117.79964,34.647291],[117.794813,34.539947],[117.684471,34.547322],[117.592257,34.462512],[117.493252,34.472641],[117.374435,34.584187],[117.272849,34.556711],[117.303381,34.548351],[117.255843,34.46204],[117.166043,34.434653],[117.103912,34.648961],[116.928858,34.842896],[116.976845,34.868526],[116.815878,34.965292],[116.812173,34.927957],[116.802015,34.970497],[116.797637,34.938754],[116.445059,34.895429],[116.363789,34.715226],[116.598954,34.500145],[116.568646,34.492508],[116.76065,34.462598],[116.828057,34.389216],[116.969324,34.38883],[116.968987,34.28369],[117.049583,34.242432],[117.025337,34.167651],[117.192702,34.068746],[117.343398,34.08056],[117.405753,34.030057],[117.50487,34.06163],[117.575757,33.982891],[117.666286,33.998688],[117.70361,33.887789],[117.740821,33.891981],[117.752663,33.711515],[118.178597,33.763115],[118.141162,33.934749],[118.028406,33.998386],[118.063821,34.053781],[117.994394,34.123793],[118.083072,34.165411],[118.187745,34.161664],[118.222824,34.106986],[118.517705,34.117545],[118.566871,34.274184],[118.673958,34.400728],[118.607899,34.446931],[118.408205,34.435512]]]]}},{"type":"Feature","properties":{"adcode":"320400","name":"常州市"},"geometry":{"type":"MultiPolygon","coordinates":[[[[120.022422,31.967767],[119.796293,32.049032],[119.75521,31.880331],[119.811784,31.852213],[119.74,31.731157],[119.556077,31.862515],[119.423229,31.871666],[119.443378,31.828908],[119.342072,31.859553],[119.316535,31.671013],[119.234087,31.627053],[119.140919,31.444969],[119.204509,31.357838],[119.197157,31.27352],[119.266977,31.250425],[119.350154,31.301012],[119.360088,31.212145],[119.532617,31.159106],[119.567022,31.504726],[119.657945,31.609322],[120.036228,31.497891],[120.021075,31.382995],[120.089603,31.332453],[120.044591,31.406234],[120.129733,31.504726],[120.057051,31.580412],[120.18395,31.749928],[120.185185,31.860437],[120.003339,31.828245],[120.022422,31.967767]]]]}},{"type":"Feature","properties":{"adcode":"320500","name":"苏州市"},"geometry":{"type":"MultiPolygon","coordinates":[[[[119.919993,31.17091],[120.001711,31.027114],[120.111043,30.955894],[120.371127,30.948751],[120.372418,30.882163],[120.423492,30.903069],[120.489439,30.763432],[120.588949,30.854416],[120.713266,30.885067],[120.725614,30.971517],[120.891352,31.003737],[120.881305,31.134736],[121.062533,31.153137],[121.063263,31.267913],[121.143017,31.275477],[121.113776,31.374462],[121.146272,31.421072],[121.372232,31.553224],[121.145318,31.753911],[120.916664,31.793652],[120.78202,32.015979],[120.465642,32.045811],[120.370678,31.990817],[120.375337,31.941709],[120.588556,31.762542],[120.561055,31.655682],[120.600623,31.617124],[120.547978,31.576598],[120.584235,31.585157],[120.605787,31.525229],[119.919993,31.17091]]]]}},{"type":"Feature","properties":{"adcode":"320600","name":"南通市"},"geometry":{"type":"MultiPolygon","coordinates":[[[[120.202303,32.600908],[120.255734,32.597619],[120.289185,32.384975],[120.351652,32.377898],[120.356198,32.130754],[120.486745,32.099141],[120.588276,32.009711],[120.76159,32.020437],[120.916664,31.793652],[121.101204,31.762542],[121.301907,31.872727],[121.599651,31.703127],[121.975185,31.617035],[121.856031,31.955225],[121.458609,32.17769],[121.493912,32.263478],[121.390529,32.460729],[121.153119,32.529266],[120.961733,32.612178],[120.979637,32.636335],[120.671565,32.587883],[120.600455,32.650011],[120.44308,32.629277],[120.366693,32.704913],[120.225651,32.675911],[120.202303,32.600908]]],[[[121.403775,32.530583],[121.435205,32.520005],[121.436495,32.529266],[121.403775,32.530583]]]]}},{"type":"Feature","properties":{"adcode":"320700","name":"连云港市"},"geometry":{"type":"MultiPolygon","coordinates":[[[[119.823009,34.481996],[119.464986,34.674694],[119.522795,34.722329],[119.381809,34.752444],[119.48839,34.747868],[119.459486,34.77109],[119.238577,34.799563],[119.211357,34.981715],[119.292682,35.068506],[119.24071,35.122938],[118.865345,35.029854],[118.860799,34.944003],[118.716501,34.747739],[118.783402,34.722029],[118.468484,34.674309],[118.408205,34.435512],[118.646457,34.439547],[118.676596,34.339414],[118.766564,34.308891],[118.837787,34.368809],[118.95363,34.350116],[119.089565,34.42087],[119.062232,34.338683],[119.129077,34.145768],[119.236164,34.036312],[119.392809,34.036787],[119.439169,33.979611],[119.563318,34.01021],[119.585712,34.078792],[119.529306,34.166833],[119.740449,34.308805],[119.823009,34.481996]]]]}},{"type":"Feature","properties":{"adcode":"320800","name":"淮安市"},"geometry":{"type":"MultiPolygon","coordinates":[[[[119.184922,32.82564],[119.278651,32.798909],[119.345383,32.838325],[119.325122,32.998434],[119.359246,33.029688],[119.219158,33.206002],[119.143277,33.230042],[119.262655,33.303033],[119.235041,33.345138],[119.617983,33.427201],[119.498156,33.520297],[119.456455,33.64164],[119.64599,33.924772],[119.53576,34.030877],[119.439169,33.979611],[119.392809,34.036787],[119.236164,34.036312],[119.18408,34.089786],[119.008015,33.896604],[118.874493,33.892543],[118.807311,33.819356],[118.813148,33.700948],[118.757977,33.635746],[118.806357,33.572749],[118.746921,33.386701],[118.780147,33.345834],[118.511083,33.263868],[118.424313,33.187141],[118.261718,33.199948],[118.202899,33.088106],[118.252402,32.982148],[118.303812,32.968654],[118.251335,32.936155],[118.250606,32.848384],[118.422854,32.718097],[118.736706,32.73233],[118.741813,32.853369],[118.791035,32.848384],[118.865233,32.955027],[119.026312,32.947251],[119.015592,32.907534],[119.10427,32.826734],[119.184922,32.82564]]]]}},{"type":"Feature","properties":{"adcode":"320900","name":"盐城市"},"geometry":{"type":"MultiPolygon","coordinates":[[[[120.976044,32.658426],[120.915934,32.701234],[120.981376,32.85971],[120.932604,33.005899],[120.87182,33.04723],[120.831971,33.26883],[120.740992,33.337615],[120.367591,34.091424],[120.308492,34.297452],[119.823009,34.481996],[119.753975,34.326088],[119.503881,34.172561],[119.64599,33.924772],[119.467624,33.638303],[119.520775,33.500896],[119.620004,33.43741],[119.566853,33.399348],[119.654016,33.280711],[119.700319,33.294245],[119.74926,33.131012],[120.080848,33.181782],[120.296761,33.129573],[120.300353,32.954153],[120.176373,32.932529],[120.20842,32.864345],[120.168179,32.793045],[120.228176,32.77856],[120.120977,32.633267],[120.213584,32.602706],[120.225651,32.675911],[120.366693,32.704913],[120.44308,32.629277],[120.614767,32.639755],[120.653381,32.571872],[120.976044,32.658426]]]]}},{"type":"Feature","properties":{"adcode":"321000","name":"扬州市"},"geometry":{"type":"MultiPolygon","coordinates":[[[[119.229036,32.222179],[119.576395,32.28456],[119.570894,32.230062],[119.621744,32.217423],[119.847311,32.328426],[119.868526,32.438722],[119.818182,32.491645],[119.814365,32.627085],[119.90063,32.623973],[119.894849,32.674334],[119.782599,32.914832],[119.712386,32.921955],[119.64773,33.104111],[119.704248,33.269788],[119.566853,33.399348],[119.243123,33.352443],[119.248848,33.318129],[119.153435,33.285281],[119.150685,33.212797],[119.313897,33.128614],[119.364185,33.03859],[119.325122,32.998434],[119.345383,32.838325],[119.278651,32.798909],[119.184922,32.82564],[119.220168,32.57661],[119.187167,32.599944],[119.142266,32.499417],[119.047022,32.462882],[119.017556,32.399261],[119.041073,32.271709],[119.229036,32.222179]]]]}},{"type":"Feature","properties":{"adcode":"321100","name":"镇江市"},"geometry":{"type":"MultiPolygon","coordinates":[[[[119.234087,31.627053],[119.316535,31.671013],[119.332643,31.836338],[119.443378,31.828908],[119.448822,31.885414],[119.586946,31.847438],[119.74,31.731157],[119.811784,31.852213],[119.75521,31.880331],[119.796293,32.049032],[119.951704,32.002339],[119.852699,32.28192],[119.768623,32.318924],[119.629714,32.227728],[119.570894,32.230062],[119.570838,32.271621],[119.462461,32.26251],[119.047976,32.161254],[119.022383,32.130886],[119.079799,32.107343],[119.121612,31.984812],[119.037537,31.93897],[119.104157,31.933624],[119.116449,31.890497],[118.979672,31.842352],[118.980458,31.764667],[119.055665,31.788962],[119.234087,31.627053]]]]}},{"type":"Feature","properties":{"adcode":"321200","name":"泰州市"},"geometry":{"type":"MultiPolygon","coordinates":[[[[120.553141,32.021143],[120.512843,32.091732],[120.356198,32.130754],[120.351652,32.377898],[120.284526,32.379876],[120.255734,32.597619],[120.122661,32.610293],[120.121651,32.679197],[120.228176,32.77856],[120.162454,32.780967],[120.181873,32.903907],[120.280766,32.924926],[120.312364,32.992583],[120.296761,33.129573],[120.080848,33.181782],[119.74926,33.131012],[119.731469,33.211664],[119.701835,33.201821],[119.646158,33.130096],[119.696727,32.961316],[119.863082,32.775715],[119.89715,32.646242],[119.814365,32.627085],[119.859266,32.444477],[119.819192,32.302514],[119.980103,31.998057],[120.205895,31.931504],[120.465642,32.045811],[120.553141,32.021143]]]]}},{"type":"Feature","properties":{"adcode":"321300","name":"宿迁市"},"geometry":{"type":"MultiPolygon","coordinates":[[[[119.174931,34.093494],[119.074074,34.265107],[119.086871,34.409747],[119.041409,34.421901],[118.96463,34.36086],[118.837787,34.368809],[118.78531,34.311814],[118.644268,34.359012],[118.482627,34.100046],[118.232646,34.100304],[118.187745,34.161664],[117.998997,34.140038],[118.063821,34.053781],[118.028406,33.998386],[118.141162,33.934749],[118.178597,33.763115],[118.108104,33.475107],[118.050632,33.49204],[117.942366,33.225078],[118.069153,33.139948],[118.168382,33.21345],[118.424313,33.187141],[118.511083,33.263868],[118.780147,33.345834],[118.746921,33.386701],[118.806357,33.572749],[118.757977,33.635746],[118.799566,33.64671],[118.828751,33.858615],[119.035853,33.928054],[119.174931,34.093494]]]]}},{"type":"Feature","properties":{"adcode":"330100","name":"杭州市"},"geometry":{"type":"MultiPolygon","coordinates":[[[[120.721941,30.286334],[120.70388,30.365867],[120.633899,30.389449],[120.460227,30.382665],[120.413771,30.318319],[120.400926,30.377025],[120.315689,30.394311],[120.337245,30.464324],[120.299892,30.5198],[120.149793,30.467509],[120.068297,30.496618],[120.046102,30.427445],[119.69241,30.556155],[119.709191,30.434062],[119.668099,30.399501],[119.565933,30.443375],[119.247132,30.340808],[119.233747,30.293411],[118.959385,30.347267],[118.879857,30.314884],[118.929858,30.20338],[118.85284,30.166566],[118.896787,30.148093],[118.891521,29.959885],[118.647327,29.643394],[118.499689,29.573623],[118.495899,29.519553],[118.358694,29.477083],[118.456234,29.365879],[118.589059,29.327888],[118.634138,29.272984],[118.607612,29.239713],[118.68463,29.202545],[118.878332,29.326567],[118.962092,29.296164],[119.003234,29.207714],[119.170459,29.217596],[119.200282,29.29038],[119.260912,29.247815],[119.318294,29.279885],[119.368294,29.415699],[119.43232,29.415162],[119.480204,29.332968],[119.616277,29.368273],[119.79118,29.654963],[119.973119,29.674804],[119.890343,29.762931],[119.991968,29.753143],[120.150039,29.905036],[120.325188,29.93854],[120.35693,30.011708],[120.297825,30.128182],[120.593496,30.146782],[120.721941,30.286334]]]]}},{"type":"Feature","properties":{"adcode":"330200","name":"宁波市"},"geometry":{"type":"MultiPolygon","coordinates":[[[[120.86702,30.271729],[120.990151,30.027787],[121.091627,29.987257],[121.023172,29.897357],[121.104964,29.805485],[121.024796,29.763918],[121.017759,29.669742],[121.054226,29.68567],[121.140348,29.543006],[121.231539,29.51308],[121.230063,29.362658],[121.164708,29.2116],[121.225338,29.203868],[121.295221,29.092696],[121.378784,29.199236],[121.529719,29.136277],[121.60846,29.169127],[121.715596,29.12498],[121.768008,29.166686],[121.780557,29.109626],[121.966138,29.052866],[121.990991,29.260793],[121.932231,29.353451],[121.991729,29.445942],[122.000292,29.58244],[121.966089,29.635859],[121.833559,29.653111],[122.143058,29.877724],[122.11673,29.909964],[122.00979,29.891114],[121.968008,29.956519],[121.919534,29.920804],[121.724996,29.992221],[121.371894,30.370894],[121.225486,30.404649],[121.119236,30.48976],[121.032572,30.337006],[120.86702,30.271729]]],[[[122.026375,29.178351],[122.013383,29.151504],[122.056739,29.158454],[122.026375,29.178351]]],[[[122.231297,28.859829],[122.238679,28.853315],[122.243797,28.861322],[122.231297,28.859829]]],[[[122.181936,29.407693],[122.223866,29.428366],[122.21112,29.44095],[122.181936,29.407693]]],[[[121.790892,29.082264],[121.838628,29.057752],[121.831591,29.095015],[121.790892,29.082264]]],[[[122.184299,29.460627],[122.194141,29.45345],[122.19483,29.465453],[122.184299,29.460627]]],[[[122.026473,29.621859],[122.025686,29.604314],[122.037645,29.613457],[122.026473,29.621859]]],[[[122.258807,28.886586],[122.267321,28.880364],[122.267025,28.886835],[122.258807,28.886586]]],[[[121.983461,29.227808],[121.991089,29.221441],[122.001818,29.221441],[121.983461,29.227808]]],[[[121.980705,29.472671],[121.990843,29.467845],[121.987792,29.474898],[121.980705,29.472671]]],[[[121.976178,29.501124],[122.004574,29.500299],[121.989908,29.510071],[121.976178,29.501124]]],[[[121.952064,29.187616],[121.971404,29.163294],[121.981788,29.175911],[121.952064,29.187616]]],[[[121.930459,29.036051],[121.940991,29.03369],[121.954524,29.043961],[121.930459,29.036051]]],[[[122.006641,29.234877],[122.00103,29.227394],[122.008609,29.222971],[122.013826,29.23281],[122.006641,29.234877]]],[[[122.001621,29.410416],[122.016286,29.404185],[122.018944,29.409674],[122.001621,29.410416]]],[[[121.981444,29.332638],[121.985135,29.348454],[121.970223,29.340856],[121.981444,29.332638]]],[[[122.178295,29.406001],[122.173866,29.399769],[122.184348,29.399604],[122.178295,29.406001]]],[[[122.009987,29.902654],[122.02416,29.909594],[122.011513,29.917027],[122.009987,29.902654]]],[[[122.006247,29.899574],[122.014367,29.892634],[122.017221,29.900806],[122.006247,29.899574]]]]}},{"type":"Feature","properties":{"adcode":"330300","name":"温州市"},"geometry":{"type":"MultiPolygon","coordinates":[[[[121.108409,28.139011],[121.251274,28.405279],[121.156736,28.520475],[120.894481,28.485546],[120.729372,28.603773],[120.583358,28.530797],[120.446349,28.584307],[120.374302,28.410821],[120.34379,28.431903],[120.346595,28.335126],[120.438426,28.234463],[120.335522,27.990444],[120.241575,27.934961],[120.096889,27.980613],[120.031781,27.941322],[119.833601,27.956178],[119.785077,27.795793],[119.635569,27.668405],[119.630894,27.582698],[119.702892,27.500285],[119.685471,27.438413],[119.819526,27.296045],[120.24689,27.434587],[120.351566,27.383574],[120.461655,27.142576],[120.522285,27.142154],[120.571645,27.309978],[120.675041,27.382312],[120.699648,27.465654],[120.637049,27.561449],[120.777699,27.774712],[120.840642,27.758741],[120.941774,27.896784],[121.152504,27.815362],[121.13149,27.788836],[121.196647,27.833964],[121.137395,27.908841],[121.055899,27.900133],[120.991824,27.949734],[121.108409,28.139011]]],[[[120.971745,27.649859],[120.986509,27.655104],[120.97957,27.670419],[120.971745,27.649859]]],[[[121.199945,27.62493],[121.198321,27.614646],[121.220811,27.630303],[121.199945,27.62493]]],[[[121.113133,27.918344],[121.113379,27.904403],[121.123911,27.911353],[121.113133,27.918344]]],[[[121.131047,27.762472],[121.133114,27.753123],[121.144383,27.758531],[121.131047,27.762472]]],[[[121.131047,27.770143],[121.149846,27.772029],[121.138281,27.776682],[121.131047,27.770143]]],[[[121.107277,27.444005],[121.066234,27.478222],[121.047976,27.458046],[121.107277,27.444005]]],[[[120.903388,27.69387],[120.911951,27.689171],[120.912099,27.699238],[120.903388,27.69387]]],[[[121.217415,27.613681],[121.224945,27.607048],[121.228685,27.616409],[121.217415,27.613681]]],[[[121.083655,27.791896],[121.073566,27.778023],[121.090545,27.776221],[121.083655,27.791896]]],[[[121.145761,27.760669],[121.146696,27.754171],[121.155013,27.756645],[121.145761,27.760669]]],[[[120.826223,27.686193],[120.842758,27.675537],[120.833113,27.687368],[120.826223,27.686193]]],[[[121.224108,27.817876],[121.225043,27.824496],[121.213281,27.820096],[121.224108,27.817876]]],[[[120.824943,27.646208],[120.821991,27.634835],[120.8339,27.649985],[120.824943,27.646208]]],[[[121.204325,27.609735],[121.210033,27.608476],[121.216923,27.618928],[121.204325,27.609735]]],[[[121.098173,27.937514],[121.134049,27.980529],[121.040544,27.964296],[121.098173,27.937514]]],[[[120.896548,27.711444],[120.887394,27.704523],[120.899451,27.706033],[120.896548,27.711444]]],[[[121.18587,27.962957],[121.237543,27.988143],[121.194974,28.000148],[121.18587,27.962957]]],[[[121.04394,27.979316],[121.08961,27.998684],[121.074108,28.007426],[121.04394,27.979316]]],[[[121.079029,27.428743],[121.090397,27.424538],[121.088084,27.431602],[121.079029,27.428743]]],[[[121.112986,27.473136],[121.112346,27.463511],[121.12337,27.466327],[121.112986,27.473136]]],[[[121.09458,27.494023],[121.085673,27.4923],[121.09458,27.486333],[121.09458,27.494023]]]]}},{"type":"Feature","properties":{"adcode":"330400","name":"嘉兴市"},"geometry":{"type":"MultiPolygon","coordinates":[[[[120.721941,30.286334],[120.825288,30.262687],[121.01392,30.323635],[121.119236,30.48976],[121.058359,30.564028],[121.257031,30.673653],[121.256392,30.743954],[121.117267,30.785474],[121.114757,30.851463],[121.010918,30.834625],[120.95831,31.028579],[120.710081,30.971892],[120.713279,30.885051],[120.588968,30.854432],[120.469972,30.764431],[120.462885,30.701397],[120.303189,30.60901],[120.342953,30.37163],[120.398318,30.38479],[120.413771,30.318319],[120.498761,30.38904],[120.692955,30.377965],[120.721941,30.286334]]]]}},{"type":"Feature","properties":{"adcode":"330500","name":"湖州市"},"geometry":{"type":"MultiPolygon","coordinates":[[[[120.489066,30.763861],[120.434981,30.920821],[120.364656,30.880457],[120.362688,30.921674],[120.135128,30.941911],[120.001712,31.027118],[119.900235,31.169176],[119.678039,31.168203],[119.482763,30.704452],[119.433649,30.644476],[119.372379,30.680376],[119.255006,30.615126],[119.236945,30.546731],[119.313619,30.531186],[119.403038,30.373347],[119.55176,30.43978],[119.668099,30.399501],[119.709191,30.434062],[119.69241,30.556155],[120.046102,30.427445],[120.068297,30.496618],[120.285817,30.507802],[120.344971,30.662733],[120.455011,30.68555],[120.489066,30.763861]]]]}},{"type":"Feature","properties":{"adcode":"330600","name":"绍兴市"},"geometry":{"type":"MultiPolygon","coordinates":[[[[119.973119,29.674804],[120.037194,29.663979],[120.006486,29.593563],[120.079616,29.504711],[120.186506,29.548776],[120.282077,29.489249],[120.289902,29.355598],[120.461458,29.48496],[120.571399,29.34288],[120.749894,29.31591],[120.773171,29.231859],[121.230063,29.362658],[121.225585,29.532908],[121.130948,29.554174],[121.006785,29.698592],[121.024796,29.763918],[121.104964,29.805485],[121.031096,29.874602],[121.085869,29.972648],[120.990151,30.027787],[120.86702,30.271729],[120.739904,30.276639],[120.609145,30.152845],[120.297825,30.128182],[120.364312,29.978516],[120.312048,29.927702],[120.150039,29.905036],[119.991968,29.753143],[119.890343,29.762931],[119.973119,29.674804]]]]}},{"type":"Feature","properties":{"adcode":"330700","name":"金华市"},"geometry":{"type":"MultiPolygon","coordinates":[[[[119.322428,28.800897],[119.338422,28.761161],[119.470854,28.765356],[119.494427,28.554018],[119.703581,28.533211],[119.921298,28.796164],[120.028976,28.758047],[120.198858,28.783958],[120.271004,28.950112],[120.388475,28.829454],[120.64699,28.90048],[120.673319,28.973158],[120.717315,28.973779],[120.693151,29.040565],[120.775091,29.276951],[120.707866,29.341311],[120.553781,29.371493],[120.474844,29.492877],[120.266723,29.376571],[120.282077,29.489249],[120.200728,29.549476],[120.102893,29.506608],[120.007076,29.57247],[120.024744,29.647923],[119.817607,29.673076],[119.688916,29.421764],[119.480204,29.332968],[119.437143,29.424116],[119.388521,29.429728],[119.234928,29.221937],[119.332517,29.075971],[119.322428,28.800897]]]]}},{"type":"Feature","properties":{"adcode":"330800","name":"衢州市"},"geometry":{"type":"MultiPolygon","coordinates":[[[[119.322428,28.800897],[119.332517,29.075971],[119.251119,29.141656],[119.260912,29.247815],[119.200282,29.29038],[119.189504,29.205191],[119.003234,29.207714],[118.900428,29.332638],[118.708843,29.188774],[118.638321,29.192165],[118.596047,29.330821],[118.456234,29.365879],[118.324442,29.496918],[118.291371,29.41999],[118.193044,29.39527],[118.176607,29.297404],[118.071931,29.287033],[118.028378,29.169251],[118.097079,28.998726],[118.127296,29.016085],[118.368192,28.811275],[118.432612,28.651551],[118.473901,28.339046],[118.430446,28.280781],[118.463862,28.243061],[118.505643,28.279905],[118.623016,28.256623],[118.700182,28.310397],[118.757564,28.407488],[118.723459,28.411196],[118.723164,28.493249],[118.878332,28.522056],[119.007958,28.694569],[119.322428,28.800897]]]]}},{"type":"Feature","properties":{"adcode":"330900","name":"舟山市"},"geometry":{"type":"MultiPolygon","coordinates":[[[[122.256887,30.065104],[122.300195,30.074984],[122.095716,30.158088],[121.935085,30.16161],[122.026424,29.992426],[122.308955,29.943466],[122.346898,30.011544],[122.256887,30.065104]]],[[[122.625097,30.817539],[122.637745,30.814447],[122.615845,30.82474],[122.625097,30.817539]]],[[[122.150932,30.190073],[122.150686,30.146659],[122.218206,30.188885],[122.150932,30.190073]]],[[[122.207773,29.70316],[122.270864,29.685135],[122.226179,29.714105],[122.207773,29.70316]]],[[[122.427607,30.738538],[122.430264,30.706529],[122.535186,30.698301],[122.427607,30.738538]]],[[[122.163088,30.329809],[122.058511,30.304618],[122.230116,30.23269],[122.221602,30.324657],[122.163088,30.329809]]],[[[122.317468,30.249593],[122.278,30.243004],[122.429477,30.250861],[122.317468,30.249593]]],[[[122.675245,30.848779],[122.698523,30.848128],[122.679133,30.861102],[122.675245,30.848779]]],[[[122.782824,30.789748],[122.775689,30.788038],[122.782135,30.7823],[122.782824,30.789748]]],[[[122.331002,29.938089],[122.416189,29.828995],[122.424309,29.945765],[122.331002,29.938089]]],[[[122.430412,30.408653],[122.372734,30.47886],[122.278689,30.474369],[122.280411,30.420337],[122.430412,30.408653]]],[[[122.327163,30.519474],[122.343699,30.504006],[122.34611,30.528044],[122.327163,30.519474]]],[[[122.450737,30.426097],[122.469634,30.414413],[122.476081,30.436023],[122.450737,30.426097]]],[[[122.477361,30.229784],[122.503197,30.215907],[122.503493,30.22565],[122.477361,30.229784]]],[[[122.264762,29.845391],[122.248571,29.804334],[122.328443,29.777693],[122.264762,29.845391]]],[[[122.302951,30.499108],[122.31427,30.491066],[122.321848,30.49425],[122.302951,30.499108]]],[[[122.217222,29.638577],[122.21983,29.629971],[122.231002,29.634748],[122.217222,29.638577]]],[[[122.703247,30.19732],[122.70807,30.188476],[122.711564,30.209357],[122.703247,30.19732]]],[[[122.426918,30.032094],[122.433463,30.022004],[122.428197,30.038656],[122.426918,30.032094]]],[[[122.189564,29.810007],[122.201179,29.815227],[122.190598,29.820652],[122.189564,29.810007]]],[[[122.52554,30.221557],[122.529428,30.230439],[122.516682,30.231339],[122.52554,30.221557]]],[[[121.943697,30.77709],[121.997044,30.658821],[122.133265,30.595514],[122.010971,30.669497],[121.943697,30.77709]]],[[[122.636072,30.204281],[122.646308,30.18692],[122.650344,30.210995],[122.636072,30.204281]]],[[[122.269683,30.222621],[122.282823,30.227942],[122.274653,30.230234],[122.269683,30.222621]]],[[[122.18233,29.650764],[122.211366,29.692255],[122.131395,29.78863],[122.083659,29.783203],[122.047881,29.717972],[122.18233,29.650764]]],[[[122.232626,29.682666],[122.234594,29.672005],[122.24296,29.675298],[122.232626,29.682666]]],[[[122.466239,30.74318],[122.452607,30.757592],[122.452115,30.743343],[122.466239,30.74318]]],[[[122.358807,30.600081],[122.356543,30.593353],[122.374358,30.587399],[122.358807,30.600081]]],[[[122.077901,30.596411],[122.071749,30.572553],[122.100096,30.592415],[122.077901,30.596411]]],[[[122.36176,29.839556],[122.375933,29.825748],[122.376868,29.841734],[122.36176,29.839556]]],[[[122.229968,29.661056],[122.245913,29.654716],[122.243502,29.661015],[122.229968,29.661056]]],[[[122.461367,29.943877],[122.449162,29.939238],[122.456987,29.92569],[122.461367,29.943877]]],[[[122.570717,30.644313],[122.587893,30.665341],[122.558709,30.679072],[122.570717,30.644313]]],[[[122.179377,30.226428],[122.190942,30.212264],[122.200244,30.226755],[122.179377,30.226428]]],[[[122.424949,30.6212],[122.423965,30.612272],[122.432725,30.61745],[122.424949,30.6212]]],[[[122.209003,30.222375],[122.245322,30.218405],[122.23735,30.232322],[122.209003,30.222375]]],[[[122.15546,29.619429],[122.14419,29.608474],[122.152704,29.60695],[122.15546,29.619429]]],[[[122.065204,30.179631],[122.030115,30.198057],[122.024013,30.162593],[122.065204,30.179631]]],[[[122.391484,29.970309],[122.41053,30.024301],[122.380018,30.024506],[122.391484,29.970309]]],[[[121.888087,30.092078],[121.848667,30.101218],[121.85039,29.977285],[121.932821,29.994806],[121.888087,30.092078]]],[[[122.325638,30.226919],[122.332183,30.220247],[122.335628,30.227778],[122.325638,30.226919]]],[[[121.830803,30.066375],[121.847437,30.06166],[121.833264,30.082855],[121.830803,30.066375]]],[[[122.32239,29.83257],[122.332872,29.826652],[122.323965,29.839515],[122.32239,29.83257]]],[[[122.038235,29.759229],[122.011365,29.74611],[122.016335,29.714475],[122.038235,29.759229]]],[[[122.514516,30.649],[122.514221,30.641786],[122.522784,30.643579],[122.514516,30.649]]],[[[122.1436,30.610927],[122.149997,30.619081],[122.13607,30.61533],[122.1436,30.610927]]],[[[122.716486,30.17574],[122.728051,30.17271],[122.72185,30.181965],[122.716486,30.17574]]],[[[122.526278,30.666767],[122.540894,30.657884],[122.533365,30.672268],[122.526278,30.666767]]],[[[121.940351,30.114537],[121.929623,30.078469],[121.963481,30.10339],[121.940351,30.114537]]],[[[121.957428,30.287684],[121.992763,30.328092],[121.940252,30.331731],[121.957428,30.287684]]],[[[122.680856,30.190523],[122.694094,30.187698],[122.673178,30.208334],[122.680856,30.190523]]],[[[122.226572,29.808856],[122.224702,29.801867],[122.239023,29.801867],[122.226572,29.808856]]],[[[122.41678,30.682047],[122.408807,30.672472],[122.425737,30.668886],[122.41678,30.682047]]],[[[121.618106,30.604811],[121.637397,30.608847],[121.617712,30.60848],[121.618106,30.604811]]],[[[122.127802,30.218364],[122.129476,30.207433],[122.151917,30.21603],[122.127802,30.218364]]],[[[121.863825,30.116955],[121.861168,30.104292],[121.870567,30.106628],[121.863825,30.116955]]],[[[122.225047,29.738294],[122.241287,29.731918],[122.234299,29.739775],[122.225047,29.738294]]],[[[122.178492,29.978393],[122.141877,29.974823],[122.19611,29.954713],[122.178492,29.978393]]],[[[122.197734,29.726776],[122.217124,29.717355],[122.219683,29.724102],[122.197734,29.726776]]],[[[122.287941,29.723938],[122.309545,29.743518],[122.21422,29.780366],[122.287941,29.723938]]],[[[122.153836,30.578957],[122.167862,30.583687],[122.156739,30.584503],[122.153836,30.578957]]],[[[122.259053,30.519882],[122.275244,30.513148],[122.277901,30.524493],[122.259053,30.519882]]],[[[122.759941,30.137073],[122.767126,30.12347],[122.787943,30.128223],[122.759941,30.137073]]],[[[122.192468,29.796194],[122.175686,29.797181],[122.198324,29.785217],[122.192468,29.796194]]],[[[122.146257,29.96247],[122.140696,29.943712],[122.166336,29.94634],[122.146257,29.96247]]],[[[122.452115,29.973469],[122.444683,29.968216],[122.450244,29.964728],[122.452115,29.973469]]],[[[122.467469,30.408857],[122.476376,30.403587],[122.477853,30.410491],[122.467469,30.408857]]],[[[122.331199,30.595677],[122.326031,30.590131],[122.341337,30.593597],[122.331199,30.595677]]],[[[122.264122,30.269888],[122.25423,30.237356],[122.315844,30.250165],[122.264122,30.269888]]],[[[122.283019,29.860388],[122.323915,29.852541],[122.340057,29.883598],[122.283019,29.860388]]],[[[122.648375,30.812494],[122.660629,30.819858],[122.643355,30.826733],[122.648375,30.812494]]],[[[122.78125,30.694187],[122.799508,30.716467],[122.75748,30.713901],[122.78125,30.694187]]],[[[121.977999,30.100275],[121.966483,30.097447],[121.973865,30.084905],[121.977999,30.100275]]],[[[122.069436,29.992385],[122.072241,29.972853],[122.093796,29.985492],[122.069436,29.992385]]],[[[122.145322,29.966328],[122.128393,29.96641],[122.129033,29.960541],[122.145322,29.966328]]],[[[121.981001,30.06699],[121.988579,30.083634],[121.975538,30.075148],[121.981001,30.06699]]],[[[122.391583,30.740615],[122.395274,30.760523],[122.386366,30.759384],[122.391583,30.740615]]],[[[122.284988,30.635835],[122.295766,30.640726],[122.284742,30.648714],[122.284988,30.635835]]],[[[122.16422,29.799278],[122.174948,29.797222],[122.174259,29.807664],[122.16422,29.799278]]],[[[122.452804,29.956889],[122.444831,29.955042],[122.450687,29.945929],[122.452804,29.956889]]],[[[122.83627,30.698708],[122.831053,30.728521],[122.804232,30.723024],[122.83627,30.698708]]],[[[122.132379,29.983769],[122.143108,29.978311],[122.143206,29.987051],[122.132379,29.983769]]],[[[122.096208,29.944862],[122.081542,29.953687],[122.083511,29.935625],[122.096208,29.944862]]],[[[122.227852,29.715627],[122.233364,29.70999],[122.235382,29.717725],[122.227852,29.715627]]],[[[122.213137,29.958161],[122.273374,29.932259],[122.19296,29.975972],[122.213137,29.958161]]],[[[122.108314,29.963086],[122.125883,29.96087],[122.112842,29.978434],[122.108314,29.963086]]],[[[121.969091,30.064038],[121.964071,30.053787],[121.974997,30.049523],[121.969091,30.064038]]],[[[122.028983,29.955042],[122.037005,29.929508],[122.058462,29.952907],[122.028983,29.955042]]],[[[122.2561,29.864702],[122.274161,29.862401],[122.249899,29.875588],[122.2561,29.864702]]],[[[122.193747,29.766262],[122.189171,29.75524],[122.201277,29.755487],[122.193747,29.766262]]],[[[122.288827,29.93074],[122.30674,29.922118],[122.311809,29.942029],[122.288827,29.93074]]],[[[122.212399,29.69172],[122.215844,29.684312],[122.229673,29.685423],[122.212399,29.69172]]],[[[122.042418,29.981635],[122.051424,29.976834],[122.054672,29.988693],[122.042418,29.981635]]],[[[122.300687,29.894646],[122.314713,29.88943],[122.309496,29.896084],[122.300687,29.894646]]]]}},{"type":"Feature","properties":{"adcode":"331000","name":"台州市"},"geometry":{"type":"MultiPolygon","coordinates":[[[[121.60846,29.169127],[121.529719,29.136277],[121.378784,29.199236],[121.295221,29.092696],[121.225338,29.203868],[121.173517,29.20639],[121.180456,29.32921],[120.776518,29.225079],[120.712295,29.143767],[120.746843,29.122911],[120.702207,29.060195],[120.72952,28.99711],[120.64699,28.90048],[120.514706,28.890734],[120.368987,28.763861],[120.32253,28.6698],[120.3807,28.581852],[120.290935,28.539037],[120.304223,28.506988],[120.398957,28.465017],[120.446349,28.584307],[120.624303,28.533377],[120.709096,28.611509],[120.825829,28.566335],[120.86953,28.491167],[121.049895,28.478259],[121.156736,28.520475],[121.25772,28.408113],[121.108409,28.139011],[121.140988,28.031389],[121.261165,28.034442],[121.488774,28.301429],[121.624208,28.250489],[121.669336,28.333375],[121.635871,28.347468],[121.687151,28.400904],[121.671108,28.472596],[121.557082,28.644982],[121.679129,28.698891],[121.687348,28.863355],[121.774602,28.863895],[121.60846,29.169127]]],[[[121.84911,28.733666],[121.865547,28.721992],[121.909544,28.761867],[121.84911,28.733666]]],[[[121.749651,28.69058],[121.794041,28.679608],[121.808559,28.699431],[121.749651,28.69058]]],[[[121.387347,28.119292],[121.401569,28.122968],[121.401323,28.129862],[121.387347,28.119292]]],[[[121.919928,28.707285],[121.942664,28.720663],[121.916581,28.717215],[121.919928,28.707285]]],[[[121.837349,28.770505],[121.865498,28.799361],[121.850734,28.808286],[121.837349,28.770505]]],[[[121.687397,28.384526],[121.686118,28.374648],[121.69532,28.381317],[121.687397,28.384526]]],[[[121.889563,28.471513],[121.918943,28.497371],[121.87037,28.500035],[121.889563,28.471513]]],[[[121.678588,28.278319],[121.688775,28.273939],[121.686413,28.2895],[121.678588,28.278319]]],[[[121.410674,28.079425],[121.410526,28.101617],[121.400831,28.092506],[121.410674,28.079425]]],[[[121.869534,28.423946],[121.910823,28.440068],[121.889711,28.451189],[121.869534,28.423946]]],[[[121.687397,29.09667],[121.697092,29.094062],[121.691777,29.11124],[121.687397,29.09667]]],[[[121.695271,29.088474],[121.694385,29.084707],[121.710084,29.082719],[121.695271,29.088474]]],[[[121.672633,29.062224],[121.665842,29.059615],[121.680507,29.054688],[121.672633,29.062224]]],[[[121.67908,28.371063],[121.687348,28.366269],[121.688431,28.373064],[121.67908,28.371063]]],[[[121.851227,28.423487],[121.860872,28.426737],[121.855607,28.431819],[121.851227,28.423487]]],[[[121.634592,28.225448],[121.644828,28.222985],[121.644927,28.232836],[121.634592,28.225448]]],[[[121.502062,28.072235],[121.527111,28.086363],[121.528834,28.101742],[121.502062,28.072235]]],[[[121.346353,28.087784],[121.373961,28.10989],[121.345565,28.096059],[121.346353,28.087784]]],[[[121.81727,28.610428],[121.803933,28.599115],[121.823274,28.607267],[121.81727,28.610428]]],[[[121.685576,29.115917],[121.694385,29.113061],[121.690153,29.120883],[121.685576,29.115917]]],[[[121.145122,28.013239],[121.166185,28.021771],[121.149649,28.019805],[121.145122,28.013239]]],[[[121.940105,28.441526],[121.945174,28.436652],[121.94355,28.450731],[121.940105,28.441526]]]]}},{"type":"Feature","properties":{"adcode":"331100","name":"丽水市"},"geometry":{"type":"MultiPolygon","coordinates":[[[[120.426713,28.831985],[120.357914,28.839372],[120.277894,28.930544],[120.183553,28.785162],[119.948562,28.787197],[119.703581,28.533211],[119.574201,28.523888],[119.455696,28.650886],[119.460814,28.73944],[119.311503,28.811897],[119.063962,28.733541],[118.930202,28.640534],[118.878332,28.522056],[118.821786,28.547444],[118.7428,28.509152],[118.700182,28.310397],[118.804168,28.207874],[118.72656,28.000399],[118.897968,27.718909],[118.859631,27.527594],[118.901462,27.464688],[118.990734,27.503352],[119.115095,27.482845],[119.147526,27.424832],[119.267851,27.421468],[119.376808,27.534988],[119.466523,27.52646],[119.501169,27.649901],[119.635569,27.668405],[119.793886,27.826381],[119.831436,27.951617],[120.328928,27.966681],[120.438426,28.234463],[120.346595,28.335126],[120.33818,28.427112],[120.374302,28.410821],[120.387786,28.479467],[120.313376,28.522181],[120.332963,28.580563],[120.371152,28.573615],[120.32253,28.6698],[120.426713,28.831985]]]]}},{"type":"Feature","properties":{"adcode":"340100","name":"合肥市"},"geometry":{"type":"MultiPolygon","coordinates":[[[[117.032273,31.256607],[117.13599,31.073155],[117.175314,31.087451],[117.371453,30.950994],[117.441567,30.967916],[117.494808,30.996005],[117.558774,31.159111],[117.525266,31.200573],[117.633845,31.297125],[117.705628,31.458707],[117.965399,31.498239],[117.919784,31.54923],[117.971929,31.620486],[117.901385,31.811782],[117.951862,31.906229],[117.868116,31.928982],[117.82946,31.994789],[117.863921,32.195498],[117.673216,32.250985],[117.498145,32.203532],[117.40825,32.26762],[117.44171,32.366524],[117.369546,32.382508],[117.408297,32.468565],[117.28294,32.442751],[117.157773,32.535866],[117.09457,32.531995],[117.009203,32.404567],[117.067354,32.280054],[116.978412,32.152271],[117.047001,32.051767],[117.029937,32.006998],[116.923789,32.013523],[116.716067,31.884207],[116.740567,31.857911],[116.702006,31.832082],[116.759442,31.7469],[116.763255,31.58238],[116.829747,31.519083],[117.002101,31.56081],[117.187039,31.552085],[117.242282,31.508185],[117.113064,31.438485],[117.032273,31.256607]]]]}},{"type":"Feature","properties":{"adcode":"340200","name":"芜湖市"},"geometry":{"type":"MultiPolygon","coordinates":[[[[118.656866,31.304654],[118.575122,31.291345],[118.524979,31.401788],[118.444998,31.393472],[118.376552,31.532518],[118.326171,31.444149],[118.248239,31.533576],[118.135084,31.51702],[118.16516,31.399139],[117.991233,31.438537],[117.965399,31.498239],[117.778459,31.4812],[117.705628,31.458707],[117.633845,31.297125],[117.525266,31.200573],[117.552387,31.145197],[117.483941,31.035837],[117.66049,30.940031],[117.807391,31.129742],[117.923788,31.068318],[118.005818,31.078204],[118.03251,31.017173],[118.143807,30.970682],[118.1572,30.901383],[118.013397,30.862347],[117.966781,30.799099],[118.115732,30.71938],[118.1368,30.652195],[118.218354,30.709458],[118.30496,30.698146],[118.275694,30.736449],[118.33823,30.826812],[118.409536,30.84871],[118.48027,30.76642],[118.472119,30.875077],[118.733558,31.149446],[118.656866,31.304654]]]]}},{"type":"Feature","properties":{"adcode":"340300","name":"蚌埠市"},"geometry":{"type":"MultiPolygon","coordinates":[[[[116.735657,32.928663],[117.054437,32.729688],[117.195905,32.734699],[117.284942,32.817447],[117.471167,32.837157],[117.531224,32.980576],[117.64619,32.912308],[117.762587,33.040833],[118.011347,33.001759],[118.07455,33.117318],[117.942377,33.225043],[117.985894,33.320243],[117.737801,33.275068],[117.631939,33.343677],[117.477077,33.347772],[117.391519,33.456249],[117.24314,33.501537],[117.202721,33.423472],[117.15968,33.457543],[117.133417,33.387366],[117.060728,33.392288],[117.099289,33.307746],[116.820452,33.302197],[116.815304,33.155405],[116.754723,33.13109],[116.748622,33.060858],[116.810586,32.99541],[116.735657,32.928663]]]]}},{"type":"Feature","properties":{"adcode":"340400","name":"淮南市"},"geometry":{"type":"MultiPolygon","coordinates":[[[[116.771072,31.911286],[116.923789,32.013523],[117.029937,32.006998],[117.047001,32.051767],[116.978412,32.152271],[117.072215,32.266256],[117.045619,32.381145],[117.00458,32.386228],[117.079603,32.511589],[117.2011,32.534035],[117.172406,32.664675],[117.205152,32.728279],[117.125266,32.75782],[117.046334,32.716167],[116.790996,32.905014],[116.382416,33.004777],[116.365877,32.940694],[116.460252,32.680972],[116.628984,32.575197],[116.484799,32.439347],[116.524694,32.116434],[116.551911,32.042036],[116.677936,31.976263],[116.680509,31.915552],[116.771072,31.911286]]]]}},{"type":"Feature","properties":{"adcode":"340500","name":"马鞍山市"},"geometry":{"type":"Polygon","coordinates":[[[118.883701,31.500143],[118.851146,31.392518],[118.617543,31.294103],[118.575122,31.291345],[118.524979,31.401788],[118.444998,31.393472],[118.376552,31.532518],[118.326171,31.444149],[118.248239,31.533576],[118.135084,31.51702],[118.16516,31.399139],[117.991233,31.438537],[117.919784,31.54923],[117.971929,31.620486],[117.901385,31.811782],[117.951862,31.906229],[118.083988,31.8538],[118.385084,32.05813],[118.369021,31.956153],[118.47231,31.879623],[118.482176,31.778344],[118.684893,31.724893],[118.643616,31.650019],[118.799049,31.666393],[118.802767,31.619482],[118.868735,31.611397],[118.883701,31.500143]]]}},{"type":"Feature","properties":{"adcode":"340600","name":"淮北市"},"geometry":{"type":"MultiPolygon","coordinates":[[[[116.393713,33.783082],[116.55153,33.588578],[116.547478,33.467897],[116.700004,33.474056],[116.804628,33.422902],[116.789089,33.319777],[116.849909,33.281553],[116.923407,33.30702],[116.971358,33.42834],[116.904961,33.47711],[116.937039,33.580307],[116.859728,33.62429],[116.928221,33.702948],[116.99948,33.938336],[116.947668,34.031004],[116.973074,34.07897],[116.833512,34.066223],[116.803055,33.993712],[116.604199,34.021335],[116.642712,33.892454],[116.567068,33.908214],[116.393713,33.783082]]],[[[117.031558,34.166709],[117.049575,34.242406],[116.988803,34.205208],[116.982177,34.137285],[117.031558,34.166709]]]]}},{"type":"Feature","properties":{"adcode":"340700","name":"铜陵市"},"geometry":{"type":"MultiPolygon","coordinates":[[[[117.156248,31.072411],[117.082654,30.974885],[117.101005,30.767379],[117.241376,30.690356],[117.217068,30.630626],[117.366829,30.694251],[117.470404,30.678989],[117.701815,30.806614],[117.78375,30.749729],[118.164779,30.907186],[118.005818,31.078204],[117.897954,31.07831],[117.850718,31.140205],[117.781319,31.111468],[117.66049,30.940031],[117.507534,31.003452],[117.277315,30.984728],[117.156248,31.072411]]],[[[117.297144,30.487209],[117.256724,30.458543],[117.281129,30.414458],[117.326648,30.470631],[117.297144,30.487209]]],[[[116.960728,30.628544],[116.967354,30.657053],[116.934465,30.661323],[116.960728,30.628544]]]]}},{"type":"Feature","properties":{"adcode":"340800","name":"安庆市"},"geometry":{"type":"Polygon","coordinates":[[[116.903341,30.357289],[116.920547,30.257966],[116.816925,30.115075],[116.747335,30.057248],[116.611015,30.070728],[116.558727,29.924338],[116.280796,29.788882],[116.135181,29.819412],[116.077936,29.956117],[116.064352,30.206873],[115.904438,30.310051],[115.899481,30.537889],[115.765544,30.707537],[115.85153,30.756715],[115.885705,30.877846],[116.07174,30.956688],[116.050958,31.049554],[116.092664,31.082668],[116.222455,31.061781],[116.342712,31.15242],[116.437707,31.128414],[116.543474,31.181941],[116.530605,31.021002],[116.614018,31.073899],[116.70968,31.043228],[116.919356,31.151305],[117.006725,31.267693],[117.071358,31.236871],[117.14395,31.039293],[117.082654,30.974885],[117.101005,30.767379],[117.241376,30.690356],[117.247906,30.58929],[117.213397,30.476941],[117.025457,30.494267],[116.9011,30.436503],[116.903341,30.357289]],[[116.956963,30.658013],[116.92212,30.654277],[116.960728,30.628544],[116.956963,30.658013]]]}},{"type":"Feature","properties":{"adcode":"341000","name":"黄山市"},"geometry":{"type":"MultiPolygon","coordinates":[[[[118.868878,30.10144],[118.69781,30.056818],[118.548668,29.945203],[118.494474,30.072124],[118.355103,30.111908],[118.266638,30.259842],[118.305532,30.351399],[118.231604,30.445651],[118.107582,30.42928],[118.089612,30.51731],[117.951481,30.489134],[117.940137,30.33469],[117.842997,30.260378],[117.831366,30.182202],[117.559965,30.0834],[117.541043,30.11062],[117.511491,30.037105],[117.206152,29.974288],[117.206248,29.927511],[117.292425,29.822803],[117.418783,29.850417],[117.534274,29.598545],[117.647954,29.614893],[117.736038,29.551539],[118.003864,29.578094],[118.13456,29.508778],[118.1766,29.404714],[118.316113,29.422606],[118.306581,29.47945],[118.495904,29.519578],[118.573883,29.638357],[118.744712,29.738786],[118.755627,29.845412],[118.899478,29.981437],[118.868878,30.10144]]]]}},{"type":"Feature","properties":{"adcode":"341100","name":"滁州市"},"geometry":{"type":"MultiPolygon","coordinates":[[[[117.951862,31.906229],[118.083988,31.8538],[118.499097,32.120376],[118.509822,32.19429],[118.64414,32.20999],[118.692615,32.46511],[118.608582,32.470554],[118.581271,32.594543],[118.907867,32.592295],[118.898668,32.56045],[119.067447,32.462439],[119.134511,32.491545],[119.176933,32.593811],[119.230984,32.607141],[119.18494,32.825634],[119.113062,32.822922],[119.026313,32.947255],[118.865255,32.955014],[118.791042,32.848418],[118.747858,32.858687],[118.724454,32.72191],[118.375313,32.718987],[118.233034,32.916267],[118.293378,32.947151],[118.178173,33.217983],[118.050337,33.133792],[118.011347,33.001759],[117.913492,32.987655],[117.886752,33.046607],[117.787515,33.045202],[117.657534,32.910745],[117.531224,32.980576],[117.471167,32.837157],[117.255819,32.80566],[117.162349,32.686874],[117.209012,32.472544],[117.380938,32.464377],[117.377315,32.398385],[117.44171,32.366524],[117.395761,32.283727],[117.498145,32.203532],[117.652434,32.260799],[117.847191,32.217445],[117.868259,32.075957],[117.810918,32.002262],[117.951862,31.906229]]]]}},{"type":"Feature","properties":{"adcode":"341200","name":"阜阳市"},"geometry":{"type":"Polygon","coordinates":[[[115.508632,32.468565],[115.443713,32.543294],[115.201102,32.591824],[115.206345,32.79768],[115.14052,32.897512],[114.883371,32.983751],[114.933085,33.144911],[115.153247,33.084413],[115.301483,33.141638],[115.358776,33.311428],[115.316354,33.448897],[115.366592,33.523473],[115.639757,33.585115],[115.676697,33.508729],[115.897383,33.400525],[115.916497,33.215491],[115.839423,33.262824],[115.850196,33.136078],[116.051053,33.044266],[116.280319,32.859052],[116.370881,32.900221],[116.439614,32.821619],[116.460252,32.680972],[116.628984,32.575197],[116.484799,32.439347],[116.271692,32.520955],[116.176411,32.425363],[116.090948,32.539162],[115.967355,32.605103],[115.788756,32.468931],[115.701197,32.495313],[115.66745,32.40991],[115.563875,32.402995],[115.508632,32.468565]]]}},{"type":"Feature","properties":{"adcode":"341300","name":"宿州市"},"geometry":{"type":"MultiPolygon","coordinates":[[[[116.604199,34.021335],[116.784418,34.011357],[116.811682,34.067919],[116.973074,34.07897],[116.990471,33.92495],[116.939279,33.705116],[116.859728,33.62429],[116.937039,33.580307],[116.90458,33.505987],[116.958822,33.452314],[116.924218,33.34658],[116.953531,33.286637],[117.095523,33.284873],[117.08232,33.406638],[117.125504,33.380993],[117.139708,33.442011],[117.202721,33.423472],[117.24314,33.501537],[117.365399,33.470951],[117.477077,33.347772],[117.642997,33.333465],[117.710585,33.282954],[117.972691,33.330095],[118.029269,33.372236],[118.05067,33.492067],[118.108106,33.475091],[118.185322,33.744959],[118.065589,33.765802],[117.752673,33.711517],[117.758631,33.885655],[117.715399,33.879267],[117.629746,34.02869],[117.575742,33.982908],[117.514779,34.060877],[117.435466,34.02833],[117.357153,34.088221],[117.192711,34.068742],[117.038374,34.167428],[116.982177,34.137285],[117.035085,34.23189],[116.968974,34.28369],[116.969308,34.388833],[116.828078,34.389243],[116.760681,34.462591],[116.575123,34.488935],[116.59519,34.511539],[116.43051,34.650809],[116.286086,34.608838],[116.247717,34.55177],[116.216925,34.575123],[116.162064,34.459419],[116.213589,34.382227],[116.406105,34.276512],[116.568975,34.283434],[116.541472,34.109956],[116.604199,34.021335]]]]}},{"type":"Feature","properties":{"adcode":"341500","name":"六安市"},"geometry":{"type":"MultiPolygon","coordinates":[[[[116.771072,31.911286],[116.687754,31.903437],[116.681939,31.967999],[116.546858,32.028149],[116.484799,32.439347],[116.271692,32.520955],[116.176411,32.425363],[116.090948,32.539162],[115.967355,32.605103],[115.847336,32.509548],[115.883561,32.489242],[115.942569,32.077692],[115.910253,31.792322],[115.659633,31.760196],[115.48542,31.659791],[115.377126,31.503],[115.382465,31.356598],[115.530081,31.249339],[115.585706,31.144188],[115.645954,31.209596],[115.700815,31.201104],[115.770072,31.113061],[115.869261,31.14764],[116.015019,31.011908],[116.092664,31.082668],[116.222455,31.061781],[116.342712,31.15242],[116.437707,31.128414],[116.543474,31.181941],[116.530605,31.021002],[116.614018,31.073899],[116.777602,31.070019],[117.045285,31.269018],[117.149194,31.483317],[117.237277,31.490461],[117.198288,31.551979],[116.792854,31.543941],[116.759442,31.7469],[116.692521,31.820272],[116.771072,31.911286]]]]}},{"type":"Feature","properties":{"adcode":"341600","name":"亳州市"},"geometry":{"type":"MultiPolygon","coordinates":[[[[116.393713,33.783082],[116.174027,33.708988],[115.98704,33.901159],[115.957583,34.007756],[115.852722,34.003847],[115.780272,34.073162],[115.592665,34.009865],[115.546192,33.875506],[115.636135,33.841187],[115.574838,33.752234],[115.676697,33.508729],[115.897383,33.400525],[115.916497,33.215491],[115.839423,33.262824],[115.825505,33.162678],[116.280319,32.859052],[116.370881,32.900221],[116.382416,33.004777],[116.735657,32.928663],[116.814923,33.021532],[116.752483,33.053108],[116.754723,33.13109],[116.815304,33.155405],[116.804628,33.422902],[116.700004,33.474056],[116.547478,33.467897],[116.55153,33.588578],[116.393713,33.783082]]]]}},{"type":"Feature","properties":{"adcode":"341700","name":"池州市"},"geometry":{"type":"Polygon","coordinates":[[[116.673836,29.709848],[116.812349,29.811713],[116.900147,29.949504],[116.753627,30.048976],[116.920547,30.257966],[116.892425,30.431099],[117.01049,30.489294],[117.213397,30.476941],[117.252244,30.563967],[117.21783,30.620641],[117.366829,30.694251],[117.470404,30.678989],[117.701815,30.806614],[117.78375,30.749729],[117.980413,30.843808],[117.966781,30.799099],[118.115732,30.71938],[118.077934,30.623684],[117.985132,30.561348],[117.940137,30.33469],[117.842997,30.260378],[117.831366,30.182202],[117.559965,30.0834],[117.541043,30.11062],[117.511491,30.037105],[117.206152,29.974288],[117.092807,29.836853],[117.113016,29.712165],[116.848955,29.576421],[116.729985,29.568542],[116.651911,29.63717],[116.673836,29.709848]],[[116.698956,29.7078],[116.705819,29.697128],[116.703388,29.710063],[116.698956,29.7078]],[[116.706534,29.696588],[116.705057,29.688664],[116.717163,29.690767],[116.706534,29.696588]],[[117.297144,30.487209],[117.256724,30.458543],[117.281129,30.414458],[117.326648,30.470631],[117.297144,30.487209]]]}},{"type":"Feature","properties":{"adcode":"341800","name":"宣城市"},"geometry":{"type":"MultiPolygon","coordinates":[[[[118.868878,30.10144],[118.910822,30.187512],[118.879888,30.314872],[118.955388,30.359216],[119.188181,30.291674],[119.403052,30.374368],[119.349525,30.408625],[119.326551,30.533025],[119.242566,30.530032],[119.253672,30.596447],[119.372357,30.680377],[119.433653,30.644454],[119.482747,30.704442],[119.480126,30.773298],[119.573739,30.853344],[119.629554,31.085538],[119.371403,31.197707],[119.356627,31.303275],[119.337562,31.258888],[119.181127,31.300465],[119.105293,31.23528],[118.986466,31.231141],[118.781413,31.239843],[118.656866,31.304654],[118.733558,31.149446],[118.510251,30.9511],[118.48475,30.79025],[118.358916,30.84578],[118.302577,30.793822],[118.314445,30.705083],[118.171214,30.691637],[117.985132,30.561348],[117.970118,30.512231],[118.130747,30.49817],[118.107582,30.42928],[118.21373,30.466833],[118.305532,30.351399],[118.290708,30.199526],[118.370642,30.099722],[118.494474,30.072124],[118.548668,29.945203],[118.730365,30.070298],[118.868878,30.10144]]]]}},{"type":"Feature","properties":{"adcode":"350100","name":"福州市"},"geometry":{"type":"MultiPolygon","coordinates":[[[[119.799983,26.546836],[119.763664,26.577063],[119.565492,26.546455],[119.473889,26.631356],[119.29902,26.591436],[119.246662,26.532886],[119.196107,26.568876],[119.135022,26.542409],[119.057801,26.603665],[118.827551,26.426374],[118.748185,26.510792],[118.731171,26.43843],[118.794157,26.340463],[118.720543,26.340368],[118.663261,26.227901],[118.578483,26.204029],[118.593596,26.061699],[118.516375,26.059308],[118.507746,25.901531],[118.409806,25.889419],[118.430915,25.730552],[118.523736,25.659097],[118.653657,25.711757],[119.152231,25.744741],[119.133316,25.646337],[119.180702,25.555101],[119.227746,25.564607],[119.223798,25.48969],[119.288002,25.410978],[119.35367,25.411844],[119.357034,25.520719],[119.485931,25.422418],[119.485736,25.367275],[119.548527,25.366073],[119.555352,25.429147],[119.636034,25.33866],[119.648905,25.461681],[119.772537,25.395066],[119.764249,25.433377],[119.83991,25.46269],[119.81456,25.529411],[119.887296,25.552412],[119.791403,25.665381],[119.700288,25.616396],[119.723932,25.517549],[119.674986,25.47499],[119.473012,25.662311],[119.612049,25.703557],[119.628478,25.872038],[119.715206,25.96327],[119.72364,26.011538],[119.667137,26.028946],[119.603664,26.153118],[119.676254,26.26308],[119.797692,26.268234],[119.954474,26.35272],[119.861458,26.391054],[119.799983,26.546836]]],[[[120.495608,26.371936],[120.478155,26.381138],[120.484981,26.355438],[120.495608,26.371936]]],[[[119.899825,25.582128],[119.897485,25.606942],[119.876619,25.587168],[119.899825,25.582128]]],[[[119.579873,25.627145],[119.613219,25.668499],[119.560714,25.635014],[119.579873,25.627145]]],[[[120.006297,26.215202],[120.000885,26.23616],[119.969587,26.191136],[120.006297,26.215202]]],[[[119.967491,25.945374],[119.992988,25.964658],[119.976461,25.964754],[119.967491,25.945374]]],[[[119.705065,25.352848],[119.735925,25.362514],[119.724468,25.378671],[119.705065,25.352848]]],[[[119.69434,25.30388],[119.712183,25.314464],[119.699215,25.327789],[119.69434,25.30388]]],[[[119.929465,26.134295],[119.955937,26.148866],[119.928832,26.160331],[119.929465,26.134295]]],[[[119.642908,26.129326],[119.627259,26.173132],[119.605419,26.154838],[119.642908,26.129326]]],[[[119.88403,26.410979],[119.892853,26.41484],[119.885882,26.419892],[119.88403,26.410979]]],[[[119.474035,25.331349],[119.488124,25.329665],[119.489197,25.351357],[119.474035,25.331349]]],[[[119.66236,25.646576],[119.721933,25.639812],[119.716863,25.664758],[119.66236,25.646576]]],[[[119.67328,25.756725],[119.683128,25.762668],[119.672402,25.765927],[119.67328,25.756725]]],[[[119.676156,26.124405],[119.684151,26.140936],[119.662214,26.133865],[119.676156,26.124405]]],[[[119.757326,25.298491],[119.764444,25.28959],[119.767564,25.298828],[119.757326,25.298491]]],[[[119.915815,26.418176],[119.90704,26.406976],[119.918886,26.409359],[119.915815,26.418176]]],[[[119.999228,26.239692],[120.011269,26.24752],[120.002592,26.246661],[119.999228,26.239692]]],[[[119.937119,25.963797],[119.953256,25.976236],[119.930197,25.978628],[119.937119,25.963797]]],[[[119.639593,25.672001],[119.641348,25.66754],[119.65963,25.680106],[119.639593,25.672001]]],[[[119.390379,25.435107],[119.399008,25.436597],[119.396473,25.443517],[119.390379,25.435107]]],[[[119.636522,26.114705],[119.644371,26.109114],[119.647978,26.118145],[119.636522,26.114705]]],[[[119.987138,26.262555],[119.993865,26.28045],[119.98197,26.267804],[119.987138,26.262555]]],[[[120.221483,26.331974],[120.234353,26.34156],[120.223774,26.338651],[120.221483,26.331974]]],[[[119.649295,25.66495],[119.66392,25.654636],[119.661238,25.67296],[119.649295,25.66495]]],[[[119.579776,25.668403],[119.582311,25.66164],[119.59094,25.674111],[119.579776,25.668403]]]]}},{"type":"Feature","properties":{"adcode":"350200","name":"厦门市"},"geometry":{"type":"MultiPolygon","coordinates":[[[[118.049001,24.418318],[118.1505,24.5835],[118.242883,24.512485],[118.377435,24.561575],[118.329611,24.605324],[118.337021,24.771032],[118.161567,24.897618],[118.085564,24.863727],[118.015802,24.901818],[117.971146,24.848081],[117.917715,24.879515],[117.965394,24.671014],[117.892365,24.611565],[117.91206,24.53345],[117.964077,24.444046],[118.049001,24.418318]]],[[[118.204467,24.504786],[118.111695,24.555282],[118.069038,24.467735],[118.143236,24.420838],[118.204467,24.504786]]],[[[118.378849,24.555525],[118.394888,24.554411],[118.385382,24.560075],[118.378849,24.555525]]],[[[118.071329,24.43518],[118.074937,24.446856],[118.061823,24.453154],[118.071329,24.43518]]]]}},{"type":"Feature","properties":{"adcode":"350300","name":"莆田市"},"geometry":{"type":"MultiPolygon","coordinates":[[[[118.899849,25.241366],[119.014364,25.274432],[118.989989,25.201839],[119.055217,25.219462],[119.029136,25.13961],[119.134291,25.106074],[119.119422,25.012646],[119.165784,25.145439],[119.108063,25.194086],[119.138533,25.224661],[119.261043,25.175641],[119.31345,25.189415],[119.293365,25.235108],[119.378289,25.248923],[119.171049,25.37593],[119.151646,25.426504],[119.232232,25.442267],[119.227746,25.564607],[119.168807,25.566335],[119.133999,25.633383],[119.152231,25.744741],[118.951524,25.712716],[118.952597,25.760032],[118.73785,25.678188],[118.634937,25.708496],[118.54348,25.671521],[118.464748,25.516253],[118.512865,25.317591],[118.655705,25.301955],[118.692024,25.169332],[118.899849,25.241366]]],[[[119.471013,25.197072],[119.570903,25.193364],[119.488466,25.247046],[119.451708,25.242329],[119.471013,25.197072]]],[[[119.58002,25.263892],[119.577533,25.26986],[119.570903,25.259272],[119.58002,25.263892]]],[[[119.371805,25.114893],[119.377899,25.120241],[119.369563,25.128866],[119.371805,25.114893]]],[[[119.517131,25.264758],[119.530489,25.265769],[119.525419,25.278522],[119.517131,25.264758]]],[[[119.048344,25.101496],[119.049611,25.094749],[119.05824,25.102604],[119.048344,25.101496]]],[[[119.59211,25.187344],[119.602201,25.187633],[119.595181,25.194761],[119.59211,25.187344]]],[[[119.342165,25.311962],[119.34938,25.318698],[119.345236,25.323845],[119.342165,25.311962]]],[[[119.57885,25.248538],[119.587527,25.241318],[119.584895,25.250945],[119.57885,25.248538]]],[[[119.018118,25.17333],[119.036205,25.184262],[119.015486,25.182336],[119.018118,25.17333]]],[[[119.368149,25.326539],[119.37707,25.327453],[119.362835,25.334283],[119.368149,25.326539]]],[[[119.461116,24.982307],[119.459508,24.992196],[119.449855,24.994752],[119.461116,24.982307]]]]}},{"type":"Feature","properties":{"adcode":"350400","name":"三明市"},"geometry":{"type":"MultiPolygon","coordinates":[[[[117.71813,25.511978],[117.892901,25.497424],[118.030086,25.568639],[118.043249,25.604783],[117.937411,25.658426],[118.000104,25.685814],[117.976362,25.760463],[118.076935,25.876922],[118.295924,25.922593],[118.43618,25.918477],[118.459824,25.865813],[118.507259,25.896122],[118.516375,26.059308],[118.591939,26.052232],[118.564541,26.168499],[118.655851,26.26265],[118.333218,26.438049],[118.13607,26.365738],[118.003419,26.511315],[118.011122,26.56959],[117.901579,26.563926],[117.826551,26.667505],[117.667575,26.634733],[117.604101,26.686574],[117.671475,26.783866],[117.579092,26.92317],[117.505332,26.926729],[117.546234,26.9929],[117.458142,27.003285],[117.383455,27.099499],[117.286636,27.129152],[117.255241,27.034907],[117.180165,27.093198],[117.032401,27.089739],[116.936362,27.019311],[116.704893,26.990909],[116.548647,26.840007],[116.511986,26.708254],[116.627964,26.445483],[116.601395,26.372938],[116.519396,26.41036],[116.413071,26.298057],[116.392498,26.170314],[116.481907,26.137974],[116.400103,26.033059],[116.481468,25.974849],[116.625429,25.99298],[116.820237,25.783898],[116.904674,25.849914],[117.008318,25.857768],[117.081737,25.652573],[117.132681,25.650175],[117.197179,25.559326],[117.283516,25.665093],[117.265917,25.715353],[117.354302,25.785863],[117.392182,25.658714],[117.48788,25.739325],[117.748258,25.596288],[117.688928,25.535078],[117.71813,25.511978]]]]}},{"type":"Feature","properties":{"adcode":"350500","name":"泉州市"},"geometry":{"type":"MultiPolygon","coordinates":[[[[118.899849,25.241366],[118.70465,25.157579],[118.655705,25.301955],[118.533389,25.291274],[118.464748,25.516253],[118.544845,25.656555],[118.382115,25.814132],[118.41239,25.875582],[118.285345,25.930825],[118.232938,25.883769],[118.156399,25.907898],[118.031402,25.864041],[117.976362,25.760463],[118.006003,25.691857],[117.937411,25.658426],[118.039495,25.59216],[117.980945,25.516349],[117.820165,25.517069],[117.798032,25.478017],[117.731682,25.509385],[117.6139,25.222254],[117.555399,25.21171],[117.731585,25.051077],[117.618239,24.964457],[117.616728,24.877101],[117.802663,24.852669],[117.893632,24.887191],[117.971146,24.848081],[117.990305,24.892839],[118.194961,24.892646],[118.334876,24.774559],[118.329611,24.605324],[118.518569,24.605904],[118.579946,24.507207],[118.680324,24.582241],[118.652438,24.6537],[118.785431,24.77683],[118.650391,24.808765],[118.647905,24.843638],[118.991841,24.880336],[118.93334,24.949355],[119.013926,24.94149],[119.024066,25.043507],[118.960348,25.02176],[118.889172,25.084194],[118.974779,25.115182],[118.985504,25.166105],[118.899849,25.241366]]],[[[118.412536,24.514325],[118.318739,24.486625],[118.281932,24.410419],[118.469818,24.425296],[118.4549,24.504447],[118.412536,24.514325]]],[[[118.230403,24.401308],[118.27345,24.441139],[118.233864,24.445791],[118.230403,24.401308]]],[[[119.004419,25.181951],[119.000958,25.185851],[118.994181,25.172559],[119.004419,25.181951]]],[[[119.028307,25.029669],[119.03679,25.031549],[119.027039,25.04047],[119.028307,25.029669]]]]}},{"type":"Feature","properties":{"adcode":"350600","name":"漳州市"},"geometry":{"type":"MultiPolygon","coordinates":[[[[116.903894,24.369851],[116.991158,24.189875],[116.934899,24.126945],[116.962054,23.861385],[117.022456,23.838752],[117.053217,23.698386],[117.192596,23.62956],[117.192937,23.561625],[117.302627,23.550405],[117.463748,23.585185],[117.488855,23.679477],[117.601518,23.701943],[117.691024,23.889027],[117.76259,23.886983],[117.910646,24.011784],[118.019409,24.197254],[118.143431,24.251804],[118.086295,24.410322],[117.964077,24.444046],[117.886027,24.590178],[117.954717,24.64925],[117.959153,24.823981],[117.893632,24.887191],[117.81256,24.849964],[117.636618,24.866865],[117.604345,24.947908],[117.737142,25.026534],[117.555692,25.194231],[117.484564,25.164901],[117.493145,24.962093],[117.286588,24.990507],[117.237447,24.923393],[117.184406,24.925854],[117.137508,24.784803],[117.070768,24.785866],[117.069208,24.821953],[117.02348,24.773641],[117.043467,24.633626],[117.006222,24.544294],[116.929439,24.513599],[116.903894,24.369851]]],[[[117.711548,23.772728],[117.72437,23.775942],[117.708184,23.779205],[117.711548,23.772728]]],[[[117.683711,23.784611],[117.692828,23.774919],[117.690293,23.783929],[117.683711,23.784611]]],[[[118.151134,24.318358],[118.15635,24.331548],[118.146259,24.339113],[118.151134,24.318358]]],[[[117.669476,23.790503],[117.67674,23.788312],[117.67128,23.803358],[117.669476,23.790503]]]]}},{"type":"Feature","properties":{"adcode":"350700","name":"南平市"},"geometry":{"type":"MultiPolygon","coordinates":[[[[119.262116,27.420623],[118.99072,27.503355],[118.901457,27.464688],[118.857874,27.516713],[118.910184,27.570317],[118.900044,27.705013],[118.818435,27.916692],[118.729903,27.97259],[118.720348,28.045417],[118.805906,28.153063],[118.802055,28.240443],[118.719373,28.312057],[118.595741,28.256992],[118.495607,28.273116],[118.490683,28.238427],[118.430379,28.279537],[118.350427,28.250288],[118.314888,28.22286],[118.374315,28.187967],[118.356229,28.091672],[118.153815,28.061855],[118.097021,27.967608],[117.855997,27.94589],[117.741969,27.801183],[117.60259,27.869562],[117.530731,27.981708],[117.276642,27.84806],[117.29468,27.76394],[117.243979,27.718111],[117.003394,27.625969],[117.020018,27.557107],[117.084906,27.564089],[117.126149,27.434463],[117.100262,27.339153],[117.171877,27.290261],[117.048781,27.152263],[117.053217,27.101442],[117.160957,27.110253],[117.242371,27.041449],[117.282005,27.057848],[117.276252,27.126311],[117.43908,27.064957],[117.546234,26.9929],[117.50387,26.943667],[117.579092,26.92317],[117.670646,26.804767],[117.593522,26.70293],[117.695753,26.641012],[117.853998,26.679631],[117.878325,26.557166],[118.011122,26.56959],[118.003419,26.511315],[118.131585,26.377658],[118.333218,26.438049],[118.327856,26.407405],[118.443493,26.395011],[118.436814,26.355772],[118.592329,26.323817],[118.668672,26.243416],[118.663359,26.329207],[118.549623,26.412981],[118.618947,26.554025],[118.580823,26.565068],[118.572292,26.683435],[118.631817,26.852257],[118.696022,26.872102],[118.671792,26.94732],[118.837691,26.988585],[118.958106,27.117216],[118.929733,27.168978],[119.136436,27.056332],[119.207027,27.232025],[119.26353,27.197619],[119.204931,27.260887],[119.262116,27.420623]]]]}},{"type":"Feature","properties":{"adcode":"350800","name":"龙岩市"},"geometry":{"type":"MultiPolygon","coordinates":[[[[116.400103,26.033059],[116.369975,25.963318],[116.130706,25.858726],[116.181602,25.776423],[116.05758,25.660153],[116.000834,25.324855],[115.855606,25.209447],[115.928293,25.050498],[115.88198,24.995041],[115.908451,24.923296],[116.06889,24.849964],[116.181066,24.875121],[116.251267,24.793403],[116.379238,24.877535],[116.384405,24.790939],[116.486977,24.718592],[116.50677,24.62129],[116.777581,24.679574],[116.815314,24.654571],[116.758373,24.546618],[116.903894,24.369851],[116.944016,24.431885],[116.922078,24.526623],[117.023138,24.571352],[117.056728,24.82374],[117.137508,24.784803],[117.184406,24.925854],[117.219604,24.908431],[117.286588,24.990507],[117.483736,24.958185],[117.484564,25.164901],[117.6139,25.222254],[117.599811,25.293728],[117.68025,25.347269],[117.71813,25.511978],[117.688928,25.535078],[117.748258,25.596288],[117.489927,25.732997],[117.392182,25.658714],[117.375801,25.782413],[117.266697,25.724942],[117.248611,25.687061],[117.285661,25.677469],[117.165783,25.570655],[117.071889,25.668307],[117.024016,25.853122],[116.924174,25.855948],[116.820237,25.783898],[116.652925,25.999389],[116.495508,25.966285],[116.400103,26.033059]]]]}},{"type":"Feature","properties":{"adcode":"350900","name":"宁德市"},"geometry":{"type":"MultiPolygon","coordinates":[[[[119.799983,26.546836],[119.72793,26.614133],[119.577923,26.622269],[119.65339,26.744664],[119.873938,26.642915],[119.924688,26.770182],[120.056364,26.785956],[119.949209,26.624457],[119.84576,26.589009],[119.83913,26.51422],[119.893731,26.51403],[119.946918,26.589722],[120.13807,26.638016],[120.158545,26.746708],[120.049441,26.853492],[120.118765,26.9189],[120.226114,26.91311],[120.28754,27.093909],[120.392062,27.081258],[120.461678,27.142555],[120.340727,27.399647],[120.134511,27.41982],[120.052269,27.33868],[119.960276,27.366096],[119.938874,27.323788],[119.795742,27.310454],[119.606248,27.67476],[119.525906,27.66029],[119.451708,27.513551],[119.376826,27.534977],[119.285029,27.457652],[119.210684,27.297355],[119.271768,27.212575],[119.178557,27.199559],[119.136436,27.056332],[119.001445,27.097225],[118.937387,27.175511],[118.956595,27.127353],[118.837691,26.988585],[118.782652,26.947083],[118.681348,26.963543],[118.692317,26.882213],[118.631817,26.852257],[118.572292,26.683435],[118.580823,26.565068],[118.618947,26.554025],[118.550891,26.391436],[118.696607,26.291472],[118.794157,26.340463],[118.731171,26.43843],[118.746917,26.50241],[118.854803,26.439526],[118.938313,26.465637],[119.051317,26.597194],[119.115912,26.538885],[119.279179,26.535076],[119.316083,26.591293],[119.449075,26.630642],[119.622579,26.521125],[119.763664,26.577063],[119.799983,26.546836]]],[[[118.82526,26.432998],[118.810342,26.432378],[118.827551,26.426374],[118.82526,26.432998]]],[[[120.713329,26.988253],[120.712744,26.974642],[120.725566,26.990529],[120.713329,26.988253]]],[[[120.694414,27.002858],[120.695048,26.993327],[120.708113,27.006983],[120.694414,27.002858]]],[[[120.249466,26.934131],[120.247662,26.914059],[120.267845,26.925543],[120.249466,26.934131]]],[[[120.318155,26.930667],[120.308893,26.939112],[120.283932,26.930098],[120.318155,26.930667]]],[[[119.807588,26.673497],[119.827284,26.674448],[119.797594,26.683721],[119.807588,26.673497]]],[[[120.350867,26.640679],[120.369051,26.634828],[120.35545,26.647291],[120.350867,26.640679]]],[[[119.906796,26.68976],[119.926784,26.664604],[119.950818,26.69247],[119.906796,26.68976]]],[[[119.801251,26.567496],[119.814023,26.560403],[119.816949,26.572684],[119.801251,26.567496]]],[[[120.348625,26.701456],[120.350331,26.690283],[120.372025,26.699316],[120.348625,26.701456]]],[[[120.034377,26.488788],[120.071574,26.521316],[120.036132,26.515935],[120.034377,26.488788]]],[[[120.150063,26.555643],[120.164737,26.554786],[120.157034,26.562355],[120.150063,26.555643]]],[[[120.137387,26.684244],[120.14002,26.691852],[120.125054,26.696511],[120.137387,26.684244]]],[[[120.132659,26.53041],[120.146991,26.527982],[120.147089,26.544408],[120.132659,26.53041]]],[[[120.373634,26.959559],[120.377193,26.952538],[120.392062,26.958847],[120.373634,26.959559]]],[[[120.002982,26.544313],[119.997668,26.533743],[120.011269,26.542599],[120.002982,26.544313]]],[[[119.760885,26.613277],[119.776485,26.599811],[119.818752,26.621032],[119.760885,26.613277]]],[[[119.796766,26.600192],[119.80793,26.600382],[119.8013,26.60614],[119.796766,26.600192]]],[[[120.403908,27.096135],[120.421263,27.097415],[120.425163,27.104474],[120.403908,27.096135]]],[[[120.135925,26.550978],[120.171074,26.598907],[120.117936,26.569114],[120.135925,26.550978]]],[[[120.219581,26.872245],[120.228941,26.87647],[120.224651,26.887102],[120.219581,26.872245]]],[[[120.133682,26.48955],[120.146114,26.489883],[120.14392,26.497933],[120.133682,26.48955]]],[[[120.360617,26.916859],[120.39562,26.926444],[120.339021,26.970373],[120.360617,26.916859]]],[[[120.141531,26.798877],[120.16108,26.787856],[120.161812,26.803437],[120.141531,26.798877]]],[[[119.66821,26.628454],[119.758789,26.659515],[119.673962,26.68082],[119.66821,26.628454]]],[[[119.778045,26.676065],[119.791452,26.688476],[119.777802,26.685147],[119.778045,26.676065]]]]}},{"type":"Feature","properties":{"adcode":"360100","name":"南昌市"},"geometry":{"type":"MultiPolygon","coordinates":[[[[115.475552,29.006186],[115.530581,28.861742],[115.453167,28.732333],[115.559495,28.729408],[115.541823,28.442763],[115.648249,28.392771],[115.630332,28.348407],[115.814222,28.40296],[115.879364,28.286899],[116.073513,28.289005],[116.209001,28.178423],[116.330154,28.24554],[116.359265,28.207605],[116.459948,28.248035],[116.559011,28.468164],[116.446497,28.701198],[116.32014,28.73846],[116.240026,28.82458],[116.40428,28.953929],[116.4005,29.053023],[116.290784,29.108969],[116.249893,28.999414],[116.142288,29.084493],[116.173509,29.118098],[115.937486,29.089664],[115.764199,28.892444],[115.475552,29.006186]]]]}},{"type":"Feature","properties":{"adcode":"360200","name":"景德镇市"},"geometry":{"type":"MultiPolygon","coordinates":[[[[117.70766,29.548977],[117.668977,29.596989],[117.543357,29.58856],[117.451854,29.695953],[117.424805,29.834633],[117.25741,29.831247],[117.246217,29.915086],[117.134685,29.903846],[117.092763,29.836871],[117.112988,29.712136],[117.025853,29.607498],[117.079459,29.309892],[117.008378,29.28195],[117.079999,29.123542],[116.963853,28.886547],[117.248377,28.719196],[117.449939,28.841729],[117.520776,28.810406],[117.557053,28.891341],[117.483026,28.963898],[117.497704,29.1435],[117.398493,29.147734],[117.385386,29.229614],[117.449154,29.271408],[117.431825,29.31066],[117.526323,29.445649],[117.70766,29.548977]]]]}},{"type":"Feature","properties":{"adcode":"360300","name":"萍乡市"},"geometry":{"type":"MultiPolygon","coordinates":[[[[113.921421,26.960038],[114.03742,27.15013],[114.157641,27.242845],[114.030057,27.426087],[114.173497,27.444802],[114.261368,27.563277],[114.157837,27.748717],[114.000996,27.752003],[113.900166,27.829963],[113.990785,27.973596],[113.878713,27.99194],[113.753437,27.934675],[113.727959,27.876044],[113.767231,27.808196],[113.578824,27.545196],[113.616673,27.345379],[113.872626,27.384846],[113.771943,27.096403],[113.921421,26.960038]]]]}},{"type":"Feature","properties":{"adcode":"360400","name":"九江市"},"geometry":{"type":"MultiPolygon","coordinates":[[[[116.688951,29.604104],[116.654146,29.69475],[116.812362,29.811696],[116.900135,29.949507],[116.666861,30.076723],[116.586059,30.046324],[116.558716,29.924306],[116.280819,29.788864],[116.167324,29.82737],[115.909848,29.724218],[115.667885,29.850193],[115.511584,29.840311],[115.41257,29.688844],[115.285918,29.618552],[115.26859,29.658326],[115.122204,29.686165],[115.157353,29.518965],[115.000511,29.572138],[114.860507,29.476067],[114.884168,29.437755],[114.946905,29.462421],[114.89433,29.396742],[114.688939,29.391916],[114.519628,29.325424],[114.266326,29.349733],[114.25317,29.250321],[114.063242,29.204947],[113.962068,29.101819],[113.966731,28.94429],[114.008997,28.955251],[114.080423,28.833237],[114.15391,28.829377],[114.137465,28.779735],[114.224992,28.820113],[114.341187,28.713013],[114.465482,28.696891],[114.484137,28.75336],[114.579861,28.762024],[114.705826,28.685185],[114.917206,28.800974],[114.984459,28.984438],[115.202859,29.086198],[115.445951,29.060616],[115.475552,29.006186],[115.7992,28.899387],[115.915101,29.072115],[115.980685,29.099729],[116.173509,29.118098],[116.142288,29.084493],[116.236884,28.991982],[116.290784,29.108969],[116.373157,29.049666],[116.473005,29.155705],[116.646488,29.229394],[116.537804,29.343258],[116.49971,29.566663],[116.512081,29.600219],[116.607118,29.5717],[116.688951,29.604104]]],[[[116.705838,29.697101],[116.703432,29.710059],[116.698916,29.709458],[116.705838,29.697101]]],[[[116.706525,29.696609],[116.705543,29.688024],[116.717128,29.690758],[116.706525,29.696609]]]]}},{"type":"Feature","properties":{"adcode":"360500","name":"新余市"},"geometry":{"type":"MultiPolygon","coordinates":[[[[114.530919,27.60116],[114.651827,27.542294],[114.77244,27.613766],[114.865269,27.5919],[115.009985,27.650628],[115.054608,27.723367],[115.280224,27.767377],[115.392541,27.869645],[115.136833,27.90197],[115.152051,28.075059],[114.963105,28.090498],[114.912199,28.025117],[114.796249,28.030063],[114.784762,28.099827],[114.666947,28.104158],[114.580549,28.064117],[114.591152,27.966147],[114.492187,27.917323],[114.513001,27.827792],[114.585114,27.807973],[114.530919,27.60116]]]]}},{"type":"Feature","properties":{"adcode":"360600","name":"鹰潭市"},"geometry":{"type":"MultiPolygon","coordinates":[[[[117.446356,27.932729],[117.436832,28.107045],[117.281316,28.146514],[117.302719,28.240217],[117.257311,28.30929],[117.32805,28.450954],[117.262711,28.613208],[117.147694,28.562192],[117.079116,28.606576],[117.011127,28.514635],[116.880744,28.507279],[116.879026,28.388951],[116.798715,28.358157],[116.806864,28.255355],[116.739268,28.264447],[116.692191,28.216203],[116.804361,28.176315],[116.802544,28.108488],[116.933221,28.09333],[117.04544,27.966369],[117.026639,27.854898],[117.115442,27.907867],[117.276604,27.848053],[117.446356,27.932729]]]]}},{"type":"Feature","properties":{"adcode":"360700","name":"赣州市"},"geometry":{"type":"MultiPolygon","coordinates":[[[[114.02073,25.972198],[114.02829,25.893343],[113.913813,25.703775],[113.984109,25.538612],[113.939928,25.459413],[114.040611,25.391193],[114.031382,25.263633],[114.194066,25.317359],[114.302848,25.290841],[114.306236,25.334087],[114.403089,25.334257],[114.540442,25.417008],[114.749368,25.242569],[114.695173,25.19519],[114.735181,25.121293],[114.5616,25.077573],[114.395922,24.951111],[114.335788,24.749085],[114.189795,24.657988],[114.376581,24.571978],[114.428812,24.486252],[114.534159,24.558982],[114.686484,24.538599],[114.752706,24.616221],[114.861636,24.567283],[114.909646,24.661535],[115.073802,24.70426],[115.120732,24.664338],[115.278555,24.754115],[115.358522,24.735136],[115.401279,24.790351],[115.718006,24.539744],[115.844166,24.562703],[115.756738,24.737537],[115.809264,24.892884],[115.893502,24.871071],[115.872295,24.972054],[115.904449,24.96435],[115.928306,25.050489],[115.855604,25.209428],[116.008028,25.321456],[116.065217,25.67615],[116.165606,25.766431],[116.130703,25.858682],[116.369966,25.963313],[116.384742,26.030696],[116.489254,26.113698],[116.482087,26.160149],[116.392498,26.170318],[116.401727,26.27484],[116.511099,26.391167],[116.584243,26.366072],[116.638094,26.479489],[116.473742,26.58362],[116.365941,26.506812],[116.239142,26.548657],[116.276647,26.646874],[116.118676,26.729828],[116.189071,27.017195],[116.122996,27.134446],[116.067475,27.142232],[115.789873,26.824519],[115.708139,26.852714],[115.731555,26.711274],[115.67034,26.641811],[115.554635,26.646311],[115.534754,26.687712],[115.336334,26.67382],[115.218715,26.532045],[115.114939,26.503996],[115.03777,26.410054],[115.079153,26.256269],[115.046017,26.195963],[115.095254,26.154217],[114.909008,26.211777],[114.698315,26.169358],[114.576327,26.23555],[114.428714,26.082042],[114.375059,26.116524],[114.257686,26.026171],[114.02073,25.972198]]]]}},{"type":"Feature","properties":{"adcode":"360800","name":"吉安市"},"geometry":{"type":"MultiPolygon","coordinates":[[[[114.281936,27.578064],[114.144043,27.430947],[114.041348,27.434244],[114.02181,27.391665],[114.142227,27.318594],[114.14851,27.265284],[114.013416,27.122626],[113.83576,26.806373],[113.884948,26.63579],[114.10811,26.575007],[114.08543,26.406277],[113.95117,26.169584],[114.216794,26.203136],[114.188911,26.121272],[114.035211,26.058973],[114.027062,25.991493],[114.294503,26.036861],[114.375059,26.116524],[114.428714,26.082042],[114.576327,26.23555],[114.698315,26.169358],[114.99732,26.19811],[115.078269,26.144554],[115.067469,26.323991],[115.026529,26.359473],[115.096138,26.487715],[115.217291,26.513572],[115.328872,26.662907],[115.526703,26.695417],[115.537405,26.656438],[115.67034,26.641811],[115.715159,26.689399],[115.705292,26.841313],[115.785406,26.804126],[115.935375,26.965031],[115.861004,27.005867],[115.819425,27.105985],[115.718399,27.100326],[115.630037,27.213292],[115.719822,27.425081],[115.630724,27.469099],[115.607014,27.575776],[115.730327,27.757964],[115.510553,27.896741],[115.485517,27.957307],[115.471232,27.926222],[115.413355,27.954749],[115.405795,27.872539],[115.297602,27.777736],[115.139189,27.709324],[115.058535,27.73256],[115.019214,27.654364],[114.976015,27.674712],[114.848431,27.582639],[114.79242,27.62375],[114.634744,27.530238],[114.530919,27.60116],[114.38635,27.550386],[114.281936,27.578064]]]]}},{"type":"Feature","properties":{"adcode":"360900","name":"宜春市"},"geometry":{"type":"MultiPolygon","coordinates":[[[[114.530919,27.60116],[114.585114,27.807973],[114.513001,27.827792],[114.492187,27.917323],[114.591152,27.966147],[114.588894,28.079835],[114.759922,28.101548],[114.779804,28.044841],[114.882794,28.022284],[114.98279,28.093052],[115.126426,28.082001],[115.158776,28.067561],[115.136833,27.90197],[115.405795,27.872539],[115.393621,27.945574],[115.52744,27.949078],[115.560919,27.861131],[115.842645,27.730332],[115.86552,27.85501],[116.027026,27.908201],[116.104391,27.985937],[116.150781,28.128808],[116.077441,28.156615],[116.116025,28.237167],[116.044305,28.295989],[115.879364,28.286899],[115.814222,28.40296],[115.672549,28.337383],[115.621986,28.345582],[115.654582,28.381253],[115.598522,28.417299],[115.531661,28.39255],[115.559495,28.729408],[115.438686,28.759982],[115.52258,28.892278],[115.47133,29.02391],[115.315078,29.099344],[115.000118,29.009268],[114.892612,28.769859],[114.705826,28.685185],[114.567295,28.771459],[114.484137,28.75336],[114.465482,28.696891],[114.345556,28.70578],[114.213358,28.828936],[114.094708,28.562247],[114.219298,28.470544],[114.19004,28.441324],[114.252482,28.395762],[114.250617,28.318212],[114.068691,28.171654],[113.992651,28.161443],[114.04714,28.057452],[113.93065,28.015338],[113.997658,27.94107],[113.891182,27.870981],[114.000996,27.752003],[114.142276,27.76125],[114.195882,27.641372],[114.334757,27.557306],[114.530919,27.60116]]]]}},{"type":"Feature","properties":{"adcode":"361000","name":"抚州市"},"geometry":{"type":"MultiPolygon","coordinates":[[[[115.935375,26.965031],[116.007488,27.112317],[116.095849,27.141336],[116.189071,27.017195],[116.118676,26.729828],[116.256422,26.658969],[116.243217,26.555583],[116.304922,26.499039],[116.375513,26.509066],[116.451946,26.59893],[116.538982,26.561214],[116.548653,26.840021],[116.659252,26.962226],[117.052902,27.100326],[117.171895,27.290292],[117.109453,27.326871],[117.09885,27.544135],[117.020061,27.557083],[117.003419,27.62598],[117.061002,27.669026],[117.094039,27.627821],[117.114313,27.692048],[117.202675,27.683575],[117.294669,27.763924],[117.303063,27.830186],[117.115442,27.907867],[117.045146,27.848331],[117.011912,27.880496],[117.04544,27.966369],[116.933221,28.09333],[116.802544,28.108488],[116.804361,28.176315],[116.692191,28.216203],[116.817615,28.287564],[116.774171,28.365745],[116.743637,28.402462],[116.581837,28.379647],[116.554887,28.496879],[116.559845,28.407057],[116.466967,28.25236],[116.330154,28.24554],[116.229815,28.160278],[116.116025,28.237167],[116.08181,28.148013],[116.137085,28.069505],[116.079061,27.947076],[115.906805,27.880829],[115.842645,27.730332],[115.735089,27.729607],[115.607014,27.575776],[115.630724,27.469099],[115.719822,27.425081],[115.630037,27.213292],[115.935375,26.965031]]]]}},{"type":"Feature","properties":{"adcode":"361100","name":"上饶市"},"geometry":{"type":"MultiPolygon","coordinates":[[[[117.446356,27.932729],[117.521807,27.982379],[117.602559,27.869534],[117.730978,27.803463],[117.85596,27.945852],[118.070777,27.977432],[118.135133,28.053674],[118.339101,28.088221],[118.379158,28.16727],[118.314851,28.222858],[118.461089,28.301254],[118.474687,28.467224],[118.413374,28.555115],[118.432862,28.676515],[118.378716,28.784646],[118.269835,28.918618],[118.199392,28.902969],[118.227815,28.942417],[118.127132,29.016094],[118.099936,28.990385],[118.045888,29.088838],[118.071906,29.287001],[118.169349,29.297596],[118.20867,29.360376],[118.136115,29.418896],[118.143822,29.489765],[118.014127,29.577284],[117.816443,29.573889],[117.486266,29.396523],[117.386025,29.168292],[117.427603,29.136078],[117.486904,29.16362],[117.519303,29.05726],[117.457057,28.970341],[117.537466,28.902253],[117.549051,28.807372],[117.449939,28.841729],[117.273118,28.723446],[116.963853,28.886547],[117.066696,29.104404],[117.011225,29.225274],[117.079459,29.309892],[117.025853,29.607498],[117.092468,29.691524],[116.996007,29.683376],[116.8184,29.564801],[116.528624,29.604214],[116.518659,29.431122],[116.646488,29.229394],[116.473005,29.155705],[116.4005,29.053023],[116.40428,28.953929],[116.240026,28.82458],[116.429708,28.717429],[116.473938,28.58364],[116.585273,28.471152],[116.568288,28.400634],[116.647519,28.373721],[116.729941,28.406946],[116.778441,28.352396],[116.871417,28.382361],[116.911131,28.522323],[117.003861,28.496326],[117.055307,28.603316],[117.147694,28.562192],[117.262711,28.613208],[117.326184,28.430198],[117.265411,28.278362],[117.302719,28.240217],[117.280973,28.173097],[117.436832,28.107045],[117.446356,27.932729]]]]}},{"type":"Feature","properties":{"adcode":"370100","name":"济南市"},"geometry":{"type":"MultiPolygon","coordinates":[[[[116.546202,36.40892],[116.484607,36.336948],[116.322644,36.284669],[116.226066,36.173748],[116.271552,36.043824],[116.543359,36.086604],[116.566891,36.108752],[116.472604,36.21464],[116.609613,36.291322],[116.855756,36.301642],[116.975471,36.243208],[117.288973,36.468718],[117.346383,36.46373],[117.393211,36.222994],[117.452437,36.203138],[117.451963,36.087412],[117.534879,36.111419],[117.781022,35.995437],[117.926165,36.005068],[117.946855,36.04253],[117.933509,36.334369],[117.755752,36.445303],[117.765544,36.509496],[117.694315,36.568896],[117.724165,36.755998],[117.580523,36.85136],[117.549094,36.979817],[117.378286,36.956997],[117.328457,37.011218],[117.442092,37.093574],[117.402371,37.224808],[117.43688,37.27235],[117.369758,37.436048],[117.238197,37.532897],[117.012112,37.419643],[116.987158,37.342692],[117.038961,37.266538],[117.044884,37.122615],[116.931486,37.100477],[116.875024,36.999274],[116.933381,36.959595],[116.962836,36.842674],[116.887106,36.833427],[116.88679,36.745538],[116.629592,36.544587],[116.593267,36.485973],[116.6198,36.428522],[116.546202,36.40892]]]]}},{"type":"Feature","properties":{"adcode":"370200","name":"青岛市"},"geometry":{"type":"MultiPolygon","coordinates":[[[[120.850108,36.612271],[120.725733,36.624436],[120.637763,36.574199],[120.652135,36.663327],[120.546397,36.744616],[120.601517,36.804996],[120.576642,36.879894],[120.622838,36.890856],[120.571114,36.948682],[120.606176,37.047157],[120.533289,37.053944],[120.517258,37.148974],[120.348583,37.077094],[120.264087,37.114718],[120.142319,37.015292],[119.629344,37.01621],[119.534977,36.743333],[119.625079,36.638807],[120.006889,36.468799],[119.83387,36.278822],[119.831738,36.180612],[119.681305,36.18045],[119.649954,36.137157],[119.633608,36.067683],[119.717314,36.044229],[119.681068,36.012068],[119.738003,35.873123],[119.629344,35.833878],[119.591992,35.753218],[119.627843,35.722077],[119.51484,35.697992],[119.538215,35.589294],[119.751349,35.617845],[119.800862,35.581891],[119.824315,35.646304],[119.877619,35.610972],[119.925157,35.63736],[119.937081,35.763407],[120.020235,35.722239],[120.062798,35.87134],[120.207862,35.947344],[120.172169,35.904408],[120.202098,35.89205],[120.284619,35.965565],[120.316522,36.002155],[120.213232,35.998351],[120.241345,36.060445],[120.116891,36.102852],[120.181566,36.203945],[120.336896,36.213954],[120.369509,36.177745],[120.290147,36.060526],[120.35798,36.04892],[120.71223,36.126572],[120.65482,36.27983],[120.73821,36.32373],[120.694383,36.390158],[120.828471,36.466627],[120.895909,36.376104],[120.935077,36.421036],[120.907833,36.445987],[120.963585,36.464334],[120.983958,36.540809],[120.850108,36.612271]]],[[[120.584381,36.096183],[120.579485,36.091535],[120.595042,36.090282],[120.584381,36.096183]]],[[[120.990039,36.413348],[120.978115,36.428643],[120.948502,36.421117],[120.990039,36.413348]]],[[[121.004253,36.488306],[120.989881,36.492367],[120.988538,36.485249],[121.004253,36.488306]]],[[[120.877352,35.89359],[120.875377,35.888443],[120.888802,35.897277],[120.877352,35.89359]]],[[[119.73524,35.595762],[119.741873,35.583884],[119.738872,35.599666],[119.73524,35.595762]]],[[[120.158823,35.76499],[120.187962,35.748712],[120.180539,35.788649],[120.158823,35.76499]]],[[[120.775088,36.237963],[120.76806,36.230701],[120.777457,36.222308],[120.775088,36.237963]]]]}},{"type":"Feature","properties":{"adcode":"370300","name":"淄博市"},"geometry":{"type":"MultiPolygon","coordinates":[[[[117.988471,35.947709],[118.132666,36.030436],[118.257593,35.925717],[118.415213,35.990783],[118.505157,35.965808],[118.469859,36.022992],[118.522214,36.05349],[118.462594,36.14059],[118.412844,36.127218],[118.386548,36.239053],[118.31524,36.24938],[118.180363,36.593599],[118.234219,36.726457],[118.419872,36.796304],[118.494339,36.941846],[118.271412,37.006744],[118.160936,36.981934],[118.130455,37.091101],[118.045959,37.098202],[118.082995,37.185605],[117.984364,37.210349],[117.963833,37.271753],[117.659491,37.274101],[117.551305,37.146781],[117.575074,37.089185],[117.847355,37.065959],[117.960674,36.910376],[117.831877,36.836629],[117.832983,36.744816],[117.695184,36.666978],[117.763491,36.452868],[117.833062,36.44301],[117.972993,36.268378],[117.903027,36.172092],[117.954041,36.090201],[117.937221,35.98119],[117.988471,35.947709]]]]}},{"type":"Feature","properties":{"adcode":"370400","name":"枣庄市"},"geometry":{"type":"MultiPolygon","coordinates":[[[[117.392342,34.574909],[117.569783,34.463054],[117.773994,34.529056],[117.830614,34.760246],[117.698501,34.919989],[117.728035,35.008041],[117.359571,35.318375],[116.962047,35.177319],[116.832776,35.184392],[116.943015,34.975627],[117.103399,34.937459],[117.194686,34.816239],[117.162467,34.782105],[117.310611,34.717333],[117.4109,34.623454],[117.392342,34.574909]]]]}},{"type":"Feature","properties":{"adcode":"370500","name":"东营市"},"geometry":{"type":"MultiPolygon","coordinates":[[[[118.245432,38.144286],[118.227585,38.037874],[118.419319,38.053119],[118.2234,38.00095],[118.248749,37.858164],[118.328111,37.865272],[118.36191,37.792063],[118.2846,37.662058],[118.177125,37.657623],[118.114898,37.439742],[118.315398,37.352514],[118.368069,37.279594],[118.387574,37.177834],[118.294629,36.969666],[118.537771,36.936769],[118.590206,37.001351],[118.557592,37.051469],[118.665146,37.081763],[118.680624,37.229269],[119.039928,37.304466],[118.981412,37.35983],[118.9518,37.556019],[119.024213,37.6419],[119.236321,37.652079],[119.304075,37.845486],[119.263801,37.88154],[119.161617,37.819214],[119.00455,37.992278],[118.974068,38.09415],[118.877491,38.149596],[118.62582,38.138306],[118.552459,38.055679],[118.504526,38.113909],[118.245432,38.144286]]],[[[118.410001,38.053277],[118.227585,38.037874],[118.2234,38.00095],[118.410001,38.053277]]]]}},{"type":"Feature","properties":{"adcode":"370600","name":"烟台市"},"geometry":{"type":"MultiPolygon","coordinates":[[[[119.576514,37.127561],[119.563406,37.058495],[119.66251,37.008262],[119.923341,36.993961],[120.205335,37.038374],[120.236606,37.125965],[120.34574,37.087789],[120.517258,37.148974],[120.549793,37.041288],[120.613915,37.023839],[120.566534,36.96559],[120.622838,36.907377],[120.576642,36.879894],[120.601517,36.804996],[120.540791,36.7679],[120.652135,36.663327],[120.635947,36.597775],[120.882011,36.627086],[121.02897,36.573194],[121.285536,36.699871],[121.394354,36.699029],[121.478218,36.770825],[121.409121,36.790176],[121.360951,36.921494],[121.308358,36.905177],[121.19038,36.996558],[121.191407,37.072026],[121.287827,37.136055],[121.427363,37.100796],[121.580323,37.10674],[121.590747,37.144269],[121.733995,37.125607],[121.794879,37.30375],[121.933941,37.452529],[121.633469,37.49318],[121.537207,37.451219],[121.401066,37.557804],[121.427047,37.590788],[121.386142,37.627798],[121.215887,37.583098],[121.150107,37.628987],[121.160057,37.699034],[121.019573,37.731085],[120.935788,37.822375],[120.733393,37.833556],[120.368246,37.698005],[120.227209,37.693611],[120.2723,37.63683],[120.215048,37.621143],[120.222313,37.532857],[119.843978,37.376725],[119.895781,37.275495],[119.740294,37.133782],[119.576514,37.127561]]],[[[121.508621,37.55253],[121.526625,37.562522],[121.520308,37.565139],[121.508621,37.55253]]],[[[120.729761,37.94693],[120.727708,37.909448],[120.760558,37.890581],[120.729761,37.94693]]],[[[120.692409,37.983842],[120.732525,37.961484],[120.724707,37.987429],[120.692409,37.983842]]],[[[120.653004,37.980017],[120.64416,37.964757],[120.653952,37.963969],[120.653004,37.980017]]],[[[120.452584,37.768856],[120.463323,37.786054],[120.435526,37.786608],[120.452584,37.768856]]],[[[120.682775,37.92831],[120.692804,37.94693],[120.678511,37.944642],[120.682775,37.92831]]],[[[120.750687,38.150304],[120.787328,38.158682],[120.747607,38.202759],[120.750687,38.150304]]],[[[120.91881,38.34511],[120.91494,38.373429],[120.895277,38.363232],[120.91881,38.34511]]],[[[120.841342,38.335655],[120.85682,38.343188],[120.842843,38.355898],[120.841342,38.335655]]],[[[120.903332,38.381742],[120.931918,38.382291],[120.91573,38.401933],[120.903332,38.381742]]],[[[120.62655,37.945786],[120.632472,37.978913],[120.60207,37.97848],[120.62655,37.945786]]],[[[120.802253,38.284041],[120.84308,38.30057],[120.816546,38.318075],[120.802253,38.284041]]],[[[120.943843,38.019907],[120.94787,38.032398],[120.931287,38.035353],[120.943843,38.019907]]],[[[119.821394,37.309121],[119.825895,37.315168],[119.818867,37.31656],[119.821394,37.309121]]],[[[121.388668,36.266442],[121.396644,36.264183],[121.391432,36.271926],[121.388668,36.266442]]],[[[120.645818,38.132011],[120.647318,38.149557],[120.637763,38.139171],[120.645818,38.132011]]],[[[120.878141,38.026961],[120.872693,38.027552],[120.87672,38.018213],[120.878141,38.026961]]],[[[120.645423,38.05501],[120.652056,38.069109],[120.644791,38.06966],[120.645423,38.05501]]]]}},{"type":"Feature","properties":{"adcode":"370700","name":"潍坊市"},"geometry":{"type":"MultiPolygon","coordinates":[[[[118.507842,36.074961],[118.622109,36.17718],[118.736454,36.146528],[118.835796,36.203138],[118.880886,36.08438],[119.048851,36.092707],[119.021054,35.977426],[119.182623,35.962285],[119.144718,35.904449],[119.190598,35.879446],[119.345533,35.893792],[119.368829,35.770834],[119.464696,35.80861],[119.601231,35.709446],[119.629344,35.833878],[119.736898,35.86303],[119.706495,36.028292],[119.633608,36.067683],[119.671039,36.177866],[119.813023,36.167691],[119.808048,36.232839],[120.010758,36.484445],[119.74748,36.571788],[119.547059,36.725454],[119.613155,37.034101],[119.563406,37.058495],[119.576514,37.127561],[119.481832,37.155791],[119.329582,37.115715],[119.296336,37.20505],[119.205365,37.194292],[119.20426,37.280112],[119.136979,37.231181],[119.16983,37.278599],[119.054142,37.254953],[119.039928,37.304466],[118.777991,37.280112],[118.633638,37.171178],[118.665146,37.081763],[118.561303,37.063325],[118.560751,36.946564],[118.47665,36.957077],[118.438666,36.809682],[118.254276,36.731789],[118.180363,36.593599],[118.315003,36.266361],[118.379756,36.245265],[118.405263,36.141641],[118.487863,36.131784],[118.507842,36.074961]]]]}},{"type":"Feature","properties":{"adcode":"370800","name":"济宁市"},"geometry":{"type":"MultiPolygon","coordinates":[[[[116.409745,34.852944],[116.613877,34.922778],[116.78121,34.916585],[116.805769,34.968372],[116.966943,34.875599],[116.933776,34.861933],[116.979183,34.814966],[116.951623,34.794553],[117.070469,34.713714],[117.166099,34.434675],[117.234644,34.454476],[117.302477,34.541253],[117.272864,34.556703],[117.397949,34.604393],[117.191369,34.780914],[117.103399,34.937459],[116.943015,34.975627],[116.956993,35.01054],[116.811218,35.17736],[117.269231,35.261296],[117.318034,35.320252],[117.463098,35.287472],[117.42851,35.458614],[117.520033,35.51991],[117.496264,35.543031],[117.582418,35.554141],[117.588893,35.619878],[117.415559,35.775177],[117.306504,35.798833],[117.135381,35.767303],[116.991423,35.805973],[116.861994,35.679059],[116.615615,35.705222],[116.687317,35.798062],[116.617036,35.855206],[116.676973,35.925596],[116.618536,35.935195],[116.549834,35.857517],[116.309377,35.77404],[116.221091,35.892779],[116.09261,35.904935],[116.061892,35.97358],[115.911853,35.960261],[115.875212,35.835095],[116.103034,35.687348],[116.121276,35.497881],[116.215484,35.435957],[116.199612,35.304986],[116.285608,35.242669],[116.114564,35.039828],[116.155153,34.947259],[116.409745,34.852944]]]]}},{"type":"Feature","properties":{"adcode":"370900","name":"泰安市"},"geometry":{"type":"MultiPolygon","coordinates":[[[[117.937536,35.99653],[117.756621,35.991916],[117.741696,36.036058],[117.547672,36.106166],[117.473758,36.089797],[117.393211,36.222994],[117.346383,36.46373],[117.30682,36.467029],[117.002794,36.254503],[116.786659,36.311357],[116.512325,36.253414],[116.481922,36.197002],[116.569024,36.118774],[116.434541,36.038607],[116.386845,36.090807],[116.271552,36.043824],[116.226066,36.173748],[116.169446,36.171325],[116.052574,35.99912],[116.074606,35.927459],[116.20814,35.886863],[116.301875,35.777084],[116.665996,35.940176],[116.62438,35.878068],[116.670497,35.761499],[116.612061,35.71237],[116.861994,35.679059],[116.993397,35.794045],[117.341013,35.793558],[117.596948,35.630449],[117.62585,35.703841],[117.837405,35.741445],[117.86686,35.86984],[117.960516,35.87057],[117.984443,35.956293],[117.937536,35.99653]]]]}},{"type":"Feature","properties":{"adcode":"371000","name":"威海市"},"geometry":{"type":"MultiPolygon","coordinates":[[[[121.923992,37.473096],[121.865239,37.336727],[121.748525,37.223255],[121.747656,37.135776],[121.391432,37.098282],[121.314044,37.141079],[121.191407,37.072026],[121.182404,36.99456],[121.347605,36.920574],[121.396802,36.803834],[121.478218,36.770825],[121.565083,36.830504],[121.507594,36.760928],[121.651473,36.723851],[121.628968,36.783245],[121.670742,36.817651],[121.994668,36.953719],[122.037784,36.875492],[122.136731,36.944325],[122.117463,36.895737],[122.32657,36.830424],[122.445732,36.873052],[122.428833,36.908856],[122.516408,36.890256],[122.583373,37.037296],[122.461447,37.039532],[122.484505,37.128877],[122.624042,37.191144],[122.573897,37.296349],[122.611486,37.366907],[122.715802,37.396121],[122.684847,37.4287],[122.336993,37.414438],[122.24089,37.465354],[122.183717,37.431282],[122.144154,37.550388],[122.069529,37.568747],[121.923992,37.473096]]],[[[122.183559,37.49957],[122.216173,37.497824],[122.184901,37.5156],[122.183559,37.49957]]],[[[122.257631,36.755638],[122.260316,36.748704],[122.267028,36.754195],[122.257631,36.755638]]],[[[121.484614,36.732871],[121.499776,36.73712],[121.492274,36.740207],[121.484614,36.732871]]],[[[121.620834,36.713827],[121.631179,36.725855],[121.623124,36.728702],[121.620834,36.713827]]],[[[122.482215,37.447089],[122.490586,37.449829],[122.483479,37.454991],[122.482215,37.447089]]]]}},{"type":"Feature","properties":{"adcode":"371100","name":"日照市"},"geometry":{"type":"MultiPolygon","coordinates":[[[[119.662115,35.589294],[119.538215,35.589294],[119.493282,35.789866],[119.375857,35.770712],[119.345533,35.893792],[119.190598,35.879446],[119.182623,35.962285],[119.021054,35.977426],[118.999022,36.038404],[118.775148,35.917251],[118.700603,35.791367],[118.707078,35.738075],[118.798918,35.730117],[118.696575,35.528622],[118.734322,35.48607],[118.601419,35.414517],[118.712527,35.363544],[118.859644,35.381694],[118.961828,35.334168],[118.999654,35.388953],[119.146455,35.334862],[119.187519,35.258192],[119.139032,35.202338],[119.203233,35.110894],[119.380358,35.070292],[119.411313,35.231638],[119.476541,35.308334],[119.538452,35.29674],[119.662115,35.589294]]]]}},{"type":"Feature","properties":{"adcode":"371300","name":"临沂市"},"geometry":{"type":"MultiPolygon","coordinates":[[[[119.203233,35.110894],[119.149219,35.189298],[119.179543,35.287595],[119.024371,35.386873],[118.930478,35.331271],[118.601419,35.414517],[118.734322,35.48607],[118.698865,35.513558],[118.806499,35.718056],[118.722161,35.73101],[118.700603,35.791367],[118.765198,35.898331],[118.87986,35.992321],[119.035584,36.02275],[119.066935,36.081631],[118.880886,36.08438],[118.835796,36.203138],[118.515502,36.109884],[118.516845,36.026107],[118.476097,36.031407],[118.505157,35.965808],[118.387021,35.987586],[118.257593,35.925717],[118.197578,36.004947],[118.066807,36.009155],[117.968097,35.884066],[117.842143,35.84507],[117.837405,35.741445],[117.634616,35.709324],[117.582418,35.554141],[117.496264,35.543031],[117.520033,35.51991],[117.42851,35.458614],[117.478891,35.314375],[117.419191,35.273997],[117.736247,35.031514],[117.698501,34.919989],[117.803686,34.830734],[117.805818,34.646254],[118.084022,34.655924],[118.078968,34.569761],[118.184706,34.544179],[118.132824,34.483425],[118.177757,34.453238],[118.170413,34.381356],[118.395155,34.427084],[118.439219,34.626294],[118.525215,34.712563],[118.78344,34.722061],[118.719239,34.745533],[118.86075,34.943979],[118.86533,35.029834],[119.114631,35.05498],[119.203233,35.110894]]]]}},{"type":"Feature","properties":{"adcode":"371400","name":"德州市"},"geometry":{"type":"MultiPolygon","coordinates":[[[[117.273417,37.532619],[117.352543,37.707345],[117.357596,37.658495],[117.465625,37.655564],[117.556201,37.716683],[117.563545,37.998585],[117.40632,37.843511],[116.812718,37.84359],[116.446702,37.500562],[116.304481,37.564505],[116.276448,37.466902],[116.229936,37.459676],[116.270999,37.426714],[116.234437,37.361221],[115.975738,37.337283],[115.865025,37.070828],[115.776265,36.990884],[115.779819,36.904977],[116.082424,36.883855],[116.235779,37.010139],[116.421117,36.975661],[116.470551,36.940007],[116.376026,36.797025],[116.400901,36.524813],[116.511851,36.430012],[116.612377,36.42333],[116.629592,36.544587],[116.9442,36.844916],[116.963152,36.893896],[116.885764,36.991444],[116.943173,37.030907],[116.919009,37.093056],[117.044884,37.122615],[117.05744,37.192141],[116.986684,37.335335],[117.01843,37.435849],[117.273417,37.532619]]]]}},{"type":"Feature","properties":{"adcode":"371500","name":"聊城市"},"geometry":{"type":"MultiPolygon","coordinates":[[[[116.546202,36.40892],[116.400901,36.524813],[116.434383,36.968228],[116.232857,37.032225],[116.123724,36.890656],[115.791348,36.914336],[115.711275,36.882374],[115.650469,36.807519],[115.478398,36.758804],[115.289744,36.497796],[115.370449,36.332757],[115.476503,36.246516],[115.447522,36.011826],[115.363105,35.972002],[115.335704,35.814329],[115.3635,35.779925],[115.505406,35.914415],[115.642415,35.920046],[115.989794,36.045442],[116.546202,36.40892]]],[[[115.495377,35.896021],[115.488033,35.880784],[115.513302,35.890348],[115.495377,35.896021]]]]}},{"type":"Feature","properties":{"adcode":"371600","name":"滨州市"},"geometry":{"type":"MultiPolygon","coordinates":[[[[117.273417,37.532619],[117.401029,37.379071],[117.459781,37.109931],[117.317323,37.020923],[117.378286,36.956997],[117.549094,36.979817],[117.534248,36.931611],[117.608556,36.821815],[117.747303,36.748584],[117.71848,36.704724],[117.777942,36.695219],[117.831877,36.836629],[117.96178,36.922494],[117.870493,36.985451],[117.847355,37.065959],[117.575074,37.089185],[117.551305,37.146781],[117.644329,37.265862],[117.990603,37.262358],[117.973862,37.216483],[118.074072,37.204094],[118.045485,37.105982],[118.115925,37.100636],[118.192918,36.977739],[118.288785,36.999993],[118.377545,37.154157],[118.315398,37.352514],[118.161015,37.362573],[118.163937,37.416742],[118.114898,37.439742],[118.173255,37.546858],[118.154935,37.628036],[118.2846,37.662058],[118.356382,37.820834],[118.328111,37.865272],[118.239115,37.868708],[118.245432,38.144286],[118.112134,38.210227],[117.860859,38.274578],[117.704502,38.07604],[117.556517,38.057215],[117.570652,37.957264],[117.529036,37.932295],[117.606582,37.845209],[117.522165,37.755371],[117.543092,37.703625],[117.373074,37.648594],[117.36573,37.698361],[117.273417,37.532619]]],[[[118.40779,38.026212],[118.419951,38.025503],[118.419319,38.053119],[118.40779,38.026212]]]]}},{"type":"Feature","properties":{"adcode":"371700","name":"菏泽市"},"geometry":{"type":"MultiPolygon","coordinates":[[[[115.876002,35.867124],[115.511486,35.727153],[115.359236,35.565454],[115.355761,35.490143],[115.043286,35.376963],[114.932494,35.198659],[114.841049,35.159246],[114.872557,35.125992],[114.827072,35.01013],[115.128097,35.004354],[115.208249,34.958329],[115.256104,34.845308],[115.416172,34.813323],[115.46142,34.637283],[115.55476,34.56906],[115.669422,34.55695],[115.711433,34.59867],[115.827436,34.558268],[116.001561,34.619049],[116.23341,34.555137],[116.350914,34.621148],[116.409745,34.852944],[116.155153,34.947259],[116.115748,35.025574],[116.213115,35.196697],[116.284265,35.22506],[116.193452,35.337555],[116.20206,35.458247],[116.129567,35.475235],[116.121829,35.67459],[115.883583,35.808163],[115.876002,35.867124]]]]}},{"type":"Feature","properties":{"adcode":"410100","name":"郑州市"},"geometry":{"type":"MultiPolygon","coordinates":[[[[114.22071,34.919066],[114.028451,34.959346],[113.826062,34.877683],[113.407821,34.989518],[113.06023,34.83756],[112.902321,34.852301],[112.814118,34.811475],[112.939502,34.72384],[112.830223,34.694163],[112.839408,34.596514],[112.984736,34.539038],[112.905215,34.468201],[112.740384,34.491077],[112.728117,34.361163],[112.84117,34.297818],[113.142583,34.272804],[113.348809,34.404738],[113.658589,34.275037],[113.885451,34.327785],[113.903507,34.454185],[114.019894,34.445368],[114.035119,34.503998],[114.094383,34.492265],[114.157547,34.625979],[114.134143,34.802154],[114.199824,34.832729],[114.22071,34.919066]]]]}},{"type":"Feature","properties":{"adcode":"410200","name":"开封市"},"geometry":{"type":"MultiPolygon","coordinates":[[[[113.885451,34.327785],[114.155345,34.202039],[114.274626,34.274889],[114.405798,34.248031],[114.427692,34.333837],[114.71388,34.241327],[114.896514,34.265804],[114.851658,34.399534],[114.912305,34.483601],[114.901673,34.645303],[114.935771,34.672182],[114.82838,34.755332],[115.24832,34.798109],[115.252157,34.906604],[115.128094,35.004379],[114.923818,34.968748],[114.869965,35.024451],[114.74175,34.948712],[114.76119,34.89148],[114.40064,34.939504],[114.243988,34.905126],[114.199824,34.832729],[114.122504,34.81833],[114.172331,34.768311],[114.094383,34.492265],[113.915586,34.444922],[113.885451,34.327785]]]]}},{"type":"Feature","properties":{"adcode":"410300","name":"洛阳市"},"geometry":{"type":"MultiPolygon","coordinates":[[[[111.260813,33.796775],[111.619476,33.730059],[111.916359,33.572102],[112.092199,33.607228],[112.15033,33.713672],[112.249354,33.719018],[112.273953,33.801667],[112.363854,33.840143],[112.40978,33.80591],[112.534095,33.880247],[112.502576,33.913004],[112.538625,34.027084],[112.620285,34.143148],[112.553724,34.27608],[112.623682,34.337854],[112.75693,34.330662],[112.721825,34.380152],[112.767374,34.49479],[112.896155,34.475827],[112.984736,34.539038],[112.890682,34.547102],[112.845574,34.609913],[112.829217,34.683346],[112.931764,34.711694],[112.909367,34.771123],[112.656648,34.859645],[112.5692,34.958608],[112.496536,34.895717],[111.973358,35.070234],[111.939511,35.0366],[111.983235,34.970471],[111.890062,34.920347],[112.031992,34.782965],[111.928879,34.600272],[111.830736,34.649207],[111.672008,34.572232],[111.692643,34.535673],[111.574305,34.564467],[111.227533,34.459732],[111.156819,34.394677],[111.166571,34.228962],[111.358768,34.108788],[111.356,33.984509],[111.212811,33.884087],[111.260813,33.796775]]],[[[112.028784,34.778968],[112.018466,34.785678],[112.021171,34.777537],[112.028784,34.778968]]]]}},{"type":"Feature","properties":{"adcode":"410400","name":"平顶山市"},"geometry":{"type":"MultiPolygon","coordinates":[[[[113.585485,33.711024],[113.573091,33.752137],[113.451042,33.739301],[113.372401,33.785593],[113.395742,34.031315],[113.146483,34.117939],[113.013235,34.300398],[112.84117,34.297818],[112.83318,34.333638],[112.623682,34.337854],[112.573226,34.298314],[112.608206,34.114209],[112.497858,33.926064],[112.536423,33.902236],[112.512768,33.85895],[112.260049,33.781849],[112.258854,33.710624],[112.556869,33.588166],[112.845637,33.578107],[112.869669,33.611531],[113.022861,33.56119],[113.045698,33.439472],[113.176052,33.435713],[113.277089,33.350254],[113.400397,33.335852],[113.385424,33.145595],[113.64846,33.182402],[113.618766,33.291477],[113.688347,33.407737],[113.468846,33.422077],[113.478597,33.50431],[113.604673,33.613131],[113.585485,33.711024]]]]}},{"type":"Feature","properties":{"adcode":"410500","name":"安阳市"},"geometry":{"type":"MultiPolygon","coordinates":[[[[114.419073,35.474181],[114.396299,35.241828],[114.465376,35.216706],[114.697397,35.337486],[114.985787,35.414332],[114.93942,35.481225],[114.962006,35.571421],[114.883051,35.616065],[114.988366,35.964741],[114.907083,36.119971],[114.61083,36.128316],[114.329234,36.255909],[114.060536,36.276493],[113.977932,36.358579],[114.001964,36.331339],[113.911182,36.314788],[113.7422,36.364432],[113.651669,36.172212],[113.706843,36.147381],[113.637388,35.869928],[113.756229,35.793713],[113.794228,35.695329],[113.923072,35.681815],[114.042983,35.748095],[114.066575,35.775391],[114.013981,35.852548],[114.07488,35.904383],[114.030464,35.97179],[114.175225,36.052107],[114.181768,35.982873],[114.279974,35.947382],[114.229204,35.841057],[114.270411,35.76072],[114.587552,35.840083],[114.751439,35.763352],[114.672924,35.65395],[114.502558,35.609277],[114.402275,35.526018],[114.419073,35.474181]]]]}},{"type":"Feature","properties":{"adcode":"410600","name":"鹤壁市"},"geometry":{"type":"MultiPolygon","coordinates":[[[[113.995988,35.704792],[114.080102,35.567316],[114.289914,35.501815],[114.324012,35.444531],[114.502558,35.609277],[114.751439,35.737661],[114.587552,35.840083],[114.350373,35.816025],[114.270411,35.76072],[114.229204,35.841057],[114.309291,35.952731],[114.191771,35.981415],[114.175225,36.052107],[114.030464,35.97179],[114.081611,35.915086],[114.025619,35.829419],[114.067267,35.759112],[113.995988,35.704792]]]]}},{"type":"Feature","properties":{"adcode":"410700","name":"新乡市"},"geometry":{"type":"MultiPolygon","coordinates":[[[[114.951248,35.380791],[114.856942,35.387794],[114.394348,35.219797],[114.429139,35.449523],[114.39504,35.478192],[114.324012,35.444531],[114.275444,35.465376],[114.289914,35.501815],[114.080102,35.567316],[114.019769,35.695621],[113.777556,35.684644],[113.801652,35.733517],[113.742892,35.819093],[113.661043,35.837259],[113.585296,35.825766],[113.624868,35.632032],[113.560069,35.660441],[113.49854,35.532373],[113.392093,35.472225],[113.518798,35.288813],[113.534967,35.151803],[113.645503,35.038075],[113.592091,34.933743],[113.800456,34.87995],[113.953585,34.898082],[114.018385,34.958608],[114.243988,34.905126],[114.383024,34.936894],[114.76119,34.89148],[114.74175,34.948712],[114.883554,35.109653],[114.841718,35.151165],[114.928285,35.194766],[115.003151,35.316363],[114.951248,35.380791]]]]}},{"type":"Feature","properties":{"adcode":"410800","name":"焦作市"},"geometry":{"type":"MultiPolygon","coordinates":[[[[112.827266,34.819218],[113.14793,34.856096],[113.243934,34.946201],[113.407821,34.989518],[113.57479,34.950583],[113.644371,35.004379],[113.593852,35.131173],[113.542642,35.144632],[113.447707,35.432443],[113.357743,35.479415],[113.190019,35.449082],[113.148874,35.351205],[113.020218,35.356006],[112.907102,35.245801],[112.798264,35.238688],[112.743341,35.06458],[112.579392,34.971751],[112.656648,34.859645],[112.827266,34.819218]]]]}},{"type":"Feature","properties":{"adcode":"410900","name":"濮阳市"},"geometry":{"type":"MultiPolygon","coordinates":[[[[115.017243,35.337437],[115.084811,35.410073],[115.237373,35.423094],[115.339102,35.490665],[115.511545,35.727129],[115.69355,35.754091],[115.720288,35.817096],[115.863099,35.855518],[115.911856,35.960268],[116.038561,35.963428],[116.096881,36.092163],[115.503429,35.888714],[115.370936,35.78884],[115.335013,35.796733],[115.363135,35.972033],[115.447752,36.012664],[115.46996,36.152862],[115.341367,36.0876],[115.20296,36.204063],[115.062728,36.178224],[115.045931,36.112207],[114.920798,36.048319],[114.986164,35.991865],[114.889594,35.738978],[114.919226,35.664785],[114.883051,35.616065],[114.969492,35.518],[114.951248,35.380791],[115.017243,35.337437]]],[[[115.504939,35.899079],[115.505442,35.914405],[115.490721,35.908372],[115.504939,35.899079]]]]}},{"type":"Feature","properties":{"adcode":"411000","name":"许昌市"},"geometry":{"type":"MultiPolygon","coordinates":[[[[114.259905,34.251854],[114.129299,34.198214],[113.885451,34.327785],[113.679728,34.282532],[113.348809,34.404738],[113.070171,34.247186],[113.146483,34.117939],[113.386368,34.039827],[113.412665,33.952028],[113.360762,33.879997],[113.451042,33.739301],[113.544341,33.757131],[113.701936,33.691234],[113.762206,33.731808],[113.729554,33.845032],[113.853051,33.873315],[113.857455,33.939769],[113.977492,33.98152],[114.125902,33.915547],[114.15503,33.809304],[114.290354,33.771813],[114.323383,33.832908],[114.259905,34.251854]]],[[[113.813353,33.88638],[113.826565,33.875808],[113.824363,33.89022],[113.813353,33.88638]]]]}},{"type":"Feature","properties":{"adcode":"411100","name":"漯河市"},"geometry":{"type":"MultiPolygon","coordinates":[[[[113.688347,33.407737],[114.033735,33.523892],[114.180384,33.453656],[114.284629,33.472548],[114.259842,33.680588],[114.116402,33.651392],[114.091489,33.71642],[114.098032,33.765072],[114.142007,33.765921],[114.125902,33.915547],[114.021971,33.987248],[113.857455,33.939769],[113.853051,33.873315],[113.738802,33.868627],[113.75906,33.717519],[113.598256,33.687536],[113.628203,33.629038],[113.471803,33.463378],[113.468846,33.422077],[113.688347,33.407737]]]]}},{"type":"Feature","properties":{"adcode":"411200","name":"三门峡市"},"geometry":{"type":"MultiPolygon","coordinates":[[[[111.973358,35.070234],[111.818405,35.068464],[111.665528,34.980955],[111.681697,34.950927],[111.570782,34.843329],[111.255214,34.819563],[110.976324,34.70646],[110.935494,34.730505],[110.824328,34.615845],[110.76129,34.653506],[110.706367,34.60398],[110.379161,34.600519],[110.368843,34.493206],[110.498128,34.320096],[110.431315,34.290374],[110.442513,34.253989],[110.639114,34.150903],[110.586645,34.023997],[110.670948,33.966427],[110.600612,33.87127],[110.782177,33.796076],[110.87881,33.634639],[111.025144,33.550578],[111.089126,33.563743],[111.133164,33.678939],[111.260813,33.796775],[111.230049,33.924768],[111.356,33.984509],[111.354301,34.084464],[111.175819,34.209541],[111.147949,34.38853],[111.227533,34.459732],[111.385065,34.473103],[111.574305,34.564467],[111.683584,34.533298],[111.672008,34.572232],[111.863953,34.647082],[111.928879,34.600272],[112.031174,34.777735],[111.883267,34.894239],[111.981914,34.960626],[111.991917,35.005018],[111.940203,35.030599],[111.973358,35.070234]]],[[[112.031992,34.782965],[112.028784,34.778968],[112.031174,34.777735],[112.031992,34.782965]]]]}},{"type":"Feature","properties":{"adcode":"411300","name":"南阳市"},"geometry":{"type":"MultiPolygon","coordinates":[[[[111.009982,33.56054],[110.997274,33.238941],[111.037223,33.160984],[111.106678,33.164453],[111.2588,33.006472],[111.2549,32.884029],[111.380032,32.828827],[111.422938,32.751011],[111.46295,32.764296],[111.425455,32.73267],[111.55908,32.601095],[111.640804,32.634741],[112.32812,32.321682],[112.545231,32.403878],[112.754099,32.342847],[112.870487,32.397842],[112.98807,32.372327],[113.00059,32.416758],[113.150258,32.376284],[113.211786,32.431969],[113.428834,32.270551],[113.528738,32.330362],[113.55082,32.302543],[113.725339,32.436025],[113.814423,32.600842],[113.614676,32.711344],[113.542264,32.589152],[113.400712,32.61324],[113.364537,32.569462],[113.221286,32.570424],[113.186181,32.646476],[113.252679,32.666907],[113.191528,32.717712],[113.165797,32.838063],[113.208137,32.916408],[113.11553,32.932996],[113.127358,33.010552],[113.386619,33.113451],[113.40738,33.323004],[113.192975,33.429797],[113.045698,33.439472],[113.036701,33.546974],[112.94271,33.607629],[112.773413,33.56079],[112.588388,33.616883],[112.556869,33.588166],[112.420727,33.676389],[112.230103,33.71702],[112.074018,33.653142],[112.092199,33.607228],[111.930137,33.571051],[111.645207,33.720517],[111.240367,33.796925],[111.133164,33.678939],[111.114542,33.578758],[111.009982,33.56054]]],[[[111.033889,33.178029],[111.032064,33.188686],[111.015833,33.174057],[111.033889,33.178029]]],[[[112.734093,32.356751],[112.730885,32.363144],[112.723021,32.360962],[112.734093,32.356751]]]]}},{"type":"Feature","properties":{"adcode":"411400","name":"商丘市"},"geometry":{"type":"MultiPolygon","coordinates":[[[[115.653601,34.060084],[115.735827,34.076852],[115.957593,34.007716],[116.155389,33.709924],[116.638492,33.917192],[116.539657,34.103466],[116.543621,34.239539],[116.582312,34.266499],[116.363251,34.276229],[116.357652,34.319798],[116.213583,34.382235],[116.174955,34.444674],[116.197037,34.575942],[116.156647,34.553732],[116.001568,34.619009],[115.827427,34.558283],[115.554765,34.569067],[115.458132,34.656175],[115.426802,34.805409],[115.317146,34.859201],[115.104125,34.772357],[114.829009,34.764314],[114.8677,34.688038],[114.936652,34.681914],[114.9096,34.495137],[114.852413,34.42887],[114.870783,34.305608],[115.12627,34.209441],[115.13967,34.050628],[115.074241,34.022802],[115.049957,33.950035],[115.288395,34.019516],[115.439573,33.986053],[115.53564,34.021757],[115.543693,34.084564],[115.653601,34.060084]]]]}},{"type":"Feature","properties":{"adcode":"411500","name":"信阳市"},"geometry":{"type":"MultiPolygon","coordinates":[[[[113.749057,32.272684],[113.728485,32.083197],[113.791271,32.036006],[113.758934,32.000915],[113.816247,31.96688],[113.858902,31.841078],[113.954906,31.856334],[113.978939,31.753778],[114.194979,31.850161],[114.292808,31.752296],[114.554963,31.768538],[114.587615,31.754033],[114.561066,31.560966],[114.641719,31.582153],[114.841529,31.461976],[114.998306,31.471608],[115.030329,31.527691],[115.096198,31.508437],[115.164395,31.604564],[115.210509,31.445476],[115.31356,31.383448],[115.383392,31.418671],[115.371565,31.495838],[115.495376,31.672938],[115.689775,31.776555],[115.885244,31.776096],[115.915001,31.811885],[115.93916,32.138961],[115.883545,32.489241],[115.845735,32.501806],[115.91022,32.566982],[115.788736,32.468922],[115.701225,32.495321],[115.666938,32.409405],[115.563888,32.403015],[115.38767,32.57088],[114.901296,32.648954],[114.788997,32.607168],[114.789689,32.50824],[114.724512,32.541464],[114.582393,32.51371],[114.570125,32.435721],[114.634673,32.39982],[114.607998,32.33701],[114.421589,32.279134],[114.197433,32.486353],[114.080731,32.454832],[114.056258,32.539033],[113.962204,32.505403],[113.919738,32.605295],[113.820337,32.619109],[113.710555,32.421221],[113.749057,32.272684]]],[[[113.768182,32.28406],[113.769063,32.301324],[113.749057,32.272684],[113.768182,32.28406]]]]}},{"type":"Feature","properties":{"adcode":"411600","name":"周口市"},"geometry":{"type":"MultiPolygon","coordinates":[[[[114.897269,33.08658],[114.93445,33.15329],[115.041275,33.08663],[115.301481,33.141622],[115.358794,33.311459],[115.316391,33.448895],[115.366595,33.523441],[115.63976,33.585113],[115.563133,33.771663],[115.614218,33.775658],[115.636111,33.84119],[115.557974,33.876108],[115.641962,34.084166],[115.543693,34.084564],[115.549921,34.047542],[115.439573,33.986053],[115.258449,34.015334],[115.070026,33.935583],[115.13967,34.050628],[115.133442,34.154234],[115.012965,34.253393],[114.832847,34.281937],[114.730426,34.225237],[114.479343,34.32962],[114.385729,34.24386],[114.267517,34.256968],[114.325082,33.818337],[114.309983,33.781349],[114.15503,33.809304],[114.098032,33.765072],[114.097717,33.683187],[114.149745,33.650442],[114.249084,33.704328],[114.279785,33.489282],[114.563016,33.42333],[114.722373,33.301117],[114.681354,33.170487],[114.77157,33.069517],[114.897269,33.08658]]]]}},{"type":"Feature","properties":{"adcode":"411700","name":"驻马店市"},"geometry":{"type":"MultiPolygon","coordinates":[[[[113.814423,32.600842],[113.919738,32.605295],[113.953837,32.526575],[114.053867,32.523233],[114.085512,32.450777],[114.167675,32.487012],[114.34276,32.365021],[114.369813,32.298735],[114.550685,32.289036],[114.623727,32.370602],[114.571258,32.508088],[114.724512,32.541464],[114.789689,32.50824],[114.788997,32.607168],[114.901296,32.648954],[115.098022,32.63378],[115.145647,32.580143],[115.209125,32.612936],[115.202645,32.843514],[114.893809,32.972664],[114.914004,33.082805],[114.77157,33.069517],[114.681354,33.170487],[114.722373,33.301117],[114.589314,33.362847],[114.563016,33.42333],[114.307907,33.481316],[114.195294,33.447692],[114.052168,33.528999],[113.693065,33.418216],[113.618766,33.291477],[113.626001,33.150423],[113.413105,33.156659],[113.357239,33.091613],[113.18574,33.056932],[113.097789,32.946406],[113.208137,32.916408],[113.167999,32.847046],[113.191528,32.717712],[113.259914,32.677778],[113.20172,32.660333],[113.198575,32.579536],[113.342832,32.567893],[113.400712,32.61324],[113.512759,32.571538],[113.642987,32.703106],[113.814423,32.600842]]]]}},{"type":"Feature","properties":{"adcode":"420100","name":"武汉市"},"geometry":{"type":"MultiPolygon","coordinates":[[[[113.710002,30.388924],[113.820157,30.178982],[113.953616,30.296481],[114.10603,30.202364],[114.212145,30.003243],[114.406508,30.020951],[114.514099,29.975428],[114.565137,30.030277],[114.505476,30.123829],[114.590772,30.284481],[114.624021,30.530716],[114.85101,30.628191],[114.791428,30.718783],[115.081651,30.87803],[114.921469,31.014341],[114.825608,30.948807],[114.778765,30.986643],[114.615942,30.927264],[114.500427,31.03344],[114.525674,31.135462],[114.402236,31.249341],[114.440067,31.307968],[114.282915,31.361261],[114.196065,31.278574],[114.248346,31.179807],[114.166002,31.046794],[114.180917,30.767971],[113.905297,30.764047],[113.95719,30.683017],[113.940565,30.608584],[113.710002,30.388924]]],[[[114.939258,31.019914],[114.946328,31.034035],[114.93351,31.03714],[114.939258,31.019914]]],[[[114.969089,30.99392],[114.988976,30.99643],[114.98548,31.017659],[114.969089,30.99392]]]]}},{"type":"Feature","properties":{"adcode":"420200","name":"黄石市"},"geometry":{"type":"MultiPolygon","coordinates":[[[[114.54626,30.062802],[114.533831,29.984156],[114.703723,29.893183],[114.723766,29.759435],[114.8138,29.738835],[114.970565,29.552345],[115.087555,29.56003],[115.124688,29.509718],[115.157781,29.584853],[115.109073,29.663125],[115.268557,29.658337],[115.273995,29.623608],[115.34958,29.650745],[115.472009,29.742585],[115.511627,29.840282],[115.209518,30.213517],[115.024632,30.248341],[114.961786,30.203651],[114.716619,30.324677],[114.665892,30.218064],[114.724853,30.063747],[114.645228,30.015493],[114.54626,30.062802]]],[[[115.140069,30.23702],[115.162908,30.229944],[115.135253,30.247783],[115.140069,30.23702]]]]}},{"type":"Feature","properties":{"adcode":"420300","name":"十堰市"},"geometry":{"type":"MultiPolygon","coordinates":[[[[111.046718,33.202923],[110.985037,33.255446],[110.717885,33.116949],[110.616354,33.145589],[110.577667,33.250547],[110.450733,33.179578],[110.232366,33.159136],[110.165015,33.209318],[110.03109,33.191916],[109.636227,33.275616],[109.514265,33.237761],[109.438912,33.152072],[109.794467,33.066922],[109.764326,32.909295],[110.101393,32.834672],[110.20642,32.633001],[110.165171,32.593867],[110.085312,32.613144],[110.017651,32.546976],[109.910526,32.592696],[109.631799,32.600056],[109.636771,32.541076],[109.500437,32.378868],[109.495465,32.300404],[109.592724,32.219309],[109.621622,32.10674],[109.590938,32.047732],[109.631255,31.962243],[109.584956,31.900487],[109.638247,31.811065],[109.592957,31.751909],[109.731078,31.700444],[109.764249,31.603008],[109.718882,31.557001],[109.982305,31.512537],[110.129436,31.603896],[110.223044,31.58673],[110.233532,31.716532],[110.482894,31.847376],[111.025821,31.847418],[110.978123,31.94089],[111.036774,32.013984],[111.094104,31.94367],[111.080665,32.097069],[111.219096,32.148565],[111.254442,32.204904],[111.230749,32.303173],[111.466672,32.431755],[111.583041,32.596544],[111.4255,32.732641],[111.475062,32.76128],[111.254908,32.884039],[111.240459,33.037175],[111.148249,33.042418],[111.176992,33.101192],[111.098532,33.176919],[111.0158,33.174053],[111.046718,33.202923]]],[[[111.143666,32.046806],[111.110495,32.047984],[111.084471,32.00102],[111.143666,32.046806]]],[[[110.999253,31.985949],[110.987601,31.941143],[111.006245,31.922481],[110.999253,31.985949]]],[[[111.046718,33.202923],[111.0339,33.178041],[111.057826,33.183608],[111.046718,33.202923]]]]}},{"type":"Feature","properties":{"adcode":"420500","name":"宜昌市"},"geometry":{"type":"MultiPolygon","coordinates":[[[[112.079824,30.659323],[112.004005,30.993196],[111.905736,31.076302],[111.934634,31.173479],[111.754954,31.280356],[111.743767,31.350706],[111.628719,31.373001],[111.467604,31.306696],[111.43086,31.36444],[111.32459,31.356344],[111.236264,31.461617],[111.060545,31.430873],[111.007643,31.563937],[110.856239,31.499757],[110.796578,31.55311],[110.743676,31.538685],[110.707864,31.477154],[110.606332,31.458399],[110.573861,31.330145],[110.42704,31.310258],[110.498198,31.254136],[110.538826,31.132615],[110.446305,31.030675],[110.44312,30.881012],[110.324965,30.783366],[110.339181,30.752573],[110.422379,30.782087],[110.465571,30.713406],[110.466581,30.522806],[110.373283,30.441318],[110.351998,30.258588],[110.255671,30.234404],[110.342055,30.135033],[110.302592,29.962786],[110.423389,29.95741],[110.531368,30.061127],[110.651,30.077622],[110.71237,30.033156],[110.763019,30.11902],[111.243799,30.039559],[111.388212,30.123829],[111.573253,30.121682],[111.576283,30.239422],[111.736387,30.373766],[111.814148,30.29751],[111.89253,30.279037],[111.914126,30.341943],[112.043779,30.276551],[111.92205,30.444485],[111.924147,30.505916],[111.974719,30.503777],[112.021251,30.645146],[112.079824,30.659323]]],[[[111.052699,31.441461],[111.091696,31.424139],[111.073674,31.442393],[111.052699,31.441461]]],[[[111.596869,30.155336],[111.597646,30.167782],[111.588246,30.166924],[111.596869,30.155336]]],[[[112.079902,30.683914],[112.072755,30.699152],[112.070269,30.687329],[112.079902,30.683914]]]]}},{"type":"Feature","properties":{"adcode":"420600","name":"襄阳市"},"geometry":{"type":"MultiPolygon","coordinates":[[[[111.583041,32.596544],[111.466672,32.431755],[111.382308,32.428194],[111.235332,32.321631],[111.211872,32.276612],[111.254442,32.204904],[111.144987,32.121623],[111.150502,32.035951],[111.058525,31.985233],[111.086802,31.968897],[111.005701,32.008807],[111.000574,31.822833],[110.939127,31.877012],[110.782207,31.864155],[110.891429,31.675778],[110.982318,31.643203],[110.941612,31.593622],[111.043999,31.565079],[111.04563,31.447262],[111.236264,31.461617],[111.276115,31.383892],[111.43086,31.36444],[111.467604,31.306696],[111.740815,31.36711],[111.737475,31.294778],[111.861535,31.2288],[111.935955,31.258931],[111.946675,31.425282],[112.191144,31.469576],[112.191377,31.514272],[112.280091,31.547188],[112.42295,31.502846],[112.566741,31.561061],[112.717446,31.477704],[112.747121,31.744312],[112.963624,31.829328],[113.013574,31.954873],[112.990036,32.050046],[113.049697,32.115401],[113.025149,32.263181],[113.118679,32.375808],[113.012564,32.417133],[112.9919,32.378282],[112.734925,32.351701],[112.545223,32.403849],[112.329808,32.338156],[112.150205,32.411643],[112.156886,32.377108],[111.713549,32.606537],[111.583041,32.596544]]],[[[111.143666,32.046806],[111.128285,32.106151],[111.057671,32.061783],[111.069556,32.02905],[111.143666,32.046806]]],[[[110.992806,31.927158],[110.996224,31.940932],[110.978123,31.94089],[110.992806,31.927158]]],[[[111.060545,31.430873],[111.051534,31.438369],[111.039726,31.423334],[111.060545,31.430873]]],[[[112.716747,32.357781],[112.734148,32.356774],[112.733604,32.366208],[112.716747,32.357781]]]]}},{"type":"Feature","properties":{"adcode":"420700","name":"鄂州市"},"geometry":{"type":"MultiPolygon","coordinates":[[[[115.079787,30.259231],[115.071009,30.366742],[114.86375,30.427537],[114.836018,30.580513],[114.760044,30.60914],[114.621146,30.556879],[114.640956,30.4779],[114.590539,30.457407],[114.592947,30.313923],[114.505476,30.123829],[114.573371,30.045789],[114.72866,30.052449],[114.723688,30.178939],[114.660687,30.249584],[114.726407,30.325277],[114.830036,30.311909],[114.93584,30.217635],[115.079787,30.259231]]]]}},{"type":"Feature","properties":{"adcode":"420800","name":"荆门市"},"geometry":{"type":"MultiPolygon","coordinates":[[[[112.079824,30.659323],[112.17584,30.479055],[112.263078,30.502494],[112.330973,30.405621],[112.463656,30.435883],[112.5279,30.394447],[112.57917,30.521994],[112.61203,30.509294],[112.622906,30.619007],[112.717602,30.634],[112.593231,30.665386],[112.607214,30.710888],[112.798392,30.826],[112.880192,30.697743],[113.067874,30.779955],[113.07642,30.821141],[113.143693,30.80234],[113.32617,30.888935],[113.49482,31.117106],[113.487363,31.226296],[113.145557,31.437522],[112.917092,31.469364],[112.887261,31.545876],[112.752248,31.609856],[112.717446,31.477704],[112.566741,31.561061],[112.42295,31.502846],[112.280091,31.547188],[112.204272,31.531662],[112.191144,31.469576],[111.972855,31.444764],[111.945122,31.273484],[111.87311,31.236822],[112.002685,31.002514],[112.079824,30.659323]]],[[[112.070269,30.687329],[112.069881,30.696335],[112.060714,30.688396],[112.070269,30.687329]]],[[[112.614594,30.703932],[112.605816,30.704231],[112.616458,30.70167],[112.614594,30.703932]]]]}},{"type":"Feature","properties":{"adcode":"420900","name":"孝感市"},"geometry":{"type":"MultiPolygon","coordinates":[[[[113.465611,30.391921],[113.595187,30.490775],[113.621211,30.421246],[113.710002,30.388924],[113.774635,30.432716],[113.940565,30.608584],[113.95719,30.683017],[113.896985,30.708242],[113.949266,30.779699],[114.178353,30.75799],[114.159399,31.021148],[114.248346,31.179807],[114.179985,31.256767],[114.282915,31.361261],[114.440067,31.307968],[114.58448,31.764106],[114.29278,31.752289],[114.23646,31.841936],[114.12716,31.8354],[114.106962,31.528151],[114.063305,31.439809],[113.934428,31.382408],[113.918659,31.43405],[113.728335,31.465385],[113.640864,31.395163],[113.35802,31.426468],[113.316693,31.340109],[113.487363,31.226296],[113.49482,31.117106],[113.328967,30.930968],[113.437257,30.781959],[113.465611,30.391921]]],[[[113.440131,30.489407],[113.453881,30.506856],[113.447822,30.514254],[113.440131,30.489407]]],[[[113.390803,30.676059],[113.398571,30.684554],[113.389793,30.685237],[113.390803,30.676059]]]]}},{"type":"Feature","properties":{"adcode":"421000","name":"荆州市"},"geometry":{"type":"MultiPolygon","coordinates":[[[[111.583663,30.166194],[111.526721,30.096563],[111.403593,30.123313],[111.251102,30.043727],[111.382852,29.923646],[111.681776,29.884577],[111.757439,29.920075],[111.914592,29.852681],[112.064676,29.745946],[112.065453,29.681756],[112.185861,29.634352],[112.244201,29.659631],[112.228432,29.627707],[112.303163,29.567241],[112.282654,29.49503],[112.439652,29.633791],[112.6734,29.600046],[112.861626,29.783131],[112.93962,29.779986],[112.927035,29.692148],[113.011787,29.767664],[113.015205,29.710903],[112.912042,29.616143],[112.950185,29.472907],[113.034393,29.523584],[113.08077,29.434095],[113.640165,29.904414],[113.800115,29.924291],[114.086843,30.123957],[113.94344,30.203651],[113.558365,30.069289],[113.376897,30.19284],[113.150995,30.141301],[113.047288,30.18958],[112.989259,30.132243],[112.817347,30.163362],[112.817036,30.078309],[112.684276,30.092569],[112.590435,30.117431],[112.5279,30.394447],[112.463656,30.435883],[112.345578,30.402325],[112.272556,30.499287],[112.20031,30.481707],[112.06654,30.652064],[111.924147,30.505916],[111.92205,30.444485],[112.043779,30.276551],[111.939606,30.347768],[111.900842,30.281609],[111.857884,30.288081],[111.736387,30.373766],[111.573952,30.254601],[111.606967,30.231831],[111.583663,30.166194]]],[[[113.930544,30.028085],[113.903744,30.016525],[113.894033,29.997827],[113.930544,30.028085]]],[[[111.573875,30.147954],[111.596869,30.155336],[111.588246,30.166924],[111.573875,30.147954]]],[[[112.902021,29.791273],[112.894408,29.783778],[112.923772,29.766544],[112.902021,29.791273]]]]}},{"type":"Feature","properties":{"adcode":"421100","name":"黄冈市"},"geometry":{"type":"MultiPolygon","coordinates":[[[[115.147294,30.233461],[115.126164,30.21],[115.209518,30.213517],[115.269256,30.155164],[115.488011,29.845018],[115.667847,29.850185],[115.90983,29.72418],[116.135188,29.819441],[116.077936,29.95612],[116.064342,30.206911],[115.921871,30.301281],[115.899498,30.537856],[115.765573,30.707517],[115.854364,30.767459],[115.885671,30.877859],[116.071721,30.956682],[116.058904,31.012725],[115.880077,31.141919],[115.770078,31.113026],[115.700863,31.201123],[115.559557,31.160313],[115.442023,31.346128],[115.37203,31.349308],[115.392772,31.389866],[115.250457,31.391773],[115.23593,31.555478],[115.176891,31.598865],[115.125387,31.599119],[115.113346,31.528954],[114.998297,31.471608],[114.783038,31.484604],[114.778843,31.520746],[114.595666,31.576286],[114.513788,31.536147],[114.512002,31.461532],[114.450943,31.414481],[114.424453,31.211779],[114.525674,31.135462],[114.500427,31.03344],[114.615942,30.927264],[114.798497,31.000855],[114.862352,30.945699],[114.93351,31.03714],[115.079399,30.89098],[114.989752,30.808778],[114.883404,30.797309],[114.811004,30.72625],[114.848136,30.641046],[114.791738,30.616829],[114.86375,30.427537],[115.056016,30.388667],[115.095168,30.22201],[115.147294,30.233461]]],[[[114.939258,31.019914],[114.921469,31.014341],[114.931878,30.994856],[114.939258,31.019914]]],[[[115.126164,30.21],[115.147294,30.233461],[115.112492,30.213732],[115.126164,30.21]]]]}},{"type":"Feature","properties":{"adcode":"421200","name":"咸宁市"},"geometry":{"type":"MultiPolygon","coordinates":[[[[114.532277,29.969322],[114.361996,30.033027],[114.212145,30.003243],[114.10603,30.202364],[114.038524,30.197431],[114.01452,30.267248],[113.929457,30.289195],[113.867233,30.209528],[114.086843,30.123957],[114.077365,30.087587],[113.929379,30.03393],[113.82777,29.935389],[113.640165,29.904414],[113.571493,29.848936],[113.540109,29.69965],[113.664791,29.683308],[113.740998,29.591544],[113.654459,29.530883],[113.742318,29.468197],[113.731831,29.394792],[113.660984,29.368192],[113.613598,29.272418],[113.690115,29.2308],[113.68561,29.082293],[113.722742,29.104717],[113.741231,29.058128],[113.815962,29.105324],[113.895354,29.029488],[113.942041,29.047324],[114.09329,29.211739],[114.252307,29.234828],[114.258988,29.343965],[114.306841,29.365293],[114.344828,29.325228],[114.497087,29.327608],[114.913002,29.42173],[114.935763,29.486432],[114.888531,29.436127],[114.876257,29.46824],[114.901194,29.530019],[114.957592,29.500517],[114.867169,29.695986],[114.745828,29.741206],[114.724387,29.89469],[114.532277,29.969322]]],[[[113.930544,30.028085],[113.902656,30.023057],[113.886653,30.008229],[113.930544,30.028085]]]]}},{"type":"Feature","properties":{"adcode":"421300","name":"随州市"},"geometry":{"type":"MultiPolygon","coordinates":[[[[114.118149,31.805708],[113.988807,31.750179],[113.934739,31.879457],[113.838645,31.85467],[113.722432,32.124271],[113.78349,32.18638],[113.718547,32.417216],[113.428867,32.270568],[113.211821,32.432006],[113.083023,32.369352],[113.08916,32.305438],[113.027635,32.272415],[113.048609,32.126163],[112.990036,32.050046],[112.991745,31.977865],[113.031674,31.967044],[112.978539,31.845478],[112.747121,31.744312],[112.729798,31.635597],[112.887261,31.545876],[112.903419,31.475715],[113.102909,31.442647],[113.295175,31.340956],[113.333007,31.411812],[113.651274,31.397154],[113.728335,31.465385],[113.911046,31.43748],[113.928602,31.389866],[114.041631,31.438115],[114.106962,31.528151],[114.118149,31.805708]]],[[[113.768187,32.284039],[113.754049,32.288278],[113.760263,32.268218],[113.768187,32.284039]]]]}},{"type":"Feature","properties":{"adcode":"422800","name":"恩施土家族苗族自治州"},"geometry":{"type":"MultiPolygon","coordinates":[[[[110.447781,31.329128],[110.321702,31.394866],[110.181096,31.295584],[110.186844,31.145318],[110.120192,31.088375],[110.171541,30.987537],[110.081739,30.799271],[109.975935,30.888679],[109.780795,30.848588],[109.574158,30.646854],[109.456468,30.613796],[109.368687,30.50027],[109.299549,30.630583],[109.147523,30.521652],[109.088018,30.646641],[108.943838,30.601834],[108.811544,30.492016],[108.744892,30.494625],[108.666199,30.588589],[108.56995,30.470414],[108.427557,30.492443],[108.399591,30.390166],[108.568862,30.225612],[108.517048,29.865467],[108.37147,29.841617],[108.424527,29.815307],[108.437112,29.740775],[108.503608,29.708489],[108.601411,29.865596],[108.666898,29.842392],[108.710944,29.679168],[108.813641,29.631547],[108.82809,29.671276],[108.901268,29.604794],[108.866466,29.472475],[108.93203,29.431717],[108.916649,29.334618],[109.053216,29.402705],[109.111944,29.361833],[109.138823,29.16949],[109.232586,29.119461],[109.274146,29.122107],[109.28611,29.242061],[109.352218,29.284627],[109.343983,29.369446],[109.391525,29.372258],[109.368609,29.411354],[109.430988,29.529069],[109.458566,29.513174],[109.514265,29.617999],[109.704976,29.608376],[109.779474,29.757754],[110.113511,29.789679],[110.355805,29.638839],[110.634998,29.760426],[110.618373,29.82659],[110.49812,29.910051],[110.557159,29.98695],[110.491595,30.019705],[110.423389,29.95741],[110.307253,29.954486],[110.348114,30.127435],[110.266159,30.221752],[110.350212,30.243452],[110.367224,30.466563],[110.474194,30.541704],[110.422379,30.782087],[110.326052,30.754535],[110.35697,30.833118],[110.44312,30.881012],[110.464561,31.074517],[110.536107,31.12076],[110.447781,31.329128]]]]}},{"type":"Feature","properties":{"adcode":"430100","name":"长沙市"},"geometry":{"type":"MultiPolygon","coordinates":[[[[111.902613,28.021982],[111.999714,27.907837],[112.093095,27.895919],[112.199223,27.969487],[112.402341,27.966373],[112.41011,28.031593],[112.480241,28.056272],[112.633852,27.880116],[112.654585,27.941509],[112.731008,27.916967],[112.81859,28.06921],[112.924116,27.974896],[113.071709,28.010895],[113.136644,27.914999],[113.175812,28.015046],[113.243865,28.009912],[113.274992,27.862671],[113.413231,27.857803],[113.567717,27.964788],[113.591405,27.891271],[113.672203,27.876835],[114.047095,28.057473],[113.992664,28.161424],[114.105301,28.181493],[114.250652,28.318223],[114.256013,28.3921],[114.193376,28.430842],[114.195619,28.498552],[113.995782,28.564915],[113.704643,28.422192],[113.575923,28.536386],[113.430408,28.590286],[113.4245,28.636068],[113.233635,28.661639],[113.128657,28.473975],[113.07904,28.521873],[112.99184,28.460923],[112.974882,28.506979],[112.792058,28.523015],[112.808798,28.559046],[112.746872,28.510458],[112.685384,28.525407],[112.560493,28.325411],[112.345284,28.289518],[112.237954,28.210445],[112.11629,28.271703],[112.009671,28.244021],[111.899167,28.09983],[111.902613,28.021982]]]]}},{"type":"Feature","properties":{"adcode":"430200","name":"株洲市"},"geometry":{"type":"MultiPolygon","coordinates":[[[[113.730409,27.88471],[113.525923,27.959925],[113.359402,27.848067],[113.281611,27.894443],[113.264051,28.011714],[113.175812,28.015046],[113.136644,27.914999],[113.069193,27.938557],[113.012464,27.822902],[113.058963,27.727114],[113.00847,27.684775],[113.03905,27.630747],[112.969411,27.511638],[113.115473,27.205597],[113.148296,27.251695],[113.271929,27.205707],[113.280298,27.166636],[113.16799,27.126175],[113.221546,26.974549],[113.280955,26.939974],[113.232869,26.860971],[113.299281,26.768104],[113.428111,26.769761],[113.429478,26.558738],[113.523461,26.595476],[113.603604,26.507652],[113.598954,26.326646],[113.725158,26.223745],[113.693265,26.09581],[113.736427,26.041129],[114.029316,26.266359],[114.030574,26.376594],[114.110115,26.483014],[114.072697,26.479913],[114.105903,26.559679],[113.906449,26.615665],[113.862686,26.689478],[113.836755,26.79616],[113.926362,26.947144],[113.77193,27.096384],[113.876198,27.382072],[113.672149,27.333281],[113.60437,27.365536],[113.607269,27.625376],[113.763232,27.799319],[113.730409,27.88471]]]]}},{"type":"Feature","properties":{"adcode":"430300","name":"湘潭市"},"geometry":{"type":"MultiPolygon","coordinates":[[[[111.999714,27.907837],[112.130623,27.747428],[112.045338,27.706303],[112.078052,27.645764],[112.315744,27.685871],[112.281882,27.643298],[112.330788,27.602517],[112.301411,27.503188],[112.365799,27.480907],[112.406007,27.524092],[112.55453,27.424911],[112.69069,27.454121],[112.677397,27.419255],[112.831118,27.338337],[112.978109,27.439188],[112.997147,27.616112],[113.038832,27.621594],[112.994575,27.665819],[113.058963,27.727114],[113.012464,27.822902],[113.09009,27.965171],[113.071709,28.010895],[112.885658,27.974295],[112.782704,28.073577],[112.808689,28.03689],[112.743098,27.931944],[112.654585,27.941509],[112.633852,27.880116],[112.443972,28.05731],[112.411313,27.963258],[112.223785,27.971399],[112.11826,27.897614],[111.999714,27.907837]]]]}},{"type":"Feature","properties":{"adcode":"430400","name":"衡阳市"},"geometry":{"type":"MultiPolygon","coordinates":[[[[112.995396,27.438309],[112.807868,27.338392],[112.63046,27.466252],[112.459891,27.355152],[112.331061,27.370206],[112.223785,27.261209],[112.163883,27.324542],[112.154091,27.239375],[112.058139,27.175442],[112.081006,27.008561],[112.047143,26.975265],[111.907427,26.924752],[111.868696,27.013411],[111.737897,27.061571],[111.665796,27.031763],[111.649713,26.962915],[111.587569,26.96694],[111.543586,26.840935],[111.601245,26.785888],[111.712678,26.84916],[111.859178,26.799584],[112.006005,26.596914],[112.04583,26.643205],[112.151082,26.625731],[112.144737,26.504441],[112.227833,26.546453],[112.243205,26.514073],[112.1757,26.500178],[112.141728,26.387068],[112.20896,26.31356],[112.192877,26.19394],[112.257702,26.123308],[112.377287,26.201544],[112.554804,26.147245],[112.581062,26.219083],[112.686423,26.123808],[112.809728,26.192163],[112.903601,26.148467],[113.035659,26.172843],[113.025867,26.245276],[113.162683,26.324317],[113.163558,26.409566],[113.226852,26.467065],[113.160003,26.534222],[113.182979,26.687765],[113.097256,26.781636],[113.149062,26.792129],[113.144138,26.834477],[113.258526,26.815486],[113.232869,26.860971],[113.280955,26.939974],[113.245014,26.93832],[113.164543,27.101285],[113.271929,27.205707],[113.087847,27.235469],[112.995396,27.438309]]]]}},{"type":"Feature","properties":{"adcode":"430500","name":"邵阳市"},"geometry":{"type":"MultiPolygon","coordinates":[[[[111.008573,26.358857],[111.10923,26.617435],[111.15551,26.48246],[111.288771,26.492316],[111.349657,26.859812],[111.564483,26.86958],[111.581442,26.962143],[111.622033,26.954202],[111.724768,27.069063],[111.898401,26.986677],[111.89851,26.926627],[112.047143,26.975265],[112.081006,27.008561],[112.046596,27.132672],[112.091235,27.185623],[112.062406,27.285843],[111.855294,27.461147],[111.654035,27.514765],[111.560927,27.630583],[111.357097,27.522885],[111.278377,27.555798],[111.244624,27.52508],[110.983792,27.660121],[110.882916,27.650696],[110.799437,27.559418],[110.714426,27.616003],[110.632642,27.536106],[110.69331,27.455822],[110.609064,27.288977],[110.553922,27.308218],[110.456274,27.2133],[110.375584,27.223037],[110.342707,27.150508],[110.24949,27.151059],[110.075911,26.941684],[110.072082,26.700145],[109.83067,26.621528],[109.892541,26.525477],[109.856272,26.465182],[109.919018,26.474652],[110.012235,26.372492],[109.98439,26.17995],[110.098723,26.169123],[110.064916,26.050022],[110.140463,26.020394],[110.181656,26.06047],[110.245223,26.022284],[110.245824,25.96857],[110.305124,25.967346],[110.612346,26.333688],[110.732533,26.311785],[110.759119,26.248716],[110.914919,26.276344],[110.974547,26.385572],[111.008573,26.358857]]]]}},{"type":"Feature","properties":{"adcode":"430600","name":"岳阳市"},"geometry":{"type":"MultiPolygon","coordinates":[[[[112.315744,29.524298],[112.328271,29.450091],[112.366182,29.458441],[112.502068,29.312198],[112.652561,29.321421],[112.68243,29.192265],[112.924663,29.149429],[112.927945,29.023031],[112.83812,28.929295],[112.685165,28.879741],[112.672966,28.811517],[112.526412,28.702561],[112.591948,28.542962],[112.705351,28.599574],[112.714542,28.510621],[112.808798,28.559046],[112.788831,28.535027],[112.852617,28.512524],[112.978656,28.52345],[112.99184,28.460923],[113.0966,28.50812],[113.154313,28.470875],[113.234729,28.646438],[113.375813,28.643343],[113.704643,28.422192],[113.806394,28.458638],[113.844414,28.523885],[114.118704,28.586863],[114.149503,28.83504],[114.069196,28.847016],[114.008857,28.955389],[113.973791,28.937903],[113.933364,29.045965],[113.895344,29.029468],[113.827182,29.102467],[113.696328,29.077653],[113.693812,29.201824],[113.606886,29.267631],[113.660934,29.368229],[113.723243,29.389631],[113.73774,29.470345],[113.643374,29.507824],[113.735661,29.5765],[113.668702,29.671311],[113.547148,29.675396],[113.571547,29.848913],[113.090582,29.43075],[113.0344,29.523598],[112.969192,29.469052],[112.911862,29.606841],[113.030899,29.762272],[112.927015,29.692164],[112.889433,29.785738],[112.68697,29.592747],[112.43965,29.633784],[112.315744,29.524298]]],[[[112.929367,29.774086],[112.919685,29.799697],[112.886533,29.796422],[112.929367,29.774086]]]]}},{"type":"Feature","properties":{"adcode":"430700","name":"常德市"},"geometry":{"type":"MultiPolygon","coordinates":[[[[112.283413,29.495225],[112.302724,29.566008],[112.234398,29.615823],[112.24419,29.659592],[112.124988,29.657011],[112.059944,29.695765],[112.07641,29.743474],[111.757427,29.920091],[111.66235,29.885822],[111.405347,29.911136],[111.242217,30.040393],[110.929908,30.063418],[110.924273,30.111327],[110.836089,30.122671],[110.769568,30.12021],[110.722358,30.039643],[110.650968,30.077606],[110.501022,30.055226],[110.557204,29.986931],[110.506766,29.919018],[110.618419,29.826589],[110.66076,29.719622],[111.252283,29.600547],[111.337513,29.493448],[111.234723,29.33264],[111.232753,29.239888],[111.092819,29.204146],[110.985324,29.111007],[110.852555,29.09425],[110.98702,28.988404],[110.9583,28.906389],[111.115138,28.743358],[111.064646,28.659739],[110.946155,28.622004],[110.978376,28.585505],[111.049766,28.608156],[111.079306,28.53769],[111.013168,28.545787],[110.862129,28.418818],[110.889481,28.404889],[111.144952,28.473703],[111.152173,28.514318],[111.491452,28.571652],[111.567218,28.638783],[111.67351,28.591426],[111.751573,28.657622],[111.828488,28.615759],[111.951519,28.674395],[112.094354,28.641986],[112.264923,28.719164],[112.306389,28.800242],[112.245284,29.100683],[112.189978,29.145268],[112.283413,29.495225]]]]}},{"type":"Feature","properties":{"adcode":"430800","name":"张家界市"},"geometry":{"type":"MultiPolygon","coordinates":[[[[110.390409,28.881149],[110.524381,28.886132],[110.572576,29.000579],[110.678594,28.906172],[110.8368,28.941855],[110.840465,28.99257],[110.915137,29.008532],[110.852555,29.09425],[111.022304,29.120465],[111.153869,29.237728],[111.23144,29.231736],[111.234723,29.33264],[111.32969,29.443681],[111.303213,29.549703],[111.032096,29.669053],[110.766559,29.680502],[110.634666,29.749597],[110.525256,29.693508],[110.465191,29.713068],[110.372575,29.633515],[110.113494,29.789658],[109.771862,29.75137],[109.701238,29.636312],[109.782366,29.576608],[109.734663,29.540984],[109.795276,29.417117],[109.821206,29.388661],[109.908405,29.441741],[109.975528,29.299142],[110.097192,29.308853],[110.090518,29.167311],[110.261634,29.1196],[110.249654,29.076896],[110.340354,29.041313],[110.306492,28.958258],[110.390409,28.881149]]]]}},{"type":"Feature","properties":{"adcode":"430900","name":"益阳市"},"geometry":{"type":"MultiPolygon","coordinates":[[[[112.685384,28.525407],[112.717496,28.596206],[112.609727,28.540788],[112.526412,28.702561],[112.671708,28.791568],[112.685165,28.879741],[112.83812,28.929295],[112.927945,29.023031],[112.924663,29.149429],[112.68243,29.192265],[112.699881,29.287381],[112.634454,29.335984],[112.502068,29.312198],[112.290744,29.516923],[112.201028,29.146025],[112.245284,29.100683],[112.256991,28.861483],[112.304693,28.823009],[112.283194,28.728441],[112.182757,28.66837],[112.033412,28.673418],[112.034616,28.640032],[111.910217,28.671464],[111.828488,28.615759],[111.751573,28.657622],[111.688389,28.589199],[111.567218,28.638783],[111.46782,28.556927],[111.215193,28.536222],[111.144952,28.473703],[110.853923,28.398468],[110.7211,28.300794],[110.858518,28.205157],[110.823452,28.087441],[110.896155,28.058784],[110.88959,28.000954],[110.970936,28.065826],[111.070608,27.995273],[111.151571,28.122966],[111.314373,28.234211],[111.483137,28.204176],[111.494789,28.037873],[111.543914,28.047537],[111.551409,27.991886],[111.68549,28.040493],[111.726792,27.983474],[111.902613,28.021982],[111.899167,28.09983],[112.009671,28.244021],[112.11629,28.271703],[112.237954,28.210445],[112.451248,28.317842],[112.571379,28.324976],[112.685384,28.525407]]]]}},{"type":"Feature","properties":{"adcode":"431000","name":"郴州市"},"geometry":{"type":"MultiPolygon","coordinates":[[[[112.364212,25.191725],[112.659782,25.132764],[112.786697,24.912401],[112.843973,24.897363],[113.011917,24.946117],[112.967989,25.141612],[112.999006,25.244055],[112.89173,25.246181],[112.854914,25.311855],[112.894849,25.337578],[112.913175,25.299887],[113.128383,25.413204],[113.118427,25.447285],[113.226195,25.509667],[113.579807,25.316609],[113.725267,25.358599],[113.821274,25.330756],[113.943484,25.43885],[113.992391,25.565152],[113.918266,25.71741],[114.013944,25.885614],[114.008474,26.015669],[114.043813,26.076697],[114.237249,26.152188],[114.222096,26.188888],[113.962686,26.150855],[113.94611,26.184502],[113.750705,26.041629],[113.709074,26.065805],[113.738724,26.18317],[113.615201,26.278896],[113.603604,26.507652],[113.554971,26.585352],[113.414599,26.587399],[113.382049,26.69915],[113.428111,26.769761],[113.160495,26.827521],[113.097256,26.781636],[113.182979,26.687765],[113.159182,26.541638],[113.230079,26.482072],[113.035659,26.172843],[112.903601,26.148467],[112.786041,26.196993],[112.654913,26.101033],[112.597802,26.220526],[112.582047,26.15924],[112.395066,26.186168],[112.230295,26.107032],[112.33582,26.076641],[112.316783,25.944039],[112.265525,25.896689],[112.349715,25.906595],[112.377998,25.859285],[112.37756,25.750791],[112.321433,25.698458],[112.247363,25.703921],[112.238829,25.603876],[112.357812,25.541655],[112.455186,25.38107],[112.345175,25.289259],[112.364212,25.191725]]]]}},{"type":"Feature","properties":{"adcode":"431100","name":"永州市"},"geometry":{"type":"MultiPolygon","coordinates":[[[[112.364212,25.191725],[112.357593,25.278631],[112.426466,25.398508],[112.367932,25.520442],[112.250973,25.559013],[112.243041,25.684855],[112.383523,25.730618],[112.380514,25.837293],[112.359562,25.894407],[112.272089,25.886337],[112.33582,26.076641],[112.240579,26.09331],[112.185929,26.185668],[112.212461,26.30563],[112.141728,26.387068],[112.227833,26.546453],[112.15245,26.502725],[112.151082,26.625731],[111.973565,26.630929],[111.874769,26.785888],[111.712678,26.84916],[111.601245,26.785888],[111.528269,26.865],[111.329854,26.836685],[111.276244,26.68887],[111.296922,26.511748],[111.201189,26.457318],[111.15551,26.48246],[111.137129,26.610632],[111.073562,26.587841],[111.008573,26.358857],[111.281277,26.27113],[111.268913,26.107366],[111.202939,25.976133],[111.251627,25.864685],[111.346211,25.906316],[111.492054,25.868581],[111.425041,25.826268],[111.440194,25.769623],[111.307535,25.716351],[111.334723,25.618381],[111.292108,25.435833],[111.103322,25.285064],[111.112786,25.217081],[111.00272,25.165747],[110.951899,25.041157],[110.994897,24.930354],[111.08609,24.941125],[111.123016,25.042559],[111.274767,25.151133],[111.321813,25.104925],[111.387076,25.130243],[111.465303,25.023781],[111.431113,24.97259],[111.479417,24.797551],[111.431113,24.685854],[111.560107,24.63891],[111.70398,24.778174],[112.024113,24.740142],[112.161093,24.844211],[112.175207,24.927493],[112.12001,24.963729],[112.19315,25.172186],[112.364212,25.191725]]]]}},{"type":"Feature","properties":{"adcode":"431200","name":"怀化市"},"geometry":{"type":"MultiPolygon","coordinates":[[[[109.418415,27.721364],[109.470056,27.628774],[109.433623,27.548393],[109.312342,27.486176],[109.306926,27.434411],[109.123337,27.42859],[109.114092,27.352404],[108.914256,27.21462],[108.887614,27.121495],[108.792209,27.083275],[108.878424,27.006356],[109.032527,27.103818],[109.13395,27.11775],[109.109169,27.092528],[109.163545,27.065813],[109.238928,27.149132],[109.41464,27.154141],[109.518524,27.072589],[109.555013,26.946923],[109.436631,26.862461],[109.51382,26.874271],[109.522244,26.749378],[109.580341,26.755676],[109.547299,26.717885],[109.453973,26.7612],[109.364968,26.696166],[109.283732,26.698598],[109.408732,26.5371],[109.285865,26.295813],[109.351456,26.264251],[109.466555,26.314059],[109.43964,26.238839],[109.504082,26.09681],[109.454793,26.053079],[109.513163,25.998099],[109.634991,26.047298],[109.72323,26.003437],[109.69254,25.898025],[109.813219,25.879825],[109.80195,26.034403],[109.856272,26.026287],[110.017706,26.347548],[109.932585,26.475981],[109.856272,26.465182],[109.892541,26.525477],[109.826841,26.60582],[109.963603,26.691855],[110.065189,26.695392],[110.072137,26.932032],[110.24949,27.151059],[110.331766,27.151444],[110.375584,27.223037],[110.456274,27.2133],[110.540847,27.305194],[110.609064,27.288977],[110.688222,27.443854],[110.648233,27.529578],[110.674053,27.60005],[110.741067,27.62565],[110.7868,27.560515],[110.853485,27.592045],[110.869185,27.655463],[110.78587,27.832914],[110.973945,27.910899],[110.971155,28.002757],[111.013223,28.028917],[110.953485,28.057091],[110.88959,28.000954],[110.876352,28.081819],[110.823452,28.087441],[110.858518,28.205157],[110.739535,28.281619],[110.929744,28.484796],[111.013168,28.545787],[111.067545,28.530135],[111.057425,28.607938],[110.950696,28.568229],[111.105455,28.727085],[110.9583,28.906389],[110.98702,28.988404],[110.919076,29.022544],[110.788879,28.913808],[110.572576,29.000579],[110.530782,28.874107],[110.490191,28.911263],[110.400201,28.89572],[110.212072,28.625697],[110.236634,28.57339],[110.188603,28.574966],[110.138111,28.447706],[110.109227,28.463642],[110.211525,28.346974],[110.1781,28.316426],[110.240299,28.230832],[110.166776,28.103104],[110.111743,28.090934],[110.110321,27.988554],[110.02252,27.908001],[109.752442,28.02149],[109.622518,27.878859],[109.647409,27.834993],[109.454465,27.794886],[109.418415,27.721364]]],[[[109.466938,26.831937],[109.468634,26.826527],[109.482146,26.835029],[109.466938,26.831937]]],[[[109.528535,26.743909],[109.522244,26.749378],[109.522135,26.749212],[109.528535,26.743909]]]]}},{"type":"Feature","properties":{"adcode":"431300","name":"娄底市"},"geometry":{"type":"MultiPolygon","coordinates":[[[[112.092165,27.205652],[112.154091,27.239375],[112.163883,27.324542],[112.213938,27.268908],[112.312133,27.367074],[112.438118,27.344602],[112.522418,27.420464],[112.406007,27.524092],[112.365799,27.480907],[112.301411,27.503188],[112.334289,27.581408],[112.283906,27.633652],[112.304201,27.697868],[112.078052,27.645764],[112.053489,27.714135],[112.130623,27.747428],[111.902613,28.021982],[111.71514,27.993361],[111.68549,28.040493],[111.55026,27.974841],[111.543914,28.047537],[111.494789,28.037873],[111.495719,28.189945],[111.398016,28.180021],[111.32597,28.226526],[111.186528,28.160606],[111.081987,27.995601],[110.9804,28.029081],[110.9804,27.919973],[110.894514,27.849872],[110.806548,27.864257],[110.767763,27.795433],[110.837511,27.681489],[111.059941,27.631295],[111.244624,27.52508],[111.567984,27.627075],[111.912843,27.410304],[112.062406,27.285843],[112.092165,27.205652]]]]}},{"type":"Feature","properties":{"adcode":"433100","name":"湘西土家族苗族自治州"},"geometry":{"type":"MultiPolygon","coordinates":[[[[109.418415,27.721364],[109.461358,27.803423],[109.626676,27.817103],[109.622737,27.89324],[109.719127,27.952657],[109.732201,28.02362],[110.000364,27.919755],[110.09927,27.977082],[110.116284,28.075542],[110.240299,28.230832],[110.175037,28.280529],[110.211525,28.346974],[110.10299,28.45271],[110.163603,28.467558],[110.165463,28.556982],[110.224216,28.563285],[110.218582,28.644158],[110.396317,28.864192],[110.331,28.941152],[110.304194,29.091331],[110.261962,29.069542],[110.203921,29.161044],[110.089041,29.151266],[110.097192,29.308853],[109.936141,29.325143],[109.935867,29.434414],[109.828919,29.373297],[109.734663,29.540984],[109.769565,29.606518],[109.609444,29.634483],[109.501457,29.605442],[109.343962,29.369415],[109.352277,29.305239],[109.257856,29.222612],[109.245329,29.115114],[109.319618,29.042557],[109.23406,28.863813],[109.241281,28.776495],[109.299979,28.744931],[109.19314,28.636231],[109.201456,28.598433],[109.30906,28.607612],[109.268578,28.338099],[109.399651,28.269306],[109.298721,28.032521],[109.370548,28.046063],[109.301784,27.95834],[109.365898,27.722185],[109.418415,27.721364]]]]}},{"type":"Feature","properties":{"adcode":"440100","name":"广州市"},"geometry":{"type":"MultiPolygon","coordinates":[[[[113.365116,22.772595],[113.540693,22.666222],[113.651588,22.515715],[113.728149,22.521993],[113.716883,22.645172],[113.58407,22.831325],[113.522913,23.037262],[113.71696,23.138895],[113.895679,23.164529],[113.895985,23.34505],[113.978217,23.30104],[113.974462,23.46489],[113.871384,23.541327],[113.818811,23.656188],[114.038454,23.771212],[114.033856,23.91889],[113.865177,23.928947],[113.713511,23.862484],[113.720178,23.825129],[113.615185,23.779804],[113.61166,23.686206],[113.404278,23.723495],[113.202262,23.576492],[113.192069,23.514761],[112.972962,23.450042],[112.980626,23.380268],[113.043392,23.351131],[113.044925,23.2522],[113.128,23.31453],[113.177738,23.271304],[113.209695,23.121838],[113.177201,23.076695],[113.254912,23.044842],[113.251923,22.970348],[113.312083,22.830369],[113.37439,22.822618],[113.365116,22.772595]]]]}},{"type":"Feature","properties":{"adcode":"440200","name":"韶关市"},"geometry":{"type":"MultiPolygon","coordinates":[[[[113.800265,23.902566],[114.263309,23.960218],[114.236716,23.910676],[114.34991,23.887925],[114.389685,24.012741],[114.594077,24.164138],[114.566028,24.233019],[114.439499,24.121982],[114.292891,24.175069],[114.254802,24.256707],[114.293581,24.352672],[114.249208,24.362695],[114.310518,24.558583],[114.289749,24.618767],[114.174563,24.645576],[114.169811,24.682585],[114.341863,24.763686],[114.395892,24.951112],[114.561583,25.077592],[114.735627,25.122035],[114.680141,25.1931],[114.742907,25.274542],[114.540431,25.417025],[114.400874,25.327817],[114.131339,25.308447],[114.039911,25.250735],[114.051406,25.34885],[113.961894,25.452554],[113.886865,25.436637],[113.832836,25.343904],[113.706537,25.360874],[113.585986,25.307353],[113.544295,25.3666],[113.373317,25.402612],[113.296832,25.508402],[113.169307,25.488021],[112.927822,25.299907],[112.857392,25.336824],[112.865899,25.2598],[113.017718,25.211186],[112.974341,25.168235],[113.014729,24.851528],[112.900616,24.713776],[112.887971,24.595304],[112.950507,24.59499],[113.047377,24.475515],[113.230158,24.498475],[113.294993,24.457164],[113.37416,24.49402],[113.440988,24.453703],[113.57564,24.509115],[113.709909,24.412377],[113.803867,24.401781],[113.922119,24.19304],[113.728149,23.997166],[113.800265,23.902566]]]]}},{"type":"Feature","properties":{"adcode":"440300","name":"深圳市"},"geometry":{"type":"MultiPolygon","coordinates":[[[[114.229205,22.81253],[114.172494,22.654368],[114.098462,22.747205],[114.002971,22.763459],[113.887325,22.858504],[113.762406,22.736899],[113.881731,22.446788],[113.959135,22.504912],[114.381868,22.601519],[114.467625,22.53338],[114.48985,22.443647],[114.611397,22.482027],[114.627031,22.519918],[114.559743,22.573172],[114.580282,22.661491],[114.431912,22.660907],[114.41827,22.766327],[114.229205,22.81253]]],[[[113.819961,22.396362],[113.811224,22.420432],[113.7867,22.413563],[113.819961,22.396362]]],[[[113.844485,22.510234],[113.856823,22.503582],[113.842569,22.515821],[113.844485,22.510234]]],[[[113.839657,22.498526],[113.847244,22.491927],[113.844485,22.503369],[113.839657,22.498526]]]]}},{"type":"Feature","properties":{"adcode":"440400","name":"珠海市"},"geometry":{"type":"MultiPolygon","coordinates":[[[[113.262652,22.392048],[113.181646,22.40238],[113.168541,22.238417],[113.087152,22.126137],[113.151451,21.979853],[113.26679,21.871645],[113.33768,21.969009],[113.565754,22.07266],[113.538241,22.209409],[113.597175,22.234951],[113.604762,22.339897],[113.669368,22.416279],[113.49586,22.407546],[113.470493,22.310377],[113.50475,22.266992],[113.430565,22.201302],[113.262652,22.392048]]],[[[114.051789,22.086324],[114.047651,22.108954],[114.026959,22.10319],[114.051789,22.086324]]],[[[114.231045,22.016332],[114.323623,22.056377],[114.239781,22.035502],[114.231045,22.016332]]],[[[113.714584,22.007413],[113.723014,22.02872],[113.695731,22.021565],[113.714584,22.007413]]],[[[113.824406,22.001271],[113.831763,21.98888],[113.842339,21.998868],[113.824406,22.001271]]],[[[114.009945,21.853148],[114.031557,21.873623],[114.010252,21.86368],[114.009945,21.853148]]],[[[113.815056,22.157136],[113.808542,22.174207],[113.799575,22.166472],[113.815056,22.157136]]],[[[113.999293,22.045273],[114.001055,22.035929],[114.005424,22.045112],[113.999293,22.045273]]],[[[113.765165,21.961958],[113.780109,21.989254],[113.750067,21.995129],[113.765165,21.961958]]],[[[114.034469,21.886077],[114.063592,21.892384],[114.058687,21.902326],[114.034469,21.886077]]],[[[113.919436,22.036997],[113.937753,22.036249],[113.922962,22.048583],[113.919436,22.036997]]],[[[113.143251,21.831707],[113.205787,21.871324],[113.137043,21.868651],[113.143251,21.831707]]],[[[113.722937,21.922152],[113.751677,21.940747],[113.727842,21.955119],[113.722937,21.922152]]],[[[113.876979,22.117653],[113.869622,22.11301],[113.880581,22.10746],[113.876979,22.117653]]],[[[113.828238,22.117919],[113.83958,22.130993],[113.828544,22.156283],[113.828238,22.117919]]],[[[114.18989,21.986423],[114.220239,21.989842],[114.18192,22.010938],[114.18989,21.986423]]],[[[113.165399,21.953463],[113.172373,21.941068],[113.172066,21.954745],[113.165399,21.953463]]],[[[114.153947,21.975099],[114.17234,21.999776],[114.124212,21.985248],[114.153947,21.975099]]],[[[113.138039,21.919213],[113.125164,21.896126],[113.158731,21.927015],[113.138039,21.919213]]],[[[113.665306,22.039239],[113.666532,22.02338],[113.675805,22.029361],[113.665306,22.039239]]],[[[113.683163,21.938824],[113.709449,21.944968],[113.692819,21.962973],[113.683163,21.938824]]],[[[113.901733,22.114184],[113.890161,22.122775],[113.886405,22.111249],[113.901733,22.114184]]],[[[113.707687,22.143532],[113.707993,22.134728],[113.722094,22.141878],[113.707687,22.143532]]],[[[114.007493,22.026958],[114.017992,22.028346],[114.013471,22.038225],[114.007493,22.026958]]],[[[113.702705,22.101696],[113.700866,22.094864],[113.711059,22.091769],[113.702705,22.101696]]],[[[114.126664,21.961744],[114.142835,21.965484],[114.139003,21.970345],[114.126664,21.961744]]],[[[113.576866,22.212075],[113.576176,22.201036],[113.590738,22.208982],[113.576866,22.212075]]]]}},{"type":"Feature","properties":{"adcode":"440500","name":"汕头市"},"geometry":{"type":"MultiPolygon","coordinates":[[[[116.552551,23.105891],[116.823542,23.230447],[116.782771,23.313842],[116.896194,23.476197],[116.911062,23.602201],[116.830976,23.645793],[116.785223,23.579554],[116.738934,23.60162],[116.702991,23.574433],[116.717935,23.471072],[116.668504,23.428638],[116.58995,23.453265],[116.568339,23.378258],[116.41491,23.510271],[116.332371,23.443647],[116.349768,23.358112],[116.244545,23.140431],[116.3805,23.039807],[116.552551,23.105891]]],[[[117.14542,23.456119],[116.944706,23.440001],[117.114075,23.399459],[117.14542,23.456119]]]]}},{"type":"Feature","properties":{"adcode":"440600","name":"佛山市"},"geometry":{"type":"MultiPolygon","coordinates":[[[[112.975184,23.463622],[112.827197,23.567042],[112.845743,23.487134],[112.785736,23.394173],[112.859691,23.364563],[112.866895,23.293263],[112.842984,23.224465],[112.766347,23.21356],[112.834094,23.014784],[112.413507,22.774454],[112.411898,22.671219],[112.500108,22.728664],[112.560038,22.695826],[112.546474,22.642248],[112.680436,22.747045],[112.69538,22.695613],[112.769489,22.701246],[112.883679,22.852187],[113.049523,22.807751],[113.161414,22.673717],[113.365116,22.772595],[113.38305,22.799308],[113.27706,22.894699],[113.254912,23.044842],[113.184865,23.05963],[113.182029,23.251459],[113.128,23.31453],[113.044925,23.2522],[112.975184,23.463622]]],[[[112.789721,23.00137],[112.790564,23.00206],[112.787882,23.000999],[112.789721,23.00137]]]]}},{"type":"Feature","properties":{"adcode":"440700","name":"江门市"},"geometry":{"type":"MultiPolygon","coordinates":[[[[112.165431,22.385018],[112.004262,22.248333],[112.052161,22.194742],[112.038826,22.131366],[112.105884,22.135795],[112.323841,21.962919],[112.370054,21.861434],[112.307824,21.704174],[112.409522,21.728417],[112.427379,21.790207],[112.639358,21.756025],[112.792327,21.921297],[112.885135,21.852185],[112.989669,21.86956],[113.054198,22.003835],[113.035498,22.077357],[113.158885,22.228712],[113.169154,22.377987],[113.256444,22.43779],[113.075273,22.777959],[112.923454,22.856274],[112.819303,22.803025],[112.755771,22.692425],[112.69653,22.75905],[112.546474,22.642248],[112.560038,22.695826],[112.47704,22.715912],[112.515742,22.626617],[112.475047,22.585511],[112.419562,22.664202],[112.371127,22.558278],[112.309127,22.572427],[112.235938,22.427035],[112.165431,22.385018]]],[[[112.77539,21.564101],[112.876015,21.772716],[112.724196,21.719694],[112.734542,21.666599],[112.780295,21.671524],[112.73094,21.613752],[112.77539,21.564101]]],[[[112.530993,21.583921],[112.669707,21.693952],[112.559808,21.665475],[112.530993,21.583921]]],[[[112.435426,21.663548],[112.456348,21.648772],[112.466081,21.686673],[112.435426,21.663548]]],[[[112.680513,21.69818],[112.690092,21.699893],[112.686184,21.713701],[112.680513,21.69818]]],[[[112.883449,21.593776],[112.903222,21.610861],[112.861991,21.60663],[112.883449,21.593776]]],[[[113.025459,21.847801],[113.051975,21.868812],[113.023466,21.879823],[113.025459,21.847801]]],[[[112.656372,21.595704],[112.667025,21.607862],[112.65369,21.60588],[112.656372,21.595704]]],[[[112.587934,21.58617],[112.59989,21.599185],[112.581727,21.600578],[112.587934,21.58617]]],[[[112.674228,21.610646],[112.672312,21.617608],[112.664802,21.612467],[112.674228,21.610646]]],[[[112.801677,21.564261],[112.818077,21.579635],[112.794013,21.568922],[112.801677,21.564261]]]]}},{"type":"Feature","properties":{"adcode":"440800","name":"湛江市"},"geometry":{"type":"MultiPolygon","coordinates":[[[[110.645401,21.227394],[110.637967,21.289022],[110.522168,21.303567],[110.568457,21.361408],[110.510442,21.499587],[110.422692,21.562226],[110.412346,21.675753],[110.351419,21.713647],[110.342606,21.837322],[110.387592,21.890407],[109.986241,21.879128],[109.884773,21.648076],[109.784684,21.63817],[109.777863,21.670507],[109.785604,21.456919],[109.894353,21.442283],[109.889754,21.395898],[109.770659,21.35953],[109.763992,21.226266],[109.674939,21.136622],[109.654937,20.903532],[109.745062,20.621134],[109.888298,20.475448],[109.909297,20.230691],[110.285664,20.238312],[110.452274,20.311203],[110.55175,20.462982],[110.486915,20.64011],[110.41135,20.671156],[110.393723,20.816655],[110.184196,20.891746],[110.180747,20.981753],[110.211249,21.054182],[110.23424,21.014342],[110.422386,21.190716],[110.645401,21.227394]]],[[[110.508373,21.490958],[110.484002,21.447108],[110.56041,21.337963],[110.529755,21.318056],[110.645401,21.227394],[110.768558,21.364948],[110.977012,21.406785],[110.880449,21.444856],[110.771853,21.647808],[110.730775,21.501088],[110.508373,21.490958]]],[[[110.396329,21.90612],[110.414799,21.932732],[110.372954,21.93332],[110.396329,21.90612]]],[[[110.381078,21.783361],[110.379162,21.763675],[110.391041,21.776674],[110.381078,21.783361]]],[[[110.545006,21.083853],[110.631606,21.190877],[110.433805,21.183626],[110.545006,21.083853]]],[[[110.51757,21.078962],[110.306126,21.088099],[110.198451,20.956903],[110.47289,20.983151],[110.511822,20.916553],[110.560717,21.048322],[110.51757,21.078962]]],[[[110.714758,21.526811],[110.706788,21.521023],[110.717364,21.519684],[110.714758,21.526811]]],[[[110.405372,20.678054],[110.438786,20.679779],[110.423842,20.71114],[110.405372,20.678054]]],[[[110.645018,20.935654],[110.604553,20.952331],[110.55152,20.872641],[110.588536,20.856762],[110.645018,20.935654]]],[[[110.556655,20.327463],[110.593671,20.360678],[110.58639,20.381091],[110.556655,20.327463]]],[[[110.420776,21.159992],[110.442235,21.148281],[110.447753,21.160153],[110.420776,21.159992]]],[[[110.395409,21.104382],[110.426524,21.094602],[110.416101,21.112389],[110.395409,21.104382]]]]}},{"type":"Feature","properties":{"adcode":"440900","name":"茂名市"},"geometry":{"type":"MultiPolygon","coordinates":[[[[110.706788,21.521023],[110.749858,21.635922],[110.901907,21.425768],[111.290536,21.484204],[111.257352,21.415151],[111.452395,21.515182],[111.431243,21.71857],[111.374301,21.774374],[111.417218,21.850154],[111.290077,21.907991],[111.285325,22.048369],[111.360507,22.233938],[111.453468,22.270297],[111.517001,22.365309],[111.616783,22.390504],[111.678553,22.496397],[111.569344,22.540722],[111.43952,22.427834],[111.384647,22.509808],[111.293295,22.50603],[111.303105,22.580724],[111.219187,22.58583],[111.089669,22.694285],[110.887269,22.583543],[110.778674,22.585405],[110.725947,22.461215],[110.688241,22.477769],[110.773233,22.307393],[110.664637,22.245348],[110.678892,22.17266],[110.629077,22.14908],[110.560333,22.196396],[110.489444,22.144599],[110.430816,22.206209],[110.348507,22.195862],[110.352952,21.976595],[110.442388,21.940854],[110.339387,21.806359],[110.391041,21.776674],[110.351419,21.713647],[110.422692,21.562226],[110.538875,21.473859],[110.557038,21.512663],[110.621184,21.481042],[110.706788,21.521023]]],[[[110.508066,21.490583],[110.490823,21.482811],[110.506687,21.472251],[110.508066,21.490583]]],[[[110.379162,21.763675],[110.381078,21.783361],[110.370042,21.770148],[110.379162,21.763675]]],[[[110.717364,21.519684],[110.708474,21.500927],[110.730775,21.501088],[110.717364,21.519684]]],[[[111.1847,21.37101],[111.195659,21.391017],[111.1847,21.381953],[111.1847,21.37101]]],[[[110.484002,21.447108],[110.49044,21.456866],[110.484539,21.456705],[110.484002,21.447108]]]]}},{"type":"Feature","properties":{"adcode":"441200","name":"肇庆市"},"geometry":{"type":"MultiPolygon","coordinates":[[[[112.830493,23.545762],[112.675455,23.815169],[112.683272,23.92405],[112.516125,23.977009],[112.489532,24.086122],[112.429831,24.127081],[112.449987,24.28102],[112.288971,24.388666],[112.256324,24.2597],[112.166658,24.187943],[112.086878,24.256917],[112.024955,24.188364],[111.877887,24.228922],[111.940347,23.987746],[111.854436,23.947427],[111.810599,23.807001],[111.664451,23.834877],[111.629351,23.736362],[111.66675,23.718907],[111.58858,23.638142],[111.487035,23.626638],[111.480215,23.532613],[111.399745,23.469382],[111.361963,23.330293],[111.472551,23.275061],[111.52796,23.310351],[111.575322,23.194077],[111.770441,23.13328],[112.165431,23.075052],[112.311886,23.121255],[112.257703,22.910564],[112.295332,22.915605],[112.310353,22.824848],[112.392509,22.76978],[112.692468,22.901969],[112.672696,22.940486],[112.820453,23.010225],[112.772938,23.199742],[112.842984,23.224465],[112.883296,23.347324],[112.805892,23.387511],[112.830493,23.545762]]]]}},{"type":"Feature","properties":{"adcode":"441300","name":"惠州市"},"geometry":{"type":"MultiPolygon","coordinates":[[[[114.514451,22.660747],[114.709647,22.787678],[114.75241,22.759741],[114.747352,22.581628],[114.925305,22.551628],[114.924232,22.610878],[115.02616,22.702149],[114.952741,22.794582],[114.930363,22.920698],[115.24588,23.061803],[115.283509,23.157433],[115.404443,23.21986],[115.39494,23.288342],[115.265039,23.384445],[114.992133,23.296755],[114.923236,23.338597],[114.850353,23.165271],[114.782989,23.224571],[114.776628,23.313472],[114.632779,23.407865],[114.698764,23.520624],[114.567637,23.570738],[114.493529,23.699182],[114.355351,23.736046],[114.331517,23.900512],[114.174333,23.959429],[114.036232,23.901776],[114.02489,23.752549],[113.818811,23.656188],[114.000442,23.39338],[113.996151,23.309346],[113.895985,23.34505],[113.903802,23.212554],[113.844715,23.125599],[114.088959,23.094182],[114.150269,23.024698],[114.124442,22.994],[114.223841,22.963719],[114.234953,22.792989],[114.353128,22.806636],[114.355964,22.764893],[114.41827,22.766327],[114.431912,22.660907],[114.514451,22.660747]]],[[[114.650482,22.573916],[114.658913,22.560512],[114.638144,22.585724],[114.650482,22.573916]]],[[[114.628947,22.448492],[114.652092,22.454507],[114.620287,22.466325],[114.628947,22.448492]]],[[[114.609941,22.670262],[114.61293,22.661704],[114.617988,22.669518],[114.609941,22.670262]]],[[[114.840007,22.51199],[114.84062,22.502038],[114.855641,22.513799],[114.840007,22.51199]]],[[[114.649409,22.675152],[114.648107,22.664734],[114.653548,22.664043],[114.649409,22.675152]]],[[[114.72689,22.577693],[114.720836,22.588543],[114.719226,22.580246],[114.72689,22.577693]]],[[[114.641286,22.429378],[114.650482,22.428739],[114.659602,22.444073],[114.641286,22.429378]]]]}},{"type":"Feature","properties":{"adcode":"441400","name":"梅州市"},"geometry":{"type":"MultiPolygon","coordinates":[[[[116.368468,23.73304],[116.436215,23.780331],[116.496146,23.752496],[116.498981,23.85848],[116.68797,23.981062],[116.789745,24.157095],[116.900333,24.196771],[116.939418,24.274561],[116.860788,24.46225],[116.757327,24.557483],[116.815342,24.65458],[116.596465,24.654057],[116.530096,24.604941],[116.501511,24.698339],[116.374905,24.807197],[116.417822,24.840656],[116.394754,24.877869],[116.233049,24.80066],[116.191741,24.877137],[116.083222,24.853515],[115.878447,24.932571],[115.8599,24.864804],[115.819666,24.906816],[115.757129,24.749929],[115.801196,24.705665],[115.761804,24.668139],[115.840971,24.576238],[115.686086,24.547004],[115.649607,24.614735],[115.559481,24.64301],[115.493649,24.569166],[115.491427,24.522847],[115.593048,24.459733],[115.550898,24.359914],[115.592205,24.255289],[115.503612,24.187575],[115.537409,24.108838],[115.442302,24.124452],[115.446517,23.99364],[115.317153,23.761617],[115.387276,23.778223],[115.443528,23.703349],[115.416858,23.484122],[115.457017,23.38381],[115.505068,23.378734],[115.687389,23.557538],[115.786175,23.517455],[115.81844,23.644632],[115.896227,23.625846],[115.985816,23.676974],[116.165455,23.616082],[116.320033,23.775534],[116.368468,23.73304]]]]}},{"type":"Feature","properties":{"adcode":"441500","name":"汕尾市"},"geometry":{"type":"MultiPolygon","coordinates":[[[[115.606537,23.471865],[115.475486,23.373658],[115.425289,23.236322],[115.294468,23.160981],[115.290253,23.095559],[114.917794,22.907009],[115.023094,22.717559],[115.055129,22.778384],[115.173917,22.775357],[115.244347,22.823945],[115.22902,22.782208],[115.34344,22.768505],[115.365741,22.698058],[115.574195,22.650488],[115.609142,22.752782],[115.541701,22.755492],[115.63244,22.860043],[115.755903,22.837324],[115.829322,22.73472],[116.038926,22.840774],[116.097094,22.816777],[116.226918,22.914491],[116.109969,22.891143],[115.943819,22.956293],[115.955314,23.038322],[115.898832,23.129466],[115.832924,23.112196],[115.725631,23.183805],[115.810929,23.24876],[115.777668,23.383651],[115.671602,23.38344],[115.606537,23.471865]]],[[[116.769589,20.771743],[116.872513,20.738294],[116.88991,20.683066],[116.848832,20.628304],[116.758476,20.618438],[116.770355,20.58792],[116.862933,20.588891],[116.931831,20.666198],[116.911982,20.755908],[116.769589,20.771743]]],[[[115.107702,22.77132],[115.117129,22.779712],[115.108622,22.783217],[115.107702,22.77132]]],[[[116.735562,20.694544],[116.72238,20.707476],[116.71441,20.700256],[116.735562,20.694544]]],[[[115.185796,22.737695],[115.196525,22.735889],[115.195146,22.741945],[115.185796,22.737695]]],[[[115.943359,21.09745],[116.055096,21.027408],[116.043831,21.110186],[115.943359,21.09745]]],[[[115.926728,20.981538],[115.969875,20.919513],[116.000914,20.948404],[115.926728,20.981538]]]]}},{"type":"Feature","properties":{"adcode":"441600","name":"河源市"},"geometry":{"type":"MultiPolygon","coordinates":[[[[115.419311,23.243785],[115.485756,23.315218],[115.426438,23.483119],[115.457093,23.696281],[115.399385,23.768734],[115.317153,23.761617],[115.453261,23.967009],[115.437551,24.104],[115.529592,24.098479],[115.507061,24.165977],[115.570823,24.235751],[115.57067,24.478398],[115.493266,24.498004],[115.483227,24.562722],[115.556186,24.68269],[115.41295,24.792869],[115.120731,24.66437],[115.059421,24.702735],[114.978875,24.673216],[114.869053,24.562355],[114.752717,24.616253],[114.705202,24.526096],[114.665197,24.583676],[114.42877,24.486262],[114.363858,24.582524],[114.293275,24.551982],[114.310595,24.480757],[114.242004,24.426014],[114.33029,24.137279],[114.46387,24.110836],[114.491613,24.192357],[114.591318,24.225981],[114.554226,24.124295],[114.398038,24.026],[114.337954,23.770632],[114.440112,23.687578],[114.512688,23.688527],[114.57898,23.561498],[114.692173,23.532402],[114.697155,23.46061],[114.632779,23.407865],[114.707501,23.40427],[114.786361,23.207101],[114.868823,23.189841],[114.944158,23.350179],[115.056125,23.321195],[115.235457,23.385343],[115.419311,23.243785]]]]}},{"type":"Feature","properties":{"adcode":"441700","name":"阳江市"},"geometry":{"type":"MultiPolygon","coordinates":[[[[112.307824,21.704174],[112.351737,21.849298],[112.318477,21.976381],[112.106727,22.125497],[112.034381,22.113437],[112.004262,22.248333],[112.081896,22.351086],[112.147268,22.339098],[112.142057,22.41548],[111.983724,22.505391],[111.96602,22.627521],[111.835736,22.585937],[111.871296,22.633529],[111.820102,22.676427],[111.630884,22.402859],[111.517001,22.365309],[111.327169,22.171326],[111.290077,21.907991],[111.423503,21.81374],[111.381275,21.734463],[111.431243,21.71857],[111.418291,21.578671],[111.47577,21.50023],[111.547886,21.502642],[111.677403,21.529758],[111.736644,21.610004],[111.794429,21.611289],[111.80738,21.559065],[111.972458,21.603256],[112.022196,21.645988],[111.949697,21.690848],[112.136539,21.793844],[112.307824,21.704174]]],[[[112.181065,21.545885],[112.204823,21.548189],[112.180836,21.554779],[112.181065,21.545885]]],[[[112.140601,21.601917],[112.150104,21.601863],[112.144816,21.613913],[112.140601,21.601917]]],[[[112.118146,21.633458],[112.129258,21.640526],[112.118146,21.642829],[112.118146,21.633458]]]]}},{"type":"Feature","properties":{"adcode":"441800","name":"清远市"},"geometry":{"type":"MultiPolygon","coordinates":[[[[112.994804,24.927347],[112.788342,24.892396],[112.659821,25.132779],[112.18735,25.183092],[112.120062,24.963698],[112.175164,24.927504],[112.165661,24.867208],[111.961345,24.721206],[111.927472,24.629397],[112.061817,24.368152],[111.956057,24.26033],[111.997672,24.186945],[112.067872,24.260698],[112.157538,24.185841],[112.249503,24.243367],[112.284679,24.377334],[112.373732,24.347949],[112.458723,24.238377],[112.428452,24.139802],[112.486696,24.114148],[112.516125,23.977009],[112.662886,23.949585],[112.796772,23.551835],[112.86291,23.57343],[112.957634,23.447558],[113.192069,23.514761],[113.202262,23.576492],[113.397841,23.730562],[113.623845,23.694699],[113.640245,23.814274],[113.720178,23.825129],[113.791605,23.903882],[113.718646,23.993008],[113.930319,24.19593],[113.765318,24.417727],[113.589665,24.515248],[113.467428,24.461726],[113.294993,24.457164],[113.25108,24.510216],[113.047377,24.475515],[112.884599,24.616358],[112.900616,24.713776],[113.022163,24.870866],[112.994804,24.927347]]]]}},{"type":"Feature","properties":{"adcode":"441900","name":"东莞市"},"geometry":{"type":"MultiPolygon","coordinates":[[[[114.229205,22.81253],[114.26032,22.899634],[114.212498,22.987796],[114.13816,22.986417],[114.088959,23.094182],[113.71696,23.138895],[113.522913,23.037262],[113.571195,22.853143],[113.678181,22.726113],[113.751447,22.715381],[113.89951,22.855478],[114.167436,22.680679],[114.229205,22.81253]]]]}},{"type":"Feature","properties":{"adcode":"442000","name":"中山市"},"geometry":{"type":"MultiPolygon","coordinates":[[[[113.568743,22.411912],[113.692052,22.515129],[113.464822,22.72096],[113.365116,22.772595],[113.161414,22.673717],[113.262652,22.392048],[113.415774,22.202902],[113.512797,22.249986],[113.48697,22.390184],[113.568743,22.411912]]]]}},{"type":"Feature","properties":{"adcode":"445100","name":"潮州市"},"geometry":{"type":"MultiPolygon","coordinates":[[[[116.91704,23.531662],[117.010231,23.502665],[117.192935,23.561656],[117.192552,23.629593],[117.053225,23.698391],[117.022416,23.838776],[116.960033,23.868173],[116.982641,23.959324],[116.926619,24.098585],[116.998659,24.17901],[116.917116,24.232809],[116.878568,24.167817],[116.780241,24.147319],[116.76752,24.074657],[116.700155,24.050094],[116.604741,23.910781],[116.496989,23.869226],[116.504729,23.763673],[116.380883,23.737364],[116.514156,23.655924],[116.567036,23.569207],[116.543661,23.505623],[116.630108,23.429378],[116.702608,23.438204],[116.714946,23.584728],[116.794496,23.589532],[116.830976,23.645793],[116.900639,23.61946],[116.91704,23.531662]]]]}},{"type":"Feature","properties":{"adcode":"445200","name":"揭阳市"},"geometry":{"type":"MultiPolygon","coordinates":[[[[116.552551,23.105891],[116.3805,23.039807],[116.261558,23.12295],[116.377051,23.500658],[116.482581,23.500552],[116.465721,23.442485],[116.568339,23.378258],[116.580294,23.461139],[116.614015,23.433289],[116.619762,23.466423],[116.559908,23.482432],[116.514156,23.655924],[116.338732,23.758823],[116.233126,23.718169],[116.165455,23.616082],[116.006585,23.675497],[115.923663,23.628168],[115.83461,23.660884],[115.776059,23.524638],[115.687389,23.557538],[115.622094,23.507102],[115.676813,23.354992],[115.777668,23.383651],[115.819666,23.335741],[115.824571,23.272416],[115.758126,23.244949],[115.76349,23.159233],[115.85147,23.098791],[115.916612,23.112302],[115.979225,22.938629],[116.156105,22.886208],[116.302789,22.951519],[116.515995,22.939001],[116.563051,23.000734],[116.552551,23.105891]]]]}},{"type":"Feature","properties":{"adcode":"445300","name":"云浮市"},"geometry":{"type":"MultiPolygon","coordinates":[[[[112.47658,22.704009],[112.401475,22.690565],[112.307364,22.911254],[112.26598,22.906638],[112.327137,23.104196],[112.035761,23.07272],[111.979049,23.119719],[111.656098,23.158492],[111.539839,23.212978],[111.569191,23.243097],[111.532175,23.324634],[111.472551,23.275061],[111.375757,23.319926],[111.353379,23.288977],[111.374225,23.092539],[111.434002,23.036202],[111.341577,22.870552],[111.204626,22.750126],[111.060547,22.731533],[111.161862,22.620236],[111.326633,22.557267],[111.272067,22.506136],[111.413387,22.512628],[111.421127,22.446948],[111.471325,22.441996],[111.486882,22.505551],[111.525201,22.480164],[111.569344,22.540722],[111.713346,22.504699],[111.84248,22.687801],[111.821788,22.59769],[111.98518,22.593861],[111.98403,22.515342],[112.175088,22.36989],[112.309127,22.572427],[112.364306,22.558544],[112.416113,22.647723],[112.463552,22.584873],[112.52172,22.607262],[112.47658,22.704009]]]]}},{"type":"Feature","properties":{"adcode":"450100","name":"南宁市"},"geometry":{"type":"MultiPolygon","coordinates":[[[[109.217018,23.296826],[109.197989,23.266548],[109.086628,23.314384],[109.099188,23.343991],[108.956847,23.362973],[108.834373,23.478294],[108.783603,23.768102],[108.673079,23.785048],[108.501357,23.662751],[108.434373,23.807641],[108.442061,23.954176],[108.498769,23.990428],[108.432547,24.03291],[108.377437,24.014408],[108.365943,23.916106],[108.282899,23.814385],[108.136219,23.853033],[108.02189,23.776219],[108.038712,23.707755],[107.96602,23.62789],[107.942195,23.657043],[107.72229,23.553965],[107.741548,23.461363],[107.87072,23.446133],[107.832128,23.351584],[107.579188,23.276954],[107.53032,23.204099],[107.398256,23.238466],[107.333175,23.12911],[107.387675,23.091518],[107.337666,23.047462],[107.468437,23.032516],[107.504212,22.845417],[107.613974,22.904169],[107.673574,22.855137],[107.702119,22.876011],[107.649521,22.924373],[107.712319,22.949154],[107.943793,22.846411],[108.033308,22.776529],[108.006286,22.68195],[108.104554,22.652585],[107.995325,22.581607],[107.986191,22.504558],[108.087732,22.458374],[108.136828,22.305093],[108.280691,22.223341],[108.468246,22.239207],[108.528151,22.274927],[108.583869,22.430734],[108.720881,22.450897],[108.782689,22.52089],[109.18581,22.546077],[109.298464,22.509928],[109.351671,22.628082],[109.448341,22.61486],[109.620139,22.676697],[109.559397,22.772826],[109.50581,22.771887],[109.518065,22.814596],[109.455267,22.849836],[109.485182,22.878661],[109.331804,23.003503],[109.325715,23.095762],[109.254164,23.095487],[109.217018,23.296826]]]]}},{"type":"Feature","properties":{"adcode":"450200","name":"柳州市"},"geometry":{"type":"MultiPolygon","coordinates":[[[[110.116199,24.460826],[110.171537,24.549441],[110.156694,24.626118],[109.989006,24.677318],[109.876047,24.815944],[109.630034,24.833731],[109.637722,25.120625],[109.74855,25.300643],[109.738807,25.572872],[109.804877,25.730299],[109.727617,25.796038],[109.764763,25.876194],[109.68522,25.880346],[109.708207,26.013561],[109.496447,26.02374],[109.408531,25.967287],[109.425734,25.916359],[109.296638,25.714155],[109.206971,25.740232],[109.175382,25.804887],[109.159245,25.759071],[109.143564,25.795283],[109.031366,25.793934],[108.911405,25.724738],[108.900367,25.682347],[108.94817,25.676622],[109.079092,25.720688],[109.04248,25.608924],[109.088531,25.549516],[109.025125,25.512472],[108.952432,25.556383],[108.789159,25.554652],[108.784059,25.62827],[108.688988,25.623191],[108.687313,25.53524],[108.587675,25.421409],[108.655115,25.214951],[108.718141,25.17737],[108.679016,25.106353],[108.845182,25.155402],[108.960272,25.124858],[109.052223,25.202425],[109.105049,25.103748],[108.994221,24.921103],[109.100329,24.944689],[109.157875,24.909417],[109.131842,24.7913],[109.038065,24.822309],[108.935838,24.730294],[108.970168,24.666208],[108.838027,24.538211],[109.046666,24.460989],[108.932565,24.37515],[108.916885,24.254998],[108.972147,24.129755],[109.105886,24.083913],[109.146914,24.022838],[109.278598,24.04725],[109.406323,23.908107],[109.615267,24.140858],[109.705467,24.153326],[109.902689,24.300997],[109.907712,24.245272],[110.015648,24.26751],[110.06893,24.457334],[110.116199,24.460826]]]]}},{"type":"Feature","properties":{"adcode":"450300","name":"桂林市"},"geometry":{"type":"MultiPolygon","coordinates":[[[[111.097436,24.940885],[110.979149,24.91469],[110.956161,25.058805],[111.000538,25.149978],[111.112736,25.217066],[111.103297,25.285092],[111.300214,25.448308],[111.343145,25.602763],[111.307522,25.716315],[111.440195,25.769596],[111.465162,25.855863],[111.346266,25.906332],[111.259872,25.861041],[111.189539,25.953277],[111.26893,26.107346],[111.281261,26.271102],[111.002593,26.340138],[110.974582,26.385566],[110.929977,26.255677],[110.595058,26.318384],[110.305124,25.967341],[110.261737,25.96136],[110.190947,26.067677],[110.165828,26.023848],[110.073193,26.040272],[110.098692,26.169165],[110.016713,26.184224],[109.931233,26.161258],[109.870871,26.033326],[109.81462,26.040972],[109.782422,25.997187],[109.81325,25.879806],[109.73051,25.852789],[109.72031,25.80602],[109.81424,25.660309],[109.74071,25.584819],[109.781204,25.504575],[109.74855,25.300643],[109.637722,25.120625],[109.623564,24.859672],[109.88914,24.809743],[109.937855,24.717719],[110.158369,24.643223],[110.116199,24.460826],[110.202669,24.449697],[110.198711,24.347908],[110.260367,24.360247],[110.288987,24.299905],[110.482403,24.31274],[110.467712,24.350365],[110.538959,24.401514],[110.79129,24.31629],[110.843735,24.386341],[110.88324,24.259151],[110.993611,24.309081],[110.975038,24.36112],[111.044001,24.498952],[110.989272,24.62116],[111.147369,24.767903],[111.161527,24.83732],[111.164496,24.898437],[111.097436,24.940885]]]]}},{"type":"Feature","properties":{"adcode":"450400","name":"梧州市"},"geometry":{"type":"MultiPolygon","coordinates":[[[[110.391899,24.04216],[110.357189,23.891286],[110.582194,23.783403],[110.542232,23.657482],[110.63167,23.469059],[110.567731,23.359562],[110.659225,23.294129],[110.54383,23.191264],[110.547408,23.1263],[110.659758,23.116268],[110.750338,23.045642],[110.728416,22.887164],[110.786799,22.860881],[110.786037,22.728446],[110.941318,22.608111],[111.055571,22.648492],[111.063944,22.719878],[111.291613,22.807801],[111.433953,23.036212],[111.374277,23.092565],[111.399776,23.469389],[111.480233,23.532593],[111.487084,23.626627],[111.615647,23.638981],[111.665276,23.699963],[111.62166,23.725972],[111.649291,23.945194],[111.538463,24.026725],[111.573097,24.123958],[111.512736,24.167379],[111.486399,24.096552],[111.403735,24.081178],[111.412564,23.950397],[111.365143,23.882518],[111.24617,23.883012],[111.161223,23.944153],[110.930509,23.659952],[110.889938,23.816688],[110.840233,23.837027],[110.856903,23.894409],[110.734962,23.951164],[110.74539,24.022017],[110.690053,24.038657],[110.712584,24.181157],[110.626646,24.230845],[110.551899,24.404952],[110.469463,24.357517],[110.484154,24.321533],[110.339377,24.300724],[110.358331,24.218985],[110.456218,24.184],[110.343412,24.060384],[110.391899,24.04216]]]]}},{"type":"Feature","properties":{"adcode":"450500","name":"北海市"},"geometry":{"type":"MultiPolygon","coordinates":[[[[109.607655,21.908869],[109.523697,21.873112],[109.290548,21.914929],[109.231557,21.852198],[108.998864,21.837958],[108.850282,21.686898],[108.901661,21.604399],[109.123545,21.571576],[109.142118,21.512041],[109.040044,21.433348],[109.138845,21.388991],[109.529863,21.436974],[109.612299,21.556918],[109.682099,21.472616],[109.785619,21.456944],[109.766209,21.666904],[109.689026,21.686174],[109.697018,21.902363],[109.607655,21.908869]]],[[[109.088531,21.014746],[109.144554,21.041262],[109.118217,21.070233],[109.088531,21.014746]]],[[[109.206971,20.90679],[109.22227,20.909085],[109.206818,20.916643],[109.206971,20.90679]]]]}},{"type":"Feature","properties":{"adcode":"450600","name":"防城港市"},"geometry":{"type":"MultiPolygon","coordinates":[[[[108.095877,22.371668],[107.994259,22.327935],[107.911595,22.210192],[107.628284,22.18167],[107.66779,22.065748],[107.579797,21.975298],[107.557266,21.724539],[107.481529,21.655542],[107.532528,21.587682],[107.831291,21.650362],[107.972033,21.534397],[108.162632,21.508249],[108.223679,21.603954],[108.252071,21.577205],[108.21051,21.50574],[108.479283,21.54694],[108.591709,21.677208],[108.516733,21.716688],[108.469159,21.887738],[108.390301,21.928106],[108.290739,21.91037],[108.215687,21.972075],[108.185011,22.141375],[108.276581,22.210414],[108.095877,22.371668]]]]}},{"type":"Feature","properties":{"adcode":"450700","name":"钦州市"},"geometry":{"type":"MultiPolygon","coordinates":[[[[109.607655,21.908869],[109.550034,22.121278],[109.593269,22.2899],[109.674183,22.297164],[109.733555,22.38048],[109.84522,22.324387],[109.813707,22.432119],[109.864097,22.528917],[109.777322,22.586975],[109.717874,22.560744],[109.662232,22.662374],[109.584135,22.681287],[109.351671,22.628082],[109.265581,22.484569],[109.167237,22.543475],[109.145087,22.511257],[108.782765,22.527146],[108.720881,22.450897],[108.558446,22.419876],[108.528151,22.274927],[108.335648,22.24309],[108.185011,22.141375],[108.195744,21.994415],[108.290739,21.91037],[108.390301,21.928106],[108.469159,21.887738],[108.528075,21.771965],[108.50699,21.725708],[108.685867,21.660778],[108.674602,21.596375],[108.705125,21.642451],[108.753764,21.601335],[108.881414,21.627243],[108.859873,21.737287],[108.998864,21.837958],[109.231557,21.852198],[109.267256,21.910982],[109.523697,21.873112],[109.607655,21.908869]]],[[[108.842746,21.607185],[108.841909,21.588685],[108.859416,21.581886],[108.842746,21.607185]]]]}},{"type":"Feature","properties":{"adcode":"450800","name":"贵港市"},"geometry":{"type":"MultiPolygon","coordinates":[[[[109.662232,22.662374],[109.78326,22.73928],[109.755248,22.838127],[109.865315,22.871759],[109.821471,22.958591],[109.851081,22.994455],[109.952089,23.022699],[110.084458,22.959584],[110.120462,22.887164],[110.21051,22.905383],[110.263716,22.867342],[110.292413,23.01288],[110.498997,23.070677],[110.54383,23.191264],[110.631214,23.24144],[110.659225,23.294129],[110.59049,23.323135],[110.573364,23.390479],[110.614391,23.540889],[110.548093,23.646173],[110.582194,23.783403],[110.37325,23.877477],[110.397608,24.033019],[110.309159,24.01616],[110.286323,23.851937],[110.219263,23.9086],[109.997227,23.776767],[109.868131,23.45526],[109.740557,23.46752],[109.565334,23.317687],[109.352736,23.416714],[109.207047,23.309926],[109.255991,23.109654],[109.349463,23.064005],[109.315515,23.006592],[109.482137,22.891526],[109.452755,22.866127],[109.520729,22.828295],[109.507256,22.790011],[109.625772,22.652751],[109.662232,22.662374]]]]}},{"type":"Feature","properties":{"adcode":"450900","name":"玉林市"},"geometry":{"type":"MultiPolygon","coordinates":[[[[109.662232,22.662374],[109.717874,22.560744],[109.840044,22.571978],[109.868436,22.507215],[109.810738,22.440816],[109.84522,22.324387],[109.733555,22.38048],[109.679815,22.300158],[109.608036,22.302764],[109.550034,22.121278],[109.619758,21.895968],[109.697018,21.902363],[109.689026,21.686174],[109.784706,21.638162],[109.89835,21.649637],[109.986266,21.879118],[110.39167,21.893688],[110.342574,22.183834],[110.653136,22.159359],[110.646894,22.223008],[110.789691,22.286684],[110.683507,22.473383],[110.725904,22.461198],[110.760233,22.580777],[110.895876,22.613532],[110.771956,22.76509],[110.799663,22.855745],[110.728416,22.887164],[110.739986,23.057113],[110.624439,23.121945],[110.328188,23.047848],[110.260291,22.938944],[110.269653,22.870986],[110.120462,22.887164],[110.084458,22.959584],[109.884268,23.012605],[109.819568,22.969406],[109.865315,22.871759],[109.775572,22.852431],[109.790567,22.755584],[109.662232,22.662374]]]]}},{"type":"Feature","properties":{"adcode":"451000","name":"百色市"},"geometry":{"type":"MultiPolygon","coordinates":[[[[106.571158,25.083504],[106.153042,24.96099],[106.198485,24.817032],[106.039246,24.655588],[105.989084,24.650849],[105.941967,24.724796],[105.827562,24.702965],[105.497515,24.809308],[105.443166,24.921864],[105.265507,24.930179],[105.178504,24.985437],[105.038828,24.872994],[105.033347,24.787818],[104.89938,24.752937],[104.743338,24.622249],[104.529446,24.731383],[104.450893,24.643768],[104.486059,24.644966],[104.610969,24.377116],[104.695155,24.322789],[104.703757,24.421379],[104.76526,24.459462],[105.109008,24.41232],[105.187867,24.347089],[105.229579,24.165739],[105.181853,24.132873],[105.260179,24.06126],[105.293518,24.113182],[105.493024,24.017255],[105.568609,24.131451],[105.628437,24.126583],[105.649446,24.033074],[105.790416,24.069851],[105.841492,24.03083],[105.93329,24.123793],[106.024251,24.103335],[106.192471,23.878902],[106.141472,23.569676],[105.999817,23.447948],[105.852376,23.526933],[105.699836,23.401425],[105.630873,23.400545],[105.700597,23.328418],[105.614127,23.322089],[105.531844,23.248158],[105.564803,23.072827],[105.724422,23.062186],[105.878942,22.916921],[106.085982,22.996441],[106.206858,22.9784],[106.305583,22.866734],[106.511253,22.938558],[106.596962,22.929892],[106.656867,22.863255],[106.797761,23.023747],[106.805525,23.19187],[106.944669,23.291762],[107.116391,23.283615],[107.303413,23.351474],[107.398256,23.238466],[107.561681,23.204485],[107.611919,23.292368],[107.702423,23.280037],[107.818503,23.34091],[107.88366,23.438875],[107.736828,23.450917],[107.710644,23.628],[107.808379,23.663136],[107.803356,23.764098],[107.606438,23.7845],[107.518979,23.891779],[107.455344,23.841686],[107.277076,23.985938],[107.149122,23.991249],[107.123622,24.050041],[107.00328,24.042653],[106.893974,24.122535],[106.859797,24.181431],[106.924117,24.254889],[106.891919,24.397584],[106.809103,24.453952],[106.773632,24.602471],[106.68602,24.599638],[106.797685,24.658202],[106.662728,24.785587],[106.791444,24.796686],[106.827676,24.897241],[106.733366,24.988642],[106.743718,25.098267],[106.6676,25.058262],[106.571158,25.083504]]],[[[105.096221,24.928114],[105.077952,24.918331],[105.081987,24.915614],[105.096221,24.928114]]]]}},{"type":"Feature","properties":{"adcode":"451100","name":"贺州市"},"geometry":{"type":"MultiPolygon","coordinates":[[[[111.654848,23.833299],[111.810585,23.806983],[111.854429,23.947439],[111.940366,23.987745],[111.877873,24.228932],[112.059643,24.341082],[111.996541,24.459298],[112.00735,24.534558],[111.927426,24.629386],[111.999129,24.733125],[111.689558,24.778568],[111.570661,24.644694],[111.435476,24.681021],[111.479472,24.797557],[111.440195,24.94458],[111.467369,25.002439],[111.416599,25.047675],[111.435476,25.093383],[111.274791,25.151171],[111.101851,25.035187],[111.09774,24.931973],[111.164496,24.898437],[111.170053,24.776718],[111.029691,24.675902],[110.982726,24.569664],[111.044001,24.498952],[110.968264,24.376024],[111.024363,24.347853],[111.004115,24.310009],[110.918026,24.30919],[110.88324,24.259151],[110.832926,24.38836],[110.754068,24.329178],[110.598178,24.396438],[110.573212,24.327158],[110.712584,24.181157],[110.67696,24.059016],[110.74539,24.022017],[110.71776,23.955545],[110.856903,23.894409],[110.89207,23.703914],[110.953801,23.651773],[110.979301,23.763001],[111.151404,23.937854],[111.348777,23.872325],[111.403202,23.923666],[111.39658,24.075378],[111.486399,24.096552],[111.500861,24.163114],[111.575228,24.143373],[111.548511,24.006251],[111.649291,23.945194],[111.654848,23.833299]]]]}},{"type":"Feature","properties":{"adcode":"451200","name":"河池市"},"geometry":{"type":"MultiPolygon","coordinates":[[[[106.571158,25.083504],[106.603584,25.048164],[106.755516,25.084264],[106.733366,24.988642],[106.850892,24.860379],[106.662728,24.785587],[106.81466,24.675684],[106.700787,24.62067],[106.773632,24.602471],[106.809103,24.453952],[106.891919,24.397584],[106.924117,24.254889],[106.86132,24.192146],[106.893974,24.122535],[107.017666,24.024371],[107.123622,24.050041],[107.149122,23.991249],[107.237266,23.966718],[107.275021,24.003842],[107.305316,23.923776],[107.432128,23.835328],[107.518979,23.891779],[107.606438,23.7845],[107.803356,23.764098],[107.82307,23.670381],[107.710644,23.628],[107.716277,23.554075],[107.996543,23.637059],[108.02189,23.776219],[108.129521,23.851279],[108.303451,23.829133],[108.410092,24.030939],[108.564535,24.02032],[108.59719,24.146655],[108.664097,24.143537],[108.701471,24.231501],[108.670948,24.288106],[108.740139,24.311866],[108.753917,24.37788],[108.89443,24.258878],[108.920539,24.36183],[108.999245,24.374386],[109.042404,24.437039],[109.032965,24.48439],[108.937056,24.474899],[108.838027,24.538211],[108.852109,24.571299],[108.970168,24.666208],[108.935838,24.730294],[109.027256,24.813932],[109.15011,24.807893],[109.118445,24.947569],[108.994221,24.921103],[109.105049,25.103748],[109.061966,25.198955],[108.94817,25.121168],[108.699873,25.10174],[108.585848,25.365969],[108.316695,25.531509],[108.252071,25.430502],[108.157609,25.438999],[108.190339,25.417025],[108.133784,25.234415],[107.79445,25.116121],[107.762176,25.228939],[107.700672,25.194129],[107.631938,25.310179],[107.606134,25.255338],[107.472242,25.213758],[107.490054,25.276692],[107.432661,25.289102],[107.423831,25.383892],[107.314831,25.402625],[107.33013,25.473198],[107.228589,25.604871],[107.064555,25.559518],[107.074602,25.521288],[106.963698,25.437322],[107.010968,25.354976],[106.988361,25.253929],[106.913004,25.243034],[106.900216,25.194508],[106.644993,25.164841],[106.571158,25.083504]]]]}},{"type":"Feature","properties":{"adcode":"451300","name":"来宾市"},"geometry":{"type":"MultiPolygon","coordinates":[[[[108.916885,24.254998],[108.835896,24.351238],[108.738997,24.361284],[108.670948,24.288106],[108.674449,24.171535],[108.584859,24.095731],[108.597342,24.046867],[108.433688,23.962829],[108.458198,23.864817],[108.418389,23.824473],[108.529064,23.671918],[108.628017,23.75587],[108.773022,23.778193],[108.822347,23.49396],[108.930662,23.367375],[109.20758,23.273375],[109.210853,23.33227],[109.323355,23.416384],[109.429311,23.359892],[109.482974,23.383878],[109.539682,23.306404],[109.740557,23.46752],[109.894011,23.475656],[109.987408,23.768705],[110.210814,23.910244],[110.286323,23.851937],[110.309159,24.01616],[110.376599,24.040299],[110.343412,24.060384],[110.386799,24.126309],[110.447922,24.116354],[110.456218,24.184],[110.358331,24.218985],[110.267065,24.356971],[110.198711,24.347908],[110.202669,24.449697],[110.097398,24.462517],[110.033231,24.273028],[109.931842,24.234889],[109.927046,24.293732],[109.849634,24.274995],[109.501166,24.047688],[109.495229,23.970551],[109.375724,23.908326],[109.295039,24.027601],[109.232242,24.058633],[109.172261,24.028257],[108.972147,24.129755],[108.916885,24.254998]]]]}},{"type":"Feature","properties":{"adcode":"451400","name":"崇左市"},"geometry":{"type":"MultiPolygon","coordinates":[[[[106.67072,22.889097],[106.840996,22.799569],[106.768304,22.738617],[106.711976,22.575133],[106.604878,22.573583],[106.562024,22.443973],[106.562785,22.345452],[106.652528,22.336472],[106.705506,22.216683],[106.694622,21.961904],[106.786039,22.007807],[107.059912,21.915207],[107.017818,21.81932],[107.24739,21.702991],[107.302271,21.739236],[107.364764,21.598549],[107.541586,21.719138],[107.542956,21.888072],[107.678598,22.081909],[107.628284,22.18167],[107.895991,22.215629],[108.115744,22.388571],[108.087732,22.458374],[107.986191,22.504558],[107.995325,22.581607],[108.103336,22.643182],[108.002785,22.705062],[108.033308,22.776529],[107.712319,22.949154],[107.637799,22.947664],[107.692985,22.890753],[107.673574,22.855137],[107.613974,22.904169],[107.504212,22.845417],[107.460901,23.04294],[107.337666,23.047462],[107.387675,23.091518],[107.333175,23.12911],[107.385696,23.244359],[107.314374,23.34047],[107.041187,23.273375],[107.042024,23.304973],[106.962937,23.298918],[106.776753,23.175067],[106.795935,23.048565],[106.67072,22.889097]]]]}},{"type":"Feature","properties":{"adcode":"460100","name":"海口市"},"geometry":{"type":"MultiPolygon","coordinates":[[[[110.106525,20.026851],[110.161895,19.977693],[110.143932,19.889106],[110.228283,19.753767],[110.222357,19.67974],[110.340041,19.720625],[110.455687,19.574559],[110.641333,19.549122],[110.672814,19.647214],[110.623463,19.664109],[110.623,19.735461],[110.704665,19.805992],[110.699573,19.861512],[110.526612,20.075206],[110.318467,20.109061],[110.293282,20.059614],[110.144395,20.074418],[110.106525,20.026851]]]]}},{"type":"Feature","properties":{"adcode":"460200","name":"三亚市"},"geometry":{"type":"MultiPolygon","coordinates":[[[[108.932374,18.335288],[109.108298,18.323828],[109.138668,18.267791],[109.28811,18.264925],[109.561718,18.143554],[109.72616,18.177808],[109.809955,18.459388],[109.781159,18.51107],[109.665883,18.391462],[109.539866,18.396713],[109.535237,18.53142],[109.405146,18.623443],[109.313295,18.517429],[109.203574,18.553517],[109.195148,18.469407],[109.072557,18.452231],[108.932374,18.335288]]]]}},{"type":"Feature","properties":{"adcode":"460300","name":"三沙市"},"geometry":{"type":"MultiPolygon","coordinates":[[[[113.26602,8.126149],[113.349815,8.172457],[113.386296,8.289282],[113.354074,8.304049],[113.26602,8.126149]]],[[[111.463081,17.077615],[111.559098,17.087712],[111.541969,17.120084],[111.463081,17.077615]]],[[[117.708276,15.182553],[117.726887,15.105513],[117.827533,15.111664],[117.72522,15.13125],[117.748553,15.229799],[117.708276,15.182553]]],[[[111.734466,16.197411],[111.822058,16.238466],[111.68493,16.256978],[111.784929,16.253115],[111.734466,16.197411]]],[[[113.896938,7.607108],[114.058972,7.537798],[114.368413,7.638684],[114.420079,7.765795],[114.540448,7.861976],[114.540725,7.945514],[114.414616,7.95282],[113.896938,7.607108]]],[[[111.649468,16.255691],[111.568265,16.16279],[111.690763,16.210936],[111.606598,16.177766],[111.681134,16.262129],[111.649468,16.255691]]],[[[113.977029,8.872712],[114.035269,8.783904],[114.060084,8.816381],[113.977029,8.872712]]],[[[113.955826,8.840406],[113.975177,8.792852],[114.011843,8.798652],[113.955826,8.840406]]],[[[111.974371,16.323768],[112.056592,16.312987],[112.074925,16.349674],[111.974371,16.323768]]],[[[111.739003,16.458888],[111.786688,16.520144],[111.744466,16.551809],[111.739003,16.458888]]],[[[114.194248,8.764516],[114.210267,8.712313],[114.24934,8.730543],[114.222026,8.784733],[114.194248,8.764516]]],[[[112.232701,16.996336],[112.222515,16.960575],[112.293255,16.967792],[112.232701,16.996336]]],[[[115.837467,9.709661],[115.867282,9.650159],[115.900985,9.670986],[115.925614,9.781546],[115.8708,9.778737],[115.837467,9.709661]]],[[[114.617391,9.965401],[114.64202,9.917341],[114.685816,9.979107],[114.617391,9.965401]]],[[[114.689705,10.345663],[114.725908,10.319106],[114.74526,10.374362],[114.689705,10.345663]]],[[[109.464034,7.344605],[109.513292,7.320325],[109.709401,7.510869],[109.93912,7.504553],[109.816436,7.572704],[109.653013,7.559573],[109.464034,7.344605]]],[[[113.769439,7.636856],[113.773699,7.601789],[113.833975,7.616248],[113.769439,7.636856]]],[[[116.27348,8.87967],[116.294128,8.858133],[116.33209,8.901039],[116.27348,8.87967]]],[[[112.476586,16.001357],[112.612233,16.039391],[112.588066,16.070812],[112.462235,16.044064],[112.476586,16.001357]]],[[[112.537511,8.84637],[112.639825,8.818535],[112.598251,8.858961],[112.537511,8.84637]]],[[[115.180069,8.376712],[115.262753,8.343368],[115.267382,8.366759],[115.180069,8.376712]]],[[[114.469337,10.835987],[114.565169,10.836482],[114.587299,10.909097],[114.469337,10.835987]]],[[[112.409365,16.295285],[112.383532,16.265831],[112.538808,16.289008],[112.409365,16.295285]]],[[[112.348903,16.911813],[112.333995,16.962499],[112.303811,16.960254],[112.348903,16.911813]]],[[[111.499933,16.451974],[111.546043,16.434606],[111.550673,16.453421],[111.499933,16.451974]]],[[[115.500064,9.898181],[115.54849,9.868943],[115.581267,9.917176],[115.517842,9.933692],[115.500064,9.898181]]],[[[116.488662,10.395968],[116.466996,10.308878],[116.644771,10.334941],[116.514958,10.349292],[116.542365,10.420045],[116.488662,10.395968]]],[[[113.894715,8.00496],[113.97064,7.944683],[113.939993,8.018242],[113.894715,8.00496]]],[[[114.507855,8.120174],[114.595725,8.120672],[114.62452,8.149387],[114.507855,8.120174]]],[[[114.669983,8.210296],[114.691186,8.185071],[114.741556,8.189386],[114.669983,8.210296]]],[[[115.43201,9.364898],[115.470065,9.359108],[115.456176,9.417007],[115.43201,9.364898]]],[[[113.638145,8.976735],[113.654533,8.961994],[113.730736,9.003895],[113.638145,8.976735]]],[[[116.457274,9.174594],[116.481903,9.136852],[116.490514,9.183863],[116.457274,9.174594]]],[[[112.583622,4.97024],[112.603251,4.939838],[112.641399,4.98661],[112.583622,4.97024]]],[[[113.939252,8.875031],[113.893604,8.862606],[113.932122,8.841565],[113.939252,8.875031]]],[[[112.010944,3.849849],[112.055295,3.840146],[112.036962,3.878957],[112.010944,3.849849]]],[[[109.936342,7.848356],[109.988286,7.812643],[110.05023,7.846529],[110.077914,7.949499],[109.936342,7.848356]]],[[[114.697205,11.00441],[114.793315,11.076326],[114.766556,11.110221],[114.697205,11.00441]]],[[[114.910628,10.862994],[114.930905,10.841751],[114.960164,10.902018],[114.910628,10.862994]]],[[[111.572987,16.469983],[111.61419,16.440395],[111.592431,16.490724],[111.572987,16.469983]]],[[[114.619798,11.432026],[114.661835,11.522565],[114.619798,11.515829],[114.619798,11.432026]]],[[[112.507512,16.465963],[112.586677,16.525609],[112.499641,16.493618],[112.507512,16.465963]]],[[[114.79174,8.161005],[114.777111,8.114032],[114.811925,8.11038],[114.79174,8.161005]]],[[[116.7269,11.5017],[116.765048,11.430218],[116.738196,11.514844],[116.7269,11.5017]]],[[[111.690486,16.587647],[111.727707,16.559524],[111.716967,16.594236],[111.690486,16.587647]]],[[[113.846012,10.018737],[113.865364,10.003216],[113.872493,10.122908],[113.846012,10.018737]]],[[[111.761688,16.061789],[111.776688,16.029722],[111.828447,16.049382],[111.761688,16.061789]]],[[[112.613621,5.038222],[112.656862,4.997801],[112.662695,5.025361],[112.613621,5.038222]]],[[[115.97728,9.322213],[115.926355,9.311293],[115.942929,9.269759],[115.999317,9.293753],[115.97728,9.322213]]],[[[113.660274,9.231034],[113.677033,9.202732],[113.697218,9.225738],[113.660274,9.231034]]],[[[114.703223,16.170359],[114.816185,16.198538],[114.704612,16.199343],[114.703223,16.170359]]],[[[115.28266,10.191731],[115.290808,10.171267],[115.3334,10.200312],[115.28266,10.191731]]],[[[114.665816,7.589989],[114.687946,7.564559],[114.724241,7.606942],[114.665816,7.589989]]],[[[115.257845,8.509728],[115.268493,8.477888],[115.296086,8.511054],[115.257845,8.509728]]],[[[110.459761,8.116356],[110.471243,8.072199],[110.554297,8.093614],[110.599759,8.156856],[110.459761,8.116356]]],[[[113.222039,8.074026],[113.28352,8.110878],[113.26102,8.116522],[113.222039,8.074026]]],[[[114.242489,10.241895],[114.326284,10.284627],[114.312488,10.300795],[114.242489,10.241895]]],[[[114.493041,10.717228],[114.562762,10.778179],[114.539244,10.793497],[114.493041,10.717228]]],[[[114.688779,11.469165],[114.73063,11.428903],[114.720538,11.491841],[114.688779,11.469165]]],[[[116.63829,10.504136],[116.708474,10.49276],[116.699215,10.517489],[116.63829,10.504136]]],[[[117.770867,10.773566],[117.798737,10.753306],[117.832811,10.836482],[117.770867,10.773566]]],[[[112.46279,5.029871],[112.506493,5.005151],[112.499086,5.034381],[112.46279,5.029871]]],[[[112.22196,3.88063],[112.266589,3.872601],[112.243256,3.906727],[112.22196,3.88063]]],[[[112.248811,3.945201],[112.284922,3.94771],[112.259182,3.973637],[112.248811,3.945201]]],[[[115.509509,8.490657],[115.554323,8.461138],[115.55886,8.522994],[115.509509,8.490657]]],[[[110.460595,7.799852],[110.511612,7.805832],[110.485039,7.827759],[110.460595,7.799852]]],[[[110.609018,8.010937],[110.642629,7.98902],[110.641796,8.031027],[110.609018,8.010937]]],[[[111.539099,7.544281],[111.612338,7.592316],[111.56345,7.60262],[111.539099,7.544281]]],[[[111.925482,8.070871],[112.018722,8.065559],[111.954556,8.10623],[111.925482,8.070871]]],[[[112.346032,8.926052],[112.392698,8.919592],[112.385013,8.947088],[112.346032,8.926052]]],[[[117.257911,10.32059],[117.2993,10.313992],[117.27467,10.358199],[117.257911,10.32059]]],[[[114.213044,16.04068],[114.307765,16.034073],[114.306469,16.0576],[114.213044,16.04068]]],[[[114.066565,10.917823],[114.109898,10.918317],[114.101194,10.946798],[114.066565,10.917823]]],[[[111.658171,8.6727],[111.665764,8.622804],[111.717893,8.649825],[111.658171,8.6727]]],[[[116.080797,10.804861],[116.11163,10.791026],[116.097464,10.829894],[116.080797,10.804861]]],[[[114.854147,7.244317],[114.819888,7.192917],[114.86961,7.198739],[114.854147,7.244317]]],[[[113.599719,6.962128],[113.576479,6.922682],[113.608145,6.920185],[113.599719,6.962128]]],[[[112.527511,5.794379],[112.562974,5.75918],[112.561863,5.820735],[112.527511,5.794379]]],[[[114.868314,7.983706],[114.920072,7.972747],[114.914239,8.007616],[114.868314,7.983706]]],[[[111.670486,7.651314],[111.749651,7.703989],[111.726504,7.730241],[111.670486,7.651314]]],[[[114.59878,8.846039],[114.682205,8.881161],[114.617206,8.881161],[114.59878,8.846039]]],[[[116.04552,10.095506],[116.070242,10.063975],[116.096075,10.093526],[116.070427,10.129015],[116.04552,10.095506]]],[[[117.2668,10.691691],[117.404761,10.670766],[117.418557,10.702565],[117.369299,10.742433],[117.2668,10.691691]]],[[[112.52316,5.656072],[112.545011,5.616359],[112.561585,5.677096],[112.52316,5.656072]]],[[[112.583159,5.561624],[112.614362,5.465492],[112.616214,5.5688],[112.583159,5.561624]]],[[[112.651028,5.106866],[112.652973,5.060269],[112.718898,5.075802],[112.651028,5.106866]]],[[[111.63882,7.907152],[111.70743,7.886225],[111.713633,7.927413],[111.63882,7.907152]]],[[[112.892044,7.844203],[112.929636,7.827759],[112.93195,7.867457],[112.892044,7.844203]]],[[[112.244274,8.874534],[112.281496,8.854819],[112.288441,8.885633],[112.244274,8.874534]]],[[[117.348188,10.090389],[117.385224,10.063645],[117.373836,10.106566],[117.348188,10.090389]]],[[[116.694863,16.34549],[116.713567,16.296733],[116.74764,16.321677],[116.747733,16.360453],[116.694863,16.34549]]],[[[114.448412,16.034073],[114.521651,16.056472],[114.465449,16.067428],[114.448412,16.034073]]],[[[112.993153,19.472312],[113.038801,19.480532],[113.029079,19.528895],[112.993153,19.472312]]],[[[113.832124,19.158377],[113.914715,19.172155],[113.920363,19.22346],[113.806754,19.223143],[113.832124,19.158377]]],[[[112.557141,5.109538],[112.56927,5.071793],[112.610844,5.091668],[112.557141,5.109538]]],[[[112.907229,4.99279],[112.94371,4.991621],[112.952598,5.048077],[112.907229,4.99279]]],[[[115.361825,13.948906],[115.438584,13.943536],[115.423399,13.977382],[115.361825,13.948906]]],[[[112.226497,16.759352],[112.262145,16.778135],[112.210849,16.795954],[112.226497,16.759352]]],[[[112.233626,15.696021],[112.251774,15.742989],[112.203627,15.71426],[112.233626,15.696021]]],[[[112.611862,5.367842],[112.640195,5.347976],[112.691028,5.406737],[112.611862,5.367842]]],[[[114.949146,7.509041],[115.012108,7.48477],[115.013867,7.525996],[114.949146,7.509041]]],[[[111.553728,7.807825],[111.585209,7.771444],[111.619653,7.840549],[111.553728,7.807825]]],[[[114.926183,16.036652],[114.895535,16.036168],[114.910998,16.002002],[114.926183,16.036652]]],[[[116.749492,9.056554],[116.699308,9.048937],[116.740603,9.028569],[116.749492,9.056554]]],[[[113.938604,15.835278],[113.973233,15.805595],[113.97064,15.839311],[113.938604,15.835278]]],[[[112.646306,16.38571],[112.681769,16.40083],[112.659917,16.426725],[112.646306,16.38571]]],[[[115.758209,10.461104],[115.776264,10.434721],[115.802005,10.463577],[115.758209,10.461104]]],[[[112.512049,9.544847],[112.568715,9.516902],[112.567233,9.553941],[112.512049,9.544847]]],[[[114.610169,15.649365],[114.58128,15.625468],[114.611002,15.615295],[114.610169,15.649365]]],[[[117.299392,11.077642],[117.2643,11.062833],[117.304485,11.027287],[117.299392,11.077642]]],[[[117.690776,11.048845],[117.653369,11.046212],[117.690313,11.016589],[117.690776,11.048845]]],[[[114.166841,9.384585],[114.175267,9.342233],[114.194156,9.391533],[114.166841,9.384585]]]]}},{"type":"Feature","properties":{"adcode":"460400","name":"儋州市"},"geometry":{"type":"MultiPolygon","coordinates":[[[[108.928671,19.524313],[108.997373,19.431522],[109.04478,19.430415],[109.051447,19.487803],[109.26774,19.376803],[109.424405,19.354815],[109.457275,19.39942],[109.506348,19.359561],[109.468386,19.301178],[109.541625,19.311939],[109.686994,19.178965],[109.713382,19.309881],[109.646439,19.402425],[109.737734,19.407486],[109.7694,19.578508],[109.582921,19.637581],[109.564588,19.854888],[109.30811,19.9178],[109.15913,19.790689],[109.147649,19.704998],[108.928671,19.524313]]]]}},{"type":"Feature","properties":{"adcode":"500000","name":"重庆"},"geometry":{"type":"MultiPolygon","coordinates":[[[[106.37442,28.525742],[106.403369,28.569901],[106.504999,28.544669],[106.466811,28.586193],[106.528405,28.677591],[106.45326,28.817162],[106.651593,28.649235],[106.564745,28.485247],[106.747063,28.467361],[106.756918,28.607211],[106.866556,28.624548],[106.889345,28.695966],[106.824056,28.756319],[106.845614,28.780975],[106.923222,28.809821],[106.988512,28.776254],[106.983584,28.851239],[107.14188,28.887925],[107.206554,28.868535],[107.219489,28.772582],[107.327894,28.810869],[107.441227,28.943977],[107.364235,29.00942],[107.369778,29.091558],[107.427676,29.128682],[107.401807,29.184603],[107.570574,29.218037],[107.589052,29.150113],[107.700537,29.141228],[107.749197,29.199754],[107.810791,29.139137],[107.810175,28.984295],[107.867457,28.960211],[107.882855,29.00628],[108.070717,29.086328],[108.256115,29.040295],[108.306622,29.079006],[108.386078,28.803003],[108.332491,28.679166],[108.636149,28.621396],[108.573939,28.531],[108.609664,28.43579],[108.580099,28.343128],[108.667562,28.334173],[108.697127,28.401051],[108.640461,28.456838],[108.700207,28.48209],[108.780279,28.42579],[108.738395,28.228241],[108.821547,28.245113],[109.005713,28.162837],[109.026655,28.220331],[109.086401,28.184467],[109.153538,28.417369],[109.319842,28.579886],[109.306907,28.62087],[109.201581,28.597753],[109.192958,28.636104],[109.294588,28.722211],[109.241002,28.776779],[109.235458,28.882161],[109.319842,29.042388],[109.110422,29.21647],[109.141835,29.270256],[109.060531,29.403292],[108.919481,29.3261],[108.927488,29.435612],[108.866511,29.470527],[108.901003,29.604863],[108.844337,29.658443],[108.781511,29.635558],[108.786438,29.691721],[108.752562,29.649082],[108.690968,29.689642],[108.658939,29.854833],[108.601041,29.863656],[108.504954,29.728626],[108.371295,29.841337],[108.516041,29.885451],[108.581947,30.255759],[108.402092,30.376649],[108.42673,30.492233],[108.556077,30.487592],[108.688504,30.58759],[108.743939,30.494812],[108.838793,30.503062],[109.042669,30.655571],[109.111654,30.646303],[109.143683,30.521108],[109.299516,30.630341],[109.35495,30.487076],[109.435638,30.595832],[109.535421,30.664837],[109.574225,30.646818],[109.780564,30.848437],[109.894513,30.899803],[110.008462,30.883369],[110.082375,30.799614],[110.172918,30.978853],[110.119947,31.088592],[110.200019,31.158779],[110.118715,31.409899],[109.94502,31.47066],[109.969658,31.508935],[109.727594,31.548214],[109.731289,31.700582],[109.281654,31.716874],[109.279806,31.776418],[109.085785,31.929428],[108.509882,32.201266],[108.399013,32.194176],[108.370063,32.172397],[108.452599,32.090296],[108.372527,32.077112],[108.329411,32.020299],[108.370063,31.988835],[108.259194,31.967006],[108.343578,31.860834],[108.535135,31.757592],[108.50557,31.734182],[108.546838,31.665442],[108.390389,31.591555],[108.386078,31.544134],[108.191441,31.492096],[108.224086,31.464024],[108.153869,31.371073],[108.185898,31.336831],[108.038688,31.252964],[108.031297,31.217144],[108.089811,31.204859],[108.025753,31.116263],[108.060246,31.052197],[107.942602,30.989114],[107.948145,30.918802],[107.994956,30.908533],[107.851443,30.792931],[107.739957,30.884396],[107.645103,30.821202],[107.483111,30.838675],[107.424597,30.74048],[107.516987,30.644759],[107.055649,30.040476],[106.981736,30.08502],[106.913367,30.025451],[106.732281,30.027005],[106.611557,30.235596],[106.642354,30.246454],[106.560434,30.31519],[106.43971,30.308473],[106.428623,30.254725],[106.232754,30.185947],[106.132356,30.323972],[105.792357,30.427234],[105.714749,30.322939],[105.720292,30.252657],[105.624822,30.275918],[105.662394,30.210258],[105.536127,30.152834],[105.596489,30.159043],[105.574315,30.130579],[105.753553,30.018196],[105.707974,29.840818],[105.582938,29.819013],[105.574931,29.744216],[105.481924,29.718232],[105.476996,29.674564],[105.419714,29.688082],[105.296526,29.571035],[105.305149,29.53199],[105.337794,29.459064],[105.387069,29.455416],[105.372903,29.421018],[105.426489,29.419454],[105.42033,29.31149],[105.647612,29.253027],[105.695039,29.287482],[105.74185,29.039249],[105.801596,28.958116],[105.910002,28.920407],[106.001161,28.973824],[106.049204,28.906263],[106.206885,28.904691],[106.37442,28.525742]]],[[[109.105495,30.585529],[109.106111,30.61077],[109.09256,30.578831],[109.105495,30.585529]]],[[[105.582938,30.12385],[105.580474,30.129544],[105.574315,30.130579],[105.582938,30.12385]]],[[[109.09872,30.579346],[109.09256,30.578831],[109.103647,30.565949],[109.09872,30.579346]]],[[[107.058113,30.043066],[107.053801,30.043584],[107.055649,30.040476],[107.058113,30.043066]]]]}},{"type":"Feature","properties":{"adcode":"510100","name":"成都市"},"geometry":{"type":"MultiPolygon","coordinates":[[[[103.959259,30.320742],[104.116601,30.227194],[104.192977,30.329836],[104.232284,30.313798],[104.243259,30.244239],[104.364541,30.185974],[104.428374,30.089729],[104.468354,30.157077],[104.653133,30.240185],[104.638239,30.268148],[104.823354,30.293787],[104.881027,30.360831],[104.892786,30.541645],[104.819098,30.580076],[104.847319,30.631101],[104.698376,30.825559],[104.520764,30.882456],[104.533083,30.917875],[104.465218,30.9509],[104.322322,30.891743],[104.168787,30.918533],[104.166884,30.993438],[104.019844,31.103963],[103.891618,31.308017],[103.92835,31.355139],[103.894754,31.408858],[103.787246,31.434439],[103.569543,31.338453],[103.516461,30.971761],[103.451396,30.892565],[103.305252,30.810507],[103.199088,30.845707],[102.992919,30.778339],[103.13156,30.65475],[103.180834,30.525228],[103.061456,30.270464],[103.076798,30.220242],[103.147238,30.207],[103.313875,30.260372],[103.395178,30.094866],[103.462483,30.096027],[103.450948,30.132231],[103.486224,30.104147],[103.769776,30.332068],[103.913904,30.353972],[103.959259,30.320742]]],[[[104.107194,31.032017],[104.10697,31.032263],[104.10641,31.031771],[104.107194,31.032017]]],[[[103.443893,30.120054],[103.439637,30.119557],[103.443893,30.117486],[103.443893,30.120054]]],[[[104.232732,30.281878],[104.2315,30.282209],[104.231836,30.280472],[104.232732,30.281878]]]]}},{"type":"Feature","properties":{"adcode":"510300","name":"自贡市"},"geometry":{"type":"MultiPolygon","coordinates":[[[[104.17685,29.195745],[104.265433,29.231857],[104.249082,29.261356],[104.442597,29.238543],[104.540922,29.143394],[104.62424,29.207282],[104.691993,29.19934],[104.720214,28.996651],[104.85751,29.003436],[104.941837,29.058873],[105.073758,28.936404],[105.244763,28.937745],[105.267384,28.979561],[105.187873,29.027306],[105.271752,29.160123],[105.035346,29.382937],[105.079469,29.406886],[105.044305,29.480865],[104.961882,29.416647],[104.777327,29.448177],[104.710919,29.361404],[104.619761,29.444758],[104.510013,29.456767],[104.529611,29.518876],[104.474065,29.609262],[104.39489,29.621002],[104.340688,29.565704],[104.269576,29.632491],[104.182226,29.633407],[104.135079,29.52096],[104.165988,29.496538],[104.052656,29.456684],[104.090172,29.391616],[104.160836,29.379933],[104.07651,29.323584],[104.139447,29.307467],[104.116377,29.263946],[104.17685,29.195745]]],[[[104.150309,29.472027],[104.14919,29.472277],[104.14919,29.470776],[104.150309,29.472027]]],[[[104.16666,29.496455],[104.165988,29.496538],[104.166324,29.495955],[104.16666,29.496455]]]]}},{"type":"Feature","properties":{"adcode":"510400","name":"攀枝花市"},"geometry":{"type":"MultiPolygon","coordinates":[[[[101.839897,26.082429],[101.840681,26.16008],[101.906753,26.191367],[101.942701,26.448989],[102.020196,26.422832],[102.038562,26.571717],[101.981897,26.735892],[101.938782,26.639367],[101.912688,26.723318],[101.707528,26.873691],[101.809212,27.088858],[101.681994,27.150404],[101.664748,27.288888],[101.598452,27.340456],[101.514685,27.229802],[101.419048,27.215835],[101.41412,27.162164],[101.315571,27.197522],[101.168084,27.165232],[101.137399,27.022329],[101.365406,26.883686],[101.399674,26.840453],[101.357791,26.770614],[101.421624,26.726312],[101.457124,26.729733],[101.445925,26.774205],[101.513341,26.768562],[101.406617,26.556383],[101.635632,26.396069],[101.660605,26.346816],[101.59442,26.261559],[101.735748,26.219982],[101.839897,26.082429]]],[[[102.18213,26.812591],[102.156261,26.847717],[102.204976,26.85216],[102.2407,27.106592],[102.161077,27.182187],[102.049761,27.082718],[101.938782,27.104034],[101.912241,27.243683],[101.878084,27.222734],[101.870357,27.129694],[101.698904,26.944406],[101.731157,26.835924],[101.861398,26.724173],[102.063088,26.718613],[102.114714,26.63406],[102.195681,26.744616],[102.18213,26.812591]]],[[[102.204976,26.85216],[102.159845,26.855151],[102.18213,26.812591],[102.204976,26.85216]]]]}},{"type":"Feature","properties":{"adcode":"510500","name":"泸州市"},"geometry":{"type":"MultiPolygon","coordinates":[[[[105.420135,29.314399],[105.287542,29.218233],[105.187873,29.027306],[105.269288,29.009719],[105.267608,28.939086],[105.167715,28.92995],[105.2311,28.777448],[105.167939,28.65036],[105.226285,28.540536],[105.206687,28.457041],[105.32013,28.427987],[105.287654,28.369181],[105.358094,28.153478],[105.18373,28.040349],[105.184401,27.996468],[105.269848,27.978961],[105.250138,27.844818],[105.314195,27.81941],[105.273879,27.795266],[105.290566,27.712459],[105.477137,27.774846],[105.643102,27.659963],[105.921279,27.747048],[106.224653,27.760948],[106.341792,27.820172],[106.226221,28.115894],[106.145254,28.162851],[105.976153,28.108038],[105.903697,28.129156],[105.860918,28.159558],[105.889026,28.238479],[105.785662,28.336478],[105.730004,28.272139],[105.639518,28.32417],[105.609842,28.473964],[105.747474,28.615895],[105.884995,28.595463],[105.967754,28.761665],[106.378859,28.479689],[106.264856,28.846093],[106.173474,28.920813],[106.039426,28.917711],[106.000902,28.974031],[105.909744,28.920477],[105.797533,28.935901],[105.715894,29.290846],[105.607938,29.255758],[105.420135,29.314399]]],[[[105.225613,28.098999],[105.220237,28.091901],[105.226061,28.094183],[105.225613,28.098999]]],[[[105.384747,29.283579],[105.383403,29.281991],[105.386203,29.284832],[105.384747,29.283579]]],[[[105.230652,28.450978],[105.228748,28.449631],[105.2311,28.449378],[105.230652,28.450978]]]]}},{"type":"Feature","properties":{"adcode":"510600","name":"德阳市"},"geometry":{"type":"MultiPolygon","coordinates":[[[[105.168723,30.706395],[104.998502,30.805901],[104.931646,30.945808],[104.841496,30.946465],[104.788974,31.130283],[104.713942,31.216079],[104.74877,31.275117],[104.697256,31.274298],[104.523676,31.44261],[104.347407,31.381798],[104.170579,31.512366],[104.116937,31.677724],[104.040786,31.697691],[103.928238,31.639572],[103.898226,31.512856],[103.857798,31.53849],[103.795757,31.471777],[103.92835,31.355139],[103.894418,31.326018],[103.929134,31.234425],[104.143478,31.01158],[104.142582,30.925845],[104.322322,30.891743],[104.39601,30.942358],[104.495791,30.935457],[104.520764,30.882456],[104.698376,30.825559],[104.847319,30.631101],[104.819994,30.598296],[104.910928,30.625662],[104.983944,30.529271],[105.066927,30.53587],[105.168723,30.706395]]],[[[104.876772,30.937347],[104.875652,30.937757],[104.875316,30.934718],[104.876772,30.937347]]],[[[104.894578,30.936936],[104.891554,30.936607],[104.893458,30.934964],[104.894578,30.936936]]],[[[104.904769,30.943425],[104.903649,30.943015],[104.906001,30.939647],[104.904769,30.943425]]],[[[104.756721,31.146104],[104.75605,31.14512],[104.757393,31.144219],[104.756721,31.146104]]]]}},{"type":"Feature","properties":{"adcode":"510700","name":"绵阳市"},"geometry":{"type":"MultiPolygon","coordinates":[[[[105.459219,31.52698],[105.333009,31.630276],[105.317555,31.702988],[105.25361,31.707306],[105.311395,31.744128],[105.205231,31.837094],[105.187761,31.983029],[105.25193,31.982866],[105.286198,32.108777],[105.247562,32.32051],[104.995255,32.247557],[104.974649,32.334592],[104.773856,32.400116],[104.754818,32.52642],[104.655933,32.56049],[104.582805,32.72219],[104.294325,32.835728],[104.113466,32.99982],[104.013461,33.041258],[103.973705,33.005122],[103.971466,32.839671],[104.101035,32.848201],[104.182786,32.663431],[104.174835,32.531345],[104.0951,32.467694],[104.129368,32.530457],[104.035634,32.651578],[103.890387,32.638997],[103.84492,32.584058],[103.906961,32.51051],[103.889155,32.364852],[104.131048,32.223011],[104.211455,32.298412],[104.257481,32.214746],[104.100587,32.125001],[103.850743,32.161331],[103.754882,31.964342],[103.845704,31.921187],[103.920623,31.942239],[103.975497,31.85605],[104.127576,31.828712],[104.171027,31.732317],[104.103163,31.710321],[104.098459,31.648622],[104.155685,31.519061],[104.358158,31.386376],[104.478545,31.385068],[104.523676,31.44261],[104.585045,31.402482],[104.677434,31.266849],[104.724917,31.271351],[104.719654,31.16266],[104.791885,31.118394],[104.841496,30.946465],[104.931646,30.945808],[105.025267,30.781878],[105.243979,30.726074],[105.260441,30.822845],[105.177346,30.960181],[105.223933,31.107653],[105.35395,31.160611],[105.410728,31.07255],[105.595843,30.972582],[105.714102,31.039321],[105.721381,31.150366],[105.674346,31.171757],[105.674682,31.249492],[105.599091,31.288704],[105.64243,31.371168],[105.620928,31.406651],[105.49875,31.402482],[105.459219,31.52698]]]]}},{"type":"Feature","properties":{"adcode":"510800","name":"广元市"},"geometry":{"type":"MultiPolygon","coordinates":[[[[105.459219,31.52698],[105.684649,31.608908],[105.726085,31.726615],[105.885779,31.630521],[106.10225,31.73248],[106.130359,31.829282],[106.24817,31.7824],[106.33552,31.848484],[106.384235,31.801693],[106.416039,31.83156],[106.445492,31.977179],[106.567558,32.128407],[106.564647,32.227548],[106.755361,32.285296],[106.688953,32.348024],[106.64035,32.687294],[106.420519,32.616655],[106.062047,32.7673],[106.094747,32.795966],[106.046705,32.852224],[105.857782,32.827439],[105.779615,32.750225],[105.625408,32.702044],[105.456307,32.932645],[105.399753,32.829049],[105.448916,32.732744],[105.143862,32.601245],[105.030195,32.650449],[104.881811,32.601164],[104.845751,32.653916],[104.635775,32.668511],[104.655933,32.56049],[104.745971,32.536351],[104.840712,32.35118],[104.974649,32.334592],[105.00007,32.266429],[105.247562,32.32051],[105.286198,32.108777],[105.18317,31.91135],[105.311395,31.744128],[105.25361,31.707306],[105.315315,31.71855],[105.333009,31.630276],[105.459219,31.52698]]],[[[106.419847,31.917529],[106.427462,31.915009],[106.428694,31.922813],[106.419847,31.917529]]]]}},{"type":"Feature","properties":{"adcode":"510900","name":"遂宁市"},"geometry":{"type":"MultiPolygon","coordinates":[[[[105.066927,30.53587],[105.07387,30.403133],[105.126056,30.341491],[105.258313,30.280307],[105.411064,30.295606],[105.558887,30.185561],[105.64243,30.186388],[105.625072,30.27584],[105.723845,30.254747],[105.714774,30.322809],[105.818026,30.437243],[105.992055,30.369177],[105.954203,30.514255],[105.885331,30.458875],[105.846807,30.491645],[105.877492,30.547419],[105.82385,30.602995],[105.796749,30.800883],[105.381275,31.152907],[105.193248,31.08592],[105.177346,30.960181],[105.271976,30.751428],[105.168723,30.706395],[105.066927,30.53587]]],[[[105.093916,30.395616],[105.094364,30.396277],[105.093804,30.395864],[105.093916,30.395616]]],[[[105.075102,30.442115],[105.073646,30.442115],[105.074206,30.441785],[105.075102,30.442115]]],[[[105.198176,30.311813],[105.197056,30.310738],[105.19784,30.309994],[105.198176,30.311813]]]]}},{"type":"Feature","properties":{"adcode":"511000","name":"内江市"},"geometry":{"type":"MultiPolygon","coordinates":[[[[104.467234,30.034689],[104.457155,29.748223],[104.336769,29.722276],[104.269576,29.632491],[104.334193,29.583113],[104.474065,29.609262],[104.535658,29.418566],[104.619761,29.444758],[104.745411,29.36324],[104.777327,29.448177],[104.833657,29.430495],[104.848775,29.467858],[104.961882,29.416647],[105.030643,29.472527],[105.134903,29.257429],[105.266936,29.188638],[105.395274,29.308553],[105.443092,29.399126],[105.324498,29.448594],[105.294373,29.53396],[105.423943,29.687587],[105.373548,29.824612],[105.252714,29.796025],[105.217326,29.8448],[105.125608,29.830677],[104.976441,29.993223],[104.793341,29.866895],[104.730628,29.948504],[104.60677,29.932901],[104.467234,30.034689]]],[[[105.387883,29.287588],[105.386203,29.284832],[105.389002,29.286502],[105.387883,29.287588]]],[[[105.364813,29.293519],[105.364141,29.291932],[105.365149,29.292684],[105.364813,29.293519]]],[[[105.368957,29.287839],[105.366493,29.287839],[105.368621,29.285918],[105.368957,29.287839]]],[[[104.905441,29.904678],[104.899505,29.902353],[104.905217,29.900692],[104.905441,29.904678]]]]}},{"type":"Feature","properties":{"adcode":"511100","name":"乐山市"},"geometry":{"type":"MultiPolygon","coordinates":[[[[104.17685,29.195745],[104.083229,29.348298],[104.163412,29.364158],[104.052656,29.456684],[104.14919,29.472277],[104.139895,29.589693],[104.182226,29.633407],[104.251098,29.623084],[104.089388,29.743733],[104.050081,29.868473],[103.927678,29.825526],[103.893522,29.742486],[103.765073,29.706555],[103.705607,29.737247],[103.747267,29.789957],[103.692729,29.898866],[103.648158,29.92817],[103.513885,29.87902],[103.533371,29.84156],[103.485776,29.814807],[103.315667,29.771753],[103.304356,29.706389],[103.361694,29.661791],[103.267848,29.596105],[103.259673,29.511375],[103.294166,29.506874],[103.204464,29.483867],[103.18005,29.430161],[102.983512,29.418483],[103.02002,29.250744],[102.962795,29.250828],[102.928639,29.127332],[102.970074,29.065068],[102.913632,28.999918],[102.962571,28.681118],[103.066047,28.688511],[103.153957,28.82923],[103.270984,28.805986],[103.334817,28.743108],[103.246571,28.549791],[103.370205,28.423354],[103.43303,28.452915],[103.42967,28.531786],[103.685674,28.63481],[103.803708,28.83611],[103.914912,28.776273],[104.034402,28.855908],[104.084685,28.914441],[104.061839,28.965401],[104.107082,28.95082],[104.139671,29.024543],[104.17685,29.195745]]],[[[104.131272,29.400378],[104.132503,29.399627],[104.134967,29.399043],[104.131272,29.400378]]]]}},{"type":"Feature","properties":{"adcode":"511300","name":"南充市"},"geometry":{"type":"MultiPolygon","coordinates":[[[[106.964778,31.250802],[106.821098,31.547877],[106.647517,31.591125],[106.626464,31.510814],[106.460722,31.586312],[106.366429,31.696632],[106.40764,31.755204],[106.361277,31.846287],[106.262057,31.773851],[106.130359,31.829282],[106.068318,31.708447],[105.865285,31.614781],[105.749378,31.718794],[105.618353,31.55359],[105.498414,31.574155],[105.441973,31.480517],[105.524059,31.391364],[105.64243,31.371168],[105.594163,31.299834],[105.674682,31.249492],[105.714102,31.039321],[105.613873,30.991303],[105.784318,30.823832],[105.885331,30.458875],[105.915791,30.508974],[105.970665,30.477119],[106.112777,30.503198],[106.192176,30.612969],[106.166643,30.648324],[106.238091,30.706807],[106.207631,30.722863],[106.354558,30.722122],[106.38905,30.679876],[106.487599,30.787966],[106.528923,30.732496],[106.587604,30.73974],[106.675178,30.838882],[106.666443,30.909987],[106.931965,31.133726],[106.964778,31.250802]]],[[[105.927102,30.494038],[105.916351,30.469442],[105.948828,30.494368],[105.927102,30.494038]]],[[[105.494047,31.551631],[105.494719,31.550326],[105.495055,31.550652],[105.494047,31.551631]]]]}},{"type":"Feature","properties":{"adcode":"511400","name":"眉山市"},"geometry":{"type":"MultiPolygon","coordinates":[[[[102.975449,29.397791],[103.014869,29.448011],[103.157541,29.425573],[103.294166,29.506874],[103.259673,29.511375],[103.267848,29.596105],[103.361694,29.661791],[103.352959,29.698735],[103.303684,29.677935],[103.315667,29.771753],[103.394058,29.805416],[103.416904,29.774829],[103.590484,29.91904],[103.677834,29.919621],[103.747267,29.789957],[103.705607,29.737247],[103.765073,29.706555],[103.893522,29.742486],[104.050081,29.868473],[104.089388,29.743733],[104.269576,29.632491],[104.321314,29.709966],[104.442373,29.733837],[104.50307,29.807411],[104.467234,30.066937],[104.243259,30.244239],[104.232284,30.313798],[104.116601,30.227194],[103.998343,30.264508],[103.93563,30.346203],[103.794749,30.345872],[103.486224,30.104147],[103.349599,30.097684],[103.109946,29.915636],[103.165156,29.77034],[103.150038,29.672443],[102.928751,29.711047],[102.914416,29.553208],[102.823146,29.46569],[102.975449,29.397791]]],[[[103.533595,29.860666],[103.517021,29.85834],[103.533371,29.84156],[103.533595,29.860666]]],[[[103.959259,30.320742],[103.954331,30.313302],[103.965866,30.316774],[103.959259,30.320742]]],[[[104.483584,29.854104],[104.482688,29.852609],[104.483248,29.852194],[104.483584,29.854104]]]]}},{"type":"Feature","properties":{"adcode":"511500","name":"宜宾市"},"geometry":{"type":"MultiPolygon","coordinates":[[[[103.781983,28.524549],[103.851079,28.667085],[103.942461,28.603031],[104.252666,28.660698],[104.314819,28.615643],[104.404857,28.64061],[104.417288,28.59807],[104.248298,28.528336],[104.29007,28.314727],[104.384811,28.330156],[104.462306,28.2416],[104.402281,28.202866],[104.444836,28.138193],[104.376524,28.052268],[104.304068,28.050746],[104.558952,27.852186],[104.872964,27.905944],[104.980808,28.062832],[105.059199,28.098154],[105.17701,28.066889],[105.350255,28.140811],[105.287654,28.369181],[105.32013,28.427987],[105.191121,28.445757],[105.237483,28.523455],[105.172083,28.607908],[105.240507,28.774846],[105.202879,28.869748],[104.941837,29.058873],[104.85751,29.003436],[104.720214,28.996651],[104.691993,29.19934],[104.540922,29.143394],[104.411688,29.245479],[104.249082,29.261356],[104.23262,29.205861],[104.191409,29.235869],[104.122985,28.963976],[104.072478,28.967496],[103.979977,28.792137],[103.938317,28.764268],[103.830473,28.845338],[103.712775,28.757299],[103.685674,28.63481],[103.61389,28.597313],[103.712999,28.541294],[103.724533,28.471522],[103.781983,28.524549]]]]}},{"type":"Feature","properties":{"adcode":"511600","name":"广安市"},"geometry":{"type":"MultiPolygon","coordinates":[[[[106.976088,30.083596],[107.059295,30.043146],[107.256057,30.263764],[107.272743,30.305447],[107.186177,30.450454],[107.204207,30.524321],[106.98348,30.499485],[107.043281,30.642803],[106.904305,30.664225],[106.890306,30.697666],[106.949547,30.707137],[106.739123,30.807875],[106.629599,30.821036],[106.542809,30.743033],[106.487599,30.787966],[106.38905,30.679876],[106.207631,30.722863],[106.238091,30.706807],[106.166643,30.648324],[106.112777,30.503198],[105.980856,30.488344],[105.987239,30.394047],[106.149733,30.30925],[106.212558,30.20311],[106.402713,30.242088],[106.449747,30.297839],[106.611009,30.292712],[106.732404,30.026812],[106.913599,30.025568],[106.976088,30.083596]]],[[[107.225932,30.380084],[107.223021,30.377771],[107.22918,30.369838],[107.225932,30.380084]]],[[[107.255385,30.322809],[107.272743,30.305447],[107.304772,30.354881],[107.255385,30.322809]]],[[[107.241611,30.347856],[107.240267,30.339921],[107.251802,30.344302],[107.241611,30.347856]]],[[[106.264296,30.209732],[106.260265,30.207911],[106.260601,30.196985],[106.264296,30.209732]]],[[[106.976648,30.088071],[106.976088,30.083596],[106.981912,30.085171],[106.976648,30.088071]]],[[[107.260425,30.328927],[107.253593,30.327356],[107.261432,30.326281],[107.260425,30.328927]]],[[[107.03757,30.517143],[107.036898,30.51574],[107.038689,30.514998],[107.03757,30.517143]]]]}},{"type":"Feature","properties":{"adcode":"511700","name":"达州市"},"geometry":{"type":"MultiPolygon","coordinates":[[[[107.304772,30.354881],[107.51542,30.642061],[107.424374,30.740645],[107.492127,30.833125],[107.643646,30.820624],[107.737715,30.885004],[107.763808,30.817088],[107.852278,30.793479],[107.992262,30.902591],[107.945004,30.92338],[107.943548,30.989415],[108.053296,31.040716],[108.009397,31.108309],[108.08566,31.188063],[108.019475,31.244988],[108.185553,31.338044],[108.154084,31.370759],[108.216349,31.411146],[108.212206,31.493748],[108.323297,31.502404],[108.402584,31.603851],[108.532826,31.669084],[108.53529,31.757728],[108.340991,31.863533],[108.269879,31.985141],[108.35051,31.97198],[108.343567,32.063904],[108.450403,32.074374],[108.369436,32.17333],[108.509756,32.201213],[108.471793,32.27064],[108.089915,32.233705],[107.995734,32.147141],[107.716773,32.328846],[107.627855,32.151763],[107.76392,32.069667],[107.515084,31.926471],[107.550696,31.897122],[107.496046,31.866462],[107.57175,31.834246],[107.539049,31.738426],[107.492351,31.729384],[107.53289,31.684571],[107.489887,31.596999],[107.17397,31.427901],[107.120328,31.334035],[107.074861,31.373376],[106.909008,31.107653],[106.666443,30.909987],[106.675178,30.838882],[106.949547,30.707137],[106.890306,30.697666],[106.904305,30.664225],[107.026819,30.645193],[106.98348,30.499485],[107.118201,30.48562],[107.095355,30.506251],[107.184945,30.535705],[107.21395,30.501218],[107.164115,30.458793],[107.227724,30.414202],[107.221341,30.34612],[107.304772,30.354881]]],[[[107.227388,30.420561],[107.206895,30.410072],[107.217533,30.406438],[107.227388,30.420561]]],[[[107.254153,30.325951],[107.253593,30.327356],[107.253257,30.325951],[107.254153,30.325951]]],[[[107.277447,30.371574],[107.276327,30.357195],[107.287749,30.363062],[107.277447,30.371574]]],[[[107.276663,30.352401],[107.265576,30.349343],[107.27879,30.346203],[107.276663,30.352401]]],[[[107.240379,30.3505],[107.238811,30.346616],[107.241611,30.347856],[107.240379,30.3505]]]]}},{"type":"Feature","properties":{"adcode":"511800","name":"雅安市"},"geometry":{"type":"MultiPolygon","coordinates":[[[[103.395178,30.094866],[103.370317,30.22827],[103.282295,30.263598],[103.233356,30.213456],[103.183634,30.248128],[103.147238,30.207],[103.076798,30.220242],[103.12596,30.451115],[103.185874,30.511945],[103.068735,30.716194],[102.863574,30.798332],[102.889555,30.900784],[102.852375,30.936772],[102.708247,30.915493],[102.679802,30.857629],[102.469042,30.768712],[102.494463,30.713642],[102.417976,30.524156],[102.402298,30.234228],[102.268137,30.077381],[102.303189,29.954562],[102.270824,29.881595],[102.344064,29.789209],[102.277208,29.603767],[102.314051,29.53346],[102.203296,29.456851],[102.145174,29.53221],[101.935982,29.50104],[101.984136,29.422403],[101.960171,29.314816],[102.123337,29.238627],[102.056032,29.177852],[102.129608,29.176096],[102.253802,28.898763],[102.429846,28.845422],[102.590884,29.191983],[102.772192,29.159621],[102.781487,29.236705],[102.879812,29.206112],[102.940397,29.302874],[103.003894,29.287171],[102.975449,29.397791],[102.823146,29.46569],[102.914416,29.553208],[102.928751,29.711047],[103.1282,29.671527],[103.162916,29.737829],[103.109946,29.915636],[103.225965,29.970659],[103.302341,30.087574],[103.395178,30.094866]]]]}},{"type":"Feature","properties":{"adcode":"511900","name":"巴中市"},"geometry":{"type":"MultiPolygon","coordinates":[[[[106.964778,31.250802],[107.074861,31.373376],[107.101962,31.335426],[107.149893,31.356529],[107.17397,31.427901],[107.471633,31.596265],[107.53289,31.684571],[107.492351,31.729384],[107.539049,31.738426],[107.57175,31.834246],[107.496046,31.866462],[107.533338,31.877035],[107.515084,31.926471],[107.76392,32.069667],[107.641294,32.138707],[107.630991,32.199673],[107.690456,32.218797],[107.705239,32.281814],[107.680377,32.397609],[107.456963,32.417743],[107.40612,32.539177],[107.263896,32.40327],[107.080125,32.542407],[107.107786,32.600761],[107.066798,32.708894],[106.78179,32.700915],[106.7333,32.739351],[106.64035,32.687294],[106.649421,32.50421],[106.688953,32.348024],[106.776191,32.296874],[106.564647,32.227548],[106.567558,32.128407],[106.445492,31.977179],[106.366429,31.696632],[106.607874,31.50665],[106.647517,31.591125],[106.821098,31.547877],[106.964778,31.250802]]],[[[106.946748,31.265539],[106.94574,31.264802],[106.947532,31.263656],[106.946748,31.265539]]]]}},{"type":"Feature","properties":{"adcode":"512000","name":"资阳市"},"geometry":{"type":"MultiPolygon","coordinates":[[[[104.899505,29.902353],[104.932766,29.977296],[105.0209,29.976798],[105.097051,29.904927],[105.0947,29.848954],[105.35395,29.811566],[105.423943,29.687587],[105.475681,29.67469],[105.479712,29.716288],[105.538842,29.694908],[105.583301,29.819294],[105.735716,29.860915],[105.702679,29.924767],[105.746242,30.034275],[105.687001,30.039001],[105.411064,30.295606],[105.221805,30.287171],[105.126056,30.341491],[105.084173,30.494616],[104.983944,30.529271],[104.910928,30.625662],[104.858854,30.582385],[104.881027,30.360831],[104.837016,30.361988],[104.848775,30.306852],[104.643614,30.283036],[104.653133,30.240185],[104.484368,30.181504],[104.457715,30.120634],[104.60677,29.932901],[104.64395,29.957383],[104.673739,29.905674],[104.709127,29.933233],[104.672955,29.944189],[104.730628,29.948504],[104.791997,29.849037],[104.899505,29.902353]]],[[[105.097275,30.396194],[105.093692,30.395947],[105.094923,30.395121],[105.097275,30.396194]]],[[[104.471937,30.150287],[104.468354,30.157077],[104.464994,30.151529],[104.471937,30.150287]]],[[[105.100635,30.38562],[105.100859,30.385372],[105.101419,30.385455],[105.100635,30.38562]]],[[[105.561463,30.183656],[105.556536,30.187465],[105.551048,30.179186],[105.561463,30.183656]]],[[[105.080141,30.412385],[105.079693,30.412467],[105.079469,30.411807],[105.079917,30.411724],[105.080141,30.412385]]]]}},{"type":"Feature","properties":{"adcode":"513200","name":"阿坝藏族羌族自治州"},"geometry":{"type":"MultiPolygon","coordinates":[[[[100.667948,32.523674],[100.52718,32.34592],[100.599076,32.231518],[100.72047,32.18322],[100.692473,32.15598],[100.785199,32.009751],[101.01175,31.948984],[100.992712,31.864835],[100.862022,31.785819],[100.869078,31.73753],[100.933246,31.751132],[101.063488,31.628319],[101.07883,31.493503],[101.107499,31.468999],[101.221614,31.535143],[101.285223,31.375665],[101.449844,31.435011],[101.43831,31.307035],[101.481985,31.368469],[101.573031,31.341397],[101.610098,31.382206],[101.836761,31.281747],[101.884692,31.160939],[101.97417,31.177083],[102.02602,31.089037],[102.172835,31.107161],[102.200944,30.909905],[102.065439,30.87103],[102.047969,30.661671],[102.177315,30.594504],[102.348096,30.705901],[102.447317,30.681853],[102.493791,30.790352],[102.801869,30.93595],[102.889555,30.900784],[102.863574,30.798332],[102.897954,30.765255],[103.123945,30.79282],[103.165716,30.842171],[103.305252,30.810507],[103.516461,30.971761],[103.504814,31.041044],[103.583205,31.191422],[103.569543,31.338453],[103.739876,31.398885],[103.857798,31.53849],[103.898226,31.512856],[103.928238,31.639572],[103.989384,31.68237],[104.171027,31.732317],[104.152213,31.815855],[103.975497,31.85605],[103.920623,31.942239],[103.763617,31.946384],[103.850743,32.161331],[104.100587,32.125001],[104.257481,32.214746],[104.182114,32.308936],[104.135751,32.234677],[103.921295,32.315411],[103.902817,32.496617],[103.84492,32.584058],[103.890387,32.638997],[104.035634,32.651578],[104.129368,32.530457],[104.0951,32.467694],[104.144486,32.473754],[104.182786,32.663431],[104.101035,32.848201],[103.971466,32.839671],[103.986472,33.034674],[104.113466,32.99982],[104.247851,32.877564],[104.28615,32.939075],[104.378428,32.953221],[104.426135,33.010744],[104.360174,33.028411],[104.374956,33.11918],[104.303844,33.30452],[104.420087,33.32709],[104.295669,33.332852],[104.18077,33.473092],[104.168563,33.611749],[104.05232,33.685258],[103.800461,33.670194],[103.598883,33.717846],[103.552073,33.67147],[103.518364,33.807102],[103.349599,33.743494],[103.24993,33.814026],[103.161348,33.807182],[103.18117,33.900717],[103.123833,33.96818],[103.157205,33.998756],[103.130888,34.066934],[103.170195,34.065744],[103.124057,34.161849],[103.005574,34.184907],[102.939949,34.299946],[102.879252,34.312129],[102.598388,34.147741],[102.660317,34.085101],[102.438805,34.087401],[102.391435,33.970802],[102.136327,33.965242],[102.261977,33.824847],[102.237004,33.798746],[102.324354,33.754563],[102.295238,33.739034],[102.344512,33.606883],[102.477889,33.543446],[102.462435,33.449681],[102.277096,33.407637],[102.186946,33.332772],[102.217518,33.248151],[102.111466,33.285628],[102.055025,33.189981],[101.825562,33.119501],[101.82825,33.214984],[101.767553,33.263368],[101.946285,33.442808],[101.844376,33.602416],[101.830266,33.554541],[101.782335,33.556297],[101.775952,33.453516],[101.662733,33.38165],[101.649294,33.324609],[101.730933,33.283866],[101.727461,33.240461],[101.634176,33.102414],[101.486464,33.227163],[101.386795,33.207372],[101.393851,33.157835],[101.296982,33.262247],[101.127881,33.223798],[101.184098,32.984236],[101.129112,32.989539],[101.123961,32.910054],[101.23774,32.827681],[101.190146,32.686568],[101.111866,32.637223],[101.076702,32.683022],[100.932126,32.60068],[100.692025,32.677701],[100.717559,32.617058],[100.658653,32.599712],[100.667948,32.523674]]]]}},{"type":"Feature","properties":{"adcode":"513300","name":"甘孜藏族自治州"},"geometry":{"type":"MultiPolygon","coordinates":[[[[100.061536,28.082776],[100.234445,27.971011],[100.418104,28.005601],[100.390331,28.324929],[100.514973,28.559633],[100.49112,28.694812],[100.594708,28.743948],[100.530316,28.924417],[100.65003,29.01935],[100.820475,28.993049],[100.832458,29.055357],[100.772432,29.087668],[100.883412,29.146405],[100.929103,29.061217],[101.09742,29.146573],[101.180851,28.905471],[101.202576,28.652714],[101.356223,28.66616],[101.620177,28.537676],[101.594532,28.475227],[101.383996,28.482888],[101.425543,28.489538],[101.482097,28.318521],[101.715479,28.380894],[101.753554,28.533889],[102.018069,28.713965],[101.962747,28.824027],[101.988392,28.88803],[102.168468,29.07302],[102.109562,29.185043],[102.056032,29.177852],[102.123337,29.238627],[101.949532,29.344124],[101.984136,29.422403],[101.935982,29.50104],[102.16578,29.532877],[102.175859,29.466524],[102.314051,29.53346],[102.277208,29.603767],[102.353247,29.76319],[102.270824,29.881595],[102.303189,29.954562],[102.268137,30.077381],[102.402298,30.234228],[102.417976,30.524156],[102.4864,30.744761],[102.477329,30.692972],[102.348096,30.705901],[102.177315,30.594504],[102.066111,30.668591],[102.03957,30.76328],[102.065439,30.87103],[102.200944,30.909905],[102.154469,31.140612],[102.034307,31.073288],[102.013701,31.144628],[101.884692,31.160939],[101.858263,31.26603],[101.715479,31.289195],[101.628016,31.385313],[101.573031,31.341397],[101.481985,31.368469],[101.452756,31.294351],[101.449844,31.435011],[101.301013,31.358655],[101.257114,31.378609],[101.241548,31.518244],[101.07883,31.493503],[101.074798,31.575705],[100.964379,31.718224],[100.852839,31.758705],[100.992712,31.864835],[100.990472,31.978885],[100.803789,31.991883],[100.799757,32.050105],[100.698633,32.133436],[100.726966,32.162547],[100.552377,32.282219],[100.562344,32.419441],[100.659885,32.514871],[100.544762,32.570096],[100.470178,32.694548],[100.264345,32.742734],[100.20992,32.605844],[100.131864,32.632465],[100.123129,32.837257],[99.877317,33.045513],[99.850888,32.941888],[99.763986,32.924445],[99.791982,32.883114],[99.737109,32.745312],[99.376173,32.899842],[99.282888,32.885044],[99.179411,33.04487],[98.829674,33.181325],[98.744228,33.454315],[98.622722,33.610233],[98.656654,33.647315],[98.406922,33.867244],[98.44063,33.981365],[98.401882,34.087718],[98.209936,34.078517],[98.050354,34.114682],[97.944526,34.198612],[97.810701,34.207484],[97.667021,34.127685],[97.703193,34.058127],[97.633985,33.919078],[97.395339,33.88927],[97.368798,33.824131],[97.423224,33.754961],[97.40553,33.626663],[97.525245,33.575769],[97.542155,33.492662],[97.741268,33.411635],[97.487953,33.168178],[97.523789,32.988575],[97.375741,32.956676],[97.38582,32.780266],[97.480786,32.664076],[97.698601,32.536836],[98.197505,32.36016],[98.219119,32.234191],[98.434807,32.007802],[98.40345,31.910456],[98.553961,31.656612],[98.887012,31.374602],[98.780064,31.251129],[98.646127,31.339025],[98.604804,31.18413],[98.709848,31.11864],[98.806045,30.995654],[98.774465,30.908426],[98.963947,30.732166],[98.907506,30.698325],[98.981529,30.182911],[99.06832,29.931407],[98.992056,29.663205],[99.115242,29.242053],[99.104044,28.841982],[99.172804,28.613793],[99.175828,28.400863],[99.402378,28.150691],[99.393083,28.317762],[99.437318,28.398504],[99.402938,28.545753],[99.540795,28.623546],[99.625569,28.814713],[99.700601,28.835019],[99.733189,28.719509],[99.961531,28.561568],[99.990312,28.476658],[100.074639,28.424365],[100.054257,28.376597],[100.172628,28.321135],[100.147543,28.288755],[100.188418,28.252737],[100.033315,28.184633],[100.061536,28.082776]]]]}},{"type":"Feature","properties":{"adcode":"513400","name":"凉山彝族自治州"},"geometry":{"type":"MultiPolygon","coordinates":[[[[103.61389,28.597313],[103.530571,28.612196],[103.42967,28.531786],[103.43303,28.452915],[103.388347,28.420659],[103.253962,28.541209],[103.242875,28.59336],[103.333585,28.721861],[103.270984,28.805986],[103.153957,28.82923],[103.066047,28.688511],[102.962571,28.681118],[102.913632,28.999918],[102.957755,29.052008],[102.962795,29.250828],[103.031779,29.27982],[102.962347,29.301871],[102.879812,29.206112],[102.781487,29.236705],[102.740388,29.153348],[102.590884,29.191983],[102.429846,28.845422],[102.253802,28.898763],[102.14999,29.031158],[101.962747,28.824027],[102.022772,28.723373],[101.753554,28.533889],[101.715479,28.380894],[101.509758,28.314727],[101.439654,28.471691],[101.373021,28.461756],[101.413001,28.521099],[101.62992,28.491558],[101.620177,28.537676],[101.356223,28.66616],[101.202576,28.652714],[101.183986,28.941265],[101.09742,29.146573],[101.056881,29.166395],[100.929103,29.061217],[100.883412,29.146405],[100.772432,29.087668],[100.832458,29.055357],[100.820475,28.993049],[100.65003,29.01935],[100.530316,28.924417],[100.594708,28.743948],[100.472082,28.70859],[100.523708,28.671118],[100.530428,28.574101],[100.4162,28.433209],[100.367822,28.206242],[100.426839,28.019468],[100.234445,27.971011],[100.072063,28.08548],[100.196145,27.93734],[100.16994,27.907637],[100.294918,27.869544],[100.32773,27.720429],[100.443189,27.866242],[100.546442,27.808567],[100.679819,27.924224],[100.707032,27.801366],[100.836489,27.681677],[100.90133,27.453379],[100.957212,27.43825],[101.059568,27.198629],[101.168084,27.165232],[101.315571,27.197522],[101.394299,27.145206],[101.635408,27.33952],[101.708759,27.129012],[101.870357,27.129694],[101.886259,27.255603],[101.938782,27.104034],[102.034083,27.076152],[102.161077,27.182187],[102.2407,27.106592],[102.215615,26.813617],[102.174179,26.802419],[102.132296,26.637741],[102.04573,26.737517],[102.006534,26.716388],[102.050769,26.49417],[102.029491,26.434068],[101.942701,26.448989],[101.906753,26.191367],[101.832282,26.117176],[101.835417,26.045865],[101.899698,26.099202],[102.084253,26.065138],[102.257386,26.220068],[102.571063,26.362607],[102.638591,26.307673],[102.601299,26.249019],[102.719782,26.218177],[102.785183,26.298915],[102.998183,26.371874],[102.997735,26.459622],[103.057088,26.528109],[102.964474,26.839428],[102.896498,26.912556],[102.882164,27.293314],[102.941405,27.40552],[102.97097,27.377628],[103.14455,27.425584],[103.218126,27.562111],[103.278711,27.561856],[103.314547,27.655297],[103.509181,27.84033],[103.502574,27.91043],[103.563943,27.964159],[103.43247,28.041279],[103.454979,28.12375],[103.632368,28.259992],[103.721286,28.202022],[103.870229,28.301067],[103.810428,28.49543],[103.781983,28.524549],[103.724533,28.471522],[103.685002,28.497955],[103.712999,28.541294],[103.61389,28.597313]]],[[[101.91672,26.703127],[101.920528,26.635515],[101.946509,26.707662],[101.91672,26.703127]]]]}},{"type":"Feature","properties":{"adcode":"520100","name":"贵阳市"},"geometry":{"type":"MultiPolygon","coordinates":[[[[107.200763,27.355803],[107.098585,27.321533],[107.005761,27.355207],[106.905982,27.267697],[106.795289,27.312631],[106.745159,27.21806],[106.72663,27.297027],[106.632907,27.302397],[106.413679,27.148964],[106.427411,27.022054],[106.331529,26.882932],[106.140065,26.846581],[106.16471,26.669774],[106.133588,26.665113],[106.187676,26.562514],[106.315698,26.536365],[106.326552,26.456495],[106.434247,26.457928],[106.497568,26.379946],[106.562689,26.375782],[106.485995,26.262134],[106.533127,26.226235],[106.688133,26.291726],[106.794989,26.269267],[106.835764,26.183418],[106.871622,26.208767],[106.868384,26.29793],[106.785095,26.313023],[106.834805,26.379252],[106.757032,26.391883],[106.819214,26.434345],[106.852734,26.5736],[106.962048,26.647342],[106.968344,26.739903],[107.0746,26.802797],[107.255271,26.792286],[107.250533,26.963194],[107.167004,27.025826],[107.180496,27.145655],[107.262406,27.216269],[107.155791,27.23418],[107.200763,27.355803]]]]}},{"type":"Feature","properties":{"adcode":"520200","name":"六盘水市"},"geometry":{"type":"MultiPolygon","coordinates":[[[[104.756941,26.765959],[104.692839,26.558033],[104.581427,26.543111],[104.684025,26.369628],[104.555342,26.273527],[104.52668,26.100336],[104.466836,26.08721],[104.441891,25.869138],[104.373113,25.731598],[104.328859,25.760486],[104.314948,25.666306],[104.329759,25.603586],[104.421743,25.584675],[104.430318,25.48672],[104.557021,25.524103],[104.544249,25.419522],[104.69242,25.328574],[104.886882,25.362226],[104.860018,25.442982],[104.914345,25.550153],[104.861577,25.621516],[104.909189,25.688927],[104.87315,25.805875],[104.948405,25.897807],[105.019162,26.148839],[105.18802,26.163627],[105.227776,25.996725],[105.498992,26.030328],[105.709345,26.164693],[105.473328,26.259819],[105.514283,26.414642],[105.147485,26.576695],[105.094656,26.750141],[104.999134,26.845844],[105.018682,26.917752],[104.916444,26.832295],[104.854502,26.881872],[104.756941,26.765959]]],[[[104.705312,26.802336],[104.696557,26.852064],[104.639112,26.863399],[104.602834,26.761486],[104.662198,26.745022],[104.705312,26.802336]]]]}},{"type":"Feature","properties":{"adcode":"520300","name":"遵义市"},"geometry":{"type":"MultiPolygon","coordinates":[[[[108.069398,29.086552],[107.86756,28.960464],[107.810415,28.984321],[107.810655,29.139389],[107.759386,29.192289],[107.662604,29.147914],[107.601022,29.147824],[107.575477,29.207302],[107.427067,29.190305],[107.370461,28.993898],[107.441038,28.943789],[107.391928,28.868466],[107.246636,28.761854],[107.182654,28.887144],[107.052533,28.891123],[106.983395,28.851187],[106.987892,28.774666],[106.923071,28.810015],[106.845358,28.781003],[106.866945,28.649921],[106.807701,28.589443],[106.75907,28.611118],[106.780957,28.574885],[106.708521,28.450493],[106.568026,28.484045],[106.6437,28.664333],[106.474482,28.833046],[106.454515,28.7753],[106.524072,28.577833],[106.473823,28.598966],[106.471604,28.532606],[106.399108,28.571166],[106.352876,28.480277],[105.979242,28.74655],[105.859494,28.597923],[105.737708,28.614201],[105.650101,28.522986],[105.612563,28.438913],[105.639487,28.324227],[105.730032,28.272159],[105.823396,28.306904],[105.890555,28.236266],[105.878563,28.139033],[106.013241,28.119949],[106.125074,28.167083],[106.207104,28.134251],[106.325173,27.962595],[106.341843,27.820178],[106.242423,27.767317],[106.063731,27.777142],[106.009344,27.684022],[106.162731,27.560563],[106.310961,27.597505],[106.333328,27.474636],[106.640882,27.509408],[106.705403,27.453143],[106.695749,27.347867],[106.754153,27.245062],[106.795289,27.312631],[106.894049,27.263427],[106.993709,27.349427],[107.200763,27.355803],[107.266963,27.476148],[107.376217,27.442877],[107.401762,27.363463],[107.491768,27.37149],[107.458488,27.268064],[107.511496,27.203454],[107.642636,27.267146],[107.881952,27.142208],[108.039716,27.258102],[107.958106,27.350757],[107.819829,27.324377],[107.762264,27.385156],[107.798062,27.43811],[107.757407,27.453327],[107.906837,27.591646],[107.946233,27.767728],[107.888368,27.844018],[107.933341,28.001408],[107.88441,28.063042],[107.807057,28.069923],[107.803399,28.183563],[107.836439,28.184292],[107.874456,28.370407],[107.990246,28.368999],[107.969199,28.439731],[108.010754,28.446452],[107.982571,28.431238],[108.026165,28.368272],[108.068259,28.422018],[108.037558,28.592754],[108.174575,28.690206],[108.213671,28.776341],[108.128643,28.869778],[108.069398,29.086552]]],[[[107.939217,27.15071],[107.956067,27.14878],[107.938977,27.166839],[107.939217,27.15071]]]]}},{"type":"Feature","properties":{"adcode":"520400","name":"安顺市"},"geometry":{"type":"MultiPolygon","coordinates":[[[[105.25422,25.98549],[105.531852,25.69521],[105.680982,25.661418],[105.815181,25.46089],[105.927433,25.432209],[105.979542,25.597299],[106.076203,25.598556],[106.127832,25.454781],[106.159313,25.481545],[106.226472,25.394003],[106.418836,25.36204],[106.397729,25.486953],[106.488934,25.646846],[106.326552,25.672404],[106.308923,25.728295],[106.24692,25.698189],[106.307124,25.967801],[106.235047,26.02216],[106.299448,26.199499],[106.243262,26.22452],[106.349458,26.231006],[106.36199,26.281863],[106.485995,26.262134],[106.562689,26.375782],[106.477241,26.395214],[106.443901,26.457604],[106.327391,26.451732],[106.325712,26.520331],[106.201407,26.542371],[106.16393,26.613271],[106.130111,26.503185],[106.063071,26.462135],[105.972826,26.439709],[105.971027,26.508916],[105.933489,26.512474],[105.51854,26.354404],[105.473328,26.259819],[105.50265,26.22957],[105.704308,26.18175],[105.611724,26.160335],[105.592296,26.062438],[105.25422,25.98549]]],[[[106.226832,26.03237],[106.224374,26.023924],[106.234807,26.027312],[106.226832,26.03237]]]]}},{"type":"Feature","properties":{"adcode":"520500","name":"毕节市"},"geometry":{"type":"MultiPolygon","coordinates":[[[[105.537909,26.359679],[105.916999,26.521116],[105.962452,26.524952],[105.972826,26.439709],[106.124834,26.491214],[106.149479,26.85317],[106.331529,26.882932],[106.441502,27.015014],[106.401207,27.122077],[106.451696,27.190363],[106.714877,27.309235],[106.705403,27.453143],[106.61006,27.528874],[106.333328,27.474636],[106.334047,27.578692],[106.172505,27.558685],[106.086877,27.656212],[106.013961,27.66097],[105.985418,27.749767],[105.643085,27.659963],[105.440168,27.775223],[105.301352,27.696049],[105.305129,27.613615],[105.244026,27.572603],[105.259917,27.514768],[105.184002,27.367499],[105.089859,27.41794],[104.871231,27.290877],[104.826079,27.352317],[104.612488,27.307216],[104.362259,27.467854],[104.259901,27.308317],[104.190463,27.28771],[104.180689,27.256724],[104.288264,27.226419],[104.338513,27.00144],[104.580527,26.960248],[104.756941,26.765959],[104.845207,26.886387],[104.900794,26.831051],[105.018682,26.917752],[104.999134,26.845844],[105.084583,26.762916],[105.140589,26.581221],[105.501511,26.439385],[105.537909,26.359679]]],[[[104.639112,26.863399],[104.64229,26.924152],[104.589822,26.956427],[104.366876,26.995136],[104.270754,27.258882],[104.198258,27.248736],[104.019926,27.377177],[104.015249,27.429263],[103.943952,27.434306],[103.865459,27.281743],[103.624525,27.112193],[103.653308,27.092562],[103.607136,27.047309],[103.628123,27.016119],[103.705116,27.049103],[103.775094,26.950949],[103.779471,26.875746],[103.703078,26.815335],[103.769158,26.73386],[103.769697,26.602789],[103.865639,26.512243],[104.042592,26.514323],[104.160601,26.646788],[104.353205,26.620751],[104.421263,26.712041],[104.463958,26.595123],[104.655542,26.518667],[104.763177,26.733953],[104.723181,26.78265],[104.598336,26.73815],[104.639112,26.863399]]]]}},{"type":"Feature","properties":{"adcode":"520600","name":"铜仁市"},"geometry":{"type":"MultiPolygon","coordinates":[[[[108.887124,27.121203],[109.144009,27.448835],[109.299915,27.423946],[109.302973,27.475644],[109.445986,27.562394],[109.45612,27.669432],[109.333015,27.782808],[109.30711,27.968024],[109.379187,28.033096],[109.304952,28.076394],[109.37349,28.25683],[109.273051,28.309405],[109.266335,28.481775],[109.154263,28.417612],[109.082066,28.184337],[108.985765,28.161346],[108.821764,28.245138],[108.738834,28.227347],[108.783087,28.380404],[108.725642,28.475828],[108.641453,28.455715],[108.696799,28.404575],[108.659082,28.35032],[108.58011,28.343274],[108.608832,28.407301],[108.573214,28.528114],[108.636056,28.621772],[108.352128,28.676115],[108.382409,28.805806],[108.307155,29.077525],[108.224645,29.031566],[108.069398,29.086552],[108.128643,28.869778],[108.213671,28.776341],[108.163242,28.677066],[108.037558,28.592754],[108.069938,28.526843],[108.037138,28.365454],[107.977294,28.447814],[108.00098,28.384585],[107.874456,28.370407],[107.859225,28.200269],[107.778874,28.072977],[107.914692,28.018644],[107.888368,27.844018],[107.940776,27.691522],[107.88513,27.551588],[107.762924,27.475964],[107.774557,27.359702],[108.179252,27.292576],[108.206416,27.357042],[108.511091,27.418261],[108.59684,27.506477],[108.829319,27.478851],[108.923822,27.511057],[109.020244,27.436918],[109.018565,27.372361],[108.856962,27.363188],[108.807252,27.214524],[108.887124,27.121203]]],[[[107.919369,27.332544],[107.906117,27.325983],[107.930822,27.31364],[107.919369,27.332544]]]]}},{"type":"Feature","properties":{"adcode":"522300","name":"黔西南布依族苗族自治州"},"geometry":{"type":"MultiPolygon","coordinates":[[[[106.522573,25.05986],[106.446299,25.176204],[106.496729,25.202282],[106.483297,25.29085],[106.418836,25.36204],[106.226472,25.394003],[106.191993,25.470402],[106.140964,25.454688],[106.069187,25.525455],[106.096771,25.577781],[105.992134,25.569256],[105.98218,25.612295],[105.993033,25.552343],[105.909264,25.436266],[105.815181,25.46089],[105.689197,25.653038],[105.548462,25.694931],[105.255239,25.951874],[105.158518,26.174566],[105.065874,26.162514],[105.004531,26.133029],[104.930056,25.940589],[104.947445,25.86886],[104.870092,25.774905],[104.904691,25.709962],[104.861577,25.621516],[104.913146,25.517019],[104.850484,25.402728],[104.880946,25.374546],[104.69242,25.328574],[104.645828,25.356813],[104.662018,25.284826],[104.827998,25.237091],[104.818643,25.160171],[104.750644,25.215039],[104.686483,25.076233],[104.619564,25.060655],[104.683785,25.054854],[104.712987,24.996216],[104.539812,24.813855],[104.528659,24.736811],[104.729477,24.61822],[104.875729,24.73986],[105.033373,24.787788],[105.03883,24.873001],[105.212665,24.995374],[105.308847,24.923969],[105.443166,24.921862],[105.497493,24.809355],[105.705687,24.768469],[105.805467,24.701532],[105.942004,24.724802],[106.023195,24.632352],[106.188036,24.790789],[106.16429,24.93446],[106.215379,24.981845],[106.522573,25.05986]]],[[[105.081944,24.915632],[105.08926,24.915211],[105.098734,24.929121],[105.081944,24.915632]]]]}},{"type":"Feature","properties":{"adcode":"522600","name":"黔东南苗族侗族自治州"},"geometry":{"type":"MultiPolygon","coordinates":[[[[107.9999,27.302764],[108.039716,27.258102],[107.908935,27.147356],[107.729584,27.226143],[107.651751,27.207405],[107.704219,27.135452],[107.600002,26.909738],[107.750451,26.82188],[107.693366,26.700922],[107.745114,26.587318],[107.577876,26.605144],[107.503281,26.55212],[107.331664,26.544127],[107.301922,26.441975],[107.413695,26.378142],[107.506219,26.41936],[107.647493,26.279918],[107.761964,26.318255],[107.737979,26.167798],[107.815752,26.10015],[107.848612,26.137202],[107.953548,26.063134],[108.137038,26.094074],[108.16654,26.039841],[108.238436,26.044621],[108.093084,25.811408],[108.09932,25.679246],[108.158505,25.702656],[108.181711,25.616487],[108.246951,25.620678],[108.291444,25.524616],[108.344692,25.537339],[108.433438,25.436406],[108.500358,25.447832],[108.613869,25.309853],[108.607453,25.492081],[108.714489,25.623472],[108.76198,25.637767],[108.812709,25.52634],[108.931737,25.556397],[109.025101,25.512498],[109.088542,25.549501],[109.04243,25.608896],[109.055862,25.738111],[108.948407,25.676686],[108.896239,25.71415],[109.135134,25.805456],[109.132316,25.762952],[109.182805,25.763277],[109.166136,25.796296],[109.206971,25.740251],[109.34009,25.731738],[109.339311,25.833769],[109.482624,26.029632],[109.449704,26.10182],[109.514105,26.128253],[109.43963,26.238835],[109.466134,26.314135],[109.354362,26.265284],[109.271432,26.327744],[109.404312,26.529665],[109.391299,26.600526],[109.283724,26.698569],[109.486702,26.760149],[109.436452,26.892605],[109.555,26.946898],[109.546725,26.984597],[109.415285,27.153881],[109.238932,27.149148],[109.163557,27.065799],[109.097237,27.116101],[108.885025,27.002913],[108.792261,27.083274],[108.885085,27.132189],[108.804554,27.196794],[108.846709,27.335114],[109.034995,27.412668],[108.934136,27.511561],[108.617347,27.521638],[108.511091,27.418261],[108.437096,27.425504],[108.321306,27.349473],[108.23262,27.367087],[108.179252,27.292576],[108.082411,27.33048],[107.9999,27.302764]]],[[[109.452642,26.861832],[109.52214,26.749219],[109.510387,26.865518],[109.486822,26.895323],[109.452642,26.861832]]],[[[109.577367,26.751617],[109.528437,26.741471],[109.547265,26.7179],[109.577367,26.751617]]],[[[107.88483,27.15889],[107.939217,27.15071],[107.95169,27.192338],[107.88483,27.15889]]]]}},{"type":"Feature","properties":{"adcode":"522700","name":"黔南布依族苗族自治州"},"geometry":{"type":"MultiPolygon","coordinates":[[[[106.485995,26.262134],[106.381359,26.284086],[106.337405,26.222343],[106.257414,26.242449],[106.299448,26.199499],[106.239125,26.051395],[106.31246,25.978898],[106.232709,25.702144],[106.285117,25.724154],[106.326552,25.672404],[106.488934,25.646846],[106.391493,25.400675],[106.483297,25.29085],[106.467107,25.18714],[106.522573,25.05986],[106.691131,25.179242],[106.888292,25.182186],[106.933265,25.250451],[106.976079,25.232933],[107.014276,25.344818],[106.963727,25.437339],[107.093428,25.569815],[107.211197,25.609175],[107.328666,25.494552],[107.308998,25.409166],[107.375798,25.412058],[107.449073,25.287534],[107.481574,25.300188],[107.470001,25.232092],[107.541478,25.22457],[107.6689,25.307472],[107.661885,25.258952],[107.696244,25.219851],[107.742116,25.240221],[107.778814,25.134926],[107.819529,25.129174],[108.114911,25.210226],[108.170617,25.431835],[108.252048,25.430483],[108.305416,25.516227],[108.246951,25.620678],[108.181711,25.616487],[108.158505,25.702656],[108.115451,25.687205],[108.08259,25.782904],[108.137877,25.915136],[108.223325,25.973187],[108.21517,26.069304],[108.187707,26.03715],[108.137038,26.094074],[107.940416,26.078211],[107.860365,26.140262],[107.840637,26.098852],[107.741157,26.213679],[107.779714,26.310061],[107.647493,26.279918],[107.624048,26.334456],[107.533742,26.349544],[107.518331,26.411867],[107.413695,26.378142],[107.316194,26.430414],[107.361826,26.549948],[107.622549,26.611932],[107.745114,26.587318],[107.695404,26.735429],[107.763763,26.824414],[107.690787,26.866486],[107.634062,26.844784],[107.600002,26.909738],[107.662844,26.971986],[107.640598,27.028633],[107.704219,27.135452],[107.656308,27.267008],[107.461066,27.240057],[107.498304,27.364059],[107.386711,27.361904],[107.359368,27.465654],[107.275538,27.478943],[107.142958,27.255623],[107.262406,27.216269],[107.188531,27.157006],[107.166644,27.040916],[107.250533,26.963194],[107.266064,26.803258],[107.130546,26.820266],[106.982076,26.752678],[106.757032,26.391883],[106.833605,26.386609],[106.782936,26.321171],[106.874381,26.314042],[106.887333,26.224196],[106.858191,26.186894],[106.688133,26.291726],[106.595489,26.22869],[106.500747,26.224335],[106.485995,26.262134]]],[[[106.223294,26.028147],[106.215199,26.032741],[106.211901,26.021464],[106.223294,26.028147]]]]}},{"type":"Feature","properties":{"adcode":"530100","name":"昆明市"},"geometry":{"type":"MultiPolygon","coordinates":[[[[103.109095,24.506989],[103.237408,24.507559],[103.288734,24.656839],[103.491348,24.555875],[103.4532,24.511301],[103.535304,24.527408],[103.617754,24.596286],[103.670033,24.760239],[103.657722,24.868987],[103.522819,24.831423],[103.447392,24.892105],[103.469413,24.975047],[103.409591,25.045622],[103.494122,25.107655],[103.465338,25.182037],[103.328528,25.162859],[103.258303,25.216906],[103.304513,25.405154],[103.36867,25.489039],[103.42563,25.486779],[103.417827,25.57214],[103.545014,25.583834],[103.491174,25.62286],[103.556718,25.779801],[103.471667,25.856585],[103.318124,25.839607],[103.305813,26.048406],[103.244257,26.188256],[103.107621,26.260524],[103.05959,26.513305],[102.989885,26.482658],[102.971591,26.340278],[102.879518,26.365516],[102.719733,26.218179],[102.620116,26.245769],[102.629393,26.336833],[102.571132,26.362632],[102.244886,26.21088],[102.259885,26.127424],[102.347884,26.075795],[102.357074,25.71779],[102.479058,25.453038],[102.358374,25.370824],[102.413428,25.250794],[102.342508,25.059149],[102.171106,25.053074],[102.29205,24.878884],[102.296038,24.591652],[102.210293,24.507396],[102.311557,24.386117],[102.453222,24.513904],[102.599395,24.53481],[102.587691,24.503572],[102.683319,24.472327],[102.815708,24.51187],[102.789091,24.553516],[102.840243,24.748465],[102.914977,24.768439],[102.911163,24.854791],[103.000635,24.919515],[103.015547,24.762268],[103.07693,24.754311],[103.04199,24.568235],[103.109095,24.506989]]]]}},{"type":"Feature","properties":{"adcode":"530300","name":"曲靖市"},"geometry":{"type":"MultiPolygon","coordinates":[[[[103.384795,26.734393],[103.401181,26.707799],[103.236801,26.720738],[103.210445,26.626061],[103.072595,26.610713],[103.05959,26.513305],[103.107621,26.260524],[103.244257,26.188256],[103.298877,26.064311],[103.300611,25.856907],[103.471667,25.856585],[103.556718,25.779801],[103.492475,25.651637],[103.545014,25.583834],[103.417827,25.57214],[103.42563,25.486779],[103.304513,25.405154],[103.272088,25.340767],[103.318731,25.325736],[103.258303,25.216906],[103.32558,25.139226],[103.465338,25.182037],[103.494122,25.107655],[103.422422,25.071702],[103.447392,24.892105],[103.497243,24.832965],[103.648445,24.88083],[103.666565,24.724184],[103.753263,24.761456],[103.760372,24.692019],[103.789243,24.732712],[103.994545,24.620999],[103.97183,24.590677],[104.056967,24.421211],[104.176784,24.455155],[104.246317,24.354843],[104.415985,24.383756],[104.419106,24.422269],[104.553142,24.453771],[104.475287,24.645137],[104.53979,24.813895],[104.713014,24.996199],[104.619553,25.060688],[104.670965,25.066843],[104.745959,25.213266],[104.80474,25.161645],[104.827975,25.237127],[104.640967,25.294859],[104.645822,25.356766],[104.567794,25.402892],[104.556957,25.524142],[104.418673,25.499369],[104.421707,25.58464],[104.311687,25.647123],[104.328853,25.760477],[104.373069,25.731564],[104.430897,25.82166],[104.456733,26.072101],[104.526699,26.100368],[104.542044,26.253146],[104.680502,26.364154],[104.664896,26.434951],[104.556523,26.590407],[104.463496,26.595764],[104.421274,26.712032],[104.348794,26.619506],[104.121037,26.63781],[104.071966,26.519146],[103.865624,26.512265],[103.748408,26.624222],[103.773377,26.716904],[103.70792,26.829858],[103.774071,26.866952],[103.775111,26.950908],[103.705146,27.049136],[103.425284,27.004454],[103.384795,26.734393]]],[[[103.390431,26.73591],[103.384795,26.734393],[103.394332,26.731439],[103.390431,26.73591]]]]}},{"type":"Feature","properties":{"adcode":"530400","name":"玉溪市"},"geometry":{"type":"MultiPolygon","coordinates":[[[[102.226853,24.910676],[102.124635,24.952351],[102.077645,24.866959],[102.005078,24.872394],[101.943956,24.766247],[101.948291,24.587994],[101.904075,24.583115],[101.947251,24.462724],[102.012448,24.471594],[102.028747,24.390026],[101.970833,24.271813],[101.815989,24.242712],[101.668082,24.376019],[101.514366,24.220453],[101.413276,24.401996],[101.277073,24.292678],[101.533006,23.917988],[101.400878,23.826496],[101.412582,23.746726],[101.459573,23.727083],[101.531186,23.781995],[101.568813,23.739278],[101.535087,23.687787],[101.619011,23.632508],[101.687676,23.670346],[101.667389,23.606375],[101.782437,23.46735],[101.747238,23.394828],[101.873904,23.326946],[101.906502,23.360522],[102.130011,23.32358],[102.187578,23.428304],[102.319273,23.413782],[102.360715,23.481292],[102.225379,23.691963],[102.159922,23.696875],[102.186018,23.763748],[102.136253,23.830668],[102.283207,23.925916],[102.224945,24.008027],[102.311644,24.034814],[102.295865,24.081024],[102.625925,24.038733],[102.674129,23.9242],[102.829493,24.046735],[102.884806,23.993814],[102.9396,24.057268],[103.015894,24.033262],[103.137012,24.170949],[103.138572,24.301397],[103.067566,24.411685],[103.111002,24.565877],[103.052741,24.555631],[103.0328,24.641236],[103.07693,24.754311],[103.016501,24.796364],[103.017801,24.897133],[102.925554,24.846434],[102.914977,24.768439],[102.840243,24.748465],[102.775393,24.497307],[102.69537,24.462479],[102.599395,24.53481],[102.453222,24.513904],[102.311557,24.386117],[102.197809,24.509348],[102.296038,24.591652],[102.296471,24.849598],[102.263093,24.91992],[102.226853,24.910676]]]]}},{"type":"Feature","properties":{"adcode":"530500","name":"保山市"},"geometry":{"type":"MultiPolygon","coordinates":[[[[98.888014,25.634791],[98.870328,25.550684],[98.766897,25.555524],[98.728749,25.833893],[98.640751,25.7988],[98.528996,25.840733],[98.382303,25.595366],[98.326729,25.566333],[98.194774,25.613024],[98.131571,25.510263],[98.151685,25.407415],[98.10114,25.388434],[98.125242,25.28249],[98.192607,25.245133],[98.179515,25.140522],[98.269595,25.084416],[98.235783,24.930542],[98.317799,24.957701],[98.362796,24.89762],[98.512004,24.901837],[98.55596,24.827447],[98.432068,24.776963],[98.452008,24.674552],[98.415422,24.648388],[98.475677,24.553354],[98.691122,24.563438],[98.726235,24.206101],[98.683233,24.133828],[98.716525,24.127626],[98.855329,24.130727],[99.091148,24.236108],[99.302605,24.448969],[99.36104,24.242223],[99.459703,24.241244],[99.636307,24.451655],[99.677316,24.448806],[99.668125,24.569536],[99.726127,24.670165],[99.807103,24.699168],[99.770343,24.778505],[99.837967,24.829313],[99.844383,24.93265],[100.04665,25.052669],[99.895622,25.190371],[99.693615,25.05113],[99.506346,25.118908],[99.285179,25.365492],[99.285786,25.423809],[99.335377,25.407415],[99.325927,25.496141],[99.252407,25.54649],[99.088461,25.466923],[99.056296,25.564478],[99.002543,25.561171],[99.010952,25.629067],[98.888014,25.634791]]]]}},{"type":"Feature","properties":{"adcode":"530600","name":"昭通市"},"geometry":{"type":"MultiPolygon","coordinates":[[[[103.054562,26.541864],[103.072595,26.610713],[103.210445,26.626061],[103.26862,26.728165],[103.401181,26.707799],[103.36867,26.774712],[103.439415,26.949314],[103.418174,26.996727],[103.596166,26.987644],[103.601454,27.062195],[103.659802,27.065778],[103.620441,27.096745],[103.903338,27.349737],[103.932469,27.443964],[104.174184,27.263059],[104.250391,27.291509],[104.353129,27.466894],[104.497655,27.411585],[104.594757,27.311292],[104.808989,27.35474],[104.871238,27.290873],[105.070384,27.419046],[105.184739,27.392455],[105.304296,27.611897],[105.273865,27.795235],[105.31418,27.819435],[105.24118,27.830822],[105.232683,27.892952],[105.27083,27.995792],[105.184392,27.996424],[105.185519,28.056802],[105.059113,28.09814],[104.976316,28.060116],[104.887017,27.913022],[104.580885,27.842049],[104.298769,28.043861],[104.433758,28.113913],[104.444682,28.162087],[104.406362,28.173358],[104.460808,28.24435],[104.384774,28.330091],[104.313941,28.306635],[104.278395,28.346617],[104.248311,28.528392],[104.417286,28.598047],[104.404888,28.640666],[104.314895,28.615631],[104.252645,28.660674],[103.942526,28.603071],[103.851146,28.667107],[103.783694,28.526585],[103.875595,28.32222],[103.721272,28.201965],[103.649485,28.25703],[103.573191,28.230959],[103.430832,28.04465],[103.541719,27.966419],[103.489527,27.79745],[103.111609,27.401028],[102.962488,27.389914],[102.882119,27.293337],[102.896597,26.91137],[102.991705,26.774632],[103.054562,26.541864]]]]}},{"type":"Feature","properties":{"adcode":"530700","name":"丽江市"},"geometry":{"type":"MultiPolygon","coordinates":[[[[100.909905,26.166912],[101.12431,26.338355],[101.468156,26.420138],[101.396023,26.592006],[101.452117,26.60096],[101.512632,26.769683],[101.460613,26.786605],[101.389694,26.723213],[101.357789,26.770641],[101.399317,26.841905],[101.137402,27.022377],[101.170347,27.175121],[101.04238,27.221643],[101.020272,27.344495],[100.936782,27.469194],[100.901322,27.453406],[100.912073,27.521699],[100.836472,27.681675],[100.789048,27.684367],[100.709459,27.798557],[100.681282,27.922266],[100.559904,27.824101],[100.443208,27.866239],[100.374717,27.754573],[100.299463,27.736135],[100.177218,27.471495],[100.239554,27.316059],[100.062603,27.157302],[100.057054,26.960233],[99.974084,26.867191],[99.896142,27.074934],[99.660149,27.289364],[99.551256,27.563716],[99.410978,27.475541],[99.440976,27.346878],[99.383408,27.213692],[99.440369,27.040137],[99.559059,26.899888],[99.599287,26.728564],[99.703498,26.624142],[100.053673,26.594964],[100.056187,26.643724],[100.110634,26.603199],[100.241982,26.695897],[100.242849,26.641486],[100.345586,26.624142],[100.450838,26.536265],[100.469998,26.484419],[100.426649,26.474815],[100.49384,26.413732],[100.405581,26.314955],[100.423268,26.143397],[100.491759,26.112973],[100.51985,26.013217],[100.669057,25.998592],[100.647383,26.095229],[100.770668,26.186651],[100.909905,26.166912]]]]}},{"type":"Feature","properties":{"adcode":"530800","name":"普洱市"},"geometry":{"type":"MultiPolygon","coordinates":[[[[101.277073,24.292678],[101.084516,24.448318],[100.943718,24.729057],[100.817312,24.732874],[100.643742,24.82201],[100.565366,24.703879],[100.442081,24.732549],[100.423181,24.671546],[100.546379,24.476396],[100.497828,24.088534],[100.36674,24.051144],[100.414858,23.915945],[100.360758,23.766121],[100.436533,23.661829],[100.36466,23.612847],[100.186841,23.611864],[100.043009,23.217869],[99.885305,23.255498],[99.799213,23.198722],[99.667519,23.248351],[99.613939,23.188367],[99.638995,23.149897],[99.503225,23.106565],[99.563307,22.925601],[99.531489,22.897106],[99.446785,22.934742],[99.462911,22.844793],[99.326794,22.751569],[99.381414,22.50324],[99.25154,22.393417],[99.276683,22.36233],[99.169697,22.14635],[99.354711,22.095659],[99.487273,22.128627],[99.648792,22.100546],[99.690407,22.04528],[99.972437,22.052987],[100.093121,22.241721],[100.174097,22.2399],[100.203921,22.292525],[100.371422,22.261664],[100.414251,22.43739],[100.617299,22.454744],[100.758097,22.571124],[100.845489,22.583177],[100.901756,22.525955],[101.028162,22.590194],[101.308197,22.53347],[101.445874,22.584333],[101.551906,22.3295],[101.647968,22.33165],[101.677966,22.477218],[101.764577,22.506379],[101.86272,22.389201],[102.046434,22.457884],[102.14527,22.397799],[102.270202,22.419621],[102.322568,22.554032],[102.276878,22.611986],[102.078685,22.656219],[102.012535,22.776716],[101.894451,22.795675],[101.800297,22.876513],[101.879279,23.015908],[102.015222,22.988666],[102.069149,23.096449],[101.971179,23.171846],[101.83463,23.164366],[101.823532,23.243339],[101.892197,23.291063],[101.747238,23.394828],[101.788333,23.440692],[101.667649,23.625053],[101.709784,23.654868],[101.619011,23.632508],[101.535087,23.687787],[101.548525,23.771112],[101.430355,23.718569],[101.422726,23.808665],[101.533006,23.917988],[101.409634,24.040203],[101.277073,24.292678]]]]}},{"type":"Feature","properties":{"adcode":"530900","name":"临沧市"},"geometry":{"type":"MultiPolygon","coordinates":[[[[100.408182,24.707291],[100.321484,24.758046],[100.190049,24.738965],[100.126673,24.663421],[100.094768,24.712002],[100.210077,24.96678],[100.101184,24.988258],[100.060695,24.947325],[100.014745,25.016538],[99.922325,24.993849],[99.851839,24.949351],[99.837967,24.829313],[99.771123,24.786542],[99.807103,24.699168],[99.645237,24.579782],[99.677316,24.448806],[99.636307,24.451655],[99.459703,24.241244],[99.36104,24.242223],[99.331389,24.417466],[99.266366,24.442376],[99.151143,24.281594],[98.909255,24.181634],[98.899892,24.108939],[98.673176,23.960646],[98.668841,23.80073],[98.78623,23.781422],[98.881945,23.619974],[98.803743,23.540569],[98.825851,23.470056],[98.871802,23.484572],[98.91255,23.426335],[98.920613,23.353873],[98.872842,23.32982],[98.936912,23.310114],[98.890442,23.176449],[99.057509,23.164448],[99.048406,23.114706],[99.106494,23.086579],[99.32532,23.111006],[99.513976,23.073172],[99.503225,23.106565],[99.6168,23.14924],[99.661623,23.230934],[100.082717,23.246708],[100.186841,23.611864],[100.36466,23.612847],[100.436533,23.661829],[100.34784,23.751063],[100.359978,23.861744],[100.414858,23.915945],[100.36674,24.051144],[100.480142,24.075718],[100.521844,24.157815],[100.507712,24.422025],[100.540917,24.462968],[100.408182,24.707291]]]]}},{"type":"Feature","properties":{"adcode":"532300","name":"楚雄彝族自治州"},"geometry":{"type":"MultiPolygon","coordinates":[[[[102.226853,24.910676],[102.246013,24.964429],[102.171106,25.053074],[102.187665,25.083688],[102.342508,25.059149],[102.413428,25.250794],[102.358374,25.370824],[102.435275,25.381487],[102.479058,25.453038],[102.451401,25.581818],[102.36583,25.638015],[102.377534,25.828179],[102.322308,25.888041],[102.353519,26.060937],[102.236476,26.185127],[102.084321,26.065194],[101.922888,26.107995],[101.858038,26.04937],[101.735707,26.219944],[101.630368,26.224837],[101.586239,26.279686],[101.660626,26.346849],[101.50691,26.499703],[101.458706,26.495462],[101.468156,26.420138],[101.12431,26.338355],[100.931493,26.20366],[100.940943,26.029849],[100.904443,25.992564],[100.962098,25.945942],[100.889618,25.822545],[100.973455,25.745095],[100.933401,25.699826],[101.001459,25.587866],[100.941464,25.473623],[101.027035,25.37042],[100.969467,25.324766],[100.988107,25.266563],[100.818525,25.271252],[100.819826,25.192636],[100.750901,25.148292],[100.7685,24.748384],[100.943718,24.729057],[101.044288,24.504955],[101.253924,24.296345],[101.36091,24.342461],[101.39611,24.421862],[101.449082,24.385873],[101.48983,24.225998],[101.577656,24.243609],[101.650742,24.366572],[101.827174,24.305309],[101.815989,24.242712],[101.904942,24.25119],[102.000483,24.294634],[102.031868,24.36592],[101.891764,24.568479],[101.953146,24.680646],[101.943956,24.766247],[102.005078,24.872394],[102.161135,24.932894],[102.226853,24.910676]]]]}},{"type":"Feature","properties":{"adcode":"532500","name":"红河哈尼族彝族自治州"},"geometry":{"type":"MultiPolygon","coordinates":[[[[103.109095,24.506989],[103.067566,24.411685],[103.151143,24.215316],[103.033407,24.050165],[102.96691,24.067636],[102.856889,23.987524],[102.747129,24.018154],[102.658437,23.91006],[102.6111,24.025912],[102.491456,24.064942],[102.318753,24.096125],[102.331671,24.044776],[102.230841,24.023381],[102.265173,23.927551],[102.136253,23.830668],[102.186018,23.763748],[102.159922,23.696875],[102.292397,23.6262],[102.360715,23.481292],[102.319273,23.413782],[102.187578,23.428304],[102.130011,23.32358],[101.874858,23.338112],[101.827694,23.176367],[101.950459,23.175052],[102.069149,23.096449],[102.015222,22.988666],[101.879279,23.015908],[101.800297,22.876513],[101.874251,22.800951],[102.012535,22.776716],[102.078685,22.656219],[102.322568,22.554032],[102.498132,22.777787],[102.85897,22.607281],[102.924254,22.503654],[103.071988,22.445324],[103.321419,22.778035],[103.441063,22.752971],[103.508947,22.601008],[103.643416,22.794604],[103.9642,22.502827],[104.008243,22.5172],[104.04535,22.728151],[104.257934,22.87297],[104.190223,22.844134],[104.137077,22.898918],[103.989863,22.709099],[103.896836,22.699201],[103.885998,22.818835],[103.958045,23.00595],[103.908713,23.199462],[103.936717,23.253115],[103.830251,23.351329],[103.80034,23.491296],[103.731849,23.494248],[103.737918,23.538602],[103.65356,23.505891],[103.595646,23.539995],[103.662577,23.653066],[103.630759,23.747872],[103.660756,23.865995],[103.707833,23.889378],[103.574925,24.086248],[103.639168,24.172091],[103.773551,24.203899],[103.863717,24.359567],[104.020728,24.453934],[104.038674,24.5257],[103.969229,24.658952],[103.813085,24.728732],[103.760372,24.692019],[103.719538,24.714601],[103.753263,24.761456],[103.675582,24.738234],[103.562787,24.555631],[103.474962,24.499097],[103.460656,24.558233],[103.288734,24.656839],[103.263071,24.552703],[103.109095,24.506989]]],[[[103.053261,24.03661],[103.037829,24.04053],[103.035921,24.023054],[103.053261,24.03661]]]]}},{"type":"Feature","properties":{"adcode":"532600","name":"文山壮族苗族自治州"},"geometry":{"type":"MultiPolygon","coordinates":[[[[104.567014,24.472652],[104.288365,24.35191],[104.215972,24.358345],[104.196812,24.437736],[103.968275,24.440666],[103.773551,24.203899],[103.639168,24.172091],[103.574925,24.086248],[103.707833,23.889378],[103.660756,23.865995],[103.595646,23.539995],[103.65356,23.505891],[103.737918,23.538602],[103.731849,23.494248],[103.80034,23.491296],[103.815686,23.338358],[103.936717,23.253115],[103.908713,23.199462],[103.958045,23.00595],[103.885998,22.818835],[103.896836,22.699201],[103.989863,22.709099],[104.043442,22.839602],[104.137077,22.898918],[104.190223,22.844134],[104.257934,22.87297],[104.272066,22.738541],[104.376017,22.690127],[104.595451,22.846276],[104.614871,22.813149],[104.737723,22.826005],[104.846269,22.926342],[104.80448,23.110019],[104.886584,23.168805],[104.948833,23.152199],[105.093186,23.261084],[105.238145,23.264287],[105.325537,23.390068],[105.54263,23.184257],[105.526417,23.234549],[105.593261,23.312578],[105.700594,23.328424],[105.668862,23.387935],[105.813822,23.502202],[105.892024,23.52483],[105.997362,23.474075],[106.120561,23.559257],[106.13686,23.795412],[106.19226,23.824779],[105.998316,24.124199],[105.796482,24.023707],[105.790413,24.069841],[105.675365,24.03808],[105.595256,24.137826],[105.504743,24.044367],[105.413016,24.038978],[105.318948,24.117181],[105.260167,24.061268],[105.181878,24.132849],[105.243087,24.206754],[105.168353,24.277682],[105.19679,24.326982],[105.108965,24.412336],[104.752808,24.455236],[104.683709,24.330648],[104.567014,24.472652]]]]}},{"type":"Feature","properties":{"adcode":"532800","name":"西双版纳傣族自治州"},"geometry":{"type":"MultiPolygon","coordinates":[[[[101.647968,22.33165],[101.551906,22.3295],[101.445874,22.584333],[101.308197,22.53347],[101.028162,22.590194],[100.923257,22.528763],[100.809942,22.594487],[100.617299,22.454744],[100.414251,22.43739],[100.346106,22.243127],[100.203921,22.292525],[100.174097,22.2399],[100.10838,22.24652],[99.958912,22.037241],[99.992724,21.986427],[99.944173,21.821344],[99.983621,21.716387],[100.169155,21.664047],[100.108553,21.583754],[100.126933,21.508242],[100.229757,21.471969],[100.423181,21.540514],[100.557997,21.450583],[100.730613,21.518723],[100.871411,21.672605],[101.123357,21.771864],[101.145205,21.561304],[101.210315,21.508991],[101.195056,21.425116],[101.142864,21.409135],[101.290251,21.178291],[101.532659,21.25239],[101.740735,21.141769],[101.83541,21.208052],[101.730332,21.336947],[101.755127,21.584918],[101.828474,21.61709],[101.771166,21.660391],[101.777062,21.826905],[101.703975,21.929043],[101.60644,21.967855],[101.602972,22.132023],[101.547658,22.231127],[101.647968,22.33165]]]]}},{"type":"Feature","properties":{"adcode":"532900","name":"大理白族自治州"},"geometry":{"type":"MultiPolygon","coordinates":[[[[98.888014,25.634791],[99.010952,25.629067],[99.002543,25.561171],[99.056296,25.564478],[99.088461,25.466923],[99.252407,25.54649],[99.329915,25.514137],[99.353064,25.459657],[99.345261,25.412341],[99.285786,25.423809],[99.305033,25.345454],[99.506346,25.118908],[99.693615,25.05113],[99.825223,25.087251],[99.928567,25.204286],[100.04665,25.052669],[100.025409,24.953648],[100.210077,24.96678],[100.098409,24.667077],[100.294521,24.757478],[100.565366,24.703879],[100.643742,24.82201],[100.747433,24.784188],[100.758097,24.933785],[100.720556,24.973669],[100.780291,25.005113],[100.750901,25.148292],[100.818525,25.271252],[100.981085,25.250552],[100.960971,25.301569],[101.034924,25.348363],[101.035618,25.403296],[100.941464,25.473623],[100.957156,25.560041],[101.002066,25.562058],[100.933401,25.699826],[100.965566,25.728504],[100.889618,25.822545],[100.962098,25.945942],[100.904443,25.992564],[100.940943,26.029849],[100.919529,26.151744],[100.788701,26.183923],[100.647383,26.095229],[100.669057,25.998592],[100.491499,26.015467],[100.469131,26.136414],[100.423268,26.143397],[100.405581,26.314955],[100.494447,26.395634],[100.426649,26.474815],[100.469998,26.484419],[100.357897,26.612232],[100.242849,26.641486],[100.241982,26.695897],[100.157277,26.617428],[100.080723,26.638209],[100.016219,26.582731],[99.913915,26.641086],[99.703498,26.624142],[99.663617,26.675446],[99.490827,26.571056],[99.520998,26.448641],[99.301738,26.273192],[99.311449,26.240075],[99.201515,26.19652],[99.203336,26.11771],[99.025344,26.131919],[99.008785,25.959609],[99.056902,25.967809],[99.137185,25.784471],[99.026298,25.818038],[99.021529,25.730437],[98.869201,25.776661],[98.888014,25.634791]]]]}},{"type":"Feature","properties":{"adcode":"533100","name":"德宏傣族景颇族自治州"},"geometry":{"type":"MultiPolygon","coordinates":[[[[98.089436,25.33608],[97.948464,25.219818],[97.839658,25.270605],[97.718541,25.012406],[97.729725,24.908568],[97.797696,24.845947],[97.547311,24.738883],[97.529972,24.441887],[97.669816,24.452794],[97.714466,24.374227],[97.665221,24.296345],[97.749579,24.282735],[97.730592,24.111877],[97.529538,23.942669],[97.647014,23.841054],[97.902168,24.014234],[98.110504,24.092697],[98.709502,24.121261],[98.724848,24.365431],[98.684793,24.444899],[98.726929,24.488276],[98.659737,24.564576],[98.504547,24.55254],[98.414815,24.63636],[98.452008,24.674552],[98.42097,24.762837],[98.546076,24.799529],[98.533678,24.891699],[98.445333,24.874585],[98.32933,24.945703],[98.251562,24.918136],[98.225032,25.006491],[98.269595,25.084416],[98.167725,25.171761],[98.192607,25.245133],[98.089436,25.33608]]]]}},{"type":"Feature","properties":{"adcode":"533300","name":"怒江傈僳族自治州"},"geometry":{"type":"MultiPolygon","coordinates":[[[[99.64333,26.677124],[99.559059,26.899888],[99.459529,26.96103],[99.374738,26.908739],[99.297317,27.066972],[99.257349,27.075013],[99.231253,26.9886],[99.000202,26.996249],[98.967256,27.196277],[99.007744,27.295005],[98.902319,27.397456],[98.918619,27.631385],[98.838596,27.705742],[98.860964,27.796105],[98.785363,27.913496],[98.780421,28.053567],[98.650201,28.200232],[98.389325,28.114623],[98.353346,28.292937],[98.281213,28.393978],[98.234916,28.370064],[98.207432,28.330406],[98.265,28.239939],[98.169025,28.204329],[98.132438,27.98316],[98.205178,27.889633],[98.169372,27.850903],[98.245666,27.735027],[98.221217,27.710808],[98.317452,27.519558],[98.40181,27.540172],[98.429987,27.653721],[98.556566,27.645801],[98.586737,27.584956],[98.685834,27.563557],[98.7408,27.330278],[98.712623,27.075809],[98.765596,27.050968],[98.73083,26.851318],[98.781462,26.620705],[98.672916,26.239995],[98.735512,26.183362],[98.662165,26.087199],[98.654709,26.140748],[98.575293,26.11787],[98.614394,25.968773],[98.728749,25.833893],[98.752851,25.581657],[98.870328,25.550684],[98.864692,25.756772],[98.907174,25.780365],[99.000809,25.725201],[99.026298,25.818038],[99.137185,25.784471],[99.06826,25.955911],[99.002716,26.00494],[99.006444,26.113455],[99.100252,26.151664],[99.197094,26.107112],[99.15912,26.160492],[99.512242,26.425743],[99.490827,26.571056],[99.64333,26.677124]]]]}},{"type":"Feature","properties":{"adcode":"533400","name":"迪庆藏族自治州"},"geometry":{"type":"MultiPolygon","coordinates":[[[[100.299463,27.736135],[100.294868,27.869559],[100.169935,27.90765],[100.196205,27.937354],[100.039714,28.13063],[100.033299,28.184629],[100.188402,28.252777],[100.147567,28.288764],[100.172623,28.321118],[100.054193,28.376594],[100.060956,28.447686],[99.733149,28.7195],[99.717804,28.846293],[99.625557,28.814648],[99.615846,28.742158],[99.531662,28.679972],[99.540766,28.623558],[99.394592,28.52415],[99.426497,28.45256],[99.402395,28.150735],[99.174465,28.403416],[99.183742,28.588941],[99.104326,28.814257],[99.119152,29.198901],[98.976446,29.20452],[98.961101,29.16955],[99.015374,29.042448],[98.926075,28.978486],[98.917318,28.887949],[98.972198,28.834467],[98.851948,28.798587],[98.785623,28.987637],[98.655836,28.976843],[98.681672,28.730869],[98.59428,28.682796],[98.62974,28.487143],[98.753632,28.336938],[98.68488,28.1892],[98.793946,28.025867],[98.792299,27.879596],[98.869981,27.76739],[98.834261,27.724739],[98.918619,27.631385],[98.92226,27.364269],[99.007744,27.295005],[98.967256,27.196277],[99.000202,26.996249],[99.211225,26.982067],[99.297317,27.066972],[99.374738,26.908739],[99.415487,26.972903],[99.492908,26.961826],[99.383408,27.213692],[99.417914,27.22856],[99.410978,27.475541],[99.551256,27.563716],[99.660149,27.289364],[99.896142,27.074934],[99.96472,26.892153],[100.034166,26.900845],[100.062603,27.157302],[100.239554,27.316059],[100.188749,27.50235],[100.299463,27.736135]]]]}},{"type":"Feature","properties":{"adcode":"540100","name":"拉萨市"},"geometry":{"type":"MultiPolygon","coordinates":[[[[90.349226,29.307363],[90.443921,29.237942],[90.522039,29.247933],[90.708734,29.337905],[90.98225,29.379405],[91.217018,29.527182],[91.377812,29.489493],[91.547723,29.575407],[91.633093,29.575505],[91.648634,29.524913],[91.893555,29.576984],[92.12853,29.52294],[92.234621,29.549768],[92.384848,29.626467],[92.393965,29.823072],[92.292433,29.790315],[92.177224,29.874399],[92.177224,29.948099],[92.364749,29.975895],[92.438515,30.073068],[92.554552,30.096905],[92.616715,30.219335],[92.295334,30.267716],[92.237315,30.315682],[92.172873,30.213359],[91.959862,30.185532],[91.859366,30.284849],[91.844447,30.414182],[91.791608,30.463738],[91.903916,30.51444],[91.878429,30.558672],[91.755554,30.653417],[91.738563,30.728288],[91.57321,30.65566],[91.428578,30.705189],[91.342172,31.032728],[91.115278,31.040402],[91.161278,30.963052],[91.107611,30.89352],[91.007115,30.922408],[90.940394,31.013298],[90.756185,31.012423],[90.596841,30.572534],[90.626265,30.458363],[90.450344,30.384848],[90.370983,30.280933],[90.251424,30.283087],[90.069908,29.953207],[89.836177,29.948001],[89.87306,29.764337],[89.771113,29.592068],[89.815248,29.528661],[89.772356,29.481894],[89.78914,29.422368],[89.944754,29.335929],[90.349226,29.307363]]]]}},{"type":"Feature","properties":{"adcode":"540200","name":"日喀则市"},"geometry":{"type":"MultiPolygon","coordinates":[[[[89.899168,29.975305],[89.776915,30.18514],[89.718689,30.159854],[89.684914,30.222959],[89.432326,30.259197],[89.368299,30.229131],[89.165234,30.29454],[89.010449,30.260764],[88.949115,30.196017],[88.646175,30.220608],[88.538841,30.0662],[88.475228,30.069144],[88.469011,30.198761],[88.341785,30.26047],[88.214973,30.218747],[88.082152,30.376144],[87.860853,30.393062],[87.748338,30.332122],[87.527661,30.395996],[87.531598,30.477906],[87.472957,30.551546],[87.181207,30.549691],[87.101224,30.935537],[87.008187,30.805243],[86.88697,30.739007],[86.976692,30.919977],[86.81942,30.895563],[86.735708,30.831335],[86.808438,30.702947],[86.765338,30.68462],[86.820042,30.648443],[86.87143,30.64893],[86.861069,30.726534],[86.897952,30.729067],[86.853402,30.595566],[86.923646,30.609617],[86.943745,30.53319],[86.727005,30.550179],[86.677275,30.52694],[86.718924,30.451815],[86.556265,30.444779],[86.60786,30.408805],[86.581751,30.391009],[86.532643,30.4824],[86.429453,30.481227],[86.424272,30.700803],[86.31756,30.925423],[86.194685,31.003872],[86.067458,30.897119],[86.090251,30.868515],[85.993278,30.744561],[85.82088,30.781968],[85.795393,30.738617],[85.83124,30.689007],[85.710644,30.64025],[85.868745,30.59381],[85.885529,30.39805],[85.934223,30.343178],[85.860664,30.349733],[85.762032,30.268793],[85.848231,30.148091],[85.842844,30.108576],[85.772186,30.142797],[85.782546,30.011143],[85.666716,29.969217],[85.696554,29.900348],[85.545706,29.870664],[85.591085,29.777425],[85.442516,29.855622],[85.379524,29.712953],[85.18309,29.692471],[84.855493,29.982376],[84.736762,29.999559],[84.708581,30.249698],[84.620725,30.297673],[84.572652,30.406067],[84.452264,30.443117],[84.498679,30.541294],[84.471327,30.621423],[84.601454,30.799693],[84.774474,30.93048],[84.632743,31.055456],[84.595445,31.27188],[84.209,31.36863],[84.207757,31.411115],[84.421183,31.498926],[84.502616,31.477561],[84.668383,31.648633],[84.479823,31.696585],[84.398182,31.804458],[84.349695,31.780754],[84.388443,31.636858],[84.302866,31.611084],[84.291055,31.657415],[84.211487,31.67266],[84.109126,31.607125],[84.056287,31.640815],[83.827529,31.569559],[83.534328,31.583854],[83.395705,31.60587],[83.306812,31.729182],[83.266614,31.652107],[83.14436,31.682115],[83.047179,31.607029],[82.913944,31.632611],[82.986053,31.579894],[82.8207,31.578252],[82.949377,31.491482],[82.992476,31.258895],[82.966161,31.173479],[82.84888,31.161353],[82.801222,31.018836],[83.044071,30.81128],[83.147261,30.804854],[83.144775,30.609227],[83.069765,30.505942],[82.949791,30.539634],[82.954142,30.637421],[82.826087,30.691932],[82.774699,30.793266],[82.709636,30.79609],[82.642914,30.742709],[82.657212,30.608056],[82.611211,30.528112],[82.667365,30.420048],[82.585103,30.354331],[82.466994,30.425523],[82.470517,30.383674],[82.429282,30.381914],[82.322776,30.433538],[82.271596,30.310984],[82.143541,30.200035],[82.209433,30.151032],[82.174415,30.081897],[82.535373,29.960083],[82.643536,29.868697],[82.623851,29.834579],[82.731186,29.825826],[82.701762,29.784411],[82.830646,29.687547],[82.946683,29.708916],[83.088828,29.604784],[83.266614,29.571167],[83.275938,29.505971],[83.415804,29.420294],[83.548832,29.201234],[83.655752,29.167285],[83.91725,29.324563],[84.095035,29.29461],[84.202784,29.240118],[84.171288,29.194604],[84.194496,29.044759],[84.248785,29.030585],[84.223712,28.90601],[84.408336,28.853994],[84.483138,28.735072],[84.651185,28.714493],[84.698221,28.633429],[84.85715,28.567736],[84.961584,28.581376],[85.0569,28.674516],[85.136261,28.66805],[85.196144,28.617209],[85.189928,28.544834],[85.108495,28.461247],[85.113468,28.344774],[85.379524,28.274409],[85.526021,28.324617],[85.602689,28.295773],[85.601445,28.254039],[85.716653,28.380088],[85.753537,28.227772],[85.838285,28.181815],[85.980223,27.986978],[85.949349,27.937413],[86.002395,27.907362],[86.103306,27.919483],[86.086522,28.089942],[86.191162,28.166925],[86.221,27.996388],[86.415155,27.904557],[86.518345,27.960446],[86.569112,28.103143],[86.611382,28.069937],[86.700275,28.101543],[87.228036,27.813149],[87.581121,27.859564],[87.598112,27.814452],[87.727825,27.80292],[87.826456,27.927998],[88.137684,27.878505],[88.1439,27.955139],[88.401047,27.976767],[88.645139,28.111343],[88.676013,28.068137],[88.764077,28.068337],[88.845096,27.996188],[88.888402,27.846634],[88.78314,27.467169],[88.975845,27.217227],[89.153008,27.318903],[89.165648,27.391198],[89.095611,27.471594],[89.163369,27.574544],[89.128972,27.611217],[89.239,27.796803],[89.36892,27.869987],[89.510858,28.086141],[89.609697,28.163127],[89.77878,28.197303],[89.789762,28.241056],[90.046079,28.136938],[90.18781,28.165526],[90.229252,28.347966],[90.088764,28.39455],[90.121503,28.566641],[90.063692,28.617806],[90.22345,28.801255],[90.182837,28.965737],[90.246451,29.054075],[90.245207,29.170651],[90.349226,29.307363],[89.944754,29.335929],[89.804266,29.408148],[89.776086,29.498078],[89.818357,29.513568],[89.754743,29.583491],[89.895646,29.746228],[89.845294,29.800153],[89.836177,29.948001],[89.899168,29.975305]]],[[[85.760167,30.951775],[85.826889,30.797161],[85.90107,30.783137],[85.874961,30.862676],[85.944376,30.864914],[85.931736,30.926687],[85.760167,30.951775]]]]}},{"type":"Feature","properties":{"adcode":"540300","name":"昌都市"},"geometry":{"type":"MultiPolygon","coordinates":[[[[98.684832,28.435231],[98.625984,28.489648],[98.594489,28.667752],[98.67903,28.771647],[98.63075,28.972879],[98.766058,29.0059],[98.852671,28.798374],[98.972231,28.834431],[98.917942,28.886954],[98.926023,28.978532],[99.013051,29.03673],[98.962699,29.175304],[99.113755,29.221321],[99.068583,29.297477],[99.052006,29.563969],[98.996681,29.647356],[99.068376,29.931399],[98.981555,30.181514],[98.905924,30.682963],[98.952339,30.769695],[98.780355,30.893325],[98.806049,30.99571],[98.601741,31.19181],[98.640075,31.337553],[98.779941,31.251142],[98.887068,31.374632],[98.553876,31.656546],[98.439289,31.81573],[98.399298,31.895845],[98.427893,31.996467],[98.219647,32.233829],[98.197476,32.360131],[97.940122,32.482431],[97.50229,32.530999],[97.448415,32.587087],[97.346469,32.561771],[97.417956,32.300931],[97.299639,32.294989],[97.293216,32.096692],[97.258197,32.072102],[97.219864,32.10908],[97.234161,32.063456],[97.095124,32.038761],[96.95733,32.062591],[96.942618,31.986564],[96.74722,32.013676],[96.810419,31.892765],[96.766076,31.818909],[96.837149,31.715489],[96.753851,31.673914],[96.691895,31.722239],[96.568191,31.712017],[96.433298,31.799737],[96.368649,31.924523],[96.253648,31.929623],[96.178017,31.775646],[96.253026,31.693691],[96.204954,31.599015],[96.160404,31.601042],[96.148386,31.686456],[95.91942,31.820065],[95.824933,31.682018],[95.736247,31.764081],[95.511632,31.750585],[95.360991,31.959156],[95.431443,31.999256],[95.440145,32.157464],[95.312712,32.148922],[95.241225,32.320477],[95.080223,32.278984],[95.0968,32.322201],[95.261738,32.348064],[95.218432,32.396991],[94.912591,32.415655],[94.785779,32.524404],[94.650264,32.460911],[94.748896,32.308788],[94.650472,32.152857],[94.68922,32.047122],[94.651508,31.846455],[94.752833,31.798003],[94.773554,31.72301],[94.684868,31.638789],[94.751382,31.63985],[94.76568,31.564054],[94.892285,31.53681],[94.886483,31.394955],[94.973096,31.358369],[95.036088,31.159607],[94.772932,31.078956],[94.717607,31.168435],[94.770238,31.335229],[94.618976,31.314893],[94.562615,31.430367],[94.482425,31.350721],[94.298216,31.313149],[94.294694,31.215179],[94.214504,31.098664],[94.305054,30.97773],[94.322252,30.851192],[94.01579,30.872018],[93.963988,30.838442],[93.650274,30.921533],[93.598678,30.870072],[93.702697,30.805146],[93.674724,30.771741],[94.154206,30.486894],[94.322667,30.595664],[94.437254,30.539341],[94.607165,30.549593],[94.595768,30.583563],[94.687976,30.620545],[95.01143,30.558965],[95.087683,30.570874],[95.105917,30.660536],[95.208071,30.614984],[95.267126,30.652734],[95.380055,30.561113],[95.429578,30.60952],[95.698949,30.554963],[95.697499,30.48113],[95.936411,30.245781],[96.0367,30.256749],[96.116268,30.200133],[96.335703,30.321749],[96.426253,30.325566],[96.457542,30.279563],[96.532344,30.303741],[96.631183,30.233636],[96.599687,30.143974],[96.667652,30.128875],[96.4822,29.806842],[96.494218,29.732545],[96.624345,29.639573],[96.626003,29.506366],[96.705985,29.418912],[96.541254,29.356681],[96.668895,29.271373],[96.714067,29.17758],[96.840671,29.172631],[96.889987,29.120847],[96.93806,29.211625],[96.982609,29.202224],[96.977222,29.462056],[97.088493,29.540695],[97.153557,29.446163],[97.29881,29.450507],[97.359523,29.362016],[97.335486,29.320906],[97.418163,29.184707],[97.410289,29.068642],[97.549741,29.10609],[97.541038,29.187379],[97.615219,29.206677],[97.547669,29.281064],[97.744724,29.23161],[97.840248,29.105496],[97.985087,29.135108],[98.039583,29.03336],[98.116665,29.000348],[98.092214,28.960877],[98.147124,28.862135],[98.240576,28.920102],[98.318072,28.806322],[98.453794,28.775721],[98.541029,28.510969],[98.684832,28.435231]]]]}},{"type":"Feature","properties":{"adcode":"540400","name":"林芝市"},"geometry":{"type":"MultiPolygon","coordinates":[[[[94.154206,30.486894],[94.00025,30.297281],[93.878411,30.333002],[93.767139,30.279171],[93.554957,30.290038],[93.408253,30.348363],[93.429596,30.407925],[93.274189,30.49637],[93.148828,30.404601],[93.036728,30.502719],[93.024295,30.584148],[92.918618,30.608349],[92.875726,30.532799],[92.79305,30.527917],[92.750157,30.327229],[92.619201,30.301196],[92.554552,30.096905],[92.438515,30.073068],[92.442866,30.031069],[92.247675,29.936704],[92.191936,29.95085],[92.166864,29.881084],[92.292433,29.790315],[92.356046,29.827891],[92.489074,29.797792],[92.524714,29.714332],[92.474569,29.558052],[92.509795,29.545922],[92.563462,29.6511],[92.658571,29.68932],[92.749743,29.648933],[92.902249,29.706652],[92.975394,29.671492],[93.095989,29.48673],[93.101584,29.334051],[93.025124,29.305386],[92.917375,29.124314],[92.793464,29.063192],[92.74995,28.915835],[92.675355,28.838403],[92.497777,28.867794],[92.439137,28.763697],[92.493633,28.71489],[92.566985,28.803044],[92.851068,28.69729],[92.92069,28.769659],[93.087701,28.723938],[93.346298,28.749087],[93.467722,28.668647],[93.755743,28.688838],[93.881933,28.566143],[93.888771,28.396046],[94.031745,28.362233],[94.1569,28.231768],[94.162909,28.075839],[94.32391,27.893235],[94.35064,27.829592],[94.312514,27.737619],[94.34691,27.729591],[94.233981,27.63211],[94.235017,27.568716],[94.52511,27.596148],[94.885861,27.743137],[95.286603,27.940017],[95.396839,28.142337],[95.832185,28.294874],[96.024682,28.191908],[96.274162,28.228671],[96.295711,28.142536],[96.400145,28.120242],[96.424388,28.160928],[96.682778,27.949731],[96.973699,27.860566],[97.093466,27.737819],[97.251152,27.89043],[97.386253,27.886021],[97.412983,28.013604],[97.312072,28.089442],[97.35082,28.236862],[97.512029,28.315535],[97.506227,28.471413],[97.569633,28.541547],[97.685877,28.519934],[97.800878,28.326713],[97.907798,28.36333],[98.033367,28.187311],[98.118737,28.160928],[98.265026,28.239858],[98.207422,28.330405],[98.301288,28.384377],[98.389352,28.114643],[98.626606,28.165526],[98.712391,28.22947],[98.74658,28.321224],[98.719021,28.388765],[98.541029,28.510969],[98.453794,28.775721],[98.329675,28.78983],[98.240576,28.920102],[98.167224,28.869482],[98.092214,28.960877],[98.116665,29.000348],[98.039583,29.03336],[97.985087,29.135108],[97.857239,29.101533],[97.611903,29.290062],[97.547669,29.281064],[97.615219,29.206677],[97.541038,29.187379],[97.549741,29.10609],[97.410289,29.068642],[97.396613,29.286205],[97.317045,29.411703],[97.153557,29.446163],[97.088493,29.540695],[97.057826,29.482684],[96.982609,29.482486],[96.982609,29.202224],[96.93806,29.211625],[96.916303,29.122333],[96.728571,29.168671],[96.668895,29.271373],[96.541254,29.356681],[96.705985,29.418912],[96.601345,29.5038],[96.645895,29.537243],[96.624345,29.639573],[96.476191,29.780771],[96.665787,30.114166],[96.599687,30.143974],[96.627453,30.205227],[96.559696,30.295226],[96.479091,30.266737],[96.335703,30.321749],[96.116268,30.200133],[96.0367,30.256749],[95.936411,30.245781],[95.870104,30.298945],[95.884609,30.344058],[95.697499,30.48113],[95.698949,30.554963],[95.429578,30.60952],[95.366379,30.550569],[95.323694,30.58327],[95.343586,30.619764],[95.267126,30.652734],[95.208071,30.614984],[95.105917,30.660536],[95.10053,30.582879],[95.01143,30.558965],[94.687976,30.620545],[94.612345,30.60025],[94.607165,30.549593],[94.382136,30.541294],[94.322667,30.595664],[94.154206,30.486894]]]]}},{"type":"Feature","properties":{"adcode":"540500","name":"山南市"},"geometry":{"type":"MultiPolygon","coordinates":[[[[90.349226,29.307363],[90.231946,29.146],[90.178279,28.927841],[90.22345,28.801255],[90.063692,28.617806],[90.121503,28.566641],[90.128341,28.503298],[90.08089,28.473207],[90.108035,28.371311],[90.229252,28.347966],[90.18781,28.165526],[90.293073,28.154831],[90.384245,28.060834],[90.591868,28.021311],[90.701896,28.076039],[90.888591,27.949531],[90.961736,27.953537],[90.964844,27.900549],[91.07798,27.846534],[91.309847,28.057833],[91.465254,28.002695],[91.486597,27.937513],[91.624598,27.869286],[91.544408,27.820368],[91.616517,27.816959],[91.642211,27.766613],[91.571138,27.651191],[91.584814,27.540372],[91.718878,27.46737],[92.010421,27.474712],[92.064917,27.391299],[92.126044,27.273165],[92.032385,27.16822],[92.029692,27.078721],[92.124801,26.960054],[92.109053,26.854815],[92.665616,26.952374],[92.802996,26.895264],[93.111323,26.880198],[93.567804,26.938023],[93.817077,27.025412],[93.849401,27.168623],[94.253459,27.55545],[94.233981,27.63211],[94.341109,27.708917],[94.312514,27.737619],[94.35064,27.829592],[94.292207,27.962949],[94.205594,27.996488],[94.162909,28.075839],[94.1569,28.231768],[94.039205,28.339186],[93.907834,28.374802],[93.881933,28.566143],[93.755743,28.688838],[93.467722,28.668647],[93.346298,28.749087],[93.087701,28.723938],[92.949493,28.768268],[92.804446,28.701467],[92.777302,28.745211],[92.552273,28.803143],[92.493633,28.71489],[92.439137,28.763697],[92.497777,28.867794],[92.654427,28.819235],[92.776059,28.951255],[92.793464,29.063192],[92.917375,29.124314],[93.025124,29.305386],[93.115881,29.358657],[93.083971,29.525011],[92.902249,29.706652],[92.749743,29.648933],[92.658571,29.68932],[92.474569,29.558052],[92.524714,29.714332],[92.503993,29.792971],[92.408677,29.803694],[92.362884,29.753413],[92.387956,29.638587],[92.234621,29.549768],[91.842582,29.58221],[91.692148,29.519783],[91.63185,29.528365],[91.633093,29.575505],[91.547723,29.575407],[91.404956,29.489789],[91.170603,29.505675],[90.98225,29.379405],[90.708734,29.337905],[90.522039,29.247933],[90.443921,29.237942],[90.349226,29.307363]]]]}},{"type":"Feature","properties":{"adcode":"540600","name":"那曲市"},"geometry":{"type":"MultiPolygon","coordinates":[[[[94.759464,32.529374],[94.614624,32.673587],[94.463569,32.572471],[94.404929,32.59874],[94.367217,32.521727],[94.196891,32.516183],[94.154206,32.455363],[93.858726,32.464738],[93.822671,32.547533],[93.721968,32.578108],[93.534444,32.486352],[93.462957,32.556038],[93.385668,32.525168],[93.239792,32.662326],[93.077133,32.627292],[93.02098,32.734449],[92.879041,32.710796],[92.711824,32.753806],[92.636192,32.72043],[92.355839,32.764579],[92.255342,32.720716],[92.198567,32.754759],[92.205819,32.85643],[92.118791,32.876808],[91.956132,32.82052],[91.839681,32.947997],[91.583363,33.037662],[91.535705,33.099985],[91.458831,33.073864],[91.230486,33.142521],[91.148224,33.088778],[90.803636,33.114419],[90.366839,33.281285],[90.246451,33.424087],[90.10762,33.461169],[90.021629,33.54757],[89.981845,33.702762],[89.907249,33.741044],[89.925691,33.809175],[89.794942,33.865486],[89.651346,34.036639],[89.656112,34.096931],[89.815248,34.167779],[89.825609,34.293658],[89.869952,34.330084],[89.799501,34.396247],[89.814212,34.549987],[89.736509,34.713975],[89.867672,34.810555],[89.787482,34.92171],[89.579652,34.894098],[89.59312,35.104254],[89.458642,35.238533],[89.515003,35.265751],[89.505264,35.371481],[89.744176,35.47975],[89.70004,35.53752],[89.749563,35.580497],[89.729878,35.655698],[89.786654,35.83365],[89.427975,35.917427],[89.40456,36.01698],[89.605139,36.038251],[89.688022,36.090945],[89.292667,36.231441],[89.232162,36.295701],[89.127936,36.249636],[88.925907,36.364382],[88.801375,36.336898],[88.782519,36.291772],[88.57303,36.461181],[88.378875,36.483334],[87.570553,36.342378],[87.386966,36.412751],[87.149504,36.297437],[86.996169,36.308675],[86.891736,36.261978],[86.775699,36.296706],[86.190541,36.132616],[86.200072,36.047968],[86.070774,35.840175],[86.28192,35.676145],[86.305749,35.529217],[86.252289,35.484642],[86.279226,35.385254],[86.200072,35.333201],[86.234883,35.160532],[86.112216,34.929239],[86.137495,34.875871],[86.034927,34.715093],[86.054197,34.65711],[85.943755,34.524305],[86.170441,34.38633],[86.1319,34.209979],[86.273631,33.894287],[86.188261,33.653516],[86.25001,33.632186],[86.311343,33.42948],[86.245451,33.323639],[86.020629,33.213116],[86.056476,33.151444],[86.172928,33.158941],[86.069531,32.983094],[86.055233,32.911933],[86.107035,32.866429],[86.074089,32.803561],[85.880349,32.6962],[85.410606,32.595015],[85.271776,32.498113],[85.17646,32.245336],[85.056071,32.100917],[85.16527,31.886701],[85.125486,31.823436],[85.143306,31.658959],[85.283587,31.64207],[85.352173,31.557292],[85.445831,31.576803],[85.444174,31.540192],[85.561454,31.488679],[85.604346,31.361854],[86.168369,31.181432],[86.188676,31.025248],[86.315695,30.953038],[86.424272,30.700803],[86.429453,30.481227],[86.532643,30.4824],[86.571598,30.396974],[86.60786,30.408805],[86.556265,30.444779],[86.718924,30.451815],[86.677275,30.52694],[86.706284,30.547152],[86.780879,30.521471],[86.858168,30.568336],[86.925097,30.51483],[86.93152,30.60347],[86.854024,30.582294],[86.897952,30.729067],[86.861069,30.726534],[86.862312,30.663559],[86.784195,30.664144],[86.736536,30.818874],[86.81942,30.895563],[86.976692,30.919977],[86.88697,30.739007],[87.008187,30.805243],[87.023314,30.893812],[87.101224,30.935537],[87.159036,30.584929],[87.485597,30.534166],[87.577598,30.367145],[87.731347,30.334861],[87.860853,30.393062],[88.082152,30.376144],[88.117792,30.276038],[88.201297,30.224527],[88.341785,30.26047],[88.469011,30.198761],[88.46466,30.085723],[88.51812,30.050305],[88.69404,30.229228],[88.949115,30.196017],[89.010449,30.260764],[89.104521,30.252146],[89.201702,30.311278],[89.399794,30.227563],[89.684914,30.222959],[89.718689,30.159854],[89.813384,30.15662],[89.883835,29.994061],[90.033647,29.938963],[90.117774,30.015561],[90.251424,30.283087],[90.370983,30.280933],[90.654652,30.46921],[90.596841,30.572534],[90.720338,30.949733],[90.797419,31.024179],[90.940394,31.013298],[91.080881,30.881845],[91.144702,30.946427],[91.107819,31.020876],[91.135377,31.050697],[91.347145,31.041373],[91.428578,30.705189],[91.548138,30.651076],[91.738563,30.728288],[91.755554,30.653417],[91.878429,30.558672],[91.903916,30.51444],[91.791608,30.463738],[91.853771,30.430313],[91.859366,30.284849],[91.928159,30.279465],[91.959862,30.185532],[92.172873,30.213359],[92.222396,30.315682],[92.356046,30.251461],[92.616715,30.219335],[92.619201,30.301196],[92.743734,30.323315],[92.783933,30.51903],[92.875726,30.532799],[92.897276,30.60669],[93.024295,30.584148],[93.036728,30.502719],[93.1308,30.412911],[93.274189,30.49637],[93.359352,30.469796],[93.429596,30.407925],[93.408253,30.348363],[93.554957,30.290038],[93.767139,30.279171],[93.858519,30.33036],[94.00025,30.297281],[94.151305,30.48025],[93.79014,30.664827],[93.679904,30.75635],[93.681355,30.852457],[93.614634,30.853333],[93.640535,30.89887],[93.699797,30.931258],[93.855618,30.90422],[93.921096,30.84399],[94.298423,30.847007],[94.344631,30.917059],[94.214504,31.098664],[94.248693,31.191907],[94.294694,31.215179],[94.301532,31.294648],[94.482425,31.350721],[94.562615,31.430367],[94.618976,31.314893],[94.770238,31.335229],[94.717607,31.168435],[94.772932,31.078956],[95.047691,31.187639],[94.947609,31.3786],[94.886483,31.394955],[94.892285,31.53681],[94.782464,31.557678],[94.751382,31.63985],[94.684868,31.638789],[94.766509,31.709991],[94.761536,31.785284],[94.661454,31.828253],[94.688184,32.032803],[94.650472,32.152857],[94.760914,32.341838],[94.650264,32.460911],[94.759464,32.529374]]],[[[86.123612,30.967329],[86.09999,31.057884],[85.940854,31.073616],[85.786276,31.021167],[85.760167,30.951775],[85.931736,30.926687],[85.944376,30.864914],[85.862736,30.86832],[85.90107,30.783137],[85.826889,30.797161],[85.860457,30.751478],[85.980223,30.753135],[86.123612,30.967329]]]]}},{"type":"Feature","properties":{"adcode":"542500","name":"阿里地区"},"geometry":{"type":"MultiPolygon","coordinates":[[[[86.070567,35.860667],[85.968412,35.789705],[85.692824,35.751809],[85.564976,35.641235],[85.251262,35.781152],[84.994737,35.736811],[84.762456,35.624558],[84.447498,35.549604],[84.454129,35.474395],[84.181027,35.360387],[83.923881,35.410851],[83.86006,35.360757],[83.622184,35.335421],[83.24237,35.419813],[83.126748,35.398562],[82.999107,35.484458],[82.967404,35.667396],[82.788582,35.684617],[82.731393,35.637826],[82.468652,35.717392],[82.349299,35.656251],[82.299155,35.5449],[82.043251,35.453066],[82.054648,35.35521],[81.991864,35.305821],[81.853862,35.258623],[81.513211,35.234922],[81.404012,35.341339],[81.207785,35.330981],[81.070819,35.399116],[80.963692,35.311001],[80.689348,35.338935],[80.599833,35.40965],[80.419976,35.442353],[80.324452,35.387102],[80.267884,35.295736],[80.362786,35.20899],[80.285083,35.208805],[80.031044,35.038841],[80.036225,34.902838],[79.926818,34.849267],[79.860926,34.528228],[79.80125,34.4789],[79.038927,34.421687],[79.011161,34.402327],[79.048874,34.348431],[78.983603,34.318474],[78.906106,34.143294],[78.6616,34.086791],[78.762511,33.909436],[78.779916,33.732559],[78.69206,33.676538],[78.713195,33.622841],[78.754844,33.623218],[78.739718,33.578461],[78.847052,33.421343],[79.022351,33.323544],[79.157451,33.178964],[79.163046,33.011999],[79.255461,32.942859],[79.225208,32.784501],[79.302083,32.722147],[79.308299,32.596925],[79.2451,32.513602],[79.135901,32.472102],[79.104613,32.39345],[78.970549,32.332068],[78.782403,32.480614],[78.747799,32.684656],[78.395543,32.530521],[78.504328,32.317411],[78.430769,32.212154],[78.469517,32.127899],[78.509923,32.14729],[78.601302,32.025114],[78.762303,31.94694],[78.653726,31.821799],[78.845809,31.609925],[78.740339,31.532752],[78.729979,31.478238],[78.791934,31.436171],[78.779709,31.317023],[78.923719,31.246781],[78.994792,31.170763],[79.010125,31.04419],[79.097153,30.992114],[79.329435,30.962663],[79.31638,31.017864],[79.404651,31.071577],[79.593212,30.939815],[79.668636,30.980257],[79.912728,30.832893],[79.961422,30.701193],[80.124703,30.558575],[80.308705,30.568824],[80.549481,30.448981],[80.633194,30.458461],[80.817196,30.321358],[81.034351,30.247152],[81.096099,30.05315],[81.225812,30.005548],[81.293155,30.094943],[81.263524,30.142405],[81.393858,30.199349],[81.406705,30.403819],[81.555689,30.369591],[81.566463,30.428944],[81.630077,30.446636],[81.991035,30.322728],[82.083657,30.353255],[82.143541,30.200035],[82.271596,30.310984],[82.273254,30.401765],[82.322776,30.433538],[82.409183,30.408121],[82.413327,30.360298],[82.466994,30.425523],[82.637734,30.364993],[82.642914,30.742709],[82.709636,30.79609],[82.774699,30.793266],[82.826087,30.691932],[82.949791,30.647662],[82.937566,30.55711],[83.052981,30.506626],[83.178964,30.705189],[83.158243,30.789565],[83.044071,30.81128],[82.801222,31.018836],[82.823186,31.154271],[82.966161,31.173479],[82.976521,31.296004],[82.967197,31.477464],[82.8207,31.578252],[82.986053,31.579894],[82.927205,31.626626],[83.047179,31.607029],[83.184145,31.689447],[83.266614,31.652107],[83.306812,31.729182],[83.370011,31.627109],[83.472994,31.588103],[83.761636,31.563667],[84.038053,31.641008],[84.145594,31.619386],[84.185586,31.662143],[84.402119,31.619676],[84.35156,31.754249],[84.378912,31.806771],[84.479823,31.696585],[84.668383,31.648633],[84.620103,31.641491],[84.524165,31.485875],[84.375182,31.487035],[84.207757,31.411115],[84.209,31.36863],[84.595445,31.27188],[84.614716,31.069246],[84.664239,31.066139],[84.680194,30.990268],[84.774474,30.93048],[84.551931,30.742417],[84.471327,30.621423],[84.498679,30.541294],[84.448327,30.465399],[84.572652,30.406067],[84.620725,30.297673],[84.708581,30.249698],[84.764735,29.986598],[84.855493,29.982376],[85.18309,29.692471],[85.312596,29.679372],[85.402525,29.723685],[85.41848,29.845789],[85.591085,29.777425],[85.545706,29.870664],[85.696554,29.900348],[85.68868,29.991213],[85.790834,30.04373],[85.772186,30.142797],[85.855691,30.137797],[85.762447,30.25577],[85.871853,30.362059],[85.930493,30.328208],[85.868745,30.59381],[85.714996,30.621813],[85.737789,30.6776],[85.837042,30.666582],[85.771771,31.008634],[85.855691,31.0708],[86.07326,31.067013],[86.123612,30.967329],[86.194685,31.003872],[86.196342,31.067789],[86.142883,31.192682],[85.604346,31.361854],[85.561454,31.488679],[85.444174,31.540192],[85.445831,31.576803],[85.310524,31.579218],[85.241523,31.655002],[85.118855,31.687035],[85.141234,31.998102],[85.058765,32.07508],[85.17646,32.245336],[85.258514,32.487978],[85.410606,32.595015],[85.880349,32.6962],[86.074089,32.803561],[86.109107,32.858335],[86.062278,32.898513],[86.069531,32.983094],[86.172306,33.140148],[86.019386,33.167198],[86.020629,33.213116],[86.328542,33.421627],[86.268037,33.490578],[86.25001,33.632186],[86.188261,33.653516],[86.273631,33.894287],[86.1319,34.209979],[86.162567,34.404946],[85.951007,34.509173],[85.94852,34.559884],[86.054197,34.65711],[86.055233,34.76037],[86.137495,34.875871],[86.112216,34.929239],[86.234883,35.160532],[86.178108,35.321547],[86.294974,35.375456],[86.250631,35.455928],[86.305749,35.529217],[86.28192,35.676145],[86.070567,35.860667]]]]}},{"type":"Feature","properties":{"adcode":"610100","name":"西安市"},"geometry":{"type":"MultiPolygon","coordinates":[[[[109.754502,34.212239],[109.523622,34.255851],[109.450577,34.326724],[109.391346,34.529138],[109.429106,34.549385],[109.429854,34.713814],[109.365098,34.739285],[109.340749,34.69872],[109.173072,34.691931],[109.138823,34.588823],[108.955201,34.565866],[108.976441,34.44594],[108.692087,34.238987],[108.650125,34.265808],[108.328585,34.195928],[108.027941,34.228144],[107.941944,34.006079],[107.8103,33.995045],[107.71377,33.92736],[107.665821,33.760013],[107.854278,33.694081],[107.90309,33.748947],[108.180191,33.711862],[108.345969,33.793848],[108.584274,33.764536],[108.650067,33.841549],[108.84002,33.815966],[109.051502,33.923169],[109.120576,33.876481],[109.508541,33.848004],[109.603633,33.940982],[109.533235,33.982077],[109.567139,34.064688],[109.822194,34.155742],[109.754502,34.212239]]],[[[109.174166,33.808702],[109.147284,33.799337],[109.154019,33.791103],[109.174166,33.808702]]]]}},{"type":"Feature","properties":{"adcode":"610200","name":"铜川市"},"geometry":{"type":"MultiPolygon","coordinates":[[[[108.868629,35.344653],[108.750627,35.293366],[108.583526,35.043524],[108.689036,34.880707],[108.902302,34.810146],[109.28313,35.084952],[109.444187,35.088848],[109.44482,35.148684],[109.303564,35.246648],[109.476019,35.340215],[109.448389,35.511604],[109.266494,35.519512],[109.20358,35.580137],[109.051559,35.548763],[108.868629,35.344653]]]]}},{"type":"Feature","properties":{"adcode":"610300","name":"宝鸡市"},"geometry":{"type":"MultiPolygon","coordinates":[[[[108.027941,34.228144],[107.990181,34.22212],[107.953744,34.32183],[108.035884,34.315972],[107.980453,34.575866],[108.032143,34.626644],[108.015335,34.726032],[107.951787,34.863332],[107.857961,34.844438],[107.822791,34.953358],[107.778584,34.964664],[107.637731,34.93329],[107.572168,34.971351],[107.524047,34.909871],[107.28672,34.931856],[107.201011,34.881664],[106.990796,35.068495],[106.543542,35.085032],[106.48316,34.980108],[106.578367,34.789006],[106.44137,34.681705],[106.470784,34.65374],[106.323138,34.589863],[106.366137,34.512329],[106.487765,34.523375],[106.717378,34.369234],[106.684107,34.259946],[106.526446,34.291977],[106.496514,34.255129],[106.572265,34.16997],[106.56081,34.113203],[106.501867,34.104918],[106.41092,33.909221],[106.493406,33.846148],[106.482642,33.707336],[106.53485,33.695132],[106.581475,33.590638],[106.687043,33.665544],[106.674955,33.701437],[106.789215,33.67751],[106.855583,33.874384],[107.028153,33.794574],[107.038514,33.85462],[107.187369,33.751774],[107.322581,33.818872],[107.304334,33.733517],[107.400347,33.651312],[107.673764,33.699497],[107.717626,33.910431],[107.784455,33.980626],[107.949887,33.985379],[108.027941,34.228144]]]]}},{"type":"Feature","properties":{"adcode":"610400","name":"咸阳市"},"geometry":{"type":"MultiPolygon","coordinates":[[[[107.820028,34.973739],[107.857961,34.844438],[107.951787,34.863332],[108.032143,34.626644],[107.980453,34.575866],[108.053095,34.325761],[107.953744,34.32183],[107.990181,34.22212],[108.328585,34.195928],[108.650125,34.265808],[108.692087,34.238987],[108.961015,34.424787],[108.955201,34.565866],[109.138823,34.588823],[109.168237,34.666525],[109.173187,34.705589],[109.046436,34.687058],[109.034406,34.771451],[108.957158,34.829766],[108.82327,34.804881],[108.689036,34.880707],[108.583526,35.043524],[108.750627,35.293366],[108.873349,35.326108],[108.659162,35.537775],[108.605975,35.502826],[108.615357,35.331656],[108.568272,35.290908],[108.256921,35.267433],[108.174666,35.305101],[107.949772,35.2453],[107.716648,35.302326],[107.737312,35.267433],[107.662597,35.255375],[107.670311,35.21443],[107.848349,35.023876],[107.820028,34.973739]]]]}},{"type":"Feature","properties":{"adcode":"610500","name":"渭南市"},"geometry":{"type":"MultiPolygon","coordinates":[[[[110.430966,34.40948],[110.367073,34.496157],[110.404488,34.557626],[110.379161,34.600499],[110.236638,34.67044],[110.23094,34.880707],[110.373692,35.134226],[110.374844,35.251964],[110.60935,35.632189],[110.54937,35.854074],[110.162787,35.710006],[110.1332,35.675132],[110.283033,35.56702],[110.087381,35.406677],[109.546935,35.443805],[109.495647,35.357251],[109.283533,35.251012],[109.362162,35.164411],[109.433538,35.167429],[109.426746,35.06921],[109.296657,35.086145],[108.983291,34.889951],[109.029053,34.70503],[109.243873,34.687297],[109.410859,34.743117],[109.449771,34.553625],[109.391346,34.468529],[109.500252,34.268698],[109.754502,34.212239],[109.825591,34.288205],[109.964372,34.209748],[110.024063,34.240352],[110.007197,34.368593],[110.059982,34.413247],[110.430966,34.40948]]]]}},{"type":"Feature","properties":{"adcode":"610600","name":"延安市"},"geometry":{"type":"MultiPolygon","coordinates":[[[[110.54937,35.854074],[110.45048,36.132247],[110.50217,36.530999],[110.394472,36.676839],[110.436722,36.71127],[110.388486,36.764911],[110.418706,36.973589],[110.191107,37.013394],[110.087554,36.985308],[109.954529,37.206306],[110.030222,37.245294],[110.011227,37.274212],[109.762043,37.270733],[109.80366,37.347308],[109.717778,37.435377],[109.634659,37.419407],[109.492539,37.498451],[109.385877,37.438154],[109.342994,37.347385],[109.013684,37.303891],[108.950884,37.233383],[108.876227,37.252717],[108.882904,37.177285],[108.750915,37.114405],[108.809052,37.043409],[108.768241,36.974831],[108.651218,37.03961],[108.558486,36.986549],[108.487743,37.026891],[108.542254,37.039842],[108.547838,37.163583],[108.452688,37.2538],[108.486419,37.28542],[108.406581,37.406675],[108.21657,37.325139],[108.275571,37.235239],[108.213347,37.171866],[108.136617,37.191139],[107.888584,37.083953],[107.858652,37.212341],[107.797694,37.246144],[107.734377,37.136946],[107.675779,37.121687],[107.69512,36.996637],[107.752739,37.001137],[107.693335,36.97421],[107.723095,36.8591],[107.672095,36.8329],[107.906659,36.75238],[107.937454,36.658215],[108.004744,36.68315],[108.046188,36.596232],[108.141453,36.562608],[108.197863,36.629919],[108.216628,36.571347],[108.340616,36.558862],[108.460574,36.423119],[108.510653,36.474461],[108.651276,36.384727],[108.688633,36.021064],[108.656514,35.952989],[108.499543,35.872261],[108.517042,35.716001],[108.539721,35.605575],[108.767378,35.486769],[108.846467,35.349803],[108.943689,35.393373],[109.032852,35.52979],[109.179922,35.580769],[109.243758,35.523702],[109.466694,35.509074],[109.495647,35.357251],[109.546935,35.443805],[110.087381,35.406677],[110.222478,35.546629],[110.273765,35.538803],[110.1332,35.675132],[110.162787,35.710006],[110.282227,35.711741],[110.54937,35.854074]]]]}},{"type":"Feature","properties":{"adcode":"610700","name":"汉中市"},"geometry":{"type":"MultiPolygon","coordinates":[[[[108.054247,33.709842],[107.90309,33.748947],[107.854278,33.694081],[107.719353,33.725761],[107.423601,33.649371],[107.3056,33.710165],[107.328279,33.797642],[107.187369,33.751774],[107.063093,33.870431],[107.043234,33.805069],[106.978247,33.800952],[106.855583,33.874384],[106.797273,33.682441],[106.674955,33.701437],[106.705693,33.676944],[106.64226,33.658994],[106.541124,33.513076],[106.456048,33.537939],[106.431354,33.61912],[106.187178,33.546522],[106.086675,33.617097],[105.962112,33.606499],[105.841981,33.490069],[105.802609,33.378756],[105.708956,33.380703],[105.747752,33.298893],[105.966889,33.20018],[105.968328,33.154076],[105.945534,33.188148],[105.896376,33.142689],[105.936785,33.113562],[105.917444,32.993784],[105.861724,32.938929],[105.590609,32.87678],[105.493503,32.905495],[105.495517,32.87319],[105.596365,32.699226],[105.779584,32.750225],[105.831159,32.826098],[106.021688,32.857522],[106.120003,32.719662],[106.420533,32.616617],[106.732056,32.73854],[106.784322,32.697264],[107.066835,32.708872],[107.127102,32.482482],[107.263926,32.403282],[107.313889,32.490185],[107.411283,32.538027],[107.502864,32.395654],[107.679463,32.398279],[107.8358,32.223063],[107.979359,32.146022],[108.018616,32.211803],[108.180825,32.259053],[108.11555,32.433216],[108.27914,32.497068],[108.211678,32.600577],[108.258878,32.605652],[108.253065,32.673634],[108.078192,32.877514],[108.132243,33.023112],[108.097993,33.190587],[108.021839,33.257878],[108.158606,33.432363],[108.060463,33.520042],[108.054247,33.709842]]],[[[106.076717,32.763787],[106.072688,32.763869],[106.071652,32.75815],[106.076717,32.763787]]]]}},{"type":"Feature","properties":{"adcode":"610800","name":"榆林市"},"geometry":{"type":"MultiPolygon","coordinates":[[[[110.418706,36.973589],[110.377146,37.010291],[110.441212,37.00618],[110.425958,37.04085],[110.650161,37.254341],[110.695059,37.349625],[110.651773,37.357038],[110.648146,37.438154],[110.744965,37.450726],[110.794928,37.56617],[110.775357,37.680896],[110.706571,37.705342],[110.735755,37.770415],[110.516618,37.970728],[110.507869,38.18493],[110.577461,38.297247],[110.668581,38.313637],[110.907692,38.521056],[110.88081,38.626933],[110.996509,38.825125],[110.998409,38.998536],[111.138341,39.064267],[111.218985,39.24567],[111.18842,39.350922],[111.108121,39.356556],[111.053841,39.429907],[111.154976,39.568664],[110.890826,39.508952],[110.70283,39.273878],[110.596571,39.283052],[110.521741,39.383217],[110.434995,39.380889],[110.385205,39.310494],[110.152483,39.45399],[110.126408,39.416849],[110.210851,39.281473],[110.010997,39.208568],[109.902723,39.271922],[109.868992,39.249732],[109.960457,39.186735],[109.893916,39.141239],[109.922121,39.107023],[109.860128,39.124435],[109.762388,39.057478],[109.624413,38.854485],[109.549755,38.805672],[109.511189,38.833753],[109.338734,38.7015],[109.366537,38.631107],[109.331366,38.597935],[109.27674,38.622986],[109.054265,38.433975],[108.947258,38.170725],[109.06359,38.100196],[109.069519,38.023017],[108.935803,37.921621],[108.882961,38.013833],[108.797655,38.047886],[108.792014,37.700269],[108.628366,37.652212],[108.246502,37.665748],[108.154001,37.623901],[108.025408,37.649827],[107.937109,37.795062],[107.683435,37.887739],[107.620692,37.775944],[107.523413,37.772949],[107.485077,37.706495],[107.386877,37.691121],[107.422047,37.665056],[107.325056,37.606279],[107.368918,37.587574],[107.359132,37.540214],[107.284302,37.481955],[107.257939,37.336958],[107.309342,37.238874],[107.270315,37.229129],[107.333978,37.173801],[107.268703,37.099452],[107.311702,36.913026],[107.47794,36.908443],[107.540106,36.828624],[107.723095,36.8591],[107.706287,36.963033],[107.748307,36.986317],[107.65995,37.058529],[107.720217,37.07349],[107.692472,37.123856],[107.797694,37.246144],[107.850594,37.221393],[107.888584,37.083953],[107.959097,37.081783],[108.102195,37.130052],[108.123954,37.20414],[108.213347,37.171866],[108.282248,37.26161],[108.21657,37.325139],[108.362201,37.405363],[108.540527,37.178833],[108.536268,36.988955],[108.651218,37.03961],[108.768241,36.974831],[108.809052,37.043409],[108.750915,37.114405],[108.883019,37.150962],[108.859994,37.236554],[109.342994,37.347385],[109.468651,37.487351],[109.634659,37.419407],[109.717778,37.435377],[109.812351,37.305051],[109.762043,37.270733],[110.028323,37.265244],[110.013126,37.204913],[109.968919,37.213424],[110.087554,36.985308],[110.191107,37.013394],[110.362238,36.943857],[110.418706,36.973589]]]]}},{"type":"Feature","properties":{"adcode":"610900","name":"安康市"},"geometry":{"type":"MultiPolygon","coordinates":[[[[109.438892,33.152124],[109.339195,33.135855],[109.232015,33.192376],[109.124202,33.15985],[109.059618,33.214242],[108.931083,33.125035],[108.66227,33.323574],[108.583468,33.298487],[108.625143,33.533161],[108.724897,33.530651],[108.828508,33.617825],[108.792244,33.642497],[108.945473,33.726569],[108.84002,33.815966],[108.650067,33.841549],[108.584274,33.764536],[108.484405,33.804262],[108.073818,33.723417],[108.066392,33.540692],[108.158606,33.432363],[108.092928,33.4009],[108.033237,33.260965],[108.132243,33.023112],[108.078423,32.902314],[108.128962,32.777021],[108.240574,32.716147],[108.265958,32.615308],[108.197345,32.620709],[108.277931,32.519926],[108.18612,32.438709],[108.121133,32.439857],[108.156649,32.239005],[108.471741,32.270636],[108.551061,32.176122],[109.167028,31.875329],[109.323193,31.708861],[109.585731,31.726711],[109.638227,31.81104],[109.594481,31.923331],[109.631263,31.962242],[109.587573,32.025272],[109.604324,32.199226],[109.495417,32.300367],[109.631838,32.600086],[110.028207,32.548428],[110.10252,32.619072],[110.165147,32.593866],[110.206418,32.632981],[110.0841,32.842995],[109.764345,32.909328],[109.794507,33.066924],[109.438892,33.152124]]]]}},{"type":"Feature","properties":{"adcode":"611000","name":"商洛市"},"geometry":{"type":"MultiPolygon","coordinates":[[[[109.185793,33.812334],[109.154019,33.791103],[109.164207,33.871319],[109.107682,33.907609],[108.84002,33.815966],[108.942307,33.747816],[108.922909,33.684543],[108.792244,33.642497],[108.828508,33.617825],[108.750685,33.536401],[108.625143,33.533161],[108.569884,33.318866],[108.740842,33.283788],[108.931083,33.125035],[109.059618,33.214242],[109.124202,33.15985],[109.218546,33.193351],[109.339195,33.135855],[109.438892,33.152124],[109.51424,33.237728],[109.647783,33.268113],[110.040411,33.191238],[110.165031,33.209284],[110.250338,33.160257],[110.451803,33.179367],[110.540966,33.255603],[110.702484,33.097124],[110.830559,33.202537],[110.997027,33.254709],[111.026038,33.330392],[111.009748,33.562552],[110.878853,33.634651],[110.782207,33.796027],[110.587304,33.886966],[110.675603,33.946624],[110.586613,34.024037],[110.641987,34.160887],[110.441385,34.242441],[110.426476,34.276084],[110.502688,34.345174],[110.430966,34.40948],[110.075178,34.413888],[110.007197,34.368593],[109.997642,34.221638],[109.825591,34.288205],[109.80199,34.224048],[109.743565,34.240352],[109.801415,34.160887],[109.739824,34.09792],[109.552806,34.044727],[109.533235,33.982077],[109.603633,33.940982],[109.592984,33.896804],[109.508541,33.848004],[109.251874,33.880675],[109.185793,33.812334]]],[[[109.185793,33.812334],[109.207379,33.867043],[109.164207,33.871319],[109.185793,33.812334]]],[[[111.026499,33.478563],[111.020973,33.471189],[111.026787,33.467705],[111.026499,33.478563]]]]}},{"type":"Feature","properties":{"adcode":"620100","name":"兰州市"},"geometry":{"type":"MultiPolygon","coordinates":[[[[103.564881,36.973787],[103.317152,36.986697],[103.348589,36.926773],[103.44159,36.950542],[103.541631,36.878799],[103.399019,36.826034],[103.348425,36.895862],[103.248057,36.916643],[103.276219,36.954158],[102.919607,36.935454],[102.877855,36.856042],[102.810397,36.841143],[102.84298,36.77458],[102.778305,36.761737],[102.778142,36.691579],[102.688743,36.684218],[102.692509,36.775305],[102.609005,36.6781],[102.764552,36.575477],[102.734425,36.562289],[102.845436,36.332229],[103.259846,36.146605],[103.396727,36.128958],[103.41048,36.07777],[103.571267,36.091876],[103.643801,35.931336],[103.76742,35.89039],[104.101436,35.636076],[104.173151,35.649421],[104.282198,35.571109],[104.44282,35.89657],[104.441019,35.974771],[104.567422,36.112456],[104.577246,36.168109],[104.512571,36.202547],[104.543025,36.237699],[104.507168,36.428621],[104.184121,36.341915],[104.130253,36.250942],[104.016622,36.4959],[104.040855,36.573712],[103.924767,36.656217],[103.903482,36.803469],[103.757923,36.844247],[103.7964,36.80378],[103.676875,36.790631],[103.604505,36.847248],[103.564881,36.973787]]],[[[102.831846,36.365345],[102.836431,36.344623],[102.838887,36.345769],[102.831846,36.365345]]]]}},{"type":"Feature","properties":{"adcode":"620200","name":"嘉峪关市"},"geometry":{"type":"MultiPolygon","coordinates":[[[[97.862533,39.715005],[97.969288,39.66277],[98.188199,39.725945],[98.370762,39.654309],[98.406947,39.731016],[98.361102,39.756169],[98.518777,39.892905],[98.497001,39.950219],[98.062943,39.99976],[97.990901,39.891913],[98.031179,39.827996],[97.862533,39.715005]]]]}},{"type":"Feature","properties":{"adcode":"620300","name":"金昌市"},"geometry":{"type":"MultiPolygon","coordinates":[[[[102.071959,38.892926],[101.775601,38.660588],[101.678998,38.690971],[101.591401,38.642312],[101.516247,38.548332],[101.529673,38.462531],[101.447315,38.388487],[101.337778,38.369736],[101.34711,38.317309],[101.491196,38.228389],[101.386243,38.071298],[101.812277,38.064987],[101.885794,38.103048],[102.094554,38.034544],[102.207039,38.055519],[102.253867,38.12492],[102.447236,38.115969],[102.557265,38.183076],[102.706754,38.186836],[102.704134,38.396594],[102.572656,38.416149],[102.616209,38.470023],[102.536143,38.500183],[102.397789,38.665232],[102.43643,38.918281],[102.283666,38.948052],[102.269421,38.913955],[101.96062,38.996804],[102.071959,38.892926]]]]}},{"type":"Feature","properties":{"adcode":"620400","name":"白银市"},"geometry":{"type":"MultiPolygon","coordinates":[[[[105.485967,35.726396],[105.408684,35.822275],[105.383961,35.792496],[105.325017,35.941804],[105.34401,36.033868],[105.514948,36.147335],[105.475324,36.295035],[105.361365,36.498186],[105.252155,36.55315],[105.200907,36.702154],[105.319613,36.742882],[105.332712,36.806057],[105.129355,36.996302],[104.965294,37.031713],[104.856411,37.211715],[104.775199,37.246821],[104.626038,37.205846],[104.619816,37.29055],[104.714618,37.330348],[104.668281,37.356046],[104.679907,37.407827],[104.404834,37.438323],[104.18363,37.406799],[103.850269,37.633126],[103.79067,37.586317],[103.732708,37.394782],[103.765127,37.30207],[103.559642,37.027275],[103.547689,36.950025],[103.628246,36.822101],[103.712078,36.7839],[103.800494,36.791666],[103.761853,36.828104],[103.903482,36.803469],[103.899225,36.671774],[104.040855,36.573712],[104.016622,36.4959],[104.128616,36.335979],[104.113389,36.26043],[104.164965,36.32275],[104.489812,36.44256],[104.543025,36.237699],[104.512571,36.202547],[104.577246,36.168109],[104.500618,36.02017],[104.663369,36.041501],[104.709379,35.94955],[104.853628,35.854873],[104.891941,35.767112],[104.980358,35.716634],[104.933202,35.51293],[105.083673,35.418575],[105.415398,35.497457],[105.520678,35.608014],[105.456658,35.68902],[105.485967,35.726396]]]]}},{"type":"Feature","properties":{"adcode":"620500","name":"天水市"},"geometry":{"type":"MultiPolygon","coordinates":[[[[106.488671,35.02089],[106.405985,35.035395],[106.27549,35.171638],[106.018592,35.089581],[105.991576,35.120785],[105.92903,35.06027],[105.803119,35.074028],[105.774793,35.024385],[105.572418,35.181361],[105.541636,35.07244],[105.456495,35.130831],[105.290141,35.006806],[105.27606,35.033596],[105.217771,34.93211],[105.058131,34.981915],[105.035372,34.925432],[104.898818,34.924584],[104.895871,34.862439],[104.620144,34.86456],[104.577246,34.721218],[104.646177,34.655941],[104.699555,34.6737],[104.671556,34.575816],[104.738523,34.555587],[104.791573,34.431866],[105.013104,34.420455],[105.160792,34.527364],[105.243969,34.528429],[105.260342,34.452979],[105.460261,34.391653],[105.558009,34.306788],[105.552606,34.113682],[105.591739,34.084453],[105.740409,34.176602],[105.781997,34.11957],[106.017773,34.159058],[106.229972,34.118071],[106.323627,34.230497],[106.336562,34.109829],[106.402874,34.109829],[106.526493,34.291941],[106.663866,34.24311],[106.717407,34.369244],[106.453959,34.531305],[106.334434,34.517883],[106.368163,34.610302],[106.574958,34.770088],[106.488671,35.02089]]]]}},{"type":"Feature","properties":{"adcode":"620600","name":"武威市"},"geometry":{"type":"MultiPolygon","coordinates":[[[[103.564881,36.973787],[103.559642,37.027275],[103.775934,37.329731],[103.735983,37.378242],[103.762671,37.541939],[103.850269,37.633126],[103.669998,37.786659],[103.401803,37.862031],[103.368728,38.088905],[103.534918,38.156749],[103.416375,38.405004],[103.859765,38.644533],[104.044457,38.895039],[104.167912,38.940409],[104.207372,39.083671],[104.047568,39.297719],[104.090957,39.418483],[103.853707,39.46142],[103.35694,39.33663],[103.013427,39.101132],[102.583462,39.180755],[102.453622,39.255282],[101.830943,39.094007],[102.045761,38.904699],[101.96062,38.996804],[102.269421,38.913955],[102.283666,38.948052],[102.43643,38.918281],[102.397789,38.665232],[102.536143,38.500183],[102.616209,38.470023],[102.572656,38.416149],[102.700859,38.411488],[102.723782,38.238241],[102.678592,38.157867],[102.531886,38.184905],[102.431681,38.110882],[102.253867,38.12492],[102.207039,38.055519],[102.094554,38.034544],[102.169217,38.004801],[102.031517,37.941608],[102.202454,37.854477],[102.052966,37.682463],[102.130903,37.54686],[102.106507,37.481326],[102.428243,37.308344],[102.642079,37.099702],[102.497993,37.090421],[102.467867,36.954365],[102.731477,36.762358],[102.666475,36.707648],[102.772575,36.673434],[102.778305,36.761737],[102.84298,36.77458],[102.810397,36.841143],[102.877855,36.856042],[102.919607,36.935454],[103.258208,36.958704],[103.248057,36.916643],[103.347607,36.916126],[103.399019,36.826034],[103.541631,36.878799],[103.44159,36.950542],[103.368237,36.907856],[103.317152,36.986697],[103.564881,36.973787]]]]}},{"type":"Feature","properties":{"adcode":"620700","name":"张掖市"},"geometry":{"type":"MultiPolygon","coordinates":[[[[102.035283,37.627699],[102.197706,37.841102],[102.036265,37.933349],[102.166597,37.99451],[102.040522,38.029655],[101.986654,38.096028],[101.441257,38.040144],[101.386243,38.071298],[101.491196,38.228389],[101.34711,38.317309],[101.337778,38.369736],[101.518539,38.436305],[101.516247,38.548332],[101.591401,38.642312],[101.56242,38.712968],[101.331228,38.777305],[101.34138,38.822246],[101.198604,38.943225],[101.228567,39.020715],[100.969213,38.946945],[100.969377,38.996703],[100.835116,39.026039],[100.842156,39.405697],[100.499135,39.400502],[100.500608,39.481382],[100.326232,39.509119],[100.250096,39.685062],[99.904454,39.785783],[99.821933,39.860061],[99.455988,39.877427],[99.140965,39.80148],[99.026843,39.854007],[98.960039,39.788565],[98.94956,39.66496],[98.824632,39.676405],[98.816118,39.592065],[99.064665,39.609997],[99.072852,39.554891],[99.23593,39.458426],[99.308137,39.357527],[99.293073,39.30012],[99.207277,39.283809],[99.176331,39.171634],[99.141292,39.24607],[98.526473,39.467509],[98.549723,39.509718],[98.434127,39.577517],[98.402035,39.514406],[98.330156,39.569544],[98.370762,39.654309],[98.217671,39.727436],[97.969288,39.66277],[97.855657,39.71043],[97.700273,39.697101],[97.520494,39.53874],[97.477268,39.373221],[97.397039,39.318027],[97.43306,39.126011],[98.095035,38.786276],[98.251237,38.891215],[98.281036,39.027044],[98.384025,39.029354],[98.457541,38.952979],[98.572973,38.932363],[98.743747,39.086882],[98.81317,39.087685],[98.94956,38.988463],[99.108873,38.946342],[99.062045,38.911641],[99.362169,38.718214],[99.659673,38.449167],[100.127951,38.230624],[100.180509,38.245451],[100.157914,38.310511],[100.025945,38.451293],[100.025781,38.507974],[100.241254,38.43985],[100.259592,38.366391],[100.300853,38.389095],[100.437243,38.26799],[100.714935,38.253574],[100.843794,38.149123],[100.911743,38.179214],[100.917965,37.999707],[101.034543,37.976575],[101.202697,37.847535],[101.362338,37.791257],[101.443222,37.868155],[101.598278,37.827419],[101.816043,37.654318],[101.999097,37.725018],[102.035283,37.627699]]]]}},{"type":"Feature","properties":{"adcode":"620800","name":"平凉市"},"geometry":{"type":"MultiPolygon","coordinates":[[[[106.083103,35.421842],[106.034474,35.469241],[105.894646,35.413834],[105.897593,35.451549],[106.048555,35.489036],[105.913311,35.539657],[105.846999,35.49051],[105.816381,35.575105],[105.714702,35.647004],[105.723708,35.725871],[105.758911,35.725032],[105.668857,35.750009],[105.564395,35.687655],[105.561284,35.724612],[105.457313,35.715374],[105.520678,35.608014],[105.345483,35.485351],[105.456331,35.345101],[105.47778,35.388435],[105.54049,35.342148],[105.573564,35.207459],[105.607457,35.223304],[105.725345,35.027349],[106.27549,35.171638],[106.315113,35.120997],[106.365707,35.13284],[106.405985,35.035395],[106.488671,35.02089],[106.575777,35.08937],[106.990842,35.068525],[107.223016,34.878138],[107.322402,34.938152],[107.523958,34.909847],[107.572096,34.971427],[107.6258,34.918965],[107.842092,34.978949],[107.848314,35.023855],[107.759407,35.071171],[107.651998,35.239779],[107.737139,35.326748],[107.598129,35.487141],[107.479586,35.461659],[107.255108,35.522085],[107.096613,35.466609],[106.876719,35.632188],[106.620968,35.743818],[106.434966,35.688495],[106.490472,35.329596],[106.363578,35.238301],[106.237504,35.409513],[106.17463,35.438382],[106.106517,35.36714],[106.083103,35.421842]]],[[[106.047736,35.498089],[106.053958,35.454709],[106.099476,35.499668],[106.047736,35.498089]]],[[[106.072951,35.447546],[106.072951,35.420788],[106.083103,35.421842],[106.072951,35.447546]]],[[[106.504226,35.736157],[106.506354,35.737521],[106.4926,35.732799],[106.504226,35.736157]]]]}},{"type":"Feature","properties":{"adcode":"620900","name":"酒泉市"},"geometry":{"type":"MultiPolygon","coordinates":[[[[99.455988,39.877427],[99.881368,40.030853],[100.001712,40.196972],[100.169703,40.277611],[100.169703,40.541356],[100.242564,40.618639],[100.237325,40.716808],[100.107975,40.875572],[99.673263,40.932934],[99.566017,40.846725],[99.174694,40.858363],[99.173057,40.747278],[99.10216,40.67642],[98.985091,40.782826],[98.791066,40.705341],[98.803019,40.607843],[98.715585,40.66171],[98.668594,40.772937],[98.570026,40.746887],[98.627988,40.677891],[98.344237,40.568371],[98.333267,40.91916],[97.972071,41.097904],[97.629541,41.440562],[97.61415,41.477189],[97.846979,41.656635],[97.172724,42.795163],[96.386148,42.727765],[96.023806,42.542472],[95.978779,42.436737],[96.066213,42.4145],[96.042144,42.3529],[96.17837,42.217934],[96.077183,42.149623],[96.137437,42.019601],[96.039197,41.925301],[95.571901,41.796169],[95.359539,41.668033],[95.300104,41.566152],[95.13768,41.772452],[94.861953,41.668516],[94.750123,41.538285],[94.534158,41.505953],[94.010866,41.114855],[93.809965,40.879482],[93.760845,40.664848],[92.928423,40.572693],[92.906811,40.310648],[92.796454,40.153801],[92.639925,39.514306],[92.340129,39.238059],[92.345696,39.141556],[92.410698,39.038594],[92.494038,39.102135],[93.115407,39.179552],[93.198093,39.046426],[93.179263,38.923914],[93.72908,38.924518],[93.884627,38.867663],[93.884136,38.826175],[93.772961,38.820937],[93.77509,38.770047],[93.871856,38.722552],[94.370097,38.762789],[94.529901,38.360815],[94.973455,38.43033],[95.122125,38.416959],[95.259989,38.302293],[95.516232,38.294785],[95.704034,38.400141],[96.044109,38.180535],[96.209316,38.150242],[96.313123,38.161934],[96.378289,38.277329],[96.66515,38.230218],[96.625363,38.339217],[96.708048,38.45919],[96.666296,38.483688],[96.780582,38.504331],[96.794336,38.607968],[96.960689,38.557837],[97.055982,38.594529],[96.940877,38.907919],[97.011938,39.141857],[96.983612,39.17855],[97.220862,39.193081],[97.43306,39.126011],[97.402115,39.293016],[97.477268,39.373221],[97.520494,39.53874],[97.676532,39.679092],[97.828968,39.68536],[98.031179,39.827996],[97.98386,39.882785],[98.062943,39.99976],[98.474897,39.969247],[98.518777,39.892905],[98.355535,39.78002],[98.406947,39.731016],[98.330156,39.569544],[98.396632,39.535549],[98.434127,39.577517],[98.549723,39.509718],[98.515503,39.480384],[98.866547,39.324229],[98.975758,39.33073],[99.179115,39.181556],[99.198927,39.275903],[99.30519,39.33313],[99.23593,39.458426],[99.10609,39.514107],[99.053695,39.623144],[98.816118,39.592065],[98.804492,39.627028],[98.824632,39.676405],[98.94956,39.66496],[98.960039,39.788565],[99.026843,39.854007],[99.140965,39.80148],[99.455988,39.877427]]],[[[97.862533,39.715005],[97.85975,39.716895],[97.855493,39.713016],[97.862533,39.715005]]]]}},{"type":"Feature","properties":{"adcode":"621000","name":"庆阳市"},"geometry":{"type":"MultiPolygon","coordinates":[[[[106.754738,35.691225],[107.096613,35.466609],[107.189287,35.517981],[107.500708,35.459974],[107.598129,35.487141],[107.700626,35.424581],[107.745817,35.311662],[107.868617,35.256357],[108.048724,35.253823],[108.174635,35.30512],[108.23931,35.256251],[108.345409,35.300688],[108.56825,35.290874],[108.631124,35.418575],[108.625721,35.537132],[108.539761,35.605596],[108.499482,35.872267],[108.633744,35.944735],[108.712336,36.138774],[108.619008,36.433927],[108.459368,36.42394],[108.359654,36.547229],[108.216551,36.571324],[108.222936,36.630904],[108.163665,36.563743],[108.032023,36.606413],[108.023345,36.6697],[107.937385,36.658188],[107.907422,36.750238],[107.826701,36.785453],[107.540168,36.828622],[107.477949,36.908476],[107.295386,36.929046],[107.268697,37.099496],[107.180445,37.143518],[106.984783,37.107539],[106.780771,37.158667],[106.726903,37.108983],[106.605249,37.127644],[106.643235,36.96294],[106.57987,36.934834],[106.540411,36.984425],[106.638651,36.870525],[106.632265,36.723298],[106.514377,36.715629],[106.444954,36.5572],[106.364233,36.577658],[106.518143,36.480931],[106.504717,36.26606],[106.685315,36.273357],[106.827763,36.21517],[106.957604,36.091563],[106.944832,35.940234],[106.850195,35.887562],[106.926331,35.811686],[106.908975,35.767741],[106.753101,35.726396],[106.754738,35.691225]]]]}},{"type":"Feature","properties":{"adcode":"621100","name":"定西市"},"geometry":{"type":"MultiPolygon","coordinates":[[[[105.638403,35.139396],[105.545893,35.257941],[105.54049,35.342148],[105.440285,35.373782],[105.345483,35.485351],[105.083673,35.418575],[104.946465,35.491562],[104.985597,35.700361],[104.646505,35.996533],[104.676141,36.022994],[104.484572,36.020693],[104.441019,35.974771],[104.448879,35.875619],[104.316746,35.705296],[104.282198,35.571109],[103.919855,35.757354],[103.776425,35.896256],[103.542122,35.943898],[103.476629,35.917306],[103.854198,35.477349],[103.699634,35.238512],[103.738275,35.064927],[103.816703,34.993038],[104.017768,34.936774],[104.027265,34.893411],[103.964555,34.840581],[104.02399,34.774868],[104.004669,34.735244],[103.853052,34.738644],[103.828328,34.545364],[103.779045,34.536524],[103.8113,34.424508],[103.70209,34.280617],[103.879577,34.267369],[104.028738,34.127276],[104.153503,34.193074],[104.116008,34.323127],[104.202787,34.375113],[104.406308,34.338929],[104.452153,34.229214],[104.511097,34.208045],[104.814332,34.255187],[104.844459,34.367856],[104.991983,34.396134],[104.966768,34.437198],[104.791573,34.431866],[104.738523,34.555587],[104.671556,34.575816],[104.699555,34.6737],[104.595584,34.654027],[104.620144,34.86456],[104.878679,34.856073],[104.920922,34.950022],[105.035372,34.925432],[105.058131,34.981915],[105.192884,34.937516],[105.456495,35.130831],[105.52428,35.063339],[105.558173,35.1821],[105.638403,35.139396]]]]}},{"type":"Feature","properties":{"adcode":"621200","name":"陇南市"},"geometry":{"type":"MultiPolygon","coordinates":[[[[106.494238,34.241827],[106.472298,34.154885],[106.363087,34.100622],[106.323627,34.230497],[106.189693,34.110471],[106.041351,34.158737],[105.781997,34.11957],[105.740409,34.176602],[105.640859,34.081241],[105.563576,34.086381],[105.527391,34.28457],[105.558009,34.306788],[105.408193,34.420988],[105.260342,34.452979],[105.243969,34.528429],[105.160792,34.527364],[104.96644,34.382583],[104.856902,34.379382],[104.863288,34.301768],[104.789117,34.252515],[104.571024,34.201629],[104.472456,34.218202],[104.353913,34.369564],[104.14941,34.350779],[104.116008,34.323127],[104.165783,34.210397],[104.067052,34.177993],[104.02661,34.084989],[104.531073,33.763238],[104.50553,33.642013],[104.548592,33.64309],[104.521412,33.611869],[104.60508,33.50283],[104.699391,33.457428],[104.759481,33.308007],[104.567585,33.221411],[104.501273,33.340742],[104.393537,33.310924],[104.41253,33.281745],[104.302828,33.302604],[104.377818,33.109174],[104.33754,33.038208],[104.421044,33.024225],[104.378473,32.95319],[104.305939,32.951562],[104.294314,32.835722],[104.64192,32.662711],[105.096608,32.606092],[105.459442,32.752358],[105.395095,32.864723],[105.413105,32.918899],[105.590592,32.876777],[105.861735,32.938976],[105.917405,32.993866],[105.916913,33.177811],[105.946877,33.153567],[105.962595,33.207565],[105.792803,33.26272],[105.708972,33.380698],[105.802627,33.378755],[105.902669,33.556181],[105.979787,33.612407],[106.119452,33.602392],[106.108482,33.569756],[106.187237,33.546483],[106.431364,33.619083],[106.456088,33.53797],[106.541066,33.513071],[106.580525,33.575897],[106.534844,33.695171],[106.482613,33.707326],[106.493419,33.846179],[106.410897,33.90919],[106.476063,33.973764],[106.501933,34.104904],[106.584782,34.149428],[106.557766,34.229748],[106.494238,34.241827]]]]}},{"type":"Feature","properties":{"adcode":"622900","name":"临夏回族自治州"},"geometry":{"type":"MultiPolygon","coordinates":[[[[102.742448,35.495247],[102.949079,35.4073],[102.955137,35.259946],[103.019485,35.288552],[103.262138,35.236928],[103.36398,35.142674],[103.5359,35.141088],[103.729597,35.010831],[103.677857,34.992826],[103.729761,35.004159],[103.685717,34.907939],[103.833732,34.91483],[103.689974,35.219818],[103.854198,35.477349],[103.785267,35.598973],[103.471062,35.8818],[103.509212,35.940967],[103.623989,35.934895],[103.633322,36.017451],[103.571267,36.091876],[103.438315,36.069201],[103.412282,36.123005],[103.10741,36.221637],[102.987393,36.193782],[102.910111,36.088219],[102.969219,36.044114],[102.942366,35.829928],[102.784036,35.862313],[102.694801,35.796481],[102.801719,35.574684],[102.742448,35.495247]]]]}},{"type":"Feature","properties":{"adcode":"623000","name":"甘南藏族自治州"},"geometry":{"type":"MultiPolygon","coordinates":[[[[104.028738,34.127276],[103.879577,34.267369],[103.70209,34.280617],[103.698488,34.315011],[103.802786,34.408722],[103.768566,34.523316],[103.839462,34.575497],[103.833404,34.71686],[104.004669,34.735244],[104.02399,34.774868],[103.964555,34.840581],[104.021207,34.872411],[103.984366,34.938046],[103.860584,34.987106],[103.833732,34.91483],[103.703563,34.915997],[103.668524,34.932958],[103.729597,35.010831],[103.624971,35.094025],[103.490874,35.152294],[103.36398,35.142674],[103.269833,35.232704],[103.019485,35.288552],[102.97102,35.252978],[102.926975,35.428163],[102.853132,35.420577],[102.531395,35.580468],[102.408595,35.41004],[102.314776,35.434379],[102.282193,35.385062],[102.311665,35.314405],[102.280883,35.303115],[102.369954,35.263958],[102.400081,35.19552],[102.37372,35.16128],[102.295128,35.070641],[102.133686,35.014643],[102.061807,34.94271],[102.068357,34.887684],[101.939662,34.888639],[101.934586,34.587526],[102.15579,34.507548],[102.25927,34.355582],[102.067865,34.293543],[101.955053,34.109614],[101.865982,34.15007],[101.710926,34.086809],[101.600243,34.179277],[100.950875,34.383757],[100.822672,34.318642],[100.782394,34.197779],[100.999013,33.889659],[101.153577,33.844461],[101.178301,33.683767],[101.391155,33.645242],[101.542117,33.695171],[101.616943,33.598839],[101.622674,33.502291],[101.735814,33.496361],[101.844369,33.6025],[101.882028,33.579344],[101.91412,33.405851],[101.87597,33.314166],[101.76987,33.268774],[101.865982,33.103001],[101.935569,33.1869],[102.089642,33.204969],[102.10929,33.264017],[102.203437,33.22325],[102.1869,33.332532],[102.263363,33.417075],[102.396151,33.405311],[102.475889,33.531072],[102.344575,33.606808],[102.328366,33.706358],[102.287105,33.716575],[102.322799,33.746038],[102.243552,33.78699],[102.253376,33.861534],[102.136306,33.965185],[102.39304,33.973227],[102.437576,34.087238],[102.649447,34.080063],[102.598362,34.147823],[102.911748,34.312982],[102.977078,34.198314],[103.124111,34.16184],[103.178306,34.080384],[103.130824,34.06689],[103.134426,33.930327],[103.181254,33.900713],[103.153419,33.819114],[103.284733,33.802033],[103.349572,33.743458],[103.506428,33.81009],[103.55211,33.671501],[103.598774,33.717866],[103.778226,33.658803],[104.052316,33.685274],[104.169385,33.610792],[104.180683,33.473068],[104.295788,33.332856],[104.501273,33.340742],[104.539096,33.226927],[104.627676,33.226927],[104.661405,33.29612],[104.759481,33.308007],[104.698081,33.439843],[104.521412,33.611869],[104.548592,33.64309],[104.50553,33.642013],[104.490139,33.705497],[104.528944,33.7412],[104.077858,34.022643],[104.028738,34.127276]]]]}},{"type":"Feature","properties":{"adcode":"630100","name":"西宁市"},"geometry":{"type":"MultiPolygon","coordinates":[[[[100.917374,36.741321],[101.031355,36.509905],[101.200548,36.340181],[101.249065,36.311405],[101.357852,36.380313],[101.438485,36.37286],[101.579252,36.329862],[101.668359,36.231049],[101.740929,36.299425],[101.821562,36.294301],[101.897412,36.496678],[101.911762,36.573081],[101.775642,36.676559],[101.805162,36.906726],[101.914496,37.148127],[101.742159,37.247777],[101.540302,37.277914],[101.497662,37.337855],[101.091898,37.384451],[100.927488,37.451432],[100.882114,37.376724],[100.932271,37.2765],[101.128935,37.21033],[101.272025,37.05827],[101.297718,36.925116],[101.088618,36.803783],[100.906988,36.798542],[100.917374,36.741321]]]]}},{"type":"Feature","properties":{"adcode":"630200","name":"海东市"},"geometry":{"type":"MultiPolygon","coordinates":[[[[102.45064,35.448318],[102.503256,35.584315],[102.745703,35.495072],[102.782877,35.528027],[102.72944,35.523613],[102.801737,35.574734],[102.68598,35.772139],[102.773993,35.857512],[102.95617,35.862437],[102.97175,35.995309],[102.896037,36.065629],[102.987467,36.193782],[103.049104,36.199215],[102.845334,36.332197],[102.734497,36.562267],[102.764563,36.575483],[102.609037,36.678133],[102.61341,36.738699],[102.69254,36.775329],[102.46704,36.954485],[102.498883,37.058419],[102.38791,37.106754],[102.118266,37.061478],[101.914496,37.148127],[101.805162,36.906726],[101.775642,36.676559],[101.911762,36.573081],[101.897412,36.496678],[101.821562,36.294301],[101.716192,36.278926],[101.666855,36.160801],[101.887572,36.109755],[102.083416,35.946729],[102.040913,35.925986],[102.110203,35.906525],[102.078223,35.861528],[102.124143,35.735338],[102.349916,35.60872],[102.45064,35.448318]]],[[[102.83891,36.345754],[102.84793,36.355619],[102.832077,36.366612],[102.83891,36.345754]]]]}},{"type":"Feature","properties":{"adcode":"632200","name":"海北藏族自治州"},"geometry":{"type":"MultiPolygon","coordinates":[[[[101.914496,37.148127],[102.163776,37.055584],[102.38791,37.106754],[102.64211,37.09967],[102.600837,37.174281],[102.125236,37.485494],[102.130839,37.547345],[101.999092,37.725046],[101.813499,37.655645],[101.500395,37.857969],[101.376985,37.802214],[101.202735,37.84756],[101.102968,37.946501],[100.918468,37.999569],[100.913274,38.178683],[100.862981,38.149278],[100.714834,38.253613],[100.437127,38.268002],[100.318227,38.328392],[100.29718,38.388585],[100.259597,38.366376],[100.240054,38.441698],[100.02576,38.507943],[100.00116,38.466959],[100.16434,38.328025],[100.184157,38.235255],[100.12785,38.230628],[99.65963,38.449167],[99.514216,38.59766],[99.068819,38.897074],[99.108999,38.946393],[98.759815,39.0903],[98.572992,38.93243],[98.287085,39.035489],[98.251278,38.891252],[98.093291,38.786307],[98.182534,38.667558],[98.948142,38.444041],[98.979849,38.389318],[98.909192,38.363517],[98.908235,38.298974],[98.947459,38.271599],[99.089319,38.26301],[99.247442,38.328685],[99.283932,38.274535],[99.560136,38.207121],[99.579269,38.109635],[99.684503,38.071002],[99.411716,38.025352],[99.359646,37.979452],[99.498089,37.838404],[99.661543,37.812038],[99.69735,37.682807],[99.559589,37.610552],[99.463649,37.482675],[99.476086,37.411785],[99.417046,37.370111],[99.430713,37.182848],[99.839756,36.966588],[100.725631,36.753982],[100.918604,36.749712],[100.906988,36.798542],[100.967395,36.821524],[101.088618,36.803783],[101.230068,36.915249],[101.275442,36.899175],[101.289518,36.999302],[101.128935,37.21033],[100.931998,37.261396],[100.869268,37.353316],[100.954138,37.470283],[101.091898,37.384451],[101.497662,37.337855],[101.540302,37.277914],[101.914496,37.148127]]]]}},{"type":"Feature","properties":{"adcode":"632300","name":"黄南藏族自治州"},"geometry":{"type":"MultiPolygon","coordinates":[[[[100.950585,34.383654],[101.582395,34.195475],[101.736145,34.080089],[101.865979,34.150067],[101.955086,34.109667],[102.060593,34.279497],[102.148333,34.271307],[102.186463,34.352783],[102.259306,34.355562],[102.155849,34.507562],[101.974356,34.548926],[101.919826,34.625208],[101.917229,34.875113],[102.068383,34.887692],[102.124689,35.003343],[102.015629,35.165393],[102.052119,35.183888],[102.015903,35.248969],[101.936499,35.338028],[101.868712,35.252023],[101.752819,35.221935],[101.549869,35.25836],[101.506682,35.21674],[101.446958,35.256299],[101.397075,35.238508],[101.418942,35.186639],[101.359218,35.172806],[101.329288,35.278208],[101.406642,35.28897],[101.391745,35.335892],[100.842071,35.432398],[100.687638,35.404891],[100.733011,35.342528],[100.911088,35.303622],[100.697478,35.079741],[101.139185,34.848261],[101.036958,34.65144],[100.907808,34.659054],[100.970675,34.499934],[100.950585,34.383654]]],[[[101.549869,35.25836],[101.752819,35.221935],[101.848486,35.241791],[101.936499,35.338028],[102.052119,35.183888],[102.015629,35.165393],[102.056356,35.098561],[102.157353,35.010848],[102.40349,35.178156],[102.280216,35.307589],[102.317663,35.342833],[102.292653,35.422569],[102.447633,35.437349],[102.426723,35.539668],[102.124143,35.735338],[102.082049,35.813775],[102.110203,35.906525],[102.040913,35.925986],[102.083416,35.946729],[101.753502,36.169633],[101.638429,36.116477],[101.645535,35.999847],[101.733685,35.902511],[101.663029,35.776387],[101.764572,35.747253],[101.759106,35.662977],[101.593739,35.496061],[101.389832,35.497812],[101.479759,35.352289],[101.391745,35.335892],[101.406642,35.28897],[101.537842,35.320865],[101.549869,35.25836]]]]}},{"type":"Feature","properties":{"adcode":"632500","name":"海南藏族自治州"},"geometry":{"type":"MultiPolygon","coordinates":[[[[100.917374,36.741321],[99.839756,36.966588],[99.415953,37.163403],[99.286802,37.10653],[99.231042,36.976673],[99.155329,36.970099],[99.430986,36.760499],[99.446839,36.686981],[98.921219,36.486755],[99.065949,36.323986],[99.043809,36.233236],[98.935432,36.156498],[99.077566,36.017092],[99.102439,35.883424],[99.208219,35.7279],[99.156012,35.619818],[99.321516,35.530842],[99.213139,35.48015],[99.312086,35.412435],[99.179382,35.300035],[99.200976,35.250649],[99.477453,34.965807],[99.653753,34.936148],[99.81543,34.831225],[100.024667,34.806432],[100.10612,34.886541],[100.298,34.910237],[100.356494,34.821477],[100.465554,34.811498],[100.598257,34.703187],[100.642947,34.730855],[100.731098,34.669128],[100.852868,34.721556],[100.889631,34.663591],[101.000331,34.640979],[101.097638,34.720019],[101.131531,34.882783],[100.715518,35.071936],[100.703491,35.148881],[100.915734,35.294617],[100.733011,35.342528],[100.687638,35.404891],[101.127295,35.408168],[101.437392,35.334367],[101.479759,35.352289],[101.389832,35.497812],[101.533059,35.469109],[101.663985,35.526353],[101.772499,35.716893],[101.674509,35.79186],[101.733685,35.902511],[101.645535,35.999847],[101.667265,36.202459],[101.603169,36.322329],[101.378215,36.392883],[101.275168,36.305905],[101.200548,36.340181],[101.031355,36.509905],[100.917374,36.741321]]],[[[101.406642,35.28897],[101.329288,35.278208],[101.359218,35.172806],[101.398852,35.172119],[101.425502,35.254925],[101.506682,35.21674],[101.537842,35.320865],[101.406642,35.28897]]]]}},{"type":"Feature","properties":{"adcode":"632600","name":"果洛藏族自治州"},"geometry":{"type":"MultiPolygon","coordinates":[[[[97.66402,34.119498],[97.835401,34.208235],[97.948561,34.19184],[98.050378,34.114698],[98.401338,34.087911],[98.439468,33.841546],[98.652395,33.65543],[98.617545,33.637216],[98.648022,33.548818],[98.742185,33.477723],[98.733985,33.410237],[98.860675,33.150105],[99.179382,33.044832],[99.269036,32.878599],[99.376183,32.899797],[99.717713,32.732191],[99.788233,32.956616],[99.832376,32.951516],[99.88267,33.025158],[100.123203,32.837286],[100.139194,32.724404],[100.087943,32.669089],[100.209987,32.605865],[100.262194,32.729123],[100.402277,32.755075],[100.391207,32.719527],[100.528967,32.589559],[100.645544,32.526436],[100.676431,32.627837],[100.704038,32.611221],[100.684768,32.671057],[100.914778,32.616576],[101.076728,32.68302],[101.112261,32.636656],[101.223098,32.72582],[101.237722,32.825109],[101.123878,32.910002],[101.129071,32.989482],[101.184148,32.984227],[101.127841,33.223815],[101.272572,33.268386],[101.374388,33.171395],[101.475932,33.223267],[101.633372,33.1014],[101.740109,33.270653],[101.649362,33.324576],[101.692959,33.42249],[101.769219,33.45604],[101.777282,33.535492],[101.650045,33.502207],[101.542215,33.69519],[101.385458,33.644767],[101.166655,33.660021],[101.191665,33.785925],[100.975731,33.919402],[100.764991,34.177841],[100.821844,34.317345],[100.950585,34.383654],[100.977645,34.480282],[100.878698,34.709413],[100.731098,34.669128],[100.598257,34.703187],[100.485371,34.806355],[100.356494,34.821477],[100.318364,34.89283],[100.10612,34.886541],[100.048173,34.816334],[99.969453,34.807967],[99.477453,34.965807],[99.200976,35.250649],[99.179382,35.300035],[99.312086,35.412435],[99.213139,35.48015],[99.265756,35.474744],[99.314682,35.550471],[99.192639,35.616169],[98.765692,35.593896],[98.760772,35.538983],[98.497551,35.44809],[98.313325,35.461494],[98.260981,35.512959],[98.180758,35.337723],[98.073064,35.293473],[97.942821,35.287138],[97.638327,35.386522],[97.59104,35.257368],[97.375107,35.294999],[97.2204,35.005257],[97.0072,34.898658],[96.935313,34.785471],[96.98096,34.728473],[97.113116,34.723401],[97.073483,34.674665],[97.105463,34.630363],[97.197167,34.607433],[97.146326,34.503401],[97.324403,34.46556],[97.316203,34.375937],[97.49633,34.20576],[97.567944,34.168249],[97.627667,34.199651],[97.66402,34.119498]]]]}},{"type":"Feature","properties":{"adcode":"632700","name":"玉树藏族自治州"},"geometry":{"type":"MultiPolygon","coordinates":[[[[92.560881,32.731876],[92.636184,32.720471],[92.687981,32.766005],[92.876991,32.696948],[93.000538,32.740842],[93.067231,32.626498],[93.239705,32.66232],[93.385665,32.525175],[93.446892,32.561983],[93.516455,32.475969],[93.722002,32.578136],[93.822589,32.547561],[93.868646,32.473918],[94.137606,32.433839],[94.196783,32.516187],[94.292176,32.502783],[94.395223,32.594207],[94.46342,32.572463],[94.60118,32.663344],[94.737573,32.587432],[94.806864,32.486301],[94.889957,32.47234],[94.912507,32.415686],[95.261691,32.348097],[95.096871,32.322185],[95.079514,32.280615],[95.241054,32.320526],[95.285744,32.172413],[95.424734,32.159591],[95.454391,32.007886],[95.395624,32.001464],[95.368428,31.929123],[95.546504,31.739831],[95.653651,31.778944],[95.779658,31.749054],[95.825031,31.682004],[95.899242,31.817167],[95.983292,31.816452],[96.193485,31.60567],[96.252662,31.696166],[96.177905,31.775606],[96.189112,31.902853],[96.253072,31.929758],[96.389329,31.919917],[96.465042,31.776639],[96.565219,31.713189],[96.821879,31.700303],[96.760379,31.860457],[96.809579,31.89817],[96.721019,32.017955],[96.868619,31.964904],[97.006653,32.067806],[97.16956,32.024218],[97.23188,32.044826],[97.201813,32.092048],[97.307867,32.073907],[97.264133,32.182622],[97.299667,32.295001],[97.417883,32.300928],[97.386587,32.428078],[97.341487,32.439757],[97.388773,32.500102],[97.34176,32.557412],[97.448634,32.586723],[97.502207,32.531008],[97.70338,32.523362],[97.42376,32.704973],[97.354333,32.887471],[97.37579,32.956694],[97.5238,32.988619],[97.487994,33.168186],[97.576554,33.223345],[97.621654,33.334263],[97.753537,33.410159],[97.552637,33.465634],[97.525167,33.575776],[97.405993,33.628497],[97.435513,33.680331],[97.36882,33.824149],[97.388773,33.886111],[97.633954,33.919092],[97.695044,34.076605],[97.627667,34.199651],[97.541157,34.178305],[97.316203,34.375937],[97.324403,34.46556],[97.146326,34.503401],[97.197167,34.607433],[97.07362,34.64521],[97.138536,34.725168],[97.011573,34.756208],[97.003373,34.723939],[96.935313,34.785471],[97.017996,34.856624],[97.0072,34.898658],[97.2204,35.005257],[97.225593,35.074537],[97.371143,35.232398],[97.348183,35.298814],[97.12774,35.342604],[96.963603,35.486013],[96.787576,35.505881],[96.674963,35.592071],[96.354342,35.652493],[96.134172,35.647707],[95.993405,35.532364],[95.885165,35.636157],[95.478991,35.657887],[95.396991,35.597773],[95.175181,35.647707],[95.099331,35.51684],[94.815884,35.616473],[94.591613,35.592831],[94.155236,35.669434],[94.062029,35.636461],[93.761909,35.756282],[92.258027,35.907813],[91.582893,36.060792],[91.571413,36.155064],[91.391969,36.065327],[91.104832,36.156725],[91.124786,36.115495],[91.081326,36.088375],[90.979235,36.106809],[90.872225,36.026393],[90.662988,36.133923],[90.236725,36.160575],[90.003571,36.278549],[90.019971,36.2137],[89.946581,36.141549],[89.947128,36.069937],[89.689374,36.091246],[89.605187,36.038264],[89.404697,36.021554],[89.428067,35.91743],[89.660264,35.84819],[89.778754,35.861528],[89.740761,35.715527],[89.765907,35.59975],[89.700034,35.537461],[89.765224,35.48251],[89.49722,35.361364],[89.531797,35.276376],[89.45868,35.238508],[89.583047,35.116613],[89.584414,34.907783],[89.787501,34.921737],[89.904487,34.871738],[90.019834,34.91338],[90.121241,34.866291],[90.203241,34.932009],[90.422455,34.939598],[90.781342,34.890453],[91.003836,34.745146],[91.059186,34.796451],[91.321586,34.789924],[91.95859,34.576568],[91.940277,34.487218],[92.23206,34.377635],[92.546394,34.401939],[92.713401,34.070331],[92.911841,34.093253],[92.706704,33.944925],[92.848974,33.499167],[92.698094,33.472965],[92.620468,33.367534],[92.620878,33.283551],[92.708208,33.249935],[92.670624,33.147287],[92.731851,33.061132],[92.596277,32.869961],[92.560881,32.731876]]]]}},{"type":"Feature","properties":{"adcode":"632800","name":"海西蒙古族藏族自治州"},"geometry":{"type":"MultiPolygon","coordinates":[[[[98.093291,38.786307],[97.401347,39.146736],[96.963056,39.198346],[96.997223,39.152827],[96.94078,38.907842],[97.05599,38.594518],[96.960733,38.557824],[96.794409,38.608036],[96.780606,38.504284],[96.666353,38.483721],[96.708173,38.459125],[96.626719,38.356259],[96.665259,38.230187],[96.399716,38.281802],[96.264279,38.145895],[96.044108,38.180521],[95.701895,38.40053],[95.454118,38.291783],[95.260051,38.302276],[95.169167,38.387559],[94.98535,38.4239],[94.55198,38.350246],[94.370076,38.762763],[93.871926,38.722581],[93.756306,38.807658],[93.884226,38.826235],[93.884636,38.867669],[93.729109,38.924502],[93.206905,38.915918],[93.198158,39.046019],[93.115338,39.179576],[92.494051,39.102128],[92.380071,39.000038],[91.270609,38.745482],[90.803619,38.655146],[90.650278,38.673909],[90.420268,38.490966],[90.130808,38.494186],[90.110854,38.42456],[90.179188,38.397012],[90.159918,38.360218],[90.280868,38.238119],[90.352891,38.233492],[90.361638,38.300148],[90.530695,38.319076],[90.519625,37.731184],[90.776149,37.650537],[90.942609,37.494916],[91.056999,37.483862],[91.190932,37.205714],[91.280313,37.163776],[91.314206,37.019908],[91.133669,37.007739],[90.983745,36.913679],[90.873592,36.920556],[90.722439,36.798168],[90.755102,36.721239],[90.706038,36.659159],[90.741025,36.585845],[91.011352,36.539809],[91.026386,36.323685],[91.074082,36.297616],[91.093352,36.184199],[91.291929,36.081348],[91.391969,36.065327],[91.571413,36.155064],[91.548863,36.09525],[91.63264,36.037735],[91.885473,36.024957],[92.258027,35.907813],[93.761909,35.756282],[94.062029,35.636461],[94.155236,35.669434],[94.68687,35.587889],[94.815884,35.616473],[95.113407,35.511665],[95.166707,35.6727],[95.396991,35.597773],[95.468604,35.646947],[95.885165,35.636157],[95.993405,35.532364],[96.117499,35.625062],[96.429509,35.634181],[97.000366,35.472688],[97.12774,35.342604],[97.59104,35.257368],[97.617007,35.376612],[98.021404,35.285536],[98.179118,35.320102],[98.253055,35.493702],[98.594585,35.461266],[98.760772,35.538983],[98.793025,35.603551],[98.865049,35.569258],[99.156012,35.619818],[99.208219,35.7279],[99.126766,35.802629],[99.089456,35.999923],[98.937072,36.143437],[99.043809,36.233236],[99.065949,36.323986],[98.921219,36.486755],[99.427159,36.671534],[99.387389,36.798318],[99.160112,36.95456],[99.231042,36.976673],[99.271769,37.089079],[99.368529,37.175324],[99.454356,37.156622],[99.417046,37.370111],[99.541549,37.596774],[99.686143,37.667266],[99.648423,37.793052],[99.477453,37.846009],[99.358963,37.967364],[99.411716,38.025352],[99.684503,38.071002],[99.579269,38.109635],[99.585009,38.200215],[99.283932,38.274535],[99.223662,38.328465],[99.089319,38.26301],[98.947459,38.271599],[98.907825,38.2887],[98.948142,38.444041],[98.182534,38.667558],[98.093291,38.786307]]],[[[92.560881,32.731876],[92.596277,32.869961],[92.729801,33.038248],[92.673494,33.133038],[92.721054,33.232105],[92.598601,33.301604],[92.599147,33.35215],[92.698094,33.472965],[92.848974,33.499167],[92.706704,33.944925],[92.782281,34.035704],[92.902685,34.068705],[92.713401,34.070331],[92.652584,34.121897],[92.513731,34.415901],[92.491317,34.378252],[92.23206,34.377635],[91.940277,34.487218],[91.96638,34.555318],[91.704116,34.670513],[91.232752,34.802823],[90.961059,34.755747],[90.918829,34.834448],[90.607365,34.925417],[90.221145,34.94228],[90.121241,34.866291],[90.019834,34.91338],[89.904487,34.871738],[89.830687,34.898428],[89.851597,34.821401],[89.732561,34.732238],[89.814971,34.548772],[89.799527,34.39623],[89.864991,34.322905],[89.785587,34.14999],[89.63498,34.04934],[89.795017,33.865539],[89.933598,33.797036],[89.902301,33.758411],[89.983754,33.725834],[89.984028,33.612147],[90.091858,33.469768],[90.225655,33.436302],[90.367378,33.28144],[90.480948,33.265806],[90.705628,33.135778],[91.133669,33.074061],[91.225919,33.141415],[91.435976,33.066147],[91.501303,33.107588],[91.896953,32.907255],[91.94096,32.836187],[92.205274,32.866191],[92.198714,32.75484],[92.255294,32.720785],[92.355881,32.764589],[92.560881,32.731876]]]]}},{"type":"Feature","properties":{"adcode":"640100","name":"银川市"},"geometry":{"type":"MultiPolygon","coordinates":[[[[106.824334,38.16341],[106.482453,38.319489],[106.64874,38.472745],[106.643041,38.638866],[106.003321,38.875156],[105.898612,38.789574],[105.821758,38.368131],[105.852749,38.264717],[105.967272,38.224072],[105.940159,38.160295],[106.077342,38.210887],[106.126881,38.145418],[106.218404,38.13103],[106.207107,38.071357],[106.358691,37.886658],[106.289559,37.871108],[106.303217,37.815011],[106.545312,37.667673],[106.773817,37.637179],[106.767005,37.722067],[106.880786,37.836294],[106.764847,37.976847],[106.784878,38.040456],[106.831281,38.034175],[106.824334,38.16341]]]]}},{"type":"Feature","properties":{"adcode":"640200","name":"石嘴山市"},"geometry":{"type":"MultiPolygon","coordinates":[[[[106.662532,38.601485],[106.709575,38.718895],[106.954335,38.94118],[106.971398,39.016983],[106.853673,39.116526],[106.795939,39.214314],[106.798064,39.348086],[106.755843,39.373472],[106.602607,39.375325],[106.514186,39.274535],[106.284602,39.270298],[106.295562,39.167983],[106.253914,39.132335],[106.146069,39.153233],[106.070834,38.990253],[105.96889,38.905093],[106.572122,38.681679],[106.662532,38.601485]]]]}},{"type":"Feature","properties":{"adcode":"640300","name":"吴忠市"},"geometry":{"type":"MultiPolygon","coordinates":[[[[105.852749,38.264717],[105.775322,38.186804],[105.839935,38.007899],[105.808674,37.875386],[105.771916,37.811305],[105.633653,37.781448],[105.616286,37.722562],[105.882695,37.735876],[105.882931,37.615178],[106.024566,37.643782],[106.002073,37.592964],[106.075319,37.527647],[105.850186,37.396508],[105.925725,37.307642],[105.734888,37.288903],[105.771579,37.216181],[105.712834,37.187455],[105.679212,37.261614],[105.561284,37.217717],[105.664981,37.191897],[105.848669,36.980194],[105.742105,36.914092],[105.737519,36.840176],[105.826648,36.803504],[105.923972,36.926801],[106.152881,36.587288],[106.468526,36.620424],[106.514355,36.715611],[106.645401,36.723173],[106.638218,36.884168],[106.540389,36.984399],[106.580451,36.947421],[106.646548,36.998344],[106.605237,37.127601],[106.752538,37.086826],[106.78073,37.158634],[106.892184,37.097926],[106.922501,37.147169],[106.984753,37.107528],[107.181491,37.143555],[107.285188,37.096263],[107.273351,37.125398],[107.330882,37.129803],[107.25794,37.336986],[107.284311,37.481919],[107.372193,37.580038],[107.312605,37.6101],[107.399643,37.653851],[107.386862,37.691102],[107.465436,37.691225],[107.499192,37.76567],[107.646122,37.805211],[107.63614,37.872548],[107.419404,37.940686],[107.440515,37.995496],[107.190394,38.154025],[107.051153,38.122626],[106.824334,38.16341],[106.857247,38.048541],[106.762385,38.00256],[106.822681,37.875016],[106.885675,37.863167],[106.861665,37.796893],[106.769602,37.737813],[106.775234,37.658349],[106.536578,37.656203],[106.282714,37.838558],[106.358016,37.924325],[106.210547,38.0659],[106.218404,38.13103],[106.078995,38.183486],[105.966125,38.146402],[105.970172,38.219404],[105.852749,38.264717]]]]}},{"type":"Feature","properties":{"adcode":"640400","name":"固原市"},"geometry":{"type":"MultiPolygon","coordinates":[[[[106.071306,35.449418],[106.115854,35.362208],[106.166977,35.421009],[106.237491,35.409456],[106.363614,35.238304],[106.50933,35.358765],[106.434972,35.688515],[106.524539,35.739464],[106.737498,35.689446],[106.91434,35.791353],[106.850132,35.887555],[106.944791,35.940275],[106.902537,35.943566],[106.946342,36.122393],[106.834181,36.229124],[106.484038,36.285523],[106.526967,36.390185],[106.492435,36.399247],[106.502586,36.485279],[106.371269,36.515821],[106.270405,36.382507],[105.984639,36.319082],[106.003557,36.193843],[105.886371,36.216132],[105.818521,36.121256],[105.768679,36.174662],[105.696816,36.155265],[105.603606,36.230721],[105.537004,36.218024],[105.488679,36.191109],[105.500347,36.123277],[105.343941,36.033852],[105.383903,35.792494],[105.408588,35.822292],[105.564353,35.687668],[105.668927,35.750039],[105.734888,35.724445],[105.714722,35.646979],[105.836596,35.494791],[105.884347,35.543785],[105.974286,35.531783],[106.099431,35.499628],[106.071306,35.449418]]],[[[106.05458,35.451625],[106.028546,35.486983],[105.8976,35.451498],[105.893958,35.415403],[106.05458,35.451625]]],[[[106.073026,35.420755],[106.074678,35.430692],[106.063516,35.437911],[106.073026,35.420755]]],[[[106.074105,35.454894],[106.069789,35.458121],[106.071306,35.449418],[106.074105,35.454894]]]]}},{"type":"Feature","properties":{"adcode":"640500","name":"中卫市"},"geometry":{"type":"MultiPolygon","coordinates":[[[[106.410927,36.519381],[106.371775,36.548904],[106.471662,36.581303],[106.432813,36.635439],[106.167416,36.579043],[105.934695,36.932883],[105.839901,36.829247],[105.737519,36.840176],[105.742105,36.914092],[105.848669,36.980194],[105.664981,37.191897],[105.561284,37.217717],[105.676481,37.276836],[105.712834,37.187455],[105.769454,37.19306],[105.734888,37.288903],[105.925725,37.307642],[105.943666,37.33222],[105.843273,37.38127],[106.075319,37.527647],[106.002073,37.592964],[106.024566,37.643782],[105.882931,37.615178],[105.853289,37.739833],[105.314771,37.702071],[105.024183,37.579872],[104.41967,37.511815],[104.407563,37.46463],[104.303259,37.441709],[104.679908,37.407852],[104.702873,37.34548],[104.603627,37.262444],[104.626053,37.205846],[104.776422,37.246639],[104.856412,37.21174],[104.954545,37.040289],[105.165346,36.994889],[105.184062,36.902382],[105.274607,36.870785],[105.341075,36.764685],[105.200957,36.7022],[105.275956,36.563138],[105.248978,36.546727],[105.36141,36.498184],[105.488679,36.191109],[105.588127,36.237447],[105.673547,36.155812],[105.857032,36.150762],[105.98184,36.19603],[105.984639,36.319082],[106.197395,36.341797],[106.410927,36.519381]]]]}},{"type":"Feature","properties":{"adcode":"650100","name":"乌鲁木齐市"},"geometry":{"type":"MultiPolygon","coordinates":[[[[87.504658,44.066424],[87.28703,43.959569],[87.278563,43.800446],[86.900976,43.429398],[86.940108,43.367188],[86.797998,43.112442],[87.054528,43.022941],[87.270096,43.032322],[87.538069,42.908201],[87.758213,42.898948],[87.941515,42.827815],[87.634411,43.036572],[87.385203,43.123565],[87.36804,43.281272],[87.587727,43.260979],[88.164634,43.331028],[88.225048,43.325193],[88.247932,43.224609],[88.430776,43.197427],[88.523457,43.262585],[88.53261,43.352027],[88.93148,43.435368],[88.974273,43.55101],[88.835138,43.720797],[88.704927,43.708913],[88.723006,43.742964],[88.531466,43.801314],[88.512015,43.858016],[88.413842,43.791617],[88.282487,43.830974],[88.21086,43.758897],[88.138318,43.756869],[88.132826,43.817086],[88.018405,43.874496],[87.996894,43.994632],[87.774232,44.11726],[87.818627,44.225268],[87.802151,44.378238],[88.004446,45.002015],[87.336231,45.001874],[87.555461,44.665873],[87.712216,44.262902],[87.652489,44.196236],[87.584066,44.239347],[87.576743,44.116541],[87.508319,44.021456],[87.504658,44.066424]]]]}},{"type":"Feature","properties":{"adcode":"650200","name":"克拉玛依市"},"geometry":{"type":"MultiPolygon","coordinates":[[[[85.010295,44.755219],[85.047367,44.770167],[85.051486,44.931793],[85.156066,44.970958],[85.171627,45.022711],[85.240737,45.019735],[85.250348,45.158607],[85.201834,45.244224],[85.239593,45.375508],[85.491775,45.51267],[85.596813,45.641929],[85.642353,45.78921],[86.024288,46.068001],[85.993165,46.123897],[85.903002,46.181819],[85.648302,46.211936],[85.380101,46.143628],[85.282844,46.090811],[85.288565,45.967608],[85.129978,45.74543],[84.847589,45.631414],[84.791981,45.663794],[84.80594,45.608275],[84.579388,45.31068],[84.58877,45.241401],[84.668864,45.158607],[84.657422,45.063514],[84.805253,45.025687],[84.861548,44.899419],[84.917156,44.888481],[84.917156,44.836891],[84.84942,44.826511],[85.010295,44.755219]]],[[[85.113273,44.34369],[84.77825,44.390848],[84.798159,44.258737],[84.737974,44.126185],[84.917385,44.17927],[84.969103,44.297354],[85.108467,44.309551],[85.113273,44.34369]]]]}},{"type":"Feature","properties":{"adcode":"650400","name":"吐鲁番市"},"geometry":{"type":"MultiPolygon","coordinates":[[[[91.910299,41.271422],[91.905264,41.399694],[91.785581,41.508947],[91.855377,41.74336],[91.737066,42.011046],[91.632715,42.075225],[91.637521,42.140529],[91.464288,42.246003],[91.384652,42.972787],[91.259018,43.334236],[91.104551,43.494744],[90.881202,43.532842],[90.385304,43.498525],[90.17294,43.55348],[89.67956,43.410319],[89.398086,43.449344],[89.280233,43.552753],[89.226913,43.526445],[89.138123,43.600254],[88.936285,43.63248],[88.974273,43.55101],[88.93148,43.435368],[88.555037,43.342549],[88.430776,43.197427],[88.247932,43.224609],[88.225048,43.325193],[88.164634,43.331028],[87.587727,43.260979],[87.36804,43.281272],[87.385203,43.123565],[87.634411,43.036572],[87.638072,42.998162],[87.931675,42.854426],[87.882245,42.829873],[87.758213,42.898948],[87.538069,42.908201],[87.509235,42.795601],[87.841054,42.768229],[87.913139,42.659355],[88.202393,42.501674],[88.122299,42.371302],[87.898264,42.248675],[87.997581,42.069867],[88.138775,42.004193],[88.341986,41.76804],[88.347478,41.533567],[88.307889,41.513902],[88.406519,41.459828],[88.735363,41.475003],[89.204029,41.361178],[89.399001,41.396385],[89.743635,41.344622],[89.834256,41.377129],[89.960347,41.357416],[90.108636,41.252883],[90.399721,41.234187],[91.092651,41.251375],[91.446667,41.197687],[91.910299,41.271422]]]]}},{"type":"Feature","properties":{"adcode":"650500","name":"哈密市"},"geometry":{"type":"MultiPolygon","coordinates":[[[[91.518752,45.096928],[91.501818,45.030931],[91.569097,44.894873],[91.387169,44.736563],[91.402501,44.624788],[91.287623,44.375515],[91.332934,44.28013],[91.307075,44.008911],[91.511429,43.870882],[91.563147,43.769468],[91.366344,43.705144],[91.553994,43.643364],[91.174805,43.524991],[91.16588,43.442356],[91.259018,43.334236],[91.384652,42.972787],[91.464288,42.246003],[91.637521,42.140529],[91.632715,42.075225],[91.737066,42.011046],[91.855377,41.74336],[91.785581,41.508947],[91.889932,41.401799],[91.910299,41.271422],[92.070029,41.264187],[92.535949,41.120847],[92.863191,41.112992],[93.200731,40.990968],[93.556807,40.957511],[93.696629,40.875388],[93.809905,40.87933],[94.18406,41.268558],[94.534186,41.505944],[94.750211,41.53837],[94.861886,41.668512],[95.136266,41.772826],[95.306752,41.57168],[95.335357,41.644243],[95.571521,41.796],[95.855741,41.849643],[96.115933,41.98482],[96.139046,42.054236],[96.077259,42.149598],[96.178406,42.217943],[96.041102,42.326549],[96.066045,42.414543],[95.978628,42.436744],[96.103575,42.604183],[96.386193,42.727737],[96.363538,42.900564],[95.879769,43.280104],[95.858029,43.417602],[95.526897,44.007469],[95.326661,44.028809],[95.430097,44.281709],[94.998732,44.253136],[94.722751,44.340822],[94.606042,44.448276],[94.358894,44.515657],[94.215411,44.668155],[93.509437,44.968262],[92.884245,45.0468],[92.500936,45.001165],[92.240287,45.015908],[92.100236,45.081497],[91.518752,45.096928]]]]}},{"type":"Feature","properties":{"adcode":"652300","name":"昌吉回族自治州"},"geometry":{"type":"MultiPolygon","coordinates":[[[[90.671355,45.487654],[90.494919,45.42028],[90.22237,45.064364],[90.23816,45.001732],[88.004446,45.002015],[87.802151,44.378238],[87.818627,44.225268],[87.774232,44.11726],[87.996894,43.994632],[88.018405,43.874496],[88.132826,43.817086],[88.138318,43.756869],[88.21086,43.758897],[88.282487,43.830974],[88.413842,43.791617],[88.512015,43.858016],[88.531466,43.801314],[88.723006,43.742964],[88.704927,43.708913],[88.835138,43.720797],[88.999903,43.607078],[89.138123,43.600254],[89.226913,43.526445],[89.280233,43.552753],[89.398086,43.449344],[89.67956,43.410319],[90.17294,43.55348],[90.318025,43.504925],[90.881202,43.532842],[91.169084,43.49518],[91.317144,43.586313],[91.474815,43.605336],[91.553994,43.643364],[91.366344,43.705144],[91.563834,43.745572],[91.511429,43.870882],[91.307075,44.008911],[91.332934,44.28013],[91.287623,44.375515],[91.402501,44.624788],[91.387169,44.736563],[91.569097,44.894873],[91.501818,45.030931],[91.518752,45.096928],[91.449185,45.156627],[91.377329,45.11108],[91.242084,45.137394],[91.129723,45.215982],[90.881889,45.191823],[90.877083,45.280918],[90.671355,45.487654]]],[[[87.59116,44.533383],[87.555461,44.665873],[87.336231,45.001874],[87.336918,45.330559],[85.666838,45.331123],[85.668898,44.9193],[85.781488,44.922849],[85.868447,44.86589],[85.942134,44.759633],[85.906892,44.736563],[85.955635,44.638629],[86.068225,44.601807],[86.141683,44.32734],[86.096144,44.125897],[85.967535,44.003575],[85.965018,43.931706],[85.786293,43.839507],[85.719701,43.638575],[85.579879,43.539528],[85.989046,43.403036],[86.090423,43.431728],[86.166169,43.306811],[86.486317,43.142149],[86.797998,43.112442],[86.940108,43.367188],[86.900976,43.429398],[87.278563,43.800446],[87.28703,43.959569],[87.383144,44.044233],[87.504658,44.066424],[87.523423,44.227279],[87.423877,44.351433],[87.449279,44.443552],[87.370557,44.566963],[87.514498,44.548818],[87.501912,44.594812],[87.59116,44.533383]]]]}},{"type":"Feature","properties":{"adcode":"652700","name":"博尔塔拉蒙古自治州"},"geometry":{"type":"MultiPolygon","coordinates":[[[[82.172213,44.713627],[82.184341,44.790093],[81.993946,44.762053],[81.94566,44.684694],[82.012482,44.674999],[82.011566,44.63335],[81.960764,44.584816],[82.082507,44.570534],[82.08388,44.514656],[81.978384,44.482906],[82.002184,44.456005],[81.838334,44.438256],[81.751603,44.347131],[82.36032,44.265343],[82.444991,44.182434],[82.705411,44.071178],[83.126707,44.092928],[83.243416,44.073195],[83.310466,44.008334],[83.429921,44.006171],[83.468824,44.036882],[83.412071,44.168916],[83.531526,44.414915],[83.517567,44.467597],[83.79332,44.466739],[83.745492,44.552962],[83.795837,44.756785],[83.666313,44.888339],[83.474087,44.976064],[83.002675,45.050766],[82.757816,45.152102],[82.615477,45.109099],[82.588245,45.038582],[82.679552,44.871432],[82.738822,44.858641],[82.596483,44.722888],[82.080905,44.64405],[82.172213,44.713627]]],[[[82.145667,44.89672],[81.940397,45.010238],[82.133767,45.037165],[82.20036,44.984291],[82.275191,45.03008],[82.272902,45.091407],[82.161457,45.226292],[81.920717,45.233353],[81.787989,45.383676],[80.906266,45.131171],[80.726626,45.176984],[80.599162,45.105702],[80.493666,45.127068],[80.404418,45.049491],[80.11196,45.052749],[79.887925,44.909218],[79.969163,44.877542],[79.99937,44.793793],[80.262766,44.843573],[80.482911,44.739412],[80.636005,44.73115],[80.691842,44.674144],[80.66072,44.637202],[80.890018,44.52981],[81.459603,44.450996],[81.751603,44.347131],[81.838334,44.438256],[82.002184,44.456005],[81.978384,44.482906],[82.08388,44.514656],[82.082507,44.570534],[81.984105,44.569962],[82.012482,44.674999],[81.94566,44.684694],[81.968544,44.72303],[82.173128,44.80802],[82.172213,44.713627],[82.192579,44.752229],[82.277937,44.743827],[82.206996,44.821248],[82.083422,44.837602],[82.162372,44.864326],[82.088915,44.879247],[82.145667,44.89672]]],[[[82.277937,44.743827],[82.23583,44.6817],[82.539959,44.682271],[82.542934,44.740124],[82.206996,44.821248],[82.277937,44.743827]]],[[[82.130564,44.925121],[82.278395,44.860631],[82.656439,44.944425],[82.525771,45.08532],[82.454144,45.068895],[82.438812,45.006977],[82.275191,45.03008],[82.20036,44.984291],[82.211115,44.94329],[82.130564,44.925121]]],[[[82.582753,45.219089],[82.486868,45.181083],[82.294413,45.247754],[82.161457,45.226292],[82.222786,45.148426],[82.588245,45.038582],[82.680696,45.138526],[82.582753,45.219089]]]]}},{"type":"Feature","properties":{"adcode":"652800","name":"巴音郭楞蒙古自治州"},"geometry":{"type":"MultiPolygon","coordinates":[[[[85.894993,41.821856],[85.792701,41.82589],[85.73961,41.756374],[85.785836,41.664468],[85.703682,41.684237],[85.705513,41.745903],[85.357675,41.747399],[85.367973,41.826488],[85.498412,41.866369],[85.512142,41.914581],[85.262477,41.971106],[85.26385,42.034581],[85.340969,42.109447],[85.265223,42.283545],[85.020821,42.296746],[84.899536,42.356783],[84.773673,42.30772],[84.75857,42.35945],[84.495632,42.432897],[84.232007,42.424905],[83.947101,42.531972],[83.932455,42.373821],[83.974104,42.294521],[83.880279,42.261735],[83.880737,42.186454],[83.987606,41.93323],[83.900646,41.597626],[84.015295,41.445401],[84.034518,41.168864],[84.08738,41.120847],[84.009574,40.037654],[83.414817,39.483227],[83.395137,39.321629],[83.38667,38.388217],[83.819179,38.048104],[83.938405,37.832252],[83.989894,37.612273],[83.975706,37.410437],[83.79126,37.250203],[83.860828,37.070112],[83.833138,36.83232],[84.302719,36.611171],[84.346428,36.545636],[84.308211,36.42263],[84.35581,36.397779],[84.363362,36.311223],[84.537739,36.269364],[84.681222,36.142844],[84.84347,36.09895],[84.917614,35.77442],[84.986266,35.725113],[85.271173,35.788735],[85.374151,35.700367],[85.566149,35.640423],[85.653337,35.731299],[85.948999,35.778813],[86.126122,35.931738],[86.200037,36.0479],[86.190197,36.13248],[86.280132,36.170851],[86.700054,36.244788],[86.746051,36.291994],[86.887246,36.262898],[86.996174,36.308638],[87.149497,36.297488],[87.424106,36.425856],[87.470332,36.354352],[87.570564,36.342401],[87.982935,36.437794],[88.470594,36.482303],[88.573115,36.461181],[88.783191,36.291832],[88.801727,36.337232],[88.925987,36.364363],[89.128054,36.249639],[89.232176,36.295711],[89.29854,36.228615],[89.761714,36.073186],[89.941353,36.067514],[90.028084,36.258371],[90.145708,36.238966],[90.253492,36.157415],[90.662888,36.133937],[90.846876,36.016929],[90.994936,36.107861],[91.092422,36.088743],[91.124689,36.115474],[91.098601,36.216807],[91.026516,36.323664],[91.035898,36.530009],[90.740923,36.585898],[90.706139,36.661049],[90.755111,36.721182],[90.7336,36.827345],[90.87365,36.920537],[91.037043,36.929514],[91.133613,37.007692],[91.305702,37.012815],[91.2803,37.163807],[91.191052,37.20582],[91.194485,37.273662],[91.056952,37.483823],[90.940701,37.480481],[90.776164,37.650543],[90.519634,37.730829],[90.530847,38.319819],[90.361734,38.300152],[90.352809,38.23356],[90.280724,38.238127],[90.137699,38.340581],[90.179119,38.397018],[90.128316,38.400161],[90.110696,38.473036],[90.426953,38.493912],[90.653048,38.674317],[91.301582,38.747697],[91.446439,38.813502],[92.418325,39.013048],[92.351275,39.0839],[92.340061,39.238127],[92.639843,39.514326],[92.796599,40.153919],[92.9069,40.310669],[92.928411,40.572686],[93.760704,40.664919],[93.821118,40.79377],[93.809905,40.87933],[93.696629,40.875388],[93.556807,40.957511],[93.200731,40.990968],[92.863191,41.112992],[92.535949,41.120847],[92.023346,41.272476],[91.840273,41.281066],[91.446667,41.197687],[91.092651,41.251375],[90.399721,41.234187],[90.108636,41.252883],[89.960347,41.357416],[89.834256,41.377129],[89.460788,41.359824],[89.338816,41.404807],[89.204029,41.361178],[88.735363,41.475003],[88.406519,41.459828],[88.318873,41.493179],[88.341986,41.76804],[88.138775,42.004193],[87.997581,42.069867],[87.898264,42.248675],[88.122299,42.371302],[88.202393,42.501674],[87.913139,42.659355],[87.841054,42.768229],[87.456144,42.800015],[87.015625,42.745409],[87.00281,42.625432],[86.959102,42.604626],[87.039425,42.475947],[86.922258,42.43778],[86.908757,42.481567],[86.751086,42.417948],[86.616298,42.302085],[86.635063,42.2319],[86.735067,42.169663],[86.578082,42.031602],[86.595474,41.96887],[86.503251,41.922787],[86.522931,41.850091],[85.888585,41.763853],[85.894993,41.821856]]],[[[82.638132,42.597689],[82.826468,42.645198],[82.81617,42.579088],[82.958738,42.630448],[83.078422,42.553688],[83.320993,42.569195],[83.350742,42.508326],[83.487589,42.469883],[83.713912,42.540689],[83.947101,42.531972],[84.232007,42.424905],[84.495632,42.432897],[84.75857,42.35945],[84.773673,42.30772],[84.899536,42.356783],[85.020821,42.296746],[85.265223,42.283545],[85.263621,42.211261],[85.335706,42.177242],[85.340969,42.109447],[85.26385,42.034581],[85.262477,41.971106],[85.443948,41.93845],[85.487427,42.197002],[85.760663,42.069718],[85.751738,42.037262],[86.000488,42.018942],[86.100949,41.918908],[86.362056,41.830522],[86.522931,41.850091],[86.521787,41.906076],[86.595474,41.96887],[86.578082,42.031602],[86.704631,42.103051],[86.735067,42.169663],[86.635063,42.2319],[86.634835,42.293186],[86.751086,42.417948],[86.908757,42.481567],[87.024321,42.450061],[86.95361,42.579236],[87.015625,42.745409],[87.444473,42.783094],[87.543103,42.8459],[87.497106,42.940062],[87.270096,43.032322],[87.111281,43.063093],[87.054528,43.022941],[86.797998,43.112442],[86.486317,43.142149],[86.166169,43.306811],[86.090423,43.431728],[85.989046,43.403036],[85.5975,43.530806],[85.328154,43.486743],[85.31511,43.529207],[85.170483,43.510742],[85.056292,43.563942],[84.92425,43.425175],[84.661541,43.491253],[84.633165,43.432747],[84.692893,43.40187],[84.676187,43.37229],[84.532246,43.292802],[84.653761,43.175351],[84.423318,43.16175],[84.413707,43.102341],[84.279149,43.174912],[83.758078,43.149317],[83.627639,43.08067],[82.82418,42.980269],[82.789396,42.933897],[82.653236,42.934337],[82.649345,42.88367],[82.532637,42.901739],[82.480003,42.800603],[82.599229,42.719635],[82.638132,42.597689]]],[[[85.792701,41.82589],[86.362056,41.830522],[86.224294,41.908016],[86.113993,41.898465],[86.000488,42.018942],[85.751738,42.037262],[85.760663,42.069718],[85.487427,42.197002],[85.443948,41.93845],[85.792701,41.82589]]]]}},{"type":"Feature","properties":{"adcode":"652900","name":"阿克苏地区"},"geometry":{"type":"MultiPolygon","coordinates":[[[[78.36499,40.009709],[78.903681,40.257134],[79.003913,40.219786],[79.343055,40.241065],[79.833461,40.131388],[79.915386,40.386617],[79.810348,40.491154],[79.941016,40.44295],[80.022026,40.500913],[80.087245,40.694571],[80.050402,40.828826],[80.136675,40.891912],[80.22455,40.883878],[80.23622,40.784358],[80.331876,40.850064],[80.397095,40.818964],[80.592296,40.619884],[80.725939,40.701412],[80.867363,40.658987],[81.140828,40.698979],[81.32985,40.762947],[81.32596,40.805154],[81.457085,40.804699],[81.863506,40.944033],[82.061454,41.126436],[82.456661,41.255897],[82.57932,41.342063],[82.635844,41.503241],[82.848894,41.478759],[82.98391,41.408717],[83.069039,41.243234],[83.301312,41.124019],[83.390789,41.137914],[83.438159,41.06811],[83.485529,41.077028],[83.478893,41.135951],[83.589652,41.15724],[83.670432,41.036205],[83.848242,40.9563],[83.889662,40.833681],[84.067471,40.77707],[84.08738,41.120847],[84.034518,41.168864],[84.015295,41.445401],[83.900646,41.597626],[83.987606,41.93323],[83.880737,42.186454],[83.880279,42.261735],[83.974104,42.294521],[83.932455,42.373821],[83.947101,42.531972],[83.713912,42.540689],[83.487589,42.469883],[83.350742,42.508326],[83.320993,42.569195],[83.078422,42.553688],[82.958738,42.630448],[82.841571,42.568014],[82.826468,42.645198],[82.585499,42.543939],[82.142692,42.489256],[82.133538,42.440444],[81.959848,42.402255],[81.195521,42.343595],[81.152498,42.323585],[81.160508,42.259954],[81.048147,42.284732],[80.985216,42.380634],[80.284048,42.32062],[80.286565,42.233088],[80.168712,42.20027],[80.142167,42.03473],[79.923624,42.042325],[79.852683,42.015367],[79.776708,41.892495],[79.325892,41.809452],[79.219024,41.726452],[78.696809,41.541672],[78.650583,41.467341],[78.391765,41.408266],[78.711913,41.185616],[78.826333,40.994751],[78.875534,40.985216],[78.748298,40.81866],[78.570489,40.766137],[78.605044,40.696699],[78.523577,40.552579],[78.205259,40.420362],[78.091068,40.274882],[78.03134,40.093818],[78.313272,40.066049],[78.36499,40.009709]]],[[[80.592296,40.619884],[80.331876,40.850064],[80.23622,40.784358],[80.22455,40.883878],[80.136675,40.891912],[80.050402,40.828826],[80.087245,40.694571],[80.022026,40.500913],[79.941016,40.44295],[79.810348,40.491154],[79.915386,40.386617],[79.833461,40.131388],[79.862981,39.957165],[79.764351,39.622831],[80.162305,39.464034],[83.414817,39.483227],[84.009574,40.037654],[84.067471,40.77707],[83.889662,40.833681],[83.848242,40.9563],[83.670432,41.036205],[83.589652,41.15724],[83.478893,41.135951],[83.485529,41.077028],[83.438159,41.06811],[83.390789,41.137914],[83.301312,41.124019],[83.069039,41.243234],[82.98391,41.408717],[82.848894,41.478759],[82.635844,41.503241],[82.57932,41.342063],[82.456661,41.255897],[82.294642,41.23268],[81.999895,41.076726],[81.743365,40.733326],[81.978613,40.468429],[81.281107,40.43593],[81.210395,40.397307],[80.931438,40.432573],[80.740128,40.369357],[80.605798,40.423262],[80.683833,40.464616],[80.673993,40.511585],[80.729372,40.452411],[80.809924,40.454699],[80.741272,40.533228],[80.621588,40.556845],[80.592296,40.619884]]]]}},{"type":"Feature","properties":{"adcode":"653000","name":"克孜勒苏柯尔克孜自治州"},"geometry":{"type":"MultiPolygon","coordinates":[[[[78.36499,40.009709],[78.313272,40.066049],[78.03134,40.093818],[78.091068,40.274882],[78.205259,40.420362],[78.523577,40.552579],[78.605044,40.696699],[78.570489,40.766137],[78.861803,40.891609],[78.875534,40.985216],[78.826333,40.994751],[78.711913,41.185616],[78.391765,41.408266],[78.166128,41.3842],[78.129055,41.228156],[77.834537,41.151956],[77.829503,41.059493],[77.780531,41.023046],[77.169298,41.009127],[77.091492,41.062668],[76.885764,41.027432],[76.761961,40.954028],[76.731525,40.819116],[76.646626,40.760062],[76.657381,40.620341],[76.55692,40.542676],[76.539528,40.464005],[76.333343,40.343688],[76.283227,40.415171],[76.048894,40.388756],[76.048436,40.356982],[75.98642,40.381883],[75.921429,40.291248],[75.831037,40.327333],[75.709065,40.280848],[75.669934,40.363857],[75.734467,40.467514],[75.646134,40.516615],[75.599451,40.659748],[75.242459,40.448901],[74.963274,40.464616],[74.844505,40.52134],[74.814756,40.460954],[74.908352,40.33895],[74.698047,40.344452],[74.663263,40.271363],[74.577448,40.260347],[74.356617,40.089216],[74.26325,40.125102],[74.023425,40.085074],[73.845387,39.831172],[73.841725,39.756297],[73.905572,39.742114],[73.953628,39.600278],[73.868042,39.482917],[73.610596,39.465892],[73.506474,39.380547],[73.742866,39.029404],[73.820214,39.041553],[73.826393,38.916855],[73.767581,38.941033],[73.699386,38.857703],[73.852252,38.584249],[73.926168,38.535958],[74.090704,38.542231],[74.068735,38.58566],[74.148143,38.676821],[74.506508,38.637677],[74.784778,38.538154],[74.862812,38.484024],[74.806746,38.285516],[74.982725,38.243009],[75.108587,38.276387],[75.192114,38.198902],[75.278158,38.203786],[75.399215,38.106031],[75.410428,37.922624],[75.666959,37.875473],[75.880467,37.92642],[75.793507,37.734476],[75.805865,37.65213],[76.208167,37.813405],[76.264462,37.731463],[76.384374,37.867401],[76.482089,37.849987],[76.469274,37.925787],[76.6004,38.219541],[76.602688,38.399532],[76.455544,38.497835],[76.344098,38.500503],[76.401995,38.540192],[76.403139,38.606189],[76.149584,38.609323],[76.16217,38.646917],[75.977495,38.759268],[75.908157,38.875345],[75.759181,38.947115],[75.927608,39.039528],[75.940194,39.007127],[76.141116,39.039684],[76.050953,39.155925],[76.145922,39.202243],[75.882298,39.269025],[75.707006,39.12731],[75.771996,39.095728],[75.757579,38.997934],[75.662839,38.955691],[75.565582,38.971282],[75.587322,39.100396],[75.736755,39.296806],[75.350014,39.144574],[75.299898,39.407819],[75.389375,39.505972],[75.36077,39.654022],[75.466265,39.67918],[75.855523,39.585754],[76.215947,39.625302],[76.447763,39.575864],[76.59834,39.6131],[76.838165,39.82686],[77.511872,39.878427],[77.529264,39.925804],[77.798152,39.986822],[78.36499,40.009709]]]]}},{"type":"Feature","properties":{"adcode":"653100","name":"喀什地区"},"geometry":{"type":"MultiPolygon","coordinates":[[[[74.806746,38.285516],[74.821621,38.103033],[74.925744,38.017307],[74.917505,37.845079],[75.006524,37.77094],[74.892104,37.668162],[74.930778,37.571759],[75.078609,37.511026],[75.153211,37.4141],[75.12575,37.322311],[74.927117,37.277651],[74.911098,37.233602],[74.816129,37.216519],[74.753655,37.281161],[74.511084,37.239988],[74.477216,37.199431],[74.498956,37.072352],[74.568066,37.032666],[74.709032,37.08451],[74.739238,37.028024],[74.847022,37.056992],[74.893935,36.939611],[75.032383,37.016818],[75.413632,36.954674],[75.458485,36.721022],[75.634006,36.771632],[75.871542,36.666518],[76.034934,36.409237],[75.989624,36.34014],[76.055301,36.252712],[76.011593,36.229101],[76.016398,36.165509],[75.936304,36.134747],[75.949577,36.070269],[76.097408,36.022605],[76.164687,35.908842],[76.147066,35.833451],[76.365838,35.824185],[76.369728,35.863356],[76.548911,35.919235],[76.597425,35.895686],[76.593534,35.77198],[76.917802,35.608478],[77.064489,35.595761],[77.195843,35.519257],[77.307746,35.54047],[77.451916,35.460484],[77.690597,35.448234],[77.816459,35.518604],[77.781675,35.554011],[77.844149,35.612716],[77.835224,35.804836],[77.878704,35.811828],[77.844835,35.912577],[77.923785,35.930764],[77.742544,36.039145],[77.732246,36.100247],[77.910055,36.198525],[77.810967,36.294579],[77.724465,36.28262],[77.610045,36.35968],[77.579151,36.448924],[77.42537,36.492137],[77.40775,36.545959],[77.503634,36.56126],[77.64849,36.669252],[77.49265,36.792991],[77.518966,36.930315],[77.642311,36.975981],[77.681214,37.128485],[77.600205,37.297591],[77.667713,37.444035],[77.664051,37.581611],[78.506871,38.422471],[79.238704,38.794283],[79.390425,38.830218],[79.566633,38.784437],[79.733686,39.4775],[79.190647,39.72068],[78.915581,39.611247],[78.708709,39.650471],[78.657449,39.736409],[78.777819,39.825012],[78.806424,39.657264],[78.883772,39.704176],[78.870728,39.762154],[78.993387,39.781418],[78.906885,39.831326],[78.989496,39.868271],[78.942813,39.908118],[79.039155,39.981291],[79.015355,40.022147],[79.214218,40.059603],[79.145108,40.256522],[79.003913,40.219786],[78.903681,40.257134],[78.36499,40.009709],[77.798152,39.986822],[77.529264,39.925804],[77.511872,39.878427],[76.838165,39.82686],[76.55303,39.588999],[76.215947,39.625302],[75.855523,39.585754],[75.701285,39.594871],[75.551623,39.668223],[75.36077,39.654022],[75.389375,39.505972],[75.299898,39.407819],[75.350014,39.144574],[75.736755,39.296806],[75.60746,39.142241],[75.552309,38.986245],[75.662839,38.955691],[75.757579,38.997934],[75.771996,39.095728],[75.707006,39.12731],[75.770166,39.189967],[75.839733,39.188879],[75.882298,39.269025],[76.157135,39.229895],[76.047521,39.180642],[76.141116,39.039684],[75.940194,39.007127],[75.927608,39.039528],[75.759181,38.947115],[75.908157,38.875345],[75.977495,38.759268],[76.16217,38.646917],[76.149584,38.609323],[76.403139,38.606189],[76.401995,38.540192],[76.344098,38.500503],[76.597654,38.42467],[76.6004,38.219541],[76.469274,37.925787],[76.492387,37.86566],[76.410233,37.876898],[76.292151,37.734159],[76.208167,37.813405],[75.805865,37.65213],[75.793507,37.734476],[75.880467,37.92642],[75.78321,37.939704],[75.666959,37.875473],[75.410428,37.922624],[75.385942,38.088673],[75.278158,38.203786],[75.192114,38.198902],[75.108587,38.276387],[74.982725,38.243009],[74.806746,38.285516]]],[[[79.190647,39.72068],[79.733686,39.4775],[79.788379,39.801909],[79.862981,39.957165],[79.841699,40.131388],[79.145108,40.256522],[79.214218,40.059603],[79.482648,40.097652],[79.606222,39.913347],[79.55725,39.865039],[79.278522,39.877658],[79.325663,39.80345],[79.190647,39.72068]]]]}},{"type":"Feature","properties":{"adcode":"653200","name":"和田地区"},"geometry":{"type":"MultiPolygon","coordinates":[[[[80.416089,36.279064],[81.007185,36.260473],[81.049978,36.315101],[81.047461,36.250771],[81.274928,36.142196],[81.357082,36.443601],[81.493929,36.016605],[81.371041,35.796867],[81.399646,35.707368],[81.56876,35.629178],[81.586152,35.570648],[81.58455,35.46277],[81.494158,35.292253],[81.513151,35.234952],[81.92804,35.271138],[82.044291,35.33234],[82.029416,35.429284],[82.328053,35.559394],[82.336062,35.65134],[82.425081,35.712741],[82.73127,35.637815],[82.788709,35.684571],[82.961026,35.671541],[82.999014,35.484488],[83.126707,35.398562],[83.242272,35.419807],[83.599263,35.351149],[83.885085,35.367338],[84.005913,35.422421],[84.096076,35.36276],[84.332926,35.413924],[84.453068,35.473385],[84.448948,35.550422],[84.986266,35.725113],[84.917614,35.77442],[84.84347,36.09895],[84.681222,36.142844],[84.537739,36.269364],[84.363362,36.311223],[84.35581,36.397779],[84.308211,36.42263],[84.346428,36.545636],[84.302719,36.611171],[83.833138,36.83232],[83.860828,37.070112],[83.79126,37.250203],[83.975706,37.410437],[83.989894,37.612273],[83.938405,37.832252],[83.819179,38.048104],[83.38667,38.388217],[83.414817,39.483227],[80.162305,39.464034],[79.764351,39.622831],[79.566633,38.784437],[79.390425,38.830218],[79.238704,38.794283],[78.506871,38.422471],[77.878246,37.811662],[78.350344,37.68546],[78.350344,37.731146],[78.54463,37.791066],[78.543028,37.574301],[79.197513,37.206299],[79.256325,37.236316],[79.249917,37.414896],[79.377152,37.416489],[79.33825,37.371406],[79.36571,37.354354],[79.632768,37.474275],[79.661601,37.554116],[79.699131,37.561269],[79.694326,37.517546],[79.783116,37.580499],[79.883577,37.471411],[80.26986,37.801998],[80.444923,38.032944],[80.559801,38.08457],[80.525475,37.979859],[80.477418,37.966266],[80.435541,37.606714],[79.990217,37.39419],[79.930718,37.262173],[80.103264,37.288659],[80.113104,37.226737],[80.016991,37.15358],[80.04285,37.13408],[79.891357,36.904345],[79.973054,36.828629],[80.087932,36.808404],[80.241484,36.526465],[80.288625,36.532587],[80.317001,36.394067],[80.244916,36.304114],[80.416089,36.279064]]],[[[79.883577,37.471411],[79.765037,37.28132],[79.589745,37.322789],[79.572354,37.38256],[79.643294,37.424292],[79.632768,37.474275],[79.367083,37.325021],[79.374406,37.174033],[79.197513,37.206299],[78.488793,37.568739],[78.441881,37.642128],[78.330664,37.603537],[78.350344,37.68546],[77.878246,37.811662],[77.664051,37.581611],[77.667713,37.444035],[77.600205,37.297591],[77.664967,37.14463],[77.642311,36.975981],[77.518966,36.930315],[77.49265,36.792991],[77.64849,36.669252],[77.503634,36.56126],[77.40775,36.545959],[77.42537,36.492137],[77.579151,36.448924],[77.610045,36.35968],[77.724465,36.28262],[77.810967,36.294579],[77.910055,36.198525],[77.732246,36.100247],[77.742544,36.039145],[77.923785,35.930764],[77.844835,35.912577],[77.878704,35.811828],[77.835224,35.804836],[77.844149,35.612716],[77.781675,35.554011],[77.915089,35.464893],[78.140497,35.494773],[78.013262,35.365866],[78.016923,35.228237],[78.198852,34.977745],[78.21304,34.717916],[78.259952,34.710169],[78.280777,34.623094],[78.427693,34.594049],[78.433871,34.548645],[78.558132,34.56037],[78.563166,34.512965],[78.70848,34.522052],[78.892468,34.355858],[78.958603,34.38631],[79.039612,34.334502],[79.010779,34.399878],[79.052199,34.427172],[79.801194,34.478923],[79.860922,34.528164],[79.926828,34.849332],[80.036671,34.903122],[80.03095,35.03884],[80.236449,35.148268],[80.257731,35.203337],[80.362769,35.208907],[80.268029,35.295853],[80.304415,35.379764],[80.419979,35.442353],[80.760037,35.33463],[81.026178,35.31189],[81.031671,35.380581],[81.099179,35.407551],[81.219549,35.319089],[81.363947,35.354583],[81.494158,35.292253],[81.58455,35.46277],[81.56876,35.629178],[81.463493,35.650036],[81.371041,35.796867],[81.493929,36.016605],[81.357082,36.443601],[81.275386,36.142196],[81.031671,36.259341],[80.81862,36.298135],[80.244916,36.304114],[80.288625,36.532587],[80.241484,36.526465],[80.087932,36.808404],[79.973054,36.828629],[79.891357,36.904345],[80.04285,37.13408],[80.016991,37.15358],[80.113104,37.226737],[80.103264,37.288659],[79.937812,37.251959],[79.990217,37.39419],[80.435541,37.606714],[80.477418,37.966266],[80.581083,38.069575],[80.444923,38.032944],[80.26986,37.801998],[79.883577,37.471411]]],[[[79.709887,37.379533],[79.811034,37.364554],[79.889298,37.454381],[79.783116,37.580499],[79.618122,37.392438],[79.709887,37.379533]]],[[[79.776022,37.28467],[79.811034,37.364554],[79.610341,37.373797],[79.580363,37.340008],[79.776022,37.28467]]],[[[81.031213,36.27874],[81.03373,36.275992],[81.033959,36.280033],[81.031213,36.27874]]]]}},{"type":"Feature","properties":{"adcode":"654000","name":"伊犁哈萨克自治州"},"geometry":{"type":"MultiPolygon","coordinates":[[[[84.950567,43.48427],[84.786717,43.641913],[84.597695,43.669476],[84.634767,43.719638],[84.287845,43.730795],[84.253747,43.785248],[84.084405,43.825477],[84.114841,43.854546],[83.886229,43.952785],[83.621003,43.965631],[83.468824,44.036882],[83.310466,44.008334],[83.243416,44.073195],[83.126707,44.092928],[82.705411,44.071178],[82.444991,44.182434],[82.36032,44.265343],[82.032391,44.285442],[81.618647,44.427374],[81.358455,44.44255],[81.333054,44.348135],[81.401477,44.284867],[81.241975,44.206154],[81.082931,43.930984],[80.804661,43.930407],[81.125953,43.870593],[80.764156,43.854257],[80.739899,43.888659],[80.672391,43.844713],[80.775369,43.80334],[80.782463,43.696882],[80.632344,43.663384],[80.755002,43.494162],[80.68635,43.333653],[80.776971,43.307979],[80.794592,43.13732],[80.593441,43.133516],[80.378559,43.031443],[80.603052,42.894394],[80.260249,42.824873],[80.163907,42.62794],[80.265283,42.502266],[80.206013,42.431565],[80.284048,42.32062],[80.898028,42.369228],[81.160508,42.259954],[81.152498,42.323585],[81.195521,42.343595],[81.865795,42.384041],[82.133538,42.440444],[82.142692,42.489256],[82.366498,42.50404],[82.407232,42.55162],[82.62074,42.558562],[82.599229,42.719635],[82.470392,42.843253],[82.532637,42.901739],[82.649345,42.88367],[82.653236,42.934337],[82.789396,42.933897],[82.892603,42.992296],[83.627639,43.08067],[83.758078,43.149317],[84.043214,43.132199],[84.279149,43.174912],[84.413707,43.102341],[84.423318,43.16175],[84.653761,43.175351],[84.532246,43.292802],[84.676187,43.37229],[84.692893,43.40187],[84.633165,43.432747],[84.661541,43.491253],[84.92425,43.425175],[84.950567,43.48427]]],[[[81.079269,43.96592],[81.205589,44.098256],[81.241975,44.206154],[81.401477,44.284867],[81.333054,44.348135],[81.358455,44.44255],[80.890018,44.52981],[80.707632,44.601807],[80.638293,44.710635],[80.262766,44.843573],[80.187935,44.825799],[80.220888,44.733287],[80.413114,44.610944],[80.350641,44.48448],[80.440804,44.083854],[80.586347,44.017707],[80.566895,44.17323],[80.637607,44.180852],[80.741729,44.016842],[80.71999,43.890971],[80.9351,43.929685],[80.987047,43.990016],[81.079269,43.96592]]],[[[85.113273,44.34369],[85.177348,44.324902],[85.212819,44.479187],[85.254696,44.476754],[85.202978,44.636061],[84.853768,44.552104],[84.86109,44.495637],[84.77825,44.390848],[85.113273,44.34369]]],[[[80.624792,43.754407],[80.669873,43.753683],[80.576735,43.783945],[80.624792,43.754407]]]]}},{"type":"Feature","properties":{"adcode":"654200","name":"塔城地区"},"geometry":{"type":"MultiPolygon","coordinates":[[[[84.661541,45.102872],[84.579388,45.31068],[84.710742,45.451797],[84.772071,45.648658],[84.847589,45.631414],[85.129978,45.74543],[85.288565,45.967608],[85.282844,46.090811],[85.380101,46.143628],[84.969332,46.275309],[84.900222,46.356741],[84.893815,46.493571],[84.686256,46.636253],[84.761316,46.794075],[84.943702,46.861982],[84.748043,47.009847],[83.885772,46.981948],[83.418937,47.11884],[83.370422,47.178569],[83.257833,47.173253],[83.154854,47.236052],[83.02739,47.215491],[82.461467,45.980011],[82.342699,45.935126],[82.282056,45.538939],[82.546825,45.42591],[82.60106,45.346203],[82.582753,45.219089],[82.683214,45.153799],[83.09444,45.028947],[83.474087,44.976064],[83.666313,44.888339],[83.795837,44.756785],[83.745492,44.552962],[83.79332,44.466739],[83.517567,44.467597],[83.531526,44.414915],[83.412071,44.168916],[83.468824,44.036882],[83.621003,43.965631],[83.886229,43.952785],[84.287845,43.730795],[84.5533,43.750931],[84.634767,43.719638],[84.597695,43.669476],[84.895188,43.577162],[84.950567,43.48427],[85.056292,43.563942],[85.434108,43.478887],[85.5975,43.530806],[85.697274,43.619272],[85.786293,43.839507],[85.965018,43.931706],[85.967535,44.003575],[86.096144,44.125897],[85.985842,44.157265],[85.954262,44.309551],[85.904833,44.332647],[85.912156,44.426515],[86.011015,44.411334],[86.111018,44.459011],[86.068225,44.601807],[85.955635,44.638629],[85.906892,44.736563],[85.942134,44.759633],[85.868447,44.86589],[85.781488,44.922849],[85.668898,44.9193],[85.666838,45.331123],[85.245772,45.329008],[85.201834,45.244224],[85.258358,45.031639],[85.051486,44.931793],[85.047367,44.770167],[85.010295,44.755219],[85.052859,44.698093],[85.018304,44.61965],[85.202978,44.636061],[85.254696,44.476754],[85.212819,44.479187],[85.177348,44.324902],[84.996106,44.310699],[84.917385,44.17927],[84.737974,44.126185],[84.798159,44.258737],[84.77825,44.390848],[84.86109,44.495637],[84.880084,44.626929],[84.626071,44.791658],[84.610052,44.995351],[84.528127,44.97039],[84.541171,45.152668],[84.65582,45.152244],[84.661541,45.102872]]],[[[85.245772,45.329008],[87.336918,45.330559],[87.336002,46.005085],[87.037136,46.503509],[87.201673,46.715771],[87.203732,46.849505],[87.029585,46.970867],[87.037365,47.11884],[86.581057,47.051941],[86.377618,47.087312],[86.082642,47.025568],[85.953347,47.078028],[85.276436,47.068878],[84.761316,46.794075],[84.686256,46.636253],[84.893815,46.493571],[84.919674,46.320195],[85.077574,46.21263],[85.419462,46.128066],[85.648302,46.211936],[85.903002,46.181819],[86.024288,46.068001],[85.642353,45.78921],[85.491775,45.51267],[85.28353,45.421406],[85.245772,45.329008]]]]}},{"type":"Feature","properties":{"adcode":"654300","name":"阿勒泰地区"},"geometry":{"type":"MultiPolygon","coordinates":[[[[88.43009,47.258239],[88.307202,47.3155],[88.316585,47.455331],[88.46167,47.682069],[88.624833,47.779712],[88.562588,47.800458],[88.563961,47.881476],[88.386381,47.943432],[88.491877,48.001155],[88.474027,48.093512],[88.64131,48.181959],[88.575175,48.277595],[88.606068,48.337876],[88.503776,48.412994],[88.438099,48.393559],[88.257544,48.497702],[87.973095,48.576034],[88.089575,48.694893],[87.826408,48.800926],[87.742423,48.881293],[87.911766,48.979959],[87.835333,49.054257],[87.867142,49.10876],[87.820916,49.173822],[87.517473,49.145499],[87.436692,49.075277],[87.112654,49.155597],[86.881982,49.129494],[86.73255,48.995354],[86.822484,48.84581],[86.764358,48.803699],[86.781064,48.732069],[86.585634,48.542194],[86.3021,48.490793],[86.226125,48.432422],[85.758604,48.403943],[85.55608,48.139962],[85.531822,48.046349],[85.610086,47.511295],[85.684917,47.428886],[85.701165,47.288441],[85.540061,47.057405],[85.953347,47.078028],[86.082642,47.025568],[86.377618,47.087312],[86.581057,47.051941],[87.037365,47.11884],[87.016312,47.284633],[87.431658,47.435397],[87.579489,47.406229],[87.556147,47.356673],[87.803066,47.382339],[87.862565,47.317539],[87.906731,47.341322],[88.262121,47.238503],[88.43009,47.258239]]],[[[88.64131,48.181959],[88.474027,48.093512],[88.491877,48.001155],[88.386381,47.943432],[88.563961,47.881476],[88.562588,47.800458],[88.624833,47.779712],[88.525059,47.776478],[88.352284,47.523889],[88.307202,47.3155],[88.43009,47.258239],[88.343359,47.232512],[88.342673,47.174344],[88.273563,47.132892],[88.176763,47.114883],[87.74311,47.204866],[87.527542,47.338604],[87.579489,47.406229],[87.490241,47.400664],[87.540357,47.4297],[87.431658,47.435397],[87.017914,47.3034],[87.029585,46.970867],[87.203732,46.849505],[87.201673,46.715771],[87.037136,46.503509],[87.336002,46.005085],[87.336231,45.001874],[90.23816,45.001732],[90.22237,45.064364],[90.481646,45.397335],[90.671355,45.487654],[90.714835,45.728916],[91.028347,46.023049],[91.021481,46.121118],[90.900425,46.312301],[90.983494,46.374866],[91.079149,46.558824],[91.01782,46.582257],[91.053977,46.717421],[90.94276,46.825775],[90.957864,46.879528],[90.901569,46.960741],[90.76724,46.99248],[90.488283,47.317267],[90.526499,47.378945],[90.468602,47.404872],[90.468145,47.497614],[90.346173,47.637367],[90.384847,47.644257],[90.134953,47.723226],[90.076141,47.777421],[90.086667,47.865605],[89.960576,47.885779],[89.958059,47.842867],[89.762171,47.835734],[89.568801,48.037769],[89.078395,47.986931],[88.930564,48.119486],[88.824382,48.106768],[88.64131,48.181959]]]]}},{"type":"Feature","properties":{"adcode":"710000","name":"台湾"},"geometry":{"type":"MultiPolygon","coordinates":[[[[120.443706,22.441432],[120.569973,22.361757],[120.640806,22.241605],[120.701784,21.927174],[120.854537,21.883309],[120.981421,22.528248],[121.03316,22.650914],[121.21055,22.770711],[121.430441,23.137175],[121.65957,24.007125],[121.643556,24.097843],[121.88562,24.529784],[121.844968,24.836476],[122.012503,25.001471],[121.947214,25.031841],[121.917033,25.138076],[121.745186,25.161912],[121.62323,25.29455],[121.444607,25.27074],[121.371926,25.159746],[121.024537,25.040517],[120.89211,24.767482],[120.68885,24.600542],[120.245989,23.840276],[120.102476,23.701162],[120.108019,23.341191],[120.018708,23.073322],[120.133272,23.000625],[120.274323,22.560307],[120.443706,22.441432]]],[[[124.542782,25.903886],[124.584666,25.908731],[124.566804,25.941563],[124.542782,25.903886]]],[[[123.445178,25.726102],[123.50862,25.722867],[123.512316,25.755212],[123.445178,25.726102]]],[[[119.646064,23.550928],[119.691028,23.547087],[119.678093,23.600294],[119.566608,23.584937],[119.578927,23.502641],[119.646064,23.550928]]],[[[123.666916,25.914114],[123.706952,25.91519],[123.689706,25.939949],[123.666916,25.914114]]],[[[119.506246,23.625518],[119.47237,23.556962],[119.519181,23.559705],[119.506246,23.625518]]],[[[119.497623,23.38679],[119.495159,23.349982],[119.516717,23.349982],[119.497623,23.38679]]],[[[119.557369,23.666634],[119.608492,23.620035],[119.615268,23.661153],[119.557369,23.666634]]],[[[122.066706,25.6247],[122.087032,25.61067],[122.092575,25.639268],[122.066706,25.6247]]],[[[121.468013,22.67687],[121.513592,22.631582],[121.514824,22.676318],[121.468013,22.67687]]],[[[121.510513,22.086972],[121.594281,21.995443],[121.575802,22.0842],[121.510513,22.086972]]],[[[122.097503,25.499987],[122.110438,25.465952],[122.122141,25.495666],[122.097503,25.499987]]],[[[119.421247,23.216949],[119.436029,23.186146],[119.453275,23.216399],[119.421247,23.216949]]],[[[120.355011,22.327439],[120.395663,22.342385],[120.383344,22.355669],[120.355011,22.327439]]]]}},{"type":"Feature","properties":{"adcode":"810000","name":"香港"},"geometry":{"type":"MultiPolygon","coordinates":[[[[114.031778,22.503923],[113.918445,22.418199],[113.920293,22.367845],[114.026234,22.34792],[113.898119,22.308615],[113.84946,22.191188],[114.026234,22.229418],[114.069966,22.326885],[114.145726,22.300864],[114.120473,22.272068],[114.164821,22.226648],[114.265835,22.200608],[114.248588,22.274837],[114.315726,22.299203],[114.283081,22.386661],[114.394566,22.361757],[114.325581,22.479041],[114.220255,22.427603],[114.340979,22.50337],[114.260291,22.547595],[114.031778,22.503923]]],[[[114.142647,22.213906],[114.123553,22.238836],[114.120473,22.177888],[114.142647,22.213906]]],[[[114.305871,22.372273],[114.313878,22.340724],[114.332972,22.353455],[114.305871,22.372273]]],[[[114.320037,22.381127],[114.323733,22.384447],[114.322501,22.385554],[114.320037,22.381127]]],[[[114.305871,22.369506],[114.305871,22.372273],[114.305255,22.372826],[114.305871,22.369506]]],[[[114.315726,22.299203],[114.316958,22.298649],[114.316342,22.30031],[114.315726,22.299203]]],[[[114.319421,22.382234],[114.320037,22.381127],[114.320037,22.38168],[114.319421,22.382234]]],[[[114.372392,22.32301],[114.373008,22.323564],[114.372392,22.323564],[114.372392,22.32301]]],[[[114.323733,22.297541],[114.324349,22.297541],[114.323733,22.298095],[114.323733,22.297541]]]]}},{"type":"Feature","properties":{"adcode":"820000","name":"澳门"},"geometry":{"type":"MultiPolygon","coordinates":[[[[113.554425,22.107489],[113.6037,22.132438],[113.575983,22.194513],[113.558736,22.212244],[113.53841,22.209473],[113.534715,22.174009],[113.554425,22.142416],[113.554425,22.107489]]],[[[113.586453,22.201162],[113.575983,22.201162],[113.575983,22.194513],[113.586453,22.201162]]]]}},{"type":"Feature","properties":{"adcode":"419001","name":"济源市"},"geometry":{"type":"MultiPolygon","coordinates":[[[[112.758,35.204436],[112.651426,35.259242],[112.637208,35.225686],[112.288548,35.21754],[112.304465,35.251884],[112.058793,35.279889],[112.035075,35.033845],[112.247844,34.940735],[112.534221,34.893746],[112.496914,34.921726],[112.735289,35.043338],[112.758,35.204436]]]]}},{"type":"Feature","properties":{"adcode":"429004","name":"仙桃市"},"geometry":{"type":"MultiPolygon","coordinates":[[[[113.465611,30.391921],[113.207859,30.42193],[113.023129,30.529305],[112.961526,30.521609],[113.006039,30.213946],[113.091801,30.146752],[113.376897,30.19284],[113.558365,30.069289],[113.822565,30.158212],[113.769585,30.215447],[113.792735,30.28388],[113.621211,30.421246],[113.621754,30.486027],[113.465611,30.391921]]],[[[113.761817,30.298196],[113.761273,30.296267],[113.762128,30.296353],[113.761817,30.298196]]]]}},{"type":"Feature","properties":{"adcode":"429005","name":"潜江市"},"geometry":{"type":"MultiPolygon","coordinates":[[[[112.5279,30.394447],[112.583288,30.127435],[112.817036,30.078309],[112.810433,30.152246],[112.869938,30.189279],[113.020022,30.147825],[112.957564,30.380874],[112.995707,30.474863],[112.908857,30.574445],[112.884931,30.504889],[112.833893,30.500313],[112.791401,30.573462],[112.677206,30.584102],[112.717602,30.634],[112.68816,30.644634],[112.5279,30.394447]]],[[[112.671458,30.627807],[112.638598,30.625372],[112.647842,30.612215],[112.671458,30.627807]]],[[[112.985453,30.417778],[112.980792,30.417778],[112.980636,30.412599],[112.985453,30.417778]]],[[[113.029266,30.195843],[113.032218,30.19151],[113.032684,30.191639],[113.029266,30.195843]]],[[[112.979393,30.472296],[112.977917,30.472039],[112.978539,30.471398],[112.979393,30.472296]]]]}},{"type":"Feature","properties":{"adcode":"429006","name":"天门市"},"geometry":{"type":"MultiPolygon","coordinates":[[[[113.440131,30.489407],[113.462426,30.633871],[113.390803,30.676059],[113.437956,30.757009],[113.291912,30.903332],[113.188594,30.816281],[113.082323,30.823996],[113.075953,30.785072],[112.89635,30.717289],[112.848264,30.719167],[112.811598,30.823528],[112.593076,30.676315],[112.721408,30.641687],[112.682334,30.616444],[112.702764,30.553673],[112.785652,30.575983],[112.871647,30.491545],[112.897438,30.571453],[113.199159,30.426382],[113.437956,30.394233],[113.440131,30.489407]]],[[[113.439743,30.722751],[113.38552,30.678706],[113.433373,30.670722],[113.439743,30.722751]]],[[[113.453881,30.506856],[113.448133,30.492999],[113.458154,30.506044],[113.453881,30.506856]]],[[[112.829776,30.728981],[112.826436,30.722922],[112.848264,30.719167],[112.829776,30.728981]]],[[[112.614594,30.703932],[112.607214,30.710888],[112.605816,30.704231],[112.614594,30.703932]]],[[[113.166687,30.436482],[113.165134,30.437424],[113.15822,30.43156],[113.166687,30.436482]]]]}},{"type":"Feature","properties":{"adcode":"429021","name":"神农架林区"},"geometry":{"type":"MultiPolygon","coordinates":[[[[109.982305,31.512537],[109.940589,31.47872],[110.140001,31.390502],[110.181096,31.295584],[110.321702,31.394866],[110.447781,31.329128],[110.490818,31.369822],[110.573861,31.330145],[110.611926,31.483123],[110.769234,31.541689],[110.84816,31.499503],[110.947827,31.566433],[110.970666,31.638174],[110.752687,31.839702],[110.482894,31.847376],[110.233454,31.732787],[110.219393,31.570746],[110.129436,31.603896],[109.982305,31.512537]]]]}},{"type":"Feature","properties":{"adcode":"469001","name":"五指山市"},"geometry":{"type":"MultiPolygon","coordinates":[[[[109.715419,18.833686],[109.730512,18.913649],[109.601532,18.910318],[109.524033,19.030986],[109.32635,18.926338],[109.408016,18.627733],[109.539866,18.659508],[109.576717,18.714782],[109.619865,18.678252],[109.703012,18.721769],[109.715419,18.833686]]]]}},{"type":"Feature","properties":{"adcode":"469002","name":"琼海市"},"geometry":{"type":"MultiPolygon","coordinates":[[[[110.610593,19.084394],[110.730035,19.378859],[110.633555,19.391354],[110.604574,19.350386],[110.546242,19.46836],[110.368744,19.391829],[110.344392,19.228368],[110.224857,19.221718],[110.115229,19.133191],[110.158562,18.99944],[110.249949,18.976292],[110.521797,19.102932],[110.610593,19.084394]]]]}},{"type":"Feature","properties":{"adcode":"469005","name":"文昌市"},"geometry":{"type":"MultiPolygon","coordinates":[[[[110.730035,19.378859],[111.071327,19.628895],[110.969569,20.010151],[110.808738,20.035672],[110.687073,20.16353],[110.526612,20.075206],[110.675314,19.907868],[110.704665,19.805992],[110.623,19.735461],[110.623463,19.664109],[110.672814,19.647214],[110.641333,19.549122],[110.469854,19.531424],[110.584111,19.367787],[110.730035,19.378859]]]]}},{"type":"Feature","properties":{"adcode":"469006","name":"万宁市"},"geometry":{"type":"MultiPolygon","coordinates":[[[[110.158562,18.99944],[110.045322,18.884778],[110.095785,18.811467],[110.014952,18.732885],[110.020786,18.658873],[110.213931,18.578789],[110.329393,18.642509],[110.495316,18.649976],[110.500779,18.752732],[110.577908,18.784642],[110.610593,19.084394],[110.477539,19.096912],[110.249949,18.976292],[110.158562,18.99944]]]]}},{"type":"Feature","properties":{"adcode":"469007","name":"东方市"},"geometry":{"type":"MultiPolygon","coordinates":[[[[109.125242,18.878432],[109.098853,19.028291],[109.008762,19.050005],[109.022929,19.107052],[108.954874,19.218869],[108.704136,19.262719],[108.644785,19.349278],[108.591082,19.141587],[108.637841,18.924593],[108.593212,18.809404],[108.659785,18.716846],[109.071076,18.807499],[109.125242,18.878432]]]]}},{"type":"Feature","properties":{"adcode":"469021","name":"定安县"},"geometry":{"type":"MultiPolygon","coordinates":[[[[110.224857,19.221718],[110.344392,19.228368],[110.368744,19.391829],[110.546242,19.46836],[110.469854,19.531424],[110.519297,19.563341],[110.401151,19.606626],[110.393373,19.698053],[110.340041,19.720625],[110.221616,19.629843],[110.13134,19.648003],[110.137266,19.56034],[110.192172,19.58925],[110.243005,19.517675],[110.227727,19.450654],[110.164487,19.426146],[110.224857,19.221718]]]]}},{"type":"Feature","properties":{"adcode":"469022","name":"屯昌县"},"geometry":{"type":"MultiPolygon","coordinates":[[[[110.115229,19.133191],[110.150876,19.208419],[110.224857,19.221718],[110.228098,19.301969],[110.165691,19.361459],[110.243005,19.517675],[110.192172,19.58925],[110.101803,19.54928],[110.119488,19.503293],[110.045785,19.456029],[109.938287,19.485749],[109.912917,19.391671],[109.826436,19.343108],[109.822733,19.289626],[109.957638,19.188625],[110.115229,19.133191]]]]}},{"type":"Feature","properties":{"adcode":"469023","name":"澄迈县"},"geometry":{"type":"MultiPolygon","coordinates":[[[[110.137266,19.56034],[110.13134,19.648003],[110.221616,19.629843],[110.262449,19.687318],[110.222357,19.67974],[110.228283,19.753767],[110.143932,19.889106],[110.161895,19.977693],[110.106525,20.026851],[109.855047,19.984153],[109.879491,19.885322],[109.842269,19.871446],[109.897084,19.77933],[109.728197,19.496023],[109.751993,19.416974],[109.793474,19.379966],[109.912917,19.391671],[109.94699,19.468044],[110.045785,19.456029],[110.137266,19.56034]]]]}},{"type":"Feature","properties":{"adcode":"469024","name":"临高县"},"geometry":{"type":"MultiPolygon","coordinates":[[[[109.855047,19.984153],[109.712271,20.017398],[109.526626,19.943494],[109.498663,19.873339],[109.564588,19.854888],[109.582921,19.637581],[109.7694,19.578508],[109.852732,19.652582],[109.897084,19.77933],[109.842269,19.871446],[109.879491,19.885322],[109.855047,19.984153]]]]}},{"type":"Feature","properties":{"adcode":"469025","name":"白沙黎族自治县"},"geometry":{"type":"MultiPolygon","coordinates":[[[[109.298203,18.960911],[109.34848,18.946321],[109.561347,19.072668],[109.601439,19.053492],[109.687734,19.118775],[109.686994,19.178965],[109.541625,19.311939],[109.468386,19.301178],[109.483848,19.406063],[109.424405,19.354815],[109.26774,19.376803],[109.051447,19.487803],[109.043669,19.342792],[109.142834,19.265727],[109.120242,19.203985],[109.177093,19.083443],[109.271166,19.067438],[109.298203,18.960911]]]]}},{"type":"Feature","properties":{"adcode":"469026","name":"昌江黎族自治县"},"geometry":{"type":"MultiPolygon","coordinates":[[[[109.04478,19.430415],[108.887004,19.4897],[108.644785,19.349278],[108.704136,19.262719],[108.954874,19.218869],[109.022929,19.107052],[109.008762,19.050005],[109.098853,19.028291],[109.125242,18.878432],[109.265518,18.905877],[109.298203,18.960911],[109.271166,19.067438],[109.177093,19.083443],[109.120242,19.203985],[109.142834,19.265727],[109.043669,19.342792],[109.04478,19.430415]]]]}},{"type":"Feature","properties":{"adcode":"469027","name":"乐东黎族自治县"},"geometry":{"type":"MultiPolygon","coordinates":[[[[109.405146,18.623443],[109.356628,18.710653],[109.374591,18.853998],[109.298203,18.960911],[109.265518,18.905877],[109.141816,18.904449],[109.071076,18.807499],[108.659785,18.716846],[108.644971,18.486741],[108.881264,18.416599],[108.932374,18.335288],[109.072557,18.452231],[109.195148,18.469407],[109.203574,18.553517],[109.313295,18.517429],[109.405146,18.623443]]]]}},{"type":"Feature","properties":{"adcode":"469028","name":"陵水黎族自治县"},"geometry":{"type":"MultiPolygon","coordinates":[[[[110.014952,18.732885],[109.94412,18.771942],[109.830696,18.728597],[109.773474,18.809404],[109.771993,18.723675],[109.839677,18.67857],[109.828751,18.511229],[109.781159,18.51107],[109.805418,18.347543],[110.070785,18.376187],[110.116618,18.506618],[110.213931,18.578789],[110.020786,18.658873],[110.014952,18.732885]]]]}},{"type":"Feature","properties":{"adcode":"469029","name":"保亭黎族苗族自治县"},"geometry":{"type":"MultiPolygon","coordinates":[[[[109.715419,18.833686],[109.703012,18.721769],[109.619865,18.678252],[109.576717,18.714782],[109.539866,18.659508],[109.405146,18.623443],[109.535237,18.53142],[109.539866,18.396713],[109.665883,18.391462],[109.725234,18.493102],[109.828751,18.511229],[109.839677,18.67857],[109.715419,18.833686]]]]}},{"type":"Feature","properties":{"adcode":"469030","name":"琼中黎族苗族自治县"},"geometry":{"type":"MultiPolygon","coordinates":[[[[109.876436,19.386926],[109.646439,19.402425],[109.713382,19.309881],[109.687734,19.118775],[109.524033,19.030986],[109.601532,18.910318],[109.730512,18.913649],[109.715419,18.833686],[109.830696,18.728597],[109.94412,18.771942],[110.014952,18.732885],[110.095785,18.811467],[110.045322,18.884778],[110.158562,18.99944],[110.115229,19.133191],[109.822733,19.289626],[109.876436,19.386926]]]]}},{"type":"Feature","properties":{"adcode":"659001","name":"石河子市"},"geometry":{"type":"MultiPolygon","coordinates":[[[[86.122689,44.448992],[85.912156,44.426515],[85.904833,44.332647],[85.954262,44.309551],[85.985842,44.157265],[86.096144,44.125897],[86.122689,44.448992]]]]}},{"type":"Feature","properties":{"adcode":"659002","name":"阿拉尔市"},"geometry":{"type":"MultiPolygon","coordinates":[[[[81.884102,40.941004],[81.457085,40.804699],[81.385687,40.825033],[81.140828,40.698979],[80.867363,40.658987],[80.725939,40.701412],[80.592296,40.619884],[80.621588,40.556845],[80.827774,40.476513],[80.729372,40.452411],[80.673993,40.511585],[80.683833,40.464616],[80.605798,40.423262],[80.740128,40.369357],[80.907868,40.420362],[81.210395,40.397307],[81.281107,40.43593],[81.978613,40.468429],[81.743365,40.733326],[81.884102,40.941004]]]]}},{"type":"Feature","properties":{"adcode":"659003","name":"图木舒克市"},"geometry":{"type":"MultiPolygon","coordinates":[[[[79.190647,39.72068],[79.325663,39.80345],[79.278522,39.877658],[79.53551,39.862884],[79.606222,39.913347],[79.573955,40.012012],[79.482648,40.097652],[79.045562,40.036887],[78.942813,39.908118],[78.989496,39.868271],[78.906885,39.831326],[79.004829,39.800677],[78.870728,39.762154],[78.883772,39.704176],[78.806424,39.657264],[78.777819,39.825012],[78.657449,39.736409],[78.708709,39.650471],[78.84075,39.6131],[79.000252,39.624993],[79.190647,39.72068]]]]}},{"type":"Feature","properties":{"adcode":"659004","name":"五家渠市"},"geometry":{"type":"MultiPolygon","coordinates":[[[[87.504658,44.066424],[87.492529,44.007757],[87.576743,44.116541],[87.584066,44.239347],[87.652489,44.196236],[87.691163,44.221963],[87.716107,44.356881],[87.501912,44.594812],[87.514498,44.548818],[87.370557,44.566963],[87.449279,44.443552],[87.423877,44.351433],[87.523423,44.227279],[87.504658,44.066424]]]]}},{"type":"Feature","properties":{"adcode":"659005","name":"北屯市"},"geometry":{"type":"MultiPolygon","coordinates":[[[[87.556147,47.356673],[87.527542,47.338604],[87.79437,47.184156],[88.176763,47.114883],[88.342673,47.174344],[88.343359,47.232512],[88.428717,47.234691],[87.862565,47.317539],[87.803066,47.382339],[87.556147,47.356673]]],[[[87.540357,47.4297],[87.481316,47.411114],[87.554774,47.42129],[87.540357,47.4297]]]]}},{"type":"Feature","properties":{"adcode":"659006","name":"铁门关市"},"geometry":{"type":"MultiPolygon","coordinates":[[[[85.512142,41.914581],[85.498412,41.866369],[85.367973,41.826488],[85.357675,41.747399],[85.705513,41.745903],[85.703682,41.684237],[85.785836,41.664468],[85.73961,41.756374],[85.792701,41.82589],[85.512142,41.914581]]],[[[86.099576,41.798392],[85.894993,41.821856],[85.876685,41.778957],[86.099576,41.798392]]],[[[85.437311,41.932036],[85.443948,41.93845],[85.408706,41.94203],[85.437311,41.932036]]]]}},{"type":"Feature","properties":{"adcode":"659007","name":"双河市"},"geometry":{"type":"MultiPolygon","coordinates":[[[[82.206996,44.821248],[82.268097,44.832625],[82.543163,44.709067],[82.738822,44.858641],[82.679552,44.871432],[82.656439,44.944425],[82.278395,44.860631],[82.07999,44.895584],[82.162372,44.864326],[82.100814,44.857504],[82.122096,44.806313],[82.206996,44.821248]]],[[[82.20036,44.984291],[82.133767,45.037165],[81.940397,45.010238],[82.063971,44.933638],[82.200589,44.91788],[82.20036,44.984291]]],[[[82.23583,44.6817],[82.192579,44.752229],[82.084338,44.666444],[82.128962,44.637773],[82.23583,44.6817]]],[[[82.393959,44.669724],[82.347276,44.691252],[82.358947,44.66844],[82.393959,44.669724]]],[[[82.454144,45.068895],[82.295786,45.106693],[82.287319,45.050624],[82.438812,45.006977],[82.454144,45.068895]]]]}},{"type":"Feature","properties":{"adcode":"659008","name":"可克达拉市"},"geometry":{"type":"MultiPolygon","coordinates":[[[[80.440804,44.083854],[80.587491,43.725724],[80.624792,43.754407],[80.576735,43.783945],[80.660949,43.778734],[80.736237,43.921164],[80.741729,44.016842],[80.679256,44.062534],[80.701911,44.133093],[80.566895,44.17323],[80.586347,44.017707],[80.440804,44.083854]]],[[[80.739899,43.888659],[80.764156,43.854257],[81.125953,43.870593],[80.873771,43.91452],[80.739899,43.888659]]],[[[80.9351,43.929685],[81.071031,43.907731],[81.079269,43.96592],[80.987047,43.990016],[80.9351,43.929685]]],[[[80.624792,43.754407],[80.587491,43.725724],[80.632344,43.663384],[80.782463,43.696882],[80.756833,43.784959],[80.672391,43.844713],[80.624792,43.754407]]],[[[81.05547,43.944124],[81.082931,43.930984],[81.076295,43.96058],[81.05547,43.944124]]]]}},{"type":"Feature","properties":{"adcode":"659009","name":"昆玉市"},"geometry":{"type":"MultiPolygon","coordinates":[[[[79.618122,37.392438],[79.572354,37.38256],[79.580363,37.340008],[79.618122,37.392438]]],[[[79.694326,37.517546],[79.699131,37.561269],[79.661601,37.554116],[79.643294,37.424292],[79.694326,37.517546]]],[[[78.543028,37.574301],[78.54463,37.791066],[78.350344,37.731146],[78.330664,37.603537],[78.441881,37.642128],[78.488793,37.568739],[78.543028,37.574301]]],[[[79.367083,37.325021],[79.33825,37.371406],[79.377152,37.416489],[79.249917,37.414896],[79.256325,37.236316],[79.211243,37.231367],[79.374406,37.174033],[79.367083,37.325021]]],[[[81.047461,36.250771],[81.049978,36.315101],[81.031671,36.259341],[81.047461,36.250771]]],[[[79.783116,37.580499],[79.783802,37.537265],[79.818586,37.537742],[79.783116,37.580499]]]]}},{"type":"Feature","properties":{"adcode":"659010","name":"胡杨河市"},"geometry":{"type":"MultiPolygon","coordinates":[[[[84.853768,44.552104],[85.06842,44.626358],[85.018304,44.61965],[85.04668,44.740266],[84.84942,44.826511],[84.917156,44.836891],[84.917156,44.888481],[84.861548,44.899419],[84.805253,45.025687],[84.657422,45.063514],[84.65582,45.152244],[84.541171,45.152668],[84.516456,44.988829],[84.610052,44.995351],[84.677331,44.739839],[84.880084,44.626929],[84.853768,44.552104]]]]}},{"type":"Feature","properties":{"adcode":"100000_JD","name":"南海诸岛"},"geometry":{"type":"MultiPolygon","coordinates":[[[[122.51865306,23.46078502],[122.79861399,24.57367379],[122.77921829,24.57855302],[122.49925737,23.46566424],[122.51865306,23.46078502]]],[[[121.17202617,20.8054593],[121.90938804,21.68743347],[121.89404403,21.70026162],[121.15668216,20.81828744],[121.17202617,20.8054593]]],[[[119.47366172,18.00707291],[120.02569734,19.02403788],[120.00812005,19.0335793],[119.45608443,18.01661433],[119.47366172,18.00707291]]],[[[119.0726757,15.04098494],[119.0726757,16.04388528],[119.0521839,15.00781004],[119.0726757,15.04098494]]],[[[118.68646749,11.18959191],[118.52518702,10.91547751],[118.70409227,11.18010771],[118.98894963,11.98573108],[118.68646749,11.18959191]]],[[[115.54466883,7.14672265],[116.2504858,7.979279],[116.23523025,7.99221221],[115.52941328,7.15965587],[115.54466883,7.14672265]]],[[[112.30705249,3.53487257],[111.78690114,3.41687263],[112.31181658,3.51544515],[112.85206367,3.73256867],[112.30705249,3.53487257]]],[[[108.26055972,6.08912451],[108.29013305,6.01266273],[108.21679964,6.53816468],[108.24433543,7.07703297],[108.19897125,6.95268198],[108.19679674,6.53760583],[108.26055972,6.08912451]]],[[[110.12822847,11.36894451],[110.05553696,11.25335394],[110.25854422,11.60358735],[110.33227398,12.24038351],[110.28485499,11.78705054],[110.12822847,11.36894451]]],[[[109.82951587,15.22896754],[109.84522534,15.15316562],[109.78974541,15.45068337],[109.69066131,15.67432448],[109.30888011,16.20725797],[109.67264555,15.66561455],[109.82951587,15.22896754]]]]}}]}