{"type":"FeatureCollection","features":[{"type":"Feature","properties":{"adcode":"110000","name":"北京市"},"geometry":{"type":"Polygon","coordinates":[[[117.38345809612417,40.22640609149926],[117.20692354177106,40.51063810520641],[117.44230294757523,40.64982025560141],[116.9628478525012,40.70615029960612],[116.67181223251674,40.9692585468115],[116.32830903562272,40.90283603658928],[116.1584416319266,40.6620250984691],[115.74652767176931,40.53504779094179],[115.96190562560244,40.262316494552266],[115.58825531269409,40.11468483755657],[115.4227360507308,39.948276499225955],[115.56332596675917,39.81238026806457],[115.47259474260066,39.64949255748425],[115.81435868280155,39.50866744747245],[116.19148750909616,39.58776421759575],[116.32772928339168,39.4546844886346],[116.51991714798302,39.59550959864639],[116.80631475011913,39.61475569701467],[116.90023461154837,39.68681121163738],[116.7735587490651,40.033240982266406],[117.20344502838478,40.08088681115373],[117.38345809612417,40.22640609149926]]]}},{"type":"Feature","properties":{"adcode":"120000","name":"天津市"},"geometry":{"type":"Polygon","coordinates":[[[118.02988183373908,39.221384223048375],[117.8449408720358,39.326533638523856],[117.92407705157342,39.57720233434486],[117.70406107989193,39.53448538430794],[117.50375668406596,39.89265058077129],[117.77566048042596,39.966349055010795],[117.5585432698997,40.22757963408269],[117.38345809612417,40.22640609149926],[117.20344502838478,40.08088681115373],[117.13677352181463,39.61569453108142],[116.90023461154837,39.68681121163738],[116.80631475011913,39.61475569701467],[116.86573935380122,39.05380234213433],[116.75036865982331,39.0493428803173],[116.7387736152024,38.751732481159024],[117.03560675749733,38.70596432040519],[117.24692644571314,38.55551616120924],[117.57593583683104,38.61348916483077],[117.58376249195014,38.76088611330978],[117.87856650143641,38.94560171594193],[117.78580614446923,39.13477678039112],[118.02988183373908,39.221384223048375]]]}},{"type":"Feature","properties":{"adcode":"130000","name":"河北省"},"geometry":{"type":"MultiPolygon","coordinates":[[[[119.23286771315695,41.310759438590125],[118.8137068501116,41.369671276278396],[118.35106456973787,41.33164849657521],[118.1287295891322,41.72994884939192],[118.33946952511698,41.846833690701715],[118.2904804615937,42.0463359298851],[117.96552933609311,42.243021666868245],[118.02466406365969,42.38196910874656],[117.795661932397,42.615504082849455],[117.4666525412791,42.60024802926485],[117.40635830925045,42.46928067695387],[117.09184272390867,42.48172022833825],[116.8953067175845,42.387602113147025],[116.87675464619106,42.01558911419919],[116.63586759419196,41.92921638005862],[116.32917866396929,42.00760902463185],[116.01002506077916,41.7750128845957],[115.91552544711885,41.94869718694359],[115.308524861215,41.701079701839504],[115.37084822605232,41.60015503966437],[114.85863712992426,41.60085916521443],[114.93313529161352,41.84472131405154],[114.82124311102189,42.145852340960104],[114.50585789733353,42.11440139972413],[114.5041186406404,41.971229204545466],[114.19627020595563,41.791442480763735],[114.2243881891613,41.51166992887363],[113.86465192979803,41.41144939224856],[113.99480630566758,41.18284329699607],[113.81827175131446,41.093888769171954],[114.12669993823026,40.74487720485938],[114.304683873161,40.36300644821071],[114.48498681701592,40.27264366928647],[114.06031830777565,40.18016851371205],[113.93103356025266,40.00695362839754],[114.38874794666249,39.86589380986905],[114.3980239823592,39.64268601050034],[114.56296349209144,39.573212289561184],[114.34265764429443,39.075630234186164],[114.03364970514758,39.126561982307095],[113.76174590878759,38.97705265717791],[113.83914283163206,38.83833992381628],[113.61506859433325,38.65057311046721],[113.55912250403745,38.24100674884956],[113.80522732611594,38.10956997950521],[114.10930737129891,37.70727958190483],[114.08901604321235,37.54697366500807],[113.76609405052042,37.152193939941654],[113.6660867906652,36.79285520089488],[113.45505697856491,36.71352372225489],[113.73652668673714,36.35840973650846],[114.33917913090816,36.25560740619986],[114.58122568736934,36.14106965005692],[115.2450419919156,36.189419604494304],[115.47723276044903,36.148110905557516],[115.27721824073858,36.48937708881944],[115.47404412317827,36.7597613000421],[115.67753715627498,36.81210129926315],[115.97060190906811,37.33690954257379],[116.23091066080721,37.361084519792485],[116.32975841620033,37.575608104043795],[116.43208468497974,37.475387567418736],[116.78892218318778,37.84622702378314],[117.4330269118785,37.8537376963171],[117.55883314601522,38.063097693201314],[117.84639025261342,38.26236522386802],[117.57593583683104,38.61348916483077],[117.24692644571314,38.55551616120924],[117.03560675749733,38.70596432040519],[116.7387736152024,38.751732481159024],[116.75036865982331,39.0493428803173],[116.86573935380122,39.05380234213433],[116.80631475011913,39.61475569701467],[116.51991714798302,39.59550959864639],[116.32772928339168,39.4546844886346],[116.19148750909616,39.58776421759575],[115.81435868280155,39.50866744747245],[115.47259474260066,39.64949255748425],[115.56332596675917,39.81238026806457],[115.4227360507308,39.948276499225955],[115.58825531269409,40.11468483755657],[115.96190562560244,40.262316494552266],[115.74652767176931,40.53504779094179],[116.1584416319266,40.6620250984691],[116.32830903562272,40.90283603658928],[116.67181223251674,40.9692585468115],[116.9628478525012,40.70615029960612],[117.44230294757523,40.64982025560141],[117.20692354177106,40.51063810520641],[117.38345809612417,40.22640609149926],[117.5585432698997,40.22757963408269],[117.77566048042596,39.966349055010795],[117.50375668406596,39.89265058077129],[117.70406107989193,39.53448538430794],[117.92407705157342,39.57720233434486],[117.8449408720358,39.326533638523856],[118.02988183373908,39.221384223048375],[118.51542432723906,38.91861023652301],[118.47803030833668,39.08760036853717],[118.98763251942502,39.18124906669502],[119.30359748534441,39.42346825591531],[119.36070308010233,39.74361067267547],[119.55578970584888,39.90368188105555],[119.84798483029545,39.98981990667943],[119.49723473051336,40.552416221176586],[119.25431854570562,40.536456042041905],[118.84037545273965,40.81951451316563],[119.23286771315695,41.310759438590125]]],[[[117.20344502838478,40.08088681115373],[116.7735587490651,40.033240982266406],[116.90023461154837,39.68681121163738],[117.13677352181463,39.61569453108142],[117.20344502838478,40.08088681115373]]],[[[118.82472214250144,39.12515373120698],[118.83921594827757,39.14768574880887],[118.8110979650719,39.13618503149124],[118.82472214250144,39.12515373120698]]],[[[118.86530479867457,39.127735524890525],[118.84675272728114,39.1178777671897],[118.85834777190203,39.11060180317243],[118.86530479867457,39.127735524890525]]]]}},{"type":"Feature","properties":{"adcode":"140000","name":"山西省"},"geometry":{"type":"Polygon","coordinates":[[[113.73652668673714,36.35840973650846],[113.45505697856491,36.71352372225489],[113.6660867906652,36.79285520089488],[113.76609405052042,37.152193939941654],[114.08901604321235,37.54697366500807],[114.10930737129891,37.70727958190483],[113.80522732611594,38.10956997950521],[113.55912250403745,38.24100674884956],[113.61506859433325,38.65057311046721],[113.83914283163206,38.83833992381628],[113.76174590878759,38.97705265717791],[114.03364970514758,39.126561982307095],[114.34265764429443,39.075630234186164],[114.56296349209144,39.573212289561184],[114.3980239823592,39.64268601050034],[114.38874794666249,39.86589380986905],[113.93103356025266,40.00695362839754],[114.06031830777565,40.18016851371205],[114.48498681701592,40.27264366928647],[114.304683873161,40.36300644821071],[114.12669993823026,40.74487720485938],[114.07771087470698,40.554763306343446],[113.78754488306907,40.51814877774038],[113.57187705312043,40.35220985644314],[113.25098419323716,40.413703487814956],[112.88979855329627,40.326391919607644],[112.72456916744852,40.16467775161075],[112.45614388447478,40.29869631463865],[112.30366904771003,40.255040530535],[111.96335448808675,39.78538878864563],[111.92277183191362,39.60818385854745],[111.43201156833423,39.64033892533348],[111.35229563656557,39.43097892844928],[111.11836561133902,39.3652605437771],[111.24156296043603,39.299307450588245],[111.0000961562059,38.83505400458267],[110.87284054149157,38.460459211951274],[110.56644148738441,38.28395840740315],[110.49426233461934,38.08774208745338],[110.78964609633664,37.55730083974227],[110.68181218136232,37.282222458185885],[110.45889744852562,37.04798335853292],[110.38208027791218,36.764924887409194],[110.49165344957964,36.582086952910544],[110.44150488159426,36.163366959142124],[110.59948736455397,35.571901497092554],[110.36439783486531,35.25293262291583],[110.23453333511128,34.93584141687259],[110.23395358288025,34.66686545675005],[110.37164473775337,34.60067765504451],[110.82501098243037,34.61734195972923],[111.3435993530999,34.83186554398054],[111.56477482924348,34.84477451239829],[111.66304283240557,34.988885541643704],[112.05640472116943,35.057655137032796],[112.0468388093572,35.271005178700676],[112.70717660051717,35.18862248934377],[113.11793105621238,35.330621141939005],[113.6194167360661,35.63339512846438],[113.73652668673714,36.35840973650846]]]}},{"type":"Feature","properties":{"adcode":"150000","name":"内蒙古自治区"},"geometry":{"type":"Polygon","coordinates":[[[123.15894982179205,46.23940358048647],[123.00502560444966,46.43303810675269],[123.0392309860813,46.61540662421797],[123.59782226069292,46.68793155587406],[123.61608445597084,46.84635980463733],[123.398097617098,46.93343666432796],[123.17083474252846,46.75341523202954],[122.90096007897714,46.805755231250586],[122.84704312148997,47.068394061422595],[122.62035999915147,47.11557047327655],[122.41164919597534,47.34816661331271],[122.5873141219819,47.54508705881254],[123.1609789546007,47.78167324363237],[123.29345233939443,47.95183691822996],[123.5691245252562,48.04079144605409],[124.25236252954245,48.53461816516213],[124.52165744086275,48.14758382114637],[124.50049648442962,48.44284713513778],[124.64775355111499,48.83246327283709],[124.89878626715736,49.18124012863298],[125.21214234803705,49.18734255006683],[125.25243512809466,50.10223634811017],[125.52781743784092,50.41909284563671],[125.8217518189806,50.559917955648515],[125.75305117960181,50.75167481378125],[126.06118949040209,50.964790146932444],[125.35939941472242,51.6163409892537],[125.12141112387854,51.633240002455125],[124.84602881413228,51.37858126185046],[124.3967208350726,51.27178888675817],[123.00821424172041,51.30511749612762],[122.85110138710728,51.47246466852498],[122.62963603484818,52.13481210261382],[122.78356025219057,52.25052340134019],[122.46237751619176,52.300046898361],[122.15771771877775,52.514805191129],[121.91943955181836,52.28267846812621],[121.18315421839151,52.59554492086909],[121.61448987828882,52.851142495540515],[121.81334489353716,53.06238016055822],[121.49303178588494,53.33370320584761],[120.81530142779361,53.267984821175446],[120.33787546552826,52.89996186701127],[120.023649756302,52.76805568063355],[120.06916030643902,52.58451362058484],[120.45556516843035,52.643660166789786],[120.72688921255929,52.53921487686438],[120.62108443039362,52.32257891596289],[120.77993654169988,52.16274241609949],[120.65471005979421,51.930380984580026],[120.07959584659781,51.67572224397534],[119.75609410167485,51.09059391187631],[119.48390042919934,50.877947995758504],[119.49230683654949,50.74815418603096],[119.13199082495517,50.394683159901334],[119.34591939821068,50.35830333981495],[119.28707454675964,50.111389980260924],[119.08648027481814,49.9881680090006],[118.55397785060354,49.92198020729505],[118.4615073697519,49.82410675583685],[117.80232908305402,49.51687330749445],[117.05386895277523,49.69431294610931],[116.7152936498451,49.850628818222404],[115.79058884132871,48.520300945644266],[115.81145992164633,48.25742740695557],[115.53085984182066,48.1487573637298],[115.57347163080246,47.91968185144394],[115.93175850958811,47.68004445590719],[116.25902864401287,47.87414839920679],[116.87269638057376,47.8910474124082],[117.37679094546716,47.63920517400376],[117.80435821586266,48.014269383668534],[118.5676020280331,47.98446140204936],[118.76558741493488,47.76829485818125],[119.12387429372055,47.65939010643879],[119.14242636511398,47.53851522034533],[119.71493169327067,47.177298813165066],[119.92074373529155,46.90222043160867],[119.90422079670678,46.66610366382223],[119.10938048794442,46.64052043550342],[118.30671352406296,46.736750927344815],[117.69159640692448,46.515420796109595],[117.40867731817463,46.5787920956149],[117.36055788299791,46.35957434102987],[116.82834533489883,46.3814022330817],[116.57934175166511,46.29010062009071],[116.26308690963019,45.96526403299683],[116.28192885713915,45.7767930940977],[115.68971195312693,45.45852834547104],[114.96850017770726,45.37520682204739],[114.54412154458248,45.3850645797482],[114.4536801965395,45.210676151850265],[114.05828917496697,44.929260640343344],[113.62260537333685,44.74431032919452],[112.84776651654553,44.840540821035916],[112.42483726399837,45.07243283552201],[111.99611048914079,45.09003597427349],[111.76507922506944,44.97455938406381],[111.4082417268614,44.356102442595315],[111.65637568174856,44.05872675195373],[111.86392698046257,43.93714774031021],[111.94219353165361,43.692581465923055],[111.558397554702,43.48791563937256],[111.01227095305782,43.32878326505923],[110.43338835035964,42.77980004452989],[109.90146567837607,42.63475018121774],[109.53506226835579,42.4704542195373],[108.83820008664,42.39370453458088],[108.24163504089493,42.45895350221967],[107.93175747340152,42.40567466893188],[107.4612885379087,42.462004712936604],[107.26707154050871,42.36671305516195],[106.78152904700872,42.2934839979558],[105.71623432246398,41.938135303692704],[105.00429858274101,41.57856185612923],[104.51817633700999,41.65883216883596],[104.52513336378253,41.874764004187384],[103.85812842196553,41.79965727884776],[103.41751672637152,41.88016230007118],[102.70992912838139,42.154301847560816],[102.07481055927187,42.22870444735038],[101.80145738233426,42.50589520555694],[100.84834471449668,42.67253825240424],[100.32077018424596,42.68967197412235],[99.5053486712815,42.56738883692876],[98.19452887688931,42.651883902935836],[97.17184594132635,42.79458668108113],[97.84638766214692,41.65507683256898],[97.61419689361351,41.47646365137068],[97.9716141440526,41.09670527137219],[98.33222003176243,40.9178573816572],[98.3435252002678,40.56720285772782],[99.17315064289286,40.85706787583544],[99.56448339884807,40.845801867034496],[99.67173756159134,40.93170518414169],[100.05524366242746,40.906591372856255],[100.2358364823979,40.715773348790265],[100.16800547136566,40.27663371407013],[99.85841777998776,40.01845434571517],[99.5079575563212,39.882558114553774],[99.82015413273881,39.86213847360207],[100.26221520891043,39.67671874541986],[100.49672498636804,39.39976269572999],[100.82979264310325,39.40398744903034],[100.96168627566593,38.943724047808445],[101.22663304525338,39.02117785831493],[101.30576922479099,38.788112301245405],[101.77333939912859,38.65878790855123],[102.0713320458856,38.89044521452064],[101.82957536553994,39.091355704804144],[102.45396851837513,39.25494754093452],[103.00995090794706,39.098631668821426],[103.3421489363357,39.3291154322074],[103.84769288180672,39.460786910068435],[104.08742042934374,39.41924350261496],[104.20018223828194,39.08384503227019],[103.85928792642763,38.64634835716686],[103.41171920406107,38.40459858497994],[103.54999011116524,38.1595628935594],[103.36070100772913,38.08656854486995],[103.39751527440048,37.86148307736775],[103.67173807968464,37.78496810092801],[104.17960103407985,37.40685268054632],[104.28453618789895,37.42727232149804],[104.41642982046163,37.51106326195506],[105.02140127355683,37.57936344031077],[105.76928165160457,37.81970496139759],[105.76116512036995,38.12130540533953],[105.89276887681712,38.78553050756186],[106.27714460599978,39.273489513752736],[106.74587428479947,39.38779256137899],[106.95371545962901,38.9444281733585],[106.6997839824314,38.71417911848921],[106.6452872727132,38.47289876333565],[106.47918825851887,38.31986881045616],[106.7774707813914,38.1698900682936],[107.18503659981587,38.15416459767562],[107.64506999514988,37.864299579567984],[107.97755789965404,37.786611060544814],[108.0106037768236,37.66174612966768],[108.33004725612926,37.63146873101515],[108.78805151865461,37.70117716047099],[108.78950089923222,38.04572926296653],[108.9289313107985,37.9225072917062],[109.06401358063192,38.02671787311493],[108.9405263554194,38.213780560913946],[109.04720076593162,38.432528898465605],[109.65710011299072,38.98174682751163],[110.20612547579009,39.281469603320076],[110.1426426064907,39.454215071601226],[110.38005114510352,39.30916520828906],[110.68210205747783,39.267621800835585],[110.87805831157097,39.50678977933896],[111.12271375307185,39.582365921711954],[111.11836561133902,39.3652605437771],[111.35229563656557,39.43097892844928],[111.43201156833423,39.64033892533348],[111.92277183191362,39.60818385854745],[111.96335448808675,39.78538878864563],[112.30366904771003,40.255040530535],[112.45614388447478,40.29869631463865],[112.72456916744852,40.16467775161075],[112.88979855329627,40.326391919607644],[113.25098419323716,40.413703487814956],[113.57187705312043,40.35220985644314],[113.78754488306907,40.51814877774038],[114.07771087470698,40.554763306343446],[114.12669993823026,40.74487720485938],[113.81827175131446,41.093888769171954],[113.99480630566758,41.18284329699607],[113.86465192979803,41.41144939224856],[114.2243881891613,41.51166992887363],[114.19627020595563,41.791442480763735],[114.5041186406404,41.971229204545466],[114.50585789733353,42.11440139972413],[114.82124311102189,42.145852340960104],[114.93313529161352,41.84472131405154],[114.85863712992426,41.60085916521443],[115.37084822605232,41.60015503966437],[115.308524861215,41.701079701839504],[115.91552544711885,41.94869718694359],[116.01002506077916,41.7750128845957],[116.32917866396929,42.00760902463185],[116.63586759419196,41.92921638005862],[116.87675464619106,42.01558911419919],[116.8953067175845,42.387602113147025],[117.09184272390867,42.48172022833825],[117.40635830925045,42.46928067695387],[117.4666525412791,42.60024802926485],[117.795661932397,42.615504082849455],[118.02466406365969,42.38196910874656],[117.96552933609311,42.243021666868245],[118.2904804615937,42.0463359298851],[118.33946952511698,41.846833690701715],[118.1287295891322,41.72994884939192],[118.35106456973787,41.33164849657521],[118.8137068501116,41.369671276278396],[119.23286771315695,41.310759438590125],[119.41027189585665,41.58701136272994],[119.2838859094889,41.78393180822978],[119.3772260186871,42.08787933733858],[119.23199808481039,42.199365882764596],[119.49578534993574,42.38689798759697],[119.95726812584738,41.957381402060975],[120.09408965237394,41.69615082298908],[120.46252219520288,42.10219655685644],[120.87762479263093,42.264849558920076],[121.1130041984351,42.27846265288788],[121.29881478848495,42.43337027390086],[121.66029030454135,42.43524794203435],[122.05944971561567,42.71924524722482],[122.39019836342669,42.68169188455501],[122.35338409675535,42.83354829485107],[122.8308100590207,42.71431636837441],[123.21286677927921,42.83401771188444],[123.25286968322129,42.99080300103091],[123.57318279087352,43.008171431265694],[123.69840927277919,43.36821429586253],[123.4134610512207,43.40741061814916],[123.2983802333583,43.54823572816096],[123.53231025858486,43.640241466701994],[123.3798354218201,44.15965141412886],[123.12561406850696,44.36009248737899],[123.11865704173442,44.507489435858005],[122.66992881490579,44.283812219455925],[122.31367106892878,44.23076809468482],[122.28033531564373,44.475803786105345],[122.12583134607029,44.57532019718036],[122.06292822900193,44.88044126887259],[122.22438922534789,45.2048084389331],[122.15887722323984,45.4418640407863],[121.9394410037894,45.711544126458904],[121.6388394719927,45.75285282539569],[121.75594942266373,45.99694968274949],[122.03336086521864,45.95728394342949],[122.24844894293625,45.79556977543261],[122.43976717918102,45.91480170190927],[122.73602056924489,45.70309461985819],[122.78703876557682,46.07135228253905],[123.15894982179205,46.23940358048647]]]}},{"type":"Feature","properties":{"adcode":"210000","name":"辽宁省"},"geometry":{"type":"MultiPolygon","coordinates":[[[[121.82696907096673,38.894435259304316],[121.81827278750104,38.87049499060231],[121.83740461112552,38.87284207576917],[121.82696907096673,38.894435259304316]]],[[[122.72007738289116,39.046291669600365],[122.72761416189473,39.0131977687476],[122.75283338394519,39.0096771409973],[122.72007738289116,39.046291669600365]]],[[[122.83428857240699,39.05028171438404],[122.81544662489802,39.051924674000844],[122.81863526216877,39.0406586651999],[122.83428857240699,39.05028171438404]]],[[[123.197213469041,39.05591471878451],[123.15605106063683,39.08384503227019],[123.1505434144419,39.028219113815524],[123.197213469041,39.05591471878451]]],[[[122.38729960227147,39.21176117386423],[122.31164193612014,39.18359615186188],[122.3319332642067,39.14510395512532],[122.38729960227147,39.21176117386423]]],[[[122.5432529524225,39.232415523332634],[122.49049549939744,39.23546673404955],[122.50730831409774,39.22208834859843],[122.5432529524225,39.232415523332634]]],[[[122.4304911434843,39.23570144256624],[122.42846201067564,39.22302718266518],[122.44382544479834,39.226078393382096],[122.4304911434843,39.23570144256624]]],[[[122.6374626899673,39.224904850798666],[122.73602056924489,39.24579390878375],[122.64528934508638,39.241569155483404],[122.6374626899673,39.224904850798666]]],[[[122.4215049839031,39.26715238380221],[122.44295581645177,39.25494754093452],[122.44498494926043,39.261988796435105],[122.4215049839031,39.26715238380221]]],[[[122.5444124568846,39.297899199488114],[122.54934035084848,39.273489513752736],[122.64239058393116,39.26504000715204],[122.5444124568846,39.297899199488114]]],[[[123.06358057978518,39.450459735334235],[123.06416033201623,39.431213636965964],[123.08242252729414,39.44905148423412],[123.06358057978518,39.450459735334235]]],[[[122.97632786901295,39.54997614640925],[122.99314068371325,39.49622789608807],[123.03169420707772,39.53237300765777],[122.97632786901295,39.54997614640925]]],[[[123.72623737986933,39.763326188077116],[123.70623592789829,39.74689659190908],[123.7413109378765,39.75135605372611],[123.72623737986933,39.763326188077116]]],[[[120.8254470918369,40.507352185972806],[120.77674790442913,40.49561676013849],[120.8280559768766,40.49256554942157],[120.8254470918369,40.507352185972806]]],[[[121.49651029927121,40.85824141841887],[121.4939014142315,40.877487516787156],[121.47129107722076,40.859180252485615],[121.49651029927121,40.85824141841887]]],[[[125.70580137277166,40.856833167318754],[125.59014080267823,40.93076635007495],[125.78522742842479,41.164301324177856],[125.64202862735674,41.262174775636055],[125.28577088137973,41.95761611057766],[125.48404614439704,42.1338822066091],[125.16924068293974,42.30568884082349],[124.96951603934482,42.799750268448236],[124.86661001833437,42.78731071706386],[124.87530630180004,43.13115869400934],[124.57992254008275,42.90255259875684],[124.36599396682723,42.87837762153815],[124.41962104819886,43.0734203989045],[123.74420969903173,43.46913895803766],[123.69840927277919,43.36821429586253],[123.57318279087352,43.008171431265694],[123.25286968322129,42.99080300103091],[123.21286677927921,42.83401771188444],[122.8308100590207,42.71431636837441],[122.35338409675535,42.83354829485107],[122.39019836342669,42.68169188455501],[122.05944971561567,42.71924524722482],[121.66029030454135,42.43524794203435],[121.29881478848495,42.43337027390086],[121.1130041984351,42.27846265288788],[120.87762479263093,42.264849558920076],[120.46252219520288,42.10219655685644],[120.09408965237394,41.69615082298908],[119.95726812584738,41.957381402060975],[119.49578534993574,42.38689798759697],[119.23199808481039,42.199365882764596],[119.3772260186871,42.08787933733858],[119.2838859094889,41.78393180822978],[119.41027189585665,41.58701136272994],[119.23286771315695,41.310759438590125],[118.84037545273965,40.81951451316563],[119.25431854570562,40.536456042041905],[119.49723473051336,40.552416221176586],[119.84798483029545,39.98981990667943],[120.44368024769392,40.19612869284673],[120.59412595165004,40.469094697752936],[120.95965973332376,40.802850208480905],[121.68782853551598,40.83289289861675],[121.79943083999208,40.959166080594],[121.97567551822969,40.704272631472634],[122.24815906682073,40.516505818123576],[122.10032224790432,40.23649855771677],[121.25504349504106,39.57767175137823],[121.24460795488226,39.38896610396242],[121.59129978904701,39.27255067968599],[121.63623058695299,39.11130592872249],[121.14054242940972,38.95358180550927],[121.10952568504882,38.77567274986103],[121.69304630559537,38.86439256916846],[121.63681033918404,39.00427884511352],[121.921468684627,39.0200043157315],[122.38729960227147,39.41384520673117],[122.49281450832162,39.40234448941354],[122.9977787015616,39.66709569623572],[123.81899773683651,39.83350403456633],[124.00393869853977,39.801348967780314],[124.3112073809935,39.91494788985649],[124.36541421459617,40.08511156445408],[124.61586717840751,40.284848512154156],[125.29214815592123,40.65122850670153],[125.40780872601465,40.62048169101561],[125.70580137277166,40.856833167318754]]]]}},{"type":"Feature","properties":{"adcode":"220000","name":"吉林省"},"geometry":{"type":"Polygon","coordinates":[[[131.2969318889673,43.499651065206876],[131.13489114039027,43.42290138025045],[130.40962109935327,43.647517430719276],[130.31106322007568,44.03619473435184],[130.09307638120285,43.84162137401887],[129.92929637593272,44.025398142584265],[129.7736329018972,43.893022539173174],[129.2051858393578,43.782474827813914],[129.2234480346357,43.592830346331354],[128.86979917369842,43.54142918117705],[128.44397115999604,44.20096011306565],[128.36599448492052,44.51194889767504],[128.0949603169071,44.288036972756274],[128.08278552005515,44.12913930695963],[127.72275938457636,44.0969842401736],[127.38389420553071,44.63000728156827],[127.0209693088967,44.598791048848994],[127.08677118712026,44.945690236511396],[126.95081928894027,45.13744709464413],[126.61659212774296,45.23344287796884],[126.15887774133313,45.13110996469359],[125.6881189297248,45.35220538741213],[125.68348091187644,45.513215429858946],[125.06807391862242,45.37825803276431],[124.91009143566274,45.5397374922445],[124.5431082734114,45.409239556966895],[124.00509820300186,45.780783138881375],[124.0561163993338,45.88358546918998],[123.89378577464127,46.302070754441715],[123.15894982179205,46.23940358048647],[122.78703876557682,46.07135228253905],[122.73602056924489,45.70309461985819],[122.43976717918102,45.91480170190927],[122.24844894293625,45.79556977543261],[122.03336086521864,45.95728394342949],[121.75594942266373,45.99694968274949],[121.6388394719927,45.75285282539569],[121.9394410037894,45.711544126458904],[122.15887722323984,45.4418640407863],[122.22438922534789,45.2048084389331],[122.06292822900193,44.88044126887259],[122.12583134607029,44.57532019718036],[122.28033531564373,44.475803786105345],[122.31367106892878,44.23076809468482],[122.66992881490579,44.283812219455925],[123.11865704173442,44.507489435858005],[123.12561406850696,44.36009248737899],[123.3798354218201,44.15965141412886],[123.53231025858486,43.640241466701994],[123.2983802333583,43.54823572816096],[123.4134610512207,43.40741061814916],[123.69840927277919,43.36821429586253],[123.74420969903173,43.46913895803766],[124.41962104819886,43.0734203989045],[124.36599396682723,42.87837762153815],[124.57992254008275,42.90255259875684],[124.87530630180004,43.13115869400934],[124.86661001833437,42.78731071706386],[124.96951603934482,42.799750268448236],[125.16924068293974,42.30568884082349],[125.48404614439704,42.1338822066091],[125.28577088137973,41.95761611057766],[125.64202862735674,41.262174775636055],[125.78522742842479,41.164301324177856],[125.59014080267823,40.93076635007495],[125.70580137277166,40.856833167318754],[125.99712686887165,40.89016177668822],[126.50672907996,41.433511992817074],[126.56673343587312,41.606726878131596],[126.9421230054746,41.80669853434836],[127.3476596910904,41.46026876371933],[128.10452622871935,41.36192589522774],[128.31207752743336,41.58677665421325],[128.02799893422144,41.99775126693103],[128.91328059102676,42.009721401282036],[129.40056234121988,42.450973412652345],[129.53390535436017,42.365774221095194],[129.74348578588285,42.46576004920358],[129.8785680557163,42.99221125213103],[130.26120452820584,42.90396084985697],[130.25134874027808,42.7058668617737],[130.5754302374321,42.42984964615057],[130.6273180621106,42.59250264821419],[130.39686655027032,42.72440883459191],[131.1453266805491,42.958882642761566],[131.2969318889673,43.499651065206876]]]}},{"type":"Feature","properties":{"adcode":"230000","name":"黑龙江省"},"geometry":{"type":"Polygon","coordinates":[[[131.2969318889673,43.499651065206876],[131.1946056201879,43.53227554902628],[131.29925089789145,44.04699132611941],[131.09807687371892,44.70980817724163],[130.95516794876642,44.8184782204674],[131.13923928212313,44.944281985411266],[131.45984226589087,44.96118099861269],[131.86537895150667,45.339531127511066],[132.00364985861086,45.25175014227037],[132.93821045505499,45.019858127784275],[133.13039831964633,45.12876287952673],[133.19909895902515,45.50382708919149],[133.47766990604214,45.65591820800424],[133.4602773391108,45.83406197216917],[133.73681915331915,46.05656564598782],[133.93799317749168,46.38187165011507],[134.14989261793852,47.252640247021375],[134.49687432821884,47.445805356254226],[134.7751553991203,47.738252168045406],[134.54499376339555,48.032341939453374],[134.68906219281016,48.26470337097285],[135.07865569207223,48.39848722548406],[134.20612858434987,48.3841700059662],[133.58550382101646,48.19241314783346],[133.15416816111917,48.133266601628506],[132.5845615941177,47.72651674221109],[131.95697980401175,47.665727236389316],[131.53578980815774,47.73355799771167],[130.95864646215267,47.73074149551144],[130.6658715854751,48.125990637611224],[130.83805799809537,48.298501397375674],[130.52209303217597,48.61653143748566],[130.62181041591566,48.882456186891275],[130.23163716442255,48.86344479703969],[129.59130082523362,49.27465411827414],[129.5110051412339,49.42064281565304],[129.05271100259304,49.37205815269897],[128.75529810806708,49.47532990004096],[128.78370596738827,49.58658173695028],[128.18250290379484,49.53635411437941],[127.80305506857607,49.592449449867445],[127.52042585594174,49.85391473745602],[127.5937645131689,50.23860199630492],[127.37171940867876,50.29023786997591],[127.2879452112928,50.754960733014855],[126.91777341177072,51.05937767915704],[126.96212445744564,51.33328251812999],[126.77602399128028,51.44664673168948],[126.29772840066835,52.20522465761972],[126.42701314819134,52.29746510467744],[125.60579411291644,53.08209567595986],[125.1906915154884,53.195694598036056],[124.90139515219707,53.116128410879384],[124.49498883823469,53.20390939612007],[124.23323070591798,53.37829782401802],[123.26649386065085,53.560901049999984],[122.8163162532446,53.45528221749113],[122.3499055833691,53.49940741862817],[121.49303178588494,53.33370320584761],[121.81334489353716,53.06238016055822],[121.61448987828882,52.851142495540515],[121.18315421839151,52.59554492086909],[121.91943955181836,52.28267846812621],[122.15771771877775,52.514805191129],[122.46237751619176,52.300046898361],[122.78356025219057,52.25052340134019],[122.62963603484818,52.13481210261382],[122.85110138710728,51.47246466852498],[123.00821424172041,51.30511749612762],[124.3967208350726,51.27178888675817],[124.84602881413228,51.37858126185046],[125.12141112387854,51.633240002455125],[125.35939941472242,51.6163409892537],[126.06118949040209,50.964790146932444],[125.75305117960181,50.75167481378125],[125.8217518189806,50.559917955648515],[125.52781743784092,50.41909284563671],[125.25243512809466,50.10223634811017],[125.21214234803705,49.18734255006683],[124.89878626715736,49.18124012863298],[124.64775355111499,48.83246327283709],[124.50049648442962,48.44284713513778],[124.52165744086275,48.14758382114637],[124.25236252954245,48.53461816516213],[123.5691245252562,48.04079144605409],[123.29345233939443,47.95183691822996],[123.1609789546007,47.78167324363237],[122.5873141219819,47.54508705881254],[122.41164919597534,47.34816661331271],[122.62035999915147,47.11557047327655],[122.84704312148997,47.068394061422595],[122.90096007897714,46.805755231250586],[123.17083474252846,46.75341523202954],[123.398097617098,46.93343666432796],[123.61608445597084,46.84635980463733],[123.59782226069292,46.68793155587406],[123.0392309860813,46.61540662421797],[123.00502560444966,46.43303810675269],[123.15894982179205,46.23940358048647],[123.89378577464127,46.302070754441715],[124.0561163993338,45.88358546918998],[124.00509820300186,45.780783138881375],[124.5431082734114,45.409239556966895],[124.91009143566274,45.5397374922445],[125.06807391862242,45.37825803276431],[125.68348091187644,45.513215429858946],[125.6881189297248,45.35220538741213],[126.15887774133313,45.13110996469359],[126.61659212774296,45.23344287796884],[126.95081928894027,45.13744709464413],[127.08677118712026,44.945690236511396],[127.0209693088967,44.598791048848994],[127.38389420553071,44.63000728156827],[127.72275938457636,44.0969842401736],[128.08278552005515,44.12913930695963],[128.0949603169071,44.288036972756274],[128.36599448492052,44.51194889767504],[128.44397115999604,44.20096011306565],[128.86979917369842,43.54142918117705],[129.2234480346357,43.592830346331354],[129.2051858393578,43.782474827813914],[129.7736329018972,43.893022539173174],[129.92929637593272,44.025398142584265],[130.09307638120285,43.84162137401887],[130.31106322007568,44.03619473435184],[130.40962109935327,43.647517430719276],[131.13489114039027,43.42290138025045],[131.2969318889673,43.499651065206876]]]}},{"type":"Feature","properties":{"adcode":"310000","name":"上海市"},"geometry":{"type":"MultiPolygon","coordinates":[[[[121.87479863002791,31.635135546712668],[121.21880898060076,31.847312045797114],[121.09706101208137,31.765164064956895],[121.3822991097554,31.54711985295529],[121.14286143833391,31.445256356713422],[121.07271141837748,31.16313671965645],[120.89733636848645,31.0197298159611],[120.9848789553742,30.835718338879012],[121.26779804412405,30.691607309633604],[121.97393626153655,30.920448113402777],[121.77305211347955,31.216415552944248],[121.95973233187595,31.54970164663884],[121.87479863002791,31.635135546712668]]],[[[121.97625527046074,31.227446853228503],[121.99683647466283,31.15421779602237],[122.03886851141357,31.194587660892417],[121.97625527046074,31.227446853228503]]],[[[121.88523417018672,31.244580574946607],[121.91451165785448,31.200924790842947],[121.92117880851148,31.230967480978798],[121.88523417018672,31.244580574946607]]]]}},{"type":"Feature","properties":{"adcode":"320000","name":"江苏省"},"geometry":{"type":"MultiPolygon","coordinates":[[[[119.29577083022531,35.09074903788557],[118.90501782650114,35.05037917301552],[118.67427643854532,34.679539716651114],[118.52556999128235,34.71498070267075],[118.40382202276295,34.43473873374727],[118.16496410357252,34.38239873452622],[118.09568371196266,34.65653828201585],[117.78580614446923,34.64621110728166],[117.79131379066416,34.522754427504644],[117.48230585151731,34.470649136800276],[117.34635395333731,34.585186892943206],[117.23504152497672,34.44553532551484],[116.9628478525012,34.87012303220042],[116.69964033960689,34.93701495945602],[116.4393315878678,34.896175677552606],[116.36976132014243,34.63705747513089],[116.56658720258213,34.48731344148501],[116.9654567375409,34.39272590926041],[117.14373054858717,34.079859456517525],[117.50375668406596,34.06225631776606],[117.75334001953073,33.88645963876799],[117.7542096478773,33.71817363230389],[118.1803275376952,33.74610394578956],[117.93886073346505,33.22645928984602],[118.21772155659758,33.17717050134189],[118.22235957444593,32.92509355442076],[118.36497862328295,32.72066243638697],[118.69978553671129,32.72324423007052],[118.8435640900104,32.96006512340703],[119.17953050790084,32.827689519995936],[119.2061991105289,32.57044898570771],[119.07169659292651,32.45520710401472],[118.89748104749756,32.58593974780901],[118.59716939181638,32.60072638436024],[118.68587148316622,32.47515732793306],[118.63920142856712,32.21228378924437],[118.38961809310236,32.078734643249845],[118.47803030833668,31.783001912225057],[118.8551591346313,31.628328999728765],[118.78993700863876,31.23167160652886],[119.15286190527277,31.296685865650975],[119.61782319457066,31.13051223583705],[119.90827906232408,31.170882100707097],[120.14452809647483,30.939459503254373],[120.36541369650288,30.950256095021942],[120.49933646187422,30.7603769050227],[120.89733636848645,31.0197298159611],[121.07271141837748,31.16313671965645],[121.14286143833391,31.445256356713422],[121.3822991097554,31.54711985295529],[121.09706101208137,31.765164064956895],[121.21880898060076,31.847312045797114],[121.87479863002791,31.635135546712668],[121.95538419014312,31.73629491740448],[121.75131140481537,32.04118128058003],[121.519700388513,32.13482997873787],[121.41331585411629,32.40333652182704],[120.95183307820466,32.60776763986084],[120.96864589290496,32.87603947443332],[120.26221779937691,34.309404385836764],[119.7917488638841,34.4668938005333],[119.19257493309934,34.83515146321415],[119.29577083022531,35.09074903788557]]],[[[119.45114442814531,34.77013720409204],[119.37548676199395,34.76403478265819],[119.4627394727662,34.751125814240446],[119.45114442814531,34.77013720409204]]],[[[121.56608056699658,32.22918280244578],[121.55680453129986,32.21627383402803],[121.56695019534314,32.1773122202581],[121.56608056699658,32.22918280244578]]],[[[121.40606895122822,32.522333739787015],[121.43041854493211,32.52280315682039],[121.42433114650613,32.532191497487844],[121.40606895122822,32.522333739787015]]]]}},{"type":"Feature","properties":{"adcode":"330000","name":"浙江省"},"geometry":{"type":"MultiPolygon","coordinates":[[[[120.43179532695751,27.167693640104975],[120.61093876635033,27.574208791005706],[120.83124461414735,27.76807802578862],[121.21909885671629,28.345930393870375],[121.15474635907032,28.04010519662808],[121.45998590871538,28.327153712535466],[121.61362024994224,28.255567614946134],[121.64956488826702,28.459294607429875],[121.49158240530733,28.69517666669964],[121.6597105523103,28.71747397578484],[121.6765233670106,28.862758547613684],[121.53448407040463,28.954060160604666],[121.65391302999986,28.89890365918338],[121.70609073079387,28.944671819937213],[121.5249181585924,29.18829926025763],[121.94031063213598,29.200034686091946],[121.95596394237418,29.632837190861547],[121.46839231606553,29.421599525843845],[122.13829601903774,29.88115880151569],[121.95770319906731,29.887730639982905],[121.70319196963865,29.985838799957794],[121.27098668139479,30.404324085209527],[121.26779804412405,30.691607309633604],[120.9848789553742,30.835718338879012],[120.89733636848645,31.0197298159611],[120.49933646187422,30.7603769050227],[120.36541369650288,30.950256095021942],[120.14452809647483,30.939459503254373],[119.90827906232408,31.170882100707097],[119.61782319457066,31.13051223583705],[119.57376202501126,30.831258877061973],[119.23402721761904,30.60852049472664],[119.36244233679545,30.387894489041486],[119.23170820869487,30.29541933346707],[118.935454818631,30.355270005222085],[118.8435640900104,30.165860232256215],[118.88646575510771,29.93795826255378],[118.47368216660385,29.51149288773471],[118.18757444058326,29.39695513159178],[118.03075146208565,29.101457109083686],[118.26642074400534,28.920262134201835],[118.42295384638743,28.68438007493207],[118.42875136869787,28.291712726515833],[118.79602440706472,28.245475148728623],[118.71340971414085,28.064045465330086],[118.90820646377189,27.623732288026524],[118.87255170156263,27.519756415134477],[119.26301482917128,27.424464757359825],[119.64014365546589,27.663867444379886],[119.76363088067842,27.311804669350384],[120.33613620883511,27.401932739757935],[120.43179532695751,27.167693640104975]]],[[[122.3203382195858,30.03231108626169],[121.94871703948611,30.184871622107806],[122.02611396233058,29.99381888952513],[122.3203382195858,30.03231108626169]]],[[[122.1246718416082,29.79150014814151],[122.04785467099477,29.722730552752413],[122.16061647993297,29.66217575544734],[122.1246718416082,29.79150014814151]]],[[[122.19047371983177,30.32804381728647],[122.05365219330523,30.305277091167895],[122.2232297208858,30.246365253479627],[122.19047371983177,30.32804381728647]]],[[[121.97857427938493,29.150276480554442],[121.87711763895209,29.14722526983752],[121.95770319906731,29.05756661646334],[121.97857427938493,29.150276480554442]]],[[[122.41715684217027,29.948754854321354],[122.32323698074103,29.93232525815331],[122.39077811565774,29.855340864680194],[122.41715684217027,29.948754854321354]]],[[[121.87595813448999,30.09357000911682],[121.83624510666343,30.000625436509033],[121.92842571139954,30.001094853542405],[121.87595813448999,30.09357000911682]]],[[[122.42208473613417,30.431550273145145],[122.27714667837297,30.475440765765487],[122.31338119281327,30.412773591810236],[122.42208473613417,30.431550273145145]]],[[[122.21975120749954,29.83421709817842],[122.3058444138097,29.771315215706483],[122.28062519175924,29.846187232529424],[122.21975120749954,29.83421709817842]]],[[[121.8605947003673,29.144174059120598],[121.7840674058694,29.11342724343469],[121.8707403644106,29.08972168324937],[121.8605947003673,29.144174059120598]]],[[[122.484697977087,30.71179224206863],[122.44527482537595,30.744886142921402],[122.42208473613417,30.693250269250406],[122.484697977087,30.71179224206863]]],[[[122.28178469622134,30.22946624027821],[122.41628721382371,30.248477630129802],[122.33135351197566,30.271244356248378],[122.31309131669775,30.25059000677998],[122.27714667837297,30.243783459796077],[122.28178469622134,30.22946624027821]]],[[[122.25163758020699,29.75183440882152],[122.25366671301566,29.777417637140328],[122.21308405684252,29.77084579867311],[122.25163758020699,29.75183440882152]]],[[[121.18025545723629,27.857736679162798],[121.12228023413181,27.850930132178895],[121.10488766720047,27.818775065392867],[121.18025545723629,27.857736679162798]]],[[[121.97625527046074,29.898761940267164],[121.96002220799149,29.95344902465508],[121.92204843685806,29.930212881503135],[121.97625527046074,29.898761940267164]]],[[[121.07184179003093,27.97743802267283],[121.03589715170614,27.960539009471415],[121.13387527875271,27.95631425617106],[121.07184179003093,27.97743802267283]]],[[[122.17337102901595,30.193321128708515],[122.16032660381745,30.14051171245409],[122.20119913610611,30.189331083924845],[122.17337102901595,30.193321128708515]]],[[[121.99538709408522,30.309736552984937],[121.98321229723328,30.343065162354396],[121.92291806520461,30.31020597001831],[121.99538709408522,30.309736552984937]]],[[[122.24207166839476,29.956265526855315],[122.21714232245984,29.956734943888687],[122.26555163375207,29.93795826255378],[122.24207166839476,29.956265526855315]]],[[[122.05249268884313,29.19088105394118],[122.03510012191178,29.208953609726027],[122.03220136075656,29.155909484954915],[122.05249268884313,29.19088105394118]]],[[[122.22496897757894,29.71193396098484],[122.2049675256079,29.714281046151704],[122.22178034030819,29.69925970108378],[122.22496897757894,29.71193396098484]]],[[[122.1040906374061,30.624011256827938],[122.03741913083596,30.642553229646158],[122.08959683162999,30.604295741426284],[122.1040906374061,30.624011256827938]]],[[[122.39976427523894,30.026678081861217],[122.3774438143437,30.02503512224441],[122.36932728310909,29.984665257374363],[122.39976427523894,30.026678081861217]]],[[[121.03821616063033,27.877686903081138],[121.03038950551121,27.84975658959546],[121.07416079895509,27.858440804712856],[121.03821616063033,27.877686903081138]]],[[[121.81624365469239,29.101222400567],[121.7866762909091,29.078220965931738],[121.82870832765985,29.054280697229732],[121.81624365469239,29.101222400567]]],[[[121.05328971863749,27.48689722279839],[121.06111637375659,27.465538747779934],[121.10082940158316,27.44793560902846],[121.05328971863749,27.48689722279839]]],[[[121.95799307518283,30.10389718385102],[121.9072647549664,30.09685592835043],[121.94060050825149,30.06869090634807],[121.95799307518283,30.10389718385102]]],[[[121.19387963466585,28.002317125441582],[121.18141496169838,27.967345556455317],[121.21764947613867,27.991755242190695],[121.19387963466585,28.002317125441582]]],[[[122.29598862588193,30.272183190315122],[122.25076795186044,30.241905791662585],[122.31106218388908,30.252937091946844],[122.29598862588193,30.272183190315122]]],[[[122.31338119281327,29.880219967448944],[122.27917581118163,29.87529108859853],[122.30236590042341,29.852759070996644],[122.31338119281327,29.880219967448944]]],[[[121.14605007560465,27.899984212166338],[121.10749655224018,27.89083058001557],[121.1077864283557,27.868063853897],[121.14605007560465,27.899984212166338]]],[[[121.89306082530581,28.502715683016845],[121.89306082530581,28.480887790965017],[121.91306227727686,28.49919505526655],[121.89306082530581,28.502715683016845]]],[[[122.0548116977673,30.194025254258573],[122.01277966101657,30.18651458172461],[122.03538999802731,30.167737900389703],[122.0548116977673,30.194025254258573]]],[[[122.13829601903774,29.976919876323713],[122.19134334817835,29.962837365322535],[122.16293548885716,29.99053297029152],[122.13829601903774,29.976919876323713]]],[[[121.80406885784045,28.702687339233602],[121.78696616702463,28.692360164499405],[121.76029756439657,28.695411375216327],[121.7840674058694,28.68179828124852],[121.80406885784045,28.702687339233602]]],[[[121.87189986887267,28.803142584375355],[121.86349346152254,28.81558213575973],[121.85276804524821,28.807602046192393],[121.87189986887267,28.803142584375355]]],[[[121.91596103843209,28.45506985412952],[121.88610379853327,28.45178393489591],[121.89045194026612,28.436293172794613],[121.91596103843209,28.45506985412952]]],[[[122.20815616287865,29.44178445827887],[122.20322826891476,29.426997821727632],[122.2206208358461,29.431926700578046],[122.20815616287865,29.44178445827887]]],[[[122.02582408621507,29.73446597858673],[122.03162160852551,29.76192687503903],[122.00930114763028,29.747374947004477],[122.02582408621507,29.73446597858673]]],[[[122.7931261640028,30.725405336036435],[122.75399288840728,30.71484345278555],[122.7852995088837,30.699587399200936],[122.7931261640028,30.725405336036435]]],[[[122.4693345429643,30.431550273145145],[122.45542048941923,30.426386685778045],[122.47078392354192,30.405967044826333],[122.4693345429643,30.431550273145145]]],[[[122.56557341331774,30.669544709065086],[122.54383270465355,30.653819238447102],[122.55919613877624,30.651237444763552],[122.56557341331774,30.669544709065086]]],[[[121.84552114236016,30.06493557008109],[121.83682485889447,30.09943772203398],[121.81798291138551,30.09192704950002],[121.84552114236016,30.06493557008109]]],[[[121.07300129449301,28.010297215008915],[121.03821616063033,27.991051116640637],[121.08372671076734,28.002317125441582],[121.07300129449301,28.010297215008915]]],[[[121.19243025408824,28.32199012516837],[121.18576310343121,28.353441066404336],[121.170109793193,28.336072636169547],[121.19243025408824,28.32199012516837]]],[[[122.8319695634828,30.718598789052532],[122.8241429083637,30.731273048953593],[122.80327182804609,30.720711165702706],[122.8319695634828,30.718598789052532]]],[[[122.03741913083596,29.93373350925343],[122.0533623171897,29.95603081833863],[122.02727346679268,29.95743906943875],[122.03741913083596,29.93373350925343]]],[[[121.70058308459896,28.901016035833557],[121.65768141950164,28.897495408083262],[121.67188534916224,28.886933524832376],[121.70058308459896,28.901016035833557]]],[[[121.87508850614343,28.750098459604242],[121.85856556755866,28.749159625537498],[121.85160854078612,28.733199446402825],[121.87508850614343,28.750098459604242]]],[[[122.68732138183714,30.85003555839688],[122.67514658498519,30.861770984231196],[122.6623920359022,30.85050497543025],[122.68732138183714,30.85003555839688]]],[[[121.15793499634107,28.210034162708986],[121.17880607665867,28.23866860174472],[121.150688093453,28.229280261077268],[121.15793499634107,28.210034162708986]]],[[[121.52781691974762,28.09784349173292],[121.52288902578374,28.10488474723351],[121.51158385727837,28.092914612882506],[121.52781691974762,28.09784349173292]]],[[[121.97306663319,29.178441502556804],[121.94900691560164,29.18947280284106],[121.9640804736088,29.169522578922724],[121.97306663319,29.178441502556804]]],[[[122.06843587519685,30.574957176840496],[122.0791612914712,30.597254485925696],[122.05104330826552,30.59068264745848],[122.06843587519685,30.574957176840496]]],[[[122.15018093977417,29.948285437287982],[122.15684809043118,29.968235661206318],[122.135107381767,29.962133239772474],[122.15018093977417,29.948285437287982]]],[[[120.52310630334705,27.167224223071603],[120.53499122408348,27.17379606153882],[120.5210771705384,27.18341911072296],[120.52310630334705,27.167224223071603]]],[[[122.08901707939894,29.987012342541227],[122.06611686627268,29.997339517275424],[122.06843587519685,29.975746333740283],[122.08901707939894,29.987012342541227]]],[[[122.68645175349056,30.182993953974314],[122.68210361175773,30.208577182293126],[122.66992881490579,30.204821846026146],[122.68645175349056,30.182993953974314]]],[[[122.12264270879953,30.610163454343443],[122.10554001798371,30.601713947742738],[122.12873010722551,30.5988974455425],[122.12264270879953,30.610163454343443]]],[[[122.3035254048855,29.925753419686092],[122.30265577653894,29.944530101020998],[122.2841037051455,29.937254137003723],[122.3035254048855,29.925753419686092]]],[[[122.76094991517982,30.127837452553027],[122.78269062384399,30.129715120686516],[122.75718152567802,30.14473646575444],[122.76094991517982,30.127837452553027]]],[[[122.49861203063207,30.21843493999395],[122.49803227840101,30.228527406211466],[122.47803082642997,30.23322157654519],[122.49861203063207,30.21843493999395]]],[[[120.98284982256556,27.665979821030064],[120.96429775117213,27.664571569929944],[120.97096490182913,27.649080807828646],[120.98284982256556,27.665979821030064]]],[[[121.791604184873,29.278192622148495],[121.79943083999208,29.294856926833226],[121.78696616702463,29.297673429033463],[121.791604184873,29.278192622148495]]],[[[121.19793790028316,27.61880340917611],[121.21620009556106,27.63405946276072],[121.20402529870913,27.634998296827465],[121.19793790028316,27.61880340917611]]],[[[120.47933500990318,27.153141712070422],[120.46860959362886,27.165111846421425],[120.4654209563581,27.152202878003678],[120.47933500990318,27.153141712070422]]],[[[122.64963748681922,30.188626958374787],[122.64644884954848,30.213036644110165],[122.63311454823446,30.2090465993265],[122.64963748681922,30.188626958374787]]],[[[121.93654224263418,28.720994603535136],[121.91306227727686,28.720290477985078],[121.91770029512523,28.708789760667447],[121.93654224263418,28.720994603535136]]],[[[121.68840828774702,29.556791631455173],[121.66898658800702,29.550219792987956],[121.69101717278673,29.544586788587484],[121.68840828774702,29.556791631455173]]],[[[122.19945987941297,30.222190276260932],[122.17540016182461,30.22946624027821],[122.19018384371626,30.215149020760343],[122.19945987941297,30.222190276260932]]],[[[122.1130767969873,29.9616638227391],[122.12351233714611,29.97598104225697],[122.11191729252522,29.9823181722075],[122.1130767969873,29.9616638227391]]],[[[122.42092523167207,30.679871883799287],[122.40527192143387,30.673534753848756],[122.42063535555656,30.671422377198578],[122.42092523167207,30.679871883799287]]],[[[122.01104040432342,30.660625785431005],[122.03828875918254,30.649125068113378],[122.03828875918254,30.654992781030533],[122.01104040432342,30.660625785431005]]],[[[121.08430646299838,27.779109326072877],[121.08662547192256,27.795773630757605],[121.07763931234138,27.792487711523997],[121.08430646299838,27.779109326072877]]],[[[122.09075633609208,29.945468935087746],[122.07829166312462,29.955796109821943],[122.07887141535566,29.93889709662053],[122.09075633609208,29.945468935087746]]],[[[121.2075038120954,28.351798106787534],[121.19301000631927,28.360717030421615],[121.19648851970554,28.350155147170728],[121.2075038120954,28.351798106787534]]],[[[122.79225653565624,30.777980043774175],[122.78732864169235,30.790184886641864],[122.77399434037832,30.786194841858194],[122.79225653565624,30.777980043774175]]],[[[122.26120349201923,29.864963913864333],[122.27337828887119,29.87036220974812],[122.26294274871236,29.877638173765394],[122.26120349201923,29.864963913864333]]],[[[122.37309567261087,29.828818802294638],[122.37193616814878,29.843605438845877],[122.35570310567954,29.83938068554552],[122.37309567261087,29.828818802294638]]],[[[120.5987639694984,27.349123323503512],[120.57963214587392,27.34466386168647],[120.58224103091362,27.337857314702568],[120.5987639694984,27.349123323503512]]],[[[122.26700101432968,30.51440237953542],[122.26555163375207,30.5284848905366],[122.2542464652467,30.520270092452577],[122.26700101432968,30.51440237953542]]],[[[122.23975265947058,30.22054731664413],[122.23279563269804,30.234395119128624],[122.22438922534789,30.223363818844366],[122.23975265947058,30.22054731664413]]],[[[122.17250140066939,29.798541403642098],[122.19192310040938,29.787979520391215],[122.19163322429387,29.797602569575353],[122.17250140066939,29.798541403642098]]],[[[121.95451456179657,29.215290739676558],[121.94871703948611,29.199095852025202],[121.96234121691566,29.198626434991827],[121.95451456179657,29.215290739676558]]],[[[122.0223455728288,29.60842750512617],[122.03133173241,29.61734642876025],[122.02292532505984,29.626734769427703],[122.0223455728288,29.60842750512617]]],[[[122.01741767886492,29.90486436170101],[122.00843151928373,29.91824274715213],[122.00321374920432,29.90791557241793],[122.01741767886492,29.90486436170101]]],[[[122.45339135661058,30.745355559954774],[122.4615078878452,30.75662156875572],[122.44846346264669,30.75662156875572],[122.45339135661058,30.745355559954774]]],[[[121.68348039378313,28.276456672931218],[121.68319051766761,28.292651560582577],[121.67333472973985,28.28795739024885],[121.68348039378313,28.276456672931218]]]]}},{"type":"Feature","properties":{"adcode":"340000","name":"安徽省"},"geometry":{"type":"Polygon","coordinates":[[[119.61782319457066,31.13051223583705],[119.15286190527277,31.296685865650975],[118.78993700863876,31.23167160652886],[118.8551591346313,31.628328999728765],[118.47803030833668,31.783001912225057],[118.38961809310236,32.078734643249845],[118.63920142856712,32.21228378924437],[118.68587148316622,32.47515732793306],[118.59716939181638,32.60072638436024],[118.89748104749756,32.58593974780901],[119.07169659292651,32.45520710401472],[119.2061991105289,32.57044898570771],[119.17953050790084,32.827689519995936],[118.8435640900104,32.96006512340703],[118.69978553671129,32.72324423007052],[118.36497862328295,32.72066243638697],[118.22235957444593,32.92509355442076],[118.21772155659758,33.17717050134189],[117.93886073346505,33.22645928984602],[118.1803275376952,33.74610394578956],[117.7542096478773,33.71817363230389],[117.75334001953073,33.88645963876799],[117.50375668406596,34.06225631776606],[117.14373054858717,34.079859456517525],[116.9654567375409,34.39272590926041],[116.56658720258213,34.48731344148501],[116.36976132014243,34.63705747513089],[116.19351664190481,34.5715737989754],[116.15293398573169,34.450933621398626],[116.36657268287168,34.26879981245003],[116.5468756267266,34.29344420670209],[116.6376068508851,33.88505138766787],[116.1506149768075,33.70948941718649],[115.80943078883766,34.05333739413197],[115.59898072896843,34.035264838347125],[115.63028734944484,33.58603273740948],[115.41056125387888,33.55669417282369],[115.29750956882515,33.15017902192296],[114.89400201601799,33.128585838387814],[114.88037783858844,32.9776682621585],[115.1946035478147,32.85702808458173],[115.20822772524426,32.58969508407599],[115.40592323603052,32.577255532691616],[115.56071708171947,32.40638773254396],[115.83928802873646,32.506842977685714],[115.93378764239677,32.16416854332367],[115.90537978307557,31.79520675509275],[115.52216355835499,31.702027473968272],[115.3693988454747,31.406529451460177],[115.5792691531129,31.144829455354916],[115.88016056102512,31.14459474683823],[116.06858003611467,30.957766767555906],[115.8642173746714,30.871394033415335],[115.75609358358155,30.689964350016798],[115.90856842034631,30.519800675419205],[115.90566965919109,30.30762417633476],[116.06046350488005,30.212332518560107],[116.13293253376064,29.82670642564446],[116.25786913955079,29.783754767090862],[116.54165785664719,29.907680863901245],[116.61209775271914,30.075262744815287],[116.8926978325448,29.913313868301717],[116.6454335060042,29.64598086779598],[116.83240360051613,29.5718129765231],[117.10923529084002,29.710056292851352],[117.13706339793015,29.914487410885148],[117.33243989979223,29.85792265836374],[117.4678120457412,29.666869925781064],[117.68463938015194,29.556791631455173],[118.02205517861998,29.57627243834014],[118.18757444058326,29.39695513159178],[118.47368216660385,29.51149288773471],[118.88646575510771,29.93795826255378],[118.8435640900104,30.165860232256215],[118.935454818631,30.355270005222085],[119.23170820869487,30.29541933346707],[119.36244233679545,30.387894489041486],[119.23402721761904,30.60852049472664],[119.57376202501126,30.831258877061973],[119.61782319457066,31.13051223583705]]]}},{"type":"Feature","properties":{"adcode":"350000","name":"福建省"},"geometry":{"type":"MultiPolygon","coordinates":[[[[120.43179532695751,27.167693640104975],[120.33613620883511,27.401932739757935],[119.76363088067842,27.311804669350384],[119.64014365546589,27.663867444379886],[119.26301482917128,27.424464757359825],[118.87255170156263,27.519756415134477],[118.90820646377189,27.623732288026524],[118.71340971414085,28.064045465330086],[118.79602440706472,28.245475148728623],[118.42875136869787,28.291712726515833],[118.35077469362236,28.09385344694925],[117.7826175071985,27.90045362919971],[117.72609166467163,27.80375372032494],[117.51535172868685,27.986122237790223],[117.01618505775733,27.558483320387722],[117.16721051394448,27.29490565614897],[117.04488279319403,27.106904134283216],[116.69355294118091,26.992131669623596],[116.50629297055346,26.713297951800232],[116.60659010652421,26.480701811764074],[116.39179190492212,26.275097151146845],[116.48658139469794,26.123710157884158],[116.17177593324064,25.896512313731787],[116.0624926376887,25.70804137483266],[116.00451741458423,25.324762367083874],[115.85146282558841,25.213979947207925],[115.88740746391318,24.940779233785033],[116.48252312908062,24.721092062166623],[116.52484504194689,24.607727848607123],[116.77500812964271,24.681191614329947],[116.99328484463106,24.185017810055033],[116.92313482467463,24.107329291031856],[117.0857553254827,23.66678140521161],[117.18866134649315,23.61983970187434],[117.35099197118566,23.751980596768746],[117.42143186725761,23.594725890588904],[117.50433643629701,23.865579518844932],[117.64115796282357,23.793524004222228],[117.96842809724834,24.188773146322017],[118.13858537705997,24.270686418645546],[118.04147687835999,24.441084801759825],[118.09742296865579,24.565949732636955],[118.44556418339818,24.62791278104215],[118.66558015507965,24.577685158471272],[118.71630847529607,24.84877349524399],[118.94647011102084,24.886796274947176],[118.85747814355548,25.087706765230678],[119.15605054254353,25.13558730263469],[119.3682398591059,25.26678936346235],[119.13025156826203,25.386725415489067],[119.3630220890265,25.527550525500867],[119.64970956727814,25.352223263536178],[119.60883703498948,25.55947088377021],[119.46129009218859,25.645139492360723],[119.59579260979098,25.691611778664615],[119.71290256046201,26.00119231217389],[119.51520704967575,26.082166750430677],[119.66710213420947,26.237309079960344],[119.85871024656976,26.350673293519844],[119.6726097804044,26.343632038019255],[119.63753477042619,26.483048896930935],[119.82711374997783,26.446669076844554],[119.78769059826678,26.57763642915553],[119.60680790218082,26.5884330209231],[119.56013784758171,26.616363334408774],[119.60738765441187,26.650161360811605],[119.63405625703993,26.689357683098226],[119.62449034522768,26.706491404816326],[119.628548610845,26.72479866911786],[119.64710068223843,26.74287122490271],[119.87117491953722,26.671989252863437],[120.22714278939871,26.913973733567047],[120.2555506487199,27.108077676866646],[120.43179532695751,27.167693640104975]]],[[[119.79870589065663,25.619321555525225],[119.67347940875096,25.461597432312008],[119.75609410167485,25.438126580643374],[119.79870589065663,25.619321555525225]]],[[[118.47310241437279,24.44976901687722],[118.28874120490056,24.469953949312245],[118.32381621487878,24.385928300338538],[118.47310241437279,24.44976901687722]]],[[[118.06698597652596,24.458922649027986],[118.19047320173848,24.532855831784182],[118.10206098650416,24.555153140869383],[118.06698597652596,24.458922649027986]]],[[[119.47926241135097,25.242144969210287],[119.44157851633307,25.206938691707336],[119.5497023074229,25.16821178645409],[119.47926241135097,25.242144969210287]]],[[[119.5986913709462,26.1281696197012],[119.53868701503306,26.08451383559754],[119.64883993893156,26.071370158663104],[119.5986913709462,26.1281696197012]]],[[[119.15257202915726,25.095686854798014],[119.10735135513576,25.07409367126287],[119.12155528479636,25.026447842375543],[119.15257202915726,25.095686854798014]]],[[[119.75580422555933,26.67245866989681],[119.66507300140083,26.679030508364026],[119.66536287751634,26.636782975360486],[119.75580422555933,26.67245866989681]]],[[[120.35294902353542,26.970303777571768],[120.3190335180193,26.943781715186212],[120.37324035162199,26.933923957485387],[120.35294902353542,26.970303777571768]]],[[[118.3696166411313,24.563837355986777],[118.30526414348535,24.575572781821094],[118.35744184427938,24.534498791400985],[118.3696166411313,24.563837355986777]]],[[[119.61202567226022,25.67400863991314],[119.55694921031096,25.63809823686013],[119.57434177724232,25.63058756432617],[119.61202567226022,25.67400863991314]]],[[[118.26700049623639,24.437329465492844],[118.22989635344953,24.446717806160297],[118.22583808783222,24.4054091072235],[118.26700049623639,24.437329465492844]]],[[[120.15728264555781,26.577401720638843],[120.15293450382498,26.60697499374132],[120.11467085657603,26.568482797004762],[120.15728264555781,26.577401720638843]]],[[[119.63753477042619,26.159855269453853],[119.60188000821694,26.156099933186873],[119.65028931950917,26.13638441778522],[119.63753477042619,26.159855269453853]]],[[[120.00132929540678,26.235196703310166],[119.98393672847544,26.218532398625438],[120.00712681771722,26.222053026375733],[120.00132929540678,26.235196703310166]]],[[[119.92857039041067,26.16971302715468],[119.90914869067066,26.1453033414193],[119.9421945678402,26.14342567328581],[119.92857039041067,26.16971302715468]]],[[[119.71348231269306,25.65804846077847],[119.67116039982679,25.63762881982676],[119.71638107384828,25.64279240719386],[119.71348231269306,25.65804846077847]]],[[[119.81406932477933,26.623169881392677],[119.75638397779036,26.62246575584262],[119.7723271641441,26.60439320005777],[119.81406932477933,26.623169881392677]]],[[[119.93929580668498,26.696398938598815],[119.90422079670678,26.693347727881893],[119.9239323725623,26.67128512731338],[119.93929580668498,26.696398938598815]]],[[[120.06481216470618,26.519663425534006],[120.03872331430917,26.520132842567378],[120.02799789803484,26.493845488698508],[120.06481216470618,26.519663425534006]]],[[[120.48020463824975,26.383767194372616],[120.47411723982378,26.379542441072264],[120.4862920366757,26.365459930071083],[120.50252509914498,26.37085822595487],[120.48165401882736,26.371092934471555],[120.48020463824975,26.383767194372616]]],[[[119.65347795677992,26.713767368833604],[119.64883993893156,26.734187009785316],[119.63463600927096,26.726911045768038],[119.62507009745873,26.71611445400047],[119.63144737200022,26.709777324049934],[119.64970956727814,26.70508315371621],[119.65347795677992,26.713767368833604]]],[[[119.72710649012261,25.376163532238184],[119.69377073683754,25.36794873415416],[119.70391640088081,25.357386850903275],[119.72710649012261,25.376163532238184]]],[[[119.60854715887396,26.77408745762199],[119.58912545913395,26.77995517053915],[119.58013929955277,26.758596695520694],[119.60854715887396,26.77408745762199]]],[[[119.900452407205,25.596320120889963],[119.87146479565274,25.607586129690908],[119.87175467176827,25.590452407972805],[119.900452407205,25.596320120889963]]],[[[119.68159593998558,26.138027377402025],[119.66855151478708,26.144599215869242],[119.66768188644052,26.126057243051022],[119.68159593998558,26.138027377402025]]],[[[119.98973425078589,25.97114962203804],[119.97118217939246,25.967159577254375],[119.97089230327693,25.954954734386682],[119.98973425078589,25.97114962203804]]],[[[117.95857230932057,24.40282731353995],[117.9782838851761,24.41385861382421],[117.93741135288744,24.40869502645711],[117.95857230932057,24.40282731353995]]],[[[120.28772689754288,26.92922978715166],[120.30917773009153,26.925709159401364],[120.31265624347782,26.94002637891923],[120.28772689754288,26.92922978715166]]],[[[119.81899721874319,26.68020405094746],[119.80160465181186,26.686775889414676],[119.80247428015844,26.67762225726391],[119.81899721874319,26.68020405094746]]],[[[119.48419030531485,25.33649779291819],[119.48390042919934,25.35386622315298],[119.46215972053515,25.33743662698494],[119.48419030531485,25.33649779291819]]],[[[119.66449324916977,25.66180379704545],[119.65608684181962,25.675651599529946],[119.64362216885216,25.658517877811843],[119.66449324916977,25.66180379704545]]],[[[120.26395705607005,26.93674045968562],[120.24743411748528,26.936505751168934],[120.25381139202676,26.926882701984795],[120.26395705607005,26.93674045968562]]],[[[119.94828196626618,25.980068545672122],[119.92683113371753,25.980303254188808],[119.93378816049005,25.966924868737685],[119.94828196626618,25.980068545672122]]],[[[119.02995443229129,25.188396718889116],[119.01691000709278,25.185814925205566],[119.0235771577498,25.174783624921307],[119.02995443229129,25.188396718889116]]],[[[118.06930498545012,24.441084801759825],[118.06176820644654,24.455871438311064],[118.05365167521191,24.445074846543495],[118.06930498545012,24.441084801759825]]],[[[120.14858636209215,26.536327730218733],[120.1416293353196,26.546185487919562],[120.13148367127633,26.53210297691838],[120.14858636209215,26.536327730218733]]],[[[119.98596586128409,26.26641293602945],[119.98625573739962,26.28237311516412],[119.97842908228051,26.272045940429923],[119.98596586128409,26.26641293602945]]],[[[119.66362362082322,25.40644093089072],[119.66739201032499,25.424044069642196],[119.65782609851276,25.428972948492607],[119.66362362082322,25.40644093089072]]],[[[119.52448308537247,25.275708287096432],[119.51636655413785,25.28228012556365],[119.51288804075156,25.267728197529095],[119.52448308537247,25.275708287096432]]]]}},{"type":"Feature","properties":{"adcode":"360000","name":"江西省"},"geometry":{"type":"Polygon","coordinates":[[[118.18757444058326,29.39695513159178],[118.02205517861998,29.57627243834014],[117.68463938015194,29.556791631455173],[117.4678120457412,29.666869925781064],[117.33243989979223,29.85792265836374],[117.13706339793015,29.914487410885148],[117.10923529084002,29.710056292851352],[116.83240360051613,29.5718129765231],[116.6454335060042,29.64598086779598],[116.8926978325448,29.913313868301717],[116.61209775271914,30.075262744815287],[116.54165785664719,29.907680863901245],[116.25786913955079,29.783754767090862],[116.13293253376064,29.82670642564446],[115.92741036785527,29.72085288461892],[115.50593049588574,29.842197187745757],[115.28301576304904,29.62227530761066],[115.10155331473202,29.66663521726438],[114.89081337874725,29.530504277586306],[114.92183012310815,29.41925244067698],[114.50904653460427,29.32583845103582],[114.25192642013593,29.346023383470847],[113.9394399676028,29.047708858762515],[114.14873052300996,28.833889400061263],[114.08031975974669,28.55998456108831],[114.24554914559444,28.320347165551564],[113.987269526664,28.161684208271602],[114.0417662363822,28.060759546096477],[113.74377358962519,27.933782238569172],[113.60202416913475,27.638988341611135],[113.61361921375564,27.35240924273712],[113.86726081483772,27.370247090005282],[113.76377504159623,27.12192547935114],[113.88900152350192,26.966313732788098],[113.86088354029624,26.65626378224545],[114.10235034452637,26.57904468025565],[113.93770071090967,26.168070067537876],[114.17221048836727,26.216889439008632],[114.04002697968906,26.08075849933056],[113.90813334712638,25.703112495982246],[113.9394399676028,25.44469841911059],[114.0507523959634,25.281106582980218],[114.37541364534846,25.31865994565003],[114.53339612830815,25.421696984475332],[114.7412373031377,25.26162577609525],[114.72529411678397,25.118688289433273],[114.39077707947115,24.952749368136036],[114.27424688103116,24.707713676715503],[114.16380408101713,24.694100582747694],[114.42411283275622,24.487791796580407],[114.72761312570816,24.615238521141087],[114.88936399816964,24.585899956555295],[115.40302447487528,24.79760703860637],[115.7088437767514,24.540366504318143],[115.83551963923469,24.587777624688783],[115.75899234473678,24.795729370472877],[115.88740746391318,24.940779233785033],[115.85146282558841,25.213979947207925],[116.00451741458423,25.324762367083874],[116.0624926376887,25.70804137483266],[116.17177593324064,25.896512313731787],[116.48658139469794,26.123710157884158],[116.39179190492212,26.275097151146845],[116.60659010652421,26.480701811764074],[116.50629297055346,26.713297951800232],[116.69355294118091,26.992131669623596],[117.04488279319403,27.106904134283216],[117.16721051394448,27.29490565614897],[117.01618505775733,27.558483320387722],[117.51535172868685,27.986122237790223],[117.72609166467163,27.80375372032494],[117.7826175071985,27.90045362919971],[118.35077469362236,28.09385344694925],[118.42875136869787,28.291712726515833],[118.42295384638743,28.68438007493207],[118.26642074400534,28.920262134201835],[118.03075146208565,29.101457109083686],[118.18757444058326,29.39695513159178]]]}},{"type":"Feature","properties":{"adcode":"370000","name":"山东省"},"geometry":{"type":"MultiPolygon","coordinates":[[[[119.29577083022531,35.09074903788557],[119.65927547909037,35.576830375942976],[119.87291417623037,35.61344490454604],[120.06655142139931,35.88664561796894],[120.30424983612767,36.01221467439612],[120.10597457311036,36.100230368153504],[120.31004735843811,36.255137989166485],[120.28569776473424,36.06032992031682],[120.70282949497093,36.130977183839406],[120.65239105087004,36.33611242742326],[120.87269689866704,36.3750740411932],[120.97038514959809,36.57668865702675],[122.01654805051835,36.96677421175944],[122.30845329884939,36.834163899831665],[122.53078827945505,36.92053663397223],[122.4368684180258,37.02169600466405],[122.69688729364938,37.40990389126324],[122.15858734712432,37.43407886848193],[122.12612122218582,37.55565788012545],[121.5689793281518,37.43853833029898],[121.13329552652166,37.61057967303006],[120.94168741416138,37.81195958034694],[120.44744863719572,37.7474147382582],[120.24569486079214,37.55354550347528],[119.83407077675037,37.34442021510776],[119.87378380457693,37.22777008231465],[119.2502602800883,37.089292057469706],[118.91806225169965,37.38080003519414],[118.90124943699935,37.52326810482275],[119.09082841655098,37.785906934994756],[118.9484992438295,38.09853867922095],[118.78819775194563,38.0720166168354],[118.0753923838761,38.16167527020957],[117.84639025261342,38.26236522386802],[117.55883314601522,38.063097693201314],[117.4330269118785,37.8537376963171],[116.78892218318778,37.84622702378314],[116.43208468497974,37.475387567418736],[116.32975841620033,37.575608104043795],[116.23091066080721,37.361084519792485],[115.97060190906811,37.33690954257379],[115.67753715627498,36.81210129926315],[115.47404412317827,36.7597613000421],[115.27721824073858,36.48937708881944],[115.47723276044903,36.148110905557516],[115.32852631318605,35.79417046239452],[116.09206000147199,36.112904628054565],[115.68768282031826,35.75427001455784],[115.50535074365469,35.72493144997205],[115.2360558323344,35.42473925713023],[115.08329111945412,35.415116207946085],[114.84269394357054,35.169845808008866],[114.82182286325292,35.010948142212214],[115.11227873100634,35.00695809742855],[115.42592468800156,34.804874064561616],[115.52912058512753,34.576502677825815],[116.19351664190481,34.5715737989754],[116.36976132014243,34.63705747513089],[116.4393315878678,34.896175677552606],[116.69964033960689,34.93701495945602],[116.9628478525012,34.87012303220042],[117.23504152497672,34.44553532551484],[117.34635395333731,34.585186892943206],[117.48230585151731,34.470649136800276],[117.79131379066416,34.522754427504644],[117.78580614446923,34.64621110728166],[118.09568371196266,34.65653828201585],[118.16496410357252,34.38239873452622],[118.40382202276295,34.43473873374727],[118.52556999128235,34.71498070267075],[118.67427643854532,34.679539716651114],[118.90501782650114,35.05037917301552],[119.29577083022531,35.09074903788557]]],[[[120.73529561990944,37.90959832328845],[120.75906546138228,37.92344612577294],[120.71935243355571,37.986582716761575],[120.73529561990944,37.90959832328845]]],[[[121.64202810926344,37.47468344186868],[121.63043306464255,37.484541199569506],[121.57999462054164,37.444406043216134],[121.64202810926344,37.47468344186868]]],[[[120.75239831072525,38.1698900682936],[120.74022351387332,38.19805509029595],[120.73558549602495,38.16167527020957],[120.75239831072525,38.1698900682936]]],[[[120.83994089761302,38.30320450577143],[120.82950535745421,38.31728701677261],[120.80689502044346,38.29851033543771],[120.83994089761302,38.30320450577143]]],[[[120.16597892902348,35.74253458872352],[120.18656013322558,35.75661709972471],[120.16568905290796,35.77492436402623],[120.16597892902348,35.74253458872352]]],[[[120.61615653642974,37.94715168595826],[120.61905529758496,37.97954146126098],[120.59557533222765,37.96569365877649],[120.61615653642974,37.94715168595826]]],[[[122.18148756025059,37.51176738750512],[122.1698925156297,37.50073608722086],[122.19801049883536,37.50050137870417],[122.18148756025059,37.51176738750512]]],[[[120.92168596219034,38.39145490804549],[120.91588843987988,38.39920028909614],[120.89820599683301,38.382770692928105],[120.92168596219034,38.39145490804549]]],[[[120.45614492066139,37.78402926686127],[120.43295483141961,37.78309043279452],[120.4497676461199,37.771355006960206],[120.45614492066139,37.78402926686127]]]]}},{"type":"Feature","properties":{"adcode":"410000","name":"河南省"},"geometry":{"type":"Polygon","coordinates":[[[115.47723276044903,36.148110905557516],[115.2450419919156,36.189419604494304],[114.58122568736934,36.14106965005692],[114.33917913090816,36.25560740619986],[113.73652668673714,36.35840973650846],[113.6194167360661,35.63339512846438],[113.11793105621238,35.330621141939005],[112.70717660051717,35.18862248934377],[112.0468388093572,35.271005178700676],[112.05640472116943,35.057655137032796],[111.66304283240557,34.988885541643704],[111.56477482924348,34.84477451239829],[111.3435993530999,34.83186554398054],[110.82501098243037,34.61734195972923],[110.37164473775337,34.60067765504451],[110.63775101180292,34.162007437357744],[110.58528343489337,33.90077685828585],[111.0000961562059,33.576644396742026],[110.98821123546946,33.253920186298316],[111.2696809436417,32.987291311342645],[111.5726014843626,32.59039920962605],[111.70971288700467,32.60870647392758],[112.31816285348614,32.3284645050041],[112.54078771020733,32.41249015397781],[112.7657315758527,32.34818002040575],[113.19793686409656,32.43431804602964],[113.42172122527984,32.27119562693264],[113.72725065104042,32.41389840507793],[113.71884424369027,32.08859240095067],[113.98408088939325,31.751081553955718],[114.18902330306757,31.85224092464753],[114.29743697027294,31.756245141322818],[114.57948643067621,31.766572316057015],[114.55455708474129,31.564722991706766],[114.99342952364216,31.472717253165722],[115.12126489058754,31.600633394759775],[115.3693988454747,31.406529451460177],[115.52216355835499,31.702027473968272],[115.90537978307557,31.79520675509275],[115.93378764239677,32.16416854332367],[115.83928802873646,32.506842977685714],[115.56071708171947,32.40638773254396],[115.40592323603052,32.577255532691616],[115.20822772524426,32.58969508407599],[115.1946035478147,32.85702808458173],[114.88037783858844,32.9776682621585],[114.89400201601799,33.128585838387814],[115.29750956882515,33.15017902192296],[115.41056125387888,33.55669417282369],[115.63028734944484,33.58603273740948],[115.59898072896843,34.035264838347125],[115.80943078883766,34.05333739413197],[116.1506149768075,33.70948941718649],[116.6376068508851,33.88505138766787],[116.5468756267266,34.29344420670209],[116.36657268287168,34.26879981245003],[116.15293398573169,34.450933621398626],[116.19351664190481,34.5715737989754],[115.52912058512753,34.576502677825815],[115.42592468800156,34.804874064561616],[115.11227873100634,35.00695809742855],[114.82182286325292,35.010948142212214],[114.84269394357054,35.169845808008866],[115.08329111945412,35.415116207946085],[115.2360558323344,35.42473925713023],[115.50535074365469,35.72493144997205],[115.68768282031826,35.75427001455784],[116.09206000147199,36.112904628054565],[115.32852631318605,35.79417046239452],[115.47723276044903,36.148110905557516]]]}},{"type":"Feature","properties":{"adcode":"420000","name":"湖北省"},"geometry":{"type":"MultiPolygon","coordinates":[[[[110.98821123546946,33.253920186298316],[110.70529214671963,33.095961354568416],[110.52730821178889,33.25673668849855],[110.20960398917637,33.16285328182402],[109.86465141170473,33.25016485003134],[109.51853932977102,33.243593011564116],[109.43737401742474,33.15252610708982],[109.79653052455697,33.06850045811611],[109.76087576234772,32.91077633490289],[110.13510582748711,32.81055579827783],[110.20119758182622,32.63781032999669],[110.02930104532145,32.54510046590559],[109.62115547466593,32.59931813326013],[109.48752258541012,32.295605312668016],[109.60347303161907,32.2047731167104],[109.57970319014623,31.728549536353828],[109.71478545997967,31.558385861756236],[109.96436879544443,31.510270615835537],[110.15278827053397,31.333769811287414],[110.18206575820173,31.13051223583705],[110.07829010884473,30.804971523193103],[109.88871112929309,30.90237555761793],[109.35765808565608,30.55477224440547],[109.12517744100714,30.533413769387014],[109.03763485411939,30.65780928323077],[108.83675070606239,30.5061875814514],[108.68630500210627,30.58997852190842],[108.39758839104599,30.379679690957463],[108.56426715747133,30.256223011180452],[108.49063862412865,29.715219880218452],[108.59267501679254,29.8637903712809],[108.88458026512357,29.63002068866131],[108.91559700948446,29.329359078786116],[109.10227722788088,29.37066777772291],[109.22663408143998,29.118356122285103],[109.50897341795877,29.626030643877645],[109.71217657493996,29.618754679860366],[109.81450284371937,29.77600938604021],[110.12438041121278,29.792438982208253],[110.36903585271367,29.63635781861184],[110.6374611356874,29.778825888240448],[110.52759808790441,30.06681323821458],[111.23837432316529,30.042872969512572],[111.39954544339572,29.913313868301717],[111.7813122875387,29.91636507901864],[112.29758164928406,29.588242572691144],[112.68775490077718,29.602325083692325],[112.86573883570792,29.790561314074765],[112.95386117482673,29.46924535473117],[113.1570643318079,29.463847058847385],[113.56549977857894,29.85041198582978],[113.53216402529387,29.700902660700585],[113.73565705839057,29.593406160058244],[113.60115454078819,29.270681949614534],[113.72580127046281,29.06273020383044],[113.9394399676028,29.047708858762515],[114.25192642013593,29.346023383470847],[114.50904653460427,29.32583845103582],[114.92183012310815,29.41925244067698],[114.89081337874725,29.530504277586306],[115.10155331473202,29.66663521726438],[115.28301576304904,29.62227530761066],[115.50593049588574,29.842197187745757],[115.92741036785527,29.72085288461892],[116.13293253376064,29.82670642564446],[116.06046350488005,30.212332518560107],[115.90566965919109,30.30762417633476],[115.90856842034631,30.519800675419205],[115.75609358358155,30.689964350016798],[115.8642173746714,30.871394033415335],[116.06858003611467,30.957766767555906],[115.88016056102512,31.14459474683823],[115.5792691531129,31.144829455354916],[115.3693988454747,31.406529451460177],[115.12126489058754,31.600633394759775],[114.99342952364216,31.472717253165722],[114.55455708474129,31.564722991706766],[114.57948643067621,31.766572316057015],[114.29743697027294,31.756245141322818],[114.18902330306757,31.85224092464753],[113.98408088939325,31.751081553955718],[113.71884424369027,32.08859240095067],[113.72725065104042,32.41389840507793],[113.42172122527984,32.27119562693264],[113.19793686409656,32.43431804602964],[112.7657315758527,32.34818002040575],[112.54078771020733,32.41249015397781],[112.31816285348614,32.3284645050041],[111.70971288700467,32.60870647392758],[111.5726014843626,32.59039920962605],[111.2696809436417,32.987291311342645],[110.98821123546946,33.253920186298316]],[[112.90980000526731,29.803470282492512],[112.9341495989712,29.773192883839975],[112.88979855329627,29.800184363258904],[112.90980000526731,29.803470282492512]]],[[[113.12749696802462,29.432161409094732],[113.1092347727467,29.438498539045263],[113.11648167563477,29.423477193977337],[113.12749696802462,29.432161409094732]]]]}},{"type":"Feature","properties":{"adcode":"430000","name":"湖南省"},"geometry":{"type":"MultiPolygon","coordinates":[[[[113.9394399676028,29.047708858762515],[113.72580127046281,29.06273020383044],[113.60115454078819,29.270681949614534],[113.73565705839057,29.593406160058244],[113.53216402529387,29.700902660700585],[113.56549977857894,29.85041198582978],[113.1570643318079,29.463847058847385],[112.95386117482673,29.46924535473117],[112.86573883570792,29.790561314074765],[112.68775490077718,29.602325083692325],[112.29758164928406,29.588242572691144],[111.7813122875387,29.91636507901864],[111.39954544339572,29.913313868301717],[111.23837432316529,30.042872969512572],[110.52759808790441,30.06681323821458],[110.6374611356874,29.778825888240448],[110.36903585271367,29.63635781861184],[110.12438041121278,29.792438982208253],[109.81450284371937,29.77600938604021],[109.71217657493996,29.618754679860366],[109.50897341795877,29.626030643877645],[109.22663408143998,29.118356122285103],[109.31649567725191,28.588619000124044],[109.2698256226528,28.49802151268312],[109.3628758557355,28.25603703197951],[109.29243595966355,28.034002775194235],[109.45824509774235,27.569984037705353],[109.20605287723788,27.460140451896148],[108.78979077534775,27.090943955148543],[108.88139162785282,27.005040638041343],[109.41244467148982,27.155958214270658],[109.55535359644236,26.957864226187393],[109.50491515234145,26.770801538388383],[109.28373967619788,26.696868355632187],[109.4069370252949,26.543838402752698],[109.26837624207519,26.33612136548529],[109.43186637122983,26.247636254694545],[109.47882630194445,26.033816795993292],[109.82609788834026,25.91106424176634],[109.96378904321338,26.203276345040827],[110.26178168997039,25.964577783570824],[110.60963302859724,26.33682549103535],[110.9342942779823,26.29223087286495],[110.94038167640828,26.376960647388714],[111.27721772264528,26.27228064894661],[111.24533134993783,25.86999025134623],[111.48824753474557,25.87116379392966],[111.30359644915782,25.724236262484016],[111.2957697940387,25.45197438312787],[110.99429863389544,25.1663341183206],[110.98647197877634,24.928574390917344],[111.2827253688402,25.147322728469007],[111.42070639982886,25.108361114699076],[111.56622420982109,24.6476282964438],[111.67608725760408,24.782116276505068],[112.01727144557391,24.743154662735137],[112.15525247656257,24.84666111859381],[112.18105145084405,25.186988467788996],[112.65615840418523,25.135822011151376],[112.78805203674793,24.89360282193108],[112.98516779530314,24.92880909943403],[112.98748680422732,25.25012505877762],[112.86805784463209,25.25012505877762],[113.14430978272492,25.49469133316478],[113.30432139849327,25.49422191613141],[113.57303655758253,25.318894654166716],[113.81682237073684,25.33344658220127],[113.9394399676028,25.44469841911059],[113.90813334712638,25.703112495982246],[114.04002697968906,26.08075849933056],[114.17221048836727,26.216889439008632],[113.93770071090967,26.168070067537876],[114.10235034452637,26.57904468025565],[113.86088354029624,26.65626378224545],[113.88900152350192,26.966313732788098],[113.76377504159623,27.12192547935114],[113.86726081483772,27.370247090005282],[113.61361921375564,27.35240924273712],[113.60202416913475,27.638988341611135],[113.74377358962519,27.933782238569172],[114.0417662363822,28.060759546096477],[113.987269526664,28.161684208271602],[114.24554914559444,28.320347165551564],[114.08031975974669,28.55998456108831],[114.14873052300996,28.833889400061263],[113.9394399676028,29.047708858762515]],[[109.550715578594,26.73888118011904],[109.5933273675758,26.763056157337733],[109.57448542006684,26.738646471602355],[109.550715578594,26.73888118011904]],[[113.12749696802462,29.432161409094732],[113.11648167563477,29.423477193977337],[113.1092347727467,29.438498539045263],[113.12749696802462,29.432161409094732]]],[[[112.90980000526731,29.803470282492512],[112.88979855329627,29.800184363258904],[112.9341495989712,29.773192883839975],[112.90980000526731,29.803470282492512]]]]}},{"type":"Feature","properties":{"adcode":"440000","name":"广东省"},"geometry":{"type":"MultiPolygon","coordinates":[[[[110.59021132885724,20.37851508643606],[110.573978266388,20.371473830935468],[110.56296297399814,20.333451051232284],[110.59021132885724,20.37851508643606]]],[[[110.41251727004203,20.612988894605706],[110.41715528789038,20.59163041958725],[110.42150342962321,20.604539388005],[110.41251727004203,20.612988894605706]]],[[[110.36236870205666,20.682932032578236],[110.34903440074262,20.68269732406155],[110.36787634825158,20.666737144926877],[110.36236870205666,20.682932032578236]]],[[[116.72225067661763,20.708045843863673],[116.7063074902639,20.705464050180122],[116.72630894223495,20.69795337764616],[116.72225067661763,20.708045843863673]]],[[[110.42672119970263,20.703586382046634],[110.399182968728,20.691381539178945],[110.42990983697337,20.680819655928058],[110.42672119970263,20.703586382046634]]],[[[116.76515234171495,20.77423364556922],[116.86834823884092,20.74090503619976],[116.85878232702868,20.59163041958725],[116.92951209921614,20.678941987794566],[116.88168254015494,20.77822369035289],[116.76515234171495,20.77423364556922]]],[[[110.59166070943485,20.94909149050054],[110.5907910810883,20.867882343727068],[110.63514212676321,20.916232298164452],[110.59166070943485,20.94909149050054]]],[[[110.24525875138562,20.96434754408515],[110.2087343608298,20.982654808386684],[110.20380646686591,20.94439732016681],[110.24525875138562,20.96434754408515]]],[[[115.92712049173974,20.99579848532112],[115.9653841389887,20.92210001108161],[115.9964008833496,20.95096915863403],[115.92712049173974,20.99579848532112]]],[[[110.44353401440293,21.055649157076136],[110.31482901911099,21.068558125493883],[110.25453478708233,20.958949248201364],[110.44353401440293,21.055649157076136]]],[[[110.42295281020083,21.103529694480148],[110.40932863277129,21.112683326630915],[110.39541457922621,21.10728503074713],[110.42295281020083,21.103529694480148]]],[[[116.03930254844691,21.11244861811423],[115.96074612114035,21.12629642059872],[115.9848058387287,21.03804601832466],[116.03930254844691,21.11244861811423]]],[[[110.44121500547874,21.164319200301907],[110.41918442069904,21.152818482984276],[110.43715673986142,21.150940814850788],[110.44121500547874,21.164319200301907]]],[[[110.5339753624459,21.11362216069766],[110.62006856875605,21.20961794402237],[110.43077946531994,21.1833305901535],[110.5339753624459,21.11362216069766]]],[[[112.88834917271866,21.614724843822984],[112.86544895959238,21.61308188420618],[112.88660991602552,21.598999373205],[112.88834917271866,21.614724843822984]]],[[[111.83667862560347,21.60228529243861],[111.9833559400578,21.65603354275978],[111.83899763452766,21.651104663909365],[111.83667862560347,21.60228529243861]]],[[[112.46049202620763,21.672697847444507],[112.43179429077091,21.666360717493976],[112.4509261143954,21.652043497976113],[112.46049202620763,21.672697847444507]]],[[[111.79870485447003,21.70015874389681],[111.7902984471199,21.678800268878355],[111.80392262454944,21.691709237296102],[111.79870485447003,21.70015874389681]]],[[[112.66108629814912,21.687484483995746],[112.58745776480643,21.694056322462966],[112.53759907293659,21.60979596497257],[112.66108629814912,21.687484483995746]]],[[[112.79008116955657,21.57740618966986],[112.83124357796075,21.778551388470046],[112.70514746770851,21.684198564762138],[112.79008116955657,21.57740618966986]]],[[[113.16576061527357,21.874781880311442],[113.13213498587298,21.871495961077834],[113.13648312760581,21.836993809124944],[113.16576061527357,21.874781880311442]]],[[[113.01067689346911,21.867036499260795],[113.03879487667477,21.85764815859334],[113.03879487667477,21.88463963801227],[113.01067689346911,21.867036499260795]]],[[[113.12111969348314,21.900130400113568],[113.15068705726641,21.92289712623214],[113.13387424256612,21.933693717999713],[113.12111969348314,21.900130400113568]]],[[[113.72377213765415,21.95692986115166],[113.71507585418848,21.926652462499124],[113.7463824746649,21.94284735015048],[113.72377213765415,21.95692986115166]]],[[[113.7011618006434,21.948949771584324],[113.68608824263625,21.96397111665225],[113.67884133974819,21.94167380756705],[113.7011618006434,21.948949771584324]]],[[[113.77247132506191,21.99471793233816],[113.73826594343026,21.994248515304786],[113.75391925366847,21.967491744402544],[113.77247132506191,21.99471793233816]]],[[[114.16815222274997,21.996126183438278],[114.13713547838907,21.98697255128751],[114.15017990358757,21.982747797987155],[114.16815222274997,21.996126183438278]]],[[[114.18322578075713,22.012321071089634],[114.1777181345622,21.99284026420467],[114.21801091461981,22.00762690075591],[114.18322578075713,22.012321071089634]]],[[[113.71710498699714,22.02922008429105],[113.69565415444848,22.03039362687448],[113.7011618006434,22.01067811147283],[113.71710498699714,22.02922008429105]]],[[[114.22409831304577,22.030863043907857],[114.30236486423682,22.044241429358976],[114.27772539441742,22.051986810409627],[114.22409831304577,22.030863043907857]]],[[[114.04147636026667,22.1125416077147],[114.02321416498877,22.100102056330325],[114.04872326315474,22.090948424179558],[114.04147636026667,22.1125416077147]]],[[[113.89103065631056,22.11324573326476],[113.89827755919862,22.121695239865467],[113.88552301011563,22.124981159099075],[113.89103065631056,22.11324573326476]]],[[[113.83247568097505,22.133195957183098],[113.81827175131446,22.14704375966759],[113.82348952139385,22.12099111431541],[113.83247568097505,22.133195957183098]]],[[[113.58086321270162,22.204077929222372],[113.58521135443445,22.212527435823077],[113.572746681467,22.214639812473255],[113.58086321270162,22.204077929222372]]],[[[113.80174881272967,22.420713890123857],[113.78667525472251,22.42118330715723],[113.80580707834699,22.402406625822323],[113.80174881272967,22.420713890123857]]],[[[113.65246261323566,22.437612903325274],[113.61303946152461,22.426112186007643],[113.6246345061455,22.387385280754398],[113.65246261323566,22.437612903325274]]],[[[114.63311351204786,22.472819180828225],[114.62122859131144,22.455920167626807],[114.64702756559294,22.457328418726924],[114.63311351204786,22.472819180828225]]],[[[113.63680930299745,22.71832428928213],[113.58260246939476,22.721610208515738],[113.68116034867236,22.6483811513096],[113.63680930299745,22.71832428928213]]],[[[114.94646959292754,22.731467966216563],[114.92907702599621,22.72090608296568],[114.94559996458098,22.71128303378154],[114.94646959292754,22.731467966216563]]],[[[117.13039624727314,23.440757103642667],[117.10749603414688,23.479249300379227],[116.94168689606808,23.425031633024684],[117.13039624727314,23.440757103642667]]],[[[117.07560966143942,23.57383683260382],[117.06140573177882,23.57383683260382],[117.07792867036359,23.561866698252818],[117.07560966143942,23.57383683260382]]],[[[117.03908527088359,23.577826877387487],[117.01879394279703,23.578531002937545],[117.03386750080419,23.566326160069856],[117.03908527088359,23.577826877387487]]],[[[113.9394399676028,25.44469841911059],[113.81682237073684,25.33344658220127],[113.57303655758253,25.318894654166716],[113.30432139849327,25.49422191613141],[113.14430978272492,25.49469133316478],[112.86805784463209,25.25012505877762],[112.98748680422732,25.25012505877762],[112.98516779530314,24.92880909943403],[112.78805203674793,24.89360282193108],[112.65615840418523,25.135822011151376],[112.18105145084405,25.186988467788996],[112.15525247656257,24.84666111859381],[112.01727144557391,24.743154662735137],[111.93146811537929,24.68424282504687],[112.05553509282286,24.389448928088832],[111.87436252062139,24.232428930425673],[111.93639600934317,23.985280862354962],[111.80363274843393,23.812300685557133],[111.66101369959691,23.837179788325887],[111.48187026020409,23.629228042541794],[111.34388922921542,23.27458347382874],[111.42882293106348,23.039170831592347],[111.21431460557693,22.751183481618217],[110.68616032309515,22.48267693852905],[110.77950043229336,22.283878824895723],[110.62499646271993,22.151972638518004],[110.36062944536351,22.126858827232567],[110.38729804799158,21.896375063846584],[109.94668635239756,21.85201515419287],[109.91161134241935,21.671759013377763],[109.74986046995787,21.574589687469622],[109.91682911249876,21.358423143601506],[109.75739724896145,21.34715713480056],[109.67478255603757,20.86835176076044],[109.75478836392176,20.81202171675572],[109.91943799753847,20.223372756906393],[110.43773649209248,20.32922629793193],[110.53194622963724,20.47779678899438],[110.37860176452591,20.81460351043927],[110.19858869678652,20.845115617608492],[110.16641244796352,20.983358933936742],[110.22032940545068,21.101652026346656],[110.42730095193366,21.197647809671366],[110.6299243566838,21.22698637425716],[110.74355579396858,21.384241080437004],[111.0844501058229,21.467562603860653],[111.6699998591781,21.532811571499455],[111.83059122717751,21.67387139002794],[112.15380309598496,21.806716410472404],[112.251491346916,21.70391408016379],[112.4291854057312,21.818217127790035],[112.56484742779568,21.754845828284726],[112.78167476220642,21.942377933117108],[113.02922896486254,21.950358022684444],[113.03038846932463,22.13882896158357],[113.2190978205297,21.902242776763742],[113.53477291033357,22.20736384845598],[113.553324981727,22.21557864654],[113.65623100273744,22.581489224053996],[113.55013634445625,22.74202984946745],[113.74870148358909,22.7342844684168],[113.88697239069324,22.44629711844267],[114.04379536919086,22.50427012206419],[114.22670719808548,22.543701152867495],[114.38845807054696,22.614817833423455],[114.48179817974517,22.470941512694733],[114.55977485482069,22.72724321291621],[114.71253956770099,22.795543391271934],[114.73514990471173,22.60824599495624],[114.88907412205411,22.558487789418734],[115.04589710055171,22.789206261321404],[115.19779218508545,22.83286204542506],[115.38041413786455,22.690393975796457],[115.65840533265052,22.876283121012033],[116.09437901039615,22.819718368490626],[116.31207597315347,22.962186438119232],[116.50426383774482,22.94364446530101],[116.53730971491436,23.103011548131033],[116.74660027032152,23.257215043593952],[116.98777719843613,23.630166876608538],[117.18866134649315,23.61983970187434],[117.0857553254827,23.66678140521161],[116.92313482467463,24.107329291031856],[116.99328484463106,24.185017810055033],[116.77500812964271,24.681191614329947],[116.52484504194689,24.607727848607123],[116.48252312908062,24.721092062166623],[115.88740746391318,24.940779233785033],[115.75899234473678,24.795729370472877],[115.83551963923469,24.587777624688783],[115.7088437767514,24.540366504318143],[115.40302447487528,24.79760703860637],[114.88936399816964,24.585899956555295],[114.72761312570816,24.615238521141087],[114.42411283275622,24.487791796580407],[114.16380408101713,24.694100582747694],[114.27424688103116,24.707713676715503],[114.39077707947115,24.952749368136036],[114.72529411678397,25.118688289433273],[114.7412373031377,25.26162577609525],[114.53339612830815,25.421696984475332],[114.37541364534846,25.31865994565003],[114.0507523959634,25.281106582980218],[113.9394399676028,25.44469841911059]]]]}},{"type":"Feature","properties":{"adcode":"450000","name":"广西壮族自治区"},"geometry":{"type":"MultiPolygon","coordinates":[[[[112.01727144557391,24.743154662735137],[111.67608725760408,24.782116276505068],[111.56622420982109,24.6476282964438],[111.42070639982886,25.108361114699076],[111.2827253688402,25.147322728469007],[110.98647197877634,24.928574390917344],[110.99429863389544,25.1663341183206],[111.2957697940387,25.45197438312787],[111.30359644915782,25.724236262484016],[111.48824753474557,25.87116379392966],[111.24533134993783,25.86999025134623],[111.27721772264528,26.27228064894661],[110.94038167640828,26.376960647388714],[110.9342942779823,26.29223087286495],[110.60963302859724,26.33682549103535],[110.26178168997039,25.964577783570824],[109.96378904321338,26.203276345040827],[109.82609788834026,25.91106424176634],[109.47882630194445,26.033816795993292],[109.33678700533848,25.734798145734903],[109.00777761422057,25.795352943039976],[109.0843049087185,25.55242962826962],[108.80689346616357,25.528489359567615],[108.68282648872,25.624954559925698],[108.62137275222926,25.31161869014944],[108.34570056636747,25.537642991718382],[108.13669988707584,25.24425734586046],[107.78768904398689,25.148026854019065],[107.61782164029077,25.306689811299027],[107.46737593633466,25.217031157924847],[107.23663454837885,25.595615995339905],[106.96183199086363,25.442586042460416],[106.99284873522453,25.24308380327703],[106.1414825839353,24.956504704403017],[106.20264644431053,24.855345333711206],[106.01944473930038,24.635658162092795],[105.4962183507825,24.810750715540802],[105.20808149195325,24.99851752888987],[104.74051131761566,24.623688027741792],[104.52774224882222,24.73470515613443],[104.60687842835983,24.37912175335463],[105.03299631817774,24.442962469893317],[105.19648644733235,24.331475924467306],[105.17445586255265,24.160138707286283],[105.47998528831324,24.021895390958033],[105.88639160227561,24.042784448943117],[105.9962546500586,24.12821834901694],[106.19395016084485,23.839761582009437],[106.13771419443351,23.576888043320743],[106.00611043798637,23.452492529476984],[105.83769241486786,23.529242214433417],[105.54462766207473,23.187506614138112],[105.88726123062219,22.935664375733676],[106.20583508158128,22.978616034287274],[106.31192973986246,22.863843569627658],[106.52151017138515,22.9506857208016],[106.83109786276304,22.794839265721876],[106.55716493359441,22.462492006094024],[106.73920713414245,22.01325990515638],[107.05488222394632,21.919845915515218],[107.005313408192,21.833473181374647],[107.38273211060212,21.59641757952145],[107.81551715107705,21.65861533644333],[107.95204880148808,21.539852827000043],[108.29352286557344,21.539852827000043],[108.31468382200657,21.667299551560724],[108.36657164668509,21.68396385624545],[108.45092559630208,21.66823838562747],[108.37468817791971,21.53938340996667],[108.57093430812836,21.684433273278824],[108.74051183570896,21.60862242238914],[109.14981691082656,21.57975327483672],[109.15590430925252,21.402548344738538],[109.74986046995787,21.574589687469622],[109.91161134241935,21.671759013377763],[109.94668635239756,21.85201515419287],[110.38729804799158,21.896375063846584],[110.36062944536351,22.126858827232567],[110.62499646271993,22.151972638518004],[110.77950043229336,22.283878824895723],[110.68616032309515,22.48267693852905],[111.21431460557693,22.751183481618217],[111.42882293106348,23.039170831592347],[111.34388922921542,23.27458347382874],[111.48187026020409,23.629228042541794],[111.66101369959691,23.837179788325887],[111.80363274843393,23.812300685557133],[111.93639600934317,23.985280862354962],[111.87436252062139,24.232428930425673],[112.05553509282286,24.389448928088832],[111.93146811537929,24.68424282504687],[112.01727144557391,24.743154662735137]]],[[[108.37034003618687,21.675279641128057],[108.32627886662746,21.602989417988667],[108.33642453067075,21.566609597902286],[108.38744272700269,21.659319461993388],[108.37034003618687,21.675279641128057]]],[[[109.09126193549102,21.057526825209624],[109.08488466094954,21.019973462539813],[109.13967124678327,21.054475614492702],[109.09126193549102,21.057526825209624]]],[[[108.62137275222926,21.889803225379367],[108.57470269763016,21.883700803945523],[108.58368885721134,21.837463226158317],[108.62137275222926,21.889803225379367]]],[[[109.51274180746057,21.45747013764314],[109.5156405686158,21.46944027199414],[109.5040455239949,21.470613814577575],[109.51274180746057,21.45747013764314]]],[[[108.69992917953581,21.60744887980571],[108.69413165722537,21.613316592722867],[108.68282648872,21.60275470947198],[108.69992917953581,21.60744887980571]]],[[[108.58252935274925,21.75461111976804],[108.5909357600994,21.761182958235256],[108.56513678581791,21.765877128568984],[108.58252935274925,21.75461111976804]]],[[[108.58600786613553,21.740293900250172],[108.57586220209224,21.738181523599994],[108.58658761836656,21.720578384848523],[108.58600786613553,21.740293900250172]]]]}},{"type":"Feature","properties":{"adcode":"460000","name":"海南省"},"geometry":{"type":"MultiPolygon","coordinates":[[[[110.69862499606262,20.134183520565585],[110.5858631871244,19.99617491275402],[110.36700671990502,20.091466570528674],[109.98900826526383,19.933742447315456],[109.71159682270891,20.011196257821947],[109.47476803632713,19.835164870307196],[109.26170909141818,19.901117963496056],[109.30403100428445,19.720861822680952],[108.68253661260448,19.36997259023488],[108.61470560157224,19.09958837901222],[108.68775438268388,18.50601054031248],[109.15445492867491,18.294772875294782],[109.47708704525132,18.272006149176207],[109.62231497912802,18.175071531784752],[109.76638340854265,18.391942201202923],[110.0313301781301,18.44005744712362],[110.28178314194143,18.669132959409485],[110.42469206689397,18.677582466010193],[110.67630453516739,19.39109635673665],[111.02850401552709,19.635897339640497],[110.93284489740469,20.01166567485532],[110.69862499606262,20.134183520565585]]],[[[114.05452078546519,7.539020389626811],[114.36410847684309,7.639945051801934],[114.53658476557891,7.863622268204011],[114.46846387843115,7.97064935181298],[113.90233582481594,7.632669087784658],[114.05452078546519,7.539020389626811]]],[[[109.6504329623337,7.4808126774886],[109.90117580226055,7.553102900627991],[109.6492734578716,7.561082990195326],[109.6504329623337,7.4808126774886]]],[[[116.52020702409854,10.349420168428981],[116.56281881308033,10.306468509875383],[116.63412833749882,10.367023307180457],[116.52020702409854,10.349420168428981]]],[[[113.38084869299118,8.237982352318715],[113.28953771660163,8.177896972047012],[113.34519393078193,8.174141635780032],[113.38084869299118,8.237982352318715]]],[[[109.984660123531,7.814098771183195],[110.07423184322741,7.950933836411328],[109.94929523743727,7.890379039106254],[109.984660123531,7.814098771183195]]],[[[117.74435385994954,15.231592024021428],[117.71072823054894,15.224316060004151],[117.70840922162476,15.120105478595418],[117.82320016337162,15.113533640128201],[117.72087389459223,15.133014447013167],[117.71652575285938,15.197089872068537],[117.74435385994954,15.231592024021428]]],[[[110.48527617503814,8.070869888438045],[110.56441235457575,8.174376344296718],[110.45773794406352,8.129781726126314],[110.48527617503814,8.070869888438045]]],[[[111.67811639041273,16.262666537824494],[111.57318123659363,16.210326538603443],[111.60651698987871,16.15822124789908],[111.68594304553184,16.212673623770307],[111.59434219302676,16.200234072385932],[111.67811639041273,16.262666537824494]]],[[[115.88016056102512,9.650458205737078],[115.89726325184094,9.79808986273278],[115.83465001088811,9.702798204958128],[115.88016056102512,9.650458205737078]]],[[[114.58934221860397,10.85850294112164],[114.58354469629353,10.910842940342693],[114.46643474562248,10.840665093853481],[114.58934221860397,10.85850294112164]]],[[[112.59296541100136,16.071848513758503],[112.45730338893688,16.045795868406323],[112.56542718002673,16.013171384586922],[112.59296541100136,16.071848513758503]]],[[[114.70442303646635,11.002613970367051],[114.78935673831441,11.077955404223363],[114.76239825957083,11.111753430626196],[114.70442303646635,11.002613970367051]]],[[[111.80827076628228,16.26360537189124],[111.77754389803691,16.275575506242244],[111.6801455232214,16.258911201557517],[111.80827076628228,16.26360537189124]]],[[[113.88958127573295,19.159908467800612],[113.92494616182668,19.207084879654566],[113.80174881272967,19.224922726922724],[113.88958127573295,19.159908467800612]]],[[[117.40548868090389,10.67355262997281],[117.36490602473074,10.744199893495395],[117.27272541999463,10.68693101542393],[117.40548868090389,10.67355262997281]]],[[[112.53412055955032,16.291066268343542],[112.50455319576703,16.319231290345904],[112.40628519260494,16.265248331508047],[112.53412055955032,16.291066268343542]]],[[[114.0469840064616,8.778985483280717],[114.05568028992727,8.818181805567335],[113.9730655970034,8.87169534737182],[114.0469840064616,8.778985483280717]]],[[[111.50390084498378,17.118179081146188],[111.48882728697662,17.06020607752466],[111.54622275785005,17.083676929193295],[111.50390084498378,17.118179081146188]]],[[[111.69811784238377,7.646751598785839],[111.7450777730984,7.705428727957422],[111.66826060248496,7.685478504039084],[111.69811784238377,7.646751598785839]]],[[[112.6167352524742,5.463962393602927],[112.63557719998315,5.516302392823979],[112.57905135745628,5.562774679127873],[112.6167352524742,5.463962393602927]]],[[[112.50281393907389,16.467801781408355],[112.57064495010613,16.539153170480997],[112.49469740783927,16.495497386377338],[112.50281393907389,16.467801781408355]]],[[[114.50556802121801,8.113586838474959],[114.59195110364368,8.12250576210904],[114.5922409797592,8.16005912477885],[114.50556802121801,8.113586838474959]]],[[[111.55115065181393,7.5261114212090625],[111.60796637045632,7.593707474014726],[111.55926718304855,7.604034648748925],[111.55115065181393,7.5261114212090625]]],[[[113.93567157810102,8.020172848833797],[113.90088644423832,7.965485764445881],[113.96639844634637,7.946474374594287],[113.93567157810102,8.020172848833797]]],[[[117.7945024279349,10.755231193779654],[117.8318964468373,10.805693524867216],[117.79769106520565,10.84136921940354],[117.7945024279349,10.755231193779654]]],[[[111.57607999774885,7.770912404112909],[111.6155031494599,7.8422637931855546],[111.54941139512079,7.809404600849469],[111.57607999774885,7.770912404112909]]],[[[111.99089271906138,16.308904115611703],[112.07002889859899,16.35138635713193],[111.99813962194943,16.35255989971536],[111.99089271906138,16.308904115611703]]],[[[114.50962628683533,10.724014961060371],[114.55890522647412,10.780110296548404],[114.5351353850013,10.795366350133017],[114.50962628683533,10.724014961060371]]],[[[111.99060284294586,8.049041996386215],[111.95031006288824,8.108188542591172],[111.9303086109172,8.060073296670474],[111.99060284294586,8.049041996386215]]],[[[115.528830709012,9.93398609389417],[115.5444840192502,9.870849502905546],[115.57752989641976,9.91919945734293],[115.528830709012,9.93398609389417]]],[[[114.25656443798428,10.240280708169836],[114.30816238654727,10.3027131736084],[114.23975162328398,10.25671030433788],[114.25656443798428,10.240280708169836]]],[[[113.68145022478788,8.975201803230492],[113.71478597807297,9.021908798051072],[113.6402878163837,8.99139669088185],[113.68145022478788,8.975201803230492]]],[[[114.64180979551352,8.846816244603067],[114.67833418606935,8.88319606468945],[114.61340193619233,8.88319606468945],[114.64180979551352,8.846816244603067]]],[[[114.72355486009084,16.18239622511777],[114.79863277401114,16.216663668553974],[114.70036477084905,16.201172906452676],[114.72355486009084,16.18239622511777]]],[[[112.65383939526106,5.3552923503771535],[112.68659539631508,5.407867058114892],[112.60861872123957,5.389559793813358],[112.65383939526106,5.3552923503771535]]],[[[112.71442350340524,5.063784372652726],[112.67413072334762,5.12246150182431],[112.64891150129718,5.0616719960025485],[112.71442350340524,5.063784372652726]]],[[[111.73551186128617,16.470618283608587],[111.76218046391422,16.472026534708704],[111.78189203976974,16.522019448762897],[111.73957012690347,16.55370509851555],[111.76102095945214,16.497140345994143],[111.73551186128617,16.470618283608587]]],[[[112.53325093120375,8.848459204219871],[112.63557719998315,8.820528890734199],[112.59412491546345,8.861133464120933],[112.53325093120375,8.848459204219871]]],[[[115.23866471737409,8.365429076879394],[115.17750085699888,8.387961094481284],[115.19025540608186,8.357214278795373],[115.23866471737409,8.365429076879394]]],[[[114.6661593892174,9.927179546910265],[114.6818126994556,9.981162505748122],[114.61775007792517,9.9781112950312],[114.6661593892174,9.927179546910265]]],[[[114.63949078658935,11.425324008919139],[114.65775298186725,11.524136294444087],[114.61601082123204,11.517329747460183],[114.63949078658935,11.425324008919139]]],[[[115.97350067022333,9.323978659026386],[115.92248247389139,9.313182067258815],[115.9392952885917,9.271638659805333],[115.97350067022333,9.323978659026386]]],[[[113.85653539856341,9.994071474165871],[113.8681304431843,10.125038826476846],[113.83943270774759,9.996418559332735],[113.85653539856341,9.994071474165871]]],[[[114.22206918023713,8.715144766742034],[114.21801091461981,8.786730864331364],[114.18989293141414,8.766311223379654],[114.22206918023713,8.715144766742034]]],[[[111.70304573634766,7.887797245422704],[111.68275440826109,7.937555450960207],[111.63434509696884,7.908686303407788],[111.70304573634766,7.887797245422704]]],[[[113.02256181420552,19.47582613126042],[113.02401119478313,19.530513215648334],[112.9886463086894,19.527931421964784],[113.02256181420552,19.47582613126042]]],[[[116.71993166769346,16.29904635791088],[116.74341163305077,16.362417657416188],[116.69065418002569,16.347396312348263],[116.71993166769346,16.29904635791088]]],[[[115.41751828065141,13.931306841579135],[115.41896766122903,13.978717961949773],[115.35751392473827,13.950318231430726],[115.41751828065141,13.931306841579135]]],[[[114.72471436455292,10.323836940110171],[114.7412373031377,10.37641164784791],[114.69949514250249,10.375942230814537],[114.72471436455292,10.323836940110171]]],[[[111.67985564710587,8.627129072984658],[111.7088432586581,8.673366650771866],[111.65782506232617,8.678999655172337],[111.67985564710587,8.627129072984658]]],[[[115.50535074365469,8.492641092923389],[115.55028154156065,8.463302528337596],[115.55491955940902,8.525030868226104],[115.50535074365469,8.492641092923389]]],[[[116.76138395221315,11.431661138869671],[116.73413559735405,11.51615620487675],[116.7294975795057,11.477898716656878],[116.76138395221315,11.431661138869671]]],[[[112.28830561358734,16.96937388156705],[112.23409877998466,16.999181863186216],[112.21757584139988,16.96233262606646],[112.28830561358734,16.96937388156705]]],[[[114.98589274463859,7.477761466771677],[115.00995246222695,7.527519672309181],[114.94531008846545,7.510620659107764],[114.98589274463859,7.477761466771677]]],[[[112.34715046503838,16.913747963112385],[112.329178145876,16.96421029419995],[112.29758164928406,16.964679711233323],[112.34715046503838,16.913747963112385]]],[[[116.31323547761556,8.88695140095643],[116.3022201852257,8.91910646774246],[116.27033381251825,8.887655526506489],[116.31323547761556,8.88695140095643]]],[[[113.78986389199326,7.601218146548689],[113.82725791089564,7.646282181752466],[113.76493454605833,7.63830209218513],[113.78986389199326,7.601218146548689]]],[[[111.78653005761811,16.030774523338398],[111.82479370486706,16.073022056341937],[111.75696269383482,16.063633715674484],[111.78653005761811,16.030774523338398]]],[[[114.90066916667502,7.951403253444701],[114.91052495460278,8.009376257066226],[114.86588403281232,7.976517064730138],[114.90066916667502,7.951403253444701]]],[[[114.92704789318755,10.843716304570403],[114.9563253808553,10.903801684842104],[114.9096553262562,10.874697828772998],[114.92704789318755,10.843716304570403]]],[[[116.07118892115437,10.067065822855321],[116.06626102719049,10.130906539394005],[116.04220130960213,10.092649051174131],[116.07118892115437,10.067065822855321]]],[[[112.55180300259718,5.619574140165966],[112.55731064879211,5.67825126933755],[112.52426477162255,5.688343735555062],[112.55180300259718,5.619574140165966]]],[[[112.66978258161478,4.998300696497239],[112.61847450916733,5.0487630275848],[112.63731645667627,5.00651549458126],[112.66978258161478,4.998300696497239]]],[[[113.22837385622641,8.068757511787869],[113.2788123003273,8.112648004408213],[113.25649183943207,8.118281008808683],[113.22837385622641,8.068757511787869]]],[[[112.61702512858972,4.944083029142695],[112.63731645667627,4.987738813246353],[112.59963256165838,4.995249485780316],[112.61702512858972,4.944083029142695]]],[[[114.4444041608428,16.048377662089873],[114.51745294195442,16.058470128307384],[114.46092709942756,16.06903201155827],[114.4444041608428,16.048377662089873]]],[[[112.56426767556465,9.51902143639273],[112.56281829498704,9.555870673512484],[112.50397344353598,9.527470942993437],[112.56426767556465,9.51902143639273]]],[[[114.85081047480516,7.187896448664054],[114.86356502388814,7.2432876586020285],[114.81602534094247,7.194468287131271],[114.85081047480516,7.187896448664054]]],[[[112.9393673690506,4.992902400613453],[112.9483535286318,5.049232444618173],[112.90690124411209,5.039374686917347],[112.9393673690506,4.992902400613453]]],[[[114.67920381441591,7.564134200912248],[114.72036622282009,7.6082594020492795],[114.67398604433652,7.612014738316261],[114.67920381441591,7.564134200912248]]],[[[114.72993213463232,11.433773515519848],[114.7165978333183,11.493389478758175],[114.69137861126785,11.448560152071085],[114.72993213463232,11.433773515519848]]],[[[113.99944432351595,8.79212916021515],[113.97335547311891,8.843295616852771],[113.95045525999265,8.832029608051828],[113.99944432351595,8.79212916021515]]],[[[115.45172366228306,9.348388344761764],[115.45201353839857,9.418566191250978],[115.42331580296187,9.37678807528081],[115.45172366228306,9.348388344761764]]],[[[114.21047413561624,16.041101698072595],[114.30323449258339,16.035938110705494],[114.30207498812129,16.05940896237413],[114.21047413561624,16.041101698072595]]],[[[112.55876002936972,5.760399250177767],[112.54832448921091,5.823066424133018],[112.5248445238536,5.802177366147935],[112.55876002936972,5.760399250177767]]],[[[112.22627212486555,15.696549595577057],[112.25496986030225,15.73668475193042],[112.19873389389093,15.715795693945337],[112.22627212486555,15.696549595577057]]],[[[112.24917233799181,16.753676754732307],[112.25728886922644,16.779964108601177],[112.20598079677899,16.79780195586934],[112.24917233799181,16.753676754732307]]],[[[112.58484887976672,5.0743462559036105],[112.59731355273419,5.1210532507241915],[112.55499163986792,5.115185537807033],[112.58484887976672,5.0743462559036105]]],[[[114.69282799184546,8.216154460266885],[114.68732034565053,8.186815895681093],[114.73746891363591,8.191275357498135],[114.69282799184546,8.216154460266885]]],[[[110.47773939603456,7.782647829947226],[110.50788651204888,7.807292224199291],[110.48121790942083,7.82912011625112],[110.47773939603456,7.782647829947226]]],[[[114.08611728205713,10.904271101875477],[114.10756811460578,10.93619146014482],[114.07452223743624,10.941589756028604],[114.08611728205713,10.904271101875477]]],[[[117.30026365096926,11.028901324235921],[117.29533575700538,11.079128946806795],[117.26026074702716,11.064342310255556],[117.30026365096926,11.028901324235921]]],[[[117.28055207511373,10.30599909284201],[117.29562563312089,10.344960706611941],[117.25388347248568,10.322663397526739],[117.28055207511373,10.30599909284201]]],[[[113.9211777723249,8.840479114652537],[113.93567157810102,8.871225930338447],[113.88929139961743,8.864654091871229],[113.9211777723249,8.840479114652537]]],[[[111.60390810483901,16.440575593472737],[111.58767504236974,16.49291559269379],[111.57376098882467,16.449494517106817],[111.60390810483901,16.440575593472737]]],[[[114.8125468275562,8.117342174741939],[114.80327079185949,8.162640918462401],[114.77312367584517,8.11593392364182],[114.8125468275562,8.117342174741939]]],[[[116.48049399627197,9.139732473427614],[116.48658139469794,9.185735342698134],[116.44947725191108,9.170244580596837],[116.48049399627197,9.139732473427614]]],[[[116.64862214327495,10.51981855154326],[116.6468828865818,10.494000614707764],[116.70456823357077,10.494704740257824],[116.64862214327495,10.51981855154326]]],[[[112.2451140723745,3.8606685161185745],[112.25989775426615,3.8991607128551333],[112.21757584139988,3.8815575741036583],[112.2451140723745,3.8606685161185745]]],[[[112.04394004820197,3.8381364985166866],[112.05611484505391,3.8630156012854378],[112.00712578153063,3.8648932694189284],[112.04394004820197,3.8381364985166866]]],[[[115.29895894940276,10.203900888083453],[115.28649427643529,10.173154072397544],[115.32620730426186,10.205778556216945],[115.29895894940276,10.203900888083453]]],[[[117.68608876072955,11.018339440985034],[117.66666706098954,11.05706634623828],[117.65217325521343,11.026554239069057],[117.68608876072955,11.018339440985034]]],[[[113.60666218698312,6.922910533325182],[113.59187850509147,6.9632803981952325],[113.57593531873775,6.922206407775123],[113.60666218698312,6.922910533325182]]],[[[116.73674448239376,9.030593013168467],[116.74573064197494,9.058523326654141],[116.69558207398958,9.050777945603492],[116.73674448239376,9.030593013168467]]],[[[117.38084921108448,10.065422863238517],[117.34954259060805,10.106496853658625],[117.35012234283911,10.064953446205145],[117.38084921108448,10.065422863238517]]],[[[110.63688138345634,7.987078947981024],[110.63427249841665,8.041531323852254],[110.60615451521097,7.992946660898181],[110.63688138345634,7.987078947981024]]],[[[112.49179864668405,5.000882490180788],[112.49469740783927,5.035619350650366],[112.46049202620763,5.036792893233797],[112.49179864668405,5.000882490180788]]],[[[112.36889117370256,8.910187544108378],[112.38048621832345,8.948679740844938],[112.34135294272792,8.92802539137654],[112.36889117370256,8.910187544108378]]],[[[114.35541219337742,10.72542321216049],[114.34758553825831,10.73246446766108],[114.3151194133198,10.697727607191503],[114.35541219337742,10.72542321216049]]],[[[114.19163218810726,9.352613098062118],[114.18989293141414,9.393452379965542],[114.16264457655504,9.386176415948263],[114.19163218810726,9.352613098062118]]],[[[112.92516343939,7.829354824767806],[112.92748244831418,7.869255272604484],[112.88892892494971,7.855642178636676],[112.92516343939,7.829354824767806]]],[[[112.19525538050465,8.853388083070286],[112.2216341070172,8.880379562489214],[112.20134277893062,8.88953319463998],[112.19525538050465,8.853388083070286]]],[[[112.27323205558017,8.854796334170402],[112.2839574718545,8.887655526506489],[112.24076593064166,8.878267185839036],[112.27323205558017,8.854796334170402]]],[[[115.29200192263022,8.512826025358413],[115.25373827538127,8.51165248277498],[115.2670725766953,8.47902799895558],[115.29200192263022,8.512826025358413]]],[[[114.71630795720279,9.719227801126173],[114.68963935457472,9.74316806982818],[114.67688480549174,9.709370043425347],[114.71630795720279,9.719227801126173]]],[[[112.67268134277,16.390347970901864],[112.65528877583867,16.428605459121734],[112.64166459840911,16.387531468701624],[112.67268134277,16.390347970901864]]],[[[114.9160326007977,16.005191295019586],[114.91400346798903,16.055418917590462],[114.89139313097829,16.038285195872362],[114.9160326007977,16.005191295019586]]],[[[112.86110081785955,8.891880279806843],[112.86863759686314,8.910187544108378],[112.82051816168642,8.920749427359262],[112.86110081785955,8.891880279806843]]],[[[111.54506325338795,16.44386151270635],[111.54013535942408,16.46240348552457],[111.49027666755423,16.43916734237262],[111.54506325338795,16.44386151270635]]],[[[116.4886105275066,9.783537934698229],[116.50455371386033,9.805600535266745],[116.46773944718899,9.81921362923455],[116.4886105275066,9.783537934698229]]],[[[115.78305206232513,10.439313530319847],[115.79812562033229,10.465600884188717],[115.7711671415887,10.472876848205994],[115.78305206232513,10.439313530319847]]],[[[111.72652570170496,16.562389313632945],[111.71203189592885,16.596187340035776],[111.68565316941631,16.589380793051873],[111.72652570170496,16.562389313632945]]],[[[116.16655816316123,9.59905704058277],[116.156992251349,9.564554888629878],[116.19322676578929,9.580749776281236],[116.16655816316123,9.59905704058277]]],[[[111.48360951689722,8.52268378305924],[111.50477047333035,8.55272647319509],[111.47027521558319,8.546154634727873],[111.48360951689722,8.52268378305924]]],[[[113.6634779056255,9.21225740508369],[113.69275539329325,9.227748167184988],[113.67565270247744,9.246055431486521],[113.6634779056255,9.21225740508369]]],[[[115.80073450537199,10.506909583125513],[115.77812416836124,10.542819986178522],[115.76942788489558,10.523104470776868],[115.80073450537199,10.506909583125513]]],[[[116.09698789543586,10.786682135015623],[116.09843727601347,10.82916437653585],[116.0766965673493,10.80663235893396],[116.09698789543586,10.786682135015623]]],[[[113.61912685995057,10.22455523755185],[113.6336206657267,10.245444295536934],[113.60637231086758,10.259057389504743],[113.61912685995057,10.22455523755185]]],[[[112.9651663433321,8.405094816199385],[112.98110952968582,8.430912753034882],[112.95125228978702,8.438892842602218],[112.9651663433321,8.405094816199385]]],[[[112.56281829498704,5.9535643594106205],[112.55006374590405,5.97985171327949],[112.53064204616405,5.952390816827188],[112.56281829498704,5.9535643594106205]]],[[[113.83247568097505,7.3852863111972615],[113.79711079488132,7.379418598280103],[113.82435914974042,7.363693127662119],[113.83247568097505,7.3852863111972615]]],[[[113.96871745527056,15.807566723969693],[113.96610857023086,15.84113004185584],[113.93393232140788,15.837139997072171],[113.96871745527056,15.807566723969693]]],[[[112.2593180020351,3.938826452175124],[112.28047895846822,3.94868420987595],[112.25496986030225,3.9745021467114467],[112.2593180020351,3.938826452175124]]],[[[117.19938676276746,10.586710478798866],[117.180254939143,10.621916756301815],[117.16923964675314,10.595159985399572],[117.19938676276746,10.586710478798866]]],[[[112.38135584667002,5.616522929449044],[112.35874550965927,5.642575574801227],[112.35352773957987,5.612532884665376],[112.38135584667002,5.616522929449044]]],[[[117.21359069242806,10.715330745942978],[117.1828638241827,10.743730476462023],[117.17996506302747,10.723780252543685],[117.21359069242806,10.715330745942978]]],[[[113.22025732499179,6.323230273191598],[113.22634472341775,6.286381036071843],[113.23938914861625,6.327220317975264],[113.22025732499179,6.323230273191598]]],[[[114.10930737129891,8.07955410355544],[114.11858340699564,8.117107466225253],[114.09655282221593,8.100208453023836],[114.10930737129891,8.07955410355544]]],[[[112.90284297849479,16.778321148984375],[112.8886390488342,16.78888303223526],[112.86660846405448,16.757666799515974],[112.90284297849479,16.778321148984375]]],[[[114.61456144065443,15.634586547171864],[114.60296639603354,15.65218968592334],[114.57716742175204,15.627310583154587],[114.61456144065443,15.634586547171864]]],[[[115.0093727099959,11.06481172728893],[115.01661961288397,11.090160247091053],[114.98879150579381,11.096966794074957],[115.0093727099959,11.06481172728893]]],[[[115.43549059981379,8.32341625239254],[115.44476663551052,8.356510153245313],[115.41693852842036,8.331161633443191],[115.43549059981379,8.32341625239254]]],[[[116.58890766347734,9.72462609700996],[116.54774525507315,9.74574986351173],[116.56281881308033,9.72063605222629],[116.58890766347734,9.72462609700996]]],[[[117.63825920166835,10.624263841468679],[117.66318854760328,10.645622316487135],[117.64318709563223,10.653837114571157],[117.63825920166835,10.624263841468679]]],[[[114.12003278757325,15.98007748373415],[114.13307721277175,15.995802954352133],[114.1090174951834,16.012936676070236],[114.12003278757325,15.98007748373415]]],[[[113.8692899476464,15.463484038507527],[113.88552301011563,15.492822603093318],[113.85653539856341,15.481556594292375],[113.8692899476464,15.463484038507527]]],[[[116.85124554802509,10.47052976303913],[116.86892799107196,10.49423532322445],[116.84167963621286,10.495174157291196],[116.85124554802509,10.47052976303913]]],[[[114.28294316449683,9.69951228572452],[114.28381279284339,9.74058627614463],[114.26960886318278,9.705614707158364],[114.28294316449683,9.69951228572452]]],[[[111.20532844599573,15.773533989050174],[111.21605386227006,15.803341970669338],[111.19170426856618,15.791606544835021],[111.20532844599573,15.773533989050174]]],[[[112.49092901833748,5.735520147409016],[112.4938277794927,5.776124720795751],[112.46802880521122,5.740449026259428],[112.49092901833748,5.735520147409016]]],[[[112.69645118424285,16.333548509863768],[112.67297121888554,16.36100940631607],[112.66717369657508,16.333548509863768],[112.69645118424285,16.333548509863768]]],[[[112.20858968181868,8.82874368881822],[112.22743162932764,8.827804854751474],[112.21960497420854,8.857612836370638],[112.20858968181868,8.82874368881822]]],[[[114.01741664267831,15.411848164836533],[113.98929865947265,15.435319016505167],[113.97799349096728,15.420062962920554],[114.01741664267831,15.411848164836533]]],[[[113.73710643896818,15.595624933401933],[113.75304962532192,15.612523946603348],[113.71971387203683,15.615105740286898],[113.73710643896818,15.595624933401933]]],[[[116.44744811910242,9.763353002263205],[116.45063675637317,9.791987441298936],[116.42773654324691,9.802549324549823],[116.44744811910242,9.763353002263205]]],[[[113.89711805473654,15.652659102956711],[113.91567012612997,15.687161254909602],[113.88929139961743,15.67589524610866],[113.89711805473654,15.652659102956711]]],[[[115.74159977780542,10.512073170492611],[115.73754151218812,10.542115860628462],[115.71667043187051,10.53906464991154],[115.74159977780542,10.512073170492611]]],[[[117.46230439954627,11.067393520972479],[117.48114634705522,11.088986704507622],[117.46433353235491,11.091803206707858],[117.46230439954627,11.067393520972479]]],[[[114.4536801965395,15.59773731005211],[114.46237648000518,15.578021794650457],[114.48759570205561,15.59515551636856],[114.4536801965395,15.59773731005211]]],[[[114.78587822492815,15.885724660026243],[114.75747036560696,15.890888247393342],[114.76384764014844,15.870703314958316],[114.78587822492815,15.885724660026243]]],[[[112.88197189817717,9.536155158110832],[112.90371260684134,9.551645920212131],[112.89617582783777,9.563616054563134],[112.88197189817717,9.536155158110832]]],[[[114.246418773941,15.431094263204812],[114.2594631991395,15.448932110472974],[114.24467951724787,15.458789868173799],[114.246418773941,15.431094263204812]]],[[[114.59195110364368,11.31454158904319],[114.5768775456365,11.338716566261882],[114.5661521293622,11.324399346744016],[114.59195110364368,11.31454158904319]]],[[[115.71435142294632,10.480622229256642],[115.70536526336514,10.515124381209533],[115.69637910378394,10.490010569924095],[115.71435142294632,10.480622229256642]]],[[[111.53143907595842,9.266240363921547],[111.54013535942408,9.287364130423317],[111.51781489852885,9.272812202388764],[111.53143907595842,9.266240363921547]]],[[[112.74138198214882,16.65486446920736],[112.72543879579509,16.68091711455954],[112.72340966298643,16.657680971407597],[112.74138198214882,16.65486446920736]]],[[[112.35555687238852,16.84169244848968],[112.32598950860525,16.84004948887288],[112.33555542041748,16.822915767154775],[112.35555687238852,16.84169244848968]]],[[[114.34439690098756,11.0584745973384],[114.32352582066996,11.069975314656029],[114.31309028051115,11.053076301454613],[114.34439690098756,11.0584745973384]]],[[[111.60651698987871,16.5288259957468],[111.62275005234795,16.550184470765256],[111.59695107806647,16.537979627897567],[111.60651698987871,16.5288259957468]]],[[[115.85870972847647,10.829868502085908],[115.86015910905408,10.849584017487562],[115.83783864815885,10.84770634935407],[115.85870972847647,10.829868502085908]]],[[[114.26786960648965,15.525447086912719],[114.2774355183019,15.541876683080762],[114.25482518129115,15.547040270447862],[114.26786960648965,15.525447086912719]]],[[[114.55919510258965,9.869441251805426],[114.55049881912399,9.894789771607552],[114.54296204012039,9.873431296589095],[114.55919510258965,9.869441251805426]]],[[[115.73899089276573,10.441660615486711],[115.72652621979827,10.473580973756054],[115.71869956467916,10.447293619887184],[115.73899089276573,10.441660615486711]]],[[[113.03734549609716,9.659377129371158],[113.03183784990225,9.67979677032287],[113.01241615016224,9.677684393672692],[113.03734549609716,9.659377129371158]]],[[[111.66478208909871,16.558633977365965],[111.66739097413841,16.578349492767614],[111.65086803555363,16.567318192483356],[111.66478208909871,16.558633977365965]]],[[[114.46672462173801,9.891269143857256],[114.4768702857813,9.902065735624827],[114.46121697554308,9.914505287009202],[114.46672462173801,9.891269143857256]]],[[[114.86385490000367,10.815316574051355],[114.86269539554158,10.837144466103185],[114.84965097034308,10.81766365921822],[114.86385490000367,10.815316574051355]]],[[[109.17590576122356,19.674389536377056],[109.16141195544745,19.662419402026053],[109.18431216857371,19.66312352757611],[109.17590576122356,19.674389536377056]]],[[[116.16626828704571,10.6101813304675],[116.16829741985437,10.648673527204057],[116.15931126027317,10.61581433486797],[116.16626828704571,10.6101813304675]]],[[[114.55687609366547,9.93140430021062],[114.57050027109503,9.943609143078309],[114.54846968631531,9.944547977145053],[114.55687609366547,9.93140430021062]]],[[[114.37106550361563,10.17338878091423],[114.37396426477085,10.18301183009837],[114.34410702487205,10.183246538615055],[114.37106550361563,10.17338878091423]]],[[[114.49803124221442,9.90394340375832],[114.50556802121801,9.92037299992636],[114.49252359601951,9.922720085093225],[114.49803124221442,9.90394340375832]]],[[[116.60601035429316,9.717584841509368],[116.59644444248093,9.735892105810903],[116.5883279112463,9.733310312127353],[116.60601035429316,9.717584841509368]]],[[[114.2632315886413,9.817570669617748],[114.26728985425862,9.83799031056946],[114.25221629625145,9.827897844351945],[114.2632315886413,9.817570669617748]]],[[[110.48121790942083,18.655519865441676],[110.49368258238829,18.67077591902629],[110.48034828107427,18.674765963809957],[110.48121790942083,18.655519865441676]]],[[[114.40005311516786,11.452315488338067],[114.39947336293682,11.468510375989425],[114.38208079600548,11.461234411972148],[114.40005311516786,11.452315488338067]]],[[[114.80298091574397,11.141326703728675],[114.80674930524576,11.151184461429501],[114.78413896823501,11.149072084779323],[114.80298091574397,11.141326703728675]]],[[[114.4652752411604,9.825081342151709],[114.45715870992578,9.841980355353126],[114.45194093984637,9.823907799568278],[114.4652752411604,9.825081342151709]]],[[[114.52991761492189,9.922954793609911],[114.52238083591831,9.943374434561623],[114.51397442856816,9.93398609389417],[114.52991761492189,9.922954793609911]]],[[[116.92748296640748,9.448139464353456],[116.9355994976421,9.463160809421382],[116.91733730236419,9.457058387987537],[116.92748296640748,9.448139464353456]]],[[[114.59050172306607,9.870614794388858],[114.5858637052177,9.888217933140334],[114.5768775456365,9.874604839172527],[114.59050172306607,9.870614794388858]]],[[[112.89849483676194,9.571126727097095],[112.90110372180165,9.590372825465376],[112.88718966825657,9.590372825465376],[112.89849483676194,9.571126727097095]]],[[[114.37251488419324,11.07959836384017],[114.38295042435203,11.091333789674486],[114.36410847684309,11.09344616632466],[114.37251488419324,11.07959836384017]]],[[[114.30294461646787,11.375800511898323],[114.29598758969533,11.391056565482934],[114.2942483330022,11.378617014098559],[114.30294461646787,11.375800511898323]]],[[[114.2606227036016,9.760771208579655],[114.25598468575325,9.780721432497993],[114.2501871634428,9.770394257763794],[114.2606227036016,9.760771208579655]]],[[[111.47056509169872,17.06137962010809],[111.46940558723662,17.074523297042525],[111.45404215311393,17.074523297042525],[111.47056509169872,17.06137962010809]]],[[[114.34033863537024,9.74504573796167],[114.35541219337742,9.75466878714581],[114.34497665321861,9.761005917096341],[114.34033863537024,9.74504573796167]]],[[[114.0339395812631,10.030216585735566],[114.02988131564578,10.014960532150955],[114.0469840064616,10.018246451384563],[114.0339395812631,10.030216585735566]]],[[[115.36534057985739,10.243566627403444],[115.37693562447828,10.256475595821193],[115.36331144704872,10.258118555437997],[115.36534057985739,10.243566627403444]]],[[[114.40092274351443,9.7891709390987],[114.40208224797652,9.805600535266745],[114.39164670781771,9.79691632014935],[114.40092274351443,9.7891709390987]]],[[[114.23105533981831,11.055423386621476],[114.2322148442804,11.06668939542242],[114.21627165792668,11.066924103939106],[114.23105533981831,11.055423386621476]]],[[[114.28236341226577,11.047208588537455],[114.29279895242459,11.049555673704319],[114.28236341226577,11.06222993360538],[114.28236341226577,11.047208588537455]]],[[[109.37302151977877,18.22670740545574],[109.37099238697013,18.24407583569053],[109.36345560796654,18.22952390765598],[109.37302151977877,18.22670740545574]]],[[[111.71898892270139,16.20351999161954],[111.70536474527184,16.21572483448723],[111.70217610800108,16.203754700136226],[111.71898892270139,16.20351999161954]]],[[[114.36410847684309,11.394577193233228],[114.37135537973114,11.406547327584232],[114.35628182172398,11.404434950934055],[114.36410847684309,11.394577193233228]]],[[[111.70275586023213,16.454892812990604],[111.70159635577005,16.445269763806465],[111.71609016154616,16.44667801490658],[111.70275586023213,16.454892812990604]]],[[[114.57658766952099,10.407862589083878],[114.5844143246401,10.41865918085145],[114.5702103949795,10.419832723434881],[114.57658766952099,10.407862589083878]]],[[[110.56528198292233,19.13502936503186],[110.57484789473456,19.140897077949017],[110.56905037242412,19.150050710099784],[110.56528198292233,19.13502936503186]]],[[[112.95675993598195,9.633089775502288],[112.96603597167865,9.641539282102997],[112.95038266144044,9.639426905452819],[112.95675993598195,9.633089775502288]]],[[[110.4809280333053,18.67664363194345],[110.4757102632259,18.69049143442794],[110.47310137818621,18.6757047978767],[110.4809280333053,18.67664363194345]]],[[[114.51136554352846,9.861695870754778],[114.51078579129741,9.874839547689213],[114.50440851675592,9.869441251805426],[114.51136554352846,9.861695870754778]]],[[[114.53571513723233,10.70429944565872],[114.54064303119623,10.711105992642622],[114.53194674773054,10.717208414076467],[114.53571513723233,10.70429944565872]]],[[[113.00574899950522,9.649049954636958],[113.00719838008283,9.660081254921216],[112.99734259215506,9.660315963437903],[113.00574899950522,9.649049954636958]]]]}},{"type":"Feature","properties":{"adcode":"500000","name":"重庆市"},"geometry":{"type":"Polygon","coordinates":[[[109.57970319014623,31.728549536353828],[109.27040537488386,31.802013302076652],[108.50455267767373,32.20406899116034],[108.36483238999195,32.17754692877479],[108.28308732541464,31.91162217936917],[108.53209090864836,31.67151536679905],[108.23235900519822,31.509801198802165],[107.99031244873703,30.911529189768697],[107.84508451486033,30.79487905697559],[107.71174150172003,30.89228309140042],[107.47984060930213,30.840177800696054],[107.50969784920093,30.64372677222959],[107.19518226385915,30.193790545741887],[107.01458944388871,30.04193413544583],[106.72616270894395,30.030433418128197],[106.55281679186156,30.318655476619018],[106.260621667415,30.19731117349218],[105.81276306893292,30.439765071229164],[105.53419212191592,30.170789111106625],[105.74493205790068,30.036535839562042],[105.72927874766248,29.869892792714744],[105.28982655653056,29.548342124854468],[105.51448054606041,29.266457196314178],[105.68724671091174,29.272559617748023],[105.79913889150338,28.93786527295331],[106.16931069102546,28.924252178985505],[106.36845558238933,28.529003036885715],[106.52411905642484,28.679685904598344],[106.55629530524783,28.518675862151518],[106.86327411158604,28.629458282027468],[106.81892306591111,28.75479262993797],[107.06415825964304,28.89890365918338],[107.21489383971468,28.775212270889682],[107.43519968751168,28.95640724577153],[107.40128418199556,29.191115762457866],[107.74855576839137,29.20167764570875],[107.86160745344509,28.963917918305494],[108.27062265244717,29.095119979133155],[108.38251483303881,28.779437024190035],[108.3291776277827,28.679451196081654],[108.63064878792596,28.62265173504356],[108.60427006141343,28.3283272551189],[108.71935087927582,28.495909136032942],[108.73442443728298,28.22974967811064],[109.08053651921671,28.187032728073724],[109.2698256226528,28.49802151268312],[109.31649567725191,28.588619000124044],[109.22663408143998,29.118356122285103],[109.10227722788088,29.37066777772291],[108.91559700948446,29.329359078786116],[108.88458026512357,29.63002068866131],[108.59267501679254,29.8637903712809],[108.49063862412865,29.715219880218452],[108.56426715747133,30.256223011180452],[108.39758839104599,30.379679690957463],[108.68630500210627,30.58997852190842],[108.83675070606239,30.5061875814514],[109.03763485411939,30.65780928323077],[109.12517744100714,30.533413769387014],[109.35765808565608,30.55477224440547],[109.88871112929309,30.90237555761793],[110.07829010884473,30.804971523193103],[110.18206575820173,31.13051223583705],[110.15278827053397,31.333769811287414],[109.96436879544443,31.510270615835537],[109.71478545997967,31.558385861756236],[109.57970319014623,31.728549536353828]]]}},{"type":"Feature","properties":{"adcode":"510000","name":"四川省"},"geometry":{"type":"Polygon","coordinates":[[[105.49679810301353,32.91288871155307],[105.42287969355533,32.735683781454895],[105.1089438604446,32.59626692254321],[104.73616317588282,32.638045038513376],[104.29787048921298,32.832853107363036],[104.42396659946522,33.016864584445116],[104.29352234748015,33.332547539388244],[104.03611235689627,33.688835067718095],[103.52506076523032,33.69000861030153],[103.15025094785989,33.82261892222931],[103.1763397982569,34.08173712465102],[102.85863557564437,34.305883758086466],[102.18641286374798,33.93152367397177],[102.44324310210081,33.574297311575165],[102.08350684273753,33.19946781042709],[101.8666795083268,33.1065232378193],[101.88291257079605,33.578991481908886],[101.76667224847158,33.54073399368902],[101.63187985475366,33.10370673561906],[101.29475393240114,33.26424736103252],[101.11474086466174,33.1975901422936],[101.23677870929667,32.82909777109605],[101.15735265364353,32.661750598698696],[100.92603151345668,32.60189992694368],[100.68369508087997,32.676771943766624],[100.6686215228728,32.525384950503934],[100.39497846981968,32.7561034224066],[100.08626040678834,32.67160835639952],[100.10974037214567,32.86266108898219],[99.87783947972775,33.045733731997544],[99.76478779467404,32.782625484792156],[99.26388186705137,32.88284602141722],[99.17807853685673,33.04667256606429],[98.85457679193377,33.15510790077337],[98.74297448745764,33.47900565380051],[98.40729794568273,33.869795334083264],[98.40208017560333,34.087839546084865],[97.81044302382216,34.2091838492117],[97.63129958442933,33.920727082204195],[97.38751377127501,33.885990221734616],[97.5559317943935,33.46539255983271],[97.7539171812953,33.41164430951153],[97.48665140278366,33.170129245841295],[97.52172641276186,32.99010781354288],[97.37301996549888,32.95818745527353],[97.42258878125321,32.70775346796921],[97.73043721593798,32.529844412320976],[98.1956883813514,32.36249723992362],[98.42932853046244,32.01442450967778],[98.41396509633975,31.835107202929425],[98.8861732885257,31.378364429457818],[98.60296432366033,31.258897794464474],[98.805877604526,30.98241116180797],[98.90704436884332,30.700995650301056],[99.06589648014958,29.93490705183686],[98.99197807069137,29.66006337879716],[99.11314628697973,29.22420966331064],[99.10734876466927,28.803142584375355],[99.17344051900838,28.40648519117545],[99.39113748176568,28.168960172288877],[99.46157737783763,28.552239180037663],[99.62477763087672,28.816520969826474],[99.91958164036298,28.60246680260854],[100.17177386086745,28.326214878468722],[100.02886493591492,28.18609389400698],[100.29468133384894,27.87228860719735],[100.67847731080056,27.926506274551894],[100.70746492235281,27.801641343674763],[101.16257042372294,27.20196108354118],[101.13387268828622,27.026399113059803],[101.49853684161337,26.737003511985552],[101.39418144002532,26.567074545904646],[101.66115734242143,26.352550961653336],[101.59535546419785,26.30795634348293],[102.10582730363276,26.070666033113046],[102.3928046579999,26.30091508798234],[102.61977765645393,26.34715266576955],[102.67427436617214,26.2089093494413],[102.99690648274854,26.3771953559054],[103.02618397041631,26.66612153994628],[102.86965086803423,27.030154449326783],[102.93980088799064,27.408504578225156],[103.10850878722466,27.40357569937474],[103.4963630297936,27.815254437642572],[103.42824214264584,28.049258828778846],[103.57318020040704,28.235382682511112],[103.8679842098933,28.304152277900208],[103.78131125135211,28.5292377454024],[103.94219249546703,28.6048138877754],[104.42135771442551,28.630397116094212],[104.25207006296044,28.411179361509177],[104.46280999894522,28.24946519351229],[104.29729073698194,28.046677035095296],[104.56774515276432,27.845297127778423],[104.88515949926132,27.91664851685107],[105.0428521061055,28.101833536516587],[105.26489721059563,28.001847708408206],[105.30490011453773,27.708696771066975],[105.43708362321593,27.77887461755619],[105.62086508045712,27.669265740263672],[106.338308466375,27.823469235726595],[106.20322619654158,28.137978648086282],[105.97219493247025,28.11755900713457],[105.82058972405204,28.308846448233933],[105.63448925788667,28.326214878468722],[105.63130062061592,28.521961781385126],[105.87943457550307,28.59777263227481],[105.96175939231144,28.763946262088737],[106.36845558238933,28.529003036885715],[106.16931069102546,28.924252178985505],[105.79913889150338,28.93786527295331],[105.68724671091174,29.272559617748023],[105.51448054606041,29.266457196314178],[105.28982655653056,29.548342124854468],[105.72927874766248,29.869892792714744],[105.74493205790068,30.036535839562042],[105.53419212191592,30.170789111106625],[105.81276306893292,30.439765071229164],[106.260621667415,30.19731117349218],[106.55281679186156,30.318655476619018],[106.72616270894395,30.030433418128197],[107.01458944388871,30.04193413544583],[107.19518226385915,30.193790545741887],[107.50969784920093,30.64372677222959],[107.47984060930213,30.840177800696054],[107.71174150172003,30.89228309140042],[107.84508451486033,30.79487905697559],[107.99031244873703,30.911529189768697],[108.23235900519822,31.509801198802165],[108.53209090864836,31.67151536679905],[108.28308732541464,31.91162217936917],[108.36483238999195,32.17754692877479],[108.50455267767373,32.20406899116034],[108.46570927819374,32.272603878032754],[107.97205025345912,32.14797365567231],[107.68043488124361,32.394652306709645],[107.2606942659672,32.40544889847722],[107.0676367730293,32.539232752988426],[107.06183925071886,32.71080467868614],[106.45309940812186,32.6582299709484],[105.8278366269401,32.827689519995936],[105.56173035289055,32.72746898337087],[105.49679810301353,32.91288871155307]]]}},{"type":"Feature","properties":{"adcode":"520000","name":"贵州省"},"geometry":{"type":"MultiPolygon","coordinates":[[[[109.2698256226528,28.49802151268312],[109.08053651921671,28.187032728073724],[108.73442443728298,28.22974967811064],[108.71935087927582,28.495909136032942],[108.60427006141343,28.3283272551189],[108.63064878792596,28.62265173504356],[108.3291776277827,28.679451196081654],[108.38251483303881,28.779437024190035],[108.27062265244717,29.095119979133155],[107.86160745344509,28.963917918305494],[107.74855576839137,29.20167764570875],[107.40128418199556,29.191115762457866],[107.43519968751168,28.95640724577153],[107.21489383971468,28.775212270889682],[107.06415825964304,28.89890365918338],[106.81892306591111,28.75479262993797],[106.86327411158604,28.629458282027468],[106.55629530524783,28.518675862151518],[106.52411905642484,28.679685904598344],[106.36845558238933,28.529003036885715],[105.96175939231144,28.763946262088737],[105.87943457550307,28.59777263227481],[105.63130062061592,28.521961781385126],[105.63448925788667,28.326214878468722],[105.82058972405204,28.308846448233933],[105.97219493247025,28.11755900713457],[106.20322619654158,28.137978648086282],[106.338308466375,27.823469235726595],[105.62086508045712,27.669265740263672],[105.43708362321593,27.77887461755619],[105.30490011453773,27.708696771066975],[105.18025338486311,27.397003860907525],[104.86863656067655,27.294436239115594],[104.60658855224432,27.310631126766953],[104.34888868554492,27.4695287925636],[104.1711946267297,27.266740634146608],[103.93088732696165,27.44793560902846],[103.7100017269336,27.14539633101977],[103.74652611748942,26.628333468759777],[104.04857702986374,26.50910154228312],[104.11872704982015,26.641477145694214],[104.41961845773238,26.71470620290035],[104.68137659004908,26.37250118557167],[104.53962716955864,26.25608576129525],[104.42802486508253,25.821875005425532],[104.32656822464969,25.76624908697087],[104.41787920103924,25.49680370981496],[104.5547007275658,25.527550525500867],[104.66050550973148,25.285096627763885],[104.816168983767,25.26491169532886],[104.52774224882222,24.73470515613443],[104.74051131761566,24.623688027741792],[105.20808149195325,24.99851752888987],[105.4962183507825,24.810750715540802],[106.01944473930038,24.635658162092795],[106.20264644431053,24.855345333711206],[106.1414825839353,24.956504704403017],[106.99284873522453,25.24308380327703],[106.96183199086363,25.442586042460416],[107.23663454837885,25.595615995339905],[107.46737593633466,25.217031157924847],[107.61782164029077,25.306689811299027],[107.78768904398689,25.148026854019065],[108.13669988707584,25.24425734586046],[108.34570056636747,25.537642991718382],[108.62137275222926,25.31161869014944],[108.68282648872,25.624954559925698],[108.80689346616357,25.528489359567615],[109.0843049087185,25.55242962826962],[109.00777761422057,25.795352943039976],[109.33678700533848,25.734798145734903],[109.47882630194445,26.033816795993292],[109.43186637122983,26.247636254694545],[109.26837624207519,26.33612136548529],[109.4069370252949,26.543838402752698],[109.28373967619788,26.696868355632187],[109.50491515234145,26.770801538388383],[109.55535359644236,26.957864226187393],[109.41244467148982,27.155958214270658],[108.88139162785282,27.005040638041343],[108.78979077534775,27.090943955148543],[109.20605287723788,27.460140451896148],[109.45824509774235,27.569984037705353],[109.29243595966355,28.034002775194235],[109.3628758557355,28.25603703197951],[109.2698256226528,28.49802151268312]]],[[[109.550715578594,26.73888118011904],[109.57448542006684,26.738646471602355],[109.5933273675758,26.763056157337733],[109.550715578594,26.73888118011904]]]]}},{"type":"Feature","properties":{"adcode":"530000","name":"云南省"},"geometry":{"type":"Polygon","coordinates":[[[105.30490011453773,27.708696771066975],[105.26489721059563,28.001847708408206],[105.0428521061055,28.101833536516587],[104.88515949926132,27.91664851685107],[104.56774515276432,27.845297127778423],[104.29729073698194,28.046677035095296],[104.46280999894522,28.24946519351229],[104.25207006296044,28.411179361509177],[104.42135771442551,28.630397116094212],[103.94219249546703,28.6048138877754],[103.78131125135211,28.5292377454024],[103.8679842098933,28.304152277900208],[103.57318020040704,28.235382682511112],[103.42824214264584,28.049258828778846],[103.4963630297936,27.815254437642572],[103.10850878722466,27.40357569937474],[102.93980088799064,27.408504578225156],[102.86965086803423,27.030154449326783],[103.02618397041631,26.66612153994628],[102.99690648274854,26.3771953559054],[102.67427436617214,26.2089093494413],[102.61977765645393,26.34715266576955],[102.3928046579999,26.30091508798234],[102.10582730363276,26.070666033113046],[101.59535546419785,26.30795634348293],[101.66115734242143,26.352550961653336],[101.39418144002532,26.567074545904646],[101.49853684161337,26.737003511985552],[101.13387268828622,27.026399113059803],[101.16257042372294,27.20196108354118],[100.70746492235281,27.801641343674763],[100.67847731080056,27.926506274551894],[100.29468133384894,27.87228860719735],[100.02886493591492,28.18609389400698],[100.17177386086745,28.326214878468722],[99.91958164036298,28.60246680260854],[99.62477763087672,28.816520969826474],[99.46157737783763,28.552239180037663],[99.39113748176568,28.168960172288877],[99.17344051900838,28.40648519117545],[99.10734876466927,28.803142584375355],[99.11314628697973,29.22420966331064],[98.97458550376003,29.207545358625907],[98.96994748591166,28.83177702341109],[98.83892348169556,28.80548966954222],[98.767034205046,29.009216662025956],[98.63021267851944,28.976122761173183],[98.5945579163102,28.68367594938201],[98.74558337249735,28.32504133588529],[98.6232556517469,28.169194880805563],[98.39541302494632,28.108874792017176],[98.28931836666513,28.39686214199131],[98.13539414932274,28.144315778036813],[98.3200452349105,27.519286998101105],[98.43135766327109,27.658234439979413],[98.70384121186213,27.561534531104645],[98.69456517616541,27.201491666507806],[98.76355569165973,26.806711941441392],[98.73108956672124,26.173468363421662],[98.5725273315305,26.121128364200608],[98.70529059243974,25.89064460081463],[98.47367957613736,25.78479105978909],[98.39860166221706,25.601953125290436],[98.17017928318543,25.625189268442384],[98.15394622071618,25.46793456226254],[97.94610504588663,25.22149061974189],[97.8382711309123,25.273361201929568],[97.72753845478276,25.046867483327254],[97.79739859862364,24.850181746344106],[97.57303448520933,24.7713196847375],[97.53129232457411,24.44131951027651],[97.67014298390933,24.454697895727634],[97.75217792460217,24.165771711686755],[97.52752393507231,23.930124360933675],[97.64405413351231,23.853374675977243],[98.21626958555349,24.116952340216],[98.89255056306719,24.106859873998484],[98.68152075096691,23.908531177398533],[98.883564403486,23.60200185460618],[98.89052143025853,23.179761233087465],[99.25721471639434,23.077897736845593],[99.51520445920926,23.0743771090953],[99.55897575265314,22.91665298588208],[99.31721907230748,22.731467966216563],[99.37751330433613,22.50896429239792],[99.15488844761495,22.16370806435232],[99.71405947445761,22.042363761225484],[99.97117958892596,22.055976855193293],[99.99002153643492,21.7071999993974],[100.16800547136566,21.666360717493976],[100.1297418241167,21.507228343180643],[100.42918385145131,21.541730495133535],[100.56397624516923,21.4530106758261],[101.09068114707338,21.77620430330318],[101.21938614236532,21.49971767064668],[101.14662723736922,21.39597650627132],[101.28547789670444,21.18145292202001],[101.5402790022486,21.25327372812603],[101.7684115051647,21.159625029968183],[101.72550984006739,21.352790139201034],[101.7759482841683,21.824084840707194],[101.5469461529056,22.240223040792067],[101.6750713959665,22.4800951448455],[101.8588528532077,22.392783576638184],[102.25395399866468,22.459675503893788],[102.50875510420886,22.781460880270753],[103.07836167121033,22.45310366542657],[103.32388674105779,22.811972987439976],[103.5299886591942,22.59651056912192],[103.64072133532375,22.79765576792211],[103.96422308024673,22.50567837316431],[104.03872124193597,22.72207962554911],[104.24743204511209,22.845536305326124],[104.36628125247626,22.69203693541326],[104.84138820581744,22.930031371333204],[104.79993592129775,23.113104014348544],[105.32055342477594,23.39123360662185],[105.54462766207473,23.187506614138112],[105.83769241486786,23.529242214433417],[106.00611043798637,23.452492529476984],[106.13771419443351,23.576888043320743],[106.19395016084485,23.839761582009437],[105.9962546500586,24.12821834901694],[105.88639160227561,24.042784448943117],[105.47998528831324,24.021895390958033],[105.17445586255265,24.160138707286283],[105.19648644733235,24.331475924467306],[105.03299631817774,24.442962469893317],[104.60687842835983,24.37912175335463],[104.52774224882222,24.73470515613443],[104.816168983767,25.26491169532886],[104.66050550973148,25.285096627763885],[104.5547007275658,25.527550525500867],[104.41787920103924,25.49680370981496],[104.32656822464969,25.76624908697087],[104.42802486508253,25.821875005425532],[104.53962716955864,26.25608576129525],[104.68137659004908,26.37250118557167],[104.41961845773238,26.71470620290035],[104.11872704982015,26.641477145694214],[104.04857702986374,26.50910154228312],[103.74652611748942,26.628333468759777],[103.7100017269336,27.14539633101977],[103.93088732696165,27.44793560902846],[104.1711946267297,27.266740634146608],[104.34888868554492,27.4695287925636],[104.60658855224432,27.310631126766953],[104.86863656067655,27.294436239115594],[105.18025338486311,27.397003860907525],[105.30490011453773,27.708696771066975]]]}},{"type":"Feature","properties":{"adcode":"540000","name":"西藏自治区"},"geometry":{"type":"Polygon","coordinates":[[[89.70927522331826,36.09318911265291],[89.2292403760132,36.29292606035298],[88.58455589509143,36.4609773583004],[88.23467542365591,36.467079779734235],[87.56245271175952,36.34010247220694],[87.3601191831249,36.42107691046371],[87.14213234425208,36.293395477386355],[86.18438165856614,36.13144660087278],[85.9469731199533,35.7791491173266],[85.61245608264048,35.65381476941609],[85.2811276825984,35.788068040960674],[84.44483508931634,35.551012439107474],[84.17293129295635,35.35855145542468],[84.0621986168268,35.41112616316242],[83.61549952280681,35.336488854856164],[83.11546322353071,35.40079898842822],[82.94965408545191,35.67916328921821],[82.7316672465791,35.63808929879811],[82.41251364338895,35.70967539638744],[82.31047725072507,35.54303234954014],[82.03103667536149,35.45478194726608],[81.92900028269761,35.27335226386754],[81.51099892411435,35.23603360971441],[81.44055902804241,35.33343764413924],[80.68746087991528,35.33789710595629],[80.4390370489126,35.44727127473212],[80.35526285152663,35.21303217507915],[80.02828259321738,35.03981728976464],[79.79203355906665,34.47956806043436],[79.14097180360339,34.436616401880755],[79.03545689755325,34.334283488605514],[78.92066595580638,34.15731326702402],[78.66847373530192,34.09511551010214],[78.77543802192967,33.73976681583903],[78.68354729330908,33.677334350400464],[78.83776138676699,33.43018628232976],[79.14068192748786,33.196886016743534],[79.3056214372201,32.600961092876936],[78.97052464767623,32.33081159017097],[78.81515104975624,32.42704208201236],[78.7331161090634,32.70564109131904],[78.41802077149057,32.56387714724049],[78.50933174788013,32.30029948300174],[78.42758668330282,32.214161457377855],[78.76761136681057,31.941899578021708],[78.65571918621893,31.820555274894872],[78.84239940461534,31.613072946144154],[78.75601632218967,31.3563018288893],[79.01052755161831,31.046956003896714],[79.32736214588428,30.97490048927401],[79.40099067922696,31.0746516088657],[79.95436418375918,30.782439505591213],[80.04074726618485,30.60805107769327],[80.60455631087588,30.473563097632],[81.02864506788511,30.252232966396786],[81.15879944375466,30.011422028276606],[81.3924395928657,30.20200534382591],[81.42316646111107,30.421692515444317],[81.6243404852836,30.44657161821307],[82.10176644754895,30.34916758378824],[82.17568485700717,30.07127270003162],[82.55948083395879,29.9600208631223],[82.834283391474,29.692453154099876],[83.25605313955907,29.582844276807357],[83.5427406178107,29.20613710752579],[83.65637205509547,29.175390291839882],[83.98045355224949,29.32912437026943],[84.20017964781545,29.240639259478684],[84.22163048036411,28.929885183385974],[84.48686712606708,28.73859774228661],[84.85703892558917,28.573128238022747],[85.18430906001393,28.645418461162137],[85.11415904005752,28.347808062003864],[85.63506641965122,28.272701336664237],[85.71942036926824,28.368697119988948],[85.94929212887749,27.940588785553075],[86.22525419085478,27.98001981635638],[86.41135465702015,27.90937255283379],[86.56382949378492,28.10535416426688],[87.03429842927774,27.948099458087036],[87.11633336997058,27.844123585194993],[87.7331897438022,27.808682599175356],[87.78710670128936,27.898810669582907],[88.4068618362762,27.9814280674565],[88.63441458696127,28.11239541976747],[88.8393570006356,28.013348425725837],[88.80631112346605,27.4094434122919],[88.97878741220185,27.21393121789218],[89.17967156025887,27.38104368177285],[89.09502773452633,27.47422296289733],[89.23764678336335,27.792018294490624],[89.60897808734751,28.16708250415539],[89.79391904905079,28.24453631466188],[90.37628016513524,28.067096676047008],[90.70123129063583,28.077658559297895],[91.11575413583283,27.850460715145523],[91.33432072693671,28.06568842494689],[91.62013857684177,27.86853327093037],[91.564772238777,27.574443499522392],[91.74188654536117,27.465538747779934],[92.01408021783668,27.476100631030818],[92.11553685826951,27.291619736915358],[92.03060315642145,27.168867182688405],[92.10539119422623,26.85693956401227],[92.67731677015189,26.951292387720173],[93.09531812873516,26.880175707164216],[93.61593563221334,26.95223122178692],[93.84377825901393,27.05667651171234],[93.85015553355542,27.177081980772428],[94.27018602494735,27.578668252822748],[94.51107307694645,27.59556726602416],[95.27924478308074,27.936129323736033],[95.36997600723926,28.110752460150668],[95.87551995271028,28.296641605366244],[95.98364374380013,28.199472279458103],[96.27178060262938,28.231862054760814],[96.68369456278667,27.955375422104314],[97.04719921165173,27.821591567593103],[97.05270685784666,27.744607174119984],[97.41041398440127,28.018512013092938],[97.35823628360725,28.241485103944957],[97.5066528547547,28.31612241225121],[97.50810223533232,28.49614384454963],[97.6646353377144,28.53393191573613],[97.79478971358395,28.332552008419253],[97.90697177029111,28.366350034822087],[98.13539414932274,28.144315778036813],[98.28931836666513,28.39686214199131],[98.39541302494632,28.108874792017176],[98.6232556517469,28.169194880805563],[98.74558337249735,28.32504133588529],[98.5945579163102,28.68367594938201],[98.63021267851944,28.976122761173183],[98.767034205046,29.009216662025956],[98.83892348169556,28.80548966954222],[98.96994748591166,28.83177702341109],[98.97458550376003,29.207545358625907],[99.11314628697973,29.22420966331064],[98.99197807069137,29.66006337879716],[99.06589648014958,29.93490705183686],[98.90704436884332,30.700995650301056],[98.805877604526,30.98241116180797],[98.60296432366033,31.258897794464474],[98.8861732885257,31.378364429457818],[98.41396509633975,31.835107202929425],[98.42932853046244,32.01442450967778],[98.1956883813514,32.36249723992362],[97.73043721593798,32.529844412320976],[97.38171624896455,32.50003643070181],[97.30721808727532,32.08084701990002],[96.810950177501,31.899886753534854],[96.77326628248309,31.675740120099405],[96.25206902677385,31.932276528837566],[96.2059787244058,31.600633394759775],[95.97146894694819,31.820320566378186],[95.7708746750067,31.7548368902227],[95.45288057627866,31.804595095760202],[95.36852662666163,31.92969473515402],[95.43954627496463,32.15970908150663],[95.25808382664762,32.35146593963936],[94.92298703710375,32.41155131991106],[94.6102107084551,32.67653723524994],[94.13829239238467,32.43408333751295],[93.71710239653065,32.58030674340854],[93.5144789917805,32.477973830133294],[93.24083593872739,32.66527122644899],[92.19786167507787,32.75751167350672],[92.14684347874594,32.8866013576842],[91.89349175377937,32.90866395825272],[91.22503743138476,33.14360718345574],[90.70123129063583,33.138208887571956],[90.40497790057196,33.263777943999145],[90.00639824172869,33.55833713244049],[89.93827735458093,33.805250491994514],[89.63303780493587,34.052633268581914],[89.85856142281227,34.36104025950776],[89.73072605586691,34.73399209252234],[89.8031950847475,34.916595318504314],[89.55882951936213,34.939831461656254],[89.44722721488603,35.226645269046955],[89.49563652617826,35.36277620872504],[89.76290230468989,35.48294696926844],[89.79971657136123,35.84932696381581],[89.42084848837348,35.919974227338386],[89.70927522331826,36.09318911265291]]]}},{"type":"Feature","properties":{"adcode":"610000","name":"陕西省"},"geometry":{"type":"Polygon","coordinates":[[[107.26388290323796,37.099149815170534],[107.31374159510781,36.913964795505024],[107.90103060515614,36.74520937200755],[108.05350544192092,36.59429179577823],[108.6089080792618,36.43868004921519],[108.7063064540773,36.15186624182449],[108.4938272613994,35.87068543883426],[108.61470560157224,35.55781898609138],[108.57528244986119,35.29189423668576],[107.64825863242064,35.2414319055982],[107.84508451486033,34.98231370317649],[107.24793971688422,34.88326670913485],[106.8966098648711,35.096382042286045],[106.55571555301678,35.092391997502375],[106.5739777482947,34.79079155356044],[106.30932085482277,34.57978859705942],[106.71427778820753,34.37254097682539],[106.40642935352275,33.911573450053424],[106.55513580078573,33.532049778571626],[106.44411324854067,33.61818780419551],[105.95596187000098,33.59659462066037],[105.74725106682487,33.28771821270115],[105.91885772721412,33.243593011564116],[105.86436101749592,32.947390863505966],[105.49679810301353,32.91288871155307],[105.56173035289055,32.72746898337087],[105.8278366269401,32.827689519995936],[106.45309940812186,32.6582299709484],[107.06183925071886,32.71080467868614],[107.0676367730293,32.539232752988426],[107.2606942659672,32.40544889847722],[107.68043488124361,32.394652306709645],[107.97205025345912,32.14797365567231],[108.46570927819374,32.272603878032754],[108.50455267767373,32.20406899116034],[109.27040537488386,31.802013302076652],[109.57970319014623,31.728549536353828],[109.60347303161907,32.2047731167104],[109.48752258541012,32.295605312668016],[109.62115547466593,32.59931813326013],[110.02930104532145,32.54510046590559],[110.20119758182622,32.63781032999669],[110.13510582748711,32.81055579827783],[109.76087576234772,32.91077633490289],[109.79653052455697,33.06850045811611],[109.43737401742474,33.15252610708982],[109.51853932977102,33.243593011564116],[109.86465141170473,33.25016485003134],[110.20960398917637,33.16285328182402],[110.52730821178889,33.25673668849855],[110.70529214671963,33.095961354568416],[110.98821123546946,33.253920186298316],[111.0000961562059,33.576644396742026],[110.58528343489337,33.90077685828585],[110.63775101180292,34.162007437357744],[110.37164473775337,34.60067765504451],[110.23395358288025,34.66686545675005],[110.23453333511128,34.93584141687259],[110.36439783486531,35.25293262291583],[110.59948736455397,35.571901497092554],[110.44150488159426,36.163366959142124],[110.49165344957964,36.582086952910544],[110.38208027791218,36.764924887409194],[110.45889744852562,37.04798335853292],[110.68181218136232,37.282222458185885],[110.78964609633664,37.55730083974227],[110.49426233461934,38.08774208745338],[110.56644148738441,38.28395840740315],[110.87284054149157,38.460459211951274],[111.0000961562059,38.83505400458267],[111.24156296043603,39.299307450588245],[111.11836561133902,39.3652605437771],[111.12271375307185,39.582365921711954],[110.87805831157097,39.50678977933896],[110.68210205747783,39.267621800835585],[110.38005114510352,39.30916520828906],[110.1426426064907,39.454215071601226],[110.20612547579009,39.281469603320076],[109.65710011299072,38.98174682751163],[109.04720076593162,38.432528898465605],[108.9405263554194,38.213780560913946],[109.06401358063192,38.02671787311493],[108.9289313107985,37.9225072917062],[108.78950089923222,38.04572926296653],[108.78805151865461,37.70117716047099],[108.33004725612926,37.63146873101515],[108.0106037768236,37.66174612966768],[107.97755789965404,37.786611060544814],[107.64506999514988,37.864299579567984],[107.32562651584422,37.58311877657776],[107.26388290323796,37.099149815170534]]]}},{"type":"Feature","properties":{"adcode":"620000","name":"甘肃省"},"geometry":{"type":"Polygon","coordinates":[[[104.28453618789895,37.42727232149804],[104.17960103407985,37.40685268054632],[103.67173807968464,37.78496810092801],[103.39751527440048,37.86148307736775],[103.36070100772913,38.08656854486995],[103.54999011116524,38.1595628935594],[103.41171920406107,38.40459858497994],[103.85928792642763,38.64634835716686],[104.20018223828194,39.08384503227019],[104.08742042934374,39.41924350261496],[103.84769288180672,39.460786910068435],[103.3421489363357,39.3291154322074],[103.00995090794706,39.098631668821426],[102.45396851837513,39.25494754093452],[101.82957536553994,39.091355704804144],[102.0713320458856,38.89044521452064],[101.77333939912859,38.65878790855123],[101.30576922479099,38.788112301245405],[101.22663304525338,39.02117785831493],[100.96168627566593,38.943724047808445],[100.82979264310325,39.40398744903034],[100.49672498636804,39.39976269572999],[100.26221520891043,39.67671874541986],[99.82015413273881,39.86213847360207],[99.5079575563212,39.882558114553774],[99.85841777998776,40.01845434571517],[100.16800547136566,40.27663371407013],[100.2358364823979,40.715773348790265],[100.05524366242746,40.906591372856255],[99.67173756159134,40.93170518414169],[99.56448339884807,40.845801867034496],[99.17315064289286,40.85706787583544],[98.3435252002678,40.56720285772782],[98.33222003176243,40.9178573816572],[97.9716141440526,41.09670527137219],[97.61419689361351,41.47646365137068],[97.84638766214692,41.65507683256898],[97.17184594132635,42.79458668108113],[96.3848322876831,42.72534766865867],[95.97784622148968,42.43524794203435],[96.1775708650846,42.216264895966006],[96.03350243566997,41.92053216494122],[95.5699905269497,41.79378956593061],[95.29634747389657,41.56494876216142],[95.13575610589717,41.77125754832872],[94.7487714916748,41.536783740159066],[94.53310366172614,41.504628673373034],[94.18264343805959,41.26710365448646],[93.80609436399602,40.87607926568704],[93.7591344332814,40.66390276660259],[92.9274798578477,40.57189702806154],[92.6387632467874,39.513831034839555],[92.33845159110622,39.23734440218304],[92.40686235436951,39.037372745966294],[92.95936623055516,39.16552359607702],[93.12488549251843,39.12210252049006],[93.28083884266948,38.89373113375426],[93.73043669784468,38.9237738238901],[93.86001132148319,38.7245062932234],[94.36961353257152,38.76159023885985],[94.52904539610884,38.3604733838429],[94.97139634839598,38.43041652181543],[95.26735986234434,38.29733679285428],[95.70507279678313,38.39474082727911],[96.06393942779982,38.17223715346046],[96.26337419527923,38.14501096552485],[96.43295172285981,38.28020307113617],[96.66543236750877,38.222230067514644],[96.6593449690828,38.481113561419676],[96.79442723891623,38.6078561604303],[97.05531574288636,38.59306952387905],[96.93414752659801,38.970950235744056],[97.01038494498039,39.21176117386423],[97.34548173452427,39.17467722822779],[98.093362112572,38.78482638201179],[98.28583985327886,39.032913284149245],[98.58789076565317,38.930345662357325],[98.74268461134213,39.08548799188699],[99.10416012739853,38.94982646924228],[99.65492474689106,38.442856073199806],[100.18365878160387,38.241710874399615],[99.99929757213164,38.46750046745187],[100.23815549132208,38.44191723913306],[100.42976360368237,38.272222981568845],[100.91037820321847,38.17810486637762],[100.8860286095146,38.05370935253386],[101.35388865996771,37.78966227126173],[101.59709472089098,37.82768505096492],[101.81392205530173,37.653531331583665],[101.99683388419635,37.725821554723055],[102.1011892857844,37.48148998885257],[102.4264302874005,37.30733626947132],[102.64035886065602,37.09985394072059],[102.44875074829574,36.96865187989293],[102.6971745792984,36.79520228606174],[102.83863412367333,36.338928929623506],[103.022125704799,36.25725036581666],[102.88008640819302,36.08333135495208],[102.94849717145631,35.83688741243143],[102.68355040186886,35.76929135962577],[102.80529837038826,35.559696654224865],[102.52933630841095,35.5815245462767],[102.2759845834444,35.305742039170255],[102.40468957873632,35.18040769125975],[101.91595844796561,34.87528661956752],[101.91885720912083,34.62602617484663],[102.15394673880948,34.50914133353683],[102.18641286374798,34.356111380657346],[101.95596135190769,34.10990214665338],[101.7359453802262,34.08126770761765],[101.53680048886233,34.21364331102874],[100.89211600794056,34.375357479025624],[100.76544014545728,34.17608994835892],[100.99560178118205,33.89209264316846],[101.15271463579518,33.84491623131451],[101.1776439817301,33.65597587538201],[101.58781868519426,33.670293094899876],[101.76667224847158,33.54073399368902],[101.88291257079605,33.578991481908886],[101.8666795083268,33.1065232378193],[102.08350684273753,33.19946781042709],[102.44324310210081,33.574297311575165],[102.18641286374798,33.93152367397177],[102.85863557564437,34.305883758086466],[103.1763397982569,34.08173712465102],[103.15025094785989,33.82261892222931],[103.52506076523032,33.69000861030153],[104.03611235689627,33.688835067718095],[104.29352234748015,33.332547539388244],[104.42396659946522,33.016864584445116],[104.29787048921298,32.832853107363036],[104.73616317588282,32.638045038513376],[105.1089438604446,32.59626692254321],[105.42287969355533,32.735683781454895],[105.49679810301353,32.91288871155307],[105.86436101749592,32.947390863505966],[105.91885772721412,33.243593011564116],[105.74725106682487,33.28771821270115],[105.95596187000098,33.59659462066037],[106.44411324854067,33.61818780419551],[106.55513580078573,33.532049778571626],[106.40642935352275,33.911573450053424],[106.71427778820753,34.37254097682539],[106.30932085482277,34.57978859705942],[106.5739777482947,34.79079155356044],[106.55571555301678,35.092391997502375],[106.8966098648711,35.096382042286045],[107.24793971688422,34.88326670913485],[107.84508451486033,34.98231370317649],[107.64825863242064,35.2414319055982],[108.57528244986119,35.29189423668576],[108.61470560157224,35.55781898609138],[108.4938272613994,35.87068543883426],[108.7063064540773,36.15186624182449],[108.6089080792618,36.43868004921519],[108.05350544192092,36.59429179577823],[107.90103060515614,36.74520937200755],[107.31374159510781,36.913964795505024],[107.26388290323796,37.099149815170534],[106.6012261031538,37.12708012865622],[106.65398355617887,36.81139717371309],[106.51020500287977,36.71587080742175],[106.48237689578963,36.28259888561878],[106.83428650003378,36.22157467128034],[106.95313570739796,36.09201557006948],[106.90936441395408,35.77140373627594],[106.42990931888008,35.68878633840235],[106.50034921495201,35.417932710146324],[106.35946942280813,35.23861540339796],[106.17539808945142,35.436474682964544],[105.89856639912756,35.54843064542392],[105.84580894610248,35.493039435485954],[105.66608575447862,35.7514535123576],[105.38142740903564,35.79417046239452],[105.33997512451593,36.033807857931265],[105.51071215655861,36.14717207149076],[105.19909533237205,36.70507421565418],[105.3304092127037,36.80153941601226],[105.16170131346966,36.99470452524511],[104.95125125360042,37.03976856044889],[104.67065117377476,37.4106080168133],[104.28453618789895,37.42727232149804]],[[106.00582056187083,35.48247755223507],[105.96320877288905,35.4268516337804],[105.91335008101919,35.45126131951578],[106.00582056187083,35.48247755223507]]]}},{"type":"Feature","properties":{"adcode":"630000","name":"青海省"},"geometry":{"type":"Polygon","coordinates":[[[101.76667224847158,33.54073399368902],[101.58781868519426,33.670293094899876],[101.1776439817301,33.65597587538201],[101.15271463579518,33.84491623131451],[100.99560178118205,33.89209264316846],[100.76544014545728,34.17608994835892],[100.89211600794056,34.375357479025624],[101.53680048886233,34.21364331102874],[101.7359453802262,34.08126770761765],[101.95596135190769,34.10990214665338],[102.18641286374798,34.356111380657346],[102.15394673880948,34.50914133353683],[101.91885720912083,34.62602617484663],[101.91595844796561,34.87528661956752],[102.40468957873632,35.18040769125975],[102.2759845834444,35.305742039170255],[102.52933630841095,35.5815245462767],[102.80529837038826,35.559696654224865],[102.68355040186886,35.76929135962577],[102.94849717145631,35.83688741243143],[102.88008640819302,36.08333135495208],[103.022125704799,36.25725036581666],[102.83863412367333,36.338928929623506],[102.6971745792984,36.79520228606174],[102.44875074829574,36.96865187989293],[102.64035886065602,37.09985394072059],[102.4264302874005,37.30733626947132],[102.1011892857844,37.48148998885257],[101.99683388419635,37.725821554723055],[101.81392205530173,37.653531331583665],[101.59709472089098,37.82768505096492],[101.35388865996771,37.78966227126173],[100.8860286095146,38.05370935253386],[100.91037820321847,38.17810486637762],[100.42976360368237,38.272222981568845],[100.23815549132208,38.44191723913306],[99.99929757213164,38.46750046745187],[100.18365878160387,38.241710874399615],[99.65492474689106,38.442856073199806],[99.10416012739853,38.94982646924228],[98.74268461134213,39.08548799188699],[98.58789076565317,38.930345662357325],[98.28583985327886,39.032913284149245],[98.093362112572,38.78482638201179],[97.34548173452427,39.17467722822779],[97.01038494498039,39.21176117386423],[96.93414752659801,38.970950235744056],[97.05531574288636,38.59306952387905],[96.79442723891623,38.6078561604303],[96.6593449690828,38.481113561419676],[96.66543236750877,38.222230067514644],[96.43295172285981,38.28020307113617],[96.26337419527923,38.14501096552485],[96.06393942779982,38.17223715346046],[95.70507279678313,38.39474082727911],[95.26735986234434,38.29733679285428],[94.97139634839598,38.43041652181543],[94.52904539610884,38.3604733838429],[94.36961353257152,38.76159023885985],[93.86001132148319,38.7245062932234],[93.73043669784468,38.9237738238901],[93.28083884266948,38.89373113375426],[93.12488549251843,39.12210252049006],[92.95936623055516,39.16552359607702],[92.40686235436951,39.037372745966294],[91.28649116787551,38.7451606426918],[90.72152261872239,38.65714494893443],[90.42150083915674,38.490971319120504],[90.11104351943227,38.48205239548642],[90.27888179031973,38.23795553813264],[90.52933475413106,38.31963410193947],[90.51802958562568,37.73098514209015],[91.07372209908209,37.47562227593542],[91.30417361092238,37.01254237251328],[91.12966818937791,37.005266408496],[90.7577571331627,36.82571439323095],[90.73949493788479,36.585607580660835],[91.03284956679343,36.531624621822985],[91.12329091483642,36.110792251404376],[90.84008194997105,36.01831709582997],[90.65659036884539,36.13567135417314],[90.2356902491069,36.161489291008635],[90.03857449055167,36.27579233863487],[89.94088623962062,36.067840592850786],[89.70927522331826,36.09318911265291],[89.42084848837348,35.919974227338386],[89.79971657136123,35.84932696381581],[89.76290230468989,35.48294696926844],[89.49563652617826,35.36277620872504],[89.44722721488603,35.226645269046955],[89.55882951936213,34.939831461656254],[89.8031950847475,34.916595318504314],[89.73072605586691,34.73399209252234],[89.85856142281227,34.36104025950776],[89.63303780493587,34.052633268581914],[89.93827735458093,33.805250491994514],[90.00639824172869,33.55833713244049],[90.40497790057196,33.263777943999145],[90.70123129063583,33.138208887571956],[91.22503743138476,33.14360718345574],[91.89349175377937,32.90866395825272],[92.14684347874594,32.8866013576842],[92.19786167507787,32.75751167350672],[93.24083593872739,32.66527122644899],[93.5144789917805,32.477973830133294],[93.71710239653065,32.58030674340854],[94.13829239238467,32.43408333751295],[94.6102107084551,32.67653723524994],[94.92298703710375,32.41155131991106],[95.25808382664762,32.35146593963936],[95.43954627496463,32.15970908150663],[95.36852662666163,31.92969473515402],[95.45288057627866,31.804595095760202],[95.7708746750067,31.7548368902227],[95.97146894694819,31.820320566378186],[96.2059787244058,31.600633394759775],[96.25206902677385,31.932276528837566],[96.77326628248309,31.675740120099405],[96.810950177501,31.899886753534854],[97.30721808727532,32.08084701990002],[97.38171624896455,32.50003643070181],[97.73043721593798,32.529844412320976],[97.42258878125321,32.70775346796921],[97.37301996549888,32.95818745527353],[97.52172641276186,32.99010781354288],[97.48665140278366,33.170129245841295],[97.7539171812953,33.41164430951153],[97.5559317943935,33.46539255983271],[97.38751377127501,33.885990221734616],[97.63129958442933,33.920727082204195],[97.81044302382216,34.2091838492117],[98.40208017560333,34.087839546084865],[98.40729794568273,33.869795334083264],[98.74297448745764,33.47900565380051],[98.85457679193377,33.15510790077337],[99.17807853685673,33.04667256606429],[99.26388186705137,32.88284602141722],[99.76478779467404,32.782625484792156],[99.87783947972775,33.045733731997544],[100.10974037214567,32.86266108898219],[100.08626040678834,32.67160835639952],[100.39497846981968,32.7561034224066],[100.6686215228728,32.525384950503934],[100.68369508087997,32.676771943766624],[100.92603151345668,32.60189992694368],[101.15735265364353,32.661750598698696],[101.23677870929667,32.82909777109605],[101.11474086466174,33.1975901422936],[101.29475393240114,33.26424736103252],[101.63187985475366,33.10370673561906],[101.76667224847158,33.54073399368902]]]}},{"type":"Feature","properties":{"adcode":"640000","name":"宁夏回族自治区"},"geometry":{"type":"MultiPolygon","coordinates":[[[[107.64506999514988,37.864299579567984],[107.18503659981587,38.15416459767562],[106.7774707813914,38.1698900682936],[106.47918825851887,38.31986881045616],[106.6452872727132,38.47289876333565],[106.6997839824314,38.71417911848921],[106.95371545962901,38.9444281733585],[106.74587428479947,39.38779256137899],[106.27714460599978,39.273489513752736],[105.89276887681712,38.78553050756186],[105.76116512036995,38.12130540533953],[105.76928165160457,37.81970496139759],[105.02140127355683,37.57936344031077],[104.41642982046163,37.51106326195506],[104.28453618789895,37.42727232149804],[104.67065117377476,37.4106080168133],[104.95125125360042,37.03976856044889],[105.16170131346966,36.99470452524511],[105.3304092127037,36.80153941601226],[105.19909533237205,36.70507421565418],[105.51071215655861,36.14717207149076],[105.33997512451593,36.033807857931265],[105.38142740903564,35.79417046239452],[105.66608575447862,35.7514535123576],[105.84580894610248,35.493039435485954],[105.89856639912756,35.54843064542392],[106.17539808945142,35.436474682964544],[106.35946942280813,35.23861540339796],[106.50034921495201,35.417932710146324],[106.42990931888008,35.68878633840235],[106.90936441395408,35.77140373627594],[106.95313570739796,36.09201557006948],[106.83428650003378,36.22157467128034],[106.48237689578963,36.28259888561878],[106.51020500287977,36.71587080742175],[106.65398355617887,36.81139717371309],[106.6012261031538,37.12708012865622],[107.26388290323796,37.099149815170534],[107.32562651584422,37.58311877657776],[107.64506999514988,37.864299579567984]]],[[[106.00582056187083,35.48247755223507],[105.91335008101919,35.45126131951578],[105.96320877288905,35.4268516337804],[106.00582056187083,35.48247755223507]]]]}},{"type":"Feature","properties":{"adcode":"650000","name":"新疆维吾尔自治区"},"geometry":{"type":"Polygon","coordinates":[[[96.3848322876831,42.72534766865867],[96.36077257009474,42.897623719906434],[95.90885570599535,43.237951069101626],[95.52274072011954,44.004978501632564],[95.32301607652462,44.02586755961765],[95.40968903506582,44.29390468567344],[94.997485198793,44.250953027119834],[94.36004762075929,44.51500010839197],[94.21481968688258,44.66756064423808],[93.52375502747722,44.9576603708624],[92.88370856440382,45.04497193906971],[92.48686816225369,45.00014261238262],[92.09640503464504,45.079474091022604],[91.5595544686976,45.070320458871834],[91.12358079095193,45.214196779600556],[90.8795051016821,45.189317676831806],[90.67021454627493,45.48692807599008],[90.71398583971882,45.72609605449345],[91.02241402663462,46.02347174513504],[90.89602804026687,46.31052026104243],[91.07372209908209,46.55414770136284],[90.90385469538597,46.95643809896322],[90.76181539878002,46.99211379349954],[90.48759259349583,47.319297465760286],[90.34874193416061,47.67206436633985],[90.08234578399555,47.86992364590644],[89.76638081807616,47.82884965548632],[89.54462558970154,48.038444360887226],[89.06314136181888,47.98774732128297],[88.63905260480963,48.18044301348246],[88.50310070662964,48.41233502796855],[87.98219332703593,48.56818148304828],[88.09727414489831,48.71323134636043],[87.82913873804011,48.79843053791757],[87.90653566088459,48.97798255318261],[87.79029533856011,49.18311779676648],[87.43287808812102,49.0763254216742],[86.88704136259238,49.131716631612164],[86.73398677359657,48.995585691934096],[86.81805084709805,48.83199385580372],[86.58354106964045,48.54025116956261],[86.22177567746851,48.432285251886896],[85.78754125641599,48.417498615335646],[85.52984138971661,48.02882131170308],[85.68231622648138,47.232455314586346],[85.53708829260466,47.05548509300485],[85.2150359282593,47.05337271635467],[84.92921807835424,46.863024109322055],[84.7474657539217,47.00807397263421],[83.91784031129666,46.968173524797535],[83.36417693064891,47.17753352168175],[83.02531175160325,47.22189343133546],[82.72500009592207,46.492888778507705],[82.45570518460178,45.97723416734783],[82.34149399508597,45.941089055778136],[82.27772124967105,45.538798658177754],[82.54469715206716,45.4247303190682],[82.58441017989372,45.222880994717954],[81.92407238873373,45.23226933538541],[81.78203309212778,45.3850645797482],[80.89704131143796,45.12993642211016],[80.10509976383082,45.05365615418711],[79.89088131445978,44.91330046120868],[80.16655350032156,44.84546969988632],[80.4028025344723,44.62343544310106],[80.34656656806095,44.480263247922394],[80.51875298068126,43.81392576904989],[80.75181337756125,43.490732141572806],[80.79065677704124,43.138199949509925],[80.37381492292006,43.02319277633363],[80.59296126625497,42.889643630339094],[80.25815435282664,42.823455828633556],[80.16423449139738,42.612452872132536],[80.28192419429946,42.230816824000556],[80.1282898530726,42.03319225295067],[79.91523090816366,42.04258059361811],[79.76507508032307,41.892367142938866],[79.32185449968935,41.8092803280319],[78.38149638093475,41.39267271091366],[78.1591614003291,41.37812078287911],[78.12930416043028,41.22978500033334],[77.9014615336297,41.18378213106281],[77.68985196929836,41.00775074354807],[77.16517620020285,41.00845486909813],[76.99878730989302,41.07182616860344],[76.75674075343183,40.95212482509341],[76.53817416232795,40.46463523593589],[75.70246132127694,40.28156259292055],[75.72710079109633,40.47496241067009],[75.54042057269993,40.64512608526768],[75.23778990809457,40.450318016418024],[74.79340982299875,40.44304205240074],[74.34613097674773,40.09074456885456],[74.038862294294,40.09496932215491],[73.85768972209252,39.84031058155024],[73.94871082236655,39.59433605606296],[73.59998985539313,39.4546844886346],[73.54114500394208,39.26973417748576],[73.8431959163164,38.95499005660939],[73.69912748690177,38.85218772630077],[73.80522214518297,38.605039658230055],[74.0788651982361,38.54213777575812],[74.13857967803371,38.67545221323596],[74.63078932219071,38.605039658230055],[74.8600813295689,38.48557302323671],[74.82123793008891,38.09759984515421],[75.00704852013875,37.77299796657701],[74.89283733062294,37.65986846153419],[75.1514068256689,37.423047568197674],[75.11517231122859,37.316020484588705],[74.81428090331637,37.217677616097134],[74.524404787794,37.246312055132876],[74.57426347966384,37.035309098631856],[75.40620793121306,36.95433466037507],[75.45113872911904,36.725493856605894],[75.64158733701724,36.77196614290979],[75.94015973600528,36.603914844962375],[76.06277733287125,36.24434139739891],[75.93291283311723,36.13473252010638],[76.14684140637274,35.835948578364686],[76.59383037650825,35.90166696303686],[76.77210418755452,35.65428418644946],[77.37910477345837,35.475201588217786],[78.13771056778043,35.49186589290252],[78.01364359033686,35.36254150020835],[78.05857438824283,35.11539343213764],[78.19829467592461,34.96940473475874],[78.27453209430699,34.621566713029594],[78.70441837362668,34.52580563822157],[79.03545689755325,34.334283488605514],[79.14097180360339,34.436616401880755],[79.79203355906665,34.47956806043436],[80.02828259321738,35.03981728976464],[80.35526285152663,35.21303217507915],[80.4390370489126,35.44727127473212],[80.68746087991528,35.33789710595629],[81.44055902804241,35.33343764413924],[81.51099892411435,35.23603360971441],[81.92900028269761,35.27335226386754],[82.03103667536149,35.45478194726608],[82.31047725072507,35.54303234954014],[82.41251364338895,35.70967539638744],[82.7316672465791,35.63808929879811],[82.94965408545191,35.67916328921821],[83.11546322353071,35.40079898842822],[83.61549952280681,35.336488854856164],[84.0621986168268,35.41112616316242],[84.17293129295635,35.35855145542468],[84.44483508931634,35.551012439107474],[85.2811276825984,35.788068040960674],[85.61245608264048,35.65381476941609],[85.9469731199533,35.7791491173266],[86.18438165856614,36.13144660087278],[87.14213234425208,36.293395477386355],[87.3601191831249,36.42107691046371],[87.56245271175952,36.34010247220694],[88.23467542365591,36.467079779734235],[88.58455589509143,36.4609773583004],[89.2292403760132,36.29292606035298],[89.70927522331826,36.09318911265291],[89.94088623962062,36.067840592850786],[90.03857449055167,36.27579233863487],[90.2356902491069,36.161489291008635],[90.65659036884539,36.13567135417314],[90.84008194997105,36.01831709582997],[91.12329091483642,36.110792251404376],[91.03284956679343,36.531624621822985],[90.73949493788479,36.585607580660835],[90.7577571331627,36.82571439323095],[91.12966818937791,37.005266408496],[91.30417361092238,37.01254237251328],[91.07372209908209,37.47562227593542],[90.51802958562568,37.73098514209015],[90.52933475413106,38.31963410193947],[90.27888179031973,38.23795553813264],[90.11104351943227,38.48205239548642],[90.42150083915674,38.490971319120504],[90.72152261872239,38.65714494893443],[91.28649116787551,38.7451606426918],[92.40686235436951,39.037372745966294],[92.33845159110622,39.23734440218304],[92.6387632467874,39.513831034839555],[92.9274798578477,40.57189702806154],[93.7591344332814,40.66390276660259],[93.80609436399602,40.87607926568704],[94.18264343805959,41.26710365448646],[94.53310366172614,41.504628673373034],[94.7487714916748,41.536783740159066],[95.13575610589717,41.77125754832872],[95.29634747389657,41.56494876216142],[95.5699905269497,41.79378956593061],[96.03350243566997,41.92053216494122],[96.1775708650846,42.216264895966006],[95.97784622148968,42.43524794203435],[96.3848322876831,42.72534766865867]]]}},{"type":"Feature","properties":{"adcode":"710000","name":"台湾省"},"geometry":{"type":"MultiPolygon","coordinates":[[[[121.51187373339388,22.08109066647873],[121.57158821319149,22.00363685597224],[121.56781982368972,22.085784836812458],[121.51187373339388,22.08109066647873]]],[[[120.360485802539,22.322136313115596],[120.38802403351363,22.343964205167424],[120.36106555477005,22.346545998850974],[120.360485802539,22.322136313115596]]],[[[120.27178371118916,22.61340958232334],[120.26279755160796,22.61387899935671],[120.30164095108796,22.567406713052815],[120.27178371118916,22.61340958232334]]],[[[121.49245203365389,22.675607339245218],[121.47274045779837,22.647442317242856],[121.50520658273688,22.63617630844191],[121.49245203365389,22.675607339245218]]],[[[119.4433177730262,23.204640335856215],[119.41085164808769,23.2152022191071],[119.42302644493964,23.19220078447184],[119.4433177730262,23.204640335856215]]],[[[119.3462092743262,23.3079120831982],[119.33606361028292,23.327627598599854],[119.31548240608083,23.324811096399618],[119.3462092743262,23.3079120831982]]],[[[119.49810435885993,23.390294772555105],[119.49056757985635,23.353210826918666],[119.50825002290321,23.358843831319138],[119.49810435885993,23.390294772555105]]],[[[120.09553903295155,23.51539441194892],[119.99987991482917,23.467983291578282],[120.06278303189752,23.480422842962657],[120.09553903295155,23.51539441194892]]],[[[119.56738475046978,23.575245083703937],[119.57434177724232,23.50764903089827],[119.6557969657041,23.60716544197328],[119.56738475046978,23.575245083703937]]],[[[119.52274382867932,23.64213701095954],[119.50216262447725,23.630636293641913],[119.50332212893933,23.57876571145423],[119.52274382867932,23.64213701095954]]],[[[119.58767607855634,23.672883826645453],[119.59579260979098,23.635330463975638],[119.60999653945157,23.648239432393385],[119.58767607855634,23.672883826645453]]],[[[120.16539917679245,23.71794786184923],[120.15641301721125,23.73836750280094],[120.15351425605603,23.717478444815857],[120.16539917679245,23.71794786184923]]],[[[119.62217133630351,23.743531090168037],[119.60999653945157,23.755970641552416],[119.59782174259962,23.741418713517863],[119.62217133630351,23.743531090168037]]],[[[120.39874944978796,24.0585099195611],[120.41933065399004,24.0859708160134],[120.37903787393243,24.085266690463342],[120.39874944978796,24.0585099195611]]],[[[121.96205134080014,24.835629818309553],[121.95567406625865,24.849712329310734],[121.94233976494462,24.83774219495973],[121.96205134080014,24.835629818309553]]],[[[121.6339115780288,25.239797884043423],[121.05705810813927,25.040999770410096],[120.91183017426258,24.765686680337026],[120.7231208230575,24.60538076344026],[120.52774432119541,24.313403368682458],[120.4886110455999,24.20520274249006],[120.379907502279,24.094655031130795],[120.37150109492885,24.039733238226194],[120.2451151085611,23.823331985841392],[120.1738055841426,23.80033055120613],[120.17641446918229,23.698701763480948],[120.1439483442438,23.64941297497682],[120.16337004398379,23.392876566238655],[120.03872331430917,23.06358051732773],[120.17351570802707,22.97134007027],[120.32512091644527,22.530322767416376],[120.58484991595333,22.372129227169786],[120.85994234958406,21.89684448087996],[120.89095909394496,22.307584385081043],[121.03415789501301,22.66715783264451],[121.19996703309181,22.798594601988857],[121.40172080949539,23.12953361051659],[121.64695600322732,24.009455839573658],[121.61883802002166,24.087848484146893],[121.87363912556582,24.534498791400985],[121.81856266361658,24.793147576789327],[121.92059905628045,25.113289993549486],[121.6339115780288,25.239797884043423]]],[[[122.11800469095118,25.498211960915075],[122.09336522113179,25.502671422732117],[122.10640964633029,25.4686386878126],[122.11800469095118,25.498211960915075]]],[[[122.0884373271679,25.641853573127115],[122.06263835288641,25.62730164509256],[122.08292968097297,25.61321913409138],[122.0884373271679,25.641853573127115]]],[[[123.50448215149473,25.725879222100822],[123.50796066488098,25.758034288886847],[123.44128915831084,25.752635993003064],[123.50448215149473,25.725879222100822]]],[[[123.5430356748592,25.777515095771815],[123.53752802866427,25.790189355672876],[123.52970137354517,25.780096889455365],[123.5430356748592,25.777515095771815]]],[[[123.70275741451204,25.91810549726693],[123.68536484758067,25.94298460003568],[123.66275451056994,25.917166663200184],[123.70275741451204,25.91810549726693]]],[[[124.5807921684293,25.912003075833084],[124.56281984926693,25.944627559652485],[124.53876013167857,25.90707419698267],[124.5807921684293,25.912003075833084]]]]}},{"type":"Feature","properties":{"adcode":"810000","name":"香港特别行政区"},"geometry":{"type":"MultiPolygon","coordinates":[[[[114.22670719808548,22.543701152867495],[114.04379536919086,22.50427012206419],[113.93712095867863,22.35922025875204],[114.11075675187652,22.366496222769314],[114.27395700491563,22.262520349877267],[114.28555204953652,22.39560007883842],[114.39773410624369,22.436204652225154],[114.22670719808548,22.543701152867495]]],[[[114.04785363480818,22.346311290334288],[113.93277281694579,22.281531739728862],[113.89711805473654,22.291154788913],[113.97335547311891,22.24069245782544],[114.04785363480818,22.346311290334288]]],[[[114.21482227734907,22.224262861657394],[114.23482372932011,22.28411353341241],[114.1388747350822,22.290215954846254],[114.21482227734907,22.224262861657394]]],[[[114.12119229203533,22.233885910841536],[114.11829353088011,22.180137660520366],[114.13162783219414,22.206190305872546],[114.12119229203533,22.233885910841536]]],[[[113.89566867415893,22.29373658259655],[113.93393232140788,22.29045066336294],[113.93335256917683,22.323779272732402],[113.89566867415893,22.29373658259655]]],[[[114.10756811460578,22.363210303535705],[114.07887037916908,22.358516133201977],[114.09191480436758,22.326126357899263],[114.10756811460578,22.363210303535705]]],[[[114.30555350150757,22.37564985492008],[114.3035243686989,22.351709586218075],[114.32729421017174,22.351005460668016],[114.30555350150757,22.37564985492008]]],[[[114.03306995291653,22.215813355056685],[114.0171267665628,22.20102671850545],[114.03364970514758,22.20337380367231],[114.03306995291653,22.215813355056685]]],[[[114.27395700491563,22.16488160693575],[114.2643910931034,22.180372369037052],[114.24989728732727,22.1658204410025],[114.27395700491563,22.16488160693575]]],[[[114.29569771357981,22.258765013610287],[114.28033427945712,22.245151919642478],[114.2983065986195,22.247733713326028],[114.29569771357981,22.258765013610287]]],[[[114.16264457655504,22.228957031991122],[114.15945593928429,22.245151919642478],[114.14525200962369,22.24491721112579],[114.16264457655504,22.228957031991122]]],[[[114.35976033511025,22.48643227479603],[114.35802107841712,22.46671675939438],[114.36671736188279,22.472819180828225],[114.35976033511025,22.48643227479603]]],[[[114.32613470570965,22.340678285933816],[114.31569916555085,22.338096492250266],[114.33048284744248,22.328004026032755],[114.32613470570965,22.340678285933816]]]]}},{"type":"Feature","properties":{"adcode":"820000","name":"澳门特别行政区"},"geometry":{"type":"MultiPolygon","coordinates":[[[[113.57332643369804,22.1658204410025],[113.55013634445625,22.112072190681328],[113.59245825732252,22.129205912399428],[113.57332643369804,22.1658204410025]]],[[[113.553324981727,22.21557864654],[113.53477291033357,22.20736384845598],[113.53158427306282,22.179433534970304],[113.5585427518064,22.187178916020954],[113.553324981727,22.21557864654]]]]}},{"type":"Feature","properties":{"adcode":"100000_JD","name":"南海诸岛"},"geometry":{"type":"MultiPolygon","coordinates":[[[[122.51865306,23.46078502],[122.77921829,24.57855302],[122.49925737,23.46566424],[122.51865306,23.46078502]]],[[[121.17202617,20.8054593],[121.90938804,21.68743347],[121.15668216,20.81828744],[121.17202617,20.8054593]]],[[[119.47366172,18.00707291],[120.02569734,19.02403788],[119.45608443,18.01661433],[119.47366172,18.00707291]]],[[[119.0726757,15.04098494],[119.0526757,16.04388528],[119.0521839,15.00781004],[119.0726757,15.04098494]]],[[[118.68646749,11.18959191],[118.70409227,11.18010771],[118.98894963,11.98573108],[118.68646749,11.18959191]]],[[[115.54466883,7.14672265],[116.2504858,7.979279],[115.52941328,7.15965587],[115.54466883,7.14672265]]],[[[112.30705249,3.53487257],[112.52147408,3.5785908],[112.85206367,3.73256867],[112.30705249,3.53487257]]],[[[108.26055972,6.08912451],[108.21679964,6.53816468],[108.24433543,7.07703297],[108.19897125,6.95268198],[108.19679674,6.53760583],[108.26055972,6.08912451]]],[[[110.12822847,11.36894451],[110.25854422,11.60358735],[110.28485499,11.78705054],[110.12822847,11.36894451]]],[[[109.82951587,15.22896754],[109.78974541,15.45068337],[109.67264555,15.66561455],[109.82951587,15.22896754]]]]}}]}