{"type":"FeatureCollection","features":[{"type":"Feature","properties":{"adcode":"110000","name":"北京"},"geometry":{"type":"MultiPolygon","coordinates":[[[[117.348611,40.581141],[117.429915,40.576141],[117.412669,40.605226],[117.514914,40.660181],[116.964881,40.709647],[116.848468,40.839264],[116.713577,40.909858],[116.677853,40.970888],[116.698795,41.021477],[116.647672,41.059394],[116.615643,41.053076],[116.598397,40.974503],[116.455499,40.980828],[116.477057,40.899907],[116.398216,40.90624],[116.370499,40.94377],[116.339702,40.929303],[116.334159,40.90443],[116.46597,40.774487],[116.273181,40.762703],[116.247311,40.791707],[116.162928,40.662451],[115.982457,40.578868],[115.907929,40.617493],[115.755176,40.540221],[115.736082,40.503372],[115.781045,40.49336],[115.771806,40.443734],[115.864197,40.359422],[115.917784,40.354405],[115.968907,40.264045],[115.89869,40.234354],[115.847567,40.147036],[115.773654,40.176307],[115.75456,40.145663],[115.599959,40.119583],[115.454597,40.029825],[115.426264,39.950502],[115.522967,39.899099],[115.514344,39.837549],[115.567314,39.816407],[115.443511,39.785601],[115.439815,39.752022],[115.486626,39.741899],[115.478619,39.650723],[115.522351,39.640124],[115.518039,39.597252],[115.667712,39.615234],[115.752712,39.515581],[115.806299,39.510041],[115.91532,39.582955],[115.957204,39.560812],[115.978146,39.595868],[116.130283,39.567732],[116.198652,39.589412],[116.240536,39.564041],[116.257782,39.500344],[116.434557,39.442597],[116.444412,39.482332],[116.411767,39.482794],[116.401912,39.528046],[116.443796,39.510041],[116.524484,39.596329],[116.592237,39.621227],[116.79057,39.595868],[116.8497,39.66777],[116.906366,39.677444],[116.902055,39.763523],[116.949482,39.778703],[116.918069,39.84628],[116.78441,39.891294],[116.757925,39.967934],[116.781331,40.034866],[116.927924,40.055024],[117.025243,40.030283],[117.349227,40.136513],[117.389879,40.227958],[117.351075,40.229786],[117.331365,40.289613],[117.295024,40.2782],[117.234046,40.417312],[117.263611,40.442367],[117.208793,40.501552],[117.262995,40.512927],[117.269771,40.560684],[117.348611,40.581141]]]]}},{"type":"Feature","properties":{"adcode":"120000","name":"天津"},"geometry":{"type":"MultiPolygon","coordinates":[[[[117.765602,39.400527],[117.871543,39.411625],[117.933753,39.574191],[117.766834,39.598635],[117.715711,39.529892],[117.707088,39.576036],[117.654117,39.575113],[117.637486,39.603246],[117.668899,39.666849],[117.57774,39.726711],[117.595603,39.74604],[117.546327,39.775943],[117.561726,39.799856],[117.508139,39.901854],[117.546327,39.999116],[117.781616,39.966558],[117.795167,39.996823],[117.744044,40.018368],[117.776073,40.059605],[117.675059,40.082045],[117.548791,40.232527],[117.415748,40.248973],[117.349227,40.136513],[117.192162,40.066475],[117.198322,39.992697],[117.150894,39.944996],[117.162597,39.876598],[117.247597,39.860981],[117.251908,39.834332],[117.156438,39.817326],[117.205713,39.763984],[117.161981,39.748801],[117.177996,39.645194],[117.152742,39.623532],[116.983359,39.638742],[116.944555,39.695405],[116.8497,39.66777],[116.812128,39.615695],[116.78749,39.554352],[116.820751,39.482332],[116.785026,39.465702],[116.876185,39.43474],[116.818287,39.3737],[116.829374,39.338994],[116.889736,39.338068],[116.881729,39.225966],[116.855859,39.215766],[116.912526,39.110898],[116.871874,39.054688],[116.754229,39.034701],[116.708034,38.931892],[116.75115,38.831264],[116.746222,38.754299],[116.858939,38.741231],[116.877417,38.680522],[117.068358,38.680522],[117.055424,38.639398],[117.109626,38.584685],[117.213104,38.639866],[117.258684,38.608072],[117.25314,38.556143],[117.639334,38.626776],[117.65658,38.66043],[117.729261,38.680055],[117.740964,38.753833],[117.646725,38.788827],[117.64611,38.828933],[117.778536,38.869016],[117.847522,38.855502],[117.898029,38.948649],[117.855529,38.957492],[117.837667,39.057011],[117.871543,39.122506],[117.977485,39.206028],[118.064948,39.231065],[118.024296,39.289451],[117.854913,39.328348],[117.850601,39.363984],[117.670747,39.357969],[117.669515,39.322792],[117.521074,39.357043],[117.601146,39.419485],[117.668899,39.412087],[117.673211,39.386652],[117.765602,39.400527]]],[[[117.805022,39.373237],[117.852449,39.380639],[117.846906,39.407926],[117.765602,39.400527],[117.805022,39.373237]]]]}},{"type":"Feature","properties":{"adcode":"130100","name":"石家庄市"},"geometry":{"type":"MultiPolygon","coordinates":[[[[113.839548,38.758413],[113.709995,38.698284],[113.713839,38.663684],[113.612862,38.646013],[113.602803,38.586854],[113.562053,38.558321],[113.583517,38.465992],[113.525468,38.383016],[113.557248,38.34346],[113.544818,38.270495],[113.598894,38.227136],[113.711725,38.213702],[113.738507,38.189501],[113.720631,38.174656],[113.828848,38.168971],[113.810075,38.112566],[113.876261,38.055047],[113.872353,37.990375],[113.956864,37.911419],[113.982557,37.812823],[114.043873,37.777463],[113.993769,37.706893],[114.128256,37.69821],[114.118325,37.590634],[114.022666,37.435496],[114.166123,37.528186],[114.334632,37.502949],[114.483471,37.576814],[114.680171,37.565283],[114.725983,37.630665],[114.797423,37.628239],[114.847783,37.69673],[114.931846,37.728899],[115.070049,37.745651],[115.072291,37.794136],[115.122972,37.811479],[115.150523,37.808521],[115.152765,37.759507],[115.227281,37.732599],[115.258356,37.639625],[115.297376,37.629587],[115.333768,37.71322],[115.380989,37.707432],[115.344468,37.74814],[115.371635,37.770335],[115.363049,37.849845],[115.388614,37.853003],[115.365484,37.906318],[115.448585,37.936584],[115.464219,37.99299],[115.438205,38.001102],[115.482992,38.08398],[115.383232,38.0886],[115.324734,38.248184],[115.273605,38.2403],[115.265788,38.287658],[115.210174,38.236491],[115.073765,38.293134],[115.066204,38.264684],[114.886162,38.265286],[114.942994,38.343193],[114.923388,38.388217],[114.840992,38.460797],[114.837852,38.435745],[114.819143,38.449871],[114.81075,38.492365],[114.6737,38.473452],[114.58432,38.596429],[114.527616,38.590644],[114.552284,38.612983],[114.452652,38.699413],[114.311502,38.706517],[114.086097,38.65837],[113.839548,38.758413]]]]}},{"type":"Feature","properties":{"adcode":"130200","name":"唐山市"},"geometry":{"type":"MultiPolygon","coordinates":[[[[119.319039,39.429554],[119.212295,39.463453],[119.004894,39.467459],[119.008098,39.509347],[118.961453,39.51591],[118.983302,39.538942],[118.861309,39.574754],[118.774428,39.764198],[118.825429,39.799436],[118.884247,39.961794],[118.866307,40.061942],[118.92474,40.149653],[118.571384,40.269845],[118.532364,40.319419],[118.571512,40.414636],[118.306575,40.419558],[118.239684,40.464686],[118.031643,40.302358],[117.575451,40.192817],[117.650159,40.128191],[117.644841,40.096181],[117.751648,40.081993],[117.776188,40.059272],[117.744152,40.018434],[117.782467,40.023516],[117.782019,39.968315],[117.756326,39.96512],[117.537777,39.997452],[117.507406,39.909023],[117.561419,39.800024],[117.546106,39.776164],[117.657014,39.668657],[117.662012,39.636365],[117.619084,39.603207],[117.708913,39.572918],[117.688794,39.569246],[117.71596,39.530084],[117.76773,39.599012],[117.933997,39.574164],[117.852369,39.38078],[117.805277,39.373284],[118.064768,39.256061],[118.026196,39.20176],[118.07047,39.214021],[118.125316,39.182771],[118.225011,39.034839],[118.373594,39.012037],[118.371031,38.984137],[118.491038,38.909041],[118.525252,38.90487],[118.604445,38.971505],[118.532877,39.091051],[118.588619,39.107623],[118.578752,39.130921],[118.637314,39.157379],[118.814409,39.138642],[118.951074,39.178485],[118.890013,39.118844],[118.926278,39.123464],[119.185577,39.342039],[119.272779,39.363616],[119.319039,39.429554]]],[[[117.784581,39.377032],[117.737296,39.410562],[117.673224,39.386698],[117.669124,39.412008],[117.590636,39.405435],[117.520862,39.357236],[117.650799,39.315191],[117.670982,39.357828],[117.784581,39.377032]]],[[[118.630522,39.054726],[118.653652,39.056973],[118.638852,39.076061],[118.630522,39.054726]]],[[[118.869446,39.142733],[118.820239,39.108745],[118.857465,39.098842],[118.869446,39.142733]]],[[[118.83914,39.153817],[118.815177,39.132373],[118.841511,39.135475],[118.83914,39.153817]]]]}},{"type":"Feature","properties":{"adcode":"130300","name":"秦皇岛市"},"geometry":{"type":"MultiPolygon","coordinates":[[[[119.319039,39.429554],[119.270024,39.498582],[119.3735,39.739671],[119.464738,39.809239],[119.53778,39.810154],[119.559564,39.901518],[119.836739,39.985786],[119.862432,39.951556],[119.854231,40.03231],[119.770873,40.048788],[119.736723,40.104836],[119.76248,40.144776],[119.745949,40.207957],[119.625174,40.224132],[119.651892,40.272377],[119.598136,40.334206],[119.604927,40.454976],[119.553542,40.501762],[119.571033,40.540887],[119.302188,40.530283],[119.158474,40.614418],[119.063392,40.606151],[118.952676,40.558469],[118.966003,40.536102],[118.821328,40.531964],[118.772954,40.479765],[118.702795,40.491411],[118.624179,40.437626],[118.640197,40.354566],[118.568949,40.287564],[118.92474,40.149653],[118.918269,40.092211],[118.866307,40.061942],[118.884247,39.961794],[118.825429,39.799436],[118.774428,39.764198],[118.861309,39.574754],[118.983302,39.538942],[118.961453,39.51591],[119.008098,39.509347],[119.048399,39.459052],[119.212295,39.463453],[119.319039,39.429554]]]]}},{"type":"Feature","properties":{"adcode":"130400","name":"邯郸市"},"geometry":{"type":"MultiPolygon","coordinates":[[[[115.478314,36.754699],[115.362921,36.771056],[115.307499,36.837129],[115.325567,36.869667],[115.176856,36.854353],[115.16622,36.901512],[115.106505,36.923958],[115.111631,36.958431],[114.862712,36.969715],[114.787492,36.91396],[114.718166,36.938103],[114.56702,36.891307],[114.555231,36.845979],[114.507754,36.827936],[114.304518,36.857007],[114.100449,36.839035],[113.941743,36.983376],[113.859475,37.015037],[113.761701,36.956052],[113.786945,36.870076],[113.742095,36.851085],[113.710508,36.88736],[113.65579,36.785706],[113.465369,36.70779],[113.507015,36.704858],[113.486833,36.635189],[113.535463,36.62925],[113.58813,36.562725],[113.547317,36.534362],[113.554428,36.494706],[113.708329,36.423342],[113.73242,36.357599],[113.855951,36.329367],[113.881515,36.353899],[113.911181,36.314767],[113.952763,36.358147],[113.983005,36.317166],[114.023691,36.354995],[114.060532,36.276507],[114.17663,36.263132],[114.168878,36.243443],[114.211037,36.273009],[114.328353,36.248177],[114.53287,36.171505],[114.58259,36.121356],[114.73444,36.155777],[114.771345,36.124517],[114.912432,36.140458],[114.914674,36.051988],[114.998416,36.069732],[115.06268,36.178235],[115.104583,36.172192],[115.142834,36.209679],[115.242146,36.191212],[115.313073,36.088227],[115.369264,36.102731],[115.404632,36.15564],[115.415716,36.137572],[115.463898,36.171299],[115.483568,36.148976],[115.462681,36.276096],[115.417062,36.29276],[115.422956,36.32217],[115.366637,36.30894],[115.339983,36.398078],[115.29744,36.413484],[115.317046,36.454003],[115.272836,36.497373],[115.478314,36.754699]]]]}},{"type":"Feature","properties":{"adcode":"130500","name":"邢台市"},"geometry":{"type":"MultiPolygon","coordinates":[[[[115.255088,37.645621],[115.243235,37.722641],[115.152765,37.759507],[115.150523,37.808521],[115.097471,37.807849],[115.070049,37.745651],[114.904038,37.729302],[114.797423,37.628239],[114.725983,37.630665],[114.680171,37.565283],[114.483471,37.576814],[114.27293,37.494445],[114.184575,37.530817],[113.973907,37.403133],[113.831924,37.167518],[113.77317,37.151857],[113.771888,37.016803],[113.941743,36.983376],[114.100449,36.839035],[114.252684,36.856531],[114.507754,36.827936],[114.555231,36.845979],[114.551707,36.884094],[114.718166,36.938103],[114.787492,36.91396],[114.862712,36.969715],[115.096702,36.964549],[115.125086,36.90607],[115.16622,36.901512],[115.158916,36.852038],[115.325567,36.869667],[115.307499,36.837129],[115.335691,36.775826],[115.463386,36.752177],[115.637405,36.797492],[115.853904,37.059245],[115.698465,37.257153],[115.345109,37.448195],[115.431478,37.469602],[115.397968,37.497347],[115.455313,37.501802],[115.282575,37.576005],[115.201908,37.555977],[115.172756,37.600543],[115.255088,37.645621]]]]}},{"type":"Feature","properties":{"adcode":"130600","name":"保定市"},"geometry":{"type":"MultiPolygon","coordinates":[[[[115.324734,38.248184],[115.393611,38.285588],[115.381822,38.327578],[115.462104,38.327311],[115.494781,38.362006],[115.516437,38.318168],[115.699811,38.349932],[115.745686,38.481311],[115.816101,38.52545],[115.940721,38.530508],[115.973398,38.635514],[115.944053,38.735456],[116.035548,38.829492],[116.045543,38.897786],[116.15203,38.948352],[116.230262,38.92453],[116.33534,38.984004],[116.299588,38.993658],[116.305354,39.098116],[116.221804,39.147813],[116.186116,39.222457],[116.198226,39.351315],[116.116791,39.376243],[116.151325,39.471005],[116.244678,39.517354],[116.221164,39.578951],[115.978459,39.595669],[115.959558,39.560851],[115.923742,39.597308],[115.82033,39.509741],[115.752542,39.515385],[115.667134,39.615594],[115.587044,39.589965],[115.545974,39.61874],[115.515925,39.591211],[115.52246,39.639969],[115.478507,39.650319],[115.482351,39.742483],[115.434105,39.782309],[115.569168,39.814206],[115.514323,39.837726],[115.523037,39.898907],[115.438462,39.952534],[115.283216,39.745165],[115.179163,39.679592],[115.050058,39.709245],[114.838429,39.589179],[114.716756,39.618674],[114.712079,39.594358],[114.654991,39.599209],[114.633527,39.555866],[114.58432,39.585835],[114.502308,39.477112],[114.46662,39.329669],[114.425101,39.285105],[114.415939,39.242885],[114.467389,39.225884],[114.469695,39.193321],[114.388196,39.176968],[114.349176,39.076788],[114.126654,39.050895],[114.050793,39.13587],[113.776758,38.98698],[113.776181,38.885669],[113.855566,38.828962],[113.839548,38.758413],[113.991655,38.676769],[114.125053,38.659632],[114.311502,38.706517],[114.498463,38.678297],[114.552284,38.612983],[114.527616,38.590644],[114.58432,38.596429],[114.6737,38.473452],[114.81075,38.492365],[114.837852,38.435745],[114.858163,38.448605],[114.932871,38.344194],[114.883343,38.284854],[114.915059,38.263348],[114.927681,38.283385],[115.056465,38.258472],[115.056722,38.288326],[115.19422,38.236759],[115.252205,38.29093],[115.273605,38.2403],[115.324734,38.248184]]]]}},{"type":"Feature","properties":{"adcode":"130700","name":"张家口市"},"geometry":{"type":"MultiPolygon","coordinates":[[[[116.365069,40.943216],[116.264733,41.038252],[116.296128,41.062118],[116.233273,41.130845],[116.235195,41.211853],[116.191627,41.288158],[116.209503,41.307715],[116.17484,41.356328],[116.036124,41.397694],[115.924767,41.568623],[115.909967,41.642921],[116.056307,41.733705],[116.083986,41.781745],[116.03401,41.782633],[115.916374,41.945141],[115.828852,41.936978],[115.653871,41.829052],[115.319032,41.691473],[115.377594,41.602475],[115.311535,41.592677],[115.290328,41.622955],[115.204215,41.571423],[115.142386,41.616087],[114.877449,41.590896],[114.902885,41.689313],[114.8663,41.804578],[114.939214,41.846165],[114.861302,42.101997],[114.793963,42.149193],[114.754879,42.115756],[114.560293,42.132414],[114.466107,42.037962],[114.510701,41.973292],[114.348087,41.947609],[114.202964,41.793416],[114.259347,41.6234],[114.227632,41.620221],[114.231027,41.513671],[114.032148,41.529595],[113.884911,41.438141],[113.8712,41.413327],[113.943985,41.390802],[113.89952,41.316214],[114.016259,41.232073],[113.973651,41.174275],[113.920407,41.172034],[113.877927,41.115593],[113.820327,41.101619],[113.991142,40.940195],[114.057457,40.925092],[114.073539,40.857308],[114.044771,40.831115],[114.104421,40.797571],[114.236153,40.606991],[114.282926,40.590778],[114.267228,40.474199],[114.314449,40.369604],[114.446565,40.372845],[114.530627,40.3451],[114.526463,40.32357],[114.406392,40.246149],[114.068029,40.179754],[114.091159,40.075288],[114.043809,40.056863],[113.989476,40.112383],[113.975573,40.051068],[113.914641,40.005924],[114.021256,39.991782],[114.047397,39.916135],[114.174132,39.897602],[114.211998,39.918745],[114.224877,39.851704],[114.395436,39.867246],[114.408122,39.651956],[114.431636,39.614021],[114.495836,39.608188],[114.515378,39.564983],[114.557025,39.581442],[114.563432,39.558162],[114.58432,39.585835],[114.633527,39.555866],[114.654991,39.599209],[114.712079,39.594358],[114.716756,39.618674],[114.838429,39.589179],[115.03199,39.702373],[115.168847,39.672651],[115.342867,39.79205],[115.454544,40.029705],[115.59909,40.119995],[115.754849,40.145427],[115.773045,40.176179],[115.847817,40.147052],[115.898498,40.234524],[115.960007,40.256667],[115.918296,40.353917],[115.864476,40.359363],[115.770418,40.444165],[115.782207,40.492058],[115.736012,40.503832],[115.755041,40.540046],[115.907788,40.617324],[115.981407,40.579665],[116.121724,40.62914],[116.235003,40.783143],[116.307917,40.752152],[116.453937,40.765877],[116.456564,40.798665],[116.334443,40.904648],[116.365069,40.943216]]]]}},{"type":"Feature","properties":{"adcode":"130800","name":"承德市"},"geometry":{"type":"MultiPolygon","coordinates":[[[[119.158474,40.614418],[119.185833,40.67574],[119.05423,40.664964],[118.846252,40.822103],[118.903468,40.961784],[119.000601,40.967052],[119.0204,40.997878],[118.936209,41.037482],[118.964657,41.079307],[119.073771,41.084244],[119.081204,41.131422],[119.184295,41.182727],[119.166483,41.21294],[119.248367,41.27665],[119.239461,41.314489],[119.200698,41.28234],[118.949536,41.318003],[118.890718,41.300749],[118.846124,41.373823],[118.741879,41.324073],[118.57997,41.354029],[118.399607,41.311102],[118.349119,41.342789],[118.34867,41.428318],[118.272168,41.471296],[118.315801,41.512525],[118.302923,41.552709],[118.215337,41.595668],[118.206879,41.65074],[118.130698,41.742275],[118.165873,41.813265],[118.292287,41.772863],[118.340213,41.872459],[118.268901,41.930143],[118.306511,41.940269],[118.294722,42.005224],[118.237634,42.022859],[118.297284,42.048765],[118.226613,42.090256],[118.204188,42.034866],[118.116538,42.037204],[118.155173,42.081164],[118.097765,42.10509],[118.10635,42.171958],[117.977438,42.229875],[118.059962,42.29831],[118.016265,42.333286],[118.019405,42.395201],[117.797588,42.585277],[117.801496,42.612706],[117.66733,42.582459],[117.473512,42.602437],[117.39637,42.536339],[117.412836,42.472493],[117.390732,42.462076],[117.094912,42.483661],[117.016744,42.45649],[116.886806,42.366608],[116.903401,42.19087],[116.789225,42.200261],[116.890651,42.092655],[116.87963,42.018372],[116.634812,41.929953],[116.533706,41.938876],[116.496416,41.97968],[116.393133,41.94299],[116.41402,41.98221],[116.327267,42.005667],[116.233401,41.941408],[116.193164,41.861816],[116.106667,41.849587],[116.129221,41.806607],[116.056307,41.733705],[115.909967,41.642921],[116.004473,41.432911],[116.203352,41.326117],[116.233273,41.130845],[116.296128,41.062118],[116.264733,41.038252],[116.398515,40.905999],[116.473607,40.919757],[116.455539,40.980476],[116.597778,40.97476],[116.630839,41.060771],[116.688632,41.044669],[116.67774,40.971227],[116.730471,40.897768],[116.87617,40.821202],[116.979967,40.702833],[117.514583,40.660511],[117.412708,40.605118],[117.430008,40.576112],[117.311859,40.57805],[117.247403,40.54024],[117.264126,40.517285],[117.219019,40.514375],[117.263357,40.442352],[117.226195,40.369021],[117.386375,40.22712],[117.450062,40.252512],[117.609409,40.194897],[117.694112,40.238161],[118.000888,40.29256],[118.121856,40.354695],[118.156967,40.423768],[118.239684,40.464686],[118.306575,40.419558],[118.571512,40.414636],[118.532364,40.319419],[118.568949,40.287564],[118.640197,40.354566],[118.618349,40.425193],[118.702795,40.491411],[118.772954,40.479765],[118.821328,40.531964],[118.966003,40.536102],[118.952676,40.558469],[119.063392,40.606151],[119.158474,40.614418]]]]}},{"type":"Feature","properties":{"adcode":"130900","name":"沧州市"},"geometry":{"type":"MultiPolygon","coordinates":[[[[116.335916,37.581263],[116.434139,37.473383],[116.812739,37.843598],[117.438593,37.853876],[117.58378,38.070653],[117.729223,38.093822],[117.801625,38.173786],[117.808544,38.228406],[117.958024,38.376147],[117.781186,38.373812],[117.647852,38.508677],[117.685975,38.532438],[117.643367,38.54029],[117.63901,38.626742],[117.253169,38.556192],[117.259512,38.603078],[117.23068,38.624017],[117.098179,38.586921],[117.06813,38.680621],[117.015719,38.700409],[116.87726,38.680688],[116.867457,38.745873],[116.766351,38.741959],[116.763212,38.633853],[116.680559,38.605936],[116.643333,38.564773],[116.672678,38.546545],[116.610593,38.479646],[116.465726,38.494096],[116.431127,38.539558],[116.454834,38.580337],[116.381984,38.619165],[116.366863,38.67305],[116.435804,38.733199],[116.42299,38.770419],[116.271973,38.816634],[116.15203,38.948352],[116.045543,38.897786],[116.035548,38.829492],[115.95187,38.746736],[115.960583,38.584394],[115.890809,38.52585],[115.816101,38.52545],[115.745686,38.481311],[115.705321,38.367543],[115.841538,38.346062],[115.837181,38.272499],[115.899523,38.20314],[115.887542,38.171312],[115.986725,38.125885],[116.049771,38.146026],[116.031831,38.100718],[116.093981,37.922627],[116.153952,37.914573],[116.170163,37.959594],[116.278252,37.962479],[116.3709,38.018597],[116.563243,38.01987],[116.51346,37.863951],[116.473415,37.865495],[116.47303,37.777059],[116.386533,37.696393],[116.375192,37.617256],[116.3281,37.605058],[116.335916,37.581263]]]]}},{"type":"Feature","properties":{"adcode":"131000","name":"廊坊市"},"geometry":{"type":"MultiPolygon","coordinates":[[[[116.244678,39.517354],[116.151325,39.471005],[116.116791,39.376243],[116.198226,39.351315],[116.207837,39.168526],[116.317592,39.077911],[116.293757,39.007344],[116.3215,38.998088],[116.316182,38.962708],[116.228083,38.942199],[116.202198,38.887258],[116.271973,38.816634],[116.42299,38.770419],[116.435804,38.733199],[116.370836,38.692508],[116.381984,38.619165],[116.454834,38.580337],[116.432152,38.552533],[116.465726,38.494096],[116.610593,38.479646],[116.668257,38.530042],[116.652431,38.551202],[116.702792,38.619098],[116.77404,38.652258],[116.70811,38.931876],[116.756612,39.0503],[116.860473,39.050564],[116.91109,39.111055],[116.863164,39.201365],[116.889626,39.338157],[116.818121,39.373547],[116.875914,39.434548],[116.785124,39.465883],[116.820748,39.482431],[116.787687,39.554555],[116.812355,39.615922],[116.700742,39.621033],[116.727075,39.593047],[116.705099,39.587999],[116.565934,39.619788],[116.464573,39.527657],[116.402679,39.526869],[116.412354,39.482103],[116.444134,39.482169],[116.434395,39.442761],[116.350461,39.453009],[116.244678,39.517354]]],[[[117.209793,40.082253],[117.085621,40.075158],[117.000662,40.0299],[116.928133,40.05491],[116.781536,40.034851],[116.757317,39.961468],[116.784676,39.891401],[116.952608,39.789827],[116.88277,39.718472],[116.893854,39.695893],[116.950878,39.706824],[116.963629,39.643441],[117.127076,39.61697],[117.177693,39.645602],[117.161867,39.747389],[117.205884,39.763871],[117.156357,39.817473],[117.252208,39.834591],[117.247467,39.861043],[117.166865,39.868944],[117.137456,39.921616],[117.198132,39.99276],[117.1841,40.062593],[117.222863,40.065523],[117.209793,40.082253]]]]}},{"type":"Feature","properties":{"adcode":"131100","name":"衡水市"},"geometry":{"type":"MultiPolygon","coordinates":[[[[115.853904,37.059245],[115.912017,37.207098],[115.969425,37.239479],[115.975897,37.334508],[116.168817,37.38414],[116.236028,37.361559],[116.285236,37.40266],[116.227379,37.424755],[116.224431,37.479729],[116.276458,37.466901],[116.287863,37.5493],[116.375192,37.617256],[116.386533,37.696393],[116.460664,37.778875],[116.473415,37.865495],[116.51346,37.863951],[116.563243,38.01987],[116.343925,38.017256],[116.278252,37.962479],[116.188039,37.968314],[116.153952,37.914573],[116.091034,37.910949],[116.120571,37.948996],[116.042467,38.026706],[116.070595,38.041112],[116.031511,38.082774],[116.049771,38.146026],[115.986725,38.125885],[115.935403,38.167232],[115.900804,38.158536],[115.899523,38.20314],[115.837181,38.272499],[115.841538,38.346062],[115.705321,38.367543],[115.516437,38.318168],[115.494781,38.362006],[115.462104,38.327311],[115.381822,38.327578],[115.323645,38.220586],[115.35094,38.210493],[115.346903,38.13967],[115.383232,38.0886],[115.468063,38.095161],[115.438205,38.001102],[115.464219,37.99299],[115.457555,37.95074],[115.365484,37.906318],[115.388614,37.853003],[115.363049,37.849845],[115.371635,37.770335],[115.344468,37.74814],[115.380989,37.707432],[115.333768,37.71322],[115.297376,37.629587],[115.227858,37.648921],[115.172756,37.600543],[115.360871,37.523935],[115.359461,37.558675],[115.455313,37.501802],[115.402069,37.51017],[115.431478,37.469602],[115.360038,37.461431],[115.52938,37.326864],[115.599218,37.332884],[115.63292,37.277058],[115.698465,37.257153],[115.853904,37.059245]]]]}},{"type":"Feature","properties":{"adcode":"140100","name":"太原市"},"geometry":{"type":"MultiPolygon","coordinates":[[[[113.066848,38.05647],[112.919874,38.157143],[113.076699,38.307067],[113.150294,38.328206],[113.121351,38.421305],[113.00345,38.343354],[112.850834,38.306089],[112.796115,38.251011],[112.639984,38.246425],[112.620761,38.20654],[112.569036,38.21064],[112.524947,38.267826],[112.499606,38.237312],[112.274002,38.31391],[112.248009,38.291728],[112.269966,38.267888],[112.234036,38.26159],[112.267753,38.182488],[112.212166,38.143671],[112.01173,38.184202],[111.951326,38.167919],[111.847658,38.229788],[111.547547,38.085344],[111.516868,38.019672],[111.572412,37.931955],[111.580093,37.902713],[111.547113,37.885261],[111.570242,37.852373],[111.747158,37.870509],[111.819843,37.796091],[111.912272,37.792953],[111.974975,37.713159],[112.10277,37.716178],[112.175932,37.674525],[112.174109,37.6355],[112.233776,37.570042],[112.290448,37.566894],[112.273741,37.524046],[112.313446,37.495508],[112.290361,37.48729],[112.33011,37.458923],[112.358967,37.485004],[112.432779,37.458861],[112.508241,37.478639],[112.50976,37.507554],[112.623755,37.525899],[112.579146,37.633896],[112.619502,37.642961],[112.605399,37.666758],[112.705639,37.851205],[112.783878,37.870571],[112.768213,37.939448],[112.825753,38.004149],[112.989174,38.002308],[113.066848,38.05647]]]]}},{"type":"Feature","properties":{"adcode":"140200","name":"大同市"},"geometry":{"type":"MultiPolygon","coordinates":[[[[113.577289,39.438122],[113.899574,39.373019],[113.967181,39.281521],[113.940104,39.20692],[113.961757,39.100823],[114.050801,39.135864],[114.108732,39.052281],[114.349133,39.076768],[114.388187,39.176985],[114.443601,39.174148],[114.474844,39.219228],[114.415959,39.242873],[114.425072,39.285137],[114.568922,39.573967],[114.515374,39.565023],[114.495804,39.608172],[114.431668,39.614051],[114.408148,39.651953],[114.395434,39.867217],[114.221468,39.86118],[114.202071,39.872297],[114.227717,39.8959],[114.047373,39.91615],[114.029451,39.985397],[113.932032,40.009438],[113.975556,40.051057],[113.973864,40.097118],[114.019948,40.102479],[114.043815,40.056898],[114.091157,40.075313],[114.068028,40.179748],[114.406412,40.246172],[114.526439,40.323574],[114.530605,40.345121],[114.446552,40.372891],[114.314418,40.369569],[114.27545,40.458029],[114.282957,40.590796],[114.209318,40.629754],[114.139541,40.739941],[114.072281,40.72153],[114.041818,40.608652],[114.076881,40.575834],[114.06191,40.528855],[113.947784,40.51678],[113.863427,40.456488],[113.794821,40.517964],[113.559888,40.348623],[113.315972,40.32013],[113.247757,40.412983],[112.89297,40.326423],[112.85513,40.218409],[112.750725,40.168026],[112.624319,40.236839],[112.609695,40.218468],[112.622063,40.183377],[112.581967,40.128444],[112.642631,40.034484],[112.596547,39.92045],[112.621021,39.760388],[112.648359,39.74069],[112.820806,39.776788],[112.954068,39.85305],[112.939444,39.912566],[113.122783,39.908325],[113.23552,39.958303],[113.285943,39.948454],[113.4396,39.852154],[113.373208,39.834516],[113.339925,39.776548],[113.41057,39.714818],[113.386139,39.682524],[113.43192,39.58177],[113.577289,39.438122]]]]}},{"type":"Feature","properties":{"adcode":"140300","name":"阳泉市"},"geometry":{"type":"MultiPolygon","coordinates":[[[[113.555548,38.521046],[113.435087,38.520681],[113.145695,38.411664],[113.15663,38.345247],[112.957887,38.21737],[112.919874,38.157143],[113.066848,38.05647],[113.132503,38.082464],[113.198027,38.058248],[113.253832,38.090248],[113.265244,38.033473],[113.335282,37.980767],[113.326082,37.902836],[113.480868,37.70016],[113.670932,37.66306],[113.883301,37.705397],[113.979852,37.675203],[114.043858,37.777444],[113.982543,37.812826],[113.95924,37.906338],[113.872366,37.990342],[113.876271,38.05506],[113.822507,38.150468],[113.731119,38.168347],[113.711722,38.213699],[113.570346,38.237434],[113.54483,38.270516],[113.538017,38.418071],[113.573166,38.44918],[113.555548,38.521046]]]]}},{"type":"Feature","properties":{"adcode":"140400","name":"长治市"},"geometry":{"type":"MultiPolygon","coordinates":[[[[111.996412,36.687148],[112.041585,36.60205],[112.161785,36.512916],[112.202792,36.417914],[112.354887,36.34312],[112.443671,36.342681],[112.506939,36.259213],[112.565521,36.27265],[112.570381,36.132021],[112.49813,36.082508],[112.503337,36.032586],[112.629917,36.062304],[112.687674,36.005],[112.873659,35.97608],[112.880472,35.92691],[113.039684,35.914802],[113.140704,35.871463],[113.199893,35.897835],[113.263465,35.866983],[113.353898,35.881496],[113.389698,35.832899],[113.445198,35.864901],[113.570606,35.826396],[113.661038,35.837255],[113.648888,35.994164],[113.686467,35.986414],[113.661429,36.042913],[113.685773,36.056009],[113.655527,36.125102],[113.713762,36.132964],[113.651665,36.172199],[113.705387,36.20067],[113.677311,36.222535],[113.716235,36.262604],[113.729601,36.381623],[113.708381,36.423365],[113.55442,36.494701],[113.588137,36.562719],[113.477049,36.655232],[113.507034,36.70488],[113.477526,36.697263],[113.4777,36.726416],[113.536195,36.732345],[113.495318,36.807199],[113.378328,36.878928],[113.311936,36.976535],[113.227752,36.931233],[113.008831,36.930486],[112.897613,36.875004],[112.879604,36.970127],[112.738792,37.049659],[112.716835,37.095387],[112.651397,37.120973],[112.59377,37.079733],[112.521389,37.12029],[112.446448,37.116875],[112.551027,36.973985],[112.331889,36.934096],[112.215854,37.017147],[112.061372,36.975478],[112.084024,36.894063],[112.02887,36.886963],[111.988297,36.810628],[111.996412,36.687148]]]]}},{"type":"Feature","properties":{"adcode":"140500","name":"晋城市"},"geometry":{"type":"MultiPolygon","coordinates":[[[[112.058812,35.279909],[112.242715,35.234826],[112.304421,35.25187],[112.288538,35.217524],[112.390731,35.238833],[112.567864,35.211734],[112.618982,35.220068],[112.636686,35.264206],[112.712669,35.186981],[112.822194,35.258102],[112.907073,35.245829],[112.99156,35.302346],[112.999545,35.362316],[113.126558,35.33221],[113.190043,35.44908],[113.304385,35.427001],[113.312327,35.481236],[113.5066,35.516485],[113.547998,35.657577],[113.624848,35.632012],[113.586792,35.744022],[113.604974,35.800127],[113.526344,35.853351],[113.445198,35.864901],[113.389698,35.832899],[113.353898,35.881496],[113.140704,35.871463],[113.039684,35.914802],[112.880472,35.92691],[112.873659,35.97608],[112.687674,36.005],[112.629917,36.062304],[112.532151,36.038317],[112.516963,35.962719],[112.411994,35.905531],[112.163131,35.907108],[112.159312,35.86976],[112.209779,35.847986],[112.186737,35.817304],[112.04536,35.864206],[112.037028,35.722973],[111.94217,35.626948],[111.966731,35.566668],[111.946987,35.506533],[111.974064,35.431443],[112.032776,35.39019],[112.058812,35.279909]]]]}},{"type":"Feature","properties":{"adcode":"140600","name":"朔州市"},"geometry":{"type":"MultiPolygon","coordinates":[[[[112.624319,40.236839],[112.456168,40.300059],[112.310322,40.256394],[111.97619,39.79809],[111.95636,39.687737],[111.923944,39.665742],[111.942734,39.585311],[112.002227,39.537163],[111.895782,39.497395],[111.999753,39.413219],[112.085412,39.253125],[112.182831,39.266631],[112.218675,39.175657],[112.250265,39.18272],[112.274088,39.126985],[112.298866,39.129703],[112.294397,39.099071],[112.331455,39.12475],[112.437726,39.104389],[112.505377,39.140455],[112.638292,39.08523],[112.751029,39.183384],[112.807701,39.173303],[112.921089,39.287126],[113.088632,39.36128],[113.212174,39.295322],[113.380628,39.30171],[113.515062,39.346949],[113.570259,39.452975],[113.383188,39.649195],[113.41057,39.714818],[113.32925,39.80156],[113.4396,39.852154],[113.325214,39.932632],[113.23552,39.958303],[113.122783,39.908325],[112.939444,39.912566],[112.966826,39.868173],[112.820806,39.776788],[112.648359,39.74069],[112.621021,39.760388],[112.596547,39.92045],[112.642631,40.034484],[112.580448,40.154398],[112.622063,40.163742],[112.603186,40.202947],[112.624319,40.236839]]]]}},{"type":"Feature","properties":{"adcode":"140700","name":"晋中市"},"geometry":{"type":"MultiPolygon","coordinates":[[[[113.543528,36.744327],[113.680956,36.790114],[113.696925,36.882291],[113.742055,36.851142],[113.792825,36.894748],[113.761669,36.956065],[113.794952,36.995009],[113.767353,37.144626],[113.831923,37.167527],[113.886425,37.239165],[113.902177,37.309991],[113.959848,37.349001],[114.123268,37.601452],[114.139715,37.67588],[114.068028,37.721537],[113.993,37.684262],[113.883301,37.705397],[113.77243,37.662936],[113.480868,37.70016],[113.332722,37.889255],[113.341747,37.962106],[113.228924,38.091964],[113.198027,38.058248],[113.132503,38.082464],[113.024279,38.0504],[112.938837,37.990526],[112.825753,38.004149],[112.768213,37.939448],[112.783878,37.870571],[112.73762,37.875181],[112.67509,37.811781],[112.667626,37.740198],[112.605399,37.666758],[112.619502,37.642961],[112.579146,37.633896],[112.623755,37.525899],[112.50976,37.507554],[112.508241,37.478639],[112.432779,37.458861],[112.358967,37.485004],[112.263847,37.421331],[112.139611,37.266499],[112.06927,37.317485],[111.942083,37.255406],[111.923337,37.106256],[111.845836,37.034182],[111.680679,36.988043],[111.637286,36.943183],[111.498643,36.991277],[111.570286,36.928868],[111.420577,36.844287],[111.414676,36.804019],[111.461932,36.771902],[111.49912,36.803957],[111.54234,36.788243],[111.546462,36.745512],[111.658331,36.656918],[111.68567,36.661728],[111.672217,36.69539],[111.759526,36.717303],[111.981832,36.677031],[111.988297,36.810628],[112.02887,36.886963],[112.07656,36.883599],[112.062761,36.962412],[112.215854,37.017147],[112.331889,36.934096],[112.542782,36.960234],[112.485633,37.094828],[112.45222,37.104641],[112.521389,37.12029],[112.59377,37.079733],[112.637467,37.106753],[112.716835,37.095387],[112.738792,37.049659],[112.879604,36.970127],[112.897613,36.875004],[113.008831,36.930486],[113.156109,36.921958],[113.153983,36.950589],[113.211089,36.927872],[113.294188,36.977406],[113.372904,36.90714],[113.360971,36.878616],[113.495318,36.807199],[113.543528,36.744327]]]]}},{"type":"Feature","properties":{"adcode":"140800","name":"运城市"},"geometry":{"type":"MultiPolygon","coordinates":[[[[110.57722,35.73688],[110.609332,35.632138],[110.450033,35.327763],[110.374832,35.251934],[110.32085,35.005144],[110.230982,34.880734],[110.229593,34.692646],[110.295508,34.611036],[110.407724,34.589242],[110.48848,34.610779],[110.533176,34.583472],[110.706403,34.603985],[110.749146,34.652235],[110.824304,34.615842],[110.88371,34.644099],[110.91977,34.730221],[110.964032,34.706411],[111.11821,34.756584],[111.148499,34.807494],[111.239842,34.793555],[111.255247,34.819578],[111.395583,34.814975],[111.589422,34.861887],[111.681547,34.95225],[111.669614,34.988176],[111.809515,35.036839],[111.810426,35.063295],[111.963129,35.079291],[112.062153,35.055773],[112.041498,35.189782],[112.079641,35.242395],[112.069096,35.315691],[112.022144,35.353997],[112.032776,35.39019],[111.974064,35.431443],[111.94933,35.393618],[111.89179,35.387905],[111.814245,35.430364],[111.853256,35.511477],[111.902768,35.52333],[111.84384,35.553302],[111.860503,35.599663],[111.612638,35.649984],[111.585213,35.55875],[111.506584,35.574776],[111.296254,35.536194],[111.268135,35.629923],[111.291741,35.669535],[111.347589,35.670737],[111.336784,35.709633],[111.265184,35.679783],[111.196015,35.71937],[111.144854,35.811494],[111.101113,35.812442],[111.002652,35.734099],[110.976356,35.807832],[110.953834,35.719053],[110.91248,35.690408],[110.68475,35.729105],[110.696813,35.765319],[110.656153,35.788189],[110.57722,35.73688]]]]}},{"type":"Feature","properties":{"adcode":"140900","name":"忻州市"},"geometry":{"type":"MultiPolygon","coordinates":[[[[111.93028,39.611411],[111.842538,39.620109],[111.787645,39.589691],[111.501941,39.663104],[111.438108,39.643019],[111.46293,39.624488],[111.426479,39.503404],[111.352449,39.426754],[111.145331,39.409429],[111.119598,39.377233],[111.155398,39.338699],[111.183648,39.350924],[111.179438,39.326773],[111.24748,39.302313],[111.138345,39.064314],[110.983299,38.980342],[111.010116,38.841584],[110.945286,38.729471],[110.949495,38.685841],[111.025087,38.659334],[111.202437,38.72935],[111.276206,38.594301],[111.432771,38.570256],[111.503633,38.483873],[111.505846,38.518975],[111.551757,38.506849],[111.706325,38.598318],[111.749762,38.581884],[111.769029,38.537129],[111.725375,38.514161],[111.793546,38.450827],[111.841149,38.320997],[111.777274,38.292705],[111.779183,38.248015],[111.951326,38.167919],[112.01173,38.184202],[112.214726,38.132401],[112.267753,38.182488],[112.220888,38.250583],[112.269966,38.267888],[112.248009,38.291728],[112.274002,38.31391],[112.620761,38.20654],[112.639984,38.246425],[112.796115,38.251011],[112.850834,38.306089],[112.972207,38.357461],[113.00345,38.343354],[113.085551,38.415753],[113.203018,38.415386],[113.416688,38.517878],[113.555548,38.521046],[113.612871,38.646016],[113.702132,38.651672],[113.709987,38.698301],[113.83956,38.758381],[113.853663,38.810159],[113.776205,38.885665],[113.776726,38.98694],[113.961757,39.100823],[113.940104,39.20692],[113.967181,39.281521],[113.899574,39.373019],[113.586141,39.441249],[113.515062,39.346949],[113.380628,39.30171],[113.225105,39.296407],[113.130073,39.325388],[113.10894,39.361882],[113.054264,39.349659],[112.921089,39.287126],[112.819764,39.174933],[112.751029,39.183384],[112.649965,39.089764],[112.589344,39.088434],[112.505377,39.140455],[112.437726,39.104389],[112.331455,39.12475],[112.294397,39.099071],[112.2635,39.175476],[112.218675,39.175657],[112.182831,39.266631],[112.085412,39.253125],[111.987299,39.448405],[111.914875,39.463256],[111.906023,39.517582],[111.987516,39.526112],[111.93028,39.611411]]]]}},{"type":"Feature","properties":{"adcode":"141000","name":"临汾市"},"geometry":{"type":"MultiPolygon","coordinates":[[[[110.410545,36.899481],[110.376047,36.882291],[110.41406,36.865721],[110.403298,36.772963],[110.416664,36.731908],[110.439966,36.737151],[110.438143,36.685962],[110.394446,36.676844],[110.496812,36.582231],[110.503408,36.48819],[110.473075,36.448487],[110.492125,36.423177],[110.450467,36.132272],[110.57722,35.73688],[110.656153,35.788189],[110.696813,35.765319],[110.67976,35.742569],[110.898681,35.690851],[110.953834,35.719053],[110.976356,35.807832],[111.002652,35.734099],[111.057025,35.741052],[111.126932,35.819703],[111.252774,35.680289],[111.32203,35.71311],[111.347589,35.670737],[111.291741,35.669535],[111.268135,35.629923],[111.296254,35.536194],[111.410336,35.572179],[111.585213,35.55875],[111.604089,35.633151],[111.675559,35.655996],[111.860503,35.599663],[111.84384,35.553302],[111.908843,35.541137],[111.853256,35.511477],[111.814245,35.430364],[111.89179,35.387905],[111.94933,35.393618],[111.972632,35.420339],[111.94217,35.626948],[112.037028,35.722973],[112.035596,35.855939],[112.186737,35.817304],[112.213511,35.829995],[112.144168,35.910387],[112.381878,35.895817],[112.532324,35.984902],[112.490536,36.068725],[112.564783,36.114472],[112.574416,36.263295],[112.472224,36.270829],[112.443671,36.342681],[112.354887,36.34312],[112.212816,36.409642],[112.161785,36.512916],[112.041585,36.60205],[112.019367,36.67828],[111.759526,36.717303],[111.672217,36.69539],[111.68567,36.661728],[111.658331,36.656918],[111.49912,36.803957],[111.461932,36.771902],[111.414676,36.804019],[111.356919,36.754559],[111.229298,36.741207],[111.181087,36.82746],[111.06783,36.85513],[111.080804,36.931109],[110.838928,36.85893],[110.717816,36.932602],[110.661751,36.933723],[110.630334,36.871889],[110.574313,36.861485],[110.410545,36.899481]]]]}},{"type":"Feature","properties":{"adcode":"141100","name":"吕梁市"},"geometry":{"type":"MultiPolygon","coordinates":[[[[112.33011,37.458923],[112.273741,37.524046],[112.294093,37.548745],[112.233776,37.570042],[112.174109,37.6355],[112.175932,37.674525],[112.10277,37.716178],[111.974975,37.713159],[111.912272,37.792953],[111.819843,37.796091],[111.706151,37.878992],[111.570242,37.852373],[111.547113,37.885261],[111.580093,37.902713],[111.516868,38.019672],[111.524158,38.066096],[111.81763,38.214311],[111.777274,38.292705],[111.842364,38.304072],[111.78886,38.387803],[111.793546,38.450827],[111.728759,38.500024],[111.769029,38.537129],[111.749762,38.581884],[111.719256,38.602335],[111.565599,38.511907],[111.522422,38.524763],[111.503633,38.483873],[111.44631,38.56362],[111.276206,38.594301],[111.202437,38.72935],[111.025087,38.659334],[110.949495,38.685841],[110.945286,38.729471],[110.880803,38.626916],[110.919901,38.582067],[110.907664,38.521107],[110.871039,38.510201],[110.87425,38.453693],[110.796836,38.453449],[110.750318,38.369489],[110.577481,38.297228],[110.56724,38.217553],[110.507877,38.184937],[110.522501,37.954922],[110.587982,37.926611],[110.680367,37.790061],[110.755699,37.755037],[110.706577,37.705335],[110.796142,37.66306],[110.763683,37.63957],[110.794927,37.566154],[110.74498,37.450763],[110.648169,37.438151],[110.629683,37.383659],[110.695034,37.34962],[110.690044,37.287071],[110.460491,37.044749],[110.425993,37.040833],[110.450337,37.016463],[110.383207,37.02181],[110.424257,36.963719],[110.410545,36.899481],[110.630334,36.871889],[110.648733,36.92339],[110.717816,36.932602],[110.838928,36.85893],[110.971062,36.89618],[110.989547,36.928245],[110.999224,36.89892],[111.080804,36.931109],[111.06783,36.85513],[111.18508,36.840361],[111.211637,36.748944],[111.325241,36.739959],[111.414676,36.804019],[111.414112,36.832944],[111.584736,36.918783],[111.498643,36.991277],[111.637286,36.943183],[111.845836,37.034182],[111.951239,37.179441],[111.942083,37.255406],[112.04549,37.280008],[112.06927,37.317485],[112.12169,37.274493],[112.33011,37.458923]]]]}},{"type":"Feature","properties":{"adcode":"150100","name":"呼和浩特市"},"geometry":{"type":"MultiPolygon","coordinates":[[[[111.033539,40.288195],[111.315634,40.151256],[111.420263,40.021758],[111.443096,39.894299],[111.370549,39.789134],[111.363613,39.721694],[111.442807,39.669176],[111.438183,39.643078],[111.646574,39.644313],[111.787621,39.589617],[111.842537,39.620146],[111.92838,39.610265],[111.970578,39.796349],[112.31019,40.256389],[112.270014,40.357869],[112.235909,40.355077],[112.264523,40.388406],[112.225214,40.448565],[112.053819,40.558109],[112.098619,40.583511],[112.047171,40.644017],[112.115383,40.658961],[112.130412,40.697696],[112.093416,40.740748],[112.151222,40.762957],[112.18764,40.85016],[112.12521,40.961468],[112.04168,40.969423],[112.034454,41.047373],[111.883869,41.129199],[111.853809,41.224533],[111.828086,41.222983],[111.840514,41.252263],[111.730971,41.310955],[111.35552,41.313192],[111.279505,41.290307],[111.23615,41.24038],[110.966195,41.348106],[110.950587,41.318697],[110.887,41.334865],[110.823703,41.357734],[110.828905,41.383173],[110.742196,41.385579],[110.633809,41.317321],[110.582073,41.331769],[110.519353,41.285144],[110.654619,41.166625],[110.64537,41.101935],[110.677742,41.053764],[110.628607,40.989135],[110.645659,40.919944],[110.712426,40.939325],[110.745086,40.918905],[110.713004,40.810127],[110.783816,40.793829],[110.807806,40.615162],[110.880064,40.586468],[110.843068,40.53531],[110.908678,40.481848],[110.959547,40.496306],[111.035851,40.423113],[111.083542,40.425729],[111.115046,40.331335],[111.034117,40.315445],[111.033539,40.288195]]]]}},{"type":"Feature","properties":{"adcode":"150200","name":"包头市"},"geometry":{"type":"MultiPolygon","coordinates":[[[[111.425754,41.318869],[111.385001,41.379908],[111.430668,41.416847],[111.437316,41.530454],[111.349161,41.646771],[111.243665,41.669702],[111.062153,41.798234],[110.795667,42.1738],[110.730057,42.442781],[110.639301,42.491778],[110.434956,42.692434],[110.339865,42.738543],[110.108351,42.642751],[109.906029,42.635843],[109.684053,42.55896],[109.544162,42.472353],[109.383172,42.447683],[109.433752,42.427567],[109.539248,42.147314],[109.37479,41.932984],[109.283745,41.88611],[109.364963,41.766296],[109.34184,41.742545],[109.4193,41.651563],[109.449071,41.506445],[109.66411,41.49924],[109.626247,41.433849],[109.698794,41.379736],[109.695614,41.322653],[109.627981,41.310095],[109.61931,41.280325],[109.721916,41.138514],[109.677694,41.104351],[109.691857,41.041327],[109.812961,41.002101],[109.900826,40.882377],[109.780878,40.754803],[109.481731,40.748557],[109.41352,40.704989],[109.435775,40.50902],[109.512368,40.513025],[109.576822,40.556543],[109.700817,40.482371],[109.903139,40.529391],[110.162688,40.508671],[110.178585,40.550974],[110.238415,40.530087],[110.252288,40.486377],[110.297955,40.494042],[110.313852,40.444731],[110.36501,40.460765],[110.434378,40.396779],[110.485247,40.395558],[110.496519,40.366944],[110.514439,40.39172],[110.556638,40.334653],[110.642769,40.301472],[110.691904,40.321208],[110.771099,40.305489],[110.768787,40.273343],[110.802603,40.26041],[110.925442,40.246775],[110.965617,40.276663],[110.977178,40.253418],[111.034117,40.315445],[111.115046,40.331335],[111.106664,40.381078],[111.083542,40.425729],[111.035851,40.423113],[110.959547,40.496306],[110.908678,40.481848],[110.843068,40.53531],[110.880064,40.586468],[110.807806,40.615162],[110.783816,40.793829],[110.713004,40.810127],[110.745086,40.918905],[110.712426,40.939325],[110.645659,40.919944],[110.628607,40.989135],[110.677742,41.053764],[110.64537,41.101935],[110.654619,41.166625],[110.519353,41.285144],[110.742196,41.385579],[110.828905,41.383173],[110.823703,41.357734],[110.950587,41.318697],[110.966195,41.348106],[111.011284,41.335381],[111.034984,41.299772],[111.102618,41.308375],[111.23615,41.24038],[111.279505,41.290307],[111.425754,41.318869]]]]}},{"type":"Feature","properties":{"adcode":"150300","name":"乌海市"},"geometry":{"type":"MultiPolygon","coordinates":[[[[106.749809,39.858442],[106.759925,39.711476],[106.79432,39.6898],[106.769752,39.633906],[106.639688,39.57426],[106.620034,39.499541],[106.752988,39.431464],[106.751254,39.381558],[106.806748,39.318683],[106.796054,39.214238],[106.853571,39.116568],[106.993751,39.036555],[107.078438,39.047406],[107.136533,39.280044],[107.05965,39.222933],[106.942882,39.299189],[106.964848,39.450037],[106.940859,39.584322],[106.887677,39.677638],[106.915713,39.704075],[106.878139,39.805675],[106.966293,39.859496],[106.963403,39.911343],[106.778134,39.812537],[106.769174,39.866353],[106.749809,39.858442]]]]}},{"type":"Feature","properties":{"adcode":"150400","name":"赤峰市"},"geometry":{"type":"MultiPolygon","coordinates":[[[[120.883141,42.269803],[120.569832,42.540399],[120.564918,42.598594],[120.396702,42.885562],[120.428495,42.986508],[120.386586,42.985336],[120.348434,43.058511],[120.768396,43.41127],[120.744984,43.429736],[120.422137,43.379815],[120.602781,43.425744],[120.762037,43.554856],[120.984591,43.650887],[120.786894,43.8144],[120.774755,43.935423],[120.69267,44.036938],[120.745273,44.113618],[120.653362,44.185764],[120.645558,44.23518],[120.454508,44.262579],[120.378204,44.386453],[120.312016,44.418363],[120.286292,44.517742],[120.159407,44.6088],[120.180218,44.635047],[120.126169,44.647595],[119.925581,44.846865],[119.757943,44.922651],[119.656782,45.102545],[119.492035,45.223989],[119.337692,45.252375],[119.307633,45.191393],[119.361682,45.165722],[119.370063,45.100605],[119.342316,45.076188],[119.215721,45.153125],[119.159071,45.10012],[119.229883,45.023112],[119.15329,44.99364],[119.230172,44.935624],[119.224392,44.909838],[119.081321,44.937407],[119.067448,44.872355],[119.182193,44.776996],[119.125832,44.762199],[119.148377,44.731779],[119.065714,44.710623],[118.928713,44.717296],[119.000971,44.652484],[118.967154,44.542234],[118.782463,44.453524],[118.609912,44.463824],[118.403254,44.307669],[118.246311,44.326187],[118.245154,44.235344],[118.211627,44.257002],[118.142837,44.207604],[118.113934,44.130882],[118.063932,44.102764],[117.92433,44.126936],[117.78993,44.019811],[117.699753,44.017176],[117.64397,44.042865],[117.686457,44.09602],[117.522866,44.22681],[117.206377,44.220245],[117.120823,44.179523],[116.961567,44.024917],[117.031802,43.942845],[116.999719,43.912492],[117.001164,43.78266],[117.054346,43.753383],[116.972261,43.673587],[116.858672,43.657516],[116.813583,43.612924],[116.830925,43.507032],[116.790172,43.484103],[116.621956,43.505204],[116.60577,43.419921],[116.436687,43.328687],[116.414142,43.256835],[116.37021,43.243489],[116.356625,43.157002],[116.504031,43.049306],[116.500852,43.01532],[116.639876,42.952487],[116.67427,42.88959],[116.673981,42.761417],[116.588139,42.599943],[116.63554,42.614777],[116.669646,42.555923],[116.69826,42.59539],[116.801444,42.583081],[116.820809,42.546981],[116.885841,42.534661],[116.893645,42.387825],[117.098568,42.484009],[117.413034,42.47117],[117.415346,42.515587],[117.387021,42.517444],[117.473441,42.602471],[117.667381,42.582406],[117.779814,42.618654],[117.997744,42.416746],[118.016242,42.333329],[118.059885,42.29827],[117.96913,42.245562],[118.106419,42.171933],[118.088789,42.11708],[118.155266,42.081221],[118.125206,42.032925],[118.189082,42.030543],[118.226656,42.09023],[118.296891,42.048404],[118.23764,42.022887],[118.313944,41.988167],[118.30614,41.93997],[118.268855,41.930088],[118.340246,41.872467],[118.292266,41.772787],[118.16596,41.813258],[118.130698,41.742375],[118.230414,41.582214],[118.301515,41.569707],[118.315678,41.512448],[118.272034,41.471273],[118.32695,41.450847],[118.380132,41.31216],[118.519156,41.353952],[118.741999,41.324029],[118.839691,41.374236],[118.89085,41.300804],[119.197801,41.282907],[119.296361,41.325233],[119.330755,41.385063],[119.309945,41.406025],[119.376422,41.422171],[119.403302,41.47522],[119.361971,41.566451],[119.414863,41.562338],[119.416019,41.590095],[119.307922,41.657553],[119.317749,41.763221],[119.29347,41.792257],[119.334513,41.869397],[119.324686,41.969267],[119.374399,42.021015],[119.385093,42.08955],[119.237976,42.200954],[119.28451,42.265227],[119.431916,42.316564],[119.50244,42.387994],[119.572096,42.359398],[119.541459,42.292171],[119.642331,42.240644],[119.846676,42.215204],[119.84552,42.097199],[119.954484,41.968245],[119.954484,41.920374],[120.050443,41.776033],[120.036858,41.708015],[120.09611,41.69707],[120.138308,41.729214],[120.127036,41.772616],[120.251608,41.883893],[120.300455,41.888156],[120.260279,41.904182],[120.28687,41.934858],[120.456531,42.016251],[120.450751,42.057248],[120.493527,42.072551],[120.466647,42.105356],[120.829382,42.252513],[120.883719,42.242679],[120.883141,42.269803]]]]}},{"type":"Feature","properties":{"adcode":"150500","name":"通辽市"},"geometry":{"type":"MultiPolygon","coordinates":[[[[120.883141,42.269803],[121.069277,42.252682],[121.385188,42.473029],[121.570168,42.48688],[121.607742,42.516094],[121.666127,42.437203],[121.711215,42.443626],[121.828851,42.531961],[121.869315,42.52791],[121.921341,42.60618],[121.916139,42.657239],[121.992443,42.70489],[122.060943,42.723402],[122.19621,42.690918],[122.203724,42.732151],[122.341303,42.671218],[122.398531,42.686709],[122.46154,42.758054],[122.374831,42.774868],[122.349974,42.821589],[122.436973,42.842921],[122.563857,42.825957],[122.625132,42.773187],[122.732362,42.786468],[122.84653,42.720204],[122.887283,42.770161],[123.058389,42.769152],[123.227473,42.83234],[123.171112,42.851653],[123.184118,42.925994],[123.259555,42.993377],[123.471993,43.042778],[123.572576,43.004601],[123.667956,43.18089],[123.646279,43.213282],[123.676916,43.224132],[123.703796,43.370659],[123.608705,43.366329],[123.486734,43.445369],[123.419967,43.410105],[123.375746,43.476624],[123.315916,43.492079],[123.304644,43.550706],[123.452339,43.545726],[123.421123,43.598329],[123.510434,43.592192],[123.537314,43.649727],[123.482687,43.73783],[123.49685,43.785636],[123.468236,43.853062],[123.375168,43.965599],[123.400891,43.97928],[123.332391,44.028375],[123.328344,44.083846],[123.38644,44.161944],[123.32372,44.179851],[123.196835,44.345027],[123.127179,44.368773],[123.124867,44.509576],[123.024862,44.492913],[122.760687,44.369755],[122.675423,44.285703],[122.483218,44.236985],[122.163838,44.255361],[121.934347,44.343553],[121.882611,44.402165],[121.77856,44.446657],[121.651097,44.563289],[121.595892,44.659327],[121.548491,44.667635],[121.530282,44.720388],[121.409178,44.790977],[121.401663,44.851412],[121.033437,44.998337],[120.973897,45.118548],[120.947017,45.121296],[120.967827,45.18429],[120.835162,45.216084],[120.82678,45.253665],[120.74325,45.260114],[120.554513,45.357568],[120.559426,45.416925],[120.497285,45.46337],[120.435143,45.464494],[120.327624,45.55037],[120.165766,45.594942],[119.994949,45.578753],[120.031078,45.498379],[119.998706,45.482322],[119.906794,45.505763],[119.918934,45.558229],[119.791182,45.564162],[119.565448,45.65581],[119.49637,45.55037],[119.304453,45.468189],[119.313413,45.385565],[119.248092,45.303627],[119.322084,45.246086],[119.492035,45.223989],[119.656782,45.102545],[119.757943,44.922651],[119.925581,44.846865],[120.126169,44.647595],[120.180218,44.635047],[120.159407,44.6088],[120.286292,44.517742],[120.312016,44.418363],[120.378204,44.386453],[120.454508,44.262579],[120.645558,44.23518],[120.653362,44.185764],[120.745273,44.113618],[120.69267,44.036938],[120.774755,43.935423],[120.786894,43.8144],[120.984591,43.650887],[120.762037,43.554856],[120.602781,43.425744],[120.422137,43.379815],[120.744984,43.429736],[120.768396,43.41127],[120.348434,43.058511],[120.386586,42.985336],[120.428495,42.986508],[120.396702,42.885562],[120.564918,42.598594],[120.569832,42.540399],[120.883141,42.269803]]]]}},{"type":"Feature","properties":{"adcode":"150600","name":"鄂尔多斯市"},"geometry":{"type":"MultiPolygon","coordinates":[[[[106.967161,39.054699],[106.954443,38.941133],[106.702697,38.70827],[106.648648,38.472675],[106.601825,38.392475],[106.482455,38.319555],[106.555291,38.263827],[106.945194,38.131707],[107.190293,38.154044],[107.440015,37.995016],[107.41169,37.949155],[107.981949,37.78733],[108.013164,37.665591],[108.133979,37.622065],[108.246412,37.665773],[108.301039,37.640748],[108.532553,37.690607],[108.611169,37.654168],[108.777651,37.683538],[108.826787,37.995197],[108.797595,38.047884],[108.882859,38.013786],[108.935751,37.921697],[109.069573,38.022988],[109.068995,38.091159],[108.947313,38.170612],[108.938931,38.209496],[109.052231,38.428549],[109.276808,38.622965],[109.331435,38.597909],[109.367564,38.629765],[109.328834,38.660533],[109.338661,38.701478],[109.40167,38.716313],[109.450805,38.788832],[109.624513,38.854501],[109.683764,38.93561],[109.665266,38.981738],[109.860073,39.124386],[109.922215,39.106971],[109.89389,39.141264],[109.960945,39.191874],[109.869033,39.24972],[109.902849,39.271888],[109.962679,39.211931],[110.010947,39.208559],[110.217604,39.281108],[110.136676,39.391826],[110.152572,39.453928],[110.243328,39.42368],[110.391023,39.311772],[110.430042,39.379257],[110.482646,39.360665],[110.524266,39.382798],[110.626294,39.266746],[110.702888,39.273838],[110.890758,39.508907],[111.136723,39.58697],[111.148863,39.532229],[111.058396,39.447738],[111.108109,39.356592],[111.172274,39.423326],[111.352341,39.426688],[111.426622,39.503429],[111.442807,39.669176],[111.363613,39.721694],[111.370549,39.789134],[111.443096,39.894299],[111.420263,40.021758],[111.315634,40.151256],[111.237306,40.16911],[111.114757,40.256564],[111.033539,40.288195],[110.925442,40.246775],[110.802603,40.26041],[110.768787,40.273343],[110.771099,40.305489],[110.691904,40.321208],[110.642769,40.301472],[110.556638,40.334653],[110.514439,40.39172],[110.496519,40.366944],[110.485247,40.395558],[110.434378,40.396779],[110.36501,40.460765],[110.313852,40.444731],[110.297955,40.494042],[110.252288,40.486377],[110.238415,40.530087],[110.178585,40.550974],[110.162688,40.508671],[109.903139,40.529391],[109.700817,40.482371],[109.576822,40.556543],[109.512368,40.513025],[109.435775,40.50902],[109.410051,40.456583],[109.319296,40.501009],[109.227673,40.485855],[109.223915,40.519119],[109.079111,40.54906],[108.97795,40.527476],[108.826209,40.566984],[108.774472,40.550104],[108.776206,40.612554],[108.604522,40.656181],[108.562034,40.728078],[108.481105,40.735889],[108.436595,40.794003],[108.234562,40.820354],[108.223579,40.853625],[108.171553,40.86731],[108.000736,40.845309],[107.855353,40.874238],[107.820669,40.836472],[107.758528,40.861767],[107.735983,40.814981],[107.698409,40.8129],[107.696386,40.768508],[107.613145,40.778221],[107.529904,40.702385],[107.487127,40.712108],[107.38481,40.643669],[107.285673,40.649404],[107.226999,40.559502],[107.164858,40.574291],[107.1611,40.525387],[107.203299,40.506059],[107.155031,40.451877],[107.171795,40.39015],[107.044332,40.328891],[107.022655,40.258312],[106.729288,40.047362],[106.720328,39.915559],[106.778134,39.812537],[106.963403,39.911343],[106.966293,39.859496],[106.878139,39.805675],[106.915713,39.704075],[106.887677,39.677638],[106.940859,39.584322],[106.964848,39.450037],[106.942882,39.299189],[107.052136,39.238368],[107.136533,39.280044],[107.078438,39.047406],[106.967161,39.054699]]]]}},{"type":"Feature","properties":{"adcode":"150700","name":"呼伦贝尔市"},"geometry":{"type":"Polygon","coordinates":[[[122.418186,47.350378],[122.079441,47.182519],[121.760062,47.280968],[121.673352,47.250349],[121.648496,47.177693],[121.436058,47.183453],[121.255124,47.113356],[121.099048,47.152155],[120.976787,47.096207],[120.876494,47.149818],[120.823023,47.145612],[120.738048,47.218312],[120.626482,47.241953],[120.633129,47.307687],[120.736314,47.379389],[120.578503,47.50734],[120.60307,47.533172],[120.323866,47.607964],[120.264904,47.658127],[120.013158,47.554817],[119.907661,47.569963],[119.770372,47.438601],[119.661696,47.408848],[119.616318,47.36093],[119.483364,47.338118],[119.322084,47.427136],[119.365728,47.477472],[119.152134,47.540594],[119.134214,47.664451],[118.773214,47.771085],[118.568002,47.99213],[118.27637,48.009294],[118.240241,48.040544],[117.813342,48.016189],[117.384131,47.641154],[117.094811,47.824013],[116.791328,47.897621],[116.452872,47.837544],[116.265869,47.876733],[116.110949,47.811709],[115.938975,47.683113],[115.580577,47.921725],[115.529418,48.15527],[115.822785,48.259371],[115.799373,48.515059],[116.078288,48.822421],[116.048518,48.873516],[116.717914,49.847283],[117.069087,49.695514],[117.278056,49.636364],[117.485003,49.6331],[117.809585,49.521268],[117.866524,49.59214],[118.082719,49.616631],[118.118848,49.666466],[118.205846,49.684697],[118.220876,49.730022],[118.388514,49.785952],[118.385334,49.826898],[118.469732,49.825715],[118.572916,49.930952],[119.092016,49.985915],[119.188263,50.054493],[119.191731,50.088745],[119.234797,50.074782],[119.290291,50.121651],[119.359658,50.197074],[119.318616,50.220381],[119.386827,50.321685],[119.358502,50.358961],[119.195489,50.349316],[119.155602,50.364659],[119.176702,50.378683],[119.146064,50.411098],[119.206761,50.410368],[119.264567,50.469447],[119.238265,50.505587],[119.299251,50.583893],[119.282487,50.60483],[119.496659,50.745478],[119.515735,50.814124],[119.491457,50.878913],[119.764302,51.092594],[119.785112,51.163603],[119.760255,51.213272],[119.82153,51.21442],[119.810836,51.278508],[119.879336,51.2967],[119.883961,51.336926],[119.945813,51.365965],[119.912864,51.375259],[119.922113,51.396557],[119.971248,51.400415],[120.002464,51.459392],[119.985989,51.505748],[120.046685,51.545364],[120.035124,51.585799],[120.102179,51.650221],[120.094375,51.682043],[120.172414,51.679912],[120.496996,51.88735],[120.660876,51.929457],[120.71955,52.010171],[120.686022,52.034976],[120.785738,52.165542],[120.747008,52.20402],[120.758569,52.256346],[120.628505,52.322753],[120.624169,52.361514],[120.688045,52.427623],[120.692959,52.518309],[120.73429,52.536842],[120.437166,52.639675],[120.185998,52.579312],[120.080502,52.585436],[120.035124,52.646346],[120.070675,52.707587],[120.031367,52.772762],[120.187732,52.807943],[120.296986,52.869926],[120.541507,53.070346],[120.642089,53.105149],[120.690936,53.172611],[120.840076,53.241063],[120.822734,53.270112],[121.096735,53.307354],[121.129396,53.277371],[121.234603,53.280932],[121.329405,53.322816],[121.499356,53.337178],[121.678844,53.241337],[121.665259,53.170551],[121.753125,53.147342],[121.814978,53.069108],[121.610344,52.892317],[121.620171,52.851119],[121.591268,52.824693],[121.182289,52.596289],[121.325648,52.572631],[121.518721,52.456663],[121.640114,52.444379],[121.678844,52.419801],[121.658612,52.390318],[121.714106,52.318133],[121.841279,52.282697],[121.947643,52.298387],[122.16933,52.51357],[122.207771,52.469222],[122.310377,52.475222],[122.34217,52.414074],[122.416451,52.37424],[122.439863,52.393672],[122.484085,52.341508],[122.478304,52.296286],[122.787278,52.252701],[122.738143,52.153458],[122.629178,52.136592],[122.625132,52.067513],[122.683805,51.974489],[122.726293,51.978862],[122.706061,51.890177],[122.77196,51.779499],[122.749993,51.747746],[122.856357,51.606714],[122.832656,51.581672],[122.873988,51.561172],[122.854623,51.477655],[123.014457,51.310017],[123.059257,51.321899],[123.294239,51.254145],[123.661886,51.31918],[123.711022,51.398272],[123.842531,51.367538],[123.926061,51.30071],[124.239371,51.344653],[124.271453,51.308299],[124.406431,51.27206],[124.443716,51.358099],[124.49025,51.380406],[124.624649,51.328626],[124.693438,51.332777],[124.783616,51.392269],[124.864545,51.379691],[124.942583,51.447403],[124.92871,51.498477],[125.047502,51.529693],[125.072936,51.553482],[125.05993,51.596756],[125.12843,51.659031],[125.130453,51.635439],[125.351562,51.623923],[125.695509,51.337785],[125.764299,51.261169],[125.75794,51.227331],[125.851875,51.212555],[125.868928,51.140328],[125.990032,51.119199],[125.976158,51.084538],[126.057087,51.045242],[126.033676,51.010525],[126.068359,50.96785],[125.996391,50.871542],[125.958817,50.900296],[125.945521,50.855495],[125.906791,50.855206],[125.920375,50.831343],[125.831932,50.784882],[125.840025,50.756202],[125.805341,50.772717],[125.758518,50.747217],[125.825284,50.70488],[125.787421,50.678037],[125.829331,50.561637],[125.632211,50.443928],[125.561977,50.438239],[125.574694,50.401318],[125.513131,50.409346],[125.530473,50.331043],[125.442896,50.26169],[125.464573,50.229905],[125.33422,50.164953],[125.375841,50.137362],[125.313121,50.139417],[125.257627,50.100794],[125.337689,50.059639],[125.256182,50.039049],[125.296646,50.009472],[125.189994,49.959841],[125.24173,49.866775],[125.177855,49.829409],[125.222943,49.798964],[125.219764,49.669135],[125.127274,49.65505],[125.226412,49.596],[125.235661,49.54089],[125.212538,49.541336],[125.263986,49.46146],[125.277281,49.380409],[125.214851,49.280251],[125.219475,49.189023],[125.117447,49.125961],[125.039409,49.151885],[125.039987,49.176297],[124.906454,49.183933],[124.80934,49.115918],[124.828994,49.071974],[124.808184,49.020481],[124.744308,48.920496],[124.711936,48.921248],[124.697196,48.84187],[124.65413,48.834333],[124.601816,48.632356],[124.518575,48.554188],[124.555571,48.467851],[124.508748,48.448257],[124.52002,48.374521],[124.57956,48.297479],[124.512505,48.164589],[124.531003,48.148699],[124.416258,48.087995],[124.476954,48.164131],[124.410477,48.190401],[124.428397,48.230085],[124.318854,48.347128],[124.31423,48.50383],[124.259025,48.536447],[124.083294,48.438533],[123.537603,48.021858],[123.289036,47.943209],[123.161863,47.782014],[122.857513,47.678332],[122.593049,47.547087],[122.505762,47.400477],[122.418186,47.350378]],[[124.342555,50.188129],[124.364232,50.36086],[124.439958,50.385548],[124.416547,50.449616],[124.444872,50.476298],[124.43331,50.546649],[124.315964,50.532674],[124.084161,50.568621],[124.087051,50.539953],[123.983578,50.510248],[124.005255,50.434592],[123.92028,50.372987],[123.840508,50.411536],[123.825767,50.449471],[123.780389,50.437072],[123.777788,50.344492],[123.870278,50.273987],[123.862763,50.226389],[123.954097,50.186956],[124.007568,50.219355],[124.061905,50.19898],[124.283014,50.230785],[124.286483,50.189595],[124.342555,50.188129]]]}},{"type":"Feature","properties":{"adcode":"150800","name":"巴彦淖尔市"},"geometry":{"type":"MultiPolygon","coordinates":[[[[106.866867,40.16806],[107.022655,40.258312],[107.044332,40.328891],[107.171795,40.39015],[107.155031,40.451877],[107.203299,40.506059],[107.1611,40.525387],[107.164858,40.574291],[107.226999,40.559502],[107.285673,40.649404],[107.38481,40.643669],[107.487127,40.712108],[107.529904,40.702385],[107.613145,40.778221],[107.696386,40.768508],[107.698409,40.8129],[107.735983,40.814981],[107.758528,40.861767],[107.820669,40.836472],[107.855353,40.874238],[107.914605,40.848774],[108.223579,40.853625],[108.234562,40.820354],[108.436595,40.794003],[108.658282,40.635327],[108.776206,40.612554],[108.774472,40.550104],[108.826209,40.566984],[108.97795,40.527476],[109.079111,40.54906],[109.223915,40.519119],[109.227673,40.485855],[109.319296,40.501009],[109.410051,40.456583],[109.438955,40.608554],[109.405427,40.630112],[109.41352,40.704989],[109.481731,40.748557],[109.780878,40.754803],[109.900826,40.882377],[109.812961,41.002101],[109.691857,41.041327],[109.677694,41.104351],[109.721916,41.138514],[109.61931,41.280325],[109.627981,41.310095],[109.695614,41.322653],[109.698794,41.379736],[109.626247,41.433849],[109.66411,41.49924],[109.449071,41.506445],[109.4193,41.651563],[109.277386,41.869909],[109.37479,41.932984],[109.539248,42.147314],[109.433752,42.427567],[109.02564,42.458498],[108.845574,42.395776],[108.23803,42.460357],[107.939172,42.403725],[107.574415,42.413026],[107.466317,42.458836],[107.304171,42.412688],[107.271799,42.364137],[106.613097,42.241831],[105.741669,41.94934],[105.291647,41.749894],[105.233841,41.75109],[105.201469,41.542798],[105.222858,41.396748],[105.317082,41.201273],[105.317949,41.113325],[105.379224,41.059636],[105.398589,40.983949],[105.704384,40.810127],[106.18273,40.704642],[106.299788,40.592033],[106.479565,40.555151],[106.498352,40.483416],[106.374069,40.491952],[106.281001,40.539661],[106.279266,40.509368],[106.209321,40.516333],[106.328402,40.346698],[106.468004,40.325573],[106.521186,40.37375],[106.60327,40.386836],[106.813685,40.369911],[106.705587,40.262332],[106.740271,40.196408],[106.866867,40.16806]]]]}},{"type":"Feature","properties":{"adcode":"150900","name":"乌兰察布市"},"geometry":{"type":"MultiPolygon","coordinates":[[[[112.31019,40.256389],[112.45615,40.300074],[112.750673,40.16806],[112.848655,40.207079],[112.892876,40.326446],[113.039704,40.370086],[113.251275,40.413348],[113.316018,40.32016],[113.387698,40.319112],[113.55996,40.348619],[113.794942,40.5179],[113.851014,40.460591],[113.948707,40.517378],[114.062007,40.528869],[114.076748,40.575856],[114.041775,40.608728],[114.06403,40.707073],[114.134554,40.737798],[114.044665,40.8311],[114.073568,40.857263],[114.041486,40.917348],[113.820377,41.10159],[113.996686,41.192483],[114.01634,41.232113],[113.992351,41.269824],[113.97154,41.239519],[113.899572,41.316288],[113.948707,41.392109],[113.871247,41.413412],[113.92992,41.484486],[114.032237,41.529597],[114.23109,41.513648],[114.228778,41.620922],[114.259415,41.623319],[114.215194,41.684756],[114.237449,41.69861],[114.203054,41.793453],[114.352483,41.953939],[114.509427,41.972502],[114.466073,42.038028],[114.510872,42.110963],[114.565788,42.133728],[114.755393,42.115891],[114.807129,42.149522],[114.809153,42.200275],[114.676487,42.197899],[114.686603,42.262345],[114.575326,42.297762],[114.525613,42.235218],[114.405665,42.199596],[114.465495,42.170914],[114.479079,42.114192],[114.377051,42.109774],[114.375895,42.149692],[114.291209,42.191451],[114.226755,42.134917],[114.100159,42.125914],[114.065186,42.043982],[114.10594,41.9834],[113.955066,41.950702],[113.913156,41.985954],[113.916046,42.050105],[113.743206,42.083431],[113.709678,42.129821],[113.644646,42.109434],[113.372379,42.143748],[113.149536,41.976078],[113.17208,41.950191],[113.086527,41.932814],[113.042305,41.985954],[112.939699,42.018293],[112.856169,42.11708],[112.737956,42.144597],[112.689976,42.254547],[112.637084,42.28048],[112.654715,42.316056],[112.397766,42.387656],[112.178391,42.511029],[112.180704,42.53483],[112.028962,42.584598],[111.752649,42.987681],[111.658424,43.02386],[111.503504,43.178719],[111.379798,43.18256],[111.215629,43.276849],[111.150886,43.380315],[111.069668,43.358003],[110.736415,43.089631],[110.631497,42.936056],[110.339865,42.738543],[110.434956,42.692434],[110.639301,42.491778],[110.730057,42.442781],[110.795667,42.1738],[111.062153,41.798234],[111.243665,41.669702],[111.349161,41.646771],[111.437316,41.530454],[111.430668,41.416847],[111.385001,41.379908],[111.425754,41.318869],[111.730971,41.310955],[111.840514,41.252263],[111.828086,41.222983],[111.853809,41.224533],[111.883869,41.129199],[112.034454,41.047373],[112.04168,40.969423],[112.12521,40.961468],[112.181571,40.81082],[112.093416,40.740748],[112.130412,40.697696],[112.115383,40.658961],[112.047171,40.644017],[112.098619,40.583511],[112.053819,40.558109],[112.225214,40.448565],[112.264523,40.388406],[112.235909,40.355077],[112.270014,40.357869],[112.31019,40.256389]]]]}},{"type":"Feature","properties":{"adcode":"152200","name":"兴安盟"},"geometry":{"type":"MultiPolygon","coordinates":[[[[122.271358,44.25569],[122.286098,44.477717],[122.228003,44.480168],[122.195921,44.559862],[122.131756,44.577485],[122.103142,44.673987],[122.161526,44.728199],[122.102853,44.736335],[122.110656,44.76789],[122.169041,44.770167],[122.114992,44.776671],[122.049671,44.912758],[122.079152,44.914217],[122.109789,45.141978],[122.143317,45.182999],[122.230026,45.206887],[122.238986,45.276234],[122.147363,45.295571],[122.163549,45.443768],[122.002559,45.50785],[121.96643,45.596064],[122.003426,45.623302],[121.970187,45.692779],[121.867003,45.71981],[121.714106,45.701738],[121.644449,45.752422],[121.754281,45.794917],[121.81729,45.875664],[121.809197,45.961548],[121.761796,45.998951],[121.845037,46.023448],[122.040133,45.959001],[122.09158,45.882042],[122.200834,45.856844],[122.262687,45.794917],[122.337546,45.860035],[122.373097,45.856047],[122.362114,45.917428],[122.445933,45.91695],[122.495935,45.85828],[122.505762,45.786293],[122.554897,45.82142],[122.640739,45.771118],[122.671377,45.700618],[122.7419,45.705097],[122.792481,45.766165],[122.752305,45.834827],[122.82861,45.912328],[122.793059,46.073205],[123.112438,46.13006],[123.1029,46.171949],[123.178626,46.248029],[123.011566,46.434928],[123.007231,46.576966],[123.052898,46.580114],[123.045672,46.617255],[123.077755,46.622132],[123.22834,46.5883],[123.279209,46.61694],[123.277475,46.661601],[123.604658,46.690046],[123.631827,46.729466],[123.629226,46.81355],[123.580091,46.827969],[123.625758,46.84771],[123.605525,46.891241],[123.576911,46.890615],[123.562749,46.825931],[123.514192,46.826088],[123.483843,46.844734],[123.527776,46.958035],[123.427482,46.934425],[123.301754,46.999759],[123.304066,46.964913],[123.360427,46.971009],[123.404649,46.935519],[123.374589,46.837684],[123.230941,46.859928],[123.171112,46.743907],[123.026596,46.718789],[122.907226,46.807906],[122.895376,46.960224],[122.797394,46.938178],[122.77485,46.973979],[122.852021,47.072346],[122.610969,47.129876],[122.418186,47.350378],[122.079441,47.182519],[121.760062,47.280968],[121.673352,47.250349],[121.648496,47.177693],[121.436058,47.183453],[121.255124,47.113356],[121.099048,47.152155],[120.976787,47.096207],[120.876494,47.149818],[120.823023,47.145612],[120.738048,47.218312],[120.626482,47.241953],[120.633129,47.307687],[120.736314,47.379389],[120.578503,47.50734],[120.60307,47.533172],[120.323866,47.607964],[120.264904,47.658127],[120.013158,47.554817],[119.907661,47.569963],[119.770372,47.438601],[119.661696,47.408848],[119.616318,47.36093],[119.483364,47.338118],[119.561113,47.301164],[119.565159,47.249727],[119.716034,47.195594],[119.859682,46.917062],[119.928761,46.903762],[119.935119,46.712822],[119.911708,46.669775],[119.952172,46.604196],[119.907372,46.537277],[119.948993,46.493617],[119.909685,46.428929],[119.984544,46.418825],[119.837716,46.375544],[119.874134,46.34567],[119.838005,46.320683],[119.835693,46.235357],[119.889163,46.210161],[119.858237,46.184795],[119.879336,46.144344],[119.807946,45.991313],[119.829912,45.974602],[119.807946,45.820941],[119.700426,45.736598],[119.681639,45.669576],[119.565448,45.65581],[119.791182,45.564162],[119.918934,45.558229],[119.906794,45.505763],[119.998706,45.482322],[120.031078,45.498379],[119.994949,45.578753],[120.165766,45.594942],[120.327624,45.55037],[120.435143,45.464494],[120.497285,45.46337],[120.559426,45.416925],[120.554513,45.357568],[120.74325,45.260114],[120.82678,45.253665],[120.835162,45.216084],[120.967827,45.18429],[120.947017,45.121296],[120.973897,45.118548],[121.033437,44.998337],[121.401663,44.851412],[121.409178,44.790977],[121.530282,44.720388],[121.548491,44.667635],[121.595892,44.659327],[121.651097,44.563289],[121.829429,44.411491],[122.019034,44.3039],[122.163838,44.255361],[122.271358,44.25569]]]]}},{"type":"Feature","properties":{"adcode":"152500","name":"锡林郭勒盟"},"geometry":{"type":"MultiPolygon","coordinates":[[[[114.807129,42.149522],[114.901932,42.01557],[114.939217,41.846197],[114.867248,41.803015],[114.902799,41.689374],[114.8606,41.601057],[115.087779,41.622805],[115.195009,41.602085],[115.204258,41.57142],[115.290389,41.622977],[115.310911,41.592664],[115.377677,41.602428],[115.345594,41.635645],[115.362358,41.668162],[115.319003,41.691427],[115.347039,41.712289],[115.653991,41.828962],[115.837236,41.937755],[115.916431,41.945081],[116.016725,41.777058],[116.098809,41.776545],[116.128869,41.806088],[116.123088,41.861721],[116.19419,41.861892],[116.233498,41.941503],[116.327144,42.005699],[116.414431,41.986975],[116.386684,41.952406],[116.427438,41.938948],[116.482643,41.975908],[116.566462,41.928724],[116.640743,41.930428],[116.879482,42.018463],[116.890755,42.09261],[116.789305,42.200275],[116.903472,42.190772],[116.918502,42.229961],[116.884974,42.353305],[116.909542,42.438048],[116.876881,42.480799],[116.885841,42.534661],[116.820809,42.546981],[116.801444,42.583081],[116.69826,42.59539],[116.669646,42.555923],[116.63554,42.614777],[116.588139,42.599943],[116.673981,42.761417],[116.67427,42.88959],[116.639876,42.952487],[116.500852,43.01532],[116.504031,43.049306],[116.356625,43.157002],[116.37021,43.243489],[116.414142,43.256835],[116.436687,43.328687],[116.60577,43.419921],[116.621956,43.505204],[116.790172,43.484103],[116.830925,43.507032],[116.813583,43.612924],[116.858672,43.657516],[116.972261,43.673587],[117.054346,43.753383],[117.001164,43.78266],[116.999719,43.912492],[117.031802,43.942845],[116.961567,44.024917],[117.120823,44.179523],[117.206377,44.220245],[117.522866,44.22681],[117.686457,44.09602],[117.64397,44.042865],[117.78993,44.019811],[117.92433,44.126936],[118.063932,44.102764],[118.113934,44.130882],[118.142837,44.207604],[118.211627,44.257002],[118.245154,44.235344],[118.246311,44.326187],[118.403254,44.307669],[118.609912,44.463824],[118.782463,44.453524],[118.967154,44.542234],[119.000971,44.652484],[118.928713,44.717296],[119.065714,44.710623],[119.148377,44.731779],[119.125832,44.762199],[119.173522,44.760572],[119.149244,44.826076],[119.078142,44.857095],[119.081321,44.937407],[119.224392,44.909838],[119.230172,44.935624],[119.15329,44.99364],[119.229883,45.023112],[119.159071,45.10012],[119.215721,45.153125],[119.289135,45.120488],[119.293759,45.087023],[119.370063,45.100605],[119.361682,45.165722],[119.307633,45.191393],[119.337692,45.252375],[119.248092,45.303627],[119.313413,45.385565],[119.304453,45.468189],[119.49637,45.55037],[119.565448,45.65581],[119.681639,45.669576],[119.700426,45.736598],[119.807946,45.820941],[119.829912,45.974602],[119.807946,45.991313],[119.879336,46.144344],[119.858237,46.184795],[119.889163,46.210161],[119.835693,46.235357],[119.838005,46.320683],[119.874134,46.34567],[119.837716,46.375544],[119.984544,46.418825],[119.909685,46.428929],[119.948993,46.493617],[119.907372,46.537277],[119.952172,46.604196],[119.910263,46.653112],[119.813437,46.66836],[119.783667,46.625907],[119.677593,46.58468],[119.656782,46.625592],[119.558223,46.633771],[119.431916,46.638646],[119.37411,46.603251],[119.262833,46.648867],[119.123231,46.642892],[119.011376,46.745634],[118.912527,46.733391],[118.91455,46.774975],[118.845183,46.771838],[118.787955,46.687061],[118.638815,46.721459],[118.585922,46.693031],[118.446609,46.704498],[118.316545,46.739513],[117.914503,46.607972],[117.813342,46.530817],[117.703799,46.516791],[117.595991,46.603566],[117.419971,46.582003],[117.447718,46.528138],[117.392224,46.463176],[117.371991,46.360214],[116.82659,46.380442],[116.745661,46.3278],[116.585249,46.292361],[116.27165,45.966802],[116.243036,45.876142],[116.288703,45.838976],[116.286969,45.775112],[116.174246,45.688619],[116.035512,45.685099],[115.699657,45.459514],[115.36467,45.392321],[114.974189,45.377039],[114.744988,45.438304],[114.551048,45.387657],[114.519543,45.283647],[114.459714,45.213341],[114.116923,44.95686],[113.907376,44.915191],[113.861998,44.863264],[113.631062,44.745446],[112.850678,44.840694],[112.599799,44.930597],[112.438808,45.071497],[112.002661,45.090743],[111.764499,44.969339],[111.624608,44.778296],[111.560732,44.646944],[111.569981,44.576179],[111.478358,44.488828],[111.415927,44.357147],[111.428645,44.319469],[111.534141,44.262087],[111.559287,44.171309],[111.663049,44.061137],[111.870284,43.940206],[111.959884,43.823159],[111.970578,43.74842],[111.950924,43.693132],[111.794269,43.671931],[111.564489,43.490251],[111.456681,43.494405],[111.150886,43.380315],[111.215629,43.276849],[111.379798,43.18256],[111.503504,43.178719],[111.658424,43.02386],[111.752649,42.987681],[112.026361,42.602809],[112.397766,42.387656],[112.654715,42.316056],[112.637084,42.28048],[112.689976,42.254547],[112.737956,42.144597],[112.856169,42.11708],[112.939699,42.018293],[113.042305,41.985954],[113.086527,41.932814],[113.17208,41.950191],[113.149536,41.976078],[113.372379,42.143748],[113.644646,42.109434],[113.709678,42.129821],[113.743206,42.083431],[113.916046,42.050105],[113.913156,41.985954],[113.955066,41.950702],[114.062296,41.966202],[114.10594,41.9834],[114.065186,42.043982],[114.100159,42.125914],[114.226755,42.134917],[114.291209,42.191451],[114.375895,42.149692],[114.377051,42.109774],[114.447864,42.098898],[114.479079,42.114192],[114.465495,42.170914],[114.405665,42.199596],[114.525613,42.235218],[114.575326,42.297762],[114.686603,42.262345],[114.676487,42.197899],[114.809153,42.200275],[114.807129,42.149522]]]]}},{"type":"Feature","properties":{"adcode":"152900","name":"阿拉善盟"},"geometry":{"type":"MultiPolygon","coordinates":[[[[105.233841,41.75109],[105.009553,41.583242],[104.923133,41.65413],[104.52427,41.661831],[104.53005,41.874855],[103.868747,41.802503],[103.418437,41.882358],[102.712045,42.152748],[102.449026,42.144088],[102.070395,42.232166],[101.80362,42.503768],[100.862824,42.671218],[100.325515,42.690077],[100.272622,42.636349],[99.969139,42.647806],[99.507557,42.56807],[98.195355,42.653365],[97.172763,42.795208],[97.847073,41.656526],[97.614114,41.477279],[97.629432,41.440546],[97.971934,41.097965],[98.333223,40.919079],[98.344206,40.568375],[98.628035,40.677897],[98.56994,40.746821],[98.668499,40.772845],[98.715611,40.661741],[98.800298,40.610293],[98.791049,40.705337],[98.984988,40.782904],[99.041638,40.693702],[99.102046,40.676334],[99.173148,40.747342],[99.174882,40.858302],[99.565941,40.846695],[99.673171,40.932923],[100.057005,40.908001],[100.108163,40.875623],[100.23736,40.716795],[100.242563,40.618639],[100.169727,40.541402],[100.169727,40.277536],[100.0018,40.196933],[99.875493,40.027196],[99.75121,40.006848],[99.524609,39.888149],[99.441079,39.885864],[99.822022,39.860024],[99.904396,39.78579],[100.250078,39.685041],[100.314242,39.606913],[100.326382,39.509084],[100.500668,39.481335],[100.499222,39.400499],[100.842013,39.405808],[100.864269,39.106971],[100.829296,39.074972],[100.835077,39.026058],[100.969476,38.996693],[100.969187,38.947011],[101.228737,39.02072],[101.198678,38.94327],[101.242032,38.861278],[101.335389,38.84683],[101.306197,38.801864],[101.331343,38.777227],[101.557654,38.715062],[101.601876,38.655168],[101.679047,38.690931],[101.777029,38.660533],[102.07502,38.891591],[101.8305,39.093462],[102.453651,39.255219],[102.583426,39.18069],[103.013215,39.101106],[103.346468,39.332503],[103.848804,39.461179],[104.090145,39.419788],[104.047657,39.297771],[104.177432,39.1521],[104.207202,39.083685],[104.196219,38.988148],[104.167894,38.94042],[104.044478,38.894978],[103.859787,38.644435],[103.416413,38.40504],[103.507747,38.280909],[103.534916,38.156746],[103.368723,38.088996],[103.368145,37.98563],[103.401962,37.861868],[103.683189,37.777916],[103.871348,37.605736],[104.183502,37.406779],[104.407501,37.464613],[104.41964,37.511865],[105.028051,37.581054],[105.31477,37.702025],[105.598887,37.699307],[105.62201,37.777735],[105.760745,37.799818],[105.839939,38.007831],[105.76797,38.121618],[105.775196,38.186816],[105.865952,38.297269],[105.82173,38.368236],[105.875201,38.591822],[105.852946,38.641573],[105.905838,38.731323],[105.898613,38.789546],[106.002953,38.875901],[105.973183,38.911376],[106.060759,38.968562],[106.146023,39.153165],[106.250941,39.131493],[106.295452,39.167906],[106.279845,39.262135],[106.402972,39.291744],[106.506445,39.270115],[106.602692,39.375362],[106.680731,39.355884],[106.751254,39.381558],[106.752988,39.431464],[106.66888,39.459764],[106.611363,39.541238],[106.769752,39.633906],[106.79432,39.6898],[106.759925,39.711476],[106.720328,39.915559],[106.729288,40.047362],[106.866867,40.16806],[106.740271,40.196408],[106.705587,40.262332],[106.820044,40.355251],[106.60327,40.386836],[106.521186,40.37375],[106.468004,40.325573],[106.328402,40.346698],[106.209321,40.516333],[106.279266,40.509368],[106.281001,40.539661],[106.374069,40.491952],[106.498352,40.483416],[106.479565,40.555151],[106.299788,40.592033],[106.18273,40.704642],[105.704384,40.810127],[105.398589,40.983949],[105.379224,41.059636],[105.317949,41.113325],[105.317082,41.201273],[105.222858,41.396748],[105.201469,41.542798],[105.233841,41.75109]]]]}},{"type":"Feature","properties":{"adcode":"210100","name":"沈阳市"},"geometry":{"type":"MultiPolygon","coordinates":[[[[123.561912,43.005383],[123.471891,43.042721],[123.259411,42.993287],[123.184116,42.925906],[123.170015,42.859752],[123.227598,42.832155],[123.058461,42.76911],[122.887311,42.770133],[122.850844,42.714428],[122.750959,42.697944],[122.969899,42.571376],[122.908357,42.500685],[122.818544,42.481434],[122.81778,42.416769],[122.903217,42.353256],[122.432621,42.144196],[122.523129,41.900117],[122.443388,41.901202],[122.459225,41.843022],[122.596479,41.772268],[122.485828,41.58158],[122.506597,41.537437],[122.553483,41.550669],[122.636905,41.501663],[122.642601,41.357612],[122.552371,41.249602],[122.596201,41.245076],[122.622527,41.199845],[122.659896,41.212813],[122.765616,41.368313],[122.914609,41.417799],[122.982055,41.496158],[122.957813,41.496395],[123.082286,41.560769],[123.109098,41.606318],[123.134312,41.60845],[123.127366,41.546638],[123.201898,41.564562],[123.477726,41.463829],[123.74758,41.527238],[123.721741,41.568307],[123.776337,41.58741],[123.752998,41.642932],[123.808567,41.697272],[123.780157,41.796838],[123.669715,41.785215],[123.673813,41.832258],[123.739801,41.86379],[123.723408,41.946887],[123.790021,41.989242],[123.763695,42.017825],[123.813568,42.030581],[123.458138,42.200176],[123.528085,42.321639],[123.465848,42.381674],[123.479045,42.464935],[123.608937,42.509327],[123.643737,42.553081],[123.683885,42.510028],[123.758555,42.553968],[123.694721,42.578516],[123.625746,42.6754],[123.592614,42.663705],[123.559342,42.729464],[123.603519,42.866347],[123.561912,43.005383]]]]}},{"type":"Feature","properties":{"adcode":"210200","name":"大连市"},"geometry":{"type":"MultiPolygon","coordinates":[[[[123.518846,39.770327],[123.470571,39.924887],[123.397846,39.926005],[123.377077,39.971523],[123.404862,40.009245],[123.141814,40.072699],[123.03165,40.062127],[122.938711,40.174791],[122.890784,40.187378],[122.813821,40.103435],[122.529866,40.047431],[122.561193,39.944565],[122.510695,39.928678],[122.417757,39.972154],[122.280919,39.967395],[122.242577,40.022202],[122.198609,39.998469],[122.049824,40.068577],[122.008356,40.051457],[121.953274,40.128876],[121.910416,40.072796],[121.823313,40.036613],[121.779066,39.942865],[121.537969,39.872822],[121.475176,39.814585],[121.487193,39.760342],[121.459686,39.747919],[121.502752,39.703326],[121.482539,39.659338],[121.446142,39.655045],[121.456839,39.633771],[121.297357,39.605753],[121.226577,39.555059],[121.225813,39.515767],[121.303747,39.488142],[121.245887,39.456837],[121.247484,39.388062],[121.273671,39.375132],[121.421414,39.366217],[121.484692,39.282836],[121.715857,39.366657],[121.716343,39.3177],[121.598747,39.279158],[121.630976,39.226311],[121.591175,39.228716],[121.587008,39.193562],[121.68335,39.12207],[121.656746,39.095568],[121.606665,39.073041],[121.642854,39.110664],[121.590689,39.155],[121.562419,39.127281],[121.599233,39.098666],[121.585758,39.077862],[121.507823,39.034117],[121.417177,39.029146],[121.373764,39.062266],[121.326531,39.016395],[121.325905,38.972515],[121.222895,38.940979],[121.127734,38.959015],[121.092587,38.928557],[121.125025,38.889752],[121.133638,38.725222],[121.19914,38.721514],[121.340284,38.819088],[121.509698,38.817804],[121.549152,38.864248],[121.70905,38.87298],[121.723428,38.904004],[121.621391,38.938859],[121.676681,38.988228],[121.658205,39.001624],[121.738224,38.999112],[121.762952,39.028407],[121.833176,38.950441],[121.920905,38.969805],[121.855612,39.026094],[121.91507,39.014081],[121.917918,39.045339],[122.061841,39.060298],[122.048435,39.101273],[122.170408,39.150479],[122.123938,39.17254],[122.160336,39.237845],[122.242924,39.267777],[122.292311,39.336817],[122.413103,39.411762],[122.532922,39.420133],[122.649408,39.516696],[122.808889,39.559847],[122.860915,39.604777],[122.972747,39.595012],[123.049015,39.666606],[123.207802,39.670215],[123.272678,39.697524],[123.244269,39.744314],[123.289696,39.758588],[123.38826,39.747481],[123.392567,39.72375],[123.518846,39.770327]]],[[[122.567028,39.273909],[122.688584,39.268954],[122.497567,39.30005],[122.567028,39.273909]]],[[[122.383999,39.198374],[122.401225,39.211288],[122.343781,39.203727],[122.320026,39.160601],[122.396155,39.161928],[122.383999,39.198374]]],[[[122.640517,39.225918],[122.705463,39.232054],[122.691987,39.210994],[122.741443,39.247857],[122.640517,39.225918]]],[[[122.762559,39.019349],[122.72387,39.050063],[122.720397,39.020482],[122.762559,39.019349]]],[[[122.42512,39.174308],[122.411992,39.181922],[122.402684,39.179122],[122.42512,39.174308]]],[[[121.826369,38.873868],[121.84165,38.873227],[121.829564,38.896213],[121.826369,38.873868]]],[[[122.418035,39.225574],[122.4495,39.227341],[122.434983,39.237011],[122.418035,39.225574]]],[[[122.423453,39.270524],[122.44561,39.254824],[122.456307,39.259142],[122.423453,39.270524]]],[[[123.022689,39.546411],[122.961981,39.552323],[122.944338,39.520606],[122.994836,39.495624],[123.022689,39.546411]]],[[[122.308148,39.20024],[122.312802,39.205936],[122.30016,39.201861],[122.308148,39.20024]]],[[[122.296062,39.277097],[122.284253,39.280433],[122.294881,39.266894],[122.296062,39.277097]]],[[[123.06506,39.486479],[123.068533,39.508678],[123.058045,39.509607],[123.06506,39.486479]]],[[[122.597104,39.206182],[122.612177,39.215412],[122.599605,39.224789],[122.597104,39.206182]]],[[[122.51264,39.222973],[122.537021,39.224445],[122.501387,39.241182],[122.51264,39.222973]]],[[[122.825629,39.058675],[122.815419,39.04524],[122.840425,39.047406],[122.825629,39.058675]]],[[[122.809167,39.081649],[122.805764,39.072942],[122.817364,39.068515],[122.809167,39.081649]]],[[[121.831995,38.91781],[121.83658,38.912584],[121.841234,38.918106],[121.831995,38.91781]]],[[[122.872585,39.055279],[122.877864,39.066793],[122.850566,39.071319],[122.872585,39.055279]]],[[[121.476635,39.186784],[121.462048,39.205986],[121.445239,39.204218],[121.476635,39.186784]]],[[[123.086524,39.426937],[123.10368,39.44157],[123.053808,39.457668],[123.086524,39.426937]]],[[[121.493097,39.193807],[121.50303,39.202597],[121.487401,39.204071],[121.493097,39.193807]]],[[[122.778118,39.23171],[122.781661,39.218947],[122.809167,39.230679],[122.778118,39.23171]]],[[[122.78173,39.079682],[122.789996,39.070138],[122.799512,39.072303],[122.78173,39.079682]]],[[[123.16043,39.025503],[123.205648,39.056952],[123.187728,39.097043],[123.145635,39.091781],[123.16043,39.025503]]],[[[123.004629,39.248887],[123.012687,39.262577],[122.988098,39.257965],[123.004629,39.248887]]],[[[121.163437,39.084699],[121.178371,39.088535],[121.170105,39.096896],[121.163437,39.084699]]],[[[122.343364,39.346226],[122.32329,39.343727],[122.331765,39.325446],[122.343364,39.346226]]],[[[120.976449,38.960444],[120.987076,38.946597],[120.986173,38.958424],[120.976449,38.960444]]]]}},{"type":"Feature","properties":{"adcode":"210300","name":"鞍山市"},"geometry":{"type":"MultiPolygon","coordinates":[[[[123.533711,40.826996],[123.1771,40.712684],[123.130075,40.72666],[123.073812,40.771641],[123.107084,40.820091],[123.050265,40.845502],[123.060406,40.923447],[123.089788,40.928378],[123.103125,40.984177],[123.192451,40.987621],[123.235517,41.048962],[123.162583,41.099024],[123.129381,41.174094],[123.038248,41.208427],[122.909607,41.194219],[122.832437,41.082452],[122.598077,41.178911],[122.596201,41.245076],[122.560012,41.244123],[122.658993,41.354806],[122.636905,41.501663],[122.566125,41.547776],[122.368092,41.545404],[122.193746,41.459602],[122.280294,41.353997],[122.249801,41.260845],[122.205138,41.223299],[122.226948,41.201943],[122.338572,41.189975],[122.408866,41.251651],[122.488745,41.250984],[122.368926,41.183585],[122.424008,41.012776],[122.3426,40.988817],[122.364411,40.985851],[122.343364,40.927277],[122.318845,40.927325],[122.335238,40.905777],[122.488607,40.935751],[122.487634,40.8606],[122.542022,40.818701],[122.515974,40.766554],[122.639614,40.748698],[122.651144,40.710571],[122.622804,40.688136],[122.638642,40.659012],[122.670941,40.67098],[122.625861,40.608423],[122.969413,40.508961],[122.99296,40.435161],[122.931974,40.396806],[122.932113,40.344715],[122.873002,40.26851],[122.890784,40.187378],[123.068672,40.042289],[123.127019,40.076287],[123.359504,40.002158],[123.47717,40.031276],[123.458138,40.058102],[123.59046,40.130281],[123.606714,40.159392],[123.560523,40.187136],[123.596156,40.243024],[123.711322,40.300172],[123.769252,40.443504],[123.717434,40.592498],[123.748761,40.610732],[123.725422,40.654205],[123.582889,40.686454],[123.551423,40.722962],[123.581083,40.768761],[123.533711,40.826996]]]]}},{"type":"Feature","properties":{"adcode":"210400","name":"抚顺市"},"geometry":{"type":"MultiPolygon","coordinates":[[[[123.74758,41.527238],[123.783769,41.541563],[123.807247,41.507406],[123.921926,41.568449],[124.09794,41.535539],[124.115513,41.505934],[124.282983,41.542986],[124.310211,41.495351],[124.371198,41.473705],[124.345497,41.408057],[124.424127,41.311698],[124.462816,41.303654],[124.488169,41.335159],[124.640705,41.244695],[124.763233,41.2748],[124.872564,41.327403],[124.853602,41.419937],[124.957028,41.520074],[125.057399,41.47399],[125.123664,41.50247],[125.22216,41.480019],[125.3226,41.496823],[125.381641,41.562381],[125.451588,41.550574],[125.450616,41.6738],[125.325031,41.670203],[125.345174,41.760688],[125.291273,41.847271],[125.307596,41.924496],[125.351704,41.928268],[125.291968,41.958809],[125.48993,42.136255],[125.36886,42.182805],[125.30579,42.146545],[125.317529,42.195199],[125.298497,42.175526],[125.275922,42.266751],[125.299261,42.28949],[125.173815,42.310721],[125.197501,42.407506],[125.107966,42.478864],[125.036214,42.438098],[125.005859,42.378444],[124.821719,42.418266],[124.775597,42.400347],[124.787058,42.33958],[124.647859,42.316344],[124.634523,42.345903],[124.574648,42.351476],[124.516023,42.236733],[124.561172,42.16402],[124.520121,42.087884],[124.341955,42.009397],[124.294721,42.006054],[124.25374,42.067284],[124.095231,42.073446],[124.034175,42.018907],[123.954781,42.005631],[123.880667,42.033123],[123.734383,41.967196],[123.739801,41.86379],[123.67673,41.837263],[123.665547,41.795893],[123.716809,41.775103],[123.768627,41.799389],[123.811553,41.708815],[123.752998,41.642932],[123.776337,41.58741],[123.721741,41.568307],[123.74758,41.527238]]]]}},{"type":"Feature","properties":{"adcode":"210500","name":"本溪市"},"geometry":{"type":"MultiPolygon","coordinates":[[[[123.591502,41.494022],[123.652836,41.438609],[123.631164,41.416801],[123.670201,41.260702],[123.616022,41.254795],[123.598934,41.206663],[123.664644,41.139123],[123.651308,41.112775],[123.68972,41.059665],[123.65999,41.041602],[123.646515,40.930724],[123.582264,40.857485],[123.695346,40.815344],[123.743135,40.852213],[124.134406,40.853555],[124.147951,40.957336],[124.093564,41.03601],[124.232068,41.042223],[124.256588,41.098499],[124.295555,41.096064],[124.31167,41.056607],[124.420515,41.077198],[124.510466,41.049439],[124.56798,41.100457],[124.671267,41.095729],[124.736005,41.154822],[124.997385,41.098451],[125.217784,41.113205],[125.307179,41.079061],[125.356288,41.031039],[125.341562,41.010242],[125.390254,40.999674],[125.443669,41.031517],[125.45652,40.969108],[125.495973,40.953364],[125.489513,40.975327],[125.529592,40.986043],[125.502433,40.944414],[125.547999,40.912242],[125.674001,40.974418],[125.739363,41.089378],[125.712274,41.095634],[125.791111,41.166319],[125.738252,41.178625],[125.758048,41.23183],[125.694909,41.244552],[125.68317,41.274848],[125.647745,41.264179],[125.620099,41.318313],[125.639271,41.3314],[125.548277,41.402164],[125.532162,41.47926],[125.462493,41.568354],[125.381641,41.562381],[125.328434,41.511297],[125.22216,41.480019],[125.123664,41.50247],[125.057399,41.47399],[124.957028,41.520074],[124.863257,41.425877],[124.872564,41.327403],[124.654041,41.239788],[124.500394,41.331876],[124.438783,41.304177],[124.345497,41.408057],[124.384465,41.461739],[124.310211,41.495351],[124.300348,41.537958],[124.230193,41.549151],[124.115513,41.505934],[124.09794,41.535539],[123.887891,41.566885],[123.807247,41.507406],[123.783769,41.541563],[123.591502,41.494022]]]]}},{"type":"Feature","properties":{"adcode":"210600","name":"丹东市"},"geometry":{"type":"MultiPolygon","coordinates":[[[[123.518846,39.770327],[123.612549,39.774954],[123.674924,39.826752],[124.002709,39.800371],[124.103288,39.823395],[124.095508,39.792289],[124.144756,39.745435],[124.227067,39.915362],[124.371892,40.021377],[124.336606,40.049954],[124.350776,40.083851],[124.514842,40.220433],[124.727461,40.325684],[124.739269,40.371707],[124.906947,40.484724],[124.922298,40.458838],[125.044271,40.466455],[125.004609,40.496241],[125.017945,40.536321],[125.262725,40.620208],[125.305373,40.661175],[125.407272,40.631895],[125.418872,40.673191],[125.479233,40.72349],[125.536538,40.726036],[125.585439,40.788434],[125.679002,40.768329],[125.648092,40.826037],[125.707759,40.866974],[125.655455,40.915977],[125.530912,40.908076],[125.501113,40.938479],[125.531954,40.976858],[125.46555,40.962361],[125.443669,41.031517],[125.35469,40.998478],[125.27488,41.1006],[124.997385,41.098451],[124.74955,41.151721],[124.671267,41.095729],[124.585136,41.102032],[124.518037,41.062341],[124.31167,41.056607],[124.268535,41.100982],[124.184696,41.027119],[124.146006,41.055078],[124.093564,41.03601],[124.147951,40.957336],[124.143506,40.863044],[124.11593,40.853794],[123.980621,40.867692],[123.931442,40.826613],[123.824543,40.862613],[123.71417,40.820475],[123.544477,40.861079],[123.581222,40.786899],[123.556008,40.728485],[123.577263,40.692316],[123.731118,40.648964],[123.748761,40.610732],[123.717434,40.592498],[123.769252,40.443504],[123.711322,40.300172],[123.560523,40.187136],[123.606297,40.168545],[123.59046,40.130281],[123.476267,40.071875],[123.377077,39.971523],[123.490506,39.898058],[123.518846,39.770327]]],[[[123.825654,39.786252],[123.825446,39.796136],[123.808636,39.791462],[123.825654,39.786252]]],[[[123.716531,39.74524],[123.752373,39.749332],[123.730632,39.765944],[123.716531,39.74524]]],[[[124.811717,40.404286],[124.828943,40.415769],[124.796505,40.400184],[124.811717,40.404286]]]]}},{"type":"Feature","properties":{"adcode":"210700","name":"锦州市"},"geometry":{"type":"MultiPolygon","coordinates":[[[[121.555125,40.849624],[121.663553,40.959298],[121.651189,41.05417],[121.763438,41.100791],[121.585132,41.108049],[121.566795,41.134494],[121.620418,41.206758],[121.58027,41.249698],[121.729333,41.328688],[121.845749,41.352713],[121.884716,41.322549],[121.95626,41.386239],[122.093723,41.39375],[122.283837,41.515899],[122.487356,41.566316],[122.517502,41.676971],[122.550635,41.678911],[122.600369,41.766549],[122.459225,41.843022],[122.443874,41.890636],[122.523129,41.900117],[122.438456,42.117315],[122.153251,42.032511],[121.972514,41.892617],[121.848944,41.845288],[121.833107,41.828859],[121.862558,41.813134],[121.835121,41.786869],[121.538802,41.783231],[121.475385,41.695001],[121.435723,41.733362],[121.338547,41.733457],[121.342923,41.768582],[121.263669,41.794523],[121.20164,41.673752],[121.156283,41.671055],[121.111272,41.619441],[120.976032,41.5994],[120.981728,41.566695],[120.91456,41.527855],[120.864687,41.416231],[120.833082,41.398171],[120.819746,41.421458],[120.752716,41.341962],[120.737366,41.288467],[120.769734,41.248554],[120.720626,41.22816],[120.786752,41.20099],[120.805923,41.147379],[120.876078,41.156062],[120.930605,41.117549],[120.944706,41.051877],[121.034726,41.050491],[121.011666,40.972887],[121.036949,40.933884],[121.011596,40.863955],[121.030003,40.790545],[121.086544,40.798221],[121.145169,40.875503],[121.439196,40.830065],[121.440376,40.881683],[121.481983,40.882019],[121.555125,40.849624]]]]}},{"type":"Feature","properties":{"adcode":"210800","name":"营口市"},"geometry":{"type":"MultiPolygon","coordinates":[[[[121.953274,40.128876],[122.008356,40.051457],[122.069203,40.067753],[122.218683,40.000217],[122.242577,40.022202],[122.280919,39.967395],[122.417757,39.972154],[122.512084,39.920611],[122.555914,39.968075],[122.520142,39.99876],[122.544731,40.013225],[122.529866,40.047431],[122.851122,40.124612],[122.893979,40.20519],[122.891339,40.319548],[122.932113,40.344715],[122.946213,40.416396],[122.990182,40.427684],[122.984347,40.486989],[122.914678,40.537573],[122.829311,40.538006],[122.797637,40.578879],[122.625861,40.608423],[122.659758,40.658435],[122.623082,40.671749],[122.649825,40.739768],[122.515974,40.766554],[122.542022,40.818701],[122.484231,40.85159],[122.506111,40.929288],[122.309468,40.905442],[122.277307,40.864578],[122.182424,40.877515],[122.100877,40.804313],[122.206319,40.739961],[122.201665,40.713405],[122.265777,40.710235],[122.23452,40.68285],[122.151931,40.697024],[122.134496,40.627134],[122.245633,40.519704],[122.244661,40.485061],[122.278697,40.482844],[122.222086,40.481109],[122.229102,40.424018],[122.199025,40.431736],[122.178673,40.365624],[122.111088,40.368521],[122.1379,40.338871],[122.110741,40.31578],[122.03996,40.322206],[122.039822,40.260241],[121.940284,40.242202],[122.004258,40.171934],[121.995158,40.12844],[121.953274,40.128876]]]]}},{"type":"Feature","properties":{"adcode":"210900","name":"阜新市"},"geometry":{"type":"MultiPolygon","coordinates":[[[[122.83973,42.718292],[122.756377,42.768226],[122.35934,42.836105],[122.361702,42.788179],[122.460614,42.755339],[122.395946,42.684204],[122.341211,42.6713],[122.204165,42.73249],[122.203679,42.68318],[122.050171,42.719223],[121.938479,42.687884],[121.869435,42.527962],[121.713218,42.445673],[121.665568,42.437396],[121.608193,42.515773],[121.570129,42.486902],[121.38835,42.475265],[121.027503,42.243394],[121.08453,42.111205],[121.039311,41.987735],[121.192055,41.966113],[121.212962,41.914925],[121.292564,41.889881],[121.272699,41.803593],[121.342923,41.768582],[121.360149,41.725654],[121.416899,41.737996],[121.457603,41.695994],[121.538524,41.773922],[121.77858,41.806285],[121.822479,41.782758],[121.862558,41.813134],[121.848944,41.845288],[121.960081,41.878512],[122.140748,42.019331],[122.900994,42.349182],[122.832159,42.403342],[122.818544,42.481434],[122.908357,42.500685],[122.974414,42.564329],[122.747347,42.689188],[122.83973,42.718292]]]]}},{"type":"Feature","properties":{"adcode":"211000","name":"辽阳市"},"geometry":{"type":"MultiPolygon","coordinates":[[[[122.622527,41.199845],[122.59509,41.19584],[122.689556,41.122609],[122.824518,41.081831],[122.909607,41.194219],[123.119031,41.184253],[123.145287,41.101841],[123.2119,41.098117],[123.231835,41.066067],[123.190923,40.996852],[123.083884,40.961595],[123.054294,40.835099],[123.105834,40.824455],[123.073812,40.771641],[123.100971,40.741305],[123.1771,40.712684],[123.582264,40.857485],[123.657976,40.952647],[123.647349,41.006943],[123.685344,41.0503],[123.664644,41.139123],[123.598934,41.206663],[123.616022,41.254795],[123.670201,41.260702],[123.644362,41.458178],[123.58018,41.498436],[123.477726,41.463829],[123.219818,41.559156],[123.134451,41.536156],[123.11403,41.617119],[123.020675,41.5075],[122.969205,41.509778],[122.975803,41.47869],[122.934405,41.47869],[122.912664,41.432956],[122.749362,41.351857],[122.669482,41.223394],[122.622527,41.199845]]]]}},{"type":"Feature","properties":{"adcode":"211100","name":"盘锦市"},"geometry":{"type":"MultiPolygon","coordinates":[[[[121.555125,40.849624],[121.547276,40.8234],[121.682655,40.829634],[121.816089,40.894809],[121.847416,40.824599],[121.934241,40.798221],[121.951259,40.680784],[122.050032,40.653628],[122.121993,40.657474],[122.154918,40.70644],[122.245286,40.683283],[122.272723,40.695583],[122.096501,40.796926],[122.183397,40.83299],[122.176589,40.868507],[122.277307,40.864578],[122.332251,40.894091],[122.3426,40.988817],[122.424008,41.012776],[122.366356,41.177147],[122.488745,41.250984],[122.424633,41.253318],[122.338572,41.189975],[122.226948,41.201943],[122.205138,41.223299],[122.250079,41.242551],[122.280294,41.353997],[122.192288,41.448964],[122.040725,41.371547],[121.95626,41.386239],[121.884716,41.322549],[121.845749,41.352713],[121.729333,41.328688],[121.58027,41.249698],[121.620418,41.206758],[121.567698,41.145947],[121.585132,41.108049],[121.763438,41.100791],[121.691477,41.093294],[121.628754,40.908076],[121.555125,40.849624]]]]}},{"type":"Feature","properties":{"adcode":"211200","name":"铁岭市"},"geometry":{"type":"MultiPolygon","coordinates":[[[[123.790021,41.989242],[123.880667,42.033123],[124.024381,42.011657],[124.095231,42.073446],[124.25374,42.067284],[124.279926,42.00742],[124.369044,42.022391],[124.550128,42.11896],[124.516023,42.236733],[124.569508,42.341641],[124.634523,42.345903],[124.647859,42.316344],[124.787058,42.33958],[124.775597,42.400347],[124.800395,42.415881],[124.944734,42.400768],[124.974255,42.368145],[125.036491,42.405541],[125.036214,42.438098],[125.099006,42.478023],[125.067262,42.534406],[125.099631,42.613221],[125.038436,42.615413],[124.968489,42.67349],[124.996413,42.745428],[124.975574,42.802035],[124.93105,42.819049],[124.874857,42.78976],[124.858811,42.820304],[124.872148,42.984388],[124.844433,43.02614],[124.893819,43.117931],[124.785461,43.116543],[124.695092,43.057261],[124.593333,42.911846],[124.452258,42.825928],[124.454689,42.852505],[124.366822,42.902841],[124.442186,42.941402],[124.422112,42.97609],[124.333411,42.99732],[124.425933,43.076288],[124.283955,43.166016],[124.276314,43.233411],[124.114402,43.247306],[124.10308,43.288556],[124.032994,43.280898],[123.895879,43.361528],[123.849687,43.415636],[123.872331,43.451344],[123.849271,43.470109],[123.74626,43.471213],[123.631234,43.088969],[123.546839,42.977341],[123.603519,42.930268],[123.57122,42.712007],[123.592614,42.663705],[123.611298,42.680291],[123.694721,42.578516],[123.758555,42.553968],[123.683885,42.510028],[123.643737,42.553081],[123.454456,42.441184],[123.465848,42.381674],[123.52864,42.339674],[123.449594,42.204729],[123.783144,42.037688],[123.813151,42.050112],[123.762792,41.999085],[123.790021,41.989242]]]]}},{"type":"Feature","properties":{"adcode":"211300","name":"朝阳市"},"geometry":{"type":"MultiPolygon","coordinates":[[[[121.027503,42.243394],[120.933106,42.27927],[120.480917,42.115764],[120.498629,42.092116],[120.438407,42.006148],[120.346302,41.977938],[120.266839,41.914878],[120.291567,41.896532],[120.188418,41.848215],[120.096175,41.697083],[120.035258,41.708863],[120.041787,41.818754],[119.84563,42.097289],[119.852924,42.209798],[119.64225,42.240627],[119.541393,42.292162],[119.572164,42.359343],[119.502356,42.388039],[119.489575,42.353162],[119.284458,42.265157],[119.237919,42.20088],[119.385037,42.08953],[119.290154,41.783373],[119.317868,41.76395],[119.308005,41.657468],[119.416711,41.589353],[119.419906,41.568686],[119.362115,41.566505],[119.403444,41.475129],[119.30988,41.405966],[119.331066,41.340963],[119.252089,41.325642],[119.248338,41.276657],[119.16964,41.222918],[119.178947,41.177815],[119.088648,41.136069],[119.059822,41.077628],[118.964314,41.079204],[118.937085,41.052832],[118.952019,41.018418],[119.013562,41.007612],[118.946463,40.95815],[118.917011,40.968629],[118.849079,40.800955],[119.063156,40.662953],[119.176238,40.690154],[119.158873,40.618861],[119.27779,40.606595],[119.419489,40.696112],[119.549311,40.833229],[119.638082,40.829921],[119.670451,40.782245],[119.715183,40.861223],[119.781171,40.846605],[119.826181,40.886378],[119.818957,40.929719],[119.967395,40.927995],[120.02977,41.003021],[120.004626,41.062054],[120.078601,41.100886],[120.204464,40.973988],[120.166886,40.943649],[120.179875,40.922202],[120.218425,40.956954],[120.279481,40.945659],[120.320532,41.000439],[120.399926,40.955805],[120.454383,40.990778],[120.477027,41.077628],[120.527525,41.062245],[120.657277,41.183347],[120.771471,41.194219],[120.720348,41.219581],[120.769734,41.248554],[120.733337,41.2748],[120.77029,41.376587],[120.812036,41.425972],[120.833082,41.398171],[120.864687,41.416231],[120.906016,41.523443],[120.981728,41.566695],[120.976032,41.5994],[121.224493,41.678059],[121.215949,41.740218],[121.261307,41.774489],[121.298885,41.884079],[121.212962,41.914925],[121.163159,41.977514],[121.041534,41.980152],[121.074597,42.101896],[121.027503,42.243394]]]]}},{"type":"Feature","properties":{"adcode":"211400","name":"葫芦岛市"},"geometry":{"type":"MultiPolygon","coordinates":[[[[121.030003,40.790545],[121.00729,40.852884],[121.032295,41.033668],[120.954986,41.045903],[120.907683,41.145661],[120.805923,41.147379],[120.786752,41.20099],[120.64026,41.18411],[120.598653,41.105661],[120.456675,41.058662],[120.459037,41.001013],[120.418958,40.956427],[120.339495,40.996804],[120.169247,40.926942],[120.205019,40.9914],[120.178624,41.027501],[120.146186,41.006991],[120.112845,41.087802],[119.999485,41.075574],[120.023519,41.008234],[119.979967,40.933213],[119.951905,40.947191],[119.908006,40.909992],[119.834864,40.928426],[119.785894,40.856287],[119.715183,40.861223],[119.670451,40.782245],[119.638082,40.829921],[119.528126,40.834812],[119.505273,40.771017],[119.454359,40.755466],[119.419489,40.696112],[119.260494,40.619631],[119.220624,40.569109],[119.30217,40.530301],[119.559036,40.54783],[119.550909,40.509395],[119.604949,40.455029],[119.598142,40.334186],[119.651905,40.272426],[119.625162,40.224158],[119.671562,40.23959],[119.716781,40.196091],[119.745954,40.207948],[119.760471,40.065619],[119.844658,40.037098],[119.854243,39.988469],[119.913979,39.988469],[119.94739,40.040252],[120.483279,40.190379],[120.521968,40.304666],[120.595666,40.351669],[120.616435,40.444854],[120.822733,40.594134],[120.831624,40.674344],[121.032295,40.709082],[120.971795,40.805704],[121.030003,40.790545]]],[[[120.786544,40.47359],[120.831832,40.512575],[120.792934,40.515176],[120.786544,40.47359]]],[[[120.614837,40.396661],[120.620672,40.396323],[120.621366,40.406216],[120.614837,40.396661]]]]}},{"type":"Feature","properties":{"adcode":"220100","name":"长春市"},"geometry":{"type":"MultiPolygon","coordinates":[[[[125.69798,43.262741],[126.018892,43.353074],[125.855339,43.495353],[125.887759,43.650838],[125.803564,43.790897],[125.810532,43.831838],[125.825242,43.863757],[125.95018,43.849615],[126.042215,43.882066],[126.007085,44.02742],[126.177122,44.16428],[126.425354,44.171071],[126.500743,44.221552],[126.470936,44.243035],[126.455161,44.354201],[126.493582,44.379986],[126.484775,44.416441],[126.434161,44.41832],[126.424193,44.534189],[126.620746,44.557914],[126.608068,44.575045],[126.646392,44.544419],[126.759621,44.518867],[126.856494,44.536546],[126.878463,44.512223],[127.035725,44.558128],[127.041144,44.712234],[126.98424,44.824961],[127.011143,44.890425],[127.072597,44.906926],[127.086436,44.958049],[126.968562,45.074487],[126.944077,45.13882],[126.802299,45.139191],[126.574681,45.252298],[126.432128,45.23468],[126.235672,45.140198],[126.182541,45.144915],[126.188154,45.000891],[126.144605,44.9816],[126.192509,44.917303],[126.060893,44.902722],[126.049667,44.786787],[125.920664,44.771426],[125.873436,44.836685],[125.809274,44.830237],[125.719949,44.93901],[125.641076,44.930339],[125.590558,44.885208],[125.247194,44.860073],[125.231904,44.84505],[125.313099,44.814247],[125.107352,44.765344],[125.02635,44.788014],[124.868894,44.733057],[124.807248,44.704117],[124.8297,44.683284],[124.80357,44.663833],[124.634308,44.640686],[124.552434,44.569371],[124.57508,44.545062],[124.545467,44.514367],[124.643308,44.448636],[124.550789,44.424063],[124.624823,44.359251],[124.605081,44.236683],[124.617275,44.211589],[124.751891,44.210134],[124.736117,44.159159],[124.516434,44.116609],[124.424496,44.036929],[124.28717,43.991859],[124.015711,44.004508],[124.076777,43.871612],[124.040195,43.769521],[124.076583,43.717731],[124.172779,43.707194],[124.212264,43.754597],[124.362268,43.771203],[124.524272,43.755248],[124.666147,43.659863],[124.682406,43.497533],[124.801344,43.242984],[124.784311,43.201313],[124.840539,43.161642],[124.837248,43.232363],[124.931702,43.323889],[124.868507,43.404414],[124.916121,43.439725],[124.916799,43.49737],[124.986768,43.518189],[125.053544,43.591707],[125.254066,43.645781],[125.290067,43.649805],[125.30226,43.615214],[125.247678,43.452328],[125.380456,43.473599],[125.374359,43.552509],[125.446167,43.601448],[125.459039,43.50064],[125.51275,43.443545],[125.495233,43.421936],[125.576622,43.4096],[125.55417,43.345533],[125.69798,43.262741]]],[[[126.716749,44.532957],[126.719071,44.531618],[126.720233,44.533975],[126.716749,44.532957]]],[[[126.715974,44.532957],[126.712781,44.532421],[126.719071,44.531618],[126.715974,44.532957]]]]}},{"type":"Feature","properties":{"adcode":"220200","name":"吉林市"},"geometry":{"type":"MultiPolygon","coordinates":[[[[126.750427,42.67231],[126.812461,42.709205],[126.822139,42.77747],[126.907883,42.809066],[127.160083,42.804049],[127.191729,42.843456],[127.211374,42.748783],[127.253569,42.708984],[127.204213,42.608354],[127.305538,42.632297],[127.351991,42.587943],[127.458155,42.561492],[127.497543,42.602215],[127.486607,42.631025],[127.58861,42.669713],[127.714226,42.780173],[127.717613,42.81728],[127.837617,42.788335],[127.85252,42.811106],[127.759421,42.902436],[127.674838,42.902712],[127.469768,43.028688],[127.501124,43.065591],[127.480027,43.139768],[127.532189,43.146238],[127.657225,43.260169],[127.617449,43.334821],[127.682193,43.35433],[127.71771,43.502439],[127.884263,43.620382],[127.924716,43.7079],[127.813422,43.812103],[127.861036,43.882175],[127.762518,43.937231],[127.848455,44.074137],[127.729227,44.09902],[127.724001,44.196613],[127.681129,44.166867],[127.607385,44.207172],[127.609223,44.294745],[127.487865,44.397492],[127.50064,44.450246],[127.465607,44.516296],[127.536931,44.522618],[127.570222,44.550738],[127.55648,44.576008],[127.181761,44.643627],[127.138985,44.607634],[127.094759,44.615819],[126.999337,44.531511],[126.89985,44.514849],[126.738717,44.521654],[126.608068,44.575045],[126.620746,44.557914],[126.438709,44.541045],[126.41316,44.528511],[126.445967,44.502792],[126.424773,44.425565],[126.467645,44.424653],[126.455161,44.354201],[126.489807,44.305609],[126.468613,44.18282],[126.296641,44.192303],[126.278641,44.158781],[126.272834,44.182012],[126.177122,44.16428],[126.007085,44.02742],[126.042215,43.882066],[125.95018,43.849615],[125.825242,43.863757],[125.810532,43.831838],[125.803564,43.790897],[125.893663,43.624843],[125.852726,43.501621],[126.020537,43.361597],[125.891534,43.30169],[125.815854,43.315743],[125.65927,43.231871],[125.692464,43.146786],[125.776273,43.109384],[125.733401,43.064822],[125.664689,43.07602],[125.67456,43.044506],[125.821564,42.997919],[125.861436,42.960591],[125.8415,42.925661],[125.892308,42.91394],[125.939922,42.830672],[126.029344,42.788611],[126.243027,42.775871],[126.38403,42.815406],[126.382869,42.708764],[126.422257,42.67905],[126.563261,42.670818],[126.648715,42.729411],[126.750427,42.67231]]],[[[126.720233,44.533975],[126.709587,44.537349],[126.7122,44.53285],[126.720233,44.533975]]],[[[126.703684,44.534778],[126.707361,44.530332],[126.709297,44.531993],[126.703684,44.534778]]]]}},{"type":"Feature","properties":{"adcode":"220300","name":"四平市"},"geometry":{"type":"MultiPolygon","coordinates":[[[[124.015711,44.004508],[123.818577,43.986236],[123.76864,44.003643],[123.683186,44.109865],[123.635669,44.078132],[123.328499,44.070952],[123.332371,44.028339],[123.400888,43.979261],[123.374952,43.965903],[123.463697,43.864624],[123.498246,43.771149],[123.482665,43.737769],[123.537247,43.649696],[123.51373,43.604006],[123.429147,43.603843],[123.45247,43.545701],[123.304499,43.550711],[123.316015,43.492028],[123.413953,43.42592],[123.48702,43.445509],[123.608571,43.366295],[123.703703,43.370665],[123.709896,43.416696],[123.797866,43.489574],[123.872288,43.451346],[123.849739,43.415659],[123.896482,43.361051],[124.033615,43.281125],[124.098261,43.29294],[124.114423,43.247308],[124.276331,43.233404],[124.273814,43.178741],[124.425947,43.076295],[124.333429,42.997369],[124.442303,42.958666],[124.366333,42.902491],[124.440851,42.87634],[124.451787,42.826649],[124.63934,42.956356],[124.68618,43.050437],[125.043383,43.222289],[125.200548,43.228969],[125.270034,43.155064],[125.381617,43.105214],[125.403682,43.135875],[125.369617,43.149966],[125.374553,43.224753],[125.435038,43.230447],[125.491652,43.181481],[125.495814,43.100331],[125.70398,43.056038],[125.787596,43.096875],[125.725271,43.123371],[125.645721,43.217251],[125.69798,43.262741],[125.541589,43.361433],[125.582622,43.405342],[125.495233,43.421936],[125.514492,43.435469],[125.458748,43.522766],[125.453038,43.599762],[125.374359,43.552509],[125.380456,43.473599],[125.265292,43.443981],[125.241291,43.480088],[125.274389,43.496062],[125.308938,43.611134],[125.235194,43.642247],[125.053544,43.591707],[124.986768,43.518189],[124.893669,43.481178],[124.916121,43.439725],[124.870539,43.393548],[124.931702,43.323889],[124.863088,43.285446],[124.829409,43.212267],[124.840539,43.161642],[124.779473,43.211172],[124.801344,43.242984],[124.760021,43.280742],[124.757601,43.383227],[124.682406,43.497533],[124.666147,43.659863],[124.524272,43.755248],[124.362268,43.771203],[124.222523,43.758722],[124.172779,43.707194],[124.076583,43.717731],[124.040195,43.769521],[124.085293,43.862836],[124.015711,44.004508]]]]}},{"type":"Feature","properties":{"adcode":"220400","name":"辽源市"},"geometry":{"type":"MultiPolygon","coordinates":[[[[124.891346,43.132914],[124.887475,43.07377],[124.840829,43.02671],[124.868701,42.972908],[124.857088,42.823839],[124.873927,42.790155],[124.930057,42.81954],[124.975058,42.802671],[124.996446,42.745306],[124.96509,42.678],[125.01435,42.666122],[125.028769,42.6177],[125.097384,42.622068],[125.069125,42.499638],[125.197548,42.407825],[125.175386,42.30832],[125.285615,42.315099],[125.56288,42.435061],[125.585816,42.507616],[125.727594,42.605146],[125.68027,42.610787],[125.674754,42.705837],[125.644269,42.732944],[125.84421,42.766217],[125.741627,42.847037],[125.754401,42.952286],[125.727013,43.010943],[125.633624,43.070476],[125.495814,43.100331],[125.491652,43.181481],[125.423328,43.234006],[125.367198,43.218784],[125.357423,43.160381],[125.400005,43.148266],[125.39023,43.120848],[125.155837,43.227436],[125.024608,43.214294],[124.891346,43.132914]]]]}},{"type":"Feature","properties":{"adcode":"220500","name":"通化市"},"geometry":{"type":"MultiPolygon","coordinates":[[[[125.262872,42.313098],[125.29926,42.289478],[125.275647,42.231362],[125.312615,42.220066],[125.28426,42.175698],[125.312906,42.197357],[125.305938,42.146287],[125.356939,42.167177],[125.48991,42.136258],[125.412102,42.100697],[125.423812,42.078224],[125.291905,41.95881],[125.345713,41.939697],[125.307583,41.924492],[125.294712,41.823272],[125.346391,41.761981],[125.31697,41.677288],[125.411812,41.69143],[125.456329,41.66202],[125.450038,41.598721],[125.552718,41.409408],[125.637205,41.344451],[125.646592,41.264689],[125.749562,41.245482],[125.735239,41.193255],[125.783144,41.172047],[125.713561,41.104984],[125.726433,41.055252],[125.67398,40.974399],[125.576913,40.898957],[125.683173,40.901172],[125.707755,40.867596],[125.771627,40.895889],[125.812758,40.866346],[125.878082,40.90918],[125.939729,40.878847],[126.027505,40.90191],[125.98831,40.909066],[126.082281,40.976158],[126.069119,41.001115],[126.10841,41.006673],[126.116249,41.071456],[126.286479,41.163109],[126.409386,41.328033],[126.493678,41.374682],[126.513614,41.371525],[126.482936,41.354097],[126.538873,41.362727],[126.497356,41.406703],[126.551841,41.533953],[126.504614,41.50177],[126.399321,41.516795],[126.38045,41.567469],[126.405031,41.584839],[126.40387,41.671058],[126.301383,41.670833],[126.308835,41.815712],[126.217671,41.854175],[126.225704,41.893958],[126.120798,41.953558],[126.397386,42.063888],[126.50655,42.196633],[126.575551,42.20554],[126.531615,42.24972],[126.519421,42.397948],[126.629069,42.470545],[126.629746,42.584623],[126.715394,42.613497],[126.734459,42.695731],[126.648715,42.729411],[126.541873,42.668498],[126.435322,42.674962],[126.382869,42.708764],[126.394676,42.804987],[126.36603,42.813807],[126.227639,42.773719],[126.029344,42.788611],[125.939922,42.830672],[125.903244,42.900455],[125.8415,42.925661],[125.865501,42.947556],[125.821564,42.997919],[125.772305,43.020118],[125.736594,42.991049],[125.741627,42.847037],[125.84421,42.766217],[125.64756,42.73896],[125.662173,42.65612],[125.727594,42.605146],[125.701368,42.573667],[125.600139,42.518195],[125.573816,42.451752],[125.262872,42.313098]]]]}},{"type":"Feature","properties":{"adcode":"220600","name":"白山市"},"geometry":{"type":"MultiPolygon","coordinates":[[[[126.551841,41.533953],[126.608262,41.669317],[126.6882,41.674481],[126.724781,41.711347],[126.696619,41.751667],[126.796493,41.695862],[126.808396,41.748079],[126.847591,41.733108],[126.931593,41.812911],[127.083629,41.703381],[127.038047,41.676839],[127.180696,41.59917],[127.122824,41.550601],[127.288989,41.504528],[127.256666,41.489613],[127.351797,41.465179],[127.54748,41.476947],[127.547673,41.449805],[127.665548,41.409634],[127.654128,41.428173],[127.872069,41.404618],[127.872263,41.440342],[128.010169,41.448228],[128.040751,41.393288],[128.101623,41.393232],[128.114204,41.364475],[128.212626,41.429131],[128.300693,41.539409],[128.315403,41.605183],[128.278725,41.658539],[128.170044,41.714881],[128.147592,41.780867],[128.112462,41.794595],[128.106753,41.950037],[128.047332,41.986185],[128.064558,42.011538],[127.907586,42.243601],[127.810713,42.29676],[127.817777,42.323489],[127.943781,42.367697],[128.035138,42.465501],[128.027783,42.561215],[127.967201,42.612004],[127.965942,42.653191],[127.886005,42.674796],[127.837617,42.788335],[127.725356,42.821854],[127.58861,42.669713],[127.486607,42.631025],[127.468026,42.566805],[127.40425,42.569628],[127.319571,42.640312],[127.211568,42.602325],[127.253569,42.708984],[127.193761,42.823563],[126.822139,42.77747],[126.812461,42.709205],[126.705135,42.606142],[126.629746,42.584623],[126.633134,42.480411],[126.510905,42.410654],[126.526195,42.268629],[126.575551,42.20554],[126.50655,42.196633],[126.401741,42.079116],[126.120798,41.953558],[126.24293,41.881483],[126.230155,41.842588],[126.298673,41.828647],[126.319771,41.786751],[126.280963,41.696031],[126.317642,41.654553],[126.425451,41.658483],[126.383837,41.574047],[126.399321,41.516795],[126.504614,41.50177],[126.551841,41.533953]]]]}},{"type":"Feature","properties":{"adcode":"220700","name":"松原市"},"geometry":{"type":"MultiPolygon","coordinates":[[[[123.125462,44.509276],[123.128365,44.36688],[123.19698,44.345012],[123.299757,44.195213],[123.386372,44.161854],[123.328403,44.083854],[123.635669,44.078132],[123.683186,44.109865],[123.818577,43.986236],[124.157586,44.013695],[124.191264,43.98829],[124.308073,43.990994],[124.551176,44.120655],[124.721794,44.151018],[124.757698,44.202863],[124.761569,44.225322],[124.63634,44.20394],[124.600145,44.253262],[124.624823,44.359251],[124.56337,44.413167],[124.643308,44.448636],[124.545467,44.514367],[124.57508,44.545062],[124.552434,44.569371],[124.634308,44.640686],[124.826409,44.66597],[124.807248,44.704117],[125.02635,44.788014],[125.107352,44.765344],[125.313099,44.814247],[125.231904,44.84505],[125.247194,44.860073],[125.436877,44.897186],[125.600623,44.885687],[125.654044,44.93901],[125.719949,44.93901],[125.920664,44.771426],[126.049667,44.786787],[126.061764,44.883398],[126.10812,44.924274],[126.192509,44.917303],[126.144605,44.9816],[126.188154,45.000891],[126.19638,45.103242],[126.154282,45.142689],[125.996246,45.16378],[125.823693,45.238014],[125.706787,45.341366],[125.701948,45.501808],[125.628301,45.521976],[125.497362,45.469355],[125.42507,45.485584],[125.362262,45.392681],[125.317164,45.422857],[125.069706,45.384606],[125.088674,45.411042],[125.030415,45.48943],[124.961219,45.495224],[124.91496,45.539453],[124.876249,45.438308],[124.792925,45.437042],[124.760601,45.468407],[124.639243,45.434564],[124.585145,45.453807],[124.555047,45.411991],[124.480723,45.456232],[124.373785,45.458551],[124.087035,45.32779],[124.069422,45.236109],[123.919321,45.209539],[123.720348,45.048745],[123.57228,44.963153],[123.492536,44.959538],[123.497955,44.930977],[123.419663,44.855758],[123.523795,44.707001],[123.289789,44.635874],[123.148592,44.554005],[123.125462,44.509276]]]]}},{"type":"Feature","properties":{"adcode":"220800","name":"白城市"},"geometry":{"type":"MultiPolygon","coordinates":[[[[124.373785,45.458551],[124.358688,45.544821],[124.283686,45.541295],[124.226587,45.633428],[124.14723,45.623075],[124.137843,45.687207],[124.001969,45.770662],[124.062551,45.796549],[124.036228,45.83808],[124.068648,45.868802],[123.971581,45.93192],[123.965677,45.96071],[124.012033,45.982018],[123.992775,46.007912],[124.038357,46.018036],[123.995678,46.098755],[124.008936,46.154897],[123.961613,46.194443],[123.966452,46.277086],[123.934806,46.285863],[123.917579,46.256827],[123.866675,46.299518],[123.574216,46.230218],[123.499891,46.259528],[123.356178,46.228399],[123.223303,46.270541],[123.128462,46.210462],[123.112397,46.130062],[122.793131,46.073217],[122.828551,45.912266],[122.752388,45.834834],[122.792453,45.766259],[122.748613,45.712608],[122.671482,45.700644],[122.640611,45.771134],[122.567157,45.806817],[122.518285,45.784708],[122.445993,45.916919],[122.374959,45.920682],[122.37312,45.856139],[122.337409,45.859907],[122.262698,45.794978],[122.216245,45.845042],[122.091596,45.881986],[122.071177,45.930614],[122.00653,45.966717],[121.812879,46.025863],[121.764588,46.000656],[121.809299,45.961546],[121.817138,45.875604],[121.740394,45.786751],[121.644391,45.752471],[121.756846,45.690724],[121.867074,45.719744],[121.970142,45.692771],[122.003336,45.623286],[121.972561,45.568971],[122.023466,45.49022],[122.164566,45.443264],[122.179857,45.409564],[122.146856,45.374525],[122.147243,45.295607],[122.238987,45.27631],[122.241794,45.247749],[122.230084,45.206839],[122.143275,45.18301],[122.109887,45.142053],[122.079112,44.914217],[122.049595,44.912833],[122.092371,44.799532],[122.157405,44.777347],[122.098855,44.7448],[122.152469,44.743839],[122.103016,44.673986],[122.113468,44.615444],[122.272666,44.473468],[122.29444,44.410913],[122.274214,44.273819],[122.319409,44.232914],[122.482671,44.236898],[122.675547,44.285762],[122.760614,44.369727],[123.040202,44.499093],[123.125462,44.509276],[123.142301,44.545008],[123.370307,44.662817],[123.523795,44.707001],[123.429825,44.849312],[123.489729,44.952838],[123.57228,44.963153],[123.746865,45.064351],[123.919321,45.209539],[124.069422,45.236109],[124.07368,45.314158],[124.373785,45.458551]]]]}},{"type":"Feature","properties":{"adcode":"222400","name":"延边朝鲜族自治州"},"geometry":{"type":"MultiPolygon","coordinates":[[[[128.064558,42.011538],[128.440051,42.023095],[128.569152,41.996406],[128.606604,42.030072],[128.679574,42.014386],[128.738027,42.050219],[128.930516,42.014107],[128.971259,42.096961],[129.009486,42.092277],[129.077616,42.160047],[129.113714,42.140771],[129.21591,42.208211],[129.1832,42.262067],[129.240588,42.306486],[129.206233,42.312765],[129.256653,42.323211],[129.244556,42.378911],[129.354785,42.409489],[129.351204,42.454303],[129.392721,42.428184],[129.452336,42.440995],[129.546209,42.361535],[129.616082,42.463949],[129.65218,42.42652],[129.704536,42.427241],[129.748569,42.471044],[129.739763,42.573833],[129.786312,42.607137],[129.754473,42.64595],[129.796861,42.681867],[129.768989,42.705892],[129.846798,42.918452],[129.870605,42.919058],[129.856282,42.953716],[129.939703,43.012261],[130.027286,42.967519],[130.143999,42.976426],[130.104514,42.928302],[130.136063,42.903482],[130.277067,42.893904],[130.254808,42.714671],[130.387876,42.603044],[130.446813,42.607248],[130.441781,42.549813],[130.475556,42.561603],[130.482524,42.626657],[130.522783,42.6224],[130.535461,42.54483],[130.585978,42.485343],[130.574365,42.450255],[130.640173,42.422693],[130.565558,42.506452],[130.5703,42.554352],[130.610463,42.554684],[130.634754,42.600445],[130.592075,42.671702],[130.528783,42.703794],[130.466265,42.688109],[130.402102,42.729411],[130.667077,42.848194],[130.78379,42.841638],[130.826178,42.882562],[130.890728,42.852932],[130.949665,42.877001],[131.043345,42.863178],[131.033764,42.928687],[131.115056,42.91504],[131.143509,42.957181],[131.102475,43.021437],[131.218511,43.14706],[131.20293,43.228367],[131.255189,43.265149],[131.319546,43.498733],[131.158703,43.430722],[131.001344,43.507562],[130.908051,43.434542],[130.859759,43.439071],[130.823468,43.502875],[130.630786,43.583325],[130.634947,43.614452],[130.412845,43.652686],[130.394457,43.703337],[130.423393,43.744663],[130.363779,43.845984],[130.383328,43.905784],[130.33852,43.964119],[130.36736,44.014668],[130.345198,44.050972],[130.260034,43.956221],[130.189678,43.940965],[130.085159,43.841865],[130.017125,43.867333],[130.017996,43.961468],[129.95122,44.027204],[129.78128,43.95541],[129.780215,43.892844],[129.468014,43.874592],[129.347914,43.798545],[129.254911,43.819531],[129.212136,43.784984],[129.23033,43.594483],[129.014324,43.523311],[128.949581,43.554034],[128.877966,43.540145],[128.784286,43.715613],[128.741801,43.734674],[128.767447,43.758559],[128.718768,43.817905],[128.760866,43.857689],[128.72351,43.894685],[128.648218,43.894685],[128.574958,44.047516],[128.450116,44.203725],[128.475472,44.310502],[128.446536,44.339853],[128.481665,44.375636],[128.462794,44.433024],[128.346662,44.509383],[128.211755,44.432112],[128.171786,44.346517],[128.072203,44.374884],[128.06388,44.26155],[128.103946,44.23006],[128.070461,44.181149],[128.100752,44.13538],[127.865004,44.062259],[127.783422,43.995913],[127.762518,43.937231],[127.861036,43.882175],[127.807809,43.827935],[127.924716,43.7079],[127.896554,43.625006],[127.719839,43.510396],[127.694968,43.378039],[127.625192,43.341216],[127.659451,43.27352],[127.636224,43.236688],[127.532189,43.146238],[127.480027,43.139768],[127.501801,43.070586],[127.469962,43.038026],[127.674838,42.902712],[127.819035,42.875789],[127.833165,42.775871],[127.869359,42.751431],[127.846907,42.730736],[127.886005,42.674796],[127.965942,42.653191],[127.967201,42.612004],[128.027783,42.561215],[128.043557,42.480134],[128.016266,42.427851],[127.810713,42.29676],[127.907586,42.243601],[128.064558,42.011538]]]]}},{"type":"Feature","properties":{"adcode":"230100","name":"哈尔滨市"},"geometry":{"type":"MultiPolygon","coordinates":[[[[125.761286,45.531346],[125.687959,45.514009],[125.696308,45.365401],[125.813464,45.246817],[125.992677,45.192686],[125.99699,45.162675],[126.166185,45.133516],[126.432083,45.234696],[126.569554,45.252661],[126.765185,45.17492],[126.792596,45.135359],[126.964296,45.132215],[126.970974,45.071028],[127.088966,44.929962],[127.0219,44.898942],[126.984193,44.824534],[127.041101,44.712251],[127.053485,44.566909],[127.09467,44.615835],[127.210435,44.64821],[127.262196,44.612881],[127.275692,44.640227],[127.392709,44.632243],[127.557034,44.575559],[127.570253,44.550701],[127.536998,44.522655],[127.465619,44.516518],[127.500961,44.449847],[127.485516,44.408688],[127.623544,44.277885],[127.590567,44.227905],[127.626605,44.187912],[127.681704,44.166969],[127.719829,44.202348],[127.728873,44.099458],[127.783834,44.071857],[128.007293,44.09427],[128.101491,44.13576],[128.060445,44.168622],[128.09203,44.215789],[128.050288,44.350467],[128.188733,44.364314],[128.211969,44.43229],[128.253016,44.446665],[128.232144,44.467619],[128.27166,44.530654],[128.408436,44.675868],[128.691587,44.663188],[128.75587,44.725138],[128.727207,44.734747],[128.85772,44.799456],[128.904611,44.883371],[129.061561,44.903732],[129.023298,44.973471],[129.051822,44.999234],[129.035681,45.041496],[128.997418,45.064515],[129.150333,45.11226],[129.105808,45.163325],[129.209885,45.223439],[129.174543,45.292032],[129.127653,45.275486],[129.062396,45.33883],[129.194162,45.389585],[129.198197,45.426919],[129.117774,45.474037],[129.109287,45.625369],[129.220738,45.593974],[129.298935,45.619779],[129.338729,45.721166],[129.556623,45.81712],[129.585982,45.887132],[129.793997,45.897081],[129.785092,45.970945],[129.80819,45.987073],[129.949278,45.908418],[130.116247,45.926489],[130.115829,46.069561],[130.240082,46.122319],[130.014953,46.335075],[129.923815,46.376022],[130.115412,46.386731],[130.170929,46.463328],[130.153119,46.538655],[130.197783,46.61715],[130.126543,46.598144],[130.138927,46.504178],[130.041807,46.526284],[130.086749,46.604058],[129.988794,46.565079],[129.921172,46.629395],[129.76116,46.531783],[129.683381,46.536646],[129.5928,46.608915],[129.439328,46.604375],[129.355705,46.652821],[129.281543,46.641954],[129.19945,46.576808],[129.197363,46.536012],[129.096486,46.555779],[129.020654,46.487778],[128.879844,46.524275],[128.839215,46.487461],[128.704248,46.483757],[128.7023,46.557787],[128.467292,46.62549],[128.39146,46.597933],[128.380051,46.565079],[128.24912,46.582512],[128.194298,46.565079],[128.172036,46.522054],[128.152834,46.539289],[128.08549,46.50841],[127.814723,46.605853],[127.589454,46.514651],[127.517936,46.529879],[127.505831,46.5992],[127.408432,46.666851],[127.187338,46.642587],[126.682118,46.375916],[126.635228,46.324781],[126.615609,46.235764],[126.457546,46.139788],[126.423178,46.084808],[126.170777,46.061457],[126.231025,45.963574],[126.310752,45.970411],[126.357086,45.889379],[126.35806,45.725029],[126.298647,45.74155],[126.306717,45.702599],[126.16549,45.703136],[126.124026,45.673825],[126.026627,45.711508],[125.981824,45.669636],[125.996016,45.633967],[125.927698,45.630313],[125.934099,45.585799],[125.848249,45.5097],[125.761286,45.531346]]]]}},{"type":"Feature","properties":{"adcode":"230200","name":"齐齐哈尔市"},"geometry":{"type":"MultiPolygon","coordinates":[[[[124.750152,48.924028],[124.709244,48.920393],[124.694356,48.840037],[124.654145,48.834372],[124.601828,48.632437],[124.518622,48.554264],[124.548954,48.531267],[124.508047,48.446923],[124.518761,48.377958],[124.5804,48.253873],[124.521683,48.186901],[124.529614,48.146922],[124.464079,48.097674],[124.416214,48.087922],[124.464774,48.159432],[124.420806,48.18106],[124.399239,48.259296],[124.318816,48.347118],[124.314224,48.503881],[124.259125,48.536559],[123.746531,48.197762],[123.571214,48.040775],[123.289037,47.943162],[123.164923,47.783126],[122.848796,47.674574],[122.574689,47.535401],[122.50651,47.401059],[122.418156,47.350476],[122.62144,47.121725],[122.851996,47.07234],[122.774773,46.97406],[122.802462,46.937342],[122.878572,46.957068],[122.906957,46.807369],[123.026617,46.718824],[123.163671,46.740105],[123.237276,46.862149],[123.374608,46.837658],[123.404662,46.935453],[123.360277,46.970914],[123.304064,46.96483],[123.301698,46.999852],[123.427481,46.934509],[123.516253,46.951298],[123.483416,46.845963],[123.514166,46.826091],[123.562726,46.825986],[123.577197,46.891147],[123.605581,46.891252],[123.625618,46.847645],[123.580119,46.827984],[123.629096,46.813575],[123.631322,46.731889],[123.604329,46.689734],[123.277349,46.661577],[123.279158,46.616939],[123.228371,46.588216],[123.045819,46.617784],[123.052915,46.580083],[123.002546,46.574483],[123.010616,46.435795],[123.178559,46.248095],[123.248129,46.273279],[123.373634,46.223005],[123.499974,46.259573],[123.566483,46.22577],[123.849912,46.302381],[123.870088,46.390653],[123.810118,46.484815],[123.824589,46.556942],[123.754462,46.642376],[123.785212,46.713134],[123.766428,46.74179],[123.855478,46.744318],[123.887341,46.684778],[124.003663,46.73705],[123.92797,46.862465],[124.007698,46.949514],[124.000601,47.002473],[124.072955,47.004988],[124.070728,47.048153],[124.195955,47.131346],[124.347061,47.138665],[124.418858,47.183915],[124.397569,47.259073],[124.428737,47.345373],[124.481332,47.360263],[124.61769,47.311203],[125.047356,47.478818],[125.079776,47.393256],[125.314923,47.38129],[125.337047,47.294215],[125.407452,47.285457],[126.446275,47.379937],[126.533377,47.482557],[126.557031,47.585703],[126.526281,47.603116],[126.518628,47.72557],[126.566354,47.726707],[126.590842,47.821117],[126.566632,47.880423],[126.631193,47.949339],[126.616862,48.053722],[126.590147,48.063892],[126.654708,48.11861],[126.573032,48.215585],[126.318683,48.178293],[126.322579,48.24067],[126.289742,48.271472],[126.051116,48.282826],[125.947178,48.318611],[125.948709,48.341602],[125.843379,48.357945],[125.799689,48.556299],[125.723579,48.565962],[125.71537,48.609577],[125.76713,48.588842],[125.892496,48.636906],[125.873712,48.668483],[126.007843,48.738168],[125.959701,48.780723],[125.838788,48.867342],[125.697838,48.803202],[125.622563,48.890994],[125.513894,48.859152],[125.462551,48.798848],[125.309079,48.726814],[125.128753,48.725801],[125.045965,48.74648],[125.040955,48.78923],[124.992813,48.813425],[125.013127,48.8915],[124.750152,48.924028]]]]}},{"type":"Feature","properties":{"adcode":"230300","name":"鸡西市"},"geometry":{"type":"MultiPolygon","coordinates":[[[[131.788856,45.904033],[131.574023,45.915476],[131.452135,45.812728],[131.47885,45.724599],[131.35752,45.705819],[131.338179,45.684241],[131.372686,45.672106],[131.304786,45.59806],[131.04014,45.65159],[131.020104,45.686281],[130.946638,45.667381],[130.938428,45.624294],[130.890703,45.609996],[130.865241,45.633215],[130.777025,45.618919],[130.744049,45.509162],[130.660843,45.479211],[130.652216,45.439862],[130.557183,45.391311],[130.474673,45.300573],[130.493318,45.276784],[130.433766,45.205249],[130.465351,45.181854],[130.403433,45.134275],[130.420408,45.089369],[130.485387,45.054852],[130.556627,45.100978],[130.720534,44.965424],[130.797757,45.003147],[130.866493,44.991191],[130.968065,44.854614],[131.102058,44.898071],[131.107763,44.938122],[131.275149,44.919841],[131.355294,44.989887],[131.49346,44.968143],[131.485668,44.9963],[131.685335,45.115839],[131.687422,45.15097],[131.65055,45.159857],[131.681717,45.215103],[131.721651,45.234372],[131.793586,45.211746],[131.830041,45.311599],[131.887645,45.342288],[131.915195,45.340019],[131.932031,45.287274],[132.025673,45.250605],[132.915199,45.031721],[133.007727,45.042799],[133.138797,45.12701],[133.098029,45.267049],[133.144085,45.430694],[133.210037,45.51207],[133.413322,45.572568],[133.413183,45.615802],[133.464247,45.618382],[133.448942,45.645251],[133.488179,45.659969],[133.447689,45.705712],[133.484562,45.738761],[133.469813,45.777901],[133.495136,45.774685],[133.471065,45.838005],[133.532426,45.897081],[133.576395,45.870761],[133.616884,45.901039],[133.603388,45.92852],[133.67268,45.940278],[133.746146,46.065189],[133.694107,46.156505],[133.764373,46.173111],[133.800689,46.219284],[133.849527,46.203862],[133.867477,46.250646],[133.910054,46.254472],[133.922994,46.330724],[133.869425,46.338153],[133.940943,46.381429],[133.931481,46.42446],[133.85231,46.450093],[133.863859,46.527447],[133.663079,46.547112],[133.507659,46.516977],[133.482753,46.563177],[133.427932,46.540558],[133.349456,46.56677],[133.320932,46.610288],[133.2323,46.576808],[133.207394,46.471162],[133.090516,46.467986],[133.083698,46.400935],[132.995204,46.344943],[133.029989,46.338365],[133.028459,46.308539],[132.968489,46.211733],[132.878883,46.136806],[132.793311,46.13393],[132.746143,46.183541],[132.679077,46.165022],[132.607976,46.072121],[132.571382,46.074573],[132.485254,45.992412],[132.309102,46.029346],[132.267917,45.988888],[132.277656,45.892053],[132.212539,45.846356],[131.97113,45.820119],[131.92744,45.884351],[131.867609,45.799121],[131.788716,45.789262],[131.788856,45.904033]]]]}},{"type":"Feature","properties":{"adcode":"230400","name":"鹤岗市"},"geometry":{"type":"MultiPolygon","coordinates":[[[[130.785096,48.357332],[130.610613,48.300721],[130.521842,48.289576],[130.455332,48.329648],[130.290173,48.293666],[130.2469,48.249472],[130.251352,48.16548],[130.129883,48.145896],[129.879708,48.316771],[129.841583,48.260115],[129.783423,48.240977],[129.803737,48.190897],[129.741402,48.119226],[129.745437,48.035123],[129.779666,48.007161],[129.675032,47.978978],[129.711904,47.924523],[129.699799,47.887226],[129.750446,47.875372],[129.773126,47.782506],[129.908927,47.72588],[129.898492,47.678817],[129.929659,47.654286],[129.901275,47.571914],[129.934808,47.56507],[129.869272,47.538202],[129.903223,47.440992],[129.837966,47.426333],[129.901275,47.332979],[129.858002,47.332354],[129.931886,47.294319],[129.937312,47.259177],[130.126404,47.207414],[130.145049,47.136574],[130.209332,47.091806],[130.383675,47.065116],[130.369204,47.09233],[130.412477,47.128732],[130.538678,47.122457],[130.657365,47.183497],[130.692845,47.204908],[130.560662,47.314746],[130.624945,47.338499],[130.792331,47.29067],[130.98351,47.318289],[130.968065,47.220672],[131.094962,47.192898],[131.195978,47.22443],[131.339153,47.181826],[131.481772,47.253649],[131.720816,47.240815],[131.888202,47.277742],[131.929805,47.245093],[132.004245,47.252605],[132.037082,47.278159],[132.047935,47.366093],[132.20906,47.406989],[132.411788,47.540381],[132.473706,47.641343],[132.456035,47.669089],[132.523935,47.71616],[132.344583,47.767219],[132.242593,47.710059],[132.000488,47.712231],[131.970573,47.671573],[131.713859,47.711197],[131.590441,47.660808],[131.559413,47.724639],[131.456031,47.747174],[131.030122,47.694751],[130.966674,47.73322],[130.961665,47.827928],[130.891399,47.927201],[130.693958,48.048276],[130.668774,48.099214],[130.8459,48.300721],[130.785096,48.357332]]]]}},{"type":"Feature","properties":{"adcode":"230500","name":"双鸭山市"},"geometry":{"type":"MultiPolygon","coordinates":[[[[134.498201,47.449308],[134.511837,47.739525],[134.55177,47.738492],[134.55177,47.784572],[134.513367,47.784572],[134.517402,47.883825],[134.465224,47.887123],[134.359478,47.778995],[134.374783,47.731152],[134.294916,47.647038],[134.217972,47.629432],[134.191813,47.588502],[134.108746,47.617312],[134.101789,47.570981],[134.052116,47.572225],[134.052673,47.527929],[133.693273,47.544013],[133.634416,47.522947],[133.59337,47.441616],[133.455064,47.46552],[133.353213,47.331833],[133.292826,47.302449],[133.296305,47.201357],[133.210872,47.074538],[133.236892,47.040089],[133.18374,47.014735],[133.213238,46.979828],[133.139493,46.939231],[133.148955,46.899129],[132.97002,46.839235],[132.877909,46.767694],[132.812235,46.753901],[132.811539,46.779063],[132.719706,46.817151],[132.549537,46.789166],[132.43252,46.828194],[132.390221,46.814312],[132.400657,46.762851],[132.364202,46.767589],[132.207808,46.815679],[132.195285,46.877911],[132.267221,46.943743],[132.060041,46.976577],[131.929805,46.987272],[131.839642,46.958222],[131.837555,46.903749],[131.863296,46.900914],[131.763949,46.903434],[131.726521,46.864777],[131.728886,46.886735],[131.52908,46.891042],[131.554125,47.073805],[131.408306,47.068885],[131.404967,47.026261],[131.212675,46.965355],[131.085639,46.955599],[131.013286,46.989055],[130.836438,46.939651],[130.864823,46.890307],[130.828507,46.854793],[130.682271,46.835239],[130.668496,46.743265],[130.730552,46.714925],[130.719839,46.624962],[130.744049,46.597933],[130.945107,46.579554],[131.062681,46.400829],[131.229371,46.373477],[131.295602,46.331785],[131.28308,46.311193],[131.410393,46.249158],[131.70565,46.200883],[131.727355,46.176198],[131.698414,46.159699],[131.70718,46.092056],[131.929109,46.075319],[131.902951,46.024544],[131.925909,46.003623],[131.788856,45.904033],[131.788716,45.789262],[131.867609,45.799121],[131.92744,45.884351],[131.971965,45.829438],[132.027064,45.81637],[132.197511,45.843572],[132.277656,45.892053],[132.267917,45.988888],[132.309102,46.029346],[132.485254,45.992412],[132.72875,46.185243],[132.818078,46.130628],[132.953184,46.169599],[133.028459,46.308539],[133.029989,46.338365],[132.995204,46.344943],[133.083698,46.400935],[133.090516,46.467986],[133.207394,46.471162],[133.2323,46.576808],[133.320932,46.610288],[133.427932,46.540558],[133.482753,46.563177],[133.507659,46.516977],[133.663079,46.547112],[133.870677,46.508304],[133.932038,46.604269],[134.011209,46.638155],[134.064082,46.980037],[134.141444,47.091492],[134.222285,47.105303],[134.230216,47.182244],[134.157306,47.248432],[134.177621,47.326416],[134.314953,47.433299],[134.498201,47.449308]]]]}},{"type":"Feature","properties":{"adcode":"230600","name":"大庆市"},"geometry":{"type":"MultiPolygon","coordinates":[[[[125.332872,47.2865],[125.314923,47.38129],[125.079776,47.393256],[125.047356,47.478818],[124.824592,47.41115],[124.633691,47.307764],[124.481332,47.360263],[124.428737,47.345373],[124.397569,47.259073],[124.418858,47.183915],[124.347061,47.138665],[124.195955,47.131346],[124.070728,47.048153],[124.072955,47.004988],[124.000601,47.002473],[124.007698,46.949514],[123.929361,46.846068],[123.995314,46.80537],[124.003663,46.73705],[123.887341,46.684778],[123.855478,46.744318],[123.766428,46.74179],[123.785212,46.713134],[123.754462,46.642376],[123.812344,46.582301],[123.810118,46.484815],[123.866331,46.418633],[123.845599,46.313423],[123.896385,46.303655],[123.917535,46.25681],[123.958303,46.289956],[123.98307,46.224707],[123.956494,46.205776],[124.002132,46.166831],[123.995592,46.098771],[124.040952,46.025184],[124.005332,46.021342],[123.971521,45.931941],[124.068641,45.868835],[124.03316,45.833828],[124.064328,45.802229],[124.009367,45.781974],[124.014794,45.749916],[124.135011,45.690469],[124.147256,45.623004],[124.226566,45.63343],[124.29544,45.539205],[124.348731,45.546956],[124.398822,45.440617],[124.480636,45.456251],[124.544224,45.411923],[124.574695,45.443852],[124.729698,45.444067],[124.760587,45.468433],[124.779093,45.441371],[124.88637,45.442665],[124.914894,45.539528],[124.945366,45.502268],[125.02565,45.493326],[125.091742,45.382676],[125.31715,45.42282],[125.369884,45.394873],[125.433749,45.458731],[125.425123,45.485568],[125.497337,45.469295],[125.616719,45.517993],[125.761286,45.531346],[125.73151,45.687355],[125.806646,45.699594],[125.719961,45.769324],[125.773391,45.762784],[125.781183,45.799228],[125.72344,45.797085],[125.695751,45.907456],[125.420114,45.885527],[125.357083,46.147881],[125.219334,46.143622],[125.163956,46.196947],[125.116926,46.186626],[125.090629,46.266161],[125.064192,46.25936],[125.07908,46.171408],[125.135432,46.164596],[125.152825,46.129244],[125.223508,46.137551],[125.147259,46.043964],[125.09689,46.016113],[125.105517,46.044924],[125.061548,46.048871],[125.062661,46.083848],[124.904598,46.050044],[124.875935,46.068602],[124.931174,46.111346],[124.917677,46.208755],[125.052504,46.258191],[125.059044,46.337622],[125.017023,46.3355],[125.036086,46.406446],[124.987108,46.430075],[125.062244,46.487143],[125.172304,46.482805],[125.125831,46.448292],[125.191784,46.420646],[125.270816,46.436113],[125.240483,46.456764],[125.26525,46.467351],[125.250223,46.494445],[125.161312,46.520045],[125.202637,46.537069],[125.233665,46.496773],[125.26525,46.508833],[125.18107,46.652821],[125.27652,46.674866],[125.142389,46.760009],[125.190949,46.810209],[125.156164,46.835555],[125.235752,46.963572],[125.303653,47.012849],[125.343447,46.998175],[125.285286,47.083225],[125.332872,47.2865]]]]}},{"type":"Feature","properties":{"adcode":"230700","name":"伊春市"},"geometry":{"type":"MultiPolygon","coordinates":[[[[128.238962,46.57723],[128.36892,46.570997],[128.467292,46.62549],[128.565804,46.57892],[128.679481,46.575751],[128.704248,46.483757],[128.839215,46.487461],[128.913655,46.526178],[129.020654,46.487778],[129.082154,46.557893],[129.197363,46.536012],[129.281543,46.641954],[129.40663,46.643009],[129.439328,46.604375],[129.501385,46.619367],[129.589322,46.713871],[129.707591,46.73842],[129.701191,46.796638],[129.630507,46.815363],[129.534918,46.981086],[129.582921,46.97018],[129.565807,47.032547],[129.708287,47.062708],[129.691033,47.120366],[129.758516,47.148178],[129.795806,47.26408],[129.842557,47.256152],[129.886247,47.297759],[129.851323,47.320373],[129.914632,47.360263],[129.837966,47.426333],[129.886387,47.443279],[129.879569,47.528552],[129.928407,47.555631],[129.89557,47.609438],[129.912962,47.717091],[129.773126,47.782506],[129.750446,47.875372],[129.712878,47.871351],[129.678371,47.954897],[129.675032,47.978978],[129.780918,47.99914],[129.737506,48.026489],[129.733471,48.104038],[129.809303,48.173681],[129.783423,48.240977],[129.900718,48.310229],[130.129883,48.145896],[130.266101,48.18106],[130.246761,48.194791],[130.290173,48.293666],[130.455332,48.329648],[130.521842,48.289576],[130.763668,48.334859],[130.785096,48.357332],[130.74071,48.425305],[130.767425,48.507852],[130.621188,48.496039],[130.605743,48.594026],[130.538678,48.635585],[130.689784,48.849747],[130.680462,48.880989],[130.519894,48.858646],[130.444619,48.909989],[130.245369,48.866533],[130.031371,49.014835],[129.937312,49.040433],[129.847566,49.181286],[129.753925,49.208706],[129.761856,49.257382],[129.73041,49.288268],[129.584452,49.282253],[129.518499,49.423719],[129.422353,49.442111],[129.375045,49.414121],[129.35807,49.35609],[129.261645,49.375708],[129.185536,49.33326],[129.171204,49.284158],[129.241192,49.177669],[129.234096,49.10125],[129.294761,49.052219],[129.444476,49.037108],[129.437658,48.992552],[129.526569,48.935035],[129.50222,48.903423],[129.526291,48.869768],[129.435571,48.80472],[129.290865,48.79652],[129.238826,48.747088],[129.182753,48.766643],[129.16856,48.749925],[129.230061,48.682185],[129.199728,48.623396],[129.033177,48.570437],[128.95498,48.421327],[128.979468,48.413064],[128.923534,48.375814],[128.912681,48.280064],[128.815283,48.258785],[128.741677,48.409698],[128.497903,48.377652],[128.396887,48.296631],[128.334413,48.147947],[128.276809,48.157586],[128.132102,48.07827],[128.17454,48.057831],[128.163966,47.944397],[128.287244,47.928437],[128.350831,47.854749],[128.340257,47.824626],[128.275974,47.817299],[128.262755,47.754511],[128.322168,47.716678],[128.273469,47.65853],[128.295314,47.603531],[128.228248,47.541626],[128.347492,47.463649],[128.378799,47.40366],[128.449899,47.400123],[128.45463,47.347039],[128.522253,47.41687],[128.552585,47.407821],[128.49679,47.326728],[128.485519,47.244363],[128.358762,47.162706],[128.284879,47.1533],[128.24258,47.10614],[127.871631,47.080713],[127.748909,47.015678],[127.632866,47.000376],[127.830724,46.86877],[128.116379,46.5992],[128.238962,46.57723]]]]}},{"type":"Feature","properties":{"adcode":"230800","name":"佳木斯市"},"geometry":{"type":"MultiPolygon","coordinates":[[[[134.498201,47.449308],[134.568049,47.477883],[134.576398,47.519107],[134.67797,47.588606],[134.684093,47.631918],[134.78483,47.739319],[134.678527,47.81926],[134.677275,47.884855],[134.607983,47.909278],[134.551492,48.032759],[134.679362,48.155535],[134.679362,48.256431],[135.082869,48.396433],[135.094557,48.440704],[135.068538,48.459563],[134.927728,48.451612],[134.764377,48.370097],[134.704546,48.40531],[134.501679,48.418981],[134.203501,48.38245],[134.131426,48.335472],[133.74072,48.254794],[133.693273,48.186901],[133.597126,48.194893],[133.521712,48.115019],[133.302009,48.103012],[133.154103,48.136974],[133.066583,48.116969],[132.992004,48.035226],[132.883057,48.002431],[132.818913,47.937087],[132.722906,47.962926],[132.661406,47.944809],[132.687286,47.885062],[132.599071,47.792317],[132.600323,47.740766],[132.456313,47.681093],[132.473706,47.641343],[132.411788,47.540381],[132.20906,47.406989],[132.047935,47.366093],[132.019412,47.256987],[131.929805,47.245093],[131.888202,47.277742],[131.735008,47.242381],[131.481772,47.253649],[131.339153,47.181826],[131.195978,47.22443],[131.094962,47.192898],[130.968065,47.220672],[130.974605,47.307869],[130.792331,47.29067],[130.624945,47.338499],[130.562053,47.327666],[130.692845,47.204908],[130.538678,47.122457],[130.412477,47.128732],[130.356125,47.061661],[130.209332,47.091806],[130.145049,47.136574],[130.126404,47.207414],[129.937312,47.259177],[129.899883,47.304846],[129.861759,47.261264],[129.812086,47.270546],[129.758516,47.148178],[129.691033,47.120366],[129.718305,47.078934],[129.584869,47.030137],[129.582921,46.97018],[129.534918,46.981086],[129.572346,46.936922],[129.558432,46.899864],[129.630507,46.815363],[129.694651,46.806106],[129.707591,46.73842],[129.572903,46.702173],[129.510011,46.622745],[129.5928,46.608915],[129.683381,46.536646],[129.76116,46.531783],[129.921172,46.629395],[129.988794,46.565079],[130.071444,46.601629],[130.035824,46.541087],[130.138927,46.504178],[130.114577,46.574166],[130.191104,46.624962],[130.139205,46.407718],[130.066017,46.364144],[130.030954,46.387155],[129.923815,46.376022],[130.059895,46.294204],[130.240082,46.122319],[130.385762,46.089392],[130.655834,45.947653],[130.700776,45.966031],[130.690341,45.994548],[131.033044,46.021876],[131.04988,46.053458],[131.143383,46.007573],[131.247321,46.058577],[131.274175,46.048871],[131.279879,45.981733],[131.355154,46.019848],[131.34611,46.126794],[131.391609,46.133504],[131.410393,46.249158],[131.28308,46.311193],[131.295602,46.331785],[131.247738,46.366053],[131.062681,46.400829],[130.945107,46.579554],[130.719839,46.624962],[130.745162,46.678452],[130.668496,46.743265],[130.66613,46.830928],[130.828507,46.854793],[130.864823,46.890307],[130.836438,46.939651],[131.013286,46.989055],[131.059759,46.990522],[131.085639,46.955599],[131.212675,46.965355],[131.404967,47.026261],[131.408306,47.068885],[131.539237,47.076317],[131.52908,46.891042],[131.728886,46.886735],[131.726521,46.864777],[131.789412,46.903224],[131.78816,46.882848],[131.864687,46.88663],[131.839642,46.958222],[132.059067,46.989474],[132.267221,46.943743],[132.195285,46.877911],[132.237862,46.802424],[132.400657,46.762851],[132.390221,46.814312],[132.43252,46.828194],[132.549537,46.789166],[132.719706,46.817151],[132.811539,46.779063],[132.812235,46.753901],[133.148955,46.899129],[133.138519,46.921913],[133.201272,46.973326],[133.182488,46.982344],[133.213238,46.979828],[133.189445,46.999328],[133.222003,47.023746],[133.204333,47.038517],[133.236892,47.040089],[133.210872,47.074538],[133.277799,47.199269],[133.292826,47.302449],[133.353213,47.331833],[133.455064,47.46552],[133.59337,47.441616],[133.634416,47.522947],[133.693273,47.544013],[134.052673,47.527929],[134.052116,47.572225],[134.101789,47.570981],[134.108746,47.617312],[134.191813,47.588502],[134.327754,47.673021],[134.374783,47.731152],[134.384384,47.828031],[134.437953,47.838039],[134.465224,47.887123],[134.517402,47.883825],[134.513367,47.784572],[134.55177,47.784572],[134.55177,47.738492],[134.511837,47.739525],[134.498201,47.449308]]],[[[131.505983,46.249264],[131.493321,46.202798],[131.516558,46.224281],[131.547168,46.198436],[131.529637,46.128391],[131.630375,46.217901],[131.505983,46.249264]]]]}},{"type":"Feature","properties":{"adcode":"230900","name":"七台河市"},"geometry":{"type":"MultiPolygon","coordinates":[[[[131.630375,46.217901],[131.529637,46.128391],[131.520453,46.167257],[131.547029,46.183541],[131.516558,46.224281],[131.502783,46.198117],[131.505983,46.249264],[131.410393,46.249158],[131.391609,46.133504],[131.34611,46.126794],[131.355154,46.019848],[131.283219,45.968274],[131.274175,46.048871],[131.143383,46.007573],[131.062959,46.067855],[131.033044,46.021876],[130.700776,46.000954],[130.700776,45.966031],[130.655834,45.947653],[130.42333,46.080544],[130.240082,46.122319],[130.115829,46.069561],[130.116247,45.926489],[130.195557,45.872901],[130.199175,45.757316],[130.168981,45.709683],[130.309235,45.625369],[130.41039,45.672858],[130.482465,45.60677],[130.553844,45.627734],[130.627449,45.588811],[130.719421,45.656961],[130.777025,45.618919],[130.865241,45.633215],[130.890703,45.609996],[130.938428,45.624294],[130.946638,45.667381],[131.012869,45.680483],[131.164532,45.627948],[131.282941,45.628163],[131.304786,45.59806],[131.372686,45.672106],[131.338179,45.684241],[131.35752,45.705819],[131.463406,45.728033],[131.452135,45.812728],[131.574023,45.915476],[131.788856,45.904033],[131.925909,46.003623],[131.902951,46.024544],[131.929109,46.075319],[131.778003,46.059217],[131.70718,46.092056],[131.721233,46.201628],[131.630375,46.217901]]]]}},{"type":"Feature","properties":{"adcode":"231000","name":"牡丹江市"},"geometry":{"type":"MultiPolygon","coordinates":[[[[128.253016,44.446665],[128.372676,44.514326],[128.462005,44.434375],[128.481623,44.37563],[128.44656,44.339915],[128.472301,44.319796],[128.450456,44.204772],[128.645253,43.935656],[128.636487,43.891256],[128.728598,43.890813],[128.760879,43.857686],[128.718719,43.817886],[128.759209,43.760968],[128.735555,43.751976],[128.783976,43.715883],[128.878035,43.540106],[128.949831,43.553808],[129.014393,43.52328],[129.229643,43.593004],[129.211277,43.782499],[129.255245,43.81966],[129.368505,43.800916],[129.498045,43.88029],[129.742794,43.875969],[129.780362,43.893028],[129.78217,43.962545],[129.936338,44.02756],[130.003265,43.98909],[130.009248,43.889484],[130.066435,43.834408],[130.153676,43.915619],[130.262344,43.949821],[130.353203,44.05032],[130.338593,43.94628],[130.383258,43.905764],[130.362665,43.842833],[130.423469,43.744648],[130.394111,43.702439],[130.413034,43.652306],[130.630093,43.622384],[130.623553,43.589776],[130.823359,43.502882],[130.861762,43.438076],[130.908096,43.434504],[131.026783,43.50879],[131.142548,43.425798],[131.291289,43.469093],[131.302559,43.503551],[131.200291,43.532752],[131.209057,43.584766],[131.244816,43.604246],[131.21671,43.613149],[131.213509,43.801249],[131.262348,43.916394],[131.243425,43.986989],[131.266105,44.034411],[131.310629,44.046564],[131.093431,44.745664],[130.972796,44.819956],[130.866493,44.991191],[130.797757,45.003147],[130.720534,44.965424],[130.556627,45.100978],[130.485387,45.054852],[130.412895,45.118117],[130.467716,45.169394],[130.444479,45.188678],[130.49304,45.33721],[130.652216,45.439862],[130.660843,45.479211],[130.744049,45.509162],[130.777025,45.618919],[130.73417,45.653309],[130.627449,45.588811],[130.553844,45.627734],[130.482465,45.60677],[130.41039,45.672858],[130.340402,45.619134],[130.265545,45.668455],[130.21295,45.652127],[130.211558,45.690898],[130.169259,45.696266],[130.195557,45.872901],[130.116247,45.926489],[129.949278,45.908418],[129.80819,45.987073],[129.785092,45.970945],[129.793997,45.897081],[129.585982,45.887132],[129.50862,45.789262],[129.344295,45.735757],[129.298935,45.619779],[129.220738,45.593974],[129.109287,45.625369],[129.102051,45.567188],[129.140315,45.535975],[129.117774,45.474037],[129.198197,45.426919],[129.194162,45.389585],[129.062396,45.33883],[129.127653,45.275486],[129.174543,45.292032],[129.210859,45.259152],[129.187344,45.204924],[129.105808,45.163325],[129.150333,45.11226],[128.997418,45.064515],[129.035681,45.041496],[129.061561,44.903732],[128.904611,44.883371],[128.847981,44.806108],[128.727207,44.734747],[128.747799,44.699689],[128.691587,44.663188],[128.408436,44.675868],[128.235206,44.480451],[128.253016,44.446665]]]]}},{"type":"Feature","properties":{"adcode":"231100","name":"黑河市"},"geometry":{"type":"MultiPolygon","coordinates":[[[[126.019949,50.92083],[125.996295,50.871584],[125.958866,50.900188],[125.90474,50.855577],[125.924776,50.844903],[125.832109,50.785764],[125.84644,50.769631],[125.758921,50.746782],[125.825152,50.704945],[125.787584,50.677195],[125.829326,50.561639],[125.646495,50.451475],[125.562037,50.438164],[125.583604,50.408003],[125.513199,50.409375],[125.546731,50.360374],[125.463386,50.295812],[125.448637,50.216412],[125.337881,50.15904],[125.376006,50.13747],[125.277494,50.124662],[125.257458,50.102979],[125.283756,50.070238],[125.328142,50.065996],[125.262885,50.046161],[125.294052,50.029281],[125.231578,49.957645],[125.183575,49.952701],[125.24424,49.875602],[125.23937,49.844689],[125.17787,49.829423],[125.227265,49.792229],[125.220864,49.672222],[125.185523,49.634709],[125.132093,49.672023],[125.139606,49.626247],[125.234639,49.591986],[125.235613,49.540948],[125.211264,49.539951],[125.27012,49.455101],[125.273738,49.360795],[125.226708,49.285561],[125.221003,49.191031],[125.130701,49.139173],[125.062244,49.141787],[125.039842,49.176263],[124.860908,49.166515],[124.809426,49.11594],[124.82334,49.046578],[124.750152,48.924028],[125.013127,48.8915],[124.992813,48.813425],[125.040955,48.78923],[125.045965,48.74648],[125.128753,48.725801],[125.309079,48.726814],[125.413713,48.792672],[125.452255,48.783559],[125.513894,48.859152],[125.622563,48.890994],[125.697838,48.803202],[125.838788,48.867342],[125.959701,48.780723],[126.007843,48.738168],[125.989894,48.711503],[125.873712,48.668483],[125.892496,48.636906],[125.816108,48.600227],[125.726501,48.598295],[125.707021,48.562402],[125.799689,48.556299],[125.788836,48.490233],[125.843379,48.357945],[125.948709,48.341602],[125.947178,48.318611],[126.051116,48.282826],[126.289742,48.271472],[126.322579,48.24067],[126.318683,48.178293],[126.556475,48.212],[126.666535,48.131229],[126.615748,48.113172],[126.590147,48.063892],[126.63008,47.98906],[126.580407,47.912059],[126.566354,47.726707],[126.518628,47.72557],[126.540056,47.588606],[126.756559,47.733737],[126.931458,47.713162],[127.148657,47.788393],[127.405789,47.784675],[127.513205,47.828857],[127.660694,47.83938],[127.692975,47.777136],[127.891946,47.955],[127.87998,48.060707],[127.980717,48.097674],[128.087995,48.061735],[128.211552,48.134922],[128.334413,48.147947],[128.396887,48.296631],[128.497903,48.377652],[128.675864,48.413472],[128.755591,48.397453],[128.787733,48.293462],[128.850346,48.251007],[128.912681,48.280064],[128.923534,48.375814],[129.032481,48.556909],[129.107478,48.614454],[129.199728,48.623396],[129.230061,48.682185],[129.165499,48.737966],[129.266794,48.754181],[129.290865,48.79652],[129.435571,48.80472],[129.526291,48.869768],[129.50222,48.903423],[129.526569,48.935035],[129.460199,48.950278],[129.444476,49.037108],[129.222686,49.086657],[129.241192,49.177669],[129.171204,49.284158],[129.241888,49.37871],[129.289891,49.362097],[129.266515,49.396019],[129.084937,49.359895],[129.013558,49.457299],[128.871356,49.492353],[128.761435,49.482069],[128.812778,49.558199],[128.784115,49.589794],[128.727207,49.567969],[128.531297,49.603243],[128.185811,49.539353],[128.001449,49.592285],[127.81514,49.593879],[127.705219,49.665159],[127.674886,49.764142],[127.532267,49.825953],[127.547434,49.928763],[127.500543,49.983743],[127.496508,50.041127],[127.587089,50.137766],[127.608516,50.229785],[127.393683,50.284814],[127.332322,50.340563],[127.364603,50.438359],[127.305051,50.454411],[127.370725,50.58126],[127.294615,50.663558],[127.304216,50.728301],[127.114011,50.937686],[127.030944,50.98125],[126.994767,50.92674],[126.47633,50.902126],[126.243687,51.00321],[126.12987,50.974863],[126.103711,50.923058],[126.019949,50.92083]]]]}},{"type":"Feature","properties":{"adcode":"231200","name":"绥化市"},"geometry":{"type":"MultiPolygon","coordinates":[[[[125.761286,45.531346],[125.777009,45.511208],[125.894305,45.545018],[125.934099,45.585799],[125.927698,45.630313],[125.996016,45.633967],[125.98085,45.658036],[126.026627,45.711508],[126.124026,45.673825],[126.16549,45.703136],[126.306717,45.702599],[126.298647,45.74155],[126.35806,45.725029],[126.357086,45.889379],[126.310752,45.970411],[126.231025,45.963574],[126.170777,46.061457],[126.423178,46.084808],[126.457546,46.139788],[126.615609,46.235764],[126.635228,46.324781],[126.742784,46.417149],[126.837539,46.438443],[126.878446,46.487038],[127.187338,46.642587],[127.408432,46.666851],[127.505831,46.5992],[127.509727,46.539924],[127.569696,46.512535],[127.814723,46.605853],[128.12111,46.508516],[128.20056,46.534743],[128.194298,46.565079],[128.238962,46.57723],[128.08229,46.61715],[127.830724,46.86877],[127.647893,46.988216],[127.963325,47.093376],[128.109979,47.078097],[128.24258,47.10614],[128.284879,47.1533],[128.343318,47.157062],[128.485519,47.244363],[128.49679,47.326728],[128.546741,47.376294],[128.537836,47.428413],[128.471605,47.344436],[128.449899,47.400123],[128.378799,47.40366],[128.340117,47.429244],[128.347492,47.463649],[128.238267,47.524919],[128.249676,47.583319],[128.295314,47.603531],[128.275695,47.645692],[128.322168,47.716678],[128.266234,47.783952],[128.292253,47.836801],[128.340257,47.824626],[128.339004,47.892482],[128.227553,47.946765],[128.163966,47.944397],[128.157426,48.070362],[127.980717,48.097674],[127.87998,48.060707],[127.861335,48.030704],[127.891946,47.955],[127.692975,47.777136],[127.660694,47.83938],[127.54159,47.832674],[127.405789,47.784675],[127.148657,47.788393],[126.931458,47.713162],[126.803449,47.74273],[126.711338,47.713472],[126.587364,47.638547],[126.446275,47.379937],[125.332872,47.2865],[125.331203,47.146819],[125.285286,47.083225],[125.34456,47.013058],[125.235752,46.963572],[125.158668,46.845542],[125.190532,46.826512],[125.142389,46.760009],[125.27652,46.674866],[125.18107,46.652821],[125.248971,46.588322],[125.239787,46.527553],[125.26525,46.508833],[125.233665,46.496773],[125.202637,46.537069],[125.161312,46.520045],[125.250223,46.494445],[125.27012,46.478783],[125.240483,46.456764],[125.270816,46.436113],[125.191784,46.420646],[125.125831,46.448292],[125.179122,46.477301],[125.062244,46.487143],[124.987108,46.430075],[125.036086,46.406446],[125.036781,46.347171],[125.012153,46.343988],[125.059044,46.337622],[125.052504,46.258191],[124.917677,46.208755],[124.931174,46.111346],[124.875935,46.068602],[124.904598,46.050044],[125.062661,46.083848],[125.061548,46.048871],[125.097307,46.056444],[125.085341,46.03052],[125.147259,46.043964],[125.223508,46.137551],[125.152825,46.129244],[125.135432,46.164596],[125.07908,46.171408],[125.064192,46.25936],[125.090629,46.266161],[125.116926,46.186626],[125.163956,46.196947],[125.219334,46.143622],[125.357083,46.147881],[125.420114,45.885527],[125.695751,45.907456],[125.72344,45.797085],[125.781183,45.799228],[125.785775,45.776078],[125.719961,45.769324],[125.806646,45.699594],[125.73151,45.687355],[125.761286,45.531346]]]]}},{"type":"Feature","properties":{"adcode":"232700","name":"大兴安岭地区"},"geometry":{"type":"MultiPolygon","coordinates":[[[[127.030944,50.98125],[126.922832,51.061881],[126.900013,51.200673],[126.984054,51.318785],[126.876498,51.316287],[126.921719,51.259671],[126.884846,51.244568],[126.820285,51.280922],[126.83726,51.345098],[126.923527,51.347786],[126.923945,51.387128],[126.791344,51.432569],[126.844078,51.521978],[126.679057,51.602238],[126.729287,51.627815],[126.734296,51.711508],[126.672935,51.731789],[126.462555,51.948494],[126.461859,52.035943],[126.514593,52.037361],[126.560231,52.133883],[126.306996,52.205714],[126.317014,52.239421],[126.434727,52.297924],[126.343311,52.304597],[126.317988,52.329119],[126.353608,52.389286],[126.270541,52.474375],[126.205423,52.466136],[126.213354,52.525274],[126.147401,52.572939],[126.066978,52.603847],[126.022036,52.580411],[125.968606,52.630348],[125.995877,52.675197],[126.06183,52.673426],[126.051533,52.747267],[126.118043,52.761407],[126.054038,52.799616],[125.966658,52.760012],[125.836144,52.898841],[125.678498,52.860997],[125.672236,52.922384],[125.723718,52.933687],[125.751964,52.985534],[125.684341,53.008105],[125.613797,53.08341],[125.53073,53.050994],[125.503876,53.095318],[125.141972,53.20427],[124.887623,53.16439],[124.909468,53.118108],[124.872595,53.099102],[124.842958,53.140241],[124.734429,53.146694],[124.68406,53.206387],[124.435833,53.223874],[124.239367,53.379651],[124.108992,53.355256],[123.89402,53.481296],[123.698249,53.498396],[123.621026,53.550112],[123.569683,53.505161],[123.531559,53.507172],[123.558134,53.532119],[123.517366,53.55842],[123.49093,53.542715],[123.510688,53.509092],[123.472424,53.509092],[123.456701,53.536412],[123.28041,53.563624],[123.137373,53.498305],[122.461985,53.444329],[122.350116,53.505527],[122.161441,53.468581],[122.111212,53.427024],[121.876064,53.426657],[121.49955,53.337181],[121.678902,53.241354],[121.665266,53.170563],[121.748055,53.149091],[121.814981,53.069099],[121.785484,53.018554],[121.715635,52.998024],[121.603905,52.872224],[121.620324,52.851067],[121.373071,52.683117],[121.182448,52.599273],[121.325624,52.572659],[121.51889,52.456677],[121.640082,52.444406],[121.678763,52.419761],[121.658448,52.390318],[121.714104,52.318128],[121.84114,52.282694],[121.947722,52.298394],[122.169233,52.513584],[122.207914,52.469225],[122.310461,52.475311],[122.342324,52.414136],[122.416486,52.374182],[122.447236,52.393976],[122.478125,52.296232],[122.787296,52.25269],[122.744719,52.164439],[122.629232,52.136619],[122.625058,52.067606],[122.683914,51.974538],[122.726213,51.978798],[122.713412,51.907455],[122.77199,51.779549],[122.750145,51.747683],[122.880242,51.537754],[122.85464,51.477678],[122.966091,51.386936],[123.002685,51.312157],[123.059176,51.321859],[123.270809,51.255439],[123.440143,51.270923],[123.642593,51.319842],[123.71105,51.398253],[123.842538,51.367557],[123.926161,51.300626],[124.211121,51.348746],[124.350123,51.272077],[124.406474,51.272077],[124.443625,51.358056],[124.490237,51.380413],[124.624508,51.328678],[124.693521,51.332711],[124.764622,51.38732],[124.885118,51.387991],[124.935209,51.437647],[124.928808,51.498542],[125.047495,51.529628],[125.07421,51.630391],[125.128475,51.659004],[125.130284,51.635448],[125.370023,51.613883],[125.695473,51.337801],[125.757947,51.227342],[125.852006,51.212999],[125.868146,51.140539],[125.993651,51.118933],[125.97598,51.084575],[126.059186,51.043524],[126.03428,51.011043],[126.069622,50.980863],[126.019949,50.92083],[126.103711,50.923058],[126.12987,50.974863],[126.225042,51.001856],[126.310057,50.995278],[126.47633,50.902126],[126.994767,50.92674],[127.030944,50.98125]]],[[[124.143081,50.56613],[124.084086,50.568668],[124.087008,50.539959],[123.983626,50.510254],[123.988914,50.41153],[123.920317,50.373021],[123.84059,50.411432],[123.825702,50.449518],[123.780481,50.437087],[123.777698,50.344487],[123.864661,50.285305],[123.878853,50.20874],[123.953989,50.186996],[124.135429,50.237257],[124.282918,50.230769],[124.286535,50.189555],[124.324799,50.178434],[124.359723,50.201952],[124.349149,50.280787],[124.374055,50.31093],[124.347618,50.316623],[124.364176,50.360864],[124.439868,50.385567],[124.416632,50.449615],[124.439729,50.458325],[124.439312,50.536638],[124.143081,50.56613]]]]}},{"type":"Feature","properties":{"adcode":"310000","name":"上海"},"geometry":{"type":"MultiPolygon","coordinates":[[[[120.901349,31.017327],[120.989428,31.01425],[120.993124,30.889532],[121.020225,30.872069],[120.991892,30.837133],[121.038087,30.814007],[121.097833,30.857171],[121.13787,30.826342],[121.123087,30.77905],[121.21671,30.785734],[121.274608,30.677191],[121.362071,30.679764],[121.517288,30.775451],[121.681128,30.818633],[121.904714,30.814007],[121.943518,30.776993],[121.994025,30.862823],[121.977395,31.016301],[121.722396,31.3036],[121.343593,31.511996],[121.174826,31.44922],[121.113848,31.37465],[121.142797,31.275472],[121.090442,31.291838],[121.060261,31.245289],[121.076892,31.158267],[120.881023,31.134706],[120.859465,31.100379],[120.890878,31.094229],[120.901349,31.017327]]],[[[121.974931,31.61704],[121.599824,31.703128],[121.431673,31.769295],[121.323267,31.868458],[121.200079,31.834907],[121.118775,31.759119],[121.371926,31.553314],[121.434136,31.590535],[121.819098,31.437987],[121.890547,31.428795],[121.981706,31.464024],[121.974931,31.61704]]],[[[121.795693,31.330186],[121.742106,31.407345],[121.520984,31.494137],[121.76428,31.31536],[121.795693,31.330186]]],[[[121.801852,31.356765],[121.840656,31.295418],[122.097503,31.255522],[122.122756,31.307179],[121.845584,31.37465],[121.792613,31.377715],[121.801852,31.356765]]],[[[121.626925,31.445135],[121.631853,31.456878],[121.579498,31.479848],[121.626925,31.445135]]],[[[121.943518,31.215608],[121.959533,31.159291],[121.995873,31.160828],[122.008808,31.221238],[121.943518,31.215608]]],[[[121.88254,31.240684],[121.909026,31.195133],[121.923808,31.234032],[121.88254,31.240684]]]]}},{"type":"Feature","properties":{"adcode":"320100","name":"南京市"},"geometry":{"type":"MultiPolygon","coordinates":[[[[119.067452,32.462398],[119.01924,32.517986],[118.887907,32.55485],[118.896382,32.577268],[118.827011,32.572662],[118.824542,32.602531],[118.569509,32.586435],[118.617496,32.512411],[118.59673,32.476628],[118.692648,32.465122],[118.678672,32.393943],[118.707914,32.33841],[118.660263,32.305418],[118.644099,32.20998],[118.495592,32.177073],[118.507435,32.137895],[118.405455,32.080794],[118.38598,32.033147],[118.364371,31.930178],[118.4723,31.879623],[118.482178,31.778342],[118.55312,31.729032],[118.641686,31.758249],[118.684902,31.724914],[118.643594,31.649656],[118.71695,31.639463],[118.768304,31.677481],[118.799005,31.666361],[118.802765,31.619473],[118.858554,31.62395],[118.886279,31.527669],[118.86961,31.421561],[118.829481,31.377529],[118.767575,31.363973],[118.765386,31.387928],[118.721103,31.32267],[118.781382,31.239833],[119.10528,31.235293],[119.218035,31.348859],[119.140919,31.444969],[119.234087,31.627053],[119.055665,31.788962],[118.980458,31.764667],[119.002908,31.783431],[118.969457,31.834613],[119.107806,31.885149],[119.104157,31.933624],[119.037537,31.93897],[119.046854,31.968562],[119.111061,31.96949],[119.098489,32.07162],[119.079799,32.107343],[119.008913,32.115941],[119.039333,32.157023],[119.241664,32.216278],[119.037088,32.259868],[119.02373,32.456073],[119.067452,32.462398]]],[[[118.86585,31.518972],[118.846262,31.50912],[118.855691,31.504726],[118.86585,31.518972]]]]}},{"type":"Feature","properties":{"adcode":"320200","name":"无锡市"},"geometry":{"type":"MultiPolygon","coordinates":[[[[119.532617,31.159106],[119.582007,31.108667],[119.662491,31.159863],[119.919993,31.17091],[120.418834,31.448388],[120.536135,31.467083],[120.592766,31.527536],[120.594562,31.576022],[120.547978,31.576598],[120.543095,31.601741],[120.591475,31.611494],[120.561055,31.655682],[120.600792,31.70884],[120.584235,31.782147],[120.531533,31.787811],[120.490898,31.871313],[120.379322,31.91414],[120.370678,31.990817],[120.236595,31.932918],[120.022422,31.967767],[120.003339,31.828245],[120.175868,31.870208],[120.192537,31.767367],[120.154765,31.741428],[120.119462,31.630909],[120.057051,31.580412],[120.129733,31.504726],[120.044591,31.406234],[120.040157,31.364506],[120.09617,31.352504],[120.089603,31.332453],[120.023712,31.364951],[120.036228,31.497891],[119.948336,31.543376],[119.712891,31.558281],[119.657945,31.609322],[119.567976,31.490434],[119.5879,31.445812],[119.554562,31.43391],[119.527566,31.360328],[119.522571,31.242192],[119.553832,31.221049],[119.532617,31.159106]]]]}},{"type":"Feature","properties":{"adcode":"320300","name":"徐州市"},"geometry":{"type":"MultiPolygon","coordinates":[[[[118.408205,34.435512],[118.189598,34.380624],[118.177755,34.453241],[118.132855,34.483412],[118.184659,34.544192],[118.078975,34.569786],[118.114727,34.614396],[118.08397,34.655899],[117.963301,34.678547],[117.903135,34.64455],[117.79964,34.647291],[117.80166,34.518761],[117.684471,34.547322],[117.592257,34.462512],[117.493252,34.472641],[117.35294,34.584058],[117.281604,34.563827],[117.303381,34.548351],[117.255843,34.46204],[117.166043,34.434653],[117.151282,34.559283],[117.103912,34.648961],[117.062323,34.657697],[117.077365,34.696482],[116.951644,34.794562],[116.979146,34.81495],[116.966125,34.844477],[116.928858,34.842896],[116.976845,34.868526],[116.822164,34.929323],[116.815878,34.965292],[116.806785,34.936919],[116.802015,34.970497],[116.781192,34.916561],[116.631787,34.940717],[116.455779,34.900638],[116.40796,34.850714],[116.403189,34.756293],[116.371535,34.750177],[116.391796,34.710348],[116.364407,34.651831],[116.430466,34.650803],[116.509546,34.557525],[116.595193,34.511512],[116.573641,34.497699],[116.76065,34.462598],[116.828057,34.389216],[116.969324,34.38883],[116.968987,34.28369],[117.045261,34.24781],[117.038358,34.167436],[117.192702,34.068746],[117.343398,34.08056],[117.405753,34.030057],[117.545337,34.035191],[117.568909,33.985222],[117.616672,34.004946],[117.610217,34.029281],[117.666286,33.998688],[117.70361,33.887789],[117.740821,33.891981],[117.724713,33.749569],[117.752663,33.711515],[118.117982,33.766534],[118.168326,33.749569],[118.184771,33.844176],[118.125896,33.954959],[118.085766,33.942048],[118.03385,33.983927],[118.059836,34.048174],[118.048611,34.092545],[117.996583,34.105649],[117.998997,34.140038],[118.072408,34.170924],[118.10294,34.139521],[118.213844,34.14202],[118.222824,34.106986],[118.517705,34.117545],[118.519221,34.168598],[118.560192,34.165454],[118.571473,34.298957],[118.632706,34.308246],[118.673958,34.400728],[118.607899,34.446931],[118.585617,34.419496],[118.524216,34.440191],[118.462422,34.40687],[118.408205,34.435512]]]]}},{"type":"Feature","properties":{"adcode":"320400","name":"常州市"},"geometry":{"type":"MultiPolygon","coordinates":[[[[120.022422,31.967767],[119.919712,32.003663],[119.869593,32.058121],[119.804768,32.056091],[119.767613,31.949306],[119.789446,31.926909],[119.760485,31.926644],[119.781757,31.913875],[119.75521,31.880331],[119.811784,31.852213],[119.74,31.731157],[119.615009,31.796174],[119.586946,31.847438],[119.448822,31.885414],[119.423229,31.871666],[119.443378,31.828908],[119.342072,31.859553],[119.313785,31.813825],[119.316535,31.671013],[119.234087,31.627053],[119.140919,31.444969],[119.204509,31.357838],[119.197157,31.27352],[119.337526,31.258881],[119.350154,31.301012],[119.391182,31.174518],[119.482497,31.152513],[119.543,31.175498],[119.527566,31.360328],[119.591717,31.463042],[119.567976,31.490434],[119.657945,31.609322],[119.712891,31.558281],[119.832326,31.529178],[119.935652,31.552736],[120.036228,31.497891],[120.021075,31.382995],[120.089603,31.332453],[120.044591,31.406234],[120.129733,31.504726],[120.057051,31.580412],[120.15106,31.682398],[120.169021,31.760949],[120.205726,31.75338],[120.164081,31.832712],[120.185185,31.860437],[120.003339,31.828245],[120.022422,31.967767]]]]}},{"type":"Feature","properties":{"adcode":"320500","name":"苏州市"},"geometry":{"type":"MultiPolygon","coordinates":[[[[119.919993,31.17091],[120.001711,31.027114],[120.135121,30.941875],[120.371127,30.948751],[120.357994,30.887077],[120.423492,30.903069],[120.417992,30.925578],[120.489439,30.763432],[120.588949,30.854416],[120.699909,30.867821],[120.698225,30.970803],[120.891352,31.003737],[120.902128,31.085666],[120.856778,31.102828],[120.881305,31.134736],[121.062533,31.153137],[121.063263,31.267913],[121.161314,31.283975],[121.108332,31.350637],[121.162717,31.432222],[121.234725,31.492698],[121.343496,31.512049],[121.372232,31.553224],[121.145318,31.753911],[120.916664,31.793652],[120.78202,32.015979],[120.628405,32.001147],[120.465642,32.045811],[120.370678,31.990817],[120.368882,31.961099],[120.392062,31.905302],[120.490898,31.871313],[120.531533,31.787811],[120.584235,31.782147],[120.600792,31.70884],[120.561055,31.655682],[120.592092,31.625059],[120.543095,31.601741],[120.547978,31.576598],[120.584235,31.585157],[120.605787,31.525229],[120.495781,31.447944],[120.418834,31.448388],[120.209599,31.345658],[119.919993,31.17091]]]]}},{"type":"Feature","properties":{"adcode":"320600","name":"南通市"},"geometry":{"type":"MultiPolygon","coordinates":[[[[120.202303,32.600908],[120.255734,32.597619],[120.289185,32.384975],[120.359734,32.35798],[120.356198,32.130754],[120.512843,32.091732],[120.588276,32.009711],[120.78202,32.015979],[120.916664,31.793652],[121.101204,31.762542],[121.301907,31.872727],[121.385029,31.833552],[121.4315,31.76927],[121.599651,31.703127],[121.975185,31.617035],[121.96772,31.703924],[121.856031,31.955225],[121.759047,32.0594],[121.473089,32.169803],[121.493912,32.263478],[121.457767,32.27391],[121.425495,32.431033],[121.390529,32.460729],[120.961733,32.612178],[120.976044,32.658426],[120.792627,32.578452],[120.793469,32.600601],[120.701031,32.603496],[120.653381,32.571872],[120.612746,32.635634],[120.44308,32.629277],[120.431855,32.676525],[120.376122,32.71087],[120.225651,32.675911],[120.202303,32.600908]]],[[[121.403775,32.530583],[121.435205,32.520005],[121.436495,32.529266],[121.403775,32.530583]]]]}},{"type":"Feature","properties":{"adcode":"320700","name":"连云港市"},"geometry":{"type":"MultiPolygon","coordinates":[[[[119.823009,34.481996],[119.464986,34.674694],[119.522795,34.722329],[119.381809,34.752444],[119.48839,34.747868],[119.477165,34.769037],[119.324393,34.770406],[119.213602,34.833924],[119.211357,34.981715],[119.279436,35.071105],[119.29184,35.02849],[119.30183,35.093171],[119.24071,35.122938],[119.138057,35.09628],[119.120378,35.058024],[118.865345,35.029854],[118.860799,34.944003],[118.804617,34.852466],[118.769034,34.846143],[118.77358,34.795332],[118.716445,34.76382],[118.783402,34.722029],[118.681366,34.678333],[118.525226,34.712573],[118.468484,34.674309],[118.473816,34.623435],[118.423864,34.592929],[118.440421,34.52751],[118.408205,34.435512],[118.462422,34.40687],[118.524216,34.440191],[118.646457,34.439547],[118.669075,34.419281],[118.644268,34.359012],[118.78531,34.311814],[118.825328,34.358797],[118.924837,34.379293],[118.963788,34.350546],[119.015311,34.405324],[119.089565,34.42087],[119.057068,34.356176],[119.099667,34.208042],[119.13295,34.205415],[119.129077,34.145768],[119.209504,34.05624],[119.392809,34.036787],[119.43002,33.985611],[119.519596,34.025743],[119.563318,34.01021],[119.553889,34.060466],[119.588406,34.091338],[119.510279,34.160501],[119.740449,34.308805],[119.802411,34.376156],[119.795564,34.450494],[119.823009,34.481996]]]]}},{"type":"Feature","properties":{"adcode":"320800","name":"淮安市"},"geometry":{"type":"MultiPolygon","coordinates":[[[[119.184922,32.82564],[119.332699,32.81501],[119.325122,32.998434],[119.363736,33.053513],[119.313897,33.128614],[119.228531,33.151106],[119.219158,33.206002],[119.143277,33.230042],[119.153435,33.285281],[119.262655,33.303033],[119.235041,33.345138],[119.617983,33.427201],[119.498156,33.520297],[119.456455,33.64164],[119.496136,33.654207],[119.481655,33.685963],[119.559389,33.840069],[119.64599,33.924772],[119.53576,34.030877],[119.439169,33.979611],[119.403305,34.022335],[119.236164,34.036312],[119.18408,34.089786],[119.0427,33.968905],[119.053252,33.937383],[119.008015,33.896604],[118.972263,33.919372],[118.863661,33.891376],[118.807311,33.819356],[118.799566,33.64671],[118.757977,33.635746],[118.806357,33.572749],[118.746921,33.386701],[118.780147,33.345834],[118.511083,33.263868],[118.424313,33.187141],[118.221364,33.180693],[118.212441,33.061934],[118.269352,32.969178],[118.303812,32.968654],[118.233039,32.916231],[118.250606,32.848384],[118.301736,32.846241],[118.298761,32.785562],[118.348769,32.773001],[118.375316,32.719017],[118.450467,32.743364],[118.576581,32.719104],[118.756294,32.737059],[118.741813,32.853369],[118.811689,32.854987],[118.812194,32.91693],[118.884652,32.960618],[118.933818,32.938645],[119.020812,32.955813],[119.015592,32.907534],[119.045002,32.911424],[119.10427,32.826734],[119.184922,32.82564]]]]}},{"type":"Feature","properties":{"adcode":"320900","name":"盐城市"},"geometry":{"type":"MultiPolygon","coordinates":[[[[120.976044,32.658426],[120.915934,32.701234],[120.952865,32.714068],[120.981376,32.85971],[120.932604,33.005899],[120.87182,33.04723],[120.831971,33.26883],[120.740992,33.337615],[120.680153,33.520297],[120.367591,34.091424],[120.308492,34.297452],[119.962536,34.458907],[119.823009,34.481996],[119.795564,34.450494],[119.803814,34.385651],[119.740449,34.308805],[119.503881,34.172561],[119.5375,34.108968],[119.588406,34.091338],[119.553889,34.060466],[119.644026,33.947014],[119.639199,33.893752],[119.559389,33.840069],[119.467624,33.638303],[119.498156,33.520297],[119.620004,33.43741],[119.566853,33.399348],[119.576731,33.378442],[119.605411,33.379702],[119.640546,33.293635],[119.700319,33.294245],[119.685727,33.238619],[119.772272,33.130924],[120.080848,33.181782],[120.296761,33.129573],[120.312364,32.992583],[120.280766,32.924926],[120.176373,32.932529],[120.205895,32.852189],[120.159255,32.787881],[120.222396,32.792301],[120.113176,32.613801],[120.213584,32.602706],[120.225651,32.675911],[120.315563,32.704388],[120.392511,32.707235],[120.44308,32.629277],[120.600455,32.650011],[120.615216,32.606127],[120.656917,32.603496],[120.653381,32.571872],[120.701031,32.603496],[120.793469,32.600601],[120.792627,32.578452],[120.976044,32.658426]]]]}},{"type":"Feature","properties":{"adcode":"321000","name":"扬州市"},"geometry":{"type":"MultiPolygon","coordinates":[[[[119.229036,32.222179],[119.388375,32.225086],[119.576395,32.28456],[119.570894,32.230062],[119.615795,32.250668],[119.621744,32.217423],[119.627581,32.248731],[119.730683,32.30401],[119.847311,32.328426],[119.868526,32.438722],[119.818182,32.491645],[119.814365,32.627085],[119.911855,32.625156],[119.843663,32.736709],[119.866899,32.768493],[119.78866,32.810197],[119.782599,32.914832],[119.719514,32.906179],[119.683931,33.072535],[119.64773,33.104111],[119.657271,33.162349],[119.712611,33.219068],[119.700319,33.294245],[119.640546,33.293635],[119.605411,33.379702],[119.543898,33.414905],[119.243123,33.352443],[119.262655,33.303033],[119.153435,33.285281],[119.143277,33.230042],[119.313897,33.128614],[119.363736,33.053513],[119.325122,32.998434],[119.345383,32.838325],[119.278651,32.798909],[119.184922,32.82564],[119.220056,32.592444],[119.20928,32.573583],[119.187167,32.599944],[119.096019,32.466088],[119.02373,32.456073],[119.016434,32.413193],[119.041073,32.271709],[119.229036,32.222179]]]]}},{"type":"Feature","properties":{"adcode":"321100","name":"镇江市"},"geometry":{"type":"MultiPolygon","coordinates":[[[[119.234087,31.627053],[119.316535,31.671013],[119.331072,31.727305],[119.304637,31.767367],[119.342072,31.859553],[119.429347,31.832314],[119.448822,31.885414],[119.586946,31.847438],[119.605692,31.806128],[119.74,31.731157],[119.811784,31.852213],[119.764077,31.872595],[119.759643,31.921121],[119.78389,31.919354],[119.796293,32.049032],[119.975501,32.006886],[119.852699,32.28192],[119.768623,32.318924],[119.633923,32.257755],[119.629714,32.227728],[119.615795,32.250668],[119.570894,32.230062],[119.544852,32.282756],[119.514769,32.248907],[119.254966,32.23222],[119.191095,32.1854],[119.047976,32.161254],[119.008913,32.115941],[119.079799,32.107343],[119.114204,31.988212],[119.02923,31.95708],[119.104157,31.933624],[119.116449,31.890497],[118.979672,31.842352],[119.006387,31.798607],[118.982534,31.782988],[119.077105,31.783962],[119.234087,31.627053]]]]}},{"type":"Feature","properties":{"adcode":"321200","name":"泰州市"},"geometry":{"type":"MultiPolygon","coordinates":[[[[120.553141,32.021143],[120.512843,32.091732],[120.356198,32.130754],[120.351652,32.377898],[120.284526,32.379876],[120.255734,32.597619],[120.224584,32.58183],[120.17598,32.629102],[120.109079,32.630505],[120.121651,32.679197],[120.228176,32.77856],[120.162454,32.780967],[120.20842,32.864345],[120.177046,32.877767],[120.176373,32.932529],[120.220431,32.917017],[120.295078,32.94546],[120.296761,33.129573],[120.080848,33.181782],[119.74926,33.131012],[119.712611,33.219068],[119.657271,33.162349],[119.64773,33.104111],[119.683931,33.072535],[119.719514,32.906179],[119.775302,32.915968],[119.790849,32.820041],[119.863082,32.775715],[119.84529,32.752952],[119.911855,32.625156],[119.814365,32.627085],[119.835525,32.54976],[119.814534,32.468855],[119.863812,32.417104],[119.819192,32.302514],[119.87846,32.247542],[119.980103,31.998057],[120.205895,31.931504],[120.465642,32.045811],[120.553141,32.021143]]]]}},{"type":"Feature","properties":{"adcode":"321300","name":"宿迁市"},"geometry":{"type":"MultiPolygon","coordinates":[[[[119.174931,34.093494],[119.129077,34.145768],[119.13295,34.205415],[119.099667,34.208042],[119.056227,34.3823],[119.086871,34.409747],[119.041409,34.421901],[118.96463,34.36086],[118.837787,34.368809],[118.78531,34.311814],[118.644268,34.359012],[118.632706,34.308246],[118.571473,34.298957],[118.560192,34.165454],[118.519221,34.168598],[118.482627,34.100046],[118.232646,34.100304],[118.187745,34.161664],[117.998997,34.140038],[117.996583,34.105649],[118.048611,34.092545],[118.063821,34.053781],[118.03385,33.983927],[118.141162,33.934749],[118.18797,33.822945],[118.153341,33.720175],[118.168102,33.663739],[118.112257,33.617064],[118.108104,33.475107],[118.050632,33.49204],[118.029304,33.372269],[117.971607,33.349313],[117.983281,33.296768],[117.938999,33.234309],[118.069153,33.139948],[118.149019,33.169495],[118.168382,33.21345],[118.221364,33.180693],[118.424313,33.187141],[118.511083,33.263868],[118.780147,33.345834],[118.746921,33.386701],[118.797433,33.560604],[118.757977,33.635746],[118.799566,33.64671],[118.799847,33.813517],[118.874493,33.892543],[118.972263,33.919372],[119.008015,33.896604],[119.174931,34.093494]]]]}},{"type":"Feature","properties":{"adcode":"330100","name":"杭州市"},"geometry":{"type":"MultiPolygon","coordinates":[[[[120.721941,30.286334],[120.70388,30.365867],[120.633899,30.389449],[120.460227,30.382665],[120.413771,30.318319],[120.378091,30.344937],[120.388524,30.370118],[120.318642,30.380621],[120.317707,30.521596],[120.185079,30.502618],[120.149793,30.467509],[120.068297,30.496618],[120.046102,30.427445],[119.965048,30.431571],[119.872578,30.462487],[119.851121,30.502006],[119.766376,30.514087],[119.768936,30.551341],[119.71175,30.566516],[119.709191,30.434062],[119.668099,30.399501],[119.631829,30.424667],[119.650579,30.440352],[119.594968,30.421644],[119.565933,30.443375],[119.375627,30.354789],[119.326562,30.371753],[119.247132,30.340808],[119.233747,30.293411],[119.090242,30.324003],[119.062978,30.304945],[118.936452,30.350824],[118.879857,30.314884],[118.924986,30.213861],[118.85284,30.166566],[118.896787,30.148093],[118.868883,30.101464],[118.902594,30.029059],[118.894867,29.939197],[118.848263,29.941249],[118.841324,29.891319],[118.755595,29.845432],[118.744719,29.738788],[118.647327,29.643394],[118.573902,29.638371],[118.499689,29.573623],[118.495899,29.519553],[118.383005,29.510153],[118.352543,29.45279],[118.470112,29.360098],[118.517504,29.363484],[118.617209,29.303146],[118.626855,29.19568],[118.708843,29.188774],[118.900428,29.332638],[118.962092,29.296164],[119.003234,29.207714],[119.132565,29.235456],[119.189504,29.205191],[119.213668,29.225203],[119.200282,29.29038],[119.260912,29.247815],[119.348806,29.319504],[119.337093,29.411159],[119.437143,29.424116],[119.471493,29.349033],[119.510421,29.333464],[119.536061,29.373145],[119.616277,29.368273],[119.642508,29.432946],[119.707272,29.433235],[119.74492,29.516419],[119.722626,29.542759],[119.764211,29.557347],[119.79118,29.654963],[119.973119,29.674804],[119.889064,29.753102],[120.030059,29.770538],[120.030059,29.806307],[120.095807,29.816583],[120.150039,29.905036],[120.221004,29.942235],[120.312048,29.927702],[120.360473,29.98857],[120.333701,30.09548],[120.286851,30.106791],[120.303731,30.126666],[120.37317,30.155507],[120.429617,30.132443],[120.484096,30.172218],[120.593496,30.146782],[120.721941,30.286334]]]]}},{"type":"Feature","properties":{"adcode":"330200","name":"宁波市"},"geometry":{"type":"MultiPolygon","coordinates":[[[[120.86702,30.271729],[120.990151,30.027787],[121.091627,29.987257],[121.016578,29.894934],[121.10649,29.836228],[120.992414,29.675833],[121.054226,29.68567],[121.113478,29.56596],[121.225585,29.532908],[121.230063,29.362658],[121.193399,29.341434],[121.158852,29.244756],[121.225338,29.203868],[121.256096,29.114055],[121.316973,29.105653],[121.378784,29.199236],[121.407032,29.156882],[121.529719,29.136277],[121.555802,29.168961],[121.60846,29.169127],[121.715596,29.12498],[121.768008,29.166686],[121.780557,29.109626],[121.884494,29.105446],[121.951621,29.04744],[121.98853,29.110992],[121.9373,29.182859],[121.971896,29.193364],[121.968304,29.250006],[122.000243,29.278811],[121.944829,29.284182],[121.958363,29.334373],[121.935971,29.348124],[121.991729,29.445942],[121.96668,29.506566],[122.000292,29.58244],[121.966089,29.635859],[121.833559,29.653111],[121.925538,29.741256],[122.003146,29.762273],[122.140155,29.901751],[122.00979,29.891114],[121.968008,29.956519],[121.919534,29.920804],[121.784051,29.993493],[121.724996,29.992221],[121.371894,30.370894],[121.225486,30.404649],[121.119236,30.48976],[121.032572,30.337006],[120.86702,30.271729]]],[[[122.026375,29.178351],[122.013383,29.151504],[122.074505,29.178144],[122.036217,29.207383],[122.026375,29.178351]]],[[[122.231297,28.859829],[122.238679,28.853315],[122.243797,28.861322],[122.231297,28.859829]]],[[[122.181936,29.407693],[122.223866,29.428366],[122.21112,29.44095],[122.181936,29.407693]]],[[[121.790892,29.082264],[121.832329,29.050381],[121.820272,29.099402],[121.790892,29.082264]]],[[[122.184299,29.460627],[122.194141,29.45345],[122.19483,29.465453],[122.184299,29.460627]]],[[[122.026473,29.621859],[122.025686,29.604314],[122.037645,29.613457],[122.026473,29.621859]]],[[[122.258807,28.886586],[122.267321,28.880364],[122.267025,28.886835],[122.258807,28.886586]]],[[[121.983461,29.227808],[121.991089,29.221441],[122.001818,29.221441],[121.983461,29.227808]]],[[[121.980705,29.472671],[121.990843,29.467845],[121.987792,29.474898],[121.980705,29.472671]]],[[[121.976178,29.501124],[122.004574,29.500299],[121.989908,29.510071],[121.976178,29.501124]]],[[[121.952064,29.187616],[121.971404,29.163294],[121.981788,29.175911],[121.952064,29.187616]]],[[[121.930459,29.036051],[121.940991,29.03369],[121.954524,29.043961],[121.930459,29.036051]]],[[[122.006641,29.234877],[122.00103,29.227394],[122.008609,29.222971],[122.006641,29.234877]]],[[[122.001621,29.410416],[122.016286,29.404185],[122.018944,29.409674],[122.001621,29.410416]]],[[[121.981444,29.332638],[121.985135,29.348454],[121.970223,29.340856],[121.981444,29.332638]]],[[[122.178295,29.406001],[122.173866,29.399769],[122.184348,29.399604],[122.178295,29.406001]]],[[[122.009987,29.902654],[122.02416,29.909594],[122.011513,29.917027],[122.009987,29.902654]]],[[[122.006247,29.899574],[122.014367,29.892634],[122.017221,29.900806],[122.006247,29.899574]]]]}},{"type":"Feature","properties":{"adcode":"330300","name":"温州市"},"geometry":{"type":"MultiPolygon","coordinates":[[[[121.108409,28.139011],[121.147385,28.263132],[121.251274,28.405279],[121.16958,28.505905],[121.104816,28.537289],[121.076864,28.484089],[121.025436,28.472763],[120.965593,28.482965],[120.962198,28.509027],[120.86953,28.491167],[120.825829,28.566335],[120.743496,28.611592],[120.63946,28.577443],[120.624303,28.533377],[120.549204,28.533585],[120.446349,28.584307],[120.381684,28.42557],[120.338819,28.412363],[120.346595,28.335126],[120.414164,28.302931],[120.433505,28.246984],[120.328928,27.966681],[120.257471,27.96735],[120.241575,27.934961],[120.11746,27.982621],[120.020511,27.939606],[119.875235,27.974128],[119.833601,27.956178],[119.83306,27.911353],[119.786455,27.909302],[119.785077,27.795793],[119.680205,27.744193],[119.635569,27.668405],[119.630894,27.582698],[119.675038,27.574383],[119.659339,27.539693],[119.708551,27.514276],[119.685471,27.438413],[119.784979,27.323574],[119.77056,27.305685],[119.819526,27.296045],[119.8462,27.324037],[119.944035,27.314146],[119.988326,27.371375],[120.052303,27.338682],[120.131437,27.416716],[120.24689,27.434587],[120.273366,27.389421],[120.340739,27.399642],[120.43006,27.258866],[120.400926,27.211564],[120.43759,27.161039],[120.522285,27.142154],[120.576173,27.241135],[120.554765,27.252044],[120.571645,27.309978],[120.675041,27.382312],[120.699648,27.465654],[120.637049,27.561449],[120.777699,27.774712],[120.840642,27.758741],[120.941774,27.896784],[121.020072,27.835891],[121.152504,27.815362],[121.13144,27.797595],[121.196647,27.833964],[121.16274,27.902519],[121.075584,27.894439],[120.991824,27.949734],[121.108409,28.139011]]],[[[120.971745,27.649859],[120.986509,27.655104],[120.97957,27.670419],[120.971745,27.649859]]],[[[121.199945,27.62493],[121.198321,27.614646],[121.220811,27.630303],[121.199945,27.62493]]],[[[121.113133,27.918344],[121.113379,27.904403],[121.123911,27.911353],[121.113133,27.918344]]],[[[121.131047,27.762472],[121.133114,27.753123],[121.144383,27.758531],[121.131047,27.762472]]],[[[121.131047,27.770143],[121.149846,27.772029],[121.138281,27.776682],[121.131047,27.770143]]],[[[121.107277,27.444005],[121.066234,27.478222],[121.050043,27.464688],[121.107277,27.444005]]],[[[120.903388,27.69387],[120.911951,27.689171],[120.912099,27.699238],[120.903388,27.69387]]],[[[121.217415,27.613681],[121.224945,27.607048],[121.228685,27.616409],[121.217415,27.613681]]],[[[121.083655,27.791896],[121.073566,27.778023],[121.090545,27.776221],[121.083655,27.791896]]],[[[121.145761,27.760669],[121.146696,27.754171],[121.155013,27.756645],[121.145761,27.760669]]],[[[120.826223,27.686193],[120.842758,27.675537],[120.833113,27.687368],[120.826223,27.686193]]],[[[121.224108,27.817876],[121.225043,27.824496],[121.213281,27.820096],[121.224108,27.817876]]],[[[120.824943,27.646208],[120.821991,27.634835],[120.8339,27.649985],[120.824943,27.646208]]],[[[121.204325,27.609735],[121.210033,27.608476],[121.216923,27.618928],[121.204325,27.609735]]],[[[121.098173,27.937514],[121.147385,27.953374],[121.134049,27.980529],[121.040544,27.964296],[121.098173,27.937514]]],[[[120.896548,27.711444],[120.887394,27.704523],[120.899451,27.706033],[120.896548,27.711444]]],[[[121.18587,27.962957],[121.237543,27.988143],[121.194974,28.000148],[121.18587,27.962957]]],[[[121.04394,27.979316],[121.08961,27.998684],[121.074108,28.007426],[121.04394,27.979316]]],[[[121.079029,27.428743],[121.090397,27.424538],[121.088084,27.431602],[121.079029,27.428743]]],[[[121.112986,27.473136],[121.112346,27.463511],[121.12337,27.466327],[121.112986,27.473136]]],[[[121.09458,27.494023],[121.085673,27.4923],[121.09458,27.486333],[121.09458,27.494023]]]]}},{"type":"Feature","properties":{"adcode":"330400","name":"嘉兴市"},"geometry":{"type":"MultiPolygon","coordinates":[[[[120.721941,30.286334],[120.825288,30.262687],[121.032572,30.337006],[121.119236,30.48976],[121.058359,30.564028],[121.257031,30.673653],[121.269778,30.73072],[121.226224,30.775096],[121.122976,30.779003],[121.114757,30.851463],[120.994629,30.821485],[121.016283,30.86285],[120.989511,31.01441],[120.769923,30.996626],[120.684441,30.955156],[120.709441,30.933175],[120.699943,30.867811],[120.56382,30.83552],[120.50442,30.757959],[120.469972,30.764431],[120.475287,30.710724],[120.344971,30.662733],[120.303189,30.60901],[120.299892,30.5198],[120.340345,30.433899],[120.318642,30.380621],[120.398318,30.38479],[120.378091,30.344937],[120.413771,30.318319],[120.460227,30.382665],[120.692955,30.377965],[120.721941,30.286334]]]]}},{"type":"Feature","properties":{"adcode":"330500","name":"湖州市"},"geometry":{"type":"MultiPolygon","coordinates":[[[[120.489066,30.763861],[120.434981,30.920821],[120.372432,30.882164],[120.371103,30.948777],[120.135128,30.941911],[120.001712,31.027118],[119.900235,31.169176],[119.662537,31.159852],[119.623807,31.130254],[119.649152,31.105109],[119.634043,31.019485],[119.556336,30.896718],[119.575726,30.829743],[119.491523,30.777253],[119.482763,30.704452],[119.433649,30.644476],[119.391523,30.685224],[119.255006,30.615126],[119.242556,30.530043],[119.313619,30.531186],[119.336158,30.44558],[119.418147,30.376085],[119.55176,30.43978],[119.650579,30.440352],[119.633256,30.395292],[119.709191,30.434062],[119.71175,30.566516],[119.90934,30.456321],[120.064754,30.4301],[120.068297,30.496618],[120.175039,30.476818],[120.201762,30.514413],[120.285817,30.507802],[120.344971,30.662733],[120.455011,30.68555],[120.489066,30.763861]]]]}},{"type":"Feature","properties":{"adcode":"330600","name":"绍兴市"},"geometry":{"type":"MultiPolygon","coordinates":[[[[119.973119,29.674804],[120.021692,29.647964],[120.029468,29.667807],[120.044625,29.631618],[120.007076,29.57247],[120.085029,29.514523],[120.127057,29.494279],[120.186506,29.548776],[120.268494,29.49865],[120.289902,29.355598],[120.372825,29.414915],[120.383997,29.456172],[120.461458,29.48496],[120.522186,29.456997],[120.511163,29.419412],[120.600976,29.334166],[120.687935,29.341889],[120.711508,29.302113],[120.773024,29.304633],[120.773171,29.231859],[120.882227,29.239217],[120.915347,29.303311],[120.956883,29.282447],[121.056539,29.322891],[121.117513,29.304509],[121.117956,29.33111],[121.175092,29.323097],[121.230063,29.362658],[121.225585,29.532908],[121.112986,29.554834],[121.117562,29.605508],[121.058802,29.683859],[120.992414,29.675833],[121.034787,29.715997],[121.024796,29.763918],[121.104964,29.805485],[121.10649,29.836228],[121.016578,29.894934],[121.085869,29.972648],[120.990151,30.027787],[120.86702,30.271729],[120.721941,30.286334],[120.609145,30.152845],[120.46131,30.168041],[120.44694,30.135434],[120.387835,30.156163],[120.297825,30.128182],[120.364312,29.978516],[120.2744,29.919531],[120.255207,29.94363],[120.166329,29.917273],[120.102746,29.823981],[120.038425,29.82283],[120.011505,29.761491],[119.904369,29.754582],[119.914655,29.704682],[119.973119,29.674804]]]]}},{"type":"Feature","properties":{"adcode":"330700","name":"金华市"},"geometry":{"type":"MultiPolygon","coordinates":[[[[119.322428,28.800897],[119.338422,28.761161],[119.371887,28.784789],[119.470854,28.765356],[119.461208,28.634879],[119.507911,28.615335],[119.494427,28.554018],[119.703581,28.533211],[119.767065,28.588009],[119.749398,28.622696],[119.794969,28.632883],[119.813867,28.68684],[119.921003,28.784],[120.028976,28.758047],[120.083946,28.787031],[120.131437,28.759708],[120.209341,28.795832],[120.260719,28.865471],[120.271004,28.950112],[120.388475,28.829454],[120.64699,28.90048],[120.673417,28.959895],[120.717315,28.973779],[120.701222,29.097457],[120.746843,29.122911],[120.722187,29.130236],[120.77824,29.19965],[120.773024,29.304633],[120.711508,29.302113],[120.707866,29.341311],[120.579125,29.340113],[120.474844,29.492877],[120.383997,29.456172],[120.372825,29.414915],[120.289902,29.355598],[120.264016,29.400842],[120.282077,29.489249],[120.200728,29.549476],[120.079616,29.504711],[120.091722,29.532249],[120.007076,29.57247],[120.037194,29.663979],[119.824448,29.671841],[119.79118,29.654963],[119.764211,29.557347],[119.722626,29.542759],[119.74492,29.516419],[119.715835,29.448995],[119.676317,29.419206],[119.642508,29.432946],[119.616277,29.368273],[119.523905,29.366003],[119.480204,29.332968],[119.437143,29.424116],[119.328629,29.393413],[119.348462,29.336231],[119.233353,29.195845],[119.334288,29.052369],[119.304613,28.969345],[119.333796,28.907945],[119.310912,28.85124],[119.345558,28.827711],[119.322428,28.800897]]]]}},{"type":"Feature","properties":{"adcode":"330800","name":"衢州市"},"geometry":{"type":"MultiPolygon","coordinates":[[[[119.322428,28.800897],[119.345558,28.827711],[119.311306,28.842153],[119.34546,28.899734],[119.304613,28.969345],[119.327841,29.067649],[119.253333,29.154772],[119.234928,29.221937],[119.260912,29.247815],[119.208156,29.284389],[119.189504,29.205191],[119.085222,29.230578],[119.003234,29.207714],[118.900428,29.332638],[118.708843,29.188774],[118.638321,29.192165],[118.596047,29.330821],[118.423655,29.387345],[118.324442,29.496918],[118.316125,29.42259],[118.218093,29.420361],[118.207808,29.347587],[118.152886,29.28629],[118.078132,29.290587],[118.081971,29.234587],[118.028378,29.169251],[118.097079,28.998726],[118.127296,29.016085],[118.147867,28.977799],[118.186597,28.97697],[118.223802,28.947832],[118.206036,28.919598],[118.256824,28.92362],[118.304314,28.840078],[118.38335,28.787363],[118.432858,28.676533],[118.41337,28.555142],[118.445555,28.513273],[118.421933,28.502991],[118.482169,28.47118],[118.431135,28.398362],[118.473901,28.339046],[118.433202,28.28829],[118.463862,28.243061],[118.547474,28.28658],[118.595703,28.256999],[118.666668,28.269725],[118.757564,28.407488],[118.734975,28.416779],[118.7428,28.509152],[118.809385,28.536249],[118.868046,28.521723],[118.91406,28.563921],[118.930202,28.640534],[119.080793,28.740146],[119.322428,28.800897]]]]}},{"type":"Feature","properties":{"adcode":"330900","name":"舟山市"},"geometry":{"type":"MultiPolygon","coordinates":[[[[122.256887,30.065104],[122.300195,30.074984],[122.293896,30.100316],[122.156641,30.112611],[122.095716,30.158088],[121.936414,30.167795],[122.026424,29.992426],[122.108806,30.00494],[122.308955,29.943466],[122.340303,30.006539],[122.256887,30.065104]]],[[[122.625097,30.817539],[122.637745,30.814447],[122.615845,30.82474],[122.625097,30.817539]]],[[[122.150932,30.190073],[122.170125,30.139121],[122.208118,30.175167],[122.150932,30.190073]]],[[[122.207773,29.70316],[122.270864,29.685135],[122.226179,29.714105],[122.207773,29.70316]]],[[[122.427607,30.738538],[122.427607,30.69602],[122.535186,30.698301],[122.528345,30.724897],[122.427607,30.738538]]],[[[122.163088,30.329809],[122.058511,30.304618],[122.230116,30.23269],[122.248177,30.304496],[122.178147,30.350579],[122.163088,30.329809]]],[[[122.317468,30.249593],[122.278,30.243004],[122.363236,30.254871],[122.408217,30.227778],[122.429477,30.250861],[122.400343,30.275657],[122.317468,30.249593]]],[[[122.675245,30.848779],[122.698523,30.848128],[122.679133,30.861102],[122.675245,30.848779]]],[[[122.782824,30.789748],[122.775689,30.788038],[122.782135,30.7823],[122.782824,30.789748]]],[[[122.331002,29.938089],[122.378345,29.84309],[122.416189,29.828995],[122.420618,29.937309],[122.351868,29.959105],[122.331002,29.938089]]],[[[122.430412,30.408653],[122.372734,30.47886],[122.287596,30.47739],[122.280411,30.420337],[122.430412,30.408653]]],[[[122.327163,30.519474],[122.343699,30.504006],[122.34611,30.528044],[122.327163,30.519474]]],[[[122.450737,30.426097],[122.469634,30.414413],[122.476081,30.436023],[122.450737,30.426097]]],[[[122.477361,30.229784],[122.503197,30.215907],[122.503493,30.22565],[122.477361,30.229784]]],[[[122.264762,29.845391],[122.23046,29.822707],[122.328443,29.777693],[122.297045,29.811486],[122.318354,29.817857],[122.264762,29.845391]]],[[[122.302951,30.499108],[122.31427,30.491066],[122.321848,30.49425],[122.302951,30.499108]]],[[[122.217222,29.638577],[122.21983,29.629971],[122.231002,29.634748],[122.217222,29.638577]]],[[[122.703247,30.19732],[122.70807,30.188476],[122.711564,30.209357],[122.703247,30.19732]]],[[[122.426918,30.032094],[122.433463,30.022004],[122.428197,30.038656],[122.426918,30.032094]]],[[[122.189564,29.810007],[122.201179,29.815227],[122.190598,29.820652],[122.189564,29.810007]]],[[[122.52554,30.221557],[122.529428,30.230439],[122.516682,30.231339],[122.52554,30.221557]]],[[[121.943697,30.77709],[121.997044,30.658821],[122.133265,30.595514],[122.010971,30.669497],[121.969731,30.789178],[121.943697,30.77709]]],[[[122.636072,30.204281],[122.646308,30.18692],[122.650344,30.210995],[122.636072,30.204281]]],[[[122.269683,30.222621],[122.282823,30.227942],[122.274653,30.230234],[122.269683,30.222621]]],[[[122.18233,29.650764],[122.200785,29.711183],[122.131395,29.78863],[122.083659,29.783203],[122.047881,29.717972],[122.095962,29.716491],[122.18233,29.650764]]],[[[122.232626,29.682666],[122.234594,29.672005],[122.24296,29.675298],[122.232626,29.682666]]],[[[122.466239,30.74318],[122.452607,30.757592],[122.452115,30.743343],[122.466239,30.74318]]],[[[122.358807,30.600081],[122.356543,30.593353],[122.374358,30.587399],[122.358807,30.600081]]],[[[122.077901,30.596411],[122.055164,30.591681],[122.071749,30.572553],[122.100096,30.592415],[122.077901,30.596411]]],[[[122.36176,29.839556],[122.375933,29.825748],[122.376868,29.841734],[122.36176,29.839556]]],[[[122.229968,29.661056],[122.245913,29.654716],[122.243502,29.661015],[122.229968,29.661056]]],[[[122.461367,29.943877],[122.449162,29.939238],[122.456987,29.92569],[122.461367,29.943877]]],[[[122.570717,30.644313],[122.587893,30.665341],[122.558709,30.679072],[122.547046,30.650752],[122.570717,30.644313]]],[[[122.179377,30.226428],[122.190942,30.212264],[122.200244,30.226755],[122.179377,30.226428]]],[[[122.424949,30.6212],[122.423965,30.612272],[122.432725,30.61745],[122.424949,30.6212]]],[[[122.209003,30.222375],[122.245322,30.218405],[122.23735,30.232322],[122.209003,30.222375]]],[[[122.15546,29.619429],[122.14419,29.608474],[122.152704,29.60695],[122.15546,29.619429]]],[[[122.065204,30.179631],[122.030115,30.198057],[122.024013,30.162593],[122.065204,30.179631]]],[[[122.391484,29.970309],[122.40861,30.031725],[122.373128,30.001658],[122.391484,29.970309]]],[[[121.888087,30.092078],[121.848667,30.101218],[121.839809,30.047268],[121.837004,29.987174],[121.874258,29.96481],[121.932821,29.994806],[121.888087,30.092078]]],[[[122.325638,30.226919],[122.332183,30.220247],[122.335628,30.227778],[122.325638,30.226919]]],[[[121.830803,30.066375],[121.847437,30.06166],[121.833264,30.082855],[121.830803,30.066375]]],[[[122.32239,29.83257],[122.332872,29.826652],[122.323965,29.839515],[122.32239,29.83257]]],[[[122.038235,29.759229],[122.011365,29.74611],[122.016335,29.714475],[122.038235,29.759229]]],[[[122.514516,30.649],[122.514221,30.641786],[122.522784,30.643579],[122.514516,30.649]]],[[[122.1436,30.610927],[122.149997,30.619081],[122.13607,30.61533],[122.1436,30.610927]]],[[[122.716486,30.17574],[122.728051,30.17271],[122.72185,30.181965],[122.716486,30.17574]]],[[[122.526278,30.666767],[122.540894,30.657884],[122.533365,30.672268],[122.526278,30.666767]]],[[[121.940351,30.114537],[121.911266,30.095685],[121.945961,30.064448],[121.963481,30.10339],[121.940351,30.114537]]],[[[121.957428,30.287684],[121.992763,30.328092],[121.940252,30.331731],[121.921502,30.307563],[121.957428,30.287684]]],[[[122.680856,30.190523],[122.694094,30.187698],[122.673178,30.208334],[122.680856,30.190523]]],[[[122.226572,29.808856],[122.224702,29.801867],[122.239023,29.801867],[122.226572,29.808856]]],[[[122.41678,30.682047],[122.408807,30.672472],[122.425737,30.668886],[122.41678,30.682047]]],[[[121.618106,30.604811],[121.637397,30.608847],[121.617712,30.60848],[121.618106,30.604811]]],[[[122.127802,30.218364],[122.129476,30.207433],[122.151917,30.21603],[122.127802,30.218364]]],[[[121.863825,30.116955],[121.861168,30.104292],[121.870567,30.106628],[121.863825,30.116955]]],[[[122.225047,29.738294],[122.241287,29.731918],[122.234299,29.739775],[122.225047,29.738294]]],[[[122.178492,29.978393],[122.141877,29.974823],[122.19611,29.954713],[122.178492,29.978393]]],[[[122.197734,29.726776],[122.217124,29.717355],[122.219683,29.724102],[122.197734,29.726776]]],[[[122.287941,29.723938],[122.313187,29.731466],[122.21422,29.780366],[122.287941,29.723938]]],[[[122.153836,30.578957],[122.167862,30.583687],[122.156739,30.584503],[122.153836,30.578957]]],[[[122.259053,30.519882],[122.275244,30.513148],[122.277901,30.524493],[122.259053,30.519882]]],[[[122.759941,30.137073],[122.767126,30.12347],[122.787943,30.128223],[122.759941,30.137073]]],[[[122.192468,29.796194],[122.175686,29.797181],[122.198324,29.785217],[122.192468,29.796194]]],[[[122.146257,29.96247],[122.140696,29.943712],[122.166336,29.94634],[122.146257,29.96247]]],[[[122.452115,29.973469],[122.444683,29.968216],[122.450244,29.964728],[122.452115,29.973469]]],[[[122.467469,30.408857],[122.476376,30.403587],[122.477853,30.410491],[122.467469,30.408857]]],[[[122.331199,30.595677],[122.326031,30.590131],[122.341337,30.593597],[122.331199,30.595677]]],[[[122.264122,30.269888],[122.25423,30.237356],[122.315844,30.250165],[122.264122,30.269888]]],[[[122.283019,29.860388],[122.323915,29.852541],[122.340057,29.883598],[122.283019,29.860388]]],[[[122.648375,30.812494],[122.660629,30.819858],[122.643355,30.826733],[122.648375,30.812494]]],[[[122.78125,30.694187],[122.7906,30.717444],[122.75748,30.713901],[122.78125,30.694187]]],[[[121.977999,30.100275],[121.966483,30.097447],[121.973865,30.084905],[121.977999,30.100275]]],[[[122.069436,29.992385],[122.072241,29.972853],[122.093796,29.985492],[122.069436,29.992385]]],[[[122.145322,29.966328],[122.128393,29.96641],[122.129033,29.960541],[122.145322,29.966328]]],[[[121.981001,30.06699],[121.988579,30.083634],[121.975538,30.075148],[121.981001,30.06699]]],[[[122.391583,30.740615],[122.395274,30.760523],[122.386366,30.759384],[122.391583,30.740615]]],[[[122.284988,30.635835],[122.295766,30.640726],[122.284742,30.648714],[122.284988,30.635835]]],[[[122.16422,29.799278],[122.174948,29.797222],[122.174259,29.807664],[122.16422,29.799278]]],[[[122.452804,29.956889],[122.444831,29.955042],[122.450687,29.945929],[122.452804,29.956889]]],[[[122.83627,30.698708],[122.831053,30.728521],[122.804232,30.723024],[122.83627,30.698708]]],[[[122.132379,29.983769],[122.143108,29.978311],[122.143206,29.987051],[122.132379,29.983769]]],[[[122.096208,29.944862],[122.081542,29.953687],[122.083511,29.935625],[122.096208,29.944862]]],[[[122.227852,29.715627],[122.233364,29.70999],[122.235382,29.717725],[122.227852,29.715627]]],[[[122.213137,29.958161],[122.273374,29.932259],[122.19296,29.975972],[122.213137,29.958161]]],[[[122.108314,29.963086],[122.125883,29.96087],[122.112842,29.978434],[122.108314,29.963086]]],[[[121.969091,30.064038],[121.964071,30.053787],[121.974997,30.049523],[121.969091,30.064038]]],[[[122.028983,29.955042],[122.037005,29.929508],[122.058462,29.952907],[122.028983,29.955042]]],[[[122.2561,29.864702],[122.274161,29.862401],[122.249899,29.875588],[122.2561,29.864702]]],[[[122.193747,29.766262],[122.189171,29.75524],[122.201277,29.755487],[122.193747,29.766262]]],[[[122.288827,29.93074],[122.30674,29.922118],[122.311809,29.942029],[122.288827,29.93074]]],[[[122.212399,29.69172],[122.215844,29.684312],[122.229673,29.685423],[122.212399,29.69172]]],[[[122.042418,29.981635],[122.051424,29.976834],[122.054672,29.988693],[122.042418,29.981635]]],[[[122.300687,29.894646],[122.314713,29.88943],[122.309496,29.896084],[122.300687,29.894646]]]]}},{"type":"Feature","properties":{"adcode":"331000","name":"台州市"},"geometry":{"type":"MultiPolygon","coordinates":[[[[121.60846,29.169127],[121.564267,29.173056],[121.529719,29.136277],[121.407032,29.156882],[121.378784,29.199236],[121.295221,29.092696],[121.233705,29.196797],[121.173517,29.20639],[121.158852,29.244756],[121.201077,29.312482],[121.160574,29.340154],[121.117513,29.304509],[120.904225,29.295462],[120.900042,29.240788],[120.776518,29.225079],[120.712295,29.143767],[120.734441,29.13127],[120.691626,29.052079],[120.72952,28.99711],[120.673319,28.973158],[120.663771,28.916488],[120.579962,28.869371],[120.514706,28.890734],[120.386064,28.787114],[120.324056,28.686341],[120.381733,28.599864],[120.322481,28.573449],[120.292658,28.511983],[120.379715,28.498037],[120.398957,28.465017],[120.441871,28.573324],[120.624303,28.533377],[120.70201,28.606352],[120.825829,28.566335],[120.83267,28.524595],[120.894481,28.485546],[120.92765,28.505031],[121.049895,28.478259],[121.104816,28.537289],[121.156736,28.520475],[121.25772,28.408113],[121.147385,28.263132],[121.121106,28.125266],[121.140988,28.031389],[121.261165,28.034442],[121.488774,28.301429],[121.624208,28.250489],[121.669336,28.333375],[121.635871,28.347468],[121.687151,28.400904],[121.671108,28.472596],[121.557082,28.644982],[121.689415,28.719167],[121.702899,28.825262],[121.660084,28.869661],[121.759051,28.85597],[121.776423,28.879783],[121.60846,29.169127]]],[[[121.84911,28.733666],[121.865547,28.721992],[121.909544,28.761867],[121.84911,28.733666]]],[[[121.749651,28.69058],[121.794041,28.679608],[121.808559,28.699431],[121.749651,28.69058]]],[[[121.387347,28.119292],[121.401569,28.122968],[121.401323,28.129862],[121.387347,28.119292]]],[[[121.919928,28.707285],[121.942664,28.720663],[121.916581,28.717215],[121.919928,28.707285]]],[[[121.837349,28.770505],[121.865498,28.799361],[121.850734,28.808286],[121.837349,28.770505]]],[[[121.687397,28.384526],[121.686118,28.374648],[121.69532,28.381317],[121.687397,28.384526]]],[[[121.889563,28.471513],[121.918943,28.497371],[121.896994,28.514231],[121.87037,28.500035],[121.889563,28.471513]]],[[[121.678588,28.278319],[121.688775,28.273939],[121.686413,28.2895],[121.678588,28.278319]]],[[[121.410674,28.079425],[121.410526,28.101617],[121.400831,28.092506],[121.410674,28.079425]]],[[[121.869534,28.423946],[121.910823,28.440068],[121.889711,28.451189],[121.869534,28.423946]]],[[[121.687397,29.09667],[121.697092,29.094062],[121.691777,29.11124],[121.687397,29.09667]]],[[[121.695271,29.088474],[121.694385,29.084707],[121.710084,29.082719],[121.695271,29.088474]]],[[[121.672633,29.062224],[121.665842,29.059615],[121.680507,29.054688],[121.672633,29.062224]]],[[[121.67908,28.371063],[121.687348,28.366269],[121.688431,28.373064],[121.67908,28.371063]]],[[[121.851227,28.423487],[121.860872,28.426737],[121.855607,28.431819],[121.851227,28.423487]]],[[[121.634592,28.225448],[121.644828,28.222985],[121.644927,28.232836],[121.634592,28.225448]]],[[[121.502062,28.072235],[121.527111,28.086363],[121.528834,28.101742],[121.502062,28.072235]]],[[[121.346353,28.087784],[121.373961,28.10989],[121.345565,28.096059],[121.346353,28.087784]]],[[[121.81727,28.610428],[121.803933,28.599115],[121.823274,28.607267],[121.81727,28.610428]]],[[[121.685576,29.115917],[121.694385,29.113061],[121.690153,29.120883],[121.685576,29.115917]]],[[[121.145122,28.013239],[121.166185,28.021771],[121.149649,28.019805],[121.145122,28.013239]]],[[[121.940105,28.441526],[121.945174,28.436652],[121.94355,28.450731],[121.940105,28.441526]]]]}},{"type":"Feature","properties":{"adcode":"331100","name":"丽水市"},"geometry":{"type":"MultiPolygon","coordinates":[[[[120.426713,28.831985],[120.357914,28.839372],[120.271004,28.950112],[120.260719,28.865471],[120.198858,28.783958],[120.131437,28.759708],[120.083946,28.787031],[120.028976,28.758047],[119.982421,28.796662],[119.921298,28.796164],[119.794969,28.632883],[119.749398,28.622696],[119.767065,28.588009],[119.674742,28.530006],[119.574201,28.523888],[119.498413,28.54865],[119.509879,28.603357],[119.461208,28.634879],[119.470854,28.765356],[119.387684,28.786948],[119.358206,28.761037],[119.311503,28.811897],[119.063962,28.733541],[118.930202,28.640534],[118.878332,28.522056],[118.821786,28.547444],[118.751215,28.52447],[118.723459,28.411196],[118.753233,28.417321],[118.701904,28.327078],[118.754513,28.253452],[118.802052,28.240431],[118.760959,28.167413],[118.805891,28.153088],[118.718784,28.063624],[118.754168,27.942745],[118.804562,27.927092],[118.839995,27.779322],[118.890438,27.718741],[118.910222,27.570352],[118.857859,27.516671],[118.901462,27.464688],[118.955448,27.449849],[118.990734,27.503352],[119.066423,27.466957],[119.115095,27.482845],[119.147526,27.424832],[119.267851,27.421468],[119.376808,27.534988],[119.438472,27.508772],[119.466523,27.52646],[119.501169,27.649901],[119.539161,27.67537],[119.635569,27.668405],[119.650726,27.717147],[119.785766,27.822485],[119.786455,27.909302],[119.83306,27.911353],[119.831436,27.951617],[119.96244,27.97622],[119.962145,27.950236],[120.031781,27.941322],[120.11746,27.982621],[120.229961,27.931361],[120.248957,27.964003],[120.349154,27.987683],[120.344922,28.040003],[120.411851,28.11457],[120.38567,28.14206],[120.421546,28.160188],[120.438426,28.234463],[120.414164,28.302931],[120.334686,28.371355],[120.379715,28.498037],[120.304223,28.506988],[120.290935,28.539037],[120.381733,28.599864],[120.32253,28.6698],[120.426713,28.831985]]]]}},{"type":"Feature","properties":{"adcode":"340100","name":"合肥市"},"geometry":{"type":"MultiPolygon","coordinates":[[[[117.032273,31.256607],[117.12212,31.148543],[117.13599,31.073155],[117.175314,31.087451],[117.277315,30.984728],[117.314065,30.999835],[117.371453,30.950994],[117.441567,30.967916],[117.494808,30.996005],[117.528697,31.079267],[117.512206,31.10658],[117.555008,31.177216],[117.525266,31.200573],[117.6164,31.294156],[117.705628,31.458707],[117.965399,31.498239],[117.919784,31.54923],[117.963873,31.659368],[117.913206,31.704042],[117.901385,31.811782],[117.951862,31.906229],[117.868116,31.928982],[117.82946,31.994789],[117.885084,32.064125],[117.858059,32.093832],[117.863921,32.195498],[117.819879,32.230516],[117.652434,32.260799],[117.498145,32.203532],[117.395761,32.283727],[117.444903,32.343512],[117.369546,32.382508],[117.408297,32.468565],[117.28294,32.442751],[117.219546,32.463015],[117.2011,32.534035],[117.09457,32.531995],[117.009203,32.404567],[117.057297,32.32815],[117.035705,32.29469],[117.067354,32.280054],[117.059727,32.23461],[117.004389,32.202902],[117.019022,32.168923],[116.983274,32.161937],[117.047001,32.051767],[117.029937,32.006998],[116.996572,31.993421],[116.940423,32.027728],[116.937421,31.989474],[116.716067,31.884207],[116.694809,31.809356],[116.758012,31.762465],[116.766782,31.589358],[116.829747,31.519083],[116.990852,31.558536],[117.187039,31.552085],[117.242282,31.508185],[117.166448,31.490619],[117.113064,31.438485],[117.032273,31.256607]]]]}},{"type":"Feature","properties":{"adcode":"340200","name":"芜湖市"},"geometry":{"type":"MultiPolygon","coordinates":[[[[118.656866,31.304654],[118.575122,31.291345],[118.510775,31.406289],[118.444998,31.393472],[118.376552,31.532518],[118.326171,31.444149],[118.309965,31.506598],[118.248239,31.533576],[118.135084,31.51702],[118.131652,31.437267],[118.171214,31.429484],[118.168592,31.403376],[117.991233,31.438537],[117.986895,31.474479],[117.917782,31.502366],[117.778459,31.4812],[117.720642,31.467916],[117.633845,31.297125],[117.57212,31.271034],[117.525266,31.200573],[117.555008,31.177216],[117.524169,31.066458],[117.485037,31.041952],[117.54905,30.967596],[117.62641,30.972119],[117.66049,30.940031],[117.807391,31.129742],[117.869879,31.133141],[117.923788,31.068318],[118.005818,31.078204],[118.025933,31.030414],[118.160346,30.952697],[118.164779,30.907186],[117.993473,30.854623],[117.966781,30.799099],[118.115732,30.71938],[118.100956,30.641251],[118.218354,30.709458],[118.30496,30.698146],[118.275694,30.736449],[118.358916,30.84578],[118.409536,30.84871],[118.48027,30.76642],[118.495713,30.941042],[118.570975,30.972278],[118.596142,31.047853],[118.627314,31.020576],[118.650003,31.036848],[118.690327,31.124961],[118.733558,31.149446],[118.663587,31.236871],[118.656866,31.304654]]]]}},{"type":"Feature","properties":{"adcode":"340300","name":"蚌埠市"},"geometry":{"type":"MultiPolygon","coordinates":[[[[116.735657,32.928663],[116.836467,32.890843],[117.066448,32.723946],[117.125266,32.75782],[117.179365,32.74112],[117.255819,32.80566],[117.471167,32.837157],[117.513588,32.875261],[117.531224,32.980576],[117.64619,32.912308],[117.762587,33.040833],[117.886752,33.046607],[117.899384,32.990257],[118.011347,33.001759],[118.031462,33.014716],[117.99843,33.040625],[118.061681,33.07469],[118.07455,33.117318],[117.977458,33.226237],[117.942377,33.225043],[117.985894,33.320243],[117.897954,33.340308],[117.846619,33.295247],[117.737801,33.275068],[117.62374,33.345336],[117.58966,33.323303],[117.477077,33.347772],[117.391519,33.456249],[117.24314,33.501537],[117.202721,33.423472],[117.15968,33.457543],[117.133417,33.387366],[117.060728,33.392288],[117.095523,33.284873],[116.820452,33.302197],[116.815304,33.155405],[116.756868,33.141222],[116.749098,33.075522],[116.816162,33.013051],[116.755152,33.002696],[116.735657,32.928663]]]]}},{"type":"Feature","properties":{"adcode":"340400","name":"淮南市"},"geometry":{"type":"MultiPolygon","coordinates":[[[[116.771072,31.911286],[116.921024,31.980579],[116.940423,32.027728],[116.996572,31.993421],[117.040757,32.024256],[116.978412,32.152271],[117.072215,32.266256],[117.035705,32.29469],[117.045619,32.381145],[117.00458,32.386228],[117.09457,32.531995],[117.2011,32.534035],[117.162349,32.686874],[117.189804,32.716846],[117.125266,32.75782],[117.046334,32.716167],[117.001958,32.779161],[116.768403,32.921476],[116.382416,33.004777],[116.365162,32.946891],[116.389995,32.857071],[116.445572,32.843518],[116.444142,32.70656],[116.526267,32.657779],[116.554771,32.585864],[116.601863,32.588949],[116.635085,32.55386],[116.566591,32.544183],[116.484799,32.439347],[116.551911,32.042036],[116.677936,31.976263],[116.680509,31.915552],[116.771072,31.911286]]]]}},{"type":"Feature","properties":{"adcode":"340500","name":"马鞍山市"},"geometry":{"type":"Polygon","coordinates":[[[118.883701,31.500143],[118.851146,31.392518],[118.771261,31.363116],[118.765398,31.387963],[118.704102,31.307782],[118.617543,31.294103],[118.575122,31.291345],[118.510775,31.406289],[118.444998,31.393472],[118.376552,31.532518],[118.326171,31.444149],[118.309965,31.506598],[118.248239,31.533576],[118.135084,31.51702],[118.131652,31.437267],[118.171214,31.429484],[118.168592,31.403376],[117.991233,31.438537],[117.919784,31.54923],[117.963873,31.659368],[117.913206,31.704042],[117.908011,31.832556],[117.951862,31.906229],[118.072834,31.850901],[118.385084,32.05813],[118.401528,32.018679],[118.36435,31.930141],[118.47231,31.879623],[118.482176,31.778344],[118.545093,31.732071],[118.641661,31.758244],[118.684893,31.724893],[118.643616,31.650019],[118.799049,31.666393],[118.802767,31.619482],[118.858534,31.623973],[118.883701,31.500143]]]}},{"type":"Feature","properties":{"adcode":"340600","name":"淮北市"},"geometry":{"type":"MultiPolygon","coordinates":[[[[116.393713,33.783082],[116.551101,33.596642],[116.535562,33.481302],[116.687182,33.47799],[116.804628,33.422902],[116.801911,33.303908],[116.849909,33.281553],[116.923407,33.30702],[116.973455,33.391977],[116.958822,33.452314],[116.904961,33.47711],[116.937039,33.580307],[116.899527,33.572035],[116.859728,33.62429],[116.873693,33.675945],[116.929365,33.673156],[116.959108,33.880245],[116.986038,33.899047],[116.947668,34.031004],[116.973074,34.07897],[116.818689,34.086114],[116.784084,34.007293],[116.604199,34.021335],[116.650338,33.959081],[116.642712,33.892454],[116.567068,33.908214],[116.437326,33.846547],[116.393713,33.783082]]],[[[117.031558,34.166709],[117.049575,34.242406],[117.021691,34.213675],[117.007821,34.232967],[116.971501,34.154643],[117.031558,34.166709]]]]}},{"type":"Feature","properties":{"adcode":"340700","name":"铜陵市"},"geometry":{"type":"MultiPolygon","coordinates":[[[[117.156248,31.072411],[117.080366,30.961743],[117.101005,30.767379],[117.162969,30.708604],[117.241376,30.690356],[117.207296,30.669543],[117.217068,30.630626],[117.366829,30.694251],[117.470404,30.678989],[117.507249,30.726688],[117.701815,30.806614],[117.742568,30.8072],[117.796238,30.748449],[117.934608,30.835763],[117.953626,30.817593],[118.013397,30.862347],[118.041566,30.843276],[118.1572,30.901383],[118.143807,30.970682],[118.03251,31.017173],[118.005818,31.078204],[117.897954,31.07831],[117.850718,31.140205],[117.781319,31.111468],[117.66721,30.956049],[117.532892,30.973662],[117.507534,31.003452],[117.441567,30.967916],[117.277315,30.984728],[117.175314,31.087451],[117.156248,31.072411]]],[[[117.297144,30.487209],[117.256724,30.458543],[117.281129,30.414458],[117.321882,30.462234],[117.297144,30.487209]]],[[[116.960728,30.628544],[116.97703,30.643547],[116.920643,30.646163],[116.960728,30.628544]]]]}},{"type":"Feature","properties":{"adcode":"340800","name":"安庆市"},"geometry":{"type":"Polygon","coordinates":[[[116.903341,30.357289],[116.920547,30.257966],[116.816925,30.115075],[116.747335,30.057248],[116.611015,30.070728],[116.54152,29.901641],[116.467736,29.896154],[116.261444,29.782042],[116.208108,29.827487],[116.135181,29.819412],[116.125791,29.901372],[116.077936,29.956117],[116.064352,30.206873],[115.980939,30.295746],[115.903723,30.315783],[115.884895,30.379561],[115.946144,30.425213],[115.894809,30.452712],[115.899481,30.537889],[115.807822,30.615568],[115.765544,30.707537],[115.782893,30.751702],[115.868356,30.774257],[115.848813,30.82857],[115.885705,30.877846],[116.07174,30.956688],[116.050958,31.049554],[116.092664,31.082668],[116.157679,31.099301],[116.203293,31.0579],[116.359537,31.173978],[116.4603,31.125917],[116.543474,31.181941],[116.530605,31.021002],[116.614018,31.073899],[116.70968,31.043228],[116.943903,31.161766],[117.006725,31.267693],[117.156248,31.072411],[117.080366,30.961743],[117.101005,30.767379],[117.162969,30.708604],[117.241376,30.690356],[117.205485,30.654384],[117.252244,30.563967],[117.192187,30.465871],[117.025457,30.494267],[116.892425,30.431099],[116.903341,30.357289]],[[116.956963,30.658013],[116.920643,30.646163],[116.960728,30.628544],[116.956963,30.658013]]]}},{"type":"Feature","properties":{"adcode":"341000","name":"黄山市"},"geometry":{"type":"MultiPolygon","coordinates":[[[[118.868878,30.10144],[118.69781,30.056818],[118.564588,29.947569],[118.498716,30.005997],[118.494474,30.072124],[118.449955,30.102621],[118.370642,30.099722],[118.290708,30.199526],[118.267782,30.243333],[118.320546,30.293764],[118.294903,30.302122],[118.300289,30.370139],[118.221452,30.414351],[118.213873,30.461271],[118.125027,30.423662],[118.121118,30.493091],[118.089612,30.51731],[117.970118,30.512231],[117.952911,30.403594],[117.91659,30.366552],[117.940137,30.33469],[117.824932,30.241617],[117.852863,30.191749],[117.698955,30.143466],[117.676219,30.107936],[117.631176,30.099293],[117.61049,30.131499],[117.559965,30.0834],[117.545618,30.101601],[117.511491,30.037105],[117.206152,29.974288],[117.206248,29.927511],[117.253722,29.90901],[117.249336,29.846111],[117.292425,29.822803],[117.325695,29.843851],[117.375981,29.818066],[117.418783,29.850417],[117.451862,29.695942],[117.516543,29.663379],[117.534274,29.598545],[117.647954,29.614893],[117.707677,29.549002],[118.042949,29.566275],[118.13456,29.508778],[118.12946,29.432604],[118.204245,29.395415],[118.248525,29.431307],[118.316113,29.422606],[118.324407,29.49695],[118.34762,29.473994],[118.38394,29.510398],[118.495904,29.519578],[118.500575,29.575666],[118.573883,29.638357],[118.640946,29.641916],[118.744712,29.738786],[118.755627,29.845412],[118.841328,29.891312],[118.838706,29.934502],[118.894664,29.938051],[118.902576,30.029047],[118.868878,30.10144]]]]}},{"type":"Feature","properties":{"adcode":"341100","name":"滁州市"},"geometry":{"type":"MultiPolygon","coordinates":[[[[117.951862,31.906229],[118.072834,31.850901],[118.499097,32.120376],[118.506485,32.182107],[118.64414,32.20999],[118.675741,32.255131],[118.66025,32.305443],[118.703244,32.328988],[118.692615,32.46511],[118.608058,32.475842],[118.608821,32.537069],[118.56373,32.564372],[118.598096,32.601339],[118.81373,32.600816],[118.848525,32.56819],[118.907867,32.592295],[118.898668,32.56045],[118.97984,32.503844],[119.041375,32.514781],[119.085131,32.452701],[119.134511,32.491545],[119.176933,32.593811],[119.220212,32.576609],[119.230984,32.607141],[119.18494,32.825634],[119.113062,32.822922],[119.019497,32.905118],[119.026313,32.947255],[118.884654,32.960585],[118.819021,32.920642],[118.811728,32.854986],[118.747858,32.858687],[118.756294,32.737048],[118.375313,32.718987],[118.366209,32.768309],[118.298764,32.785578],[118.297858,32.832047],[118.233034,32.916267],[118.309631,32.958971],[118.252434,32.982137],[118.202863,33.088104],[118.221261,33.182208],[118.178173,33.217983],[118.14905,33.169483],[118.044617,33.127192],[118.073835,33.135143],[118.061681,33.07469],[118.004341,33.055293],[118.0368,33.027099],[118.011347,33.001759],[117.947858,33.014508],[117.913492,32.987655],[117.879698,33.002748],[117.886752,33.046607],[117.773359,33.047335],[117.671834,32.918819],[117.603483,32.922257],[117.531224,32.980576],[117.513588,32.875261],[117.479222,32.842944],[117.284942,32.817447],[117.162349,32.686874],[117.214637,32.560345],[117.209012,32.472544],[117.32722,32.441704],[117.408297,32.468565],[117.359251,32.384971],[117.44171,32.366524],[117.395761,32.283727],[117.498145,32.203532],[117.652434,32.260799],[117.847191,32.217445],[117.885084,32.064125],[117.810918,32.002262],[117.868116,31.928982],[117.951862,31.906229]]]]}},{"type":"Feature","properties":{"adcode":"341200","name":"阜阳市"},"geometry":{"type":"Polygon","coordinates":[[[115.508632,32.468565],[115.411588,32.574779],[115.305105,32.55318],[115.254772,32.595223],[115.201102,32.591824],[115.198575,32.854361],[115.029748,32.906838],[115.03542,32.932361],[114.959967,32.939496],[114.884944,32.992703],[114.891903,33.020492],[114.924934,33.016746],[114.897289,33.086597],[114.933085,33.144911],[115.041235,33.086649],[115.153247,33.084413],[115.197146,33.121424],[115.290329,33.132441],[115.296764,33.201317],[115.360205,33.2981],[115.36502,33.336005],[115.316116,33.370992],[115.345429,33.502934],[115.366592,33.523473],[115.396812,33.502002],[115.421979,33.556782],[115.639757,33.585115],[115.676697,33.508729],[115.769404,33.490515],[115.897383,33.400525],[115.925696,33.229195],[115.839423,33.262824],[115.8297,33.231635],[115.825505,33.162678],[115.877126,33.122151],[115.866735,33.094343],[116.04214,33.048843],[116.052531,32.99515],[116.155581,32.973757],[116.198432,32.893396],[116.280319,32.859052],[116.394618,32.891311],[116.386563,32.86833],[116.445572,32.843518],[116.460252,32.680972],[116.526267,32.657779],[116.554771,32.585864],[116.601863,32.588949],[116.635085,32.55386],[116.566591,32.544183],[116.484799,32.439347],[116.404819,32.442804],[116.332798,32.510385],[116.271692,32.520955],[116.251244,32.464429],[116.176411,32.425363],[116.090948,32.539162],[115.967355,32.605103],[115.928365,32.567563],[115.891568,32.576243],[115.788756,32.468931],[115.771502,32.505309],[115.757202,32.480187],[115.701197,32.495313],[115.66745,32.40991],[115.604533,32.42594],[115.563875,32.402995],[115.508632,32.468565]]]}},{"type":"Feature","properties":{"adcode":"341300","name":"宿州市"},"geometry":{"type":"MultiPolygon","coordinates":[[[[116.604199,34.021335],[116.803055,33.993712],[116.811682,34.067919],[116.902435,34.098241],[116.973074,34.07897],[116.947668,34.031004],[116.997096,33.914188],[116.962826,33.892918],[116.929365,33.673156],[116.873693,33.675945],[116.859728,33.62429],[116.899527,33.572035],[116.937039,33.580307],[116.904961,33.47711],[116.966734,33.443305],[116.973455,33.391977],[116.924218,33.34658],[116.974599,33.278389],[117.095523,33.284873],[117.065018,33.321591],[117.08232,33.406638],[117.125504,33.380993],[117.15968,33.457543],[117.202721,33.423472],[117.24314,33.501537],[117.391519,33.456249],[117.477077,33.347772],[117.58966,33.323303],[117.631939,33.343677],[117.692663,33.291668],[117.808345,33.283161],[117.909155,33.344455],[117.972691,33.330095],[118.029269,33.372236],[118.028649,33.458423],[118.108106,33.475091],[118.112443,33.617262],[118.168258,33.664015],[118.160823,33.73531],[118.185322,33.744959],[118.065589,33.765802],[117.752673,33.711517],[117.722739,33.740831],[117.758631,33.885655],[117.715399,33.879267],[117.629746,34.02869],[117.575742,33.982908],[117.514779,34.060877],[117.405723,34.030078],[117.357153,34.088221],[117.224742,34.064167],[117.038374,34.167428],[116.982177,34.137285],[116.994666,34.222808],[117.035085,34.23189],[116.968974,34.28369],[116.969308,34.388833],[116.828078,34.389243],[116.773693,34.453483],[116.575123,34.488935],[116.598956,34.500187],[116.520643,34.543184],[116.43051,34.650809],[116.286086,34.608838],[116.247717,34.55177],[116.216925,34.575123],[116.162064,34.459419],[116.217068,34.395541],[116.357678,34.319829],[116.363255,34.276255],[116.511873,34.296456],[116.582321,34.266512],[116.543617,34.239533],[116.565495,34.169533],[116.534656,34.126601],[116.604199,34.021335]]]]}},{"type":"Feature","properties":{"adcode":"341500","name":"六安市"},"geometry":{"type":"MultiPolygon","coordinates":[[[[116.771072,31.911286],[116.680509,31.915552],[116.681939,31.967999],[116.546858,32.028149],[116.484799,32.439347],[116.404819,32.442804],[116.332798,32.510385],[116.271692,32.520955],[116.251244,32.464429],[116.176411,32.425363],[116.090948,32.539162],[115.967355,32.605103],[115.847336,32.509548],[115.87317,32.504734],[115.941949,32.165141],[115.895715,31.867503],[115.910253,31.792322],[115.815353,31.76236],[115.689805,31.776551],[115.495382,31.672942],[115.489662,31.62577],[115.377126,31.503],[115.372074,31.349285],[115.442045,31.346106],[115.457822,31.281588],[115.530081,31.249339],[115.585706,31.144188],[115.645954,31.209596],[115.700815,31.201104],[115.764066,31.118215],[115.880081,31.141905],[115.938565,31.047321],[116.015019,31.011908],[116.092664,31.082668],[116.157679,31.099301],[116.203293,31.0579],[116.261396,31.082403],[116.359537,31.173978],[116.4603,31.125917],[116.543474,31.181941],[116.530605,31.021002],[116.614018,31.073899],[116.70968,31.043228],[116.777602,31.070019],[116.943903,31.161766],[116.981415,31.244564],[117.032273,31.256607],[117.149194,31.483317],[117.237277,31.490461],[117.228316,31.544788],[117.198288,31.551979],[116.792854,31.543941],[116.75315,31.647061],[116.758012,31.762465],[116.694809,31.809356],[116.771072,31.911286]]]]}},{"type":"Feature","properties":{"adcode":"341600","name":"亳州市"},"geometry":{"type":"MultiPolygon","coordinates":[[[[116.393713,33.783082],[116.174027,33.708988],[116.055438,33.804792],[116.043475,33.874888],[115.98704,33.901159],[115.984037,33.987847],[115.895334,34.028741],[115.852722,34.003847],[115.780272,34.073162],[115.65358,34.060106],[115.601054,34.022981],[115.555296,33.888591],[115.633513,33.867314],[115.614257,33.775654],[115.56316,33.771683],[115.651244,33.544629],[115.897383,33.400525],[115.925696,33.229195],[115.839423,33.262824],[115.8297,33.231635],[115.825505,33.162678],[115.877126,33.122151],[115.866735,33.094343],[116.04214,33.048843],[116.052531,32.99515],[116.155581,32.973757],[116.198432,32.893396],[116.280319,32.859052],[116.394618,32.891311],[116.376649,32.993744],[116.735657,32.928663],[116.76826,33.006078],[116.816162,33.013051],[116.749098,33.075522],[116.756868,33.141222],[116.815304,33.155405],[116.825981,33.230804],[116.787421,33.347254],[116.804628,33.422902],[116.700004,33.474056],[116.547478,33.467897],[116.525505,33.551455],[116.551101,33.596642],[116.505486,33.618968],[116.492426,33.681315],[116.393713,33.783082]]]]}},{"type":"Feature","properties":{"adcode":"341700","name":"池州市"},"geometry":{"type":"Polygon","coordinates":[[[116.673836,29.709848],[116.762492,29.802506],[116.812349,29.811713],[116.891996,29.919337],[116.887897,29.968805],[116.802816,29.996539],[116.764542,30.048923],[116.920547,30.257966],[116.892425,30.431099],[117.01049,30.489294],[117.192187,30.465871],[117.252244,30.563967],[117.21783,30.620641],[117.366829,30.694251],[117.470404,30.678989],[117.507249,30.726688],[117.701815,30.806614],[117.742568,30.8072],[117.796238,30.748449],[117.980413,30.843808],[117.966781,30.799099],[118.128506,30.701295],[117.951481,30.489134],[117.952911,30.403594],[117.91659,30.366552],[117.940137,30.33469],[117.824932,30.241617],[117.852863,30.191749],[117.698955,30.143466],[117.676219,30.107936],[117.631176,30.099293],[117.61049,30.131499],[117.559965,30.0834],[117.545618,30.101601],[117.511491,30.037105],[117.206152,29.974288],[117.206248,29.927511],[117.134704,29.903846],[117.073312,29.832224],[117.127983,29.795775],[117.122454,29.728548],[116.996048,29.683381],[116.848955,29.576421],[116.780652,29.570539],[116.760443,29.599085],[116.729985,29.568542],[116.651911,29.63717],[116.673836,29.709848]],[[116.698956,29.7078],[116.705819,29.697128],[116.703388,29.710063],[116.698956,29.7078]],[[116.706534,29.696588],[116.705057,29.688664],[116.717163,29.690767],[116.706534,29.696588]],[[117.297144,30.487209],[117.256724,30.458543],[117.281129,30.414458],[117.321882,30.462234],[117.297144,30.487209]]]}},{"type":"Feature","properties":{"adcode":"341800","name":"宣城市"},"geometry":{"type":"MultiPolygon","coordinates":[[[[118.868878,30.10144],[118.896809,30.148081],[118.845713,30.156129],[118.929888,30.203387],[118.879888,30.314872],[118.955388,30.359216],[119.05086,30.306729],[119.090231,30.324032],[119.229173,30.289692],[119.300669,30.36366],[119.399954,30.367783],[119.326551,30.533025],[119.242566,30.530032],[119.25005,30.620267],[119.311966,30.621228],[119.372357,30.680377],[119.433653,30.644454],[119.482747,30.704442],[119.480126,30.773298],[119.575741,30.829742],[119.556341,30.896697],[119.649144,31.105092],[119.57412,31.113965],[119.534511,31.158102],[119.39147,31.174243],[119.350145,31.301049],[119.337562,31.258888],[119.266971,31.250453],[119.176218,31.293944],[119.085465,31.240267],[118.802672,31.228223],[118.707915,31.296807],[118.72107,31.322679],[118.656866,31.304654],[118.647286,31.245519],[118.733558,31.149446],[118.650003,31.036848],[118.606819,31.020204],[118.603768,31.044238],[118.582462,30.981855],[118.510251,30.9511],[118.48027,30.76642],[118.419498,30.813649],[118.424502,30.841091],[118.358916,30.84578],[118.276647,30.743169],[118.314445,30.705083],[118.171214,30.691637],[117.997048,30.570806],[117.970118,30.512231],[118.117591,30.509238],[118.107582,30.42928],[118.21373,30.466833],[118.222977,30.423929],[118.300289,30.370139],[118.294903,30.302122],[118.320546,30.293764],[118.267782,30.243333],[118.290708,30.199526],[118.355103,30.111908],[118.494474,30.072124],[118.50577,29.99138],[118.548668,29.945203],[118.743139,30.092743],[118.868878,30.10144]]]]}},{"type":"Feature","properties":{"adcode":"350100","name":"福州市"},"geometry":{"type":"MultiPolygon","coordinates":[[[[119.799983,26.546836],[119.743676,26.575825],[119.637936,26.52822],[119.534779,26.56107],[119.449075,26.630642],[119.29902,26.591436],[119.279179,26.535076],[119.229111,26.52403],[119.204492,26.563402],[119.135022,26.542409],[119.028453,26.598431],[118.938313,26.465637],[118.872109,26.466494],[118.827551,26.426374],[118.748185,26.510792],[118.731171,26.43843],[118.794157,26.340463],[118.720543,26.340368],[118.663261,26.227901],[118.578483,26.204029],[118.564882,26.138117],[118.600958,26.055245],[118.516375,26.059308],[118.507746,25.901531],[118.480251,25.90359],[118.476448,25.87132],[118.432524,25.917615],[118.406247,25.878455],[118.421213,25.854607],[118.392743,25.82539],[118.430915,25.730552],[118.523736,25.659097],[118.634937,25.708496],[118.726296,25.694734],[118.723322,25.669794],[118.811902,25.720819],[118.877862,25.708832],[118.952597,25.760032],[118.951524,25.712716],[119.132877,25.752794],[119.133316,25.646337],[119.180702,25.555101],[119.227746,25.564607],[119.24437,25.527923],[119.212682,25.472011],[119.256119,25.488922],[119.263188,25.427898],[119.35367,25.411844],[119.357034,25.520719],[119.452926,25.493726],[119.430257,25.435732],[119.438642,25.412661],[119.490074,25.446833],[119.485736,25.367275],[119.531708,25.360639],[119.568222,25.393864],[119.573,25.450293],[119.584261,25.370112],[119.636034,25.33866],[119.672402,25.418958],[119.62292,25.434049],[119.674986,25.468119],[119.756693,25.396268],[119.803737,25.457597],[119.866577,25.454954],[119.81456,25.529411],[119.887296,25.552412],[119.787991,25.615293],[119.791891,25.653868],[119.692732,25.601999],[119.714328,25.521055],[119.654121,25.470282],[119.613901,25.504822],[119.600349,25.576944],[119.534779,25.585344],[119.540239,25.628728],[119.478326,25.631463],[119.473012,25.662311],[119.602981,25.685286],[119.637594,25.749583],[119.628478,25.872038],[119.68888,25.898084],[119.715206,25.96327],[119.72364,26.011538],[119.675766,26.02579],[119.605321,26.169741],[119.664456,26.202024],[119.669087,26.256971],[119.797692,26.268234],[119.845126,26.322768],[119.909916,26.310413],[119.962372,26.373462],[119.893731,26.355867],[119.799983,26.546836]]],[[[120.495608,26.371936],[120.478155,26.381138],[120.484981,26.355438],[120.495608,26.371936]]],[[[119.899825,25.582128],[119.906504,25.600991],[119.882518,25.59864],[119.899825,25.582128]]],[[[119.579873,25.627145],[119.613219,25.668499],[119.560714,25.635014],[119.579873,25.627145]]],[[[120.006297,26.215202],[120.000885,26.23616],[119.969587,26.191136],[120.006297,26.215202]]],[[[119.967491,25.945374],[119.992988,25.964658],[119.976461,25.964754],[119.967491,25.945374]]],[[[119.705065,25.352848],[119.735925,25.362514],[119.724468,25.378671],[119.705065,25.352848]]],[[[119.69434,25.30388],[119.712183,25.314464],[119.699215,25.327789],[119.69434,25.30388]]],[[[119.929465,26.134295],[119.955937,26.148866],[119.928832,26.160331],[119.929465,26.134295]]],[[[119.642908,26.129326],[119.657192,26.152115],[119.607125,26.169693],[119.642908,26.129326]]],[[[119.88403,26.410979],[119.892853,26.41484],[119.885882,26.419892],[119.88403,26.410979]]],[[[119.474035,25.331349],[119.488124,25.329665],[119.489197,25.351357],[119.474035,25.331349]]],[[[119.66236,25.646576],[119.721933,25.639812],[119.716863,25.664758],[119.66236,25.646576]]],[[[119.67328,25.756725],[119.683128,25.762668],[119.672402,25.765927],[119.67328,25.756725]]],[[[119.676156,26.124405],[119.684151,26.140936],[119.662214,26.133865],[119.676156,26.124405]]],[[[119.757326,25.298491],[119.764444,25.28959],[119.767564,25.298828],[119.757326,25.298491]]],[[[119.915815,26.418176],[119.90704,26.406976],[119.918886,26.409359],[119.915815,26.418176]]],[[[119.999228,26.239692],[120.011269,26.24752],[120.002592,26.246661],[119.999228,26.239692]]],[[[119.937119,25.963797],[119.953256,25.976236],[119.930197,25.978628],[119.937119,25.963797]]],[[[119.639593,25.672001],[119.641348,25.66754],[119.65963,25.680106],[119.639593,25.672001]]],[[[119.390379,25.435107],[119.399008,25.436597],[119.396473,25.443517],[119.390379,25.435107]]],[[[119.636522,26.114705],[119.644371,26.109114],[119.647978,26.118145],[119.636522,26.114705]]],[[[119.987138,26.262555],[119.993865,26.28045],[119.98197,26.267804],[119.987138,26.262555]]],[[[120.221483,26.331974],[120.234353,26.34156],[120.223774,26.338651],[120.221483,26.331974]]],[[[119.649295,25.66495],[119.66392,25.654636],[119.661238,25.67296],[119.649295,25.66495]]],[[[119.579776,25.668403],[119.582311,25.66164],[119.59094,25.674111],[119.579776,25.668403]]]]}},{"type":"Feature","properties":{"adcode":"350200","name":"厦门市"},"geometry":{"type":"MultiPolygon","coordinates":[[[[118.049001,24.418318],[118.084687,24.529916],[118.1505,24.5835],[118.242883,24.512485],[118.363541,24.530206],[118.377435,24.561575],[118.34175,24.592404],[118.352134,24.66434],[118.322006,24.69819],[118.344772,24.771708],[118.301238,24.826106],[118.224163,24.838422],[118.194961,24.892646],[118.085564,24.863727],[118.015802,24.901818],[117.971146,24.848081],[117.917715,24.879515],[117.962956,24.841175],[117.941018,24.742519],[117.965394,24.671014],[117.886027,24.590178],[117.975046,24.434889],[118.049001,24.418318]]],[[[118.204467,24.504786],[118.111695,24.555282],[118.069038,24.467735],[118.088928,24.431304],[118.143236,24.420838],[118.204467,24.504786]]],[[[118.378849,24.555525],[118.394888,24.554411],[118.385382,24.560075],[118.378849,24.555525]]],[[[118.071329,24.43518],[118.074937,24.446856],[118.061823,24.453154],[118.071329,24.43518]]]]}},{"type":"Feature","properties":{"adcode":"350300","name":"莆田市"},"geometry":{"type":"MultiPolygon","coordinates":[[[[118.899849,25.241366],[119.014364,25.274432],[118.989989,25.211662],[119.074425,25.211373],[119.029136,25.13961],[119.075644,25.099809],[119.134291,25.106074],[119.096948,25.056139],[119.119422,25.012646],[119.165784,25.145439],[119.118788,25.175738],[119.11913,25.212384],[119.261043,25.175641],[119.31345,25.189415],[119.293365,25.235108],[119.378289,25.248923],[119.385065,25.275683],[119.29902,25.328848],[119.151744,25.382999],[119.151646,25.426504],[119.232232,25.442267],[119.209416,25.492621],[119.24437,25.527923],[119.227746,25.564607],[119.203907,25.54497],[119.157009,25.584192],[119.132877,25.752794],[118.951524,25.712716],[118.952597,25.760032],[118.874449,25.698331],[118.82643,25.719812],[118.73785,25.678188],[118.610123,25.708496],[118.54348,25.671521],[118.550062,25.632279],[118.464748,25.516253],[118.460068,25.443613],[118.520714,25.362899],[118.512865,25.317591],[118.571853,25.286703],[118.655705,25.301955],[118.691585,25.15493],[118.899849,25.241366]]],[[[119.471013,25.197072],[119.523566,25.158061],[119.578411,25.204776],[119.518155,25.208003],[119.471452,25.25956],[119.444102,25.20208],[119.471013,25.197072]]],[[[119.58002,25.263892],[119.577533,25.26986],[119.570903,25.259272],[119.58002,25.263892]]],[[[119.371805,25.114893],[119.377899,25.120241],[119.369563,25.128866],[119.371805,25.114893]]],[[[119.517131,25.264758],[119.530489,25.265769],[119.525419,25.278522],[119.517131,25.264758]]],[[[119.048344,25.101496],[119.049611,25.094749],[119.05824,25.102604],[119.048344,25.101496]]],[[[119.59211,25.187344],[119.602201,25.187633],[119.595181,25.194761],[119.59211,25.187344]]],[[[119.342165,25.311962],[119.34938,25.318698],[119.345236,25.323845],[119.342165,25.311962]]],[[[119.57885,25.248538],[119.587527,25.241318],[119.584895,25.250945],[119.57885,25.248538]]],[[[119.018118,25.17333],[119.036205,25.184262],[119.015486,25.182336],[119.018118,25.17333]]],[[[119.368149,25.326539],[119.37707,25.327453],[119.362835,25.334283],[119.368149,25.326539]]],[[[119.461116,24.982307],[119.459508,24.992196],[119.449855,24.994752],[119.461116,24.982307]]]]}},{"type":"Feature","properties":{"adcode":"350400","name":"三明市"},"geometry":{"type":"MultiPolygon","coordinates":[[[[117.71813,25.511978],[117.786478,25.481956],[117.820165,25.517069],[117.892901,25.497424],[117.980945,25.516349],[118.030086,25.568639],[118.038032,25.628249],[117.942042,25.65147],[118.015168,25.718949],[117.976362,25.760463],[118.015412,25.857002],[118.063773,25.848237],[118.078057,25.8842],[118.156399,25.907898],[118.232938,25.883769],[118.275497,25.929773],[118.344675,25.935468],[118.369635,25.896361],[118.43618,25.918477],[118.459824,25.865813],[118.471085,25.898563],[118.507259,25.896122],[118.516375,26.059308],[118.600958,26.055245],[118.564541,26.168499],[118.611634,26.235587],[118.651025,26.224751],[118.655851,26.26265],[118.501165,26.364927],[118.454266,26.338794],[118.427015,26.379946],[118.45373,26.403162],[118.327856,26.407405],[118.333218,26.438049],[118.13607,26.365738],[118.003419,26.511315],[118.011122,26.56959],[117.878325,26.557166],[117.853998,26.679631],[117.645003,26.656138],[117.604101,26.686574],[117.670646,26.804767],[117.579092,26.92317],[117.50387,26.943667],[117.52961,27.003854],[117.458142,27.003285],[117.383455,27.099499],[117.286636,27.129152],[117.285418,27.075856],[117.244077,27.033485],[117.160957,27.110253],[117.063991,27.109779],[116.936362,27.019311],[116.679299,26.978484],[116.548647,26.840007],[116.558641,26.766809],[116.515106,26.720994],[116.568781,26.642202],[116.540895,26.556357],[116.638105,26.479499],[116.601395,26.372938],[116.512181,26.402257],[116.391669,26.256589],[116.392498,26.170314],[116.463382,26.175424],[116.489268,26.113701],[116.401322,26.04616],[116.474399,26.009673],[116.481468,25.974849],[116.652925,25.999389],[116.649707,25.942742],[116.737215,25.899712],[116.820237,25.783898],[116.904674,25.849914],[117.008318,25.857768],[117.080323,25.668307],[117.132681,25.650175],[117.165783,25.570655],[117.197179,25.559326],[117.283516,25.665093],[117.254802,25.683224],[117.284589,25.737407],[117.375801,25.782413],[117.38989,25.667732],[117.440738,25.669458],[117.502602,25.735537],[117.497581,25.708496],[117.541749,25.722497],[117.601176,25.649455],[117.646076,25.670706],[117.718471,25.590528],[117.748258,25.596288],[117.688928,25.535078],[117.71813,25.511978]]]]}},{"type":"Feature","properties":{"adcode":"350500","name":"泉州市"},"geometry":{"type":"MultiPolygon","coordinates":[[[[118.899849,25.241366],[118.70465,25.157579],[118.673645,25.200684],[118.695778,25.258502],[118.646442,25.268416],[118.66643,25.289782],[118.533389,25.291274],[118.52983,25.35809],[118.460068,25.443613],[118.464748,25.516253],[118.545187,25.617836],[118.540068,25.661592],[118.430915,25.730552],[118.382115,25.814132],[118.421213,25.854607],[118.396107,25.899904],[118.285345,25.930825],[118.248148,25.896169],[118.156399,25.907898],[118.063773,25.848237],[118.015412,25.857002],[118.033303,25.835066],[117.983236,25.759553],[118.006003,25.691857],[117.942042,25.65147],[118.025552,25.628584],[118.030086,25.568639],[117.892901,25.497424],[117.789159,25.510057],[117.798032,25.478017],[117.71813,25.511978],[117.68025,25.347269],[117.599811,25.293728],[117.6139,25.222254],[117.555399,25.21171],[117.721883,25.07788],[117.737142,25.026534],[117.604345,24.947908],[117.630183,24.92571],[117.616728,24.877101],[117.81256,24.849964],[117.882566,24.895687],[117.971146,24.848081],[118.015802,24.901818],[118.077764,24.854262],[118.194961,24.892646],[118.231817,24.825961],[118.28437,24.832482],[118.344772,24.771708],[118.329611,24.605324],[118.373828,24.575611],[118.444663,24.614952],[118.518569,24.605904],[118.579946,24.507207],[118.680324,24.582241],[118.686856,24.633626],[118.667015,24.621387],[118.652438,24.6537],[118.670184,24.679767],[118.724053,24.677688],[118.784651,24.760062],[118.732243,24.815625],[118.690903,24.799925],[118.645711,24.829053],[118.687734,24.85658],[118.745894,24.824512],[118.864748,24.887384],[118.991841,24.880336],[118.918276,24.923876],[118.93334,24.949355],[119.032743,24.957654],[118.989696,24.974058],[119.024066,25.043507],[118.945284,25.028511],[118.889172,25.084194],[118.974779,25.115182],[118.951476,25.14939],[118.985504,25.166105],[118.984431,25.195483],[118.899849,25.241366]]],[[[118.412536,24.514325],[118.389525,24.465507],[118.295729,24.47534],[118.299483,24.39239],[118.372268,24.42641],[118.457728,24.41226],[118.4549,24.504447],[118.412536,24.514325]]],[[[118.230403,24.401308],[118.27345,24.441139],[118.233864,24.445791],[118.230403,24.401308]]],[[[119.004419,25.181951],[119.000958,25.185851],[118.994181,25.172559],[119.004419,25.181951]]],[[[119.028307,25.029669],[119.03679,25.031549],[119.027039,25.04047],[119.028307,25.029669]]]]}},{"type":"Feature","properties":{"adcode":"350600","name":"漳州市"},"geometry":{"type":"MultiPolygon","coordinates":[[[[116.903894,24.369851],[116.934022,24.21929],[116.991158,24.189875],[116.926563,24.098577],[116.98131,23.996713],[116.960055,23.86815],[117.012121,23.855301],[117.053217,23.698386],[117.173681,23.634631],[117.192937,23.561625],[117.302627,23.550405],[117.453998,23.57504],[117.502651,23.704623],[117.601518,23.701943],[117.660311,23.789091],[117.671963,23.878078],[117.787892,23.899974],[117.864918,24.004783],[117.910646,24.011784],[117.931609,24.094448],[118.019409,24.197254],[118.115741,24.229385],[118.157423,24.277906],[118.121347,24.347258],[118.081372,24.356276],[118.086295,24.410322],[117.964077,24.444046],[117.958568,24.501251],[117.886027,24.590178],[117.965394,24.671014],[117.941018,24.742519],[117.959153,24.823981],[117.924735,24.864258],[117.882566,24.895687],[117.81256,24.849964],[117.616728,24.877101],[117.618239,24.964457],[117.737142,25.026534],[117.721883,25.07788],[117.555399,25.21171],[117.483638,25.134455],[117.510841,25.090315],[117.493145,24.962093],[117.383845,24.984767],[117.236813,24.962527],[117.219604,24.908431],[117.184406,24.925854],[117.198007,24.885163],[117.137508,24.784803],[117.080713,24.781034],[117.069208,24.821953],[117.02348,24.773641],[117.046929,24.653313],[117.014948,24.615774],[117.023138,24.571352],[116.91145,24.515681],[116.944016,24.431885],[116.903894,24.369851]]],[[[117.711548,23.772728],[117.72437,23.775942],[117.708184,23.779205],[117.711548,23.772728]]],[[[117.683711,23.784611],[117.692828,23.774919],[117.690293,23.783929],[117.683711,23.784611]]],[[[118.151134,24.318358],[118.15635,24.331548],[118.146259,24.339113],[118.151134,24.318358]]],[[[117.669476,23.790503],[117.67674,23.788312],[117.67128,23.803358],[117.669476,23.790503]]]]}},{"type":"Feature","properties":{"adcode":"350700","name":"南平市"},"geometry":{"type":"MultiPolygon","coordinates":[[[[119.262116,27.420623],[119.147551,27.424827],[119.130781,27.47281],[119.065163,27.466766],[119.020799,27.497926],[118.955425,27.449813],[118.857874,27.516713],[118.910184,27.570317],[118.874644,27.682818],[118.900044,27.705013],[118.839398,27.788566],[118.818435,27.916692],[118.729903,27.97259],[118.720348,28.045417],[118.800446,28.133448],[118.760958,28.16742],[118.81239,28.22558],[118.699288,28.309949],[118.632987,28.261633],[118.50565,28.279912],[118.490683,28.238427],[118.430379,28.279537],[118.388453,28.266742],[118.314888,28.22286],[118.374315,28.187967],[118.356229,28.091672],[118.135095,28.053683],[118.074205,27.967514],[117.942773,27.974094],[117.815144,27.920642],[117.730951,27.803443],[117.60259,27.869562],[117.586795,27.942317],[117.511426,27.974517],[117.353425,27.858506],[117.327684,27.894117],[117.280786,27.871209],[117.3056,27.775477],[117.203711,27.711373],[117.202639,27.683572],[117.121517,27.694222],[117.094071,27.627808],[117.040786,27.670235],[117.013973,27.630213],[117.016801,27.563476],[117.098848,27.544131],[117.127514,27.406687],[117.100262,27.339153],[117.166173,27.267084],[117.048781,27.152263],[117.053217,27.101442],[117.160957,27.110253],[117.242371,27.041449],[117.282005,27.057848],[117.288294,27.112053],[117.383455,27.099499],[117.405734,27.052493],[117.43908,27.064957],[117.451658,27.005087],[117.533998,26.995224],[117.505332,26.926729],[117.579092,26.92317],[117.670646,26.804767],[117.593522,26.70293],[117.667575,26.634733],[117.853998,26.679631],[117.878325,26.557166],[117.994985,26.577634],[118.091707,26.395774],[118.202664,26.38562],[118.333218,26.438049],[118.36242,26.400493],[118.443493,26.395011],[118.454266,26.338794],[118.501165,26.364927],[118.592329,26.323817],[118.668672,26.243416],[118.662237,26.34218],[118.563127,26.367168],[118.549623,26.412981],[118.618947,26.554025],[118.590866,26.553168],[118.581067,26.701218],[118.637472,26.794744],[118.625772,26.839817],[118.696022,26.872102],[118.671792,26.94732],[118.782652,26.947083],[118.837691,26.988585],[118.958106,27.117216],[118.940214,27.162349],[118.987893,27.158751],[119.001445,27.097225],[119.077058,27.10111],[119.120446,27.058512],[119.205029,27.126311],[119.178557,27.199559],[119.207027,27.232025],[119.271768,27.212575],[119.204931,27.260887],[119.275327,27.379234],[119.262116,27.420623]]]]}},{"type":"Feature","properties":{"adcode":"350800","name":"龙岩市"},"geometry":{"type":"MultiPolygon","coordinates":[[[[116.400103,26.033059],[116.369975,25.963318],[116.130706,25.858726],[116.17546,25.749487],[116.129634,25.759169],[116.106965,25.701112],[116.060164,25.694926],[116.054168,25.546938],[116.005466,25.490459],[116.000054,25.301522],[115.855606,25.209447],[115.918348,25.038685],[115.873643,25.019928],[115.925075,24.96079],[115.870231,24.959488],[115.908451,24.923296],[116.023357,24.902156],[116.091316,24.838374],[116.181066,24.875121],[116.238933,24.830405],[116.233083,24.80065],[116.299969,24.80292],[116.394789,24.877873],[116.4178,24.840692],[116.377239,24.821083],[116.384405,24.790939],[116.446075,24.714483],[116.486977,24.718592],[116.525929,24.604791],[116.596471,24.654039],[116.801225,24.678268],[116.815314,24.654571],[116.756081,24.55504],[116.849342,24.479069],[116.84822,24.426895],[116.903894,24.369851],[116.944016,24.431885],[116.91145,24.515681],[117.017142,24.555815],[117.019872,24.62903],[117.043467,24.633626],[117.02348,24.773641],[117.056728,24.82374],[117.070768,24.785866],[117.137508,24.784803],[117.198007,24.885163],[117.184406,24.925854],[117.227063,24.909155],[117.286588,24.990507],[117.483736,24.958185],[117.510841,25.090315],[117.484564,25.164901],[117.622285,25.240788],[117.604638,25.284152],[117.691512,25.368285],[117.71813,25.511978],[117.688928,25.535078],[117.748258,25.596288],[117.718471,25.590528],[117.662115,25.664278],[117.611414,25.650558],[117.541749,25.722497],[117.497581,25.708496],[117.502602,25.735537],[117.461749,25.735777],[117.440738,25.669458],[117.392182,25.658714],[117.396228,25.733716],[117.354302,25.785863],[117.266697,25.724942],[117.248611,25.687061],[117.283516,25.665093],[117.198495,25.570559],[117.165783,25.570655],[117.132681,25.650175],[117.081737,25.652573],[117.024016,25.853122],[116.904674,25.849914],[116.820237,25.783898],[116.778214,25.818539],[116.794107,25.856331],[116.756033,25.84795],[116.743601,25.889754],[116.649707,25.942742],[116.629476,26.013786],[116.495508,25.966285],[116.400103,26.033059]]]]}},{"type":"Feature","properties":{"adcode":"350900","name":"宁德市"},"geometry":{"type":"MultiPolygon","coordinates":[[[[119.799983,26.546836],[119.72793,26.614133],[119.620678,26.592149],[119.577923,26.622269],[119.65768,26.7006],[119.65339,26.744664],[119.711062,26.686621],[119.830452,26.690948],[119.861409,26.645436],[119.90821,26.661417],[119.924688,26.770182],[120.056364,26.785956],[119.949209,26.624457],[119.84576,26.589009],[119.828551,26.52422],[119.893731,26.51403],[119.946918,26.589722],[120.13807,26.638016],[120.110623,26.692803],[120.16576,26.731499],[120.106821,26.752838],[120.13651,26.797785],[120.063676,26.824288],[120.054462,26.863699],[120.103701,26.872957],[120.118765,26.9189],[120.247223,26.924831],[120.27857,26.985787],[120.256534,27.031874],[120.295681,27.035713],[120.282762,27.089787],[120.392062,27.081258],[120.461678,27.142555],[120.404396,27.204009],[120.422385,27.25081],[120.340727,27.399647],[120.289539,27.395914],[120.262433,27.432905],[120.134511,27.41982],[120.052269,27.33868],[119.994206,27.379186],[119.938874,27.323788],[119.770587,27.305678],[119.784968,27.323598],[119.685468,27.438431],[119.708576,27.514259],[119.630867,27.582676],[119.644029,27.663495],[119.606248,27.67476],[119.50119,27.649872],[119.451708,27.513551],[119.376826,27.534977],[119.285029,27.457652],[119.211805,27.263347],[119.271768,27.212575],[119.207027,27.232025],[119.178557,27.199559],[119.205029,27.126311],[119.127661,27.087418],[119.136436,27.056332],[119.093389,27.097272],[119.001445,27.097225],[118.987893,27.158751],[118.937387,27.175511],[118.946406,27.104995],[118.902432,27.090403],[118.837691,26.988585],[118.792207,26.95306],[118.671792,26.94732],[118.703237,26.906182],[118.631817,26.852257],[118.637472,26.794744],[118.572292,26.683435],[118.598764,26.669122],[118.580823,26.565068],[118.618947,26.554025],[118.550891,26.391436],[118.592524,26.350764],[118.662237,26.34218],[118.665991,26.29381],[118.696607,26.291472],[118.711476,26.326679],[118.773487,26.328635],[118.798935,26.36054],[118.731171,26.43843],[118.748185,26.510792],[118.805321,26.4825],[118.810342,26.432378],[118.854803,26.439526],[118.906528,26.477975],[118.938313,26.465637],[118.953816,26.525554],[119.051317,26.597194],[119.135022,26.542409],[119.196107,26.568876],[119.229111,26.52403],[119.279179,26.535076],[119.29902,26.591436],[119.473889,26.631356],[119.622579,26.521125],[119.743676,26.575825],[119.799983,26.546836]]],[[[118.82526,26.432998],[118.810342,26.432378],[118.827551,26.426374],[118.82526,26.432998]]],[[[120.713329,26.988253],[120.712744,26.974642],[120.725566,26.990529],[120.713329,26.988253]]],[[[120.694414,27.002858],[120.695048,26.993327],[120.708113,27.006983],[120.694414,27.002858]]],[[[120.249466,26.934131],[120.247662,26.914059],[120.267845,26.925543],[120.249466,26.934131]]],[[[120.318155,26.930667],[120.308893,26.939112],[120.283932,26.930098],[120.318155,26.930667]]],[[[119.807588,26.673497],[119.827284,26.674448],[119.797594,26.683721],[119.807588,26.673497]]],[[[120.350867,26.640679],[120.369051,26.634828],[120.35545,26.647291],[120.350867,26.640679]]],[[[119.906796,26.68976],[119.946723,26.659753],[119.950818,26.69247],[119.906796,26.68976]]],[[[119.801251,26.567496],[119.814023,26.560403],[119.816949,26.572684],[119.801251,26.567496]]],[[[120.348625,26.701456],[120.350331,26.690283],[120.372025,26.699316],[120.348625,26.701456]]],[[[120.034377,26.488788],[120.071574,26.521316],[120.036132,26.515935],[120.034377,26.488788]]],[[[120.150063,26.555643],[120.164737,26.554786],[120.157034,26.562355],[120.150063,26.555643]]],[[[120.137387,26.684244],[120.14002,26.691852],[120.125054,26.696511],[120.137387,26.684244]]],[[[120.132659,26.53041],[120.146991,26.527982],[120.147089,26.544408],[120.132659,26.53041]]],[[[120.373634,26.959559],[120.377193,26.952538],[120.392062,26.958847],[120.373634,26.959559]]],[[[120.002982,26.544313],[119.997668,26.533743],[120.011269,26.542599],[120.002982,26.544313]]],[[[119.760885,26.613277],[119.776485,26.599811],[119.818752,26.621032],[119.760885,26.613277]]],[[[119.796766,26.600192],[119.80793,26.600382],[119.8013,26.60614],[119.796766,26.600192]]],[[[120.403908,27.096135],[120.421263,27.097415],[120.425163,27.104474],[120.403908,27.096135]]],[[[120.135925,26.550978],[120.171074,26.598907],[120.117936,26.569114],[120.135925,26.550978]]],[[[120.219581,26.872245],[120.228941,26.87647],[120.224651,26.887102],[120.219581,26.872245]]],[[[120.133682,26.48955],[120.146114,26.489883],[120.14392,26.497933],[120.133682,26.48955]]],[[[120.360617,26.916859],[120.370514,26.961883],[120.339021,26.970373],[120.320934,26.956143],[120.360617,26.916859]]],[[[120.141531,26.798877],[120.16108,26.787856],[120.161812,26.803437],[120.141531,26.798877]]],[[[119.66821,26.628454],[119.758789,26.659515],[119.74899,26.681105],[119.656851,26.669883],[119.66821,26.628454]]],[[[119.778045,26.676065],[119.791452,26.688476],[119.777802,26.685147],[119.778045,26.676065]]]]}},{"type":"Feature","properties":{"adcode":"360100","name":"南昌市"},"geometry":{"type":"MultiPolygon","coordinates":[[[[115.475552,29.006186],[115.530581,28.861742],[115.453167,28.732333],[115.559495,28.729408],[115.527538,28.582479],[115.587329,28.573524],[115.531661,28.39255],[115.598522,28.417299],[115.648249,28.392771],[115.621986,28.345582],[115.648888,28.334446],[115.694296,28.354723],[115.668278,28.363198],[115.77765,28.362145],[115.814222,28.40296],[115.879364,28.286899],[115.908818,28.315108],[115.949709,28.2813],[116.073513,28.289005],[116.225495,28.158558],[116.314789,28.243045],[116.359265,28.207605],[116.395885,28.244819],[116.459948,28.248035],[116.559845,28.407057],[116.554887,28.496879],[116.44311,28.635972],[116.446497,28.701198],[116.355337,28.754188],[116.32014,28.73846],[116.240026,28.82458],[116.250236,28.869019],[116.342083,28.877673],[116.40428,28.953929],[116.4005,29.053023],[116.27105,29.102149],[116.278217,29.025231],[116.249893,28.999414],[116.142288,29.084493],[116.173509,29.118098],[116.018631,29.088563],[116.003315,29.111334],[115.915101,29.072115],[115.858304,28.969626],[115.823549,28.970341],[115.815989,28.909527],[115.756149,28.896246],[115.525329,29.014993],[115.475552,29.006186]]]]}},{"type":"Feature","properties":{"adcode":"360200","name":"景德镇市"},"geometry":{"type":"MultiPolygon","coordinates":[[[[117.70766,29.548977],[117.661418,29.611821],[117.586458,29.584728],[117.528974,29.609522],[117.530545,29.65406],[117.451854,29.695953],[117.424805,29.834633],[117.384061,29.843642],[117.356227,29.813717],[117.338604,29.8479],[117.29246,29.822783],[117.25741,29.831247],[117.253679,29.908975],[117.206209,29.927524],[117.134685,29.903846],[117.075581,29.822619],[117.12796,29.795802],[117.122462,29.728536],[117.025853,29.607498],[117.042348,29.454583],[117.070918,29.426791],[117.042691,29.36482],[117.079459,29.309892],[117.011421,29.264215],[117.077447,29.103249],[117.048582,29.093954],[116.963853,28.886547],[117.047551,28.808917],[117.122315,28.781004],[117.142785,28.799595],[117.191826,28.741109],[117.262809,28.726261],[117.371641,28.766825],[117.395842,28.829046],[117.449939,28.841729],[117.549051,28.807372],[117.557053,28.891341],[117.47203,28.959712],[117.519303,29.05726],[117.481995,29.133219],[117.497262,29.158013],[117.427603,29.136078],[117.37277,29.190166],[117.449154,29.271408],[117.445374,29.322625],[117.490291,29.34644],[117.508061,29.429094],[117.70766,29.548977]]]]}},{"type":"Feature","properties":{"adcode":"360300","name":"萍乡市"},"geometry":{"type":"MultiPolygon","coordinates":[[[[113.921421,26.960038],[114.013416,27.122626],[114.157641,27.242845],[114.030057,27.426087],[114.173497,27.444802],[114.202116,27.52019],[114.281936,27.578064],[114.206878,27.637468],[114.217089,27.665235],[114.142276,27.76125],[114.000996,27.752003],[113.967124,27.808307],[113.900166,27.829963],[113.891182,27.870981],[113.991423,27.940737],[113.990785,27.973596],[113.859814,28.001722],[113.753437,27.934675],[113.727959,27.876044],[113.767231,27.808196],[113.607247,27.625367],[113.578824,27.545196],[113.627031,27.498026],[113.591981,27.46815],[113.616673,27.345379],[113.699732,27.332071],[113.872626,27.384846],[113.871743,27.284754],[113.771943,27.096403],[113.921421,26.960038]]]]}},{"type":"Feature","properties":{"adcode":"360400","name":"九江市"},"geometry":{"type":"MultiPolygon","coordinates":[[[[116.688951,29.604104],[116.651888,29.637155],[116.677071,29.669047],[116.656699,29.686329],[116.762536,29.80252],[116.812362,29.811696],[116.900135,29.949507],[116.764549,30.048939],[116.666861,30.076723],[116.586059,30.046324],[116.541485,29.901609],[116.467704,29.896152],[116.261478,29.78209],[116.167324,29.82737],[115.94372,29.721211],[115.837196,29.74854],[115.683054,29.847791],[115.511584,29.840311],[115.472017,29.742583],[115.359848,29.646456],[115.285918,29.618552],[115.26859,29.658326],[115.155242,29.6586],[115.122204,29.686165],[115.157353,29.518965],[115.000511,29.572138],[114.95687,29.553577],[114.968701,29.515733],[114.939247,29.494313],[114.901203,29.530029],[114.860507,29.476067],[114.884168,29.437755],[114.923195,29.484944],[114.946905,29.462421],[114.89433,29.396742],[114.759972,29.363119],[114.718982,29.397236],[114.621833,29.380069],[114.519628,29.325424],[114.266326,29.349733],[114.252286,29.234832],[114.063242,29.204947],[113.952593,29.092744],[113.966731,28.94429],[114.008997,28.955251],[114.005414,28.917792],[114.048662,28.908149],[114.080423,28.833237],[114.142914,28.827999],[114.137465,28.779735],[114.213358,28.828936],[114.36529,28.701695],[114.465482,28.696891],[114.484137,28.75336],[114.564055,28.764342],[114.641911,28.692198],[114.705826,28.685185],[114.803465,28.729849],[114.810583,28.767928],[114.840233,28.741164],[114.917206,28.800974],[114.909499,28.854079],[114.955299,28.878114],[114.96389,28.967478],[115.000118,29.009268],[115.202859,29.086198],[115.315078,29.099344],[115.445951,29.060616],[115.437851,29.041577],[115.571228,28.971112],[115.777503,28.900379],[115.819671,28.965715],[115.858304,28.969626],[115.930024,29.093789],[116.003315,29.111334],[116.018631,29.088563],[116.173509,29.118098],[116.142288,29.084493],[116.227901,29.034368],[116.236884,28.991982],[116.278217,29.025231],[116.27105,29.102149],[116.4005,29.053023],[116.473005,29.155705],[116.547573,29.155815],[116.646488,29.229394],[116.537804,29.343258],[116.559894,29.376504],[116.518659,29.431122],[116.530195,29.546842],[116.49971,29.566663],[116.512081,29.600219],[116.607118,29.5717],[116.688951,29.604104]]],[[[116.705838,29.697101],[116.703432,29.710059],[116.698916,29.709458],[116.705838,29.697101]]],[[[116.706525,29.696609],[116.705543,29.688024],[116.717128,29.690758],[116.706525,29.696609]]]]}},{"type":"Feature","properties":{"adcode":"360500","name":"新余市"},"geometry":{"type":"MultiPolygon","coordinates":[[[[114.530919,27.60116],[114.533275,27.567351],[114.634744,27.530238],[114.671757,27.586544],[114.78162,27.628155],[114.879603,27.591453],[114.976015,27.674712],[115.019214,27.654364],[115.023092,27.708377],[115.160053,27.717182],[115.280224,27.767377],[115.360535,27.861576],[115.405795,27.872539],[115.144197,27.893236],[115.117001,27.959975],[115.166974,28.048786],[115.126426,28.082001],[115.06153,28.066561],[114.98279,28.093052],[114.882794,28.022284],[114.87921,28.045897],[114.796249,28.030063],[114.7827,28.1076],[114.666947,28.104158],[114.567736,28.056174],[114.611132,27.984492],[114.523703,27.955138],[114.485609,27.895183],[114.513001,27.827792],[114.568865,27.843378],[114.585114,27.807973],[114.559293,27.771053],[114.584181,27.723645],[114.530919,27.60116]]]]}},{"type":"Feature","properties":{"adcode":"360600","name":"鹰潭市"},"geometry":{"type":"MultiPolygon","coordinates":[[[[117.446356,27.932729],[117.465795,28.01945],[117.436832,28.107045],[117.281316,28.146514],[117.274051,28.209879],[117.302719,28.240217],[117.257311,28.30929],[117.317692,28.348574],[117.32805,28.450954],[117.315875,28.534601],[117.246561,28.617131],[117.147694,28.562192],[117.055307,28.603316],[117.032186,28.526305],[116.911131,28.522323],[116.879272,28.492619],[116.878093,28.399527],[116.798715,28.358157],[116.806864,28.255355],[116.739268,28.264447],[116.692338,28.231566],[116.732346,28.181531],[116.804361,28.176315],[116.805441,28.114873],[116.893704,28.073559],[116.920114,28.096217],[116.938768,28.042675],[116.964786,28.049341],[117.04544,27.966369],[117.011028,27.890566],[117.026639,27.854898],[117.115442,27.907867],[117.223096,27.894238],[117.276604,27.848053],[117.318084,27.894071],[117.340715,27.856345],[117.446356,27.932729]]]]}},{"type":"Feature","properties":{"adcode":"360700","name":"赣州市"},"geometry":{"type":"MultiPolygon","coordinates":[[[[114.02073,25.972198],[114.02829,25.893343],[113.91828,25.717443],[113.984109,25.538612],[113.939928,25.459413],[114.040611,25.391193],[114.029321,25.32834],[114.056124,25.311897],[114.014594,25.280482],[114.031382,25.263633],[114.14473,25.310645],[114.257048,25.292719],[114.312323,25.31184],[114.306236,25.334087],[114.40093,25.327828],[114.438778,25.376066],[114.496949,25.377602],[114.540442,25.417008],[114.627577,25.330616],[114.714367,25.315368],[114.742888,25.274563],[114.740679,25.226228],[114.680152,25.193082],[114.735181,25.121293],[114.640144,25.073924],[114.5616,25.077573],[114.506129,25.000068],[114.395922,24.951111],[114.404857,24.892656],[114.335788,24.749085],[114.272511,24.700428],[114.16903,24.689677],[114.189795,24.657988],[114.278991,24.631556],[114.301032,24.579019],[114.376581,24.571978],[114.402402,24.501775],[114.534159,24.558982],[114.592478,24.537969],[114.665179,24.583712],[114.705187,24.526058],[114.732579,24.612387],[114.846664,24.602486],[114.869049,24.56236],[114.909646,24.661535],[115.02486,24.669143],[115.054853,24.709921],[115.120732,24.664338],[115.269915,24.74937],[115.358522,24.735136],[115.412963,24.792865],[115.556206,24.682699],[115.570737,24.619254],[115.671665,24.604718],[115.718006,24.539744],[115.844166,24.562703],[115.761794,24.668113],[115.808036,24.697626],[115.75713,24.749885],[115.809264,24.892884],[115.893502,24.871071],[115.870233,24.9595],[115.925066,24.960755],[115.874651,25.009709],[115.920943,25.061209],[115.8801,25.092224],[115.855604,25.209428],[116.000026,25.301483],[116.005475,25.49044],[116.062861,25.563316],[116.056725,25.681596],[116.165606,25.766431],[116.130703,25.858682],[116.369966,25.963313],[116.384742,26.030696],[116.489254,26.113698],[116.463384,26.175403],[116.392498,26.170318],[116.401727,26.27484],[116.512179,26.402274],[116.584243,26.366072],[116.638094,26.479489],[116.451946,26.59893],[116.375513,26.509066],[116.239142,26.548657],[116.264423,26.567519],[116.236197,26.618234],[116.276647,26.646874],[116.198103,26.66302],[116.118676,26.729828],[116.187696,27.042483],[116.158782,27.039175],[116.122996,27.134446],[116.067475,27.142232],[116.02192,27.125315],[116.000812,27.044613],[115.835478,26.897519],[115.785406,26.804126],[115.708139,26.852714],[115.691154,26.780808],[115.731555,26.711274],[115.67034,26.641811],[115.554635,26.646311],[115.534754,26.687712],[115.368536,26.652669],[115.34733,26.673538],[115.299614,26.654863],[115.218715,26.532045],[115.096138,26.487715],[115.037083,26.367708],[115.091131,26.266938],[115.047195,26.21172],[115.099132,26.167889],[115.078269,26.144554],[114.909008,26.211777],[114.714809,26.162578],[114.576327,26.23555],[114.452817,26.142859],[114.428714,26.082042],[114.426309,26.10782],[114.375059,26.116524],[114.257686,26.026171],[114.161323,26.02538],[114.02073,25.972198]]]]}},{"type":"Feature","properties":{"adcode":"360800","name":"吉安市"},"geometry":{"type":"MultiPolygon","coordinates":[[[[114.281936,27.578064],[114.173497,27.444802],[114.041348,27.434244],[114.02181,27.391665],[114.116749,27.309757],[114.142227,27.318594],[114.157641,27.242845],[114.013416,27.122626],[113.892066,26.860519],[113.83576,26.806373],[113.860501,26.664088],[113.901344,26.627913],[114.10811,26.575007],[114.072716,26.479884],[114.110122,26.482983],[114.08543,26.406277],[114.031873,26.369287],[114.029321,26.266374],[113.949501,26.192687],[113.962657,26.150826],[114.181302,26.214488],[114.232208,26.179922],[114.188911,26.121272],[114.108748,26.100302],[114.106931,26.069434],[114.043802,26.076671],[114.008457,26.01565],[114.02073,25.972198],[114.257686,26.026171],[114.375059,26.116524],[114.426309,26.10782],[114.428714,26.082042],[114.51845,26.213245],[114.576327,26.23555],[114.714809,26.162578],[114.909008,26.211777],[115.095254,26.154217],[115.046017,26.195963],[115.074489,26.311014],[115.026529,26.359473],[115.096138,26.487715],[115.217291,26.513572],[115.299614,26.654863],[115.34733,26.673538],[115.526703,26.695417],[115.537405,26.656438],[115.67034,26.641811],[115.731555,26.711274],[115.724486,26.758609],[115.680943,26.765297],[115.705292,26.841313],[115.785406,26.804126],[115.835478,26.897519],[115.928895,26.955269],[115.861004,27.005867],[115.819425,27.105985],[115.718399,27.100326],[115.630037,27.213292],[115.627926,27.247042],[115.694983,27.271327],[115.676721,27.33688],[115.719822,27.425081],[115.713293,27.452287],[115.630724,27.469099],[115.607014,27.575776],[115.735089,27.729607],[115.673874,27.821335],[115.510553,27.896741],[115.52744,27.949078],[115.485517,27.957307],[115.459991,27.921605],[115.428475,27.960309],[115.393621,27.945574],[115.382478,27.893403],[115.407661,27.877936],[115.297602,27.777736],[115.139189,27.709324],[115.129126,27.741474],[115.082884,27.70403],[115.058535,27.73256],[115.023092,27.708377],[115.019214,27.654364],[114.976015,27.674712],[114.865269,27.5919],[114.78162,27.628155],[114.671757,27.586544],[114.634744,27.530238],[114.540148,27.559929],[114.530919,27.60116],[114.464599,27.557864],[114.365094,27.546759],[114.281936,27.578064]]]]}},{"type":"Feature","properties":{"adcode":"360900","name":"宜春市"},"geometry":{"type":"MultiPolygon","coordinates":[[[[114.530919,27.60116],[114.584181,27.723645],[114.585114,27.807973],[114.525863,27.827235],[114.485609,27.895183],[114.513099,27.944796],[114.611132,27.984492],[114.588894,28.079835],[114.666947,28.104158],[114.7827,28.1076],[114.796249,28.030063],[114.87921,28.045897],[114.882794,28.022284],[114.963105,28.090498],[115.152051,28.075059],[115.166974,28.048786],[115.117001,27.959975],[115.136833,27.90197],[115.190292,27.877936],[115.363235,27.868143],[115.413355,27.954749],[115.471232,27.926222],[115.485517,27.957307],[115.53711,27.940292],[115.513842,27.915654],[115.560919,27.861131],[115.673874,27.821335],[115.735089,27.729607],[115.826347,27.735513],[115.86552,27.85501],[116.079061,27.947076],[116.144154,28.061895],[116.139834,28.119981],[116.08181,28.148013],[116.116025,28.237167],[116.073513,28.289005],[115.949709,28.2813],[115.908818,28.315108],[115.879364,28.286899],[115.814222,28.40296],[115.77765,28.362145],[115.686883,28.363253],[115.648888,28.334446],[115.621986,28.345582],[115.654582,28.381253],[115.618108,28.418019],[115.531661,28.39255],[115.582126,28.568273],[115.527538,28.582479],[115.559495,28.729408],[115.463672,28.724881],[115.438686,28.759982],[115.530581,28.861742],[115.447374,29.054619],[115.315078,29.099344],[115.216653,29.094669],[115.000118,29.009268],[114.892612,28.769859],[114.795905,28.753416],[114.803465,28.729849],[114.716331,28.690983],[114.623699,28.695124],[114.54815,28.76699],[114.484137,28.75336],[114.467642,28.701916],[114.345556,28.70578],[114.257342,28.807593],[114.163728,28.78597],[114.094806,28.570097],[114.100648,28.540296],[114.218807,28.482606],[114.19004,28.441324],[114.252482,28.395762],[114.250617,28.318212],[114.068691,28.171654],[113.992651,28.161443],[114.04714,28.057452],[113.93065,28.015338],[113.915825,27.993496],[114.002959,27.955361],[113.891182,27.870981],[114.000996,27.752003],[114.142276,27.76125],[114.236479,27.604395],[114.334757,27.557306],[114.416982,27.548154],[114.530919,27.60116]]]]}},{"type":"Feature","properties":{"adcode":"361000","name":"抚州市"},"geometry":{"type":"MultiPolygon","coordinates":[[[[115.935375,26.965031],[116.014262,27.067484],[116.007488,27.112317],[116.115534,27.131477],[116.189071,27.017195],[116.147737,26.943205],[116.169287,26.873041],[116.118676,26.729828],[116.198103,26.66302],[116.272376,26.655875],[116.243217,26.555583],[116.304922,26.499039],[116.375513,26.509066],[116.451946,26.59893],[116.513946,26.548883],[116.553218,26.575795],[116.568779,26.642204],[116.511983,26.708238],[116.550223,26.751302],[116.548653,26.840021],[116.659252,26.962226],[116.927674,27.031381],[117.052902,27.100326],[117.069347,27.17522],[117.171895,27.290292],[117.109453,27.326871],[117.127518,27.406698],[117.09885,27.544135],[117.020061,27.557083],[117.009212,27.633676],[117.061002,27.669026],[117.094039,27.627821],[117.114313,27.692048],[117.202675,27.683575],[117.20616,27.715844],[117.294669,27.763924],[117.303063,27.830186],[117.223096,27.894238],[117.123542,27.909313],[117.045146,27.848331],[117.011912,27.880496],[117.04544,27.966369],[116.973769,28.045286],[116.938768,28.042675],[116.933221,28.09333],[116.81305,28.101937],[116.808141,28.166882],[116.704561,28.206717],[116.706869,28.249311],[116.793856,28.251584],[116.817615,28.287564],[116.743637,28.402462],[116.647519,28.373721],[116.570203,28.388286],[116.591066,28.450788],[116.554887,28.496879],[116.55906,28.419901],[116.466967,28.25236],[116.395885,28.244819],[116.370555,28.211044],[116.330154,28.24554],[116.244198,28.201836],[116.229815,28.160278],[116.116025,28.237167],[116.077441,28.156615],[116.133599,28.134914],[116.149357,28.076503],[116.08662,27.962033],[116.027026,27.908201],[115.86552,27.85501],[115.842645,27.730332],[115.735089,27.729607],[115.607014,27.575776],[115.630724,27.469099],[115.724977,27.440445],[115.676721,27.33688],[115.694983,27.271327],[115.627926,27.247042],[115.640395,27.187819],[115.711673,27.114558],[115.814173,27.110468],[115.861004,27.005867],[115.935375,26.965031]]]]}},{"type":"Feature","properties":{"adcode":"361100","name":"上饶市"},"geometry":{"type":"MultiPolygon","coordinates":[[[[117.446356,27.932729],[117.530741,27.981712],[117.682526,27.823728],[117.754344,27.812037],[117.85596,27.945852],[117.998075,27.991162],[118.09699,27.967592],[118.153787,28.06184],[118.339101,28.088221],[118.379158,28.16727],[118.319416,28.214483],[118.472428,28.318101],[118.431782,28.398364],[118.480774,28.467445],[118.415043,28.497377],[118.445527,28.513253],[118.409545,28.568715],[118.432862,28.676515],[118.370322,28.809413],[118.295313,28.835223],[118.269835,28.918618],[118.199392,28.902969],[118.227815,28.942417],[118.132335,29.008663],[118.109999,28.991761],[118.045888,29.088838],[118.028363,29.169227],[118.07328,29.217034],[118.071906,29.287001],[118.169349,29.297596],[118.207786,29.347593],[118.192028,29.391697],[118.136115,29.418896],[118.143822,29.489765],[118.014127,29.577284],[117.889881,29.545801],[117.816443,29.573889],[117.64728,29.523675],[117.509927,29.436001],[117.445374,29.322625],[117.453032,29.281675],[117.37277,29.190166],[117.427603,29.136078],[117.486904,29.16362],[117.497704,29.1435],[117.519303,29.05726],[117.457057,28.970341],[117.554353,28.899222],[117.549051,28.807372],[117.449939,28.841729],[117.393339,28.812557],[117.402322,28.783652],[117.248377,28.719196],[117.142785,28.799595],[117.122315,28.781004],[117.047551,28.808917],[116.963853,28.886547],[117.079999,29.123542],[117.029339,29.167468],[117.008378,29.28195],[117.079459,29.309892],[117.045342,29.349897],[117.070918,29.426791],[117.045882,29.441428],[117.025853,29.607498],[117.092468,29.691524],[116.984569,29.67468],[116.8184,29.564801],[116.760475,29.599069],[116.721596,29.564966],[116.688951,29.604104],[116.596319,29.571316],[116.528624,29.604214],[116.500937,29.585659],[116.533189,29.526414],[116.518659,29.431122],[116.559894,29.376504],[116.537804,29.343258],[116.59357,29.252572],[116.646488,29.229394],[116.547573,29.155815],[116.473005,29.155705],[116.4005,29.053023],[116.40428,28.953929],[116.342083,28.877673],[116.240026,28.860805],[116.246407,28.801801],[116.301781,28.785804],[116.32014,28.73846],[116.380471,28.750105],[116.446497,28.701198],[116.473938,28.58364],[116.585273,28.471152],[116.570203,28.388286],[116.699652,28.378705],[116.729941,28.406946],[116.788652,28.341095],[116.871417,28.382361],[116.879272,28.492619],[116.965179,28.527632],[117.003861,28.496326],[117.068954,28.608732],[117.147694,28.562192],[117.223292,28.624259],[117.274493,28.601824],[117.327411,28.384244],[117.257311,28.30929],[117.302719,28.240217],[117.270664,28.162442],[117.436832,28.107045],[117.465599,28.039397],[117.446356,27.932729]]]]}},{"type":"Feature","properties":{"adcode":"370100","name":"济南市"},"geometry":{"type":"MultiPolygon","coordinates":[[[[116.546202,36.40892],[116.484607,36.336948],[116.322644,36.284669],[116.226066,36.173748],[116.27171,36.109843],[116.271552,36.043824],[116.301244,36.031123],[116.386845,36.090807],[116.436121,36.046534],[116.532303,36.074274],[116.5586,36.133804],[116.525275,36.135298],[116.481922,36.197002],[116.525591,36.255229],[116.772761,36.312002],[116.975471,36.243208],[117.074102,36.296724],[117.088711,36.346013],[117.179603,36.353144],[117.288973,36.468718],[117.346383,36.46373],[117.351753,36.377997],[117.417217,36.243652],[117.399528,36.215004],[117.427878,36.221662],[117.487972,36.15921],[117.459623,36.1498],[117.456148,36.100467],[117.534879,36.111419],[117.575943,36.074516],[117.741696,36.036058],[117.756621,35.991916],[117.895052,36.020363],[117.937536,35.99653],[117.946223,36.08151],[117.90666,36.152708],[117.915899,36.192562],[117.967781,36.21464],[117.972993,36.268378],[117.833062,36.44301],[117.755752,36.445303],[117.735853,36.504993],[117.765544,36.509496],[117.694315,36.568896],[117.715321,36.578537],[117.695184,36.666978],[117.747303,36.748584],[117.695974,36.754115],[117.580523,36.85136],[117.58376,36.894176],[117.534248,36.931611],[117.56544,36.959954],[117.549094,36.979817],[117.391632,36.952],[117.315349,37.030547],[117.336433,37.073941],[117.459781,37.109931],[117.402371,37.224808],[117.438302,37.25786],[117.401029,37.379071],[117.353332,37.450901],[117.283998,37.471587],[117.312585,37.487068],[117.273417,37.532619],[117.012112,37.419643],[116.987158,37.342692],[117.061783,37.16496],[117.044884,37.122615],[116.931486,37.100477],[116.948701,37.036537],[116.891607,37.00271],[116.957466,36.916495],[116.962836,36.842674],[116.887106,36.833427],[116.861757,36.730345],[116.661258,36.578376],[116.60835,36.52011],[116.620905,36.44144],[116.546202,36.40892]]]]}},{"type":"Feature","properties":{"adcode":"370200","name":"青岛市"},"geometry":{"type":"MultiPolygon","coordinates":[[[[120.850108,36.612271],[120.786223,36.589663],[120.725733,36.624436],[120.637763,36.574199],[120.660585,36.647998],[120.540791,36.7679],[120.612336,36.829223],[120.576642,36.879894],[120.622838,36.890856],[120.571114,36.948682],[120.575931,36.999074],[120.613915,37.023839],[120.58446,37.058136],[120.533289,37.053944],[120.547661,37.113003],[120.517258,37.148974],[120.357822,37.084357],[120.236606,37.125965],[120.205335,37.038374],[120.159929,37.013375],[119.804968,37.013814],[119.731133,36.988487],[119.629344,37.01621],[119.5837,36.950441],[119.597757,36.857244],[119.532766,36.78008],[119.547059,36.725454],[119.730107,36.581027],[119.917576,36.525858],[119.923025,36.495464],[119.971985,36.522441],[120.011864,36.454236],[119.949795,36.446511],[119.891991,36.318773],[119.83387,36.278822],[119.808048,36.232839],[119.831738,36.180612],[119.748111,36.158645],[119.681305,36.18045],[119.649954,36.137157],[119.633608,36.067683],[119.717314,36.044229],[119.681068,36.012068],[119.738003,35.873123],[119.612445,35.812707],[119.591992,35.753218],[119.627843,35.722077],[119.525422,35.730604],[119.536872,35.606011],[119.682173,35.590027],[119.751349,35.617845],[119.76967,35.577212],[119.800862,35.581891],[119.824315,35.646304],[119.868379,35.608817],[119.925157,35.63736],[119.923894,35.696529],[119.952954,35.713142],[119.924841,35.758252],[120.001519,35.720209],[120.07875,35.885768],[120.207862,35.947344],[120.172169,35.904408],[120.202098,35.89205],[120.251531,35.95937],[120.305072,35.97184],[120.291173,36.017611],[120.254927,35.980826],[120.265509,36.014011],[120.213232,35.998351],[120.241345,36.060445],[120.116891,36.102852],[120.1086,36.12742],[120.181566,36.203945],[120.291489,36.185941],[120.319997,36.232234],[120.35877,36.200312],[120.290147,36.060526],[120.307993,36.050214],[120.719811,36.13441],[120.656005,36.322158],[120.73821,36.32373],[120.700385,36.37123],[120.71144,36.408678],[120.759453,36.462604],[120.828471,36.466627],[120.854925,36.381903],[120.895909,36.376104],[120.927812,36.410047],[120.920152,36.455201],[120.963585,36.464334],[120.983958,36.540809],[120.850108,36.612271]]],[[[120.584381,36.096183],[120.579485,36.091535],[120.595042,36.090282],[120.584381,36.096183]]],[[[120.990039,36.413348],[120.978115,36.428643],[120.948502,36.421117],[120.990039,36.413348]]],[[[121.004253,36.488306],[120.989881,36.492367],[120.988538,36.485249],[121.004253,36.488306]]],[[[120.877352,35.89359],[120.875377,35.888443],[120.888802,35.897277],[120.877352,35.89359]]],[[[119.73524,35.595762],[119.741873,35.583884],[119.738872,35.599666],[119.73524,35.595762]]],[[[120.158823,35.76499],[120.187962,35.748712],[120.180539,35.788649],[120.158823,35.76499]]],[[[120.775088,36.237963],[120.76806,36.230701],[120.777457,36.222308],[120.775088,36.237963]]]]}},{"type":"Feature","properties":{"adcode":"370300","name":"淄博市"},"geometry":{"type":"MultiPolygon","coordinates":[[[[117.988471,35.947709],[118.132666,36.030436],[118.197578,36.004947],[118.209897,35.955767],[118.257119,35.930699],[118.415213,35.990783],[118.459356,35.952689],[118.505157,35.965808],[118.469859,36.022992],[118.503341,36.024246],[118.513449,36.064085],[118.48044,36.074071],[118.462594,36.14059],[118.412844,36.127218],[118.374387,36.203097],[118.386548,36.239053],[118.31524,36.24938],[118.30908,36.307125],[118.239825,36.376748],[118.176967,36.582996],[118.254276,36.731789],[118.277019,36.719801],[118.297788,36.777677],[118.350222,36.768301],[118.438666,36.809682],[118.496708,36.924733],[118.40321,36.943125],[118.384652,36.974382],[118.294629,36.969666],[118.271412,37.006744],[118.209739,36.963152],[118.160936,36.981934],[118.130455,37.091101],[118.045959,37.098202],[118.079679,37.120781],[118.074072,37.204094],[117.973862,37.216483],[117.990603,37.262358],[117.644329,37.265862],[117.551305,37.146781],[117.575074,37.089185],[117.847355,37.065959],[117.841827,37.026354],[117.949145,36.918375],[117.9189,36.880094],[117.832825,36.859966],[117.825639,36.775834],[117.850672,36.764735],[117.78197,36.70304],[117.701265,36.685191],[117.714926,36.610545],[117.690525,36.604883],[117.76586,36.512994],[117.735853,36.504993],[117.755752,36.445303],[117.822717,36.44305],[117.893472,36.339446],[117.933904,36.341219],[117.926797,36.277532],[117.972993,36.268378],[117.959332,36.204308],[117.903027,36.172092],[117.954041,36.090201],[117.937221,35.98119],[117.992577,35.971273],[117.988471,35.947709]]]]}},{"type":"Feature","properties":{"adcode":"370400","name":"枣庄市"},"geometry":{"type":"MultiPolygon","coordinates":[[[[117.392342,34.574909],[117.465467,34.48458],[117.538275,34.46722],[117.592289,34.462518],[117.681996,34.529551],[117.801712,34.518753],[117.793657,34.651768],[117.830614,34.760246],[117.784023,34.79484],[117.803686,34.830734],[117.698501,34.919989],[117.744618,35.022748],[117.359571,35.318375],[117.262203,35.287472],[117.269231,35.261296],[117.028774,35.221219],[116.938277,35.172168],[116.898398,35.195757],[116.811218,35.17736],[116.848649,35.103774],[116.888922,35.093829],[116.880473,35.062595],[116.951702,35.020618],[116.943015,34.975627],[116.989448,34.93873],[117.103399,34.937459],[117.125826,34.863451],[117.194686,34.816239],[117.162467,34.782105],[117.326167,34.703434],[117.376707,34.622301],[117.402687,34.628434],[117.392342,34.574909]]]]}},{"type":"Feature","properties":{"adcode":"370500","name":"东营市"},"geometry":{"type":"MultiPolygon","coordinates":[[[[118.245432,38.144286],[118.230665,38.056743],[118.419319,38.053119],[118.419951,38.025503],[118.2234,38.00095],[118.248749,37.858164],[118.328111,37.865272],[118.36191,37.792063],[118.293129,37.670096],[118.177125,37.657623],[118.134877,37.590035],[118.134166,37.558478],[118.173176,37.563593],[118.114898,37.439742],[118.163937,37.416742],[118.135509,37.384834],[118.315398,37.352514],[118.325584,37.296866],[118.372096,37.273703],[118.387574,37.177834],[118.338219,37.123134],[118.294629,36.969666],[118.55467,36.938368],[118.553959,37.000233],[118.588389,37.017409],[118.545826,37.023519],[118.561303,37.063325],[118.654091,37.076935],[118.673754,37.144309],[118.634191,37.163366],[118.680624,37.229269],[118.777991,37.280112],[119.039928,37.304466],[118.98694,37.339511],[119.009841,37.370763],[118.982597,37.378077],[118.942955,37.497466],[118.9518,37.556019],[119.024213,37.6419],[119.262617,37.660475],[119.304075,37.845486],[119.263801,37.88154],[119.135874,37.827985],[119.110604,37.921365],[119.00455,37.992278],[118.974068,38.09415],[118.877491,38.149596],[118.62582,38.138306],[118.552459,38.055679],[118.483204,38.123236],[118.43148,38.106274],[118.245432,38.144286]]],[[[118.410001,38.053277],[118.227585,38.037874],[118.2234,38.00095],[118.40779,38.026212],[118.410001,38.053277]]]]}},{"type":"Feature","properties":{"adcode":"370600","name":"烟台市"},"geometry":{"type":"MultiPolygon","coordinates":[[[[119.576514,37.127561],[119.559615,37.071786],[119.60976,37.013894],[119.731133,36.988487],[119.804968,37.013814],[120.159929,37.013375],[120.205335,37.038374],[120.236606,37.125965],[120.303413,37.130153],[120.357822,37.084357],[120.506834,37.148854],[120.542528,37.128677],[120.549793,37.041288],[120.606176,37.047157],[120.613915,37.023839],[120.566534,36.96559],[120.574984,36.927053],[120.622838,36.907377],[120.576642,36.879894],[120.612336,36.829223],[120.563454,36.802953],[120.546397,36.744616],[120.652135,36.663327],[120.637763,36.574199],[120.708281,36.621385],[120.777062,36.600546],[120.882011,36.627086],[120.955609,36.576087],[121.02897,36.573194],[121.285536,36.699871],[121.405489,36.704443],[121.412596,36.748103],[121.478218,36.770825],[121.409121,36.790176],[121.357239,36.852401],[121.385431,36.877333],[121.360951,36.921494],[121.308358,36.905177],[121.19038,36.996558],[121.191407,37.072026],[121.314044,37.141079],[121.358187,37.140282],[121.391432,37.098282],[121.628889,37.137969],[121.733995,37.125607],[121.767872,37.170979],[121.74813,37.241575],[121.859396,37.329249],[121.933941,37.452529],[121.633469,37.49318],[121.56532,37.440377],[121.46045,37.493855],[121.386142,37.627798],[121.349264,37.635206],[121.304963,37.582979],[121.215887,37.583098],[121.149554,37.619875],[121.148527,37.719651],[121.037735,37.718583],[120.943448,37.78554],[120.94637,37.813405],[120.754241,37.837506],[120.595357,37.767551],[120.447924,37.754659],[120.368246,37.698005],[120.227209,37.693611],[120.2723,37.63683],[120.215048,37.621143],[120.208178,37.588648],[120.246793,37.556614],[120.222313,37.532857],[119.937397,37.393339],[119.843978,37.376725],[119.838214,37.34309],[119.883383,37.310871],[119.860956,37.262557],[119.885989,37.252286],[119.740294,37.133782],[119.576514,37.127561]]],[[[121.508621,37.55253],[121.526625,37.562522],[121.520308,37.565139],[121.508621,37.55253]]],[[[120.729761,37.94693],[120.727708,37.909448],[120.760558,37.890581],[120.729761,37.94693]]],[[[120.692409,37.983842],[120.732525,37.961484],[120.724707,37.987429],[120.692409,37.983842]]],[[[120.653004,37.980017],[120.64416,37.964757],[120.653952,37.963969],[120.653004,37.980017]]],[[[120.452584,37.768856],[120.463323,37.786054],[120.435526,37.786608],[120.452584,37.768856]]],[[[120.682775,37.92831],[120.692804,37.94693],[120.678511,37.944642],[120.682775,37.92831]]],[[[120.750687,38.150304],[120.787328,38.158682],[120.747607,38.202759],[120.750687,38.150304]]],[[[120.91881,38.34511],[120.91494,38.373429],[120.900015,38.3719],[120.91881,38.34511]]],[[[120.841342,38.335655],[120.85682,38.343188],[120.842843,38.355898],[120.841342,38.335655]]],[[[120.903332,38.381742],[120.931918,38.382291],[120.91573,38.401933],[120.903332,38.381742]]],[[[120.62655,37.945786],[120.632472,37.978913],[120.60207,37.97848],[120.62655,37.945786]]],[[[120.802253,38.284041],[120.849871,38.310343],[120.816546,38.318075],[120.802253,38.284041]]],[[[120.943843,38.019907],[120.94787,38.032398],[120.931287,38.035353],[120.943843,38.019907]]],[[[119.821394,37.309121],[119.825895,37.315168],[119.818867,37.31656],[119.821394,37.309121]]],[[[121.388668,36.266442],[121.396644,36.264183],[121.391432,36.271926],[121.388668,36.266442]]],[[[120.645818,38.132011],[120.653715,38.141532],[120.640922,38.148141],[120.645818,38.132011]]],[[[120.878141,38.026961],[120.872693,38.027552],[120.87672,38.018213],[120.878141,38.026961]]],[[[120.645423,38.05501],[120.652056,38.069109],[120.644791,38.06966],[120.645423,38.05501]]]]}},{"type":"Feature","properties":{"adcode":"370700","name":"潍坊市"},"geometry":{"type":"MultiPolygon","coordinates":[[[[118.507842,36.074961],[118.529479,36.093879],[118.504762,36.105802],[118.622109,36.17718],[118.72603,36.141035],[118.766383,36.206649],[118.835796,36.203138],[118.880886,36.08438],[118.936322,36.11344],[119.066935,36.081631],[119.017659,36.024044],[119.021054,35.977426],[119.178595,35.97107],[119.158221,35.882486],[119.281964,35.910202],[119.345533,35.893792],[119.368829,35.770834],[119.464696,35.80861],[119.525422,35.730604],[119.614182,35.716675],[119.596256,35.773756],[119.629344,35.833878],[119.736898,35.86303],[119.684858,35.982648],[119.704126,36.055269],[119.633608,36.067683],[119.643716,36.127178],[119.671039,36.177866],[119.748111,36.158645],[119.831738,36.180612],[119.820446,36.257367],[119.891991,36.318773],[119.949795,36.446511],[120.012812,36.467833],[120.010364,36.509255],[119.951375,36.519788],[119.936687,36.496389],[119.917576,36.525858],[119.72758,36.562749],[119.534977,36.743333],[119.597757,36.857244],[119.5837,36.950441],[119.613155,37.034101],[119.563406,37.058495],[119.576514,37.127561],[119.503153,37.128279],[119.481832,37.155791],[119.489729,37.13446],[119.329582,37.115715],[119.296336,37.20505],[119.222106,37.225007],[119.205365,37.194292],[119.212788,37.273305],[119.136979,37.231181],[119.15759,37.281226],[119.084465,37.239424],[119.039928,37.304466],[118.777991,37.280112],[118.633638,37.171178],[118.673754,37.144309],[118.665146,37.081763],[118.561303,37.063325],[118.545826,37.023519],[118.588389,37.017409],[118.560751,36.946564],[118.47665,36.957077],[118.482809,36.879214],[118.438666,36.809682],[118.350222,36.768301],[118.297788,36.777677],[118.284363,36.72337],[118.234219,36.726457],[118.214793,36.621144],[118.180363,36.593599],[118.214556,36.539322],[118.224427,36.414234],[118.250407,36.411214],[118.235403,36.389634],[118.300157,36.338116],[118.315003,36.266361],[118.386548,36.239053],[118.405263,36.141641],[118.487863,36.131784],[118.48044,36.074071],[118.507842,36.074961]]]]}},{"type":"Feature","properties":{"adcode":"370800","name":"济宁市"},"geometry":{"type":"MultiPolygon","coordinates":[[[[116.409745,34.852944],[116.445281,34.888648],[116.631803,34.94074],[116.78121,34.916585],[116.801979,34.970503],[116.803242,34.937377],[116.805769,34.968372],[116.922168,34.871413],[116.966943,34.875599],[116.933776,34.861933],[116.979183,34.814966],[116.951149,34.810571],[117.070469,34.713714],[117.072996,34.639094],[117.103952,34.64897],[117.147621,34.570255],[117.166099,34.434675],[117.24791,34.451052],[117.288579,34.555797],[117.392342,34.574909],[117.4109,34.623454],[117.310611,34.717333],[117.162467,34.782105],[117.194686,34.816239],[117.125826,34.863451],[117.103399,34.937459],[116.9671,34.951072],[116.951702,35.020618],[116.881183,35.058133],[116.900373,35.068737],[116.81564,35.170777],[116.898398,35.195757],[116.938277,35.172168],[117.028774,35.221219],[117.269231,35.261296],[117.262203,35.287472],[117.311163,35.28588],[117.308557,35.312579],[117.463098,35.287472],[117.478891,35.314375],[117.439012,35.348939],[117.474785,35.400941],[117.42851,35.458614],[117.467441,35.512255],[117.520033,35.51991],[117.496264,35.543031],[117.582418,35.554141],[117.592763,35.589701],[117.530931,35.707131],[117.318428,35.793802],[117.135381,35.767303],[117.083815,35.80431],[116.991423,35.805973],[116.954939,35.719072],[116.778762,35.679222],[116.68866,35.724838],[116.615615,35.705222],[116.614588,35.74924],[116.687317,35.798062],[116.617036,35.855206],[116.676973,35.925596],[116.618536,35.935195],[116.549834,35.857517],[116.309377,35.77404],[116.250072,35.823536],[116.233963,35.888403],[116.09261,35.904935],[116.0506,35.981919],[115.911853,35.960261],[115.875133,35.920168],[115.883583,35.808163],[116.017591,35.756263],[116.121829,35.67459],[116.128778,35.489614],[116.15689,35.446838],[116.206798,35.465703],[116.223855,35.371702],[116.199612,35.304986],[116.223539,35.260438],[116.265866,35.271547],[116.285608,35.242669],[116.269104,35.191178],[116.213115,35.196697],[116.223618,35.173231],[116.154284,35.113513],[116.115748,35.025574],[116.201586,34.919702],[116.409745,34.852944]]]]}},{"type":"Feature","properties":{"adcode":"370900","name":"泰安市"},"geometry":{"type":"MultiPolygon","coordinates":[[[[117.937536,35.99653],[117.895052,36.020363],[117.756621,35.991916],[117.741696,36.036058],[117.575943,36.074516],[117.534879,36.111419],[117.451963,36.087412],[117.459623,36.1498],[117.487972,36.15921],[117.440434,36.191189],[117.447383,36.218313],[117.393211,36.222994],[117.413901,36.267934],[117.351753,36.377997],[117.346383,36.46373],[117.288184,36.476039],[117.179603,36.353144],[117.088711,36.346013],[117.074102,36.296724],[116.975471,36.243208],[116.786659,36.311357],[116.512325,36.253414],[116.472604,36.21464],[116.525986,36.168297],[116.507192,36.141277],[116.566891,36.108752],[116.434541,36.038607],[116.398058,36.084582],[116.301244,36.031123],[116.271552,36.043824],[116.226066,36.173748],[116.169446,36.171325],[116.099323,36.112066],[116.048704,35.948114],[116.126172,35.891037],[116.214774,35.889659],[116.301875,35.777084],[116.53641,35.847178],[116.618536,35.935195],[116.665996,35.940176],[116.666944,35.898209],[116.617036,35.855206],[116.687317,35.798062],[116.670497,35.761499],[116.614588,35.74924],[116.612061,35.71237],[116.68866,35.724838],[116.861994,35.679059],[116.954939,35.719072],[116.946253,35.744368],[117.009506,35.807636],[117.260308,35.771037],[117.341013,35.793558],[117.530931,35.707131],[117.596948,35.630449],[117.62585,35.703841],[117.837405,35.741445],[117.828403,35.821792],[117.883364,35.882648],[117.97931,35.889699],[117.984443,35.956293],[117.937536,35.99653]]]]}},{"type":"Feature","properties":{"adcode":"371000","name":"威海市"},"geometry":{"type":"MultiPolygon","coordinates":[[[[121.923992,37.473096],[121.865239,37.336727],[121.74813,37.241575],[121.769057,37.196364],[121.747656,37.135776],[121.683455,37.141917],[121.669162,37.110649],[121.590747,37.144269],[121.547868,37.104945],[121.391432,37.098282],[121.306542,37.141996],[121.191407,37.072026],[121.177587,37.003748],[121.272191,36.927532],[121.347605,36.920574],[121.396802,36.803834],[121.478218,36.770825],[121.565083,36.830504],[121.482245,36.77355],[121.547394,36.74642],[121.531995,36.731027],[121.565477,36.728822],[121.556317,36.764294],[121.651473,36.723851],[121.628968,36.783245],[121.670742,36.817651],[121.98306,36.958436],[122.013936,36.959994],[122.037784,36.875492],[122.136731,36.944325],[122.117463,36.895737],[122.175662,36.894537],[122.17203,36.852441],[122.245865,36.835428],[122.378373,36.844275],[122.445732,36.873052],[122.428833,36.908856],[122.516408,36.890256],[122.546574,36.923494],[122.544837,37.004587],[122.583373,37.037296],[122.461447,37.039532],[122.484505,37.128877],[122.581083,37.147738],[122.573344,37.17624],[122.624042,37.191144],[122.567185,37.261164],[122.611486,37.366907],[122.69456,37.376328],[122.704273,37.414955],[122.312355,37.416663],[122.24089,37.465354],[122.183717,37.431282],[122.131993,37.499371],[122.171398,37.541147],[122.069529,37.568747],[122.075215,37.540473],[121.923992,37.473096]]],[[[122.183559,37.49957],[122.216173,37.497824],[122.184901,37.5156],[122.183559,37.49957]]],[[[122.257631,36.755638],[122.260316,36.748704],[122.267028,36.754195],[122.257631,36.755638]]],[[[121.484614,36.732871],[121.499776,36.73712],[121.492274,36.740207],[121.484614,36.732871]]],[[[121.620834,36.713827],[121.631179,36.725855],[121.623124,36.728702],[121.620834,36.713827]]],[[[122.482215,37.447089],[122.490586,37.449829],[122.483479,37.454991],[122.482215,37.447089]]]]}},{"type":"Feature","properties":{"adcode":"371100","name":"日照市"},"geometry":{"type":"MultiPolygon","coordinates":[[[[119.662115,35.589294],[119.518157,35.615446],[119.528265,35.674305],[119.482385,35.799725],[119.375857,35.770712],[119.360695,35.884066],[119.294441,35.911336],[119.240427,35.884269],[119.135637,35.892982],[119.182623,35.962285],[119.021054,35.977426],[118.999022,36.038404],[118.896048,36.006404],[118.883571,35.957305],[118.813922,35.948761],[118.732822,35.848111],[118.707078,35.738075],[118.798918,35.730117],[118.794101,35.697504],[118.696575,35.528622],[118.723898,35.468758],[118.6289,35.449324],[118.642246,35.425156],[118.606157,35.390747],[118.739455,35.359505],[118.865725,35.391685],[118.947219,35.336943],[119.024371,35.386873],[119.096153,35.326864],[119.146455,35.334862],[119.179543,35.287595],[119.170225,35.21231],[119.139032,35.202338],[119.164223,35.143173],[119.380358,35.070292],[119.432398,35.111385],[119.393546,35.143582],[119.416999,35.158183],[119.411313,35.231638],[119.476541,35.308334],[119.520447,35.303803],[119.57912,35.357629],[119.662115,35.589294]]]]}},{"type":"Feature","properties":{"adcode":"371300","name":"临沂市"},"geometry":{"type":"MultiPolygon","coordinates":[[[[119.203233,35.110894],[119.1354,35.191669],[119.182149,35.241852],[119.146455,35.334862],[119.096153,35.326864],[119.024371,35.386873],[118.930478,35.331271],[118.874174,35.388464],[118.739455,35.359505],[118.606157,35.390747],[118.6289,35.449324],[118.734322,35.48607],[118.698865,35.513558],[118.806499,35.718056],[118.722161,35.73101],[118.700603,35.791367],[118.775148,35.917251],[118.883571,35.957305],[118.896048,36.006404],[119.035584,36.02275],[119.066935,36.081631],[118.943271,36.119582],[118.880886,36.08438],[118.847009,36.199263],[118.766383,36.206649],[118.72603,36.141035],[118.622109,36.17718],[118.515502,36.109884],[118.516845,36.026107],[118.489206,36.025784],[118.499393,35.976212],[118.470964,35.960868],[118.387021,35.987586],[118.257593,35.925717],[118.178388,36.017005],[118.066807,36.009155],[117.988471,35.947709],[117.968097,35.884066],[117.883364,35.882648],[117.827376,35.827754],[117.837405,35.741445],[117.634616,35.709324],[117.593473,35.567448],[117.499502,35.550845],[117.520033,35.51991],[117.472416,35.514372],[117.442171,35.469247],[117.467441,35.418186],[117.439644,35.359668],[117.478891,35.314375],[117.419191,35.273997],[117.736247,35.031514],[117.698501,34.919989],[117.803686,34.830734],[117.77739,34.801248],[117.830614,34.760246],[117.805818,34.646254],[117.903106,34.644567],[117.96328,34.678552],[118.102658,34.647736],[118.082363,34.579893],[118.184706,34.544179],[118.141826,34.497154],[118.177757,34.453238],[118.170413,34.381356],[118.404947,34.427744],[118.439535,34.507996],[118.42382,34.591094],[118.525215,34.712563],[118.681335,34.678346],[118.78344,34.722061],[118.719239,34.745533],[118.86075,34.943979],[118.86533,35.029834],[119.114631,35.05498],[119.138085,35.096285],[119.203233,35.110894]]]]}},{"type":"Feature","properties":{"adcode":"371400","name":"德州市"},"geometry":{"type":"MultiPolygon","coordinates":[[[[117.273417,37.532619],[117.352543,37.707345],[117.357596,37.658495],[117.407188,37.678846],[117.477075,37.654416],[117.531247,37.688901],[117.547198,37.737494],[117.522165,37.755371],[117.606582,37.845209],[117.529036,37.932295],[117.567809,37.946772],[117.563545,37.998585],[117.541039,38.011237],[117.512847,37.943459],[117.40632,37.843511],[116.788159,37.843432],[116.753808,37.770517],[116.434146,37.473334],[116.367655,37.566289],[116.319406,37.580046],[116.271473,37.478931],[116.224803,37.479963],[116.22733,37.434261],[116.282923,37.401326],[116.234437,37.361221],[116.168814,37.384118],[115.975738,37.337283],[115.971079,37.245636],[115.9098,37.206803],[115.865025,37.070828],[115.776265,36.990884],[115.780293,36.912216],[116.098217,36.883895],[116.211536,36.963112],[116.232857,37.032225],[116.324065,36.972024],[116.471103,36.947043],[116.376026,36.797025],[116.405639,36.761208],[116.400901,36.524813],[116.461548,36.449971],[116.612377,36.42333],[116.60835,36.52011],[116.759494,36.632746],[116.780657,36.691048],[116.88679,36.745538],[116.887106,36.833427],[116.962836,36.842674],[116.957466,36.916495],[116.886158,36.983573],[116.943173,37.030907],[116.919009,37.093056],[117.059809,37.137251],[116.986684,37.335335],[117.01843,37.435849],[117.089264,37.435055],[117.109795,37.47901],[117.199345,37.487148],[117.273417,37.532619]]]]}},{"type":"Feature","properties":{"adcode":"371500","name":"聊城市"},"geometry":{"type":"MultiPolygon","coordinates":[[[[116.546202,36.40892],[116.461548,36.449971],[116.400901,36.524813],[116.405639,36.761208],[116.376026,36.797025],[116.461548,36.940687],[116.421117,36.975661],[116.370261,36.963272],[116.225592,37.025396],[116.229225,36.996438],[116.123724,36.890656],[115.768684,36.921014],[115.711275,36.882374],[115.684189,36.812966],[115.478398,36.758804],[115.272845,36.497394],[115.317067,36.454035],[115.297404,36.413469],[115.339968,36.39809],[115.359789,36.318733],[115.414987,36.326551],[115.462684,36.27612],[115.484242,36.125845],[115.447522,36.011826],[115.363105,35.972002],[115.335704,35.814329],[115.3635,35.779925],[115.490717,35.908379],[115.642415,35.920046],[115.81725,36.012756],[115.989794,36.045442],[116.164392,36.168862],[116.226066,36.173748],[116.331251,36.290677],[116.484607,36.336948],[116.546202,36.40892]]],[[[115.495377,35.896021],[115.488033,35.880784],[115.513302,35.890348],[115.495377,35.896021]]]]}},{"type":"Feature","properties":{"adcode":"371600","name":"滨州市"},"geometry":{"type":"MultiPolygon","coordinates":[[[[117.273417,37.532619],[117.312585,37.487068],[117.285894,37.479328],[117.353332,37.450901],[117.360202,37.405697],[117.415401,37.364203],[117.443908,37.250056],[117.402371,37.224808],[117.459781,37.109931],[117.336433,37.073941],[117.315349,37.030547],[117.378286,36.956997],[117.56544,36.959954],[117.534248,36.931611],[117.56923,36.915736],[117.608556,36.821815],[117.747303,36.748584],[117.71848,36.704724],[117.777942,36.695219],[117.826429,36.763011],[117.852488,36.750708],[117.815531,36.788573],[117.828008,36.855883],[117.917005,36.86973],[117.96178,36.922494],[117.935404,36.915736],[117.911951,36.975141],[117.870493,36.985451],[117.847355,37.065959],[117.590946,37.084996],[117.551305,37.146781],[117.644329,37.265862],[117.990603,37.262358],[117.973862,37.216483],[118.036799,37.220905],[118.077941,37.188953],[118.063016,37.082841],[118.111187,37.094652],[118.156909,37.065281],[118.138983,37.005985],[118.209739,36.963152],[118.3259,37.035459],[118.338219,37.123134],[118.377545,37.154157],[118.346669,37.233252],[118.368069,37.279594],[118.315398,37.352514],[118.202,37.382409],[118.161015,37.362573],[118.141668,37.376487],[118.163937,37.416742],[118.114898,37.439742],[118.173255,37.546858],[118.127612,37.578103],[118.154935,37.628036],[118.195445,37.661742],[118.2846,37.662058],[118.36191,37.792063],[118.328111,37.865272],[118.258304,37.844182],[118.247643,37.871788],[118.220873,37.98258],[118.245432,38.144286],[118.112134,38.210227],[117.997631,38.211918],[117.895683,38.301629],[117.808582,38.228383],[117.729219,38.093796],[117.556517,38.057215],[117.570652,37.957264],[117.529036,37.932295],[117.606582,37.845209],[117.526509,37.762964],[117.543092,37.703625],[117.477075,37.654416],[117.407188,37.678846],[117.373074,37.648594],[117.36573,37.698361],[117.344567,37.693136],[117.273417,37.532619]]],[[[118.40779,38.026212],[118.419951,38.025503],[118.419319,38.053119],[118.40779,38.026212]]]]}},{"type":"Feature","properties":{"adcode":"371700","name":"菏泽市"},"geometry":{"type":"MultiPolygon","coordinates":[[[[115.876002,35.867124],[115.773343,35.854192],[115.698245,35.768399],[115.511486,35.727153],[115.345101,35.553612],[115.339099,35.490673],[115.23731,35.423118],[115.091614,35.416066],[115.075426,35.375168],[115.043286,35.376963],[114.92973,35.248225],[114.932494,35.198659],[114.841049,35.159246],[114.882902,35.098781],[114.83181,35.074182],[114.819254,35.051786],[114.85092,35.041917],[114.827072,35.01013],[114.869951,35.024468],[114.923807,34.968741],[115.128097,35.004354],[115.157236,34.966978],[115.219147,34.960624],[115.202722,34.925608],[115.239363,34.911868],[115.243469,34.850152],[115.302379,34.858813],[115.426754,34.805396],[115.444758,34.674479],[115.535176,34.573303],[115.669422,34.55695],[115.699114,34.598876],[115.827436,34.558268],[115.969973,34.582611],[116.001561,34.619049],[116.03757,34.593029],[116.082661,34.608305],[116.134542,34.55971],[116.199059,34.577463],[116.23341,34.555137],[116.372157,34.633455],[116.392688,34.703887],[116.365681,34.742779],[116.403191,34.756301],[116.409745,34.852944],[116.155153,34.947259],[116.171499,34.964683],[116.119381,35.053383],[116.214537,35.155606],[116.213115,35.196697],[116.269104,35.191178],[116.284265,35.22506],[116.265866,35.271547],[116.223539,35.260438],[116.199612,35.304986],[116.215484,35.435957],[116.188319,35.477313],[116.15689,35.446838],[116.121276,35.497881],[116.121829,35.67459],[115.898192,35.805202],[115.876002,35.867124]]]]}},{"type":"Feature","properties":{"adcode":"410100","name":"郑州市"},"geometry":{"type":"MultiPolygon","coordinates":[[[[114.22071,34.919066],[114.028451,34.959346],[113.953585,34.898082],[113.826062,34.877683],[113.766106,34.91488],[113.684824,34.906358],[113.407821,34.989518],[113.333018,34.944871],[113.260543,34.953586],[113.227703,34.908427],[113.139815,34.884631],[113.14793,34.856096],[113.06023,34.83756],[113.004364,34.864081],[112.943025,34.831102],[112.902321,34.852301],[112.810595,34.784938],[112.89993,34.780596],[112.939502,34.72384],[112.830223,34.694163],[112.847147,34.640362],[112.825001,34.628698],[112.890682,34.547102],[112.984736,34.539038],[112.947995,34.531467],[112.922956,34.47657],[112.740384,34.491077],[112.728117,34.361163],[112.83318,34.333638],[112.84117,34.297818],[113.013235,34.300398],[113.097726,34.26223],[113.314648,34.352287],[113.32528,34.404986],[113.658589,34.275037],[113.736852,34.317863],[113.885451,34.327785],[113.903507,34.454185],[113.990326,34.435707],[114.035119,34.503998],[114.083373,34.480927],[114.157547,34.625979],[114.133703,34.825628],[114.185354,34.825628],[114.22071,34.919066]]]]}},{"type":"Feature","properties":{"adcode":"410200","name":"开封市"},"geometry":{"type":"MultiPolygon","coordinates":[[[[113.885451,34.327785],[114.011275,34.242022],[114.098661,34.241923],[114.129299,34.198214],[114.287901,34.276527],[114.405798,34.248031],[114.455688,34.294096],[114.436059,34.330265],[114.730426,34.225237],[114.896514,34.265804],[114.862353,34.329174],[114.888461,34.383771],[114.852413,34.42887],[114.912305,34.483601],[114.901673,34.645303],[114.935771,34.672182],[114.8677,34.688038],[114.835678,34.746893],[115.24832,34.798109],[115.252157,34.906604],[115.204973,34.914239],[115.211768,34.943345],[115.133002,34.999655],[114.923818,34.968748],[114.869965,35.024451],[114.741435,34.960675],[114.778994,34.916751],[114.724323,34.885222],[114.679593,34.909018],[114.513378,34.895273],[114.40064,34.939504],[114.350499,34.908082],[114.22071,34.919066],[114.199824,34.832729],[114.133703,34.825628],[114.172331,34.768311],[114.138484,34.73475],[114.157547,34.625979],[114.127726,34.61718],[114.094383,34.492265],[114.035119,34.503998],[113.990326,34.435707],[113.915586,34.444922],[113.878153,34.411478],[113.885451,34.327785]]]]}},{"type":"Feature","properties":{"adcode":"410300","name":"洛阳市"},"geometry":{"type":"MultiPolygon","coordinates":[[[[111.260813,33.796775],[111.495476,33.725663],[111.619476,33.730059],[111.684968,33.677489],[111.819411,33.652892],[111.827716,33.606228],[111.916359,33.572102],[112.020353,33.587715],[112.038535,33.622386],[112.087481,33.603076],[112.071312,33.648192],[112.168638,33.721766],[112.249354,33.719018],[112.323402,33.828467],[112.433687,33.810951],[112.534095,33.880247],[112.502576,33.913004],[112.620285,34.143148],[112.557876,34.263719],[112.623682,34.337854],[112.776622,34.345046],[112.732898,34.350898],[112.740384,34.491077],[112.922956,34.47657],[112.929813,34.526023],[112.976683,34.53117],[112.890682,34.547102],[112.839408,34.596514],[112.829217,34.683346],[112.939502,34.72384],[112.909367,34.771123],[112.817263,34.778278],[112.813363,34.832877],[112.656648,34.859645],[112.638404,34.919756],[112.585369,34.926503],[112.5692,34.958608],[112.505155,34.942459],[112.534221,34.893746],[112.28188,34.960232],[112.258099,34.942212],[112.1514,35.015399],[112.042436,35.027845],[112.021171,35.067973],[111.973358,35.070234],[111.939511,35.0366],[111.991917,35.005018],[111.95763,34.986221],[111.983235,34.970471],[111.883267,34.894239],[111.981411,34.857624],[112.030105,34.792584],[111.928879,34.600272],[111.830736,34.649207],[111.681445,34.547647],[111.5029,34.545074],[111.370595,34.473301],[111.227533,34.459732],[111.156819,34.394677],[111.138449,34.35675],[111.191547,34.301837],[111.158958,34.223101],[111.358768,34.108788],[111.356,33.984509],[111.29013,33.926662],[111.230049,33.924768],[111.212811,33.884087],[111.260813,33.796775]]],[[[112.028784,34.778968],[112.018466,34.785678],[112.021171,34.777537],[112.028784,34.778968]]]]}},{"type":"Feature","properties":{"adcode":"410400","name":"平顶山市"},"geometry":{"type":"MultiPolygon","coordinates":[[[[113.585485,33.711024],[113.549373,33.750489],[113.451042,33.739301],[113.372401,33.785593],[113.393351,33.797873],[113.36762,33.862691],[113.410715,33.943308],[113.395742,34.031315],[113.334528,34.027183],[113.252113,34.114308],[113.235064,34.091926],[113.157493,34.103118],[113.075392,34.215502],[113.082439,34.26645],[113.013235,34.300398],[112.856458,34.302185],[112.81223,34.340037],[112.623682,34.337854],[112.573226,34.298314],[112.559763,34.224988],[112.620285,34.143148],[112.601222,34.071827],[112.538625,34.027084],[112.56964,34.003035],[112.497858,33.926064],[112.536423,33.902236],[112.512768,33.85895],[112.40978,33.80591],[112.372222,33.838297],[112.323402,33.828467],[112.273953,33.801667],[112.24797,33.72871],[112.332839,33.668391],[112.420727,33.676389],[112.548502,33.59367],[112.588388,33.616883],[112.773413,33.56079],[112.94271,33.607629],[113.036261,33.539865],[113.045698,33.439472],[113.176052,33.435713],[113.277089,33.350254],[113.400397,33.335852],[113.379888,33.135485],[113.449217,33.160581],[113.617004,33.147255],[113.64846,33.182402],[113.606875,33.237786],[113.639149,33.355221],[113.688347,33.407737],[113.468846,33.422077],[113.478597,33.50431],[113.525278,33.505061],[113.628203,33.629038],[113.587624,33.654642],[113.585485,33.711024]]]]}},{"type":"Feature","properties":{"adcode":"410500","name":"安阳市"},"geometry":{"type":"MultiPolygon","coordinates":[[[[114.419073,35.474181],[114.429076,35.342876],[114.394348,35.219797],[114.431781,35.208755],[114.487836,35.206645],[114.607495,35.292686],[114.688715,35.295138],[114.718598,35.343611],[114.808877,35.346942],[114.856942,35.387794],[114.951248,35.380791],[114.985787,35.414332],[114.970751,35.480785],[114.93942,35.481225],[114.962006,35.571421],[114.874432,35.623878],[114.918408,35.687962],[114.893746,35.764132],[114.943573,35.799754],[114.933003,35.84505],[114.988366,35.964741],[114.914696,36.05201],[114.912431,36.140444],[114.734389,36.155772],[114.582582,36.121329],[114.345151,36.255812],[114.22373,36.270875],[114.181139,36.243314],[114.131438,36.281674],[114.060536,36.276493],[114.030841,36.350742],[113.977932,36.358579],[113.993849,36.314594],[113.964217,36.35258],[113.911182,36.314788],[113.881487,36.353886],[113.818261,36.331146],[113.73314,36.357079],[113.716217,36.262593],[113.677274,36.222528],[113.698476,36.21429],[113.651669,36.172212],[113.706843,36.147381],[113.668529,36.129675],[113.685767,36.055992],[113.66142,36.04288],[113.695896,35.999884],[113.636884,35.975874],[113.637388,35.869928],[113.800205,35.740782],[113.785546,35.674447],[113.956227,35.691426],[114.067267,35.759112],[114.078151,35.803018],[114.025179,35.797074],[114.013981,35.852548],[114.070287,35.873189],[114.07488,35.904383],[114.030464,35.97179],[114.108035,35.981852],[114.111306,36.017085],[114.175225,36.052107],[114.181768,35.982873],[114.309291,35.952731],[114.229204,35.841057],[114.263365,35.774416],[114.350373,35.816025],[114.566476,35.843735],[114.751439,35.763352],[114.672924,35.65395],[114.502558,35.609277],[114.402275,35.526018],[114.419073,35.474181]]]]}},{"type":"Feature","properties":{"adcode":"410600","name":"鹤壁市"},"geometry":{"type":"MultiPolygon","coordinates":[[[[113.995988,35.704792],[114.050218,35.675667],[114.080102,35.567316],[114.289914,35.501815],[114.27255,35.476187],[114.324012,35.444531],[114.419073,35.474181],[114.39504,35.508857],[114.500167,35.593404],[114.672924,35.65395],[114.751439,35.763352],[114.509478,35.836723],[114.350373,35.816025],[114.270411,35.76072],[114.229204,35.841057],[114.309291,35.952731],[114.169877,36.000856],[114.175225,36.052107],[114.028828,35.950494],[114.081611,35.915086],[114.075131,35.880928],[114.013981,35.852548],[114.022537,35.804285],[114.078151,35.803018],[113.995988,35.704792]]]]}},{"type":"Feature","properties":{"adcode":"410700","name":"新乡市"},"geometry":{"type":"MultiPolygon","coordinates":[[[[114.951248,35.380791],[114.856942,35.387794],[114.783964,35.343023],[114.697397,35.337486],[114.698341,35.306756],[114.562198,35.276064],[114.487836,35.206645],[114.394348,35.219797],[114.429076,35.342876],[114.419073,35.474181],[114.324012,35.444531],[114.259842,35.504945],[114.080102,35.567316],[114.050218,35.675667],[113.995988,35.704792],[113.785546,35.674447],[113.801652,35.733517],[113.700552,35.837308],[113.585296,35.825766],[113.624868,35.632032],[113.560069,35.660441],[113.49854,35.532373],[113.391778,35.506852],[113.482246,35.369967],[113.486461,35.294108],[113.538804,35.243201],[113.534967,35.151803],[113.593852,35.131173],[113.645503,35.038075],[113.592091,34.933743],[113.749057,34.919017],[113.826062,34.877683],[113.953585,34.898082],[114.018385,34.958608],[114.200704,34.939504],[114.243988,34.905126],[114.350499,34.908082],[114.383024,34.936894],[114.513378,34.895273],[114.76119,34.89148],[114.778994,34.916751],[114.74175,34.948712],[114.838635,35.018154],[114.850903,35.041911],[114.819258,35.051796],[114.882925,35.098743],[114.841718,35.151165],[114.928285,35.194766],[114.929732,35.248205],[114.975595,35.261547],[115.017243,35.337437],[114.951248,35.380791]]]]}},{"type":"Feature","properties":{"adcode":"410800","name":"焦作市"},"geometry":{"type":"MultiPolygon","coordinates":[[[[112.827266,34.819218],[112.853501,34.810736],[112.884516,34.853089],[112.943025,34.831102],[112.992851,34.863539],[113.06023,34.83756],[113.14793,34.856096],[113.139815,34.884631],[113.227703,34.908427],[113.243934,34.946201],[113.315277,34.942212],[113.407821,34.989518],[113.592091,34.933743],[113.645503,35.038075],[113.593852,35.131173],[113.542642,35.144632],[113.518798,35.288813],[113.486461,35.294108],[113.447707,35.432443],[113.383159,35.495067],[113.295522,35.47154],[113.322197,35.461559],[113.297347,35.438512],[113.208515,35.447272],[113.136669,35.347334],[112.998199,35.362472],[112.99153,35.302344],[112.907102,35.245801],[112.822233,35.258114],[112.767248,35.204093],[112.735289,35.043338],[112.5692,34.958608],[112.585369,34.926503],[112.638404,34.919756],[112.638215,34.854174],[112.827266,34.819218]]]]}},{"type":"Feature","properties":{"adcode":"410900","name":"濮阳市"},"geometry":{"type":"MultiPolygon","coordinates":[[[[115.017243,35.337437],[115.091605,35.416045],[115.237373,35.423094],[115.339102,35.490665],[115.345079,35.553634],[115.511545,35.727129],[115.69355,35.754091],[115.73482,35.832925],[115.863099,35.855518],[115.911856,35.960268],[116.038561,35.963428],[116.099334,36.112061],[115.989804,36.045454],[115.797481,36.006978],[115.642402,35.920048],[115.503429,35.888714],[115.370936,35.78884],[115.335013,35.796733],[115.363135,35.972033],[115.447752,36.012664],[115.483549,36.148982],[115.46392,36.17129],[115.404594,36.155626],[115.341367,36.0876],[115.20296,36.204063],[115.062728,36.178224],[115.045931,36.112207],[114.932123,36.050068],[114.983962,36.02583],[114.988366,35.964741],[114.935646,35.853814],[114.943573,35.799754],[114.887832,35.753506],[114.919226,35.664785],[114.874432,35.623878],[114.952884,35.581094],[114.969492,35.518],[114.940616,35.491448],[114.970751,35.480785],[114.985787,35.414332],[114.951248,35.380791],[115.017243,35.337437]]],[[[115.504939,35.899079],[115.505442,35.914405],[115.490721,35.908372],[115.504939,35.899079]]]]}},{"type":"Feature","properties":{"adcode":"411000","name":"许昌市"},"geometry":{"type":"MultiPolygon","coordinates":[[[[114.259905,34.251854],[114.129299,34.198214],[114.081926,34.24952],[114.011275,34.242022],[113.964406,34.292954],[113.803791,34.33721],[113.658589,34.275037],[113.32528,34.404986],[113.314648,34.352287],[113.235567,34.339045],[113.066962,34.223647],[113.157493,34.103118],[113.240097,34.108539],[113.331949,34.063268],[113.334528,34.027183],[113.386368,34.039827],[113.412665,33.952028],[113.360762,33.879997],[113.393351,33.797873],[113.372401,33.785593],[113.573091,33.752137],[113.598256,33.687536],[113.741822,33.702329],[113.759312,33.827918],[113.725528,33.856406],[113.853051,33.873315],[113.857455,33.939769],[113.977492,33.98152],[114.037762,33.986053],[114.114515,33.928058],[114.115081,33.863788],[114.159623,33.816191],[114.309983,33.781349],[114.311745,34.001492],[114.262107,34.095856],[114.287649,34.206958],[114.259905,34.251854]]],[[[113.813353,33.88638],[113.826565,33.875808],[113.824363,33.89022],[113.813353,33.88638]]]]}},{"type":"Feature","properties":{"adcode":"411100","name":"漯河市"},"geometry":{"type":"MultiPolygon","coordinates":[[[[113.688347,33.407737],[113.847515,33.466836],[113.933768,33.465884],[114.038579,33.5296],[114.190575,33.426489],[114.284629,33.472548],[114.295324,33.553782],[114.249084,33.704328],[114.116402,33.651392],[114.091489,33.71642],[114.098032,33.765072],[114.142007,33.765921],[114.15503,33.809304],[114.115081,33.863788],[114.125902,33.915547],[114.021971,33.987248],[113.870226,33.945401],[113.861481,33.884486],[113.722445,33.848624],[113.759312,33.827918],[113.734399,33.752337],[113.762206,33.731808],[113.724018,33.695632],[113.585485,33.711024],[113.587624,33.654642],[113.628203,33.629038],[113.552267,33.586715],[113.537672,33.51633],[113.483001,33.500152],[113.466518,33.437367],[113.688347,33.407737]]]]}},{"type":"Feature","properties":{"adcode":"411200","name":"三门峡市"},"geometry":{"type":"MultiPolygon","coordinates":[[[[111.973358,35.070234],[111.818405,35.068464],[111.809534,35.036846],[111.665528,34.980955],[111.681697,34.950927],[111.570782,34.843329],[111.255214,34.819563],[111.239864,34.793571],[111.16072,34.814582],[111.118254,34.756566],[110.976324,34.70646],[110.919766,34.730258],[110.893469,34.651629],[110.83452,34.617526],[110.76129,34.653506],[110.706367,34.60398],[110.379161,34.600519],[110.367207,34.566792],[110.399355,34.562834],[110.368843,34.493206],[110.498128,34.320096],[110.426471,34.27608],[110.641945,34.160894],[110.591804,34.101676],[110.586645,34.023997],[110.634459,34.01633],[110.675603,33.946596],[110.592182,33.900591],[110.612125,33.852515],[110.782177,33.796076],[110.841818,33.663241],[111.025144,33.550578],[111.114542,33.578758],[111.152101,33.645441],[111.133164,33.678939],[111.181292,33.686886],[111.208533,33.781948],[111.260813,33.796775],[111.203689,33.883438],[111.356,33.984509],[111.358768,34.108788],[111.158958,34.223101],[111.191547,34.301837],[111.138449,34.35675],[111.147949,34.38853],[111.188967,34.399286],[111.220235,34.457949],[111.272012,34.447547],[111.300008,34.488948],[111.370595,34.473301],[111.574305,34.564467],[111.683584,34.533298],[111.672008,34.572232],[111.863953,34.647082],[111.928879,34.600272],[112.019347,34.762587],[111.981411,34.857624],[111.948948,34.852301],[111.88396,34.911974],[111.981914,34.960626],[111.940203,35.030599],[111.973358,35.070234]]],[[[112.031992,34.782965],[112.028784,34.778968],[112.031174,34.777735],[112.031992,34.782965]]]]}},{"type":"Feature","properties":{"adcode":"411300","name":"南阳市"},"geometry":{"type":"MultiPolygon","coordinates":[[[[111.009982,33.56054],[111.027346,33.469542],[110.996708,33.435963],[111.026025,33.330382],[111.000356,33.323957],[110.997022,33.254766],[111.051441,33.20065],[111.037223,33.160984],[111.0985,33.176923],[111.179531,33.115463],[111.190918,33.086731],[111.15078,33.053206],[111.2588,33.006472],[111.246344,32.888518],[111.280127,32.904355],[111.289879,32.86506],[111.380032,32.828827],[111.413564,32.757174],[111.46295,32.764296],[111.444391,32.736713],[111.55908,32.601095],[111.640804,32.634741],[111.646403,32.606206],[111.713593,32.60656],[111.870245,32.506315],[111.948696,32.517003],[112.001102,32.459444],[112.064014,32.474243],[112.156873,32.377096],[112.205882,32.392973],[112.32812,32.321682],[112.360017,32.36563],[112.450422,32.342847],[112.477222,32.380799],[112.544727,32.395509],[112.754099,32.342847],[112.870487,32.397842],[112.98807,32.372327],[113.025314,32.424618],[113.150258,32.376284],[113.211786,32.431969],[113.347677,32.298633],[113.420466,32.269535],[113.528738,32.330362],[113.55082,32.302543],[113.651228,32.413412],[113.718608,32.417215],[113.761828,32.470645],[113.769126,32.559287],[113.814423,32.600842],[113.781079,32.652595],[113.614676,32.711344],[113.619332,32.667362],[113.565416,32.602715],[113.492752,32.567741],[113.400712,32.61324],[113.364537,32.569462],[113.280486,32.595984],[113.198575,32.579536],[113.186181,32.646476],[113.210276,32.678941],[113.252679,32.666907],[113.191528,32.717712],[113.165797,32.838063],[113.208137,32.916408],[113.097789,32.946406],[113.165546,33.048977],[113.386619,33.113451],[113.370136,33.182855],[113.40738,33.323004],[113.277089,33.350254],[113.192975,33.429797],[113.045698,33.439472],[113.022861,33.56119],[112.893513,33.616133],[112.773413,33.56079],[112.588388,33.616883],[112.529943,33.587915],[112.420727,33.676389],[112.361086,33.661242],[112.278168,33.712373],[112.184995,33.698731],[112.168638,33.721766],[112.074018,33.653142],[112.092199,33.607228],[112.038535,33.622386],[112.028343,33.593019],[111.930137,33.571051],[111.832749,33.598723],[111.819411,33.652892],[111.684968,33.677489],[111.619476,33.730059],[111.495476,33.725663],[111.240367,33.796925],[111.196077,33.757731],[111.181292,33.686886],[111.133164,33.678939],[111.152101,33.645441],[111.114542,33.578758],[111.009982,33.56054]]],[[[111.033889,33.178029],[111.032064,33.188686],[111.015833,33.174057],[111.033889,33.178029]]],[[[112.734093,32.356751],[112.730885,32.363144],[112.723021,32.360962],[112.734093,32.356751]]]]}},{"type":"Feature","properties":{"adcode":"411400","name":"商丘市"},"geometry":{"type":"MultiPolygon","coordinates":[[[[115.653601,34.060084],[115.735827,34.076852],[115.815537,34.052867],[115.852718,34.003832],[115.876751,34.028826],[115.957593,34.007716],[115.994963,33.975095],[115.982695,33.917192],[116.059196,33.860945],[116.055421,33.804812],[116.155389,33.709924],[116.432581,33.795328],[116.437362,33.846529],[116.558342,33.901688],[116.627294,33.888624],[116.648055,33.973351],[116.541482,34.109932],[116.536008,34.151002],[116.565514,34.169542],[116.543621,34.239539],[116.582312,34.266499],[116.51185,34.296478],[116.37596,34.271315],[116.357652,34.319798],[116.213583,34.382235],[116.162058,34.459385],[116.203957,34.508651],[116.197037,34.575942],[116.156647,34.553732],[116.101284,34.60581],[116.001568,34.619009],[115.969987,34.582619],[115.838122,34.567781],[115.699086,34.598838],[115.669455,34.556948],[115.535137,34.573321],[115.461404,34.637248],[115.426802,34.805409],[115.317146,34.859201],[115.163891,34.783063],[114.936841,34.747041],[114.829009,34.764314],[114.858012,34.692286],[114.936652,34.681914],[114.905825,34.666896],[114.920673,34.531417],[114.856502,34.436599],[114.879025,34.370683],[114.855558,34.33473],[115.133127,34.170835],[115.140048,34.055854],[115.074241,34.022802],[115.049957,33.950035],[115.176474,33.950732],[115.288395,34.019516],[115.292484,33.996163],[115.361813,34.01628],[115.439573,33.986053],[115.53564,34.021757],[115.543693,34.084564],[115.641962,34.084166],[115.653601,34.060084]]]]}},{"type":"Feature","properties":{"adcode":"411500","name":"信阳市"},"geometry":{"type":"MultiPolygon","coordinates":[[[[113.749057,32.272684],[113.740438,32.242815],[113.777934,32.207956],[113.766169,32.13835],[113.722445,32.12426],[113.728485,32.083197],[113.791271,32.036006],[113.758934,32.000915],[113.816247,31.96688],[113.838644,31.854702],[113.896398,31.849344],[113.914957,31.876995],[113.954906,31.856334],[113.978939,31.753778],[114.086644,31.782223],[114.180258,31.854039],[114.292808,31.752296],[114.446566,31.728031],[114.50866,31.740701],[114.509667,31.766852],[114.530679,31.742897],[114.572768,31.762562],[114.561066,31.560966],[114.641719,31.582153],[114.696579,31.525847],[114.778868,31.520727],[114.829827,31.458902],[114.964019,31.495377],[114.985346,31.477705],[115.023094,31.527588],[115.096198,31.508437],[115.125389,31.599089],[115.164395,31.604564],[115.235611,31.556206],[115.212334,31.490101],[115.250459,31.391755],[115.355271,31.399958],[115.389809,31.450293],[115.371565,31.495838],[115.486569,31.610089],[115.495376,31.672938],[115.676564,31.778393],[115.815348,31.762358],[115.915001,31.811885],[115.898329,31.88026],[115.94155,32.166423],[115.883545,32.489241],[115.845735,32.501806],[115.91022,32.566982],[115.891535,32.576245],[115.788736,32.468922],[115.771498,32.505301],[115.760237,32.481996],[115.701225,32.495321],[115.666938,32.409405],[115.604529,32.425936],[115.563888,32.403015],[115.411577,32.574777],[115.296511,32.562729],[115.30557,32.58318],[115.152127,32.590012],[114.985472,32.659322],[114.911047,32.653405],[114.89167,32.61749],[114.79403,32.613695],[114.786858,32.52384],[114.724512,32.541464],[114.582393,32.51371],[114.576542,32.425733],[114.644551,32.375879],[114.550685,32.289036],[114.452479,32.281368],[114.376607,32.292032],[114.34276,32.365021],[114.293877,32.36492],[114.197433,32.486353],[114.085512,32.450777],[114.067204,32.534881],[113.962204,32.505403],[113.919738,32.605295],[113.826691,32.622397],[113.710555,32.421221],[113.768874,32.369486],[113.749057,32.272684]]],[[[113.768182,32.28406],[113.769063,32.301324],[113.749057,32.272684],[113.768182,32.28406]]]]}},{"type":"Feature","properties":{"adcode":"411600","name":"周口市"},"geometry":{"type":"MultiPolygon","coordinates":[[[[114.897269,33.08658],[114.93445,33.15329],[115.041275,33.08663],[115.153259,33.084416],[115.197109,33.12145],[115.290345,33.132417],[115.296762,33.201303],[115.360178,33.298105],[115.365022,33.336003],[115.316139,33.370974],[115.345393,33.502707],[115.366595,33.523441],[115.396793,33.502006],[115.421958,33.556786],[115.63976,33.585113],[115.563133,33.771663],[115.614218,33.775658],[115.633532,33.86733],[115.557974,33.876108],[115.55464,33.900342],[115.592702,34.009857],[115.649889,34.036194],[115.641962,34.084166],[115.543693,34.084564],[115.53564,34.021757],[115.439573,33.986053],[115.258449,34.015334],[115.252283,33.982467],[115.070026,33.935583],[115.074241,34.022802],[115.13967,34.050628],[115.116707,34.066353],[115.133442,34.154234],[115.12627,34.209441],[115.041087,34.246342],[114.832847,34.281937],[114.730426,34.225237],[114.556662,34.267989],[114.479343,34.32962],[114.438576,34.328033],[114.424546,34.309032],[114.455688,34.294096],[114.405798,34.248031],[114.274626,34.274889],[114.271103,34.053813],[114.312248,33.98162],[114.301301,33.842188],[114.323383,33.832908],[114.290354,33.771813],[114.134772,33.806409],[114.098032,33.765072],[114.097717,33.683187],[114.149745,33.650442],[114.249084,33.704328],[114.279785,33.489282],[114.368932,33.44659],[114.446628,33.464581],[114.563016,33.42333],[114.589314,33.362847],[114.722373,33.301117],[114.681354,33.170487],[114.7951,33.068561],[114.854552,33.055421],[114.897269,33.08658]]]]}},{"type":"Feature","properties":{"adcode":"411700","name":"驻马店市"},"geometry":{"type":"MultiPolygon","coordinates":[[[[113.814423,32.600842],[113.826691,32.622397],[113.919738,32.605295],[113.962204,32.505403],[114.072992,32.517205],[114.080731,32.454832],[114.157421,32.458279],[114.192274,32.492585],[114.204479,32.445252],[114.288467,32.418939],[114.286894,32.369892],[114.34276,32.365021],[114.376607,32.292032],[114.550685,32.289036],[114.644551,32.375879],[114.576542,32.425733],[114.582393,32.51371],[114.701927,32.517357],[114.713062,32.543743],[114.774024,32.508696],[114.808877,32.558882],[114.788997,32.607168],[114.89167,32.61749],[114.911047,32.653405],[115.090599,32.637017],[115.140362,32.599223],[115.209125,32.612936],[115.219443,32.659221],[115.184338,32.720391],[115.212334,32.787175],[115.116141,32.90022],[115.029762,32.906827],[115.035425,32.932341],[114.943573,32.935013],[114.893809,32.972664],[114.891922,33.020525],[114.924321,33.016697],[114.897269,33.08658],[114.854552,33.055421],[114.77157,33.069517],[114.681354,33.170487],[114.728853,33.289368],[114.623664,33.341723],[114.563016,33.42333],[114.488654,33.417565],[114.459777,33.454458],[114.368932,33.44659],[114.307907,33.481316],[114.190575,33.426489],[114.103505,33.491586],[114.116276,33.51027],[114.052168,33.528999],[113.94528,33.465633],[113.856134,33.47796],[113.693065,33.418216],[113.618766,33.291477],[113.613796,33.211506],[113.64846,33.182402],[113.626001,33.150423],[113.413105,33.156659],[113.357239,33.091613],[113.190019,33.067202],[113.097789,32.946406],[113.208137,32.916408],[113.167999,32.847046],[113.191528,32.717712],[113.259914,32.677778],[113.258467,32.653961],[113.220594,32.684452],[113.186181,32.646476],[113.198575,32.579536],[113.280486,32.595984],[113.364537,32.569462],[113.400712,32.61324],[113.512759,32.571538],[113.642987,32.703106],[113.791963,32.642075],[113.814423,32.600842]]]]}},{"type":"Feature","properties":{"adcode":"420100","name":"武汉市"},"geometry":{"type":"MultiPolygon","coordinates":[[[[113.710002,30.388924],[113.789627,30.287824],[113.755913,30.232045],[113.820157,30.178982],[113.866223,30.189665],[113.929457,30.289195],[113.975678,30.295196],[114.038524,30.197431],[114.10603,30.202364],[114.237548,29.995892],[114.347158,30.02628],[114.5409,29.975084],[114.537948,30.027183],[114.562185,30.026882],[114.506486,30.149842],[114.590772,30.284481],[114.583237,30.437466],[114.635052,30.470157],[114.621146,30.556879],[114.85101,30.628191],[114.791428,30.718783],[114.875558,30.764516],[114.875947,30.793387],[114.952231,30.774368],[114.999385,30.857537],[115.081651,30.87803],[114.990529,30.945146],[114.988976,30.99643],[114.921469,31.014341],[114.863906,30.991026],[114.862352,30.945699],[114.825608,30.948807],[114.798497,31.000855],[114.767967,30.96047],[114.750566,30.994005],[114.615942,30.927264],[114.500427,31.03344],[114.525674,31.135462],[114.405887,31.229564],[114.440067,31.307968],[114.240111,31.339176],[114.179985,31.256767],[114.248346,31.179807],[114.181849,31.112644],[114.159399,31.021148],[114.180917,30.767971],[113.94041,30.776842],[113.896985,30.708242],[113.94445,30.687457],[113.939711,30.586282],[113.710002,30.388924]]],[[[114.939258,31.019914],[114.946328,31.034035],[114.93351,31.03714],[114.939258,31.019914]]],[[[114.969089,30.99392],[114.988976,30.99643],[114.98548,31.017659],[114.969089,30.99392]]]]}},{"type":"Feature","properties":{"adcode":"420200","name":"黄石市"},"geometry":{"type":"MultiPolygon","coordinates":[[[[114.54626,30.062802],[114.532277,29.969322],[114.562806,29.935605],[114.724387,29.89469],[114.723766,29.759435],[114.835707,29.73293],[114.944075,29.556317],[115.087555,29.56003],[115.086623,29.522936],[115.124688,29.509718],[115.153974,29.510366],[115.172463,29.589084],[115.133621,29.590033],[115.106044,29.673605],[115.268557,29.658337],[115.28588,29.61856],[115.472009,29.742585],[115.479233,29.811302],[115.505801,29.82237],[115.329383,30.028945],[115.269256,30.155164],[115.209518,30.213517],[115.112492,30.213732],[115.061764,30.261418],[114.954407,30.203994],[114.875403,30.236034],[114.830036,30.311909],[114.774337,30.290867],[114.726407,30.325277],[114.660687,30.249584],[114.71592,30.162074],[114.731767,30.059151],[114.645228,30.015493],[114.624098,30.053351],[114.573993,30.034617],[114.54626,30.062802]]],[[[115.140069,30.23702],[115.162908,30.229944],[115.135253,30.247783],[115.140069,30.23702]]]]}},{"type":"Feature","properties":{"adcode":"420300","name":"十堰市"},"geometry":{"type":"MultiPolygon","coordinates":[[[[111.046718,33.202923],[110.985037,33.255446],[110.921648,33.204002],[110.830526,33.20259],[110.814135,33.152695],[110.74554,33.147043],[110.719905,33.09957],[110.657448,33.154233],[110.60105,33.154482],[110.577667,33.250547],[110.541001,33.255612],[110.468445,33.181198],[110.232366,33.159136],[110.165015,33.209318],[110.03109,33.191916],[109.863838,33.244902],[109.717872,33.233444],[109.61634,33.274122],[109.606863,33.236059],[109.514265,33.237761],[109.438912,33.152072],[109.576178,33.110256],[109.688041,33.116617],[109.794467,33.066922],[109.764326,32.909295],[109.798895,32.877452],[109.871917,32.910879],[109.991083,32.885873],[110.101393,32.834672],[110.140856,32.80881],[110.15445,32.690083],[110.20642,32.633001],[110.165171,32.593867],[110.102558,32.619039],[110.017651,32.546976],[109.910526,32.592696],[109.631799,32.600056],[109.636771,32.541076],[109.58752,32.516092],[109.506263,32.395299],[109.495465,32.300404],[109.550387,32.224852],[109.603833,32.20566],[109.587131,32.161466],[109.621622,32.10674],[109.587597,32.025262],[109.631255,31.962243],[109.584956,31.900487],[109.638247,31.811065],[109.604532,31.803768],[109.585733,31.726708],[109.731078,31.700444],[109.764249,31.603008],[109.727815,31.54833],[109.822045,31.553744],[109.94525,31.506697],[110.065892,31.544861],[110.129436,31.603896],[110.215509,31.569097],[110.233532,31.716532],[110.283482,31.762714],[110.370176,31.771702],[110.368622,31.800815],[110.472562,31.814651],[110.509229,31.856778],[110.752687,31.839702],[110.939127,31.877012],[111.020461,31.832406],[110.978123,31.94089],[111.005701,32.008807],[111.036774,32.013984],[111.094104,31.94367],[111.058448,32.003461],[111.08152,32.024589],[111.063885,32.084495],[111.219096,32.148565],[111.254442,32.204904],[111.240459,32.268638],[111.211872,32.276612],[111.235332,32.321631],[111.382308,32.428194],[111.466672,32.431755],[111.583041,32.596544],[111.441114,32.722787],[111.475062,32.76128],[111.422936,32.750969],[111.380055,32.828833],[111.293516,32.8594],[111.29072,32.892583],[111.254908,32.884039],[111.258792,33.006461],[111.22166,33.042626],[111.148249,33.042418],[111.192917,33.071623],[111.162543,33.124266],[111.088822,33.182029],[111.045475,33.158139],[111.046718,33.202923]]],[[[111.143666,32.046806],[111.110495,32.047984],[111.084471,32.00102],[111.143666,32.046806]]],[[[110.999253,31.985949],[110.987601,31.941143],[111.006245,31.922481],[110.999253,31.985949]]],[[[111.046718,33.202923],[111.0339,33.178041],[111.057826,33.183608],[111.046718,33.202923]]]]}},{"type":"Feature","properties":{"adcode":"420500","name":"宜昌市"},"geometry":{"type":"MultiPolygon","coordinates":[[[[112.079824,30.659323],[112.015192,30.865419],[112.02094,30.984473],[111.905736,31.076302],[111.962678,31.117021],[111.934634,31.173479],[111.88515,31.174031],[111.871711,31.222433],[111.737475,31.294778],[111.740815,31.36711],[111.676105,31.350155],[111.628719,31.373001],[111.518953,31.302243],[111.467604,31.306696],[111.438318,31.31293],[111.43086,31.36444],[111.361489,31.347103],[111.276115,31.383892],[111.275727,31.436337],[111.236264,31.461617],[111.039726,31.423334],[111.043999,31.565079],[110.947827,31.566433],[110.856239,31.499757],[110.796578,31.55311],[110.743676,31.538685],[110.707864,31.477154],[110.616587,31.485662],[110.576658,31.34439],[110.53735,31.317298],[110.490818,31.369822],[110.42704,31.310258],[110.498198,31.254136],[110.476136,31.186177],[110.538826,31.132615],[110.446305,31.030675],[110.44312,30.881012],[110.335996,30.82698],[110.318284,30.762213],[110.422379,30.782087],[110.469222,30.64916],[110.432866,30.617384],[110.487633,30.553929],[110.439547,30.489578],[110.367224,30.466563],[110.351998,30.258588],[110.255671,30.234404],[110.342055,30.135033],[110.307253,29.954486],[110.423389,29.95741],[110.496333,30.054597],[110.651,30.077622],[110.735675,30.039902],[110.746395,30.112623],[110.814368,30.125975],[110.924289,30.111334],[110.922968,30.075732],[111.031569,30.048883],[111.178934,30.040504],[111.306257,30.046434],[111.388212,30.123829],[111.526721,30.096563],[111.573253,30.121682],[111.606967,30.231831],[111.587158,30.257516],[111.736387,30.373766],[111.831627,30.283452],[111.89253,30.279037],[111.939606,30.347768],[111.991498,30.282937],[112.043779,30.276551],[111.976972,30.36246],[111.971845,30.435883],[111.92205,30.444485],[111.924147,30.505916],[111.974719,30.503777],[112.021251,30.645146],[112.079824,30.659323]]],[[[111.052699,31.441461],[111.091696,31.424139],[111.073674,31.442393],[111.052699,31.441461]]],[[[111.596869,30.155336],[111.597646,30.167782],[111.588246,30.166924],[111.596869,30.155336]]],[[[112.079902,30.683914],[112.072755,30.699152],[112.070269,30.687329],[112.079902,30.683914]]]]}},{"type":"Feature","properties":{"adcode":"420600","name":"襄阳市"},"geometry":{"type":"MultiPolygon","coordinates":[[[[111.583041,32.596544],[111.533169,32.491017],[111.466672,32.431755],[111.382308,32.428194],[111.235332,32.321631],[111.211872,32.276612],[111.257161,32.219183],[111.231681,32.163861],[111.128285,32.106151],[111.150502,32.035951],[111.058448,32.003461],[111.105291,31.948935],[111.046718,32.009312],[110.995214,31.99138],[111.020461,31.832406],[110.892517,31.875242],[110.782595,31.844213],[110.891429,31.675778],[110.982318,31.643203],[110.947827,31.566433],[111.043999,31.565079],[111.062099,31.503904],[111.039027,31.461151],[111.108864,31.414396],[111.218863,31.462844],[111.271998,31.445738],[111.266794,31.397239],[111.349759,31.346467],[111.43086,31.36444],[111.433424,31.320817],[111.467604,31.306696],[111.518953,31.302243],[111.628719,31.373001],[111.660336,31.349562],[111.740815,31.36711],[111.737475,31.294778],[111.849028,31.23279],[111.945122,31.273484],[111.946675,31.425282],[112.191144,31.469576],[112.204272,31.531662],[112.280091,31.547188],[112.42295,31.502846],[112.51213,31.560892],[112.566741,31.561061],[112.709367,31.476519],[112.702609,31.543169],[112.74044,31.556493],[112.752248,31.609856],[112.729798,31.635597],[112.747121,31.744312],[112.828766,31.756805],[112.932007,31.84181],[112.963624,31.829328],[112.960749,31.889193],[113.03113,31.953062],[112.991745,31.977865],[112.990036,32.050046],[113.049697,32.115401],[113.025149,32.263181],[113.08916,32.305438],[113.061116,32.361303],[113.108736,32.364741],[113.107959,32.398485],[113.025304,32.424591],[112.969838,32.371155],[112.870482,32.397856],[112.754113,32.342853],[112.561692,32.398904],[112.446643,32.357445],[112.360027,32.365621],[112.328099,32.321673],[112.1725,32.405902],[112.108411,32.404771],[112.069803,32.459988],[111.990411,32.457475],[111.956463,32.512283],[111.889889,32.503157],[111.713549,32.606537],[111.64643,32.606203],[111.640837,32.634757],[111.583041,32.596544]]],[[[111.143666,32.046806],[111.128285,32.106151],[111.063885,32.084495],[111.08152,32.024589],[111.143666,32.046806]]],[[[110.992806,31.927158],[110.996224,31.940932],[110.978123,31.94089],[110.992806,31.927158]]],[[[111.060545,31.430873],[111.051534,31.438369],[111.039726,31.423334],[111.060545,31.430873]]],[[[112.716747,32.357781],[112.734148,32.356774],[112.733604,32.366208],[112.716747,32.357781]]]]}},{"type":"Feature","properties":{"adcode":"420700","name":"鄂州市"},"geometry":{"type":"MultiPolygon","coordinates":[[[[115.079787,30.259231],[115.056016,30.388667],[114.86375,30.427537],[114.836018,30.580513],[114.784902,30.616829],[114.621146,30.556879],[114.640956,30.4779],[114.583237,30.437466],[114.590772,30.284481],[114.505476,30.123829],[114.54626,30.062802],[114.624098,30.053351],[114.645228,30.015493],[114.715997,30.041965],[114.742099,30.090636],[114.702636,30.15671],[114.723688,30.178939],[114.660687,30.249584],[114.716619,30.324677],[114.774337,30.290867],[114.830036,30.311909],[114.875403,30.236034],[114.954407,30.203994],[115.079787,30.259231]]]]}},{"type":"Feature","properties":{"adcode":"420800","name":"荆门市"},"geometry":{"type":"MultiPolygon","coordinates":[[[[112.079824,30.659323],[112.117345,30.625585],[112.136222,30.53294],[112.183065,30.519899],[112.17584,30.479055],[112.272556,30.499287],[112.330973,30.405621],[112.449207,30.438322],[112.5279,30.394447],[112.58422,30.526997],[112.597271,30.503692],[112.621585,30.52332],[112.622906,30.619007],[112.710222,30.633829],[112.704473,30.656334],[112.63619,30.640961],[112.593231,30.665386],[112.607214,30.710888],[112.798392,30.826],[112.834903,30.730815],[112.880192,30.697743],[112.995474,30.785285],[113.067874,30.779955],[113.07642,30.821141],[113.143693,30.80234],[113.280337,30.901798],[113.32617,30.888935],[113.49482,31.117106],[113.487363,31.226296],[113.316693,31.340109],[113.240486,31.354818],[113.145557,31.437522],[112.992366,31.43333],[112.917092,31.469364],[112.871647,31.560046],[112.752248,31.609856],[112.746422,31.565714],[112.708047,31.553363],[112.717446,31.477704],[112.566741,31.561061],[112.42295,31.502846],[112.280091,31.547188],[112.204272,31.531662],[112.191144,31.469576],[112.074464,31.456451],[112.063355,31.431],[111.953978,31.438242],[111.945122,31.273484],[111.861535,31.2288],[111.88515,31.174031],[111.934634,31.173479],[111.949317,31.099001],[111.905736,31.076302],[111.919331,31.050324],[111.969825,31.050068],[112.004005,30.993196],[112.079824,30.659323]]],[[[112.070269,30.687329],[112.069881,30.696335],[112.060714,30.688396],[112.070269,30.687329]]],[[[112.614594,30.703932],[112.605816,30.704231],[112.616458,30.70167],[112.614594,30.703932]]]]}},{"type":"Feature","properties":{"adcode":"420900","name":"孝感市"},"geometry":{"type":"MultiPolygon","coordinates":[[[[113.465611,30.391921],[113.487363,30.381987],[113.5847,30.482049],[113.682192,30.391921],[113.774635,30.432716],[113.939711,30.586282],[113.92534,30.647836],[113.95719,30.683017],[113.894422,30.725909],[113.949266,30.779699],[114.165458,30.755815],[114.157923,31.029144],[114.248346,31.179807],[114.179985,31.256767],[114.282915,31.361261],[114.332942,31.316619],[114.440067,31.307968],[114.43696,31.381307],[114.512002,31.461532],[114.51977,31.557466],[114.558689,31.568928],[114.588053,31.756594],[114.521246,31.766934],[114.463372,31.733758],[114.29278,31.752289],[114.23545,31.833376],[114.134074,31.84278],[114.100515,31.7525],[114.126383,31.659175],[114.088552,31.556536],[114.11007,31.535977],[114.063615,31.487694],[114.063305,31.439809],[113.989273,31.429094],[113.981815,31.3944],[113.94445,31.384019],[113.918659,31.43405],[113.892868,31.413591],[113.728335,31.465385],[113.624085,31.389104],[113.57965,31.417489],[113.540187,31.38868],[113.4747,31.432313],[113.336036,31.4202],[113.331531,31.324379],[113.487363,31.226296],[113.49482,31.117106],[113.459008,31.045221],[113.32819,30.911168],[113.437257,30.781959],[113.465611,30.391921]]],[[[113.440131,30.489407],[113.453881,30.506856],[113.447822,30.514254],[113.440131,30.489407]]],[[[113.390803,30.676059],[113.398571,30.684554],[113.389793,30.685237],[113.390803,30.676059]]]]}},{"type":"Feature","properties":{"adcode":"421000","name":"荆州市"},"geometry":{"type":"MultiPolygon","coordinates":[[[[111.583663,30.166194],[111.601297,30.155336],[111.526721,30.096563],[111.403593,30.123313],[111.31721,30.050687],[111.251102,30.043727],[111.390853,29.914826],[111.514525,29.92769],[111.681776,29.884577],[111.757439,29.920075],[111.960969,29.837441],[111.977049,29.790498],[112.050693,29.749178],[112.064443,29.769819],[112.059937,29.69577],[112.178171,29.656655],[112.198291,29.617438],[112.244201,29.659631],[112.228432,29.627707],[112.302852,29.586192],[112.278226,29.508465],[112.370281,29.542197],[112.439652,29.633791],[112.678993,29.589515],[112.788604,29.679901],[112.793964,29.735904],[112.901167,29.803162],[112.93962,29.779986],[112.944824,29.682748],[113.026081,29.772792],[113.015205,29.710903],[112.912042,29.616143],[112.950185,29.472907],[113.05762,29.522461],[113.08077,29.434095],[113.155734,29.457134],[113.377364,29.703186],[113.640165,29.904414],[113.82777,29.935389],[113.902656,30.023057],[114.091892,30.110991],[113.94344,30.203651],[113.820157,30.178982],[113.789006,30.130569],[113.737813,30.134132],[113.668053,30.079899],[113.558365,30.069289],[113.376897,30.19284],[113.309624,30.156581],[113.150995,30.141301],[113.091801,30.146752],[113.047288,30.18958],[112.989259,30.132243],[112.869938,30.189279],[112.817347,30.163362],[112.809734,30.089605],[112.740829,30.078309],[112.590435,30.117431],[112.580413,30.209485],[112.502342,30.373894],[112.5279,30.394447],[112.463656,30.435883],[112.345578,30.402325],[112.307435,30.426382],[112.302619,30.480167],[112.221518,30.505188],[112.18858,30.469387],[112.183065,30.519899],[112.136222,30.53294],[112.117345,30.625585],[112.079824,30.659323],[112.021251,30.645146],[111.974719,30.503777],[111.924147,30.505916],[111.90931,30.456637],[111.971845,30.435883],[111.976972,30.36246],[112.043779,30.276551],[111.991498,30.282937],[111.939606,30.347768],[111.900842,30.281609],[111.831627,30.283452],[111.779035,30.361646],[111.736387,30.373766],[111.573952,30.254601],[111.583663,30.166194]]],[[[113.930544,30.028085],[113.903744,30.016525],[113.894033,29.997827],[113.930544,30.028085]]],[[[111.573875,30.147954],[111.596869,30.155336],[111.588246,30.166924],[111.573875,30.147954]]],[[[112.902021,29.791273],[112.894408,29.783778],[112.923772,29.766544],[112.902021,29.791273]]]]}},{"type":"Feature","properties":{"adcode":"421100","name":"黄冈市"},"geometry":{"type":"MultiPolygon","coordinates":[[[[115.147294,30.233461],[115.126164,30.21],[115.209518,30.213517],[115.269256,30.155164],[115.406677,29.92356],[115.488011,29.845018],[115.667847,29.850185],[115.932669,29.72112],[116.135188,29.819441],[116.125789,29.901359],[116.077936,29.95612],[116.064342,30.206911],[115.980988,30.295753],[115.903771,30.315808],[115.884894,30.379547],[115.946186,30.425183],[115.894837,30.452743],[115.899498,30.537856],[115.762543,30.685621],[115.782896,30.75172],[115.869513,30.782471],[115.865628,30.864226],[116.071721,30.956682],[116.058904,31.012725],[115.938573,31.047304],[115.880077,31.141919],[115.781498,31.113536],[115.700863,31.201123],[115.645941,31.209614],[115.596767,31.150161],[115.559557,31.160313],[115.530038,31.249341],[115.457793,31.281586],[115.442023,31.346128],[115.37203,31.349308],[115.373662,31.405754],[115.2604,31.387409],[115.220471,31.426722],[115.23593,31.555478],[115.176891,31.598865],[115.125387,31.599119],[115.092838,31.519096],[114.829803,31.458907],[114.778843,31.520746],[114.696577,31.525823],[114.641732,31.582164],[114.527849,31.550276],[114.481705,31.409271],[114.450943,31.414481],[114.428182,31.361091],[114.440067,31.307968],[114.405887,31.229564],[114.518139,31.144978],[114.512157,31.01349],[114.615942,30.927264],[114.708617,30.939909],[114.702481,30.973792],[114.750566,30.994005],[114.762996,30.966386],[114.798497,31.000855],[114.818151,30.956256],[114.862352,30.945699],[114.855516,30.984175],[114.93351,31.03714],[115.009562,30.926114],[115.079399,30.89098],[114.992704,30.843602],[114.952231,30.774368],[114.875947,30.793387],[114.875558,30.764516],[114.791428,30.718783],[114.848136,30.641046],[114.791738,30.616829],[114.828793,30.596494],[114.846116,30.44641],[115.056016,30.388667],[115.095168,30.22201],[115.147294,30.233461]]],[[[114.939258,31.019914],[114.921469,31.014341],[114.931878,30.994856],[114.939258,31.019914]]],[[[115.126164,30.21],[115.147294,30.233461],[115.112492,30.213732],[115.126164,30.21]]]]}},{"type":"Feature","properties":{"adcode":"421200","name":"咸宁市"},"geometry":{"type":"MultiPolygon","coordinates":[[[[114.532277,29.969322],[114.361996,30.033027],[114.212145,30.003243],[114.192725,30.086685],[114.115275,30.194428],[114.038524,30.197431],[114.048467,30.219651],[113.975678,30.295196],[113.911978,30.274793],[113.867233,30.209528],[113.893956,30.185718],[113.968842,30.200477],[114.088319,30.099397],[113.929379,30.03393],[113.82777,29.935389],[113.640165,29.904414],[113.571493,29.848936],[113.550985,29.768181],[113.547179,29.675373],[113.652672,29.683567],[113.732841,29.593745],[113.630921,29.522979],[113.754903,29.447582],[113.731831,29.394792],[113.672404,29.386618],[113.609636,29.251546],[113.690115,29.2308],[113.661994,29.167279],[113.68561,29.082293],[113.722742,29.104717],[113.741231,29.058128],[113.815962,29.105324],[113.895354,29.029488],[113.942041,29.047324],[113.952606,29.092747],[114.09329,29.211739],[114.252307,29.234828],[114.258988,29.343965],[114.306841,29.365293],[114.344828,29.325228],[114.519615,29.325401],[114.673272,29.396219],[114.759966,29.363131],[114.894824,29.39704],[114.942909,29.46837],[114.923178,29.48492],[114.888531,29.436127],[114.901194,29.530019],[114.925508,29.498832],[114.96668,29.522201],[114.906165,29.585803],[114.882472,29.674468],[114.835707,29.73293],[114.723766,29.759435],[114.724387,29.89469],[114.539735,29.939562],[114.532277,29.969322]]],[[[113.930544,30.028085],[113.902656,30.023057],[113.886653,30.008229],[113.930544,30.028085]]]]}},{"type":"Feature","properties":{"adcode":"421300","name":"随州市"},"geometry":{"type":"MultiPolygon","coordinates":[[[[114.118149,31.805708],[113.988807,31.750179],[113.933496,31.869383],[113.838645,31.85467],[113.817205,31.964601],[113.758943,32.000935],[113.791259,32.035993],[113.728491,32.083192],[113.722432,32.124271],[113.766167,32.138394],[113.78349,32.18638],[113.740454,32.242822],[113.77277,32.302543],[113.735249,32.410847],[113.665412,32.421993],[113.551296,32.329264],[113.56155,32.307368],[113.529855,32.330816],[113.428867,32.270568],[113.347689,32.298641],[113.226503,32.425471],[113.172669,32.421155],[113.155579,32.380755],[113.061116,32.361303],[113.091102,32.32205],[113.027635,32.272415],[113.02476,32.149238],[113.048609,32.126163],[112.990036,32.050046],[112.991745,31.977865],[113.031674,31.967044],[112.966498,31.897116],[112.978539,31.845478],[112.868229,31.807269],[112.828766,31.756805],[112.755899,31.748659],[112.729409,31.670244],[112.737722,31.617085],[112.887261,31.545876],[112.903419,31.475715],[112.982268,31.43676],[113.145557,31.437522],[113.295175,31.340956],[113.33355,31.354903],[113.35802,31.426468],[113.521621,31.391392],[113.593167,31.421004],[113.63465,31.387027],[113.728335,31.465385],[113.966434,31.396179],[114.054837,31.432101],[114.106962,31.528151],[114.118149,31.805708]]],[[[113.768187,32.284039],[113.754049,32.288278],[113.760263,32.268218],[113.768187,32.284039]]]]}},{"type":"Feature","properties":{"adcode":"422800","name":"恩施土家族苗族自治州"},"geometry":{"type":"MultiPolygon","coordinates":[[[[110.447781,31.329128],[110.438537,31.358336],[110.321702,31.394866],[110.155926,31.279508],[110.198885,31.156532],[110.120192,31.088375],[110.161675,30.967918],[110.081739,30.799271],[109.975935,30.888679],[109.905632,30.899796],[109.780795,30.848588],[109.718105,30.778675],[109.656658,30.760464],[109.574158,30.646854],[109.538812,30.638441],[109.53788,30.663977],[109.437824,30.598074],[109.352529,30.487011],[109.361151,30.554742],[109.328136,30.61606],[109.299549,30.630583],[109.147523,30.521652],[109.08359,30.598245],[109.112488,30.612685],[109.114741,30.643908],[109.088018,30.646641],[108.978019,30.629814],[108.811544,30.492016],[108.723995,30.507541],[108.666199,30.588589],[108.56995,30.470414],[108.510911,30.502537],[108.427557,30.492443],[108.40332,30.374751],[108.58168,30.255887],[108.516271,30.06422],[108.517048,29.865467],[108.433771,29.880058],[108.366964,29.820432],[108.404718,29.834125],[108.438588,29.756203],[108.503608,29.708489],[108.547033,29.742585],[108.522485,29.763787],[108.587972,29.853887],[108.658664,29.854619],[108.693155,29.704479],[108.75266,29.64902],[108.775965,29.675373],[108.752583,29.689345],[108.786297,29.691501],[108.813641,29.631547],[108.82809,29.671276],[108.886586,29.633057],[108.87035,29.596551],[108.912532,29.572162],[108.866466,29.472475],[108.943683,29.410748],[108.916649,29.334618],[108.972348,29.329209],[109.065723,29.40063],[109.111944,29.361833],[109.110391,29.215119],[109.232586,29.119461],[109.277176,29.134074],[109.257833,29.22257],[109.352218,29.284627],[109.343983,29.369446],[109.391525,29.372258],[109.368609,29.411354],[109.417161,29.4548],[109.430988,29.529069],[109.458566,29.513174],[109.461829,29.554245],[109.525062,29.608807],[109.609426,29.634481],[109.704976,29.608376],[109.71492,29.673346],[109.760131,29.68913],[109.779474,29.757754],[110.113511,29.789679],[110.245806,29.732241],[110.355805,29.638839],[110.447005,29.664634],[110.465182,29.713059],[110.507131,29.692105],[110.634998,29.760426],[110.618373,29.82659],[110.549935,29.847989],[110.49812,29.910051],[110.557159,29.98695],[110.491595,30.019705],[110.423389,29.95741],[110.307253,29.954486],[110.343375,30.081574],[110.318905,30.100728],[110.348114,30.127435],[110.255671,30.234404],[110.350212,30.243452],[110.367224,30.466563],[110.439547,30.489578],[110.484215,30.565384],[110.441489,30.605765],[110.469222,30.64916],[110.433643,30.771639],[110.318284,30.762213],[110.335996,30.82698],[110.44312,30.881012],[110.443509,31.023444],[110.536107,31.12076],[110.476136,31.186177],[110.505189,31.249171],[110.438537,31.276199],[110.447781,31.329128]]]]}},{"type":"Feature","properties":{"adcode":"430100","name":"长沙市"},"geometry":{"type":"MultiPolygon","coordinates":[[[[111.902613,28.021982],[111.900097,27.981343],[111.936311,27.991231],[111.999714,27.907837],[112.11826,27.897614],[112.199223,27.969487],[112.411313,27.963258],[112.413282,28.040657],[112.468698,28.058893],[112.649443,27.880281],[112.654585,27.941509],[112.712463,27.916475],[112.804257,28.025641],[112.782704,28.073577],[112.906555,27.971072],[112.935822,28.003958],[113.003164,27.965171],[113.071709,28.010895],[113.122092,27.914288],[113.148624,27.992269],[113.214598,28.024057],[113.264051,28.011714],[113.274992,27.862671],[113.413231,27.857803],[113.415529,27.888975],[113.567717,27.964788],[113.576798,27.899746],[113.69693,27.86989],[113.802948,27.974022],[113.900158,27.987571],[113.968813,28.041149],[114.026855,28.031811],[114.047095,28.057473],[113.992664,28.161424],[114.105301,28.181493],[114.250652,28.318223],[114.256013,28.3921],[114.172369,28.432801],[114.219306,28.470549],[114.195619,28.498552],[114.086756,28.555895],[113.858473,28.532255],[113.806394,28.458638],[113.717773,28.424042],[113.575923,28.536386],[113.507378,28.536929],[113.462739,28.596532],[113.430408,28.590286],[113.4245,28.636068],[113.320342,28.615759],[113.243592,28.656156],[113.183252,28.596858],[113.169904,28.480446],[113.128657,28.473975],[113.07904,28.521873],[112.99184,28.460923],[112.960768,28.477075],[112.978656,28.52345],[112.822529,28.512796],[112.792058,28.523015],[112.808798,28.559046],[112.746872,28.510458],[112.685384,28.525407],[112.594355,28.40761],[112.571379,28.324976],[112.352779,28.291261],[112.237954,28.210445],[112.099058,28.270069],[112.009671,28.244021],[111.933248,28.168132],[111.902613,28.021982]]]]}},{"type":"Feature","properties":{"adcode":"430200","name":"株洲市"},"geometry":{"type":"MultiPolygon","coordinates":[[[[113.730409,27.88471],[113.644906,27.879734],[113.602181,27.913578],[113.591405,27.891271],[113.575704,27.959761],[113.525923,27.959925],[113.424172,27.897668],[113.413231,27.857803],[113.274992,27.862671],[113.264051,28.011714],[113.164106,28.006744],[113.132978,27.930578],[113.069193,27.938557],[113.012464,27.822902],[113.058963,27.727114],[112.994575,27.665819],[113.03905,27.630747],[112.997147,27.616112],[112.969411,27.511638],[113.051031,27.287492],[113.115473,27.205597],[113.148296,27.251695],[113.248406,27.23943],[113.271929,27.205707],[113.283964,27.178634],[113.164543,27.101285],[113.235331,26.951721],[113.280955,26.939974],[113.239106,26.877747],[113.27811,26.777715],[113.338121,26.81024],[113.428111,26.769761],[113.382049,26.69915],[113.429478,26.558738],[113.523461,26.595476],[113.603604,26.507652],[113.583527,26.370331],[113.615201,26.278896],[113.725158,26.223745],[113.729261,26.139248],[113.693265,26.09581],[113.736427,26.041129],[113.780792,26.093699],[113.845071,26.095699],[114.029316,26.266359],[114.042992,26.390227],[114.085443,26.406242],[114.110115,26.483014],[114.072697,26.479913],[114.105903,26.559679],[113.996384,26.61561],[113.906449,26.615665],[113.867992,26.652992],[113.835771,26.806375],[113.926362,26.947144],[113.8239,27.036116],[113.77937,27.137186],[113.847204,27.222487],[113.876198,27.382072],[113.699775,27.332072],[113.60437,27.365536],[113.627017,27.498029],[113.578822,27.545157],[113.607269,27.625376],[113.763232,27.799319],[113.730409,27.88471]]]]}},{"type":"Feature","properties":{"adcode":"430300","name":"湘潭市"},"geometry":{"type":"MultiPolygon","coordinates":[[[[111.999714,27.907837],[112.014813,27.847083],[112.101246,27.807363],[112.130623,27.747428],[112.045338,27.706303],[112.078052,27.645764],[112.199387,27.654313],[112.290525,27.7057],[112.313501,27.651025],[112.281882,27.643298],[112.334289,27.581408],[112.301411,27.503188],[112.365799,27.480907],[112.427123,27.526067],[112.538885,27.416674],[112.615143,27.465978],[112.69069,27.454121],[112.677397,27.419255],[112.771818,27.392784],[112.831118,27.338337],[112.924936,27.367074],[112.921818,27.409865],[112.978109,27.439188],[112.972146,27.568796],[112.997147,27.616112],[113.038832,27.621594],[112.995068,27.676613],[113.050429,27.711013],[113.003766,27.798772],[113.090965,27.989865],[113.041676,28.006198],[113.003164,27.965171],[112.93347,28.015264],[112.885658,27.974295],[112.782704,28.073577],[112.808689,28.03689],[112.777015,28.036944],[112.712463,27.916475],[112.654585,27.941509],[112.649443,27.880281],[112.596926,27.953477],[112.443972,28.05731],[112.41011,28.031593],[112.411313,27.963258],[112.23035,27.961837],[112.093095,27.895919],[111.999714,27.907837]]]]}},{"type":"Feature","properties":{"adcode":"430400","name":"衡阳市"},"geometry":{"type":"MultiPolygon","coordinates":[[[[112.995396,27.438309],[112.9251,27.418871],[112.924936,27.367074],[112.815691,27.343777],[112.76033,27.403988],[112.677397,27.419255],[112.69069,27.454121],[112.615143,27.465978],[112.521981,27.429194],[112.485712,27.359877],[112.331061,27.370206],[112.233085,27.265388],[112.163883,27.324542],[112.1507,27.254609],[112.049003,27.150784],[112.086804,27.013246],[112.047143,26.975265],[111.907427,26.924752],[111.868696,27.013411],[111.724768,27.069063],[111.665796,27.031763],[111.649713,26.962915],[111.587569,26.96694],[111.549986,26.812338],[111.629637,26.789312],[111.650862,26.840438],[111.712678,26.84916],[111.781278,26.789147],[111.871486,26.796491],[111.997526,26.605101],[112.019736,26.619205],[111.995666,26.63939],[112.10978,26.654043],[112.170557,26.585352],[112.144737,26.504441],[112.213118,26.548556],[112.242713,26.535052],[112.159562,26.486336],[112.143205,26.441477],[112.148183,26.35736],[112.205021,26.285275],[112.185929,26.185668],[112.232428,26.117865],[112.357046,26.161294],[112.377287,26.201544],[112.47953,26.175786],[112.5129,26.135583],[112.578381,26.153632],[112.581062,26.219083],[112.670668,26.127696],[112.642277,26.105977],[112.760384,26.133084],[112.775975,26.183892],[112.809728,26.192163],[112.838557,26.155742],[113.035659,26.172843],[113.025867,26.245276],[113.091676,26.250103],[113.162683,26.324317],[113.163558,26.409566],[113.212191,26.425246],[113.192278,26.44552],[113.230079,26.482072],[113.160003,26.534222],[113.182979,26.687765],[113.097256,26.781636],[113.149062,26.792129],[113.144138,26.834477],[113.258526,26.815486],[113.232869,26.860971],[113.278329,26.928447],[113.225594,26.956298],[113.235714,27.014789],[113.164543,27.101285],[113.280298,27.166636],[113.255408,27.223642],[113.148296,27.251695],[113.127508,27.207358],[113.087847,27.235469],[112.995396,27.438309]]]]}},{"type":"Feature","properties":{"adcode":"430500","name":"邵阳市"},"geometry":{"type":"MultiPolygon","coordinates":[[[[111.008573,26.358857],[111.060269,26.473766],[111.067107,26.577274],[111.11388,26.609249],[111.137129,26.610632],[111.15551,26.48246],[111.201189,26.457318],[111.296922,26.511748],[111.312568,26.639003],[111.276244,26.68887],[111.32143,26.714238],[111.315139,26.802565],[111.366397,26.864944],[111.528269,26.865],[111.543586,26.840935],[111.5891,26.896728],[111.587569,26.96694],[111.649713,26.962915],[111.665796,27.031763],[111.724768,27.069063],[111.868696,27.013411],[111.89851,26.926627],[112.047143,26.975265],[112.086859,27.033912],[112.05059,27.071102],[112.058139,27.175442],[112.091235,27.185623],[112.062406,27.285843],[111.990797,27.317342],[111.855294,27.461147],[111.813609,27.45434],[111.692985,27.533857],[111.654035,27.514765],[111.567984,27.627075],[111.468257,27.579599],[111.441944,27.597473],[111.357097,27.522885],[111.300861,27.567096],[111.244624,27.52508],[110.994733,27.652395],[110.855564,27.647353],[110.854579,27.601804],[110.799437,27.559418],[110.741067,27.62565],[110.638112,27.555908],[110.688222,27.443854],[110.609064,27.288977],[110.553922,27.308218],[110.462127,27.247075],[110.456274,27.2133],[110.375584,27.223037],[110.342707,27.150508],[110.24949,27.151059],[110.200474,27.118191],[110.201404,27.061902],[110.075911,26.941684],[110.09741,26.906383],[110.048668,26.86075],[110.065189,26.695392],[110.020331,26.662889],[109.963603,26.691855],[109.83067,26.621528],[109.892541,26.525477],[109.856272,26.465182],[109.919018,26.474652],[109.98729,26.432447],[109.978646,26.388011],[110.012235,26.372492],[109.966228,26.195494],[110.098723,26.169123],[110.064916,26.050022],[110.140463,26.020394],[110.201185,26.066139],[110.245223,26.022284],[110.245824,25.96857],[110.325529,25.975633],[110.373232,26.078531],[110.474108,26.180172],[110.517543,26.186834],[110.555235,26.286384],[110.612346,26.333688],[110.732533,26.311785],[110.758189,26.255208],[110.914919,26.276344],[110.921593,26.254875],[110.958956,26.382746],[111.008573,26.358857]]]]}},{"type":"Feature","properties":{"adcode":"430600","name":"岳阳市"},"geometry":{"type":"MultiPolygon","coordinates":[[[[112.315744,29.524298],[112.328271,29.450091],[112.502068,29.312198],[112.579421,29.303674],[112.634454,29.335984],[112.689268,29.295743],[112.677561,29.205388],[112.741949,29.168283],[112.793864,29.190915],[112.798513,29.159802],[112.924663,29.149429],[112.927945,29.023031],[112.83812,28.929295],[112.685165,28.879741],[112.671708,28.791568],[112.526412,28.702561],[112.533797,28.640412],[112.588721,28.62738],[112.563721,28.570946],[112.609727,28.540788],[112.705351,28.599574],[112.736095,28.568229],[112.685384,28.525407],[112.714542,28.510621],[112.796435,28.558503],[112.808579,28.519319],[112.872365,28.500618],[112.978656,28.52345],[112.960768,28.477075],[112.99184,28.460923],[113.07904,28.521873],[113.154313,28.470875],[113.234729,28.646438],[113.320342,28.615759],[113.375813,28.643343],[113.507378,28.536929],[113.575923,28.536386],[113.704643,28.422192],[113.806394,28.458638],[113.844414,28.523885],[113.975979,28.564752],[114.065968,28.547689],[114.132107,28.607178],[114.153934,28.82935],[114.069196,28.847016],[114.06017,28.902381],[113.955684,28.978392],[113.946001,29.044775],[113.876581,29.03823],[113.881832,29.065433],[113.831558,29.069326],[113.827182,29.102467],[113.749447,29.060945],[113.732105,29.105061],[113.685606,29.082302],[113.662028,29.167257],[113.690092,29.230818],[113.609621,29.251547],[113.660934,29.368229],[113.723243,29.389631],[113.754479,29.441418],[113.68856,29.509655],[113.643374,29.507824],[113.735661,29.5765],[113.662357,29.684533],[113.547148,29.675396],[113.580901,29.835659],[113.377345,29.703181],[113.155736,29.457148],[113.099992,29.45968],[113.090582,29.43075],[113.064707,29.512454],[113.0344,29.523598],[112.969192,29.469052],[112.911862,29.606841],[113.004969,29.693777],[113.030899,29.762272],[112.933197,29.683243],[112.922748,29.76732],[112.889433,29.785738],[112.793918,29.7359],[112.68697,29.592747],[112.589651,29.620233],[112.535219,29.599687],[112.456663,29.635935],[112.315744,29.524298]]],[[[112.929367,29.774086],[112.919685,29.799697],[112.886533,29.796422],[112.929367,29.774086]]]]}},{"type":"Feature","properties":{"adcode":"430700","name":"常德市"},"geometry":{"type":"MultiPolygon","coordinates":[[[[112.283413,29.495225],[112.302724,29.566008],[112.234398,29.615823],[112.24419,29.659592],[112.199441,29.629859],[112.065469,29.681792],[112.06443,29.769844],[112.064704,29.745945],[111.954856,29.796744],[111.96525,29.831151],[111.757427,29.920091],[111.68177,29.884535],[111.551409,29.895208],[111.527448,29.925667],[111.405347,29.911136],[111.25562,30.034555],[110.929908,30.063418],[110.924273,30.111327],[110.853048,30.125721],[110.746373,30.112611],[110.75529,30.052816],[110.722358,30.039643],[110.650968,30.077606],[110.531329,30.061116],[110.499819,30.02695],[110.547248,29.999576],[110.506766,29.919018],[110.618419,29.826589],[110.66076,29.719622],[110.721428,29.687489],[110.762839,29.715593],[110.766559,29.680502],[111.032096,29.669053],[111.077009,29.619318],[111.252283,29.600547],[111.337513,29.493448],[111.32969,29.443681],[111.234723,29.33264],[111.232753,29.239888],[111.092819,29.204146],[111.022304,29.120465],[110.929744,29.130841],[110.852555,29.09425],[110.98702,28.988404],[110.950148,28.937308],[111.115138,28.743358],[111.09632,28.700499],[111.046648,28.684707],[111.064646,28.659739],[110.946155,28.622004],[110.950696,28.568229],[111.049766,28.608156],[111.079306,28.53769],[111.013168,28.545787],[110.862129,28.418818],[110.889481,28.404889],[111.144952,28.473703],[111.215193,28.536222],[111.281058,28.517905],[111.46782,28.556927],[111.567218,28.638783],[111.688389,28.589199],[111.74211,28.651596],[111.828488,28.615759],[111.923237,28.676946],[112.034616,28.640032],[112.025863,28.669292],[112.139759,28.649316],[112.283194,28.728441],[112.304693,28.823009],[112.256991,28.861483],[112.245284,29.100683],[112.187735,29.134516],[112.300317,29.448206],[112.283413,29.495225]]]]}},{"type":"Feature","properties":{"adcode":"430800","name":"张家界市"},"geometry":{"type":"MultiPolygon","coordinates":[[[[110.390409,28.881149],[110.524381,28.886132],[110.541777,28.982289],[110.572576,29.000579],[110.670498,28.91083],[110.76366,28.905847],[110.811417,28.955281],[110.8368,28.941855],[110.840465,28.99257],[110.915137,29.008532],[110.862676,29.064027],[110.868693,29.108088],[111.022304,29.120465],[111.153869,29.237728],[111.23144,29.231736],[111.25923,29.380629],[111.32969,29.443681],[111.320445,29.520852],[111.273782,29.580858],[111.053322,29.619049],[111.032096,29.669053],[110.766559,29.680502],[110.762839,29.715593],[110.731876,29.690283],[110.634666,29.749597],[110.525256,29.693508],[110.465191,29.713068],[110.447029,29.664645],[110.372575,29.633515],[110.113494,29.789658],[109.771862,29.75137],[109.710866,29.629644],[109.782366,29.576608],[109.734663,29.540984],[109.801895,29.448852],[109.79451,29.411675],[109.821206,29.388661],[109.935867,29.434414],[109.960375,29.341269],[109.936141,29.325143],[110.001568,29.29542],[110.097192,29.308853],[110.103537,29.253436],[110.073176,29.225636],[110.099872,29.139595],[110.203921,29.161044],[110.261634,29.1196],[110.261962,29.069542],[110.304194,29.091331],[110.299599,29.057159],[110.347357,29.019406],[110.314588,28.938336],[110.390409,28.881149]]]]}},{"type":"Feature","properties":{"adcode":"430900","name":"益阳市"},"geometry":{"type":"MultiPolygon","coordinates":[[[[112.685384,28.525407],[112.726194,28.581702],[112.684016,28.596369],[112.609727,28.540788],[112.562462,28.563556],[112.588721,28.62738],[112.510602,28.654799],[112.526412,28.702561],[112.671708,28.791568],[112.685165,28.879741],[112.83812,28.929295],[112.927945,29.023031],[112.949389,29.060783],[112.924663,29.149429],[112.68243,29.192265],[112.699881,29.287381],[112.634454,29.335984],[112.502068,29.312198],[112.342002,29.444435],[112.315744,29.524298],[112.283413,29.495225],[112.263665,29.298711],[112.213446,29.296121],[112.22849,29.216079],[112.187735,29.134516],[112.235711,29.114412],[112.254037,29.04975],[112.256991,28.861483],[112.304693,28.823009],[112.283194,28.728441],[112.182757,28.66837],[112.033412,28.673418],[112.034616,28.640032],[111.923237,28.676946],[111.844025,28.616682],[111.751573,28.657622],[111.688389,28.589199],[111.567218,28.638783],[111.46782,28.556927],[111.168639,28.517471],[111.144952,28.473703],[110.860433,28.406032],[110.7211,28.300794],[110.806275,28.253013],[110.804579,28.213225],[110.848069,28.213007],[110.823452,28.087441],[110.896155,28.058784],[110.86645,28.025477],[110.88959,28.000954],[110.92203,28.000626],[110.953485,28.057091],[111.097906,28.006799],[111.151571,28.122966],[111.257753,28.167532],[111.314373,28.234211],[111.398016,28.180021],[111.483137,28.204176],[111.494789,28.037873],[111.567547,28.032903],[111.529527,27.986587],[111.55026,27.974841],[111.589811,28.027115],[111.672853,28.036453],[111.688499,27.99063],[111.773893,28.010676],[111.793094,27.989701],[111.823401,28.022582],[111.902613,28.021982],[111.926246,28.065498],[111.899167,28.09983],[112.009671,28.244021],[112.099058,28.270069],[112.237954,28.210445],[112.316674,28.282981],[112.553928,28.318931],[112.685384,28.525407]]]]}},{"type":"Feature","properties":{"adcode":"431000","name":"郴州市"},"geometry":{"type":"MultiPolygon","coordinates":[[[[112.364212,25.191725],[112.399497,25.14066],[112.442987,25.185623],[112.562681,25.12453],[112.659782,25.132764],[112.715636,25.078368],[112.780734,24.897307],[112.873514,24.89669],[113.011917,24.946117],[112.979422,25.033927],[113.018427,25.083131],[112.967989,25.141612],[113.030516,25.194468],[112.999006,25.244055],[112.868317,25.248811],[112.851796,25.33344],[112.894849,25.337578],[112.927836,25.299887],[112.968098,25.349822],[113.114379,25.42058],[113.152016,25.492246],[113.177071,25.471583],[113.226195,25.509667],[113.291786,25.500901],[113.313942,25.442928],[113.35973,25.438403],[113.376524,25.400743],[113.449829,25.35955],[113.544304,25.366593],[113.579807,25.316609],[113.754097,25.361171],[113.764162,25.333608],[113.821274,25.330756],[113.884458,25.420301],[113.943484,25.43885],[113.945837,25.499561],[113.986099,25.528984],[113.983091,25.599357],[113.914272,25.728668],[114.028277,25.89335],[114.009075,26.00416],[114.035224,26.059025],[114.237249,26.152188],[114.222096,26.188888],[114.181286,26.214477],[113.962686,26.150855],[113.94611,26.184502],[113.824775,26.084087],[113.780792,26.093699],[113.750705,26.041629],[113.709074,26.065805],[113.693265,26.09581],[113.738724,26.18317],[113.725158,26.223745],[113.615201,26.278896],[113.583199,26.394661],[113.603604,26.507652],[113.541295,26.59271],[113.429478,26.558738],[113.400266,26.605211],[113.418045,26.629381],[113.382049,26.69915],[113.428111,26.769761],[113.338121,26.81024],[113.283417,26.771473],[113.280627,26.825202],[113.238066,26.805216],[113.160495,26.827521],[113.09556,26.759929],[113.182979,26.687765],[113.159182,26.541638],[113.230079,26.482072],[113.16044,26.387733],[113.173788,26.329696],[113.103547,26.290544],[113.091676,26.250103],[113.025867,26.245276],[113.035659,26.172843],[112.875866,26.1498],[112.818754,26.161794],[112.818535,26.186667],[112.654913,26.101033],[112.670668,26.127696],[112.597802,26.220526],[112.554804,26.147245],[112.5129,26.135583],[112.386641,26.205208],[112.357046,26.161294],[112.232428,26.117865],[112.33582,26.076641],[112.300426,25.978747],[112.315197,25.935806],[112.265525,25.896689],[112.349715,25.906595],[112.377998,25.859285],[112.361696,25.809116],[112.385383,25.805552],[112.383523,25.730618],[112.343315,25.694277],[112.297363,25.730284],[112.247363,25.703921],[112.246269,25.567608],[112.357812,25.541655],[112.439924,25.408287],[112.421324,25.39359],[112.455186,25.38107],[112.345175,25.289259],[112.364212,25.191725]]]]}},{"type":"Feature","properties":{"adcode":"431100","name":"永州市"},"geometry":{"type":"MultiPolygon","coordinates":[[[[112.364212,25.191725],[112.357593,25.278631],[112.458414,25.37509],[112.357812,25.541655],[112.250973,25.559013],[112.238829,25.603876],[112.243041,25.684855],[112.297363,25.730284],[112.343315,25.694277],[112.383523,25.730618],[112.359289,25.834398],[112.38686,25.859786],[112.359562,25.894407],[112.272089,25.886337],[112.316783,25.944039],[112.33582,26.076641],[112.240579,26.09331],[112.195448,26.172011],[112.212461,26.30563],[112.140634,26.407959],[112.159999,26.493866],[112.236695,26.505382],[112.242713,26.535052],[112.213118,26.548556],[112.15245,26.502725],[112.174715,26.571188],[112.151082,26.625731],[112.028489,26.651831],[112.006498,26.648458],[112.014922,26.605322],[111.859178,26.799584],[111.771705,26.79986],[111.712678,26.84916],[111.601245,26.785888],[111.53363,26.847117],[111.349657,26.859812],[111.315139,26.802565],[111.32143,26.714238],[111.276244,26.68887],[111.314263,26.626616],[111.288771,26.492316],[111.181057,26.463355],[111.12586,26.553924],[111.137129,26.610632],[111.10923,26.617435],[111.104744,26.585905],[111.073562,26.587841],[111.008573,26.358857],[111.0926,26.306683],[111.204745,26.307848],[111.203322,26.280671],[111.2926,26.252434],[111.244624,26.077975],[111.26492,26.061248],[111.189537,25.953274],[111.251627,25.864685],[111.291889,25.854442],[111.346211,25.906316],[111.492054,25.868581],[111.433246,25.846258],[111.440194,25.769623],[111.307535,25.716351],[111.334723,25.618381],[111.292108,25.435833],[111.103322,25.285064],[111.112786,25.217081],[111.00272,25.165747],[110.951899,25.041157],[110.979142,24.914701],[111.08609,24.941125],[111.101845,25.035216],[111.200751,25.07467],[111.263224,25.143796],[111.321813,25.104925],[111.399767,25.124586],[111.436693,25.098426],[111.4234,25.035496],[111.467327,25.002477],[111.431386,24.959691],[111.470227,24.928952],[111.447087,24.893098],[111.479417,24.797551],[111.431113,24.685854],[111.570719,24.644702],[111.589155,24.690688],[111.641672,24.684674],[111.666453,24.760817],[111.708411,24.788846],[111.963554,24.770085],[112.024113,24.740142],[112.17105,24.862735],[112.175207,24.927493],[112.12001,24.963729],[112.19315,25.172186],[112.30256,25.15718],[112.364212,25.191725]]]]}},{"type":"Feature","properties":{"adcode":"431200","name":"怀化市"},"geometry":{"type":"MultiPolygon","coordinates":[[[[109.418415,27.721364],[109.456872,27.69354],[109.46196,27.565615],[109.312342,27.486176],[109.306926,27.434411],[109.123337,27.42859],[109.14221,27.418212],[109.101072,27.349822],[109.052112,27.336688],[109.041389,27.276606],[108.914256,27.21462],[108.926783,27.160912],[108.792209,27.083275],[108.921367,27.009774],[109.080394,27.116484],[109.13395,27.11775],[109.101127,27.068953],[109.163545,27.065813],[109.238928,27.149132],[109.400855,27.159591],[109.427933,27.12601],[109.472682,27.134929],[109.482419,27.081127],[109.454575,27.069449],[109.518524,27.072589],[109.555013,26.946923],[109.436413,26.892645],[109.51382,26.874271],[109.517485,26.756228],[109.553918,26.73529],[109.596424,26.760703],[109.547299,26.717885],[109.453973,26.7612],[109.364968,26.696166],[109.298447,26.696553],[109.304191,26.66311],[109.355121,26.659019],[109.408732,26.5371],[109.271423,26.327755],[109.339804,26.264084],[109.466555,26.314059],[109.43964,26.238839],[109.514093,26.128251],[109.504082,26.09681],[109.450417,26.101921],[109.454793,26.053079],[109.513163,25.998099],[109.634991,26.047298],[109.689149,25.998266],[109.708241,26.013556],[109.729685,25.991538],[109.688711,25.888285],[109.768361,25.890345],[109.779521,25.865965],[109.825965,25.911436],[109.784663,25.985754],[109.80195,26.034403],[109.856272,26.026287],[109.907202,26.144857],[109.99276,26.238617],[110.017706,26.347548],[109.978646,26.388011],[109.98729,26.432447],[109.875418,26.468173],[109.861688,26.583637],[109.826841,26.60582],[109.91404,26.676212],[110.065189,26.695392],[110.042104,26.835029],[110.093253,26.891155],[110.072137,26.932032],[110.146262,26.986898],[110.162619,27.04642],[110.201404,27.061902],[110.194183,27.102111],[110.24949,27.151059],[110.355891,27.175277],[110.375584,27.223037],[110.456274,27.2133],[110.540847,27.305194],[110.598725,27.281444],[110.688222,27.443854],[110.638112,27.555908],[110.674053,27.60005],[110.734174,27.616386],[110.7868,27.560515],[110.853485,27.592045],[110.86831,27.672887],[110.767763,27.795433],[110.791614,27.85567],[110.87668,27.846371],[110.973945,27.910899],[111.000532,27.992214],[110.971155,28.002757],[111.013223,28.028917],[110.971319,28.054798],[110.92203,28.000626],[110.866177,28.013735],[110.876352,28.081819],[110.823452,28.087441],[110.844349,28.116364],[110.818638,28.13966],[110.860487,28.198614],[110.787839,28.231268],[110.793036,28.275898],[110.7211,28.300794],[111.013168,28.545787],[111.067545,28.530135],[111.057425,28.607938],[110.950696,28.568229],[110.934722,28.617551],[111.051681,28.652301],[111.046648,28.684707],[111.105455,28.727085],[111.064427,28.823442],[110.9583,28.906389],[110.962019,28.99836],[110.919076,29.022544],[110.905126,28.995709],[110.840465,28.99257],[110.849163,28.946511],[110.811417,28.955281],[110.788879,28.913808],[110.678594,28.906172],[110.572576,29.000579],[110.521919,28.938499],[110.530782,28.874107],[110.490191,28.911263],[110.450913,28.882828],[110.400201,28.89572],[110.340409,28.769825],[110.288275,28.767439],[110.270278,28.671409],[110.212072,28.625697],[110.236634,28.57339],[110.165463,28.556982],[110.163603,28.467558],[110.109227,28.463642],[110.111743,28.415935],[110.211525,28.346974],[110.175037,28.280529],[110.24298,28.207229],[110.191448,28.201231],[110.166338,28.110635],[110.111743,28.090934],[110.137454,28.057801],[110.09927,27.977082],[110.02252,27.908001],[109.958406,27.961182],[109.882585,27.946919],[109.797847,27.979322],[109.784718,28.021436],[109.732201,28.02362],[109.696096,27.936972],[109.63045,27.90997],[109.647409,27.834993],[109.549761,27.786184],[109.532802,27.811522],[109.461358,27.803423],[109.418415,27.721364]]],[[[109.466938,26.831937],[109.468634,26.826527],[109.482146,26.835029],[109.466938,26.831937]]],[[[109.528535,26.743909],[109.522244,26.749378],[109.522135,26.749212],[109.528535,26.743909]]]]}},{"type":"Feature","properties":{"adcode":"431300","name":"娄底市"},"geometry":{"type":"MultiPolygon","coordinates":[[[[112.092165,27.205652],[112.154091,27.239375],[112.163883,27.324542],[112.213938,27.268908],[112.312133,27.367074],[112.459891,27.355152],[112.508359,27.417004],[112.427123,27.526067],[112.365799,27.480907],[112.301411,27.503188],[112.334289,27.581408],[112.283906,27.633652],[112.313501,27.651025],[112.304201,27.697868],[112.243369,27.707727],[112.176083,27.650203],[112.078052,27.645764],[112.048183,27.674038],[112.045338,27.706303],[112.130623,27.747428],[112.101246,27.807363],[112.014813,27.847083],[111.99025,27.940962],[111.951246,27.987079],[111.912624,27.973803],[111.902613,28.021982],[111.726792,27.983474],[111.688499,27.99063],[111.68549,28.040493],[111.662952,28.014227],[111.601682,28.034542],[111.55026,27.974841],[111.529527,27.986587],[111.564264,28.018104],[111.514702,28.06528],[111.501956,28.04164],[111.493312,28.074887],[111.495719,28.189945],[111.434833,28.208101],[111.398016,28.180021],[111.332097,28.195943],[111.32597,28.226526],[111.235653,28.154115],[111.186528,28.160606],[111.097906,28.006799],[110.9804,28.029081],[110.971155,28.002757],[111.000532,27.992214],[110.922358,27.863273],[110.806548,27.864257],[110.767763,27.795433],[110.882916,27.650696],[110.983792,27.660121],[111.244624,27.52508],[111.300861,27.567096],[111.367765,27.524915],[111.441944,27.597473],[111.468257,27.579599],[111.560927,27.630583],[111.615577,27.566163],[111.641398,27.574663],[111.643914,27.520142],[111.668915,27.537149],[111.78746,27.494627],[111.912843,27.410304],[111.990797,27.317342],[112.062406,27.285843],[112.092165,27.205652]]]]}},{"type":"Feature","properties":{"adcode":"433100","name":"湘西土家族苗族自治州"},"geometry":{"type":"MultiPolygon","coordinates":[[[[109.418415,27.721364],[109.454465,27.794886],[109.532802,27.811522],[109.540953,27.786513],[109.636796,27.827334],[109.622737,27.89324],[109.719127,27.952657],[109.752442,28.02149],[109.790134,28.029736],[109.792924,27.973913],[109.842158,27.984402],[109.909335,27.93741],[109.970277,27.956865],[110.02252,27.908001],[110.09927,27.977082],[110.137509,28.047264],[110.116284,28.075542],[110.166776,28.103104],[110.191448,28.201231],[110.235923,28.197688],[110.240299,28.230832],[110.186525,28.259389],[110.185047,28.333144],[110.211525,28.346974],[110.111743,28.415935],[110.109227,28.463642],[110.163603,28.467558],[110.172465,28.584256],[110.224216,28.563285],[110.218582,28.644158],[110.243363,28.644755],[110.288275,28.767439],[110.33089,28.760063],[110.344785,28.820732],[110.396317,28.864192],[110.361087,28.927454],[110.308133,28.944292],[110.347357,29.019406],[110.299599,29.057159],[110.304194,29.091331],[110.261962,29.069542],[110.264041,29.110142],[110.203921,29.161044],[110.099872,29.139595],[110.070058,29.211867],[110.113548,29.279017],[110.097192,29.308853],[110.068417,29.323795],[110.016338,29.288298],[109.936141,29.325143],[109.960375,29.341269],[109.935867,29.434414],[109.908405,29.441741],[109.828919,29.373297],[109.734663,29.540984],[109.782366,29.576608],[109.745713,29.615339],[109.609444,29.634483],[109.531107,29.615607],[109.430997,29.529035],[109.3729,29.424985],[109.391445,29.372219],[109.343962,29.369415],[109.352167,29.284629],[109.257856,29.222612],[109.274158,29.12214],[109.235044,29.088844],[109.319618,29.042557],[109.240405,28.892741],[109.241281,28.776495],[109.299979,28.744931],[109.270876,28.671789],[109.186357,28.610654],[109.300143,28.626457],[109.32022,28.579801],[109.26081,28.46473],[109.288381,28.374303],[109.268578,28.338099],[109.306379,28.274209],[109.340953,28.293713],[109.399651,28.269306],[109.356762,28.233503],[109.298721,28.032521],[109.334552,28.062223],[109.370548,28.046063],[109.364859,28.008819],[109.301784,27.95834],[109.345548,27.840737],[109.333021,27.782791],[109.418415,27.721364]]]]}},{"type":"Feature","properties":{"adcode":"440100","name":"广州市"},"geometry":{"type":"MultiPolygon","coordinates":[[[[113.365116,22.772595],[113.540693,22.666222],[113.651588,22.515715],[113.728149,22.521993],[113.716883,22.645172],[113.571195,22.853143],[113.522913,23.037262],[113.556327,23.081252],[113.71696,23.138895],[113.841113,23.116169],[113.895679,23.164529],[113.889394,23.334154],[113.958905,23.33262],[113.978217,23.30104],[114.000442,23.39338],[113.955456,23.466053],[113.981743,23.472129],[113.871384,23.541327],[113.859582,23.60996],[113.816742,23.63582],[113.976071,23.757716],[114.05999,23.775851],[114.037228,23.793509],[114.057767,23.846784],[114.008413,23.933001],[113.865177,23.928947],[113.758191,23.857479],[113.713511,23.862484],[113.706384,23.815275],[113.640245,23.814274],[113.615185,23.779804],[113.636414,23.750229],[113.597252,23.664946],[113.55878,23.700712],[113.481069,23.684043],[113.378375,23.731511],[113.290548,23.617085],[113.202262,23.576492],[113.191149,23.523212],[112.961926,23.44444],[112.989132,23.443277],[112.989822,23.354728],[113.034808,23.357372],[113.052742,23.26342],[113.079795,23.250083],[113.072284,23.284268],[113.124704,23.307653],[113.177738,23.271304],[113.211535,23.142603],[113.184865,23.05963],[113.254912,23.044842],[113.251923,22.970348],[113.298212,22.934014],[113.312083,22.830369],[113.393396,22.809822],[113.365116,22.772595]]]]}},{"type":"Feature","properties":{"adcode":"440200","name":"韶关市"},"geometry":{"type":"MultiPolygon","coordinates":[[[[113.800265,23.902566],[113.865177,23.928947],[114.117008,23.929737],[114.174333,23.959429],[114.258711,23.952744],[114.236716,23.910676],[114.34991,23.887925],[114.398038,24.026],[114.594077,24.164138],[114.597602,24.21248],[114.566028,24.233019],[114.491613,24.192357],[114.46387,24.110836],[114.419956,24.139329],[114.337418,24.125294],[114.292891,24.175069],[114.254802,24.256707],[114.293581,24.352672],[114.249208,24.362695],[114.242004,24.426014],[114.306839,24.472998],[114.273732,24.533695],[114.308142,24.574143],[114.258481,24.641544],[114.174563,24.645576],[114.169811,24.682585],[114.272506,24.700432],[114.335808,24.749092],[114.342399,24.807353],[114.40302,24.877555],[114.396199,24.937324],[114.456666,24.99722],[114.506174,25.000091],[114.561583,25.077592],[114.640136,25.073888],[114.735627,25.122035],[114.690334,25.179756],[114.693936,25.213635],[114.740685,25.226246],[114.742907,25.274542],[114.69225,25.322142],[114.636458,25.324537],[114.540431,25.417025],[114.382941,25.317143],[114.31481,25.338594],[114.302854,25.290845],[114.194105,25.317351],[114.039911,25.250735],[114.01462,25.280532],[114.056158,25.311884],[114.024353,25.37399],[114.045122,25.384035],[113.961894,25.452554],[113.886865,25.436637],[113.876902,25.38034],[113.814979,25.328702],[113.706537,25.360874],[113.585986,25.307353],[113.536095,25.368525],[113.449878,25.359573],[113.313923,25.442931],[113.296832,25.508402],[113.226172,25.509701],[113.177048,25.471589],[113.151987,25.492232],[113.131525,25.414735],[112.968134,25.349839],[112.927822,25.299907],[112.894868,25.337605],[112.868735,25.327817],[112.856396,25.291574],[112.868351,25.248808],[112.979936,25.245056],[113.030517,25.194508],[112.96798,25.141644],[113.018408,25.083122],[112.979706,25.034125],[113.019557,24.855971],[112.95158,24.815771],[112.930351,24.718695],[112.900616,24.713776],[112.887971,24.595304],[112.950507,24.59499],[113.047377,24.475515],[113.096808,24.496431],[113.19705,24.474676],[113.235829,24.505866],[113.294993,24.457164],[113.37416,24.49402],[113.440988,24.453703],[113.599628,24.512994],[113.709909,24.412377],[113.753439,24.437185],[113.803867,24.401781],[113.855827,24.252926],[113.921199,24.200974],[113.857053,24.16151],[113.837434,24.072764],[113.728149,23.997166],[113.800265,23.902566]]]]}},{"type":"Feature","properties":{"adcode":"440300","name":"深圳市"},"geometry":{"type":"MultiPolygon","coordinates":[[[[114.229205,22.81253],[114.180847,22.775728],[114.215641,22.73557],[114.172494,22.654368],[114.144674,22.714159],[113.995308,22.771267],[113.937829,22.832705],[113.834675,22.822193],[113.751447,22.715381],[113.881731,22.446788],[113.959135,22.504912],[114.054702,22.49959],[114.094093,22.533593],[114.381868,22.601519],[114.467625,22.53338],[114.48985,22.443647],[114.611397,22.482027],[114.614539,22.545191],[114.559054,22.583277],[114.60312,22.638739],[114.580282,22.661491],[114.431912,22.660907],[114.404706,22.781305],[114.36562,22.766062],[114.33052,22.809291],[114.26147,22.781783],[114.229205,22.81253]]],[[[113.819961,22.396362],[113.811224,22.420432],[113.7867,22.413563],[113.819961,22.396362]]],[[[113.844485,22.510234],[113.856823,22.503582],[113.842569,22.515821],[113.844485,22.510234]]],[[[113.839657,22.498526],[113.847244,22.491927],[113.844485,22.503369],[113.839657,22.498526]]]]}},{"type":"Feature","properties":{"adcode":"440400","name":"珠海市"},"geometry":{"type":"MultiPolygon","coordinates":[[[[113.262652,22.392048],[113.1631,22.387947],[113.193065,22.358171],[113.185478,22.294762],[113.168541,22.238417],[113.106388,22.209355],[113.087152,22.126137],[113.151451,21.979853],[113.26679,21.871645],[113.3199,21.909701],[113.33017,21.961637],[113.554488,22.069884],[113.54077,22.199382],[113.589895,22.226793],[113.604762,22.339897],[113.669368,22.416279],[113.624841,22.442955],[113.585986,22.40041],[113.495247,22.395403],[113.50475,22.266992],[113.430565,22.201302],[113.352395,22.249133],[113.262652,22.392048]]],[[[114.051789,22.086324],[114.047651,22.108954],[114.026959,22.10319],[114.051789,22.086324]]],[[[114.231045,22.016332],[114.323623,22.056377],[114.239781,22.035502],[114.231045,22.016332]]],[[[113.714584,22.007413],[113.729988,22.016385],[113.702628,22.029308],[113.714584,22.007413]]],[[[113.824406,22.001271],[113.831763,21.98888],[113.842339,21.998868],[113.824406,22.001271]]],[[[114.009945,21.853148],[114.031557,21.873623],[114.010252,21.86368],[114.009945,21.853148]]],[[[113.815056,22.157136],[113.808542,22.174207],[113.799575,22.166472],[113.815056,22.157136]]],[[[113.999293,22.045273],[114.001055,22.035929],[114.005424,22.045112],[113.999293,22.045273]]],[[[113.765165,21.961958],[113.772905,21.998761],[113.750067,21.995129],[113.765165,21.961958]]],[[[114.034469,21.886077],[114.063592,21.892384],[114.058687,21.902326],[114.034469,21.886077]]],[[[113.919436,22.036997],[113.937753,22.036249],[113.922962,22.048583],[113.919436,22.036997]]],[[[113.143251,21.831707],[113.203871,21.86122],[113.151221,21.864963],[113.143251,21.831707]]],[[[113.722937,21.922152],[113.743093,21.950738],[113.717956,21.951273],[113.722937,21.922152]]],[[[113.876979,22.117653],[113.869622,22.11301],[113.880581,22.10746],[113.876979,22.117653]]],[[[113.828238,22.117919],[113.83958,22.130993],[113.828544,22.156283],[113.828238,22.117919]]],[[[114.18989,21.986423],[114.220239,21.989842],[114.18192,22.010938],[114.18989,21.986423]]],[[[113.165399,21.953463],[113.172373,21.941068],[113.172066,21.954745],[113.165399,21.953463]]],[[[114.153947,21.975099],[114.17395,21.992939],[114.124212,21.985248],[114.153947,21.975099]]],[[[113.138039,21.919213],[113.125164,21.896126],[113.158731,21.927015],[113.138039,21.919213]]],[[[113.665306,22.039239],[113.666532,22.02338],[113.675805,22.029361],[113.665306,22.039239]]],[[[113.683163,21.938824],[113.709449,21.944968],[113.692819,21.962973],[113.683163,21.938824]]],[[[113.901733,22.114184],[113.890161,22.122775],[113.886405,22.111249],[113.901733,22.114184]]],[[[113.707687,22.143532],[113.707993,22.134728],[113.722094,22.141878],[113.707687,22.143532]]],[[[114.007493,22.026958],[114.017992,22.028346],[114.013471,22.038225],[114.007493,22.026958]]],[[[113.702705,22.101696],[113.700866,22.094864],[113.711059,22.091769],[113.702705,22.101696]]],[[[114.126664,21.961744],[114.142835,21.965484],[114.139003,21.970345],[114.126664,21.961744]]],[[[113.576866,22.212075],[113.576176,22.201036],[113.590738,22.208982],[113.576866,22.212075]]]]}},{"type":"Feature","properties":{"adcode":"440500","name":"汕头市"},"geometry":{"type":"MultiPolygon","coordinates":[[[[116.552551,23.105891],[116.724756,23.214407],[116.814728,23.207631],[116.782771,23.313842],[116.896194,23.476197],[116.900639,23.61946],[116.830976,23.645793],[116.794496,23.589532],[116.71303,23.597925],[116.717935,23.471072],[116.68659,23.429483],[116.58995,23.453265],[116.568339,23.378258],[116.523429,23.437517],[116.469553,23.437622],[116.482581,23.500552],[116.426482,23.468642],[116.41491,23.510271],[116.377051,23.500658],[116.350764,23.449619],[116.319649,23.449196],[116.348848,23.335794],[116.319573,23.332303],[116.328846,23.299559],[116.259719,23.216842],[116.261558,23.12295],[116.3805,23.039807],[116.478826,23.104249],[116.552551,23.105891]]],[[[117.14542,23.456119],[117.06449,23.475669],[117.0228,23.43683],[116.944706,23.440001],[117.124268,23.389732],[117.14542,23.456119]]]]}},{"type":"Feature","properties":{"adcode":"440600","name":"佛山市"},"geometry":{"type":"MultiPolygon","coordinates":[[[[112.975184,23.463622],[112.957634,23.447558],[112.903298,23.488613],[112.900309,23.566725],[112.827197,23.567042],[112.845743,23.487134],[112.787269,23.371173],[112.838386,23.387352],[112.883296,23.347324],[112.831949,23.215678],[112.764431,23.202919],[112.834094,23.014784],[112.734772,22.98122],[112.708869,22.927754],[112.672696,22.940486],[112.685418,22.89836],[112.561648,22.873312],[112.557433,22.826122],[112.392509,22.76978],[112.411898,22.671219],[112.523176,22.728079],[112.549462,22.70098],[112.536281,22.648627],[112.577359,22.656388],[112.604182,22.706241],[112.664649,22.713043],[112.69653,22.75905],[112.692392,22.705232],[112.769489,22.701246],[112.850648,22.830157],[112.923454,22.856274],[112.980396,22.802759],[113.049523,22.807751],[113.102096,22.698536],[113.161414,22.673717],[113.236289,22.740777],[113.270546,22.726485],[113.365116,22.772595],[113.37439,22.822618],[113.312083,22.830369],[113.27706,22.894699],[113.254912,23.044842],[113.184865,23.05963],[113.215826,23.100646],[113.177738,23.271304],[113.128,23.31453],[113.044925,23.2522],[113.023466,23.324898],[113.043392,23.351131],[112.989822,23.354728],[112.975184,23.463622]]],[[[112.789721,23.00137],[112.790564,23.00206],[112.787882,23.000999],[112.789721,23.00137]]]]}},{"type":"Feature","properties":{"adcode":"440700","name":"江门市"},"geometry":{"type":"MultiPolygon","coordinates":[[[[112.165431,22.385018],[112.147268,22.339098],[112.081896,22.351086],[112.061511,22.28357],[112.010547,22.266193],[112.052161,22.194742],[112.027254,22.127044],[112.089867,22.137342],[112.331045,21.9595],[112.370054,21.861434],[112.304529,21.744415],[112.323995,21.705994],[112.409522,21.728417],[112.427379,21.790207],[112.639358,21.756025],[112.792327,21.921297],[112.832332,21.924557],[112.911345,21.838979],[112.989669,21.86956],[113.04753,21.956455],[113.03067,22.066521],[113.176281,22.280158],[113.193065,22.358171],[113.165399,22.40025],[113.262652,22.392048],[113.157045,22.614228],[113.161414,22.673717],[113.087228,22.717878],[113.059562,22.801219],[112.980396,22.802759],[112.923454,22.856274],[112.851491,22.839978],[112.807961,22.72877],[112.755771,22.692425],[112.708256,22.71028],[112.702891,22.756395],[112.680436,22.747045],[112.701128,22.728398],[112.604182,22.706241],[112.546474,22.642248],[112.53835,22.71825],[112.47704,22.715912],[112.52172,22.607262],[112.475047,22.585511],[112.428375,22.657133],[112.371127,22.558278],[112.344533,22.564342],[112.359631,22.545457],[112.328133,22.569874],[112.25732,22.500229],[112.243678,22.408238],[112.165431,22.385018]]],[[[112.77539,21.564101],[112.806735,21.578778],[112.811256,21.703746],[112.876015,21.772716],[112.789108,21.759556],[112.707872,21.698501],[112.713467,21.673344],[112.780295,21.671524],[112.73094,21.613752],[112.77539,21.564101]]],[[[112.530993,21.583921],[112.568622,21.619429],[112.659821,21.630942],[112.639895,21.6545],[112.664036,21.713754],[112.559808,21.665475],[112.530993,21.583921]]],[[[112.435426,21.663548],[112.456348,21.648772],[112.458417,21.690098],[112.435426,21.663548]]],[[[112.680513,21.69818],[112.690092,21.699893],[112.686184,21.713701],[112.680513,21.69818]]],[[[112.883449,21.593776],[112.902532,21.602292],[112.861991,21.60663],[112.883449,21.593776]]],[[[113.025459,21.847801],[113.045844,21.882763],[113.007372,21.869186],[113.025459,21.847801]]],[[[112.656372,21.595704],[112.667025,21.607862],[112.65369,21.60588],[112.656372,21.595704]]],[[[112.587934,21.58617],[112.59989,21.599185],[112.581727,21.600578],[112.587934,21.58617]]],[[[112.674228,21.610646],[112.672312,21.617608],[112.664802,21.612467],[112.674228,21.610646]]],[[[112.801677,21.564261],[112.818077,21.579635],[112.794013,21.568922],[112.801677,21.564261]]]]}},{"type":"Feature","properties":{"adcode":"440800","name":"湛江市"},"geometry":{"type":"MultiPolygon","coordinates":[[[[110.645401,21.227394],[110.637967,21.289022],[110.592138,21.265351],[110.522168,21.303567],[110.568457,21.361408],[110.494348,21.443194],[110.510442,21.499587],[110.475572,21.554136],[110.434494,21.553868],[110.406522,21.60181],[110.385753,21.657552],[110.412346,21.675753],[110.351419,21.713647],[110.388359,21.789084],[110.342606,21.837322],[110.387362,21.852239],[110.387592,21.890407],[110.290416,21.917984],[110.254779,21.881694],[110.11982,21.901684],[110.054372,21.856837],[109.986241,21.879128],[109.944933,21.846839],[109.941715,21.73671],[109.898338,21.649628],[109.795183,21.63046],[109.777863,21.670507],[109.743836,21.60106],[109.785604,21.456919],[109.894353,21.442283],[109.889754,21.395898],[109.868832,21.365807],[109.770659,21.35953],[109.763992,21.226266],[109.674939,21.136622],[109.654937,20.903532],[109.745062,20.621134],[109.813576,20.574655],[109.824459,20.502913],[109.888298,20.475448],[109.861245,20.376663],[109.915811,20.316875],[109.929223,20.211718],[110.026246,20.257389],[110.146337,20.21761],[110.327508,20.251552],[110.452274,20.311203],[110.541557,20.420665],[110.55175,20.462982],[110.466146,20.680264],[110.392267,20.682905],[110.393723,20.816655],[110.209716,20.860207],[110.180747,20.981753],[110.211249,21.054182],[110.23424,21.014342],[110.29693,21.093795],[110.401234,21.131088],[110.422386,21.190716],[110.645401,21.227394]]],[[[110.508373,21.490958],[110.484002,21.447108],[110.568457,21.361408],[110.523011,21.316607],[110.592138,21.265351],[110.637967,21.289022],[110.645401,21.227394],[110.768558,21.364948],[110.907272,21.369669],[110.977012,21.406785],[110.965363,21.433329],[110.880449,21.444856],[110.876004,21.49814],[110.840674,21.493638],[110.848031,21.527668],[110.771853,21.647808],[110.736217,21.623874],[110.730775,21.501088],[110.677742,21.521398],[110.687935,21.49144],[110.621184,21.481042],[110.557038,21.512663],[110.508373,21.490958]]],[[[110.396329,21.90612],[110.440702,21.93658],[110.400007,21.955387],[110.372954,21.93332],[110.396329,21.90612]]],[[[110.381078,21.783361],[110.379162,21.763675],[110.391041,21.776674],[110.381078,21.783361]]],[[[110.545006,21.083853],[110.574971,21.087991],[110.632373,21.21107],[110.433805,21.183626],[110.545006,21.083853]]],[[[110.51757,21.078962],[110.306126,21.088099],[110.198451,20.956903],[110.214468,20.937698],[110.347664,20.984765],[110.47289,20.983151],[110.526153,20.916284],[110.560717,21.048322],[110.51757,21.078962]]],[[[110.714758,21.526811],[110.706788,21.521023],[110.717364,21.519684],[110.714758,21.526811]]],[[[110.405372,20.678054],[110.435414,20.698747],[110.41043,20.707908],[110.405372,20.678054]]],[[[110.645018,20.935654],[110.604553,20.952331],[110.548914,20.908644],[110.55152,20.872641],[110.611757,20.860046],[110.645018,20.935654]]],[[[110.556655,20.327463],[110.593671,20.360678],[110.58639,20.381091],[110.556655,20.327463]]],[[[110.420776,21.159992],[110.442235,21.148281],[110.447753,21.160153],[110.420776,21.159992]]],[[[110.395409,21.104382],[110.426524,21.094602],[110.416101,21.112389],[110.395409,21.104382]]]]}},{"type":"Feature","properties":{"adcode":"440900","name":"茂名市"},"geometry":{"type":"MultiPolygon","coordinates":[[[[110.706788,21.521023],[110.771853,21.647808],[110.876004,21.49814],[110.880449,21.444856],[110.950112,21.443731],[110.977012,21.406785],[111.061313,21.449199],[111.290536,21.484204],[111.253597,21.452577],[111.257352,21.415151],[111.285862,21.419012],[111.452395,21.515182],[111.416452,21.598061],[111.44067,21.69347],[111.374301,21.774374],[111.423503,21.81374],[111.417218,21.850154],[111.290077,21.907991],[111.285325,22.048369],[111.340657,22.129445],[111.360507,22.233938],[111.453468,22.270297],[111.468182,22.326683],[111.600689,22.375537],[111.679089,22.45685],[111.678553,22.496397],[111.59632,22.551362],[111.525201,22.480164],[111.486882,22.505551],[111.471325,22.441996],[111.421817,22.426662],[111.413387,22.512628],[111.276972,22.491927],[111.293909,22.547638],[111.322724,22.54966],[111.279271,22.592053],[111.174737,22.605773],[111.123543,22.701459],[111.089669,22.694285],[111.055642,22.648521],[110.959002,22.636506],[110.897922,22.591999],[110.778674,22.585405],[110.747789,22.476119],[110.688241,22.477769],[110.711539,22.369624],[110.78971,22.286661],[110.720966,22.294123],[110.664637,22.245348],[110.646857,22.223007],[110.678892,22.17266],[110.629077,22.14908],[110.560333,22.196396],[110.489444,22.144599],[110.430816,22.206209],[110.390964,22.179008],[110.348507,22.195862],[110.352952,21.976595],[110.442388,21.940854],[110.400391,21.913976],[110.398398,21.861755],[110.350729,21.863947],[110.339387,21.806359],[110.388359,21.789084],[110.369889,21.689349],[110.402843,21.689188],[110.382457,21.667456],[110.413342,21.586063],[110.443154,21.58692],[110.422692,21.562226],[110.538875,21.473859],[110.557038,21.512663],[110.621184,21.481042],[110.706788,21.521023]]],[[[110.508066,21.490583],[110.490823,21.482811],[110.506687,21.472251],[110.508066,21.490583]]],[[[110.379162,21.763675],[110.381078,21.783361],[110.370042,21.770148],[110.379162,21.763675]]],[[[110.717364,21.519684],[110.708474,21.500927],[110.730775,21.501088],[110.717364,21.519684]]],[[[111.1847,21.37101],[111.195659,21.391017],[111.1847,21.381953],[111.1847,21.37101]]],[[[110.484002,21.447108],[110.49044,21.456866],[110.484539,21.456705],[110.484002,21.447108]]]]}},{"type":"Feature","properties":{"adcode":"441200","name":"肇庆市"},"geometry":{"type":"MultiPolygon","coordinates":[[[[112.830493,23.545762],[112.756844,23.603309],[112.780908,23.671224],[112.715076,23.691639],[112.743126,23.752444],[112.706033,23.752813],[112.70588,23.806369],[112.655376,23.812587],[112.682582,23.939056],[112.516125,23.977009],[112.486696,24.114148],[112.429831,24.127081],[112.449987,24.28102],[112.288971,24.388666],[112.293723,24.327585],[112.196929,24.204074],[112.148341,24.190098],[112.086878,24.256917],[112.024955,24.188364],[111.961575,24.234753],[111.877887,24.228922],[111.878807,24.126818],[111.940347,23.987746],[111.812668,23.887504],[111.810599,23.807001],[111.664451,23.834877],[111.629351,23.736362],[111.66675,23.718907],[111.607433,23.637403],[111.487035,23.626638],[111.480215,23.532613],[111.399745,23.469382],[111.361963,23.330293],[111.472551,23.275061],[111.52796,23.310351],[111.573866,23.270881],[111.539839,23.212978],[111.770441,23.13328],[111.967553,23.129678],[112.025951,23.081199],[112.165431,23.075052],[112.311886,23.121255],[112.290197,22.952633],[112.257703,22.910564],[112.307364,22.911254],[112.296022,22.873312],[112.336257,22.806476],[112.315488,22.790015],[112.392509,22.76978],[112.557433,22.826122],[112.557816,22.863387],[112.659284,22.887163],[112.696683,22.917196],[112.672696,22.940486],[112.708869,22.927754],[112.751556,22.99103],[112.820453,23.010225],[112.769412,23.223354],[112.80091,23.200431],[112.842984,23.224465],[112.823595,23.24569],[112.883296,23.347324],[112.838386,23.387352],[112.787269,23.371173],[112.845743,23.487134],[112.830493,23.545762]]]]}},{"type":"Feature","properties":{"adcode":"441300","name":"惠州市"},"geometry":{"type":"MultiPolygon","coordinates":[[[[114.514451,22.660747],[114.608178,22.695613],[114.59423,22.721172],[114.695545,22.784173],[114.75241,22.759741],[114.728576,22.651285],[114.747352,22.581628],[114.875184,22.590351],[114.883614,22.540243],[114.925305,22.551628],[114.93772,22.637357],[115.02616,22.702149],[114.952741,22.794582],[114.930363,22.920698],[115.085937,23.007733],[115.146864,22.991136],[115.180431,23.040337],[115.290253,23.095559],[115.283509,23.157433],[115.425289,23.236322],[115.345585,23.316964],[115.310792,23.307971],[115.306117,23.360597],[115.17637,23.381008],[115.007154,23.332356],[114.978032,23.294374],[114.944158,23.350179],[114.923236,23.338597],[114.850353,23.165271],[114.782989,23.224571],[114.776628,23.313472],[114.697461,23.366203],[114.686119,23.413521],[114.632779,23.407865],[114.697155,23.46061],[114.698764,23.520624],[114.65554,23.562871],[114.623583,23.529233],[114.57898,23.561498],[114.512688,23.688527],[114.368839,23.725499],[114.337954,23.770632],[114.33029,23.852948],[114.356347,23.869595],[114.331517,23.900512],[114.236716,23.910676],[114.271739,23.948479],[114.056771,23.935844],[114.036232,23.901776],[114.056311,23.784021],[113.818811,23.656188],[113.871384,23.541327],[113.981743,23.472129],[113.952774,23.442907],[113.98795,23.431439],[113.996151,23.309346],[113.895985,23.34505],[113.877209,23.264213],[113.902116,23.177186],[113.844715,23.125599],[114.010252,23.083425],[114.088959,23.094182],[114.150269,23.024698],[114.124442,22.994],[114.222385,22.980743],[114.213035,22.928444],[114.251737,22.884351],[114.234953,22.792989],[114.353128,22.806636],[114.355964,22.764893],[114.41827,22.766327],[114.428157,22.676746],[114.514451,22.660747]]],[[[114.650482,22.573916],[114.658913,22.560512],[114.638144,22.585724],[114.650482,22.573916]]],[[[114.628947,22.448492],[114.652092,22.454507],[114.620287,22.466325],[114.628947,22.448492]]],[[[114.609941,22.670262],[114.61293,22.661704],[114.617988,22.669518],[114.609941,22.670262]]],[[[114.840007,22.51199],[114.84062,22.502038],[114.855641,22.513799],[114.840007,22.51199]]],[[[114.649409,22.675152],[114.648107,22.664734],[114.653548,22.664043],[114.649409,22.675152]]],[[[114.72689,22.577693],[114.720836,22.588543],[114.719226,22.580246],[114.72689,22.577693]]],[[[114.641286,22.429378],[114.650482,22.428739],[114.659602,22.444073],[114.641286,22.429378]]]]}},{"type":"Feature","properties":{"adcode":"441400","name":"梅州市"},"geometry":{"type":"MultiPolygon","coordinates":[[[[116.368468,23.73304],[116.416903,23.777854],[116.496146,23.752496],[116.525881,23.8324],[116.498981,23.85848],[116.590487,23.900933],[116.610796,23.968483],[116.684751,23.989588],[116.789745,24.157095],[116.847836,24.182689],[116.867072,24.163717],[116.939188,24.239585],[116.903935,24.369883],[116.848219,24.426906],[116.860788,24.46225],[116.758323,24.546637],[116.811969,24.644895],[116.80124,24.678293],[116.596465,24.654057],[116.530096,24.604941],[116.486949,24.71859],[116.446102,24.714456],[116.374905,24.807197],[116.417822,24.840656],[116.394754,24.877869],[116.299954,24.802909],[116.233049,24.80066],[116.250906,24.822777],[116.191741,24.877137],[116.153269,24.846667],[116.068891,24.84996],[116.023368,24.902166],[115.878447,24.932571],[115.904044,24.888007],[115.8599,24.864804],[115.865572,24.89041],[115.809243,24.892866],[115.757129,24.749929],[115.805641,24.685883],[115.761804,24.668139],[115.844113,24.562722],[115.686086,24.547004],[115.671679,24.604732],[115.578181,24.615206],[115.559481,24.64301],[115.493649,24.569166],[115.493266,24.498004],[115.58891,24.45061],[115.550898,24.359914],[115.592205,24.255289],[115.545303,24.170234],[115.507061,24.165977],[115.529592,24.098479],[115.481387,24.143167],[115.442302,24.124452],[115.426132,24.053934],[115.453261,23.967009],[115.408505,23.950585],[115.358461,23.792455],[115.317153,23.761617],[115.387276,23.778223],[115.407432,23.703349],[115.443528,23.703349],[115.440616,23.500975],[115.418468,23.495956],[115.457017,23.38381],[115.505068,23.378734],[115.527293,23.428743],[115.687389,23.557538],[115.733755,23.51624],[115.801349,23.543122],[115.83461,23.660884],[115.923663,23.628168],[116.006585,23.675497],[116.165455,23.616082],[116.227684,23.728821],[116.320033,23.775534],[116.368468,23.73304]]]]}},{"type":"Feature","properties":{"adcode":"441500","name":"汕尾市"},"geometry":{"type":"MultiPolygon","coordinates":[[[[115.606537,23.471865],[115.475486,23.373658],[115.497328,23.322465],[115.423909,23.277178],[115.425289,23.236322],[115.294468,23.160981],[115.290253,23.095559],[115.180431,23.040337],[115.146864,22.991136],[115.085937,23.007733],[114.930363,22.920698],[114.944388,22.809397],[115.023094,22.717559],[115.066931,22.785607],[115.154528,22.801644],[115.194303,22.775463],[115.18411,22.800635],[115.244347,22.823945],[115.22902,22.782208],[115.337998,22.776684],[115.381375,22.683974],[115.471731,22.697845],[115.559175,22.658515],[115.609142,22.752782],[115.549595,22.749117],[115.583699,22.828564],[115.63244,22.860043],[115.755903,22.837324],[115.818746,22.731373],[115.997312,22.826865],[116.070501,22.843588],[116.088204,22.821609],[116.17672,22.860574],[116.226918,22.914491],[116.198256,22.93168],[116.172505,22.893425],[116.109969,22.891143],[116.005665,22.945632],[115.983287,22.925897],[115.973247,22.969818],[115.943819,22.956293],[115.959989,23.017435],[115.923586,23.017594],[115.966963,23.04728],[115.898832,23.129466],[115.85147,23.098791],[115.725631,23.183805],[115.73866,23.211125],[115.752148,23.193601],[115.749236,23.236375],[115.831621,23.258128],[115.797671,23.286596],[115.819666,23.335741],[115.777668,23.383651],[115.676813,23.354992],[115.682868,23.407759],[115.606537,23.471865]]],[[[116.769589,20.771743],[116.761005,20.750306],[116.872513,20.738294],[116.88991,20.683066],[116.848832,20.628304],[116.758476,20.618438],[116.770355,20.58792],[116.862933,20.588891],[116.931831,20.666198],[116.911982,20.755908],[116.769589,20.771743]]],[[[115.107702,22.77132],[115.117129,22.779712],[115.108622,22.783217],[115.107702,22.77132]]],[[[116.735562,20.694544],[116.72238,20.707476],[116.71441,20.700256],[116.735562,20.694544]]],[[[115.185796,22.737695],[115.196525,22.735889],[115.195146,22.741945],[115.185796,22.737695]]],[[[115.943359,21.09745],[115.989188,21.035473],[116.067358,21.040419],[116.024441,21.124211],[115.943359,21.09745]]],[[[115.926728,20.981538],[115.953168,20.928337],[115.998844,20.922956],[115.954088,20.999823],[115.926728,20.981538]]]]}},{"type":"Feature","properties":{"adcode":"441600","name":"河源市"},"geometry":{"type":"MultiPolygon","coordinates":[[[[115.419311,23.243785],[115.485756,23.315218],[115.416858,23.484122],[115.440616,23.500975],[115.457093,23.696281],[115.388503,23.734516],[115.399385,23.768734],[115.317153,23.761617],[115.453261,23.967009],[115.426132,24.053934],[115.442302,24.124452],[115.481387,24.143167],[115.513192,24.099058],[115.537409,24.108838],[115.503612,24.187575],[115.545303,24.170234],[115.590826,24.242894],[115.550898,24.359914],[115.593048,24.459733],[115.493266,24.498004],[115.483227,24.562722],[115.559481,24.64301],[115.556186,24.68269],[115.41295,24.792869],[115.358537,24.735176],[115.278528,24.754113],[115.104943,24.667825],[115.073829,24.704252],[115.024857,24.669133],[114.909594,24.661543],[114.869053,24.562355],[114.846675,24.60248],[114.729879,24.608922],[114.705202,24.526096],[114.665197,24.583676],[114.592468,24.537991],[114.534147,24.559002],[114.402023,24.498528],[114.37658,24.571995],[114.324006,24.579538],[114.288906,24.537991],[114.310595,24.480757],[114.242004,24.426014],[114.249208,24.362695],[114.278637,24.364951],[114.289289,24.1819],[114.33029,24.137279],[114.46387,24.110836],[114.469848,24.162141],[114.548324,24.230603],[114.591318,24.225981],[114.600055,24.174911],[114.398038,24.026],[114.326918,23.8324],[114.337954,23.770632],[114.424248,23.697178],[114.512688,23.688527],[114.623583,23.529233],[114.65554,23.562871],[114.692173,23.532402],[114.698381,23.470438],[114.632779,23.407865],[114.707501,23.40427],[114.72758,23.327649],[114.776628,23.313472],[114.786361,23.207101],[114.850353,23.165271],[114.91174,23.274532],[114.913043,23.338756],[114.944158,23.350179],[114.978032,23.294374],[115.007154,23.332356],[115.056125,23.321195],[115.12234,23.368159],[115.235457,23.385343],[115.419311,23.243785]]]]}},{"type":"Feature","properties":{"adcode":"441700","name":"阳江市"},"geometry":{"type":"MultiPolygon","coordinates":[[[[112.307824,21.704174],[112.370054,21.861434],[112.343077,21.876723],[112.340472,21.942831],[112.225669,22.012219],[112.226818,22.063585],[112.089867,22.137342],[112.034381,22.113437],[112.051625,22.207542],[112.004262,22.248333],[112.061511,22.28357],[112.081896,22.351086],[112.147268,22.339098],[112.165431,22.385018],[111.995373,22.492406],[111.969546,22.546468],[111.998361,22.589287],[111.96602,22.627521],[111.900265,22.570512],[111.835736,22.585937],[111.870836,22.65979],[111.820102,22.676427],[111.630884,22.402859],[111.465807,22.33004],[111.453468,22.270297],[111.360507,22.233938],[111.327169,22.171326],[111.337515,22.118453],[111.285325,22.048369],[111.305941,22.011846],[111.287241,21.924129],[111.40327,21.862183],[111.423503,21.81374],[111.381275,21.734463],[111.44067,21.69347],[111.42059,21.617394],[111.452395,21.515182],[111.645139,21.519308],[111.677403,21.529758],[111.693727,21.590348],[111.758716,21.613913],[111.846772,21.567369],[111.972458,21.603256],[112.024955,21.629764],[111.954525,21.667723],[111.955981,21.710543],[112.136539,21.793844],[112.192331,21.789351],[112.197006,21.736657],[112.260232,21.698073],[112.307824,21.704174]]],[[[112.181065,21.545885],[112.204823,21.548189],[112.180836,21.554779],[112.181065,21.545885]]],[[[112.140601,21.601917],[112.150104,21.601863],[112.144816,21.613913],[112.140601,21.601917]]],[[[112.118146,21.633458],[112.129258,21.640526],[112.118146,21.642829],[112.118146,21.633458]]]]}},{"type":"Feature","properties":{"adcode":"441800","name":"清远市"},"geometry":{"type":"MultiPolygon","coordinates":[[[[112.994804,24.927347],[112.788342,24.892396],[112.715613,25.078375],[112.659821,25.132779],[112.562644,25.124487],[112.430674,25.175273],[112.413354,25.141331],[112.364842,25.191693],[112.302536,25.157182],[112.18735,25.183092],[112.120062,24.963698],[112.175164,24.927504],[112.161063,24.844211],[111.961345,24.721206],[111.927472,24.629397],[112.007405,24.534533],[111.987096,24.480862],[112.057679,24.387093],[112.059442,24.339709],[111.94073,24.245153],[112.024955,24.188364],[112.067872,24.260698],[112.148341,24.190098],[112.249503,24.243367],[112.258316,24.324279],[112.293723,24.327585],[112.284679,24.377334],[112.373732,24.347949],[112.444239,24.287741],[112.429831,24.127081],[112.486696,24.114148],[112.516125,23.977009],[112.682582,23.939056],[112.655376,23.812587],[112.70588,23.806369],[112.69768,23.765677],[112.730021,23.758507],[112.715076,23.691639],[112.780908,23.671224],[112.756844,23.603309],[112.796772,23.551835],[112.91533,23.55231],[112.887741,23.517402],[112.957634,23.447558],[113.192069,23.514761],[113.200805,23.561815],[113.32833,23.645371],[113.378375,23.731511],[113.438459,23.727134],[113.481069,23.684043],[113.615721,23.680192],[113.63649,23.731985],[113.615185,23.779804],[113.651664,23.820123],[113.706384,23.815275],[113.709756,23.856267],[113.758191,23.857479],[113.799345,23.923524],[113.718646,23.993008],[113.83115,24.063507],[113.857053,24.16151],[113.930242,24.188416],[113.84004,24.265109],[113.803867,24.401781],[113.753439,24.437185],[113.722248,24.414633],[113.625761,24.491923],[113.552572,24.511055],[113.440988,24.453703],[113.415544,24.485266],[113.294993,24.457164],[113.252766,24.497794],[113.153367,24.467703],[113.114128,24.502983],[113.063701,24.468804],[112.950507,24.59499],[112.887971,24.595304],[112.900616,24.713776],[113.019557,24.855971],[112.994804,24.927347]]]]}},{"type":"Feature","properties":{"adcode":"441900","name":"东莞市"},"geometry":{"type":"MultiPolygon","coordinates":[[[[114.229205,22.81253],[114.259171,22.906054],[114.213035,22.928444],[114.222385,22.980743],[114.13816,22.986417],[114.139233,23.023479],[114.065891,23.101441],[114.029871,23.084379],[113.71696,23.138895],[113.556327,23.081252],[113.522913,23.037262],[113.571195,22.853143],[113.678181,22.726113],[113.751447,22.715381],[113.887325,22.858504],[114.187515,22.666382],[114.208513,22.729248],[114.180847,22.775728],[114.229205,22.81253]]]]}},{"type":"Feature","properties":{"adcode":"442000","name":"中山市"},"geometry":{"type":"MultiPolygon","coordinates":[[[[113.568743,22.411912],[113.692052,22.515129],[113.651588,22.515715],[113.62078,22.579554],[113.464822,22.72096],[113.365116,22.772595],[113.270546,22.726485],[113.243033,22.745345],[113.201035,22.675949],[113.17199,22.680679],[113.157045,22.614228],[113.187087,22.539924],[113.352395,22.249133],[113.415774,22.202902],[113.512797,22.249986],[113.480456,22.303876],[113.504137,22.324286],[113.48697,22.390184],[113.568743,22.411912]]]]}},{"type":"Feature","properties":{"adcode":"445100","name":"潮州市"},"geometry":{"type":"MultiPolygon","coordinates":[[[[116.91704,23.531662],[117.010231,23.502665],[117.031766,23.531293],[117.192935,23.561656],[117.192552,23.629593],[117.053225,23.698391],[117.022416,23.838776],[116.962026,23.861377],[116.981339,23.996692],[116.926619,24.098585],[116.998659,24.17901],[116.917116,24.232809],[116.878568,24.167817],[116.780241,24.147319],[116.68797,23.981062],[116.610796,23.968483],[116.604741,23.910781],[116.514386,23.866698],[116.504729,23.763673],[116.416903,23.777854],[116.37161,23.717431],[116.514156,23.655924],[116.526264,23.590165],[116.567036,23.569207],[116.543661,23.505623],[116.630108,23.429378],[116.702608,23.438204],[116.714946,23.584728],[116.785223,23.579554],[116.821319,23.635609],[116.900639,23.61946],[116.91704,23.531662]]]]}},{"type":"Feature","properties":{"adcode":"445200","name":"揭阳市"},"geometry":{"type":"MultiPolygon","coordinates":[[[[116.552551,23.105891],[116.478826,23.104249],[116.3805,23.039807],[116.244545,23.140431],[116.259719,23.216842],[116.348848,23.335794],[116.316891,23.442273],[116.377051,23.500658],[116.415676,23.479737],[116.482581,23.500552],[116.465721,23.442485],[116.544887,23.424356],[116.568339,23.378258],[116.58949,23.443383],[116.633557,23.45057],[116.543661,23.505623],[116.567036,23.569207],[116.526264,23.590165],[116.514156,23.655924],[116.404104,23.694382],[116.320033,23.775534],[116.19588,23.685784],[116.165455,23.616082],[116.021223,23.644685],[116.006585,23.675497],[115.897836,23.620093],[115.83461,23.660884],[115.786175,23.517455],[115.713829,23.519092],[115.687389,23.557538],[115.622094,23.507102],[115.625236,23.45168],[115.682868,23.407759],[115.676813,23.354992],[115.777668,23.383651],[115.819666,23.335741],[115.810929,23.24876],[115.758126,23.244949],[115.725631,23.183805],[115.85147,23.098791],[115.898832,23.129466],[115.916612,23.112302],[115.966963,23.04728],[115.923586,23.017594],[115.959989,23.017435],[115.9488,22.972682],[115.983287,22.925897],[116.026894,22.939107],[116.156105,22.886208],[116.198256,22.93168],[116.302789,22.951519],[116.382646,22.919213],[116.505572,22.930884],[116.576002,23.017117],[116.552551,23.105891]]]]}},{"type":"Feature","properties":{"adcode":"445300","name":"云浮市"},"geometry":{"type":"MultiPolygon","coordinates":[[[[112.47658,22.704009],[112.426306,22.670847],[112.401475,22.690565],[112.384232,22.792245],[112.32844,22.786722],[112.307364,22.911254],[112.257703,22.910564],[112.312729,23.115163],[112.234712,23.114898],[112.191182,23.074522],[112.035761,23.07272],[111.979049,23.119719],[111.656098,23.158492],[111.539839,23.212978],[111.573866,23.270881],[111.532175,23.324634],[111.472551,23.275061],[111.392618,23.325586],[111.353379,23.288977],[111.374225,23.092539],[111.434539,23.071555],[111.358744,22.889233],[111.218497,22.748108],[111.060547,22.731533],[111.136878,22.685941],[111.136418,22.643789],[111.185849,22.60439],[111.326633,22.557267],[111.272067,22.506136],[111.403117,22.516087],[111.43952,22.427834],[111.486882,22.505551],[111.525201,22.480164],[111.59632,22.551362],[111.616016,22.508158],[111.680315,22.4824],[111.84248,22.687801],[111.871296,22.633529],[111.821788,22.59769],[111.900265,22.570512],[111.956517,22.633795],[111.998591,22.575459],[111.976366,22.562959],[111.995373,22.492406],[112.175088,22.36989],[112.226895,22.408025],[112.25732,22.500229],[112.301233,22.515289],[112.309127,22.572427],[112.359631,22.545457],[112.342694,22.558065],[112.429218,22.666063],[112.475047,22.585511],[112.52172,22.607262],[112.47658,22.704009]]]]}},{"type":"Feature","properties":{"adcode":"450100","name":"南宁市"},"geometry":{"type":"MultiPolygon","coordinates":[[[[109.217018,23.296826],[109.170738,23.277559],[109.086628,23.314384],[109.099188,23.343991],[109.056562,23.32297],[109.051994,23.355821],[108.939035,23.360058],[108.906609,23.431837],[108.834373,23.478294],[108.782765,23.615426],[108.804307,23.714724],[108.743641,23.796126],[108.638293,23.769089],[108.501357,23.662751],[108.487123,23.760862],[108.415953,23.8174],[108.45698,23.842728],[108.433688,23.962829],[108.487656,23.989771],[108.479892,24.019061],[108.410092,24.030939],[108.354602,23.965403],[108.365943,23.916106],[108.313117,23.893368],[108.282899,23.814385],[108.249635,23.80457],[108.203051,23.871613],[108.180368,23.823267],[108.136219,23.853033],[108.096181,23.796784],[108.02189,23.776219],[108.042823,23.72065],[107.98307,23.626792],[107.942195,23.657043],[107.87445,23.601093],[107.72229,23.553965],[107.749236,23.442669],[107.87072,23.446133],[107.821396,23.343276],[107.748018,23.333866],[107.702423,23.280037],[107.584897,23.291047],[107.561681,23.204485],[107.413556,23.25394],[107.353575,23.197985],[107.337742,23.148068],[107.389046,23.098133],[107.339417,23.058767],[107.367504,23.031524],[107.468437,23.032516],[107.496905,22.851658],[107.574317,22.860439],[107.570587,22.888048],[107.613974,22.904169],[107.692376,22.861985],[107.637799,22.947664],[107.712319,22.949154],[107.793536,22.881091],[107.970815,22.834702],[107.973327,22.79316],[108.033308,22.776529],[107.998674,22.694281],[108.041453,22.655793],[108.075477,22.695829],[108.104554,22.652585],[108.086058,22.621277],[108.006134,22.607557],[108.013441,22.53329],[107.986191,22.504558],[108.079283,22.461752],[108.15053,22.288791],[108.236238,22.282524],[108.280691,22.223341],[108.423184,22.267218],[108.496181,22.238264],[108.568569,22.372112],[108.558446,22.419876],[108.60366,22.414003],[108.633574,22.460035],[108.673917,22.431011],[108.688836,22.462583],[108.720881,22.450897],[108.710605,22.484569],[108.782689,22.52089],[108.842213,22.541593],[108.91856,22.512253],[108.977932,22.54259],[109.014621,22.510371],[109.096295,22.510648],[109.18581,22.546077],[109.182689,22.517458],[109.263602,22.494868],[109.321376,22.522551],[109.292223,22.543254],[109.351671,22.628082],[109.438902,22.613422],[109.611233,22.672439],[109.576371,22.759619],[109.50581,22.771887],[109.518065,22.814596],[109.452755,22.866127],[109.485182,22.878661],[109.384554,22.929451],[109.311785,23.016907],[109.349463,23.064005],[109.325715,23.095762],[109.254164,23.095487],[109.260101,23.210764],[109.217018,23.296826]]]]}},{"type":"Feature","properties":{"adcode":"450200","name":"柳州市"},"geometry":{"type":"MultiPolygon","coordinates":[[[[110.116199,24.460826],[110.171537,24.549441],[110.177627,24.63053],[110.066038,24.684888],[110.024173,24.659618],[109.989006,24.677318],[109.984135,24.709988],[109.937855,24.717719],[109.93953,24.779493],[109.905429,24.758053],[109.88914,24.809743],[109.674259,24.850318],[109.630034,24.833731],[109.619073,24.962674],[109.661699,25.096205],[109.639853,25.113354],[109.74855,25.300643],[109.781204,25.504575],[109.738807,25.572872],[109.815229,25.654528],[109.782955,25.684021],[109.804877,25.730299],[109.727617,25.796038],[109.73051,25.852789],[109.764763,25.876194],[109.68522,25.880346],[109.723203,26.003435],[109.649292,26.016793],[109.646019,26.041995],[109.540291,26.000042],[109.496447,26.02374],[109.408531,25.967287],[109.434335,25.932313],[109.349007,25.838874],[109.340101,25.731756],[109.296638,25.714155],[109.206971,25.740232],[109.206666,25.788106],[109.175382,25.804887],[109.144934,25.744389],[109.117989,25.809365],[109.077875,25.776774],[108.989654,25.778932],[108.979606,25.745306],[108.911405,25.724738],[108.900367,25.682347],[108.94817,25.676622],[109.003203,25.736345],[109.079092,25.720688],[109.04248,25.608924],[109.088531,25.549516],[109.025125,25.512472],[108.952432,25.556383],[108.81268,25.526372],[108.784059,25.62827],[108.688988,25.623191],[108.660977,25.584819],[108.687313,25.53524],[108.632889,25.518908],[108.595287,25.40766],[108.622232,25.38974],[108.655115,25.214951],[108.718141,25.17737],[108.674754,25.116501],[108.820824,25.114385],[108.845182,25.155402],[108.960272,25.124858],[109.052223,25.202425],[109.105049,25.103748],[109.066761,25.010423],[108.990643,24.957567],[108.994221,24.921103],[109.076657,24.917842],[109.118445,24.947569],[109.157875,24.909417],[109.131842,24.7913],[109.07757,24.830467],[109.038065,24.822309],[108.935838,24.730294],[108.970168,24.666208],[108.838027,24.538211],[108.937056,24.474899],[109.046666,24.460989],[108.999245,24.374386],[108.932565,24.37515],[108.916885,24.254998],[108.972147,24.129755],[109.105886,24.083913],[109.089368,24.063066],[109.136409,24.057593],[109.146914,24.022838],[109.278598,24.04725],[109.357912,23.92142],[109.42855,23.9086],[109.495229,23.970551],[109.501166,24.047688],[109.598141,24.083913],[109.615267,24.140858],[109.705467,24.153326],[109.803126,24.256146],[109.902689,24.300997],[109.931842,24.234889],[110.015648,24.26751],[110.079054,24.467426],[110.116199,24.460826]]]]}},{"type":"Feature","properties":{"adcode":"450300","name":"桂林市"},"geometry":{"type":"MultiPolygon","coordinates":[[[[111.097436,24.940885],[110.979149,24.91469],[110.956161,25.058805],[110.982802,25.126648],[111.112736,25.217066],[111.103297,25.285092],[111.300214,25.448308],[111.343145,25.602763],[111.307522,25.716315],[111.440195,25.769596],[111.433268,25.846263],[111.486246,25.859315],[111.346266,25.906332],[111.291917,25.854407],[111.222498,25.907303],[111.202935,25.976123],[111.265961,26.096044],[111.281261,26.271102],[111.053516,26.319512],[110.974582,26.385566],[110.925409,26.31876],[110.929977,26.255677],[110.916351,26.275992],[110.759092,26.24869],[110.741737,26.313925],[110.720957,26.294208],[110.622841,26.330094],[110.555248,26.286363],[110.517569,26.186806],[110.377132,26.09443],[110.335343,25.9925],[110.261737,25.96136],[110.201147,26.06617],[110.140481,26.020347],[110.064896,26.050018],[110.098692,26.169165],[109.966247,26.195518],[109.90718,26.144904],[109.870871,26.033326],[109.81462,26.040972],[109.782422,25.997187],[109.825048,25.922881],[109.81325,25.879806],[109.73051,25.852789],[109.72031,25.80602],[109.803279,25.737857],[109.782879,25.693419],[109.81424,25.660309],[109.74071,25.584819],[109.781204,25.504575],[109.762936,25.382485],[109.709501,25.211372],[109.637722,25.120625],[109.661699,25.096205],[109.649444,24.984134],[109.621813,24.98082],[109.619149,24.840312],[109.836847,24.832262],[109.876047,24.815944],[109.889444,24.767685],[109.93953,24.779493],[109.937855,24.717719],[109.989006,24.677318],[110.177627,24.63053],[110.116199,24.460826],[110.202669,24.449697],[110.198711,24.347908],[110.260367,24.360247],[110.288987,24.299905],[110.482403,24.31274],[110.467712,24.350365],[110.50638,24.345778],[110.538959,24.401514],[110.555324,24.366088],[110.621547,24.394146],[110.79129,24.31629],[110.832926,24.38836],[110.88324,24.259151],[110.934011,24.324373],[110.960424,24.298048],[111.014391,24.331963],[110.975038,24.36112],[111.044001,24.498952],[110.991175,24.556855],[110.989272,24.62116],[111.170053,24.776718],[111.164496,24.898437],[111.127503,24.890065],[111.097436,24.940885]]]]}},{"type":"Feature","properties":{"adcode":"450400","name":"梧州市"},"geometry":{"type":"MultiPolygon","coordinates":[[[[110.391899,24.04216],[110.396618,23.96502],[110.357189,23.891286],[110.493059,23.841358],[110.499606,23.804844],[110.550072,23.826063],[110.582194,23.783403],[110.544287,23.666868],[110.630757,23.483241],[110.564382,23.36754],[110.659225,23.294129],[110.602898,23.214289],[110.550148,23.208175],[110.547408,23.1263],[110.59148,23.098464],[110.659758,23.116268],[110.686932,23.063509],[110.739986,23.057113],[110.758254,23.021044],[110.729939,22.900525],[110.752241,22.852155],[110.80187,22.846301],[110.771956,22.76509],[110.791442,22.721757],[110.853935,22.703569],[110.883316,22.622163],[110.941318,22.608111],[111.055571,22.648492],[111.089139,22.689028],[111.063944,22.719878],[111.202098,22.740496],[111.358749,22.889207],[111.363925,22.968799],[111.433953,23.036212],[111.379529,23.081318],[111.366056,23.144707],[111.398711,23.15986],[111.351213,23.265998],[111.399776,23.469389],[111.42893,23.466585],[111.480233,23.532593],[111.487084,23.626627],[111.607426,23.637389],[111.665276,23.699963],[111.62166,23.725972],[111.649291,23.945194],[111.538463,24.026725],[111.58421,24.088673],[111.575228,24.143373],[111.512736,24.167379],[111.46813,24.084296],[111.403735,24.081178],[111.412564,23.950397],[111.365143,23.882518],[111.24617,23.883012],[111.207655,23.941633],[111.161223,23.944153],[111.081299,23.828311],[111.017817,23.814878],[111.014315,23.759161],[110.988968,23.76887],[110.957379,23.721089],[110.953801,23.651773],[110.89207,23.703914],[110.888797,23.802925],[110.840233,23.837027],[110.872736,23.873202],[110.734962,23.951164],[110.749577,24.011945],[110.67696,24.059016],[110.720119,24.167707],[110.626646,24.230845],[110.619263,24.319075],[110.58638,24.32055],[110.551899,24.404952],[110.484154,24.321533],[110.316923,24.296409],[110.326666,24.26609],[110.374924,24.264341],[110.358331,24.218985],[110.456218,24.184],[110.420291,24.15699],[110.458426,24.124833],[110.401185,24.100873],[110.386799,24.126309],[110.343412,24.060384],[110.391899,24.04216]]]]}},{"type":"Feature","properties":{"adcode":"450500","name":"北海市"},"geometry":{"type":"MultiPolygon","coordinates":[[[[109.607655,21.908869],[109.540291,21.902085],[109.523697,21.873112],[109.426647,21.918321],[109.389806,21.889907],[109.281414,21.90809],[109.231557,21.852198],[109.133136,21.847693],[109.113878,21.871276],[108.998864,21.837958],[108.944744,21.760444],[108.866799,21.742966],[108.85835,21.660555],[108.938122,21.589688],[109.142727,21.564386],[109.142118,21.512041],[109.074373,21.489514],[109.040044,21.433348],[109.138845,21.388991],[109.317113,21.435021],[109.529863,21.436974],[109.612299,21.556918],[109.682099,21.472616],[109.785619,21.456944],[109.74383,21.601056],[109.766209,21.666904],[109.689026,21.686174],[109.697018,21.902363],[109.607655,21.908869]]],[[[109.088531,21.014746],[109.128112,21.014523],[109.138997,21.067325],[109.092413,21.057426],[109.088531,21.014746]]],[[[109.206971,20.90679],[109.22227,20.909085],[109.206818,20.916643],[109.206971,20.90679]]]]}},{"type":"Feature","properties":{"adcode":"450600","name":"防城港市"},"geometry":{"type":"MultiPolygon","coordinates":[[[[108.095877,22.371668],[108.006743,22.335419],[107.911595,22.210192],[107.632547,22.189439],[107.678598,22.081909],[107.542956,21.888072],[107.567542,21.784098],[107.557266,21.724539],[107.481529,21.655542],[107.497894,21.602895],[107.692604,21.609024],[107.809902,21.655096],[107.881909,21.637104],[107.956124,21.536014],[108.030644,21.545992],[108.133631,21.505016],[108.196429,21.523415],[108.156162,21.550842],[108.235477,21.602783],[108.252071,21.577205],[108.21051,21.50574],[108.229997,21.491019],[108.321567,21.537686],[108.479283,21.54694],[108.533631,21.600499],[108.585239,21.708002],[108.50699,21.725708],[108.528075,21.771965],[108.457285,21.906811],[108.290739,21.91037],[108.205563,21.979577],[108.193079,22.163522],[108.276581,22.210414],[108.218883,22.291952],[108.163698,22.2899],[108.095877,22.371668]]]]}},{"type":"Feature","properties":{"adcode":"450700","name":"钦州市"},"geometry":{"type":"MultiPolygon","coordinates":[[[[109.607655,21.908869],[109.550034,22.121278],[109.593269,22.2899],[109.641909,22.318178],[109.674183,22.297164],[109.674411,22.339854],[109.733555,22.38048],[109.76522,22.335807],[109.8405,22.317291],[109.858845,22.37117],[109.813707,22.432119],[109.870947,22.515797],[109.844915,22.563345],[109.777322,22.586975],[109.762784,22.557146],[109.717874,22.560744],[109.662232,22.662374],[109.584135,22.681287],[109.438902,22.613422],[109.351671,22.628082],[109.289787,22.559582],[109.321376,22.522551],[109.265581,22.484569],[109.167237,22.543475],[109.145087,22.511257],[109.014621,22.510371],[108.977932,22.54259],[108.963013,22.518454],[108.782765,22.527146],[108.71365,22.488611],[108.720881,22.450897],[108.673917,22.431011],[108.633574,22.460035],[108.60366,22.414003],[108.558446,22.419876],[108.568569,22.372112],[108.501814,22.25019],[108.423184,22.267218],[108.335648,22.24309],[108.185011,22.141375],[108.215687,21.972075],[108.290739,21.91037],[108.457285,21.906811],[108.513993,21.808137],[108.50699,21.725708],[108.585239,21.708002],[108.659226,21.643956],[108.678103,21.659162],[108.694392,21.592642],[108.705125,21.642451],[108.753764,21.601335],[108.881414,21.627243],[108.859873,21.737287],[108.938655,21.763338],[108.975648,21.831505],[109.061205,21.837068],[109.09462,21.871666],[109.231557,21.852198],[109.290548,21.914929],[109.389806,21.889907],[109.442403,21.914762],[109.523697,21.873112],[109.540291,21.902085],[109.607655,21.908869]]],[[[108.842746,21.607185],[108.841909,21.588685],[108.859416,21.581886],[108.842746,21.607185]]]]}},{"type":"Feature","properties":{"adcode":"450800","name":"贵港市"},"geometry":{"type":"MultiPolygon","coordinates":[[[[109.662232,22.662374],[109.720615,22.692843],[109.731271,22.73226],[109.78326,22.73928],[109.766894,22.857567],[109.800386,22.844534],[109.818502,22.885398],[109.865315,22.871759],[109.803811,22.976303],[109.952089,23.022699],[110.015191,22.96284],[110.084458,22.959584],[110.120462,22.887164],[110.21051,22.905383],[110.263716,22.867342],[110.260291,22.938944],[110.328188,23.047848],[110.492527,23.065935],[110.547408,23.1263],[110.54383,23.191264],[110.652222,23.256528],[110.650624,23.315045],[110.59049,23.323135],[110.567731,23.359562],[110.630757,23.483241],[110.544287,23.666868],[110.571004,23.677791],[110.548245,23.717358],[110.582194,23.783403],[110.558064,23.826227],[110.511023,23.799964],[110.475705,23.853636],[110.357189,23.891286],[110.396618,23.96502],[110.391899,24.04216],[110.315552,24.023769],[110.286323,23.851937],[110.219263,23.9086],[110.199701,23.869476],[110.1503,23.880929],[109.997227,23.776767],[109.922936,23.665002],[109.868131,23.45526],[109.797265,23.485935],[109.699073,23.41105],[109.646476,23.420619],[109.553916,23.308055],[109.483583,23.36809],[109.380443,23.377827],[109.352736,23.416714],[109.210853,23.33227],[109.253403,23.229215],[109.250206,23.104086],[109.349463,23.064005],[109.311785,23.016907],[109.482137,22.891526],[109.452755,22.866127],[109.480995,22.823545],[109.535039,22.815203],[109.507256,22.790011],[109.576371,22.759619],[109.613973,22.662872],[109.662232,22.662374]]]]}},{"type":"Feature","properties":{"adcode":"450900","name":"玉林市"},"geometry":{"type":"MultiPolygon","coordinates":[[[[109.662232,22.662374],[109.717874,22.560744],[109.762784,22.557146],[109.762784,22.584042],[109.857627,22.556039],[109.868436,22.507215],[109.810738,22.440816],[109.857398,22.384969],[109.815077,22.309584],[109.733555,22.38048],[109.674411,22.339854],[109.679815,22.300158],[109.608036,22.302764],[109.550263,22.098791],[109.594487,22.011363],[109.601947,21.968462],[109.574316,21.970574],[109.594792,21.918766],[109.697018,21.902363],[109.696485,21.667684],[109.777855,21.670525],[109.807237,21.628914],[109.915781,21.668798],[109.935572,21.798677],[109.986266,21.879118],[110.054316,21.856815],[110.119853,21.901696],[110.258159,21.880453],[110.290357,21.917987],[110.39167,21.893688],[110.39129,21.95012],[110.353002,21.97641],[110.364572,22.125275],[110.32659,22.15231],[110.334734,22.180283],[110.38109,22.164188],[110.418236,22.209082],[110.490091,22.155141],[110.560348,22.196431],[110.653136,22.159359],[110.646894,22.223008],[110.695457,22.27232],[110.784515,22.280805],[110.683507,22.473383],[110.74775,22.476096],[110.760233,22.580777],[110.887274,22.583544],[110.895876,22.613532],[110.853935,22.703569],[110.791442,22.721757],[110.771956,22.76509],[110.80187,22.846301],[110.728416,22.887164],[110.76678,22.963005],[110.739986,23.057113],[110.686932,23.063509],[110.66775,23.11004],[110.547408,23.1263],[110.498997,23.070677],[110.328188,23.047848],[110.260291,22.938944],[110.269653,22.870986],[110.232203,22.868833],[110.21051,22.905383],[110.120462,22.887164],[110.084458,22.959584],[110.06208,22.942366],[109.952089,23.022699],[109.887008,23.023526],[109.803811,22.976303],[109.861509,22.904003],[109.755248,22.838127],[109.78326,22.73928],[109.731271,22.73226],[109.662232,22.662374]]]]}},{"type":"Feature","properties":{"adcode":"451000","name":"百色市"},"geometry":{"type":"MultiPolygon","coordinates":[[[[106.571158,25.083504],[106.353689,24.990218],[106.153042,24.96099],[106.198485,24.817032],[106.172833,24.760229],[106.047086,24.684071],[106.023185,24.632383],[105.941967,24.724796],[105.805488,24.701549],[105.607657,24.803704],[105.497515,24.809308],[105.443166,24.921864],[105.265507,24.930179],[105.196011,24.994672],[105.038828,24.872994],[105.033347,24.787818],[104.875707,24.739874],[104.841911,24.676175],[104.76427,24.657058],[104.743338,24.622249],[104.529446,24.731383],[104.465583,24.640391],[104.505545,24.626662],[104.576411,24.423561],[104.616297,24.421761],[104.610969,24.377116],[104.695155,24.322789],[104.721111,24.33999],[104.703757,24.421379],[104.754375,24.456952],[104.929903,24.410846],[105.042862,24.44184],[105.109008,24.41232],[105.102919,24.382247],[105.196772,24.326994],[105.160236,24.278928],[105.243052,24.206741],[105.229579,24.165739],[105.182843,24.167051],[105.181853,24.132873],[105.251882,24.069578],[105.28446,24.06509],[105.273119,24.092831],[105.320236,24.116354],[105.413024,24.038985],[105.493024,24.017255],[105.531083,24.114057],[105.594641,24.137522],[105.628437,24.126583],[105.649446,24.033074],[105.765374,24.073736],[105.789427,24.039478],[105.892262,24.040299],[105.919436,24.122207],[105.998294,24.124231],[106.049979,24.089822],[106.096563,24.017912],[106.081644,23.993221],[106.192471,23.878902],[106.191482,23.835547],[106.136905,23.795413],[106.157305,23.724161],[106.107295,23.533692],[105.999817,23.447948],[105.935802,23.508909],[105.826116,23.515558],[105.811577,23.473897],[105.699836,23.401425],[105.648456,23.404395],[105.700597,23.328418],[105.667029,23.346797],[105.593271,23.312568],[105.531844,23.248158],[105.575079,23.066211],[105.733556,23.051488],[105.839132,22.987614],[105.878942,22.916921],[106.085982,22.996441],[106.206858,22.9784],[106.287162,22.866955],[106.353994,22.855524],[106.489864,22.901353],[106.511253,22.938558],[106.596962,22.929892],[106.656867,22.863255],[106.667295,22.907426],[106.797761,23.023747],[106.776753,23.175067],[106.899683,23.223487],[106.944669,23.291762],[107.116391,23.283615],[107.303413,23.351474],[107.398256,23.238466],[107.462043,23.246561],[107.561681,23.204485],[107.584897,23.291047],[107.702423,23.280037],[107.748018,23.333866],[107.818503,23.34091],[107.88366,23.438875],[107.749236,23.442669],[107.706229,23.588791],[107.710644,23.628],[107.808379,23.663136],[107.83053,23.710499],[107.803356,23.764098],[107.753422,23.757296],[107.746343,23.797442],[107.606438,23.7845],[107.518979,23.891779],[107.432128,23.835328],[107.37405,23.921091],[107.305316,23.923776],[107.280882,23.998696],[107.200273,23.972961],[107.149122,23.991249],[107.123622,24.050041],[107.017666,24.024371],[106.943908,24.085445],[106.964384,24.101038],[106.890625,24.115425],[106.859797,24.181431],[106.918865,24.227456],[106.885221,24.316126],[106.90387,24.378753],[106.809103,24.453952],[106.811463,24.496334],[106.771957,24.523054],[106.773632,24.602471],[106.68602,24.599638],[106.718751,24.646165],[106.81466,24.675684],[106.662728,24.785587],[106.719208,24.81725],[106.782538,24.788253],[106.836962,24.859617],[106.827676,24.897241],[106.733366,24.988642],[106.755516,25.084264],[106.721187,25.099298],[106.603584,25.048164],[106.571158,25.083504]]],[[[105.096221,24.928114],[105.077952,24.918331],[105.081987,24.915614],[105.096221,24.928114]]]]}},{"type":"Feature","properties":{"adcode":"451100","name":"贺州市"},"geometry":{"type":"MultiPolygon","coordinates":[[[[111.654848,23.833299],[111.791632,23.809176],[111.822916,23.91123],[111.911974,23.943934],[111.940366,23.987745],[111.871175,24.176565],[111.877873,24.228932],[111.915932,24.222647],[112.059643,24.341082],[111.987559,24.482263],[112.00735,24.534558],[111.927426,24.629386],[111.961299,24.721203],[112.024096,24.740146],[111.708435,24.788852],[111.642364,24.730022],[111.636656,24.681402],[111.597683,24.693872],[111.570661,24.644694],[111.451841,24.665773],[111.479472,24.797557],[111.449405,24.857062],[111.470186,24.928929],[111.431061,24.972562],[111.468359,25.019438],[111.416599,25.047675],[111.435476,25.093383],[111.399776,25.124586],[111.321756,25.104942],[111.263221,25.143847],[111.101851,25.035187],[111.09774,24.931973],[111.127503,24.890065],[111.151936,24.900448],[111.170053,24.776718],[110.989272,24.62116],[110.991175,24.556855],[111.044001,24.498952],[110.981432,24.371002],[111.02619,24.332073],[110.977322,24.294825],[110.943221,24.336004],[110.88324,24.259151],[110.843735,24.386341],[110.771194,24.319403],[110.598178,24.396438],[110.573212,24.327158],[110.601984,24.324536],[110.626646,24.230845],[110.712584,24.181157],[110.67696,24.059016],[110.74539,24.022017],[110.71776,23.955545],[110.779796,23.948699],[110.872736,23.873202],[110.840233,23.837027],[110.880728,23.820197],[110.922821,23.663959],[110.953801,23.651773],[110.979301,23.763001],[111.025733,23.778084],[111.01325,23.811314],[111.081299,23.828311],[111.151404,23.937854],[111.207655,23.941633],[111.233535,23.888437],[111.348777,23.872325],[111.412564,23.950397],[111.39658,24.075378],[111.486399,24.096552],[111.512736,24.167379],[111.575228,24.143373],[111.548511,24.006251],[111.638254,23.961351],[111.654848,23.833299]]]]}},{"type":"Feature","properties":{"adcode":"451200","name":"河池市"},"geometry":{"type":"MultiPolygon","coordinates":[[[[106.571158,25.083504],[106.603584,25.048164],[106.743718,25.098267],[106.759246,25.04648],[106.726515,25.022588],[106.733366,24.988642],[106.850892,24.860379],[106.793423,24.828999],[106.791444,24.796686],[106.719208,24.81725],[106.662728,24.785587],[106.81466,24.675684],[106.68602,24.599638],[106.773632,24.602471],[106.771957,24.523054],[106.811463,24.496334],[106.809103,24.453952],[106.90387,24.378753],[106.885221,24.316126],[106.918865,24.227456],[106.86132,24.192146],[106.893974,24.122535],[106.964384,24.101038],[106.94307,24.093269],[107.017666,24.024371],[107.060444,24.06022],[107.123622,24.050041],[107.149122,23.991249],[107.237266,23.966718],[107.275021,24.003842],[107.305316,23.923776],[107.388665,23.900985],[107.432128,23.835328],[107.518979,23.891779],[107.606438,23.7845],[107.746343,23.797442],[107.753422,23.757296],[107.803356,23.764098],[107.82307,23.670381],[107.710644,23.628],[107.716277,23.554075],[107.793993,23.56671],[107.818046,23.606804],[107.87445,23.601093],[107.942195,23.657043],[107.98307,23.626792],[108.038712,23.707755],[108.01679,23.760039],[108.136219,23.853033],[108.180368,23.823267],[108.203051,23.871613],[108.232585,23.806873],[108.277114,23.798429],[108.368379,23.954833],[108.357723,23.980791],[108.410092,24.030939],[108.562099,24.008331],[108.59719,24.146655],[108.664097,24.143537],[108.701471,24.231501],[108.670948,24.288106],[108.740139,24.311866],[108.753917,24.37788],[108.835896,24.351238],[108.862156,24.267237],[108.916885,24.254998],[108.920539,24.36183],[108.999245,24.374386],[109.000843,24.420505],[109.046666,24.460989],[109.032965,24.48439],[108.937056,24.474899],[108.838027,24.538211],[108.846248,24.563396],[108.908817,24.586613],[108.899911,24.614023],[108.970168,24.666208],[108.931652,24.715705],[109.027256,24.813932],[109.15011,24.807893],[109.157875,24.909417],[109.118445,24.947569],[109.032204,24.912787],[108.986457,24.941157],[109.09835,25.072648],[109.061966,25.198955],[108.985924,25.170211],[108.960272,25.124858],[108.845182,25.155402],[108.802099,25.112811],[108.679016,25.106353],[108.718141,25.17737],[108.665696,25.203727],[108.645144,25.293599],[108.500368,25.447821],[108.438027,25.447333],[108.35247,25.533077],[108.240729,25.46189],[108.252375,25.438458],[108.192623,25.459076],[108.157609,25.438999],[108.193308,25.405494],[108.153803,25.394721],[108.115896,25.210993],[107.769026,25.117532],[107.789502,25.154751],[107.762176,25.228939],[107.700672,25.194129],[107.659721,25.316301],[107.606134,25.255338],[107.472242,25.213758],[107.481529,25.30021],[107.449103,25.28753],[107.428703,25.313484],[107.420863,25.393097],[107.314831,25.402625],[107.322214,25.493432],[107.237647,25.551625],[107.228589,25.604871],[107.064555,25.559518],[107.074602,25.521288],[106.963698,25.437322],[107.010968,25.354976],[107.013708,25.275337],[106.97603,25.232951],[106.933251,25.25046],[106.900216,25.194508],[106.644993,25.164841],[106.571158,25.083504]]]]}},{"type":"Feature","properties":{"adcode":"451300","name":"来宾市"},"geometry":{"type":"MultiPolygon","coordinates":[[[[108.916885,24.254998],[108.871823,24.271335],[108.835896,24.351238],[108.753917,24.37788],[108.740139,24.311866],[108.686552,24.295207],[108.664097,24.143537],[108.584859,24.095731],[108.597342,24.046867],[108.555553,24.041722],[108.537742,24.003678],[108.487808,24.028859],[108.498769,23.990428],[108.433688,23.962829],[108.422803,23.924433],[108.476162,23.89419],[108.418617,23.800787],[108.487123,23.760862],[108.501357,23.662751],[108.673079,23.785048],[108.773022,23.778193],[108.822347,23.49396],[108.919169,23.417979],[108.930662,23.367375],[109.033193,23.354611],[109.197989,23.266548],[109.232622,23.345312],[109.323355,23.416384],[109.423755,23.36798],[109.482974,23.383878],[109.539682,23.306404],[109.646476,23.420619],[109.714601,23.41061],[109.740557,23.46752],[109.837912,23.477909],[109.85169,23.449542],[109.894011,23.475656],[109.928493,23.684981],[109.987408,23.768705],[110.1503,23.880929],[110.199701,23.869476],[110.210814,23.910244],[110.263031,23.89556],[110.286323,23.851937],[110.314943,23.908819],[110.309159,24.01616],[110.391899,24.04216],[110.354905,24.077129],[110.386799,24.126309],[110.447922,24.116354],[110.45462,24.138451],[110.407731,24.143756],[110.43795,24.196738],[110.365638,24.227292],[110.351937,24.278601],[110.268359,24.303728],[110.267065,24.356971],[110.209672,24.350856],[110.202669,24.449697],[110.06893,24.457334],[110.015648,24.26751],[109.941433,24.23702],[109.907712,24.245272],[109.927046,24.293732],[109.849634,24.274995],[109.74581,24.214284],[109.705467,24.153326],[109.615267,24.140858],[109.581928,24.070836],[109.501166,24.047688],[109.495229,23.970551],[109.442556,23.920325],[109.363697,23.907121],[109.278598,24.04725],[109.232242,24.058633],[109.183983,24.016488],[109.036466,24.12177],[108.978008,24.126255],[108.916885,24.254998]]]]}},{"type":"Feature","properties":{"adcode":"451400","name":"崇左市"},"geometry":{"type":"MultiPolygon","coordinates":[[[[106.67072,22.889097],[106.716772,22.881422],[106.768456,22.810342],[106.840996,22.799569],[106.768304,22.738617],[106.711976,22.575133],[106.614469,22.60208],[106.587904,22.47305],[106.562252,22.462417],[106.574355,22.338191],[106.652528,22.336472],[106.693784,22.275703],[106.705506,22.216683],[106.673385,22.182613],[106.715554,22.089906],[106.691044,21.976132],[106.786039,22.007807],[106.802709,21.981578],[106.920387,21.970074],[106.958751,21.922101],[107.020711,21.944172],[107.061662,21.893522],[107.009826,21.835844],[107.199436,21.718748],[107.24739,21.702991],[107.302271,21.739236],[107.36347,21.655263],[107.364764,21.598549],[107.506115,21.664231],[107.541586,21.719138],[107.567542,21.784098],[107.558408,21.931664],[107.678598,22.081909],[107.628284,22.18167],[107.898275,22.204421],[107.994259,22.327935],[108.115744,22.388571],[108.087732,22.458374],[107.997685,22.491601],[108.006134,22.607557],[108.103336,22.643182],[108.085829,22.701966],[108.048531,22.656401],[108.026686,22.666798],[108.002785,22.705062],[108.019683,22.77045],[107.973327,22.79316],[107.970815,22.834702],[107.793536,22.881091],[107.743907,22.943966],[107.637799,22.947664],[107.692985,22.890753],[107.673574,22.855137],[107.613974,22.904169],[107.570587,22.888048],[107.574317,22.860439],[107.496905,22.851658],[107.478256,23.031634],[107.337666,23.047462],[107.376943,23.083579],[107.333175,23.12911],[107.382728,23.268475],[107.314374,23.34047],[107.198751,23.333481],[107.041187,23.273375],[107.042024,23.304973],[106.962937,23.298918],[106.899683,23.223487],[106.779493,23.180577],[106.761834,23.087107],[106.80956,23.066211],[106.797761,23.023747],[106.67072,22.889097]]]]}},{"type":"Feature","properties":{"adcode":"460100","name":"海口市"},"geometry":{"type":"MultiPolygon","coordinates":[[[[110.106525,20.026851],[110.161895,19.977693],[110.143932,19.889106],[110.186246,19.864193],[110.228283,19.753767],[110.222357,19.67974],[110.340041,19.720625],[110.393373,19.698053],[110.372633,19.654004],[110.455687,19.574559],[110.486705,19.593357],[110.540223,19.535532],[110.641333,19.549122],[110.672814,19.647214],[110.623463,19.664109],[110.623,19.735461],[110.670314,19.812776],[110.704665,19.805992],[110.699573,19.861512],[110.526612,20.075206],[110.318467,20.109061],[110.293282,20.059614],[110.144395,20.074418],[110.106525,20.026851]]]]}},{"type":"Feature","properties":{"adcode":"460200","name":"三亚市"},"geometry":{"type":"MultiPolygon","coordinates":[[[[108.932374,18.335288],[108.956448,18.307433],[109.108298,18.323828],[109.138668,18.267791],[109.28811,18.264925],[109.561718,18.143554],[109.749863,18.19326],[109.805418,18.347543],[109.785048,18.426622],[109.809955,18.459388],[109.781159,18.51107],[109.725234,18.493102],[109.710882,18.426462],[109.665883,18.391462],[109.539866,18.396713],[109.515607,18.429008],[109.535237,18.53142],[109.423386,18.574657],[109.405146,18.623443],[109.332832,18.575451],[109.313295,18.517429],[109.203574,18.553517],[109.195148,18.469407],[109.072557,18.452231],[108.932374,18.335288]]]]}},{"type":"Feature","properties":{"adcode":"460300","name":"三沙市"},"geometry":{"type":"MultiPolygon","coordinates":[[[[113.26602,8.126149],[113.342871,8.193701],[113.290001,8.121834],[113.349815,8.172457],[113.386296,8.289282],[113.354074,8.304049],[113.349352,8.231206],[113.26602,8.126149]]],[[[111.463081,17.077615],[111.523451,17.103899],[111.493729,17.058701],[111.559098,17.087712],[111.541969,17.120084],[111.463081,17.077615]]],[[[117.708276,15.182553],[117.726887,15.105513],[117.827533,15.111664],[117.72522,15.13125],[117.748553,15.229799],[117.71522,15.22268],[117.708276,15.182553]]],[[[111.734466,16.197411],[111.822058,16.238466],[111.782521,16.273718],[111.68493,16.256978],[111.784929,16.253115],[111.793725,16.225748],[111.734466,16.197411]]],[[[113.896938,7.607108],[113.987214,7.536302],[114.058972,7.537798],[114.368413,7.638684],[114.420079,7.765795],[114.540448,7.861976],[114.540725,7.945514],[114.414616,7.95282],[114.268229,7.870779],[114.211748,7.78706],[113.896938,7.607108]]],[[[111.649468,16.255691],[111.577802,16.20836],[111.568265,16.16279],[111.611042,16.156348],[111.690763,16.210936],[111.606598,16.177766],[111.681134,16.262129],[111.649468,16.255691]]],[[[113.977029,8.872712],[114.035269,8.783904],[114.060084,8.816381],[113.977029,8.872712]]],[[[113.955826,8.840406],[113.975177,8.792852],[114.011843,8.798652],[113.955826,8.840406]]],[[[111.974371,16.323768],[112.056592,16.312987],[112.074925,16.349674],[111.974371,16.323768]]],[[[111.739003,16.458888],[111.786688,16.520144],[111.744466,16.551809],[111.765762,16.495387],[111.739003,16.458888]]],[[[114.194248,8.764516],[114.210267,8.712313],[114.24934,8.730543],[114.222026,8.784733],[114.194248,8.764516]]],[[[112.232701,16.996336],[112.222515,16.960575],[112.293255,16.967792],[112.232701,16.996336]]],[[[115.837467,9.709661],[115.867282,9.650159],[115.900985,9.670986],[115.925614,9.781546],[115.8708,9.778737],[115.837467,9.709661]]],[[[114.617391,9.965401],[114.64202,9.917341],[114.685816,9.979107],[114.617391,9.965401]]],[[[114.689705,10.345663],[114.725908,10.319106],[114.74526,10.374362],[114.689705,10.345663]]],[[[109.464034,7.344605],[109.467367,7.309847],[109.513292,7.320325],[109.709401,7.510869],[109.94875,7.523004],[109.816436,7.572704],[109.653013,7.559573],[109.464034,7.344605]]],[[[113.769439,7.636856],[113.773699,7.601789],[113.833975,7.616248],[113.831568,7.644666],[113.769439,7.636856]]],[[[116.27348,8.87967],[116.294128,8.858133],[116.33209,8.901039],[116.30598,8.917273],[116.27348,8.87967]]],[[[112.476586,16.001357],[112.612233,16.039391],[112.588066,16.070812],[112.462235,16.044064],[112.448531,16.005226],[112.476586,16.001357]]],[[[112.537511,8.84637],[112.570752,8.815387],[112.639825,8.818535],[112.598251,8.858961],[112.537511,8.84637]]],[[[115.180069,8.376712],[115.262753,8.343368],[115.267382,8.366759],[115.180069,8.376712]]],[[[114.469337,10.835987],[114.475171,10.814413],[114.513226,10.848668],[114.565169,10.836482],[114.59341,10.856572],[114.587299,10.909097],[114.469337,10.835987]]],[[[112.409365,16.295285],[112.383532,16.265831],[112.538808,16.289008],[112.529085,16.318297],[112.409365,16.295285]]],[[[112.348903,16.911813],[112.333995,16.962499],[112.303811,16.960254],[112.348903,16.911813]]],[[[111.499933,16.451974],[111.546043,16.434606],[111.550673,16.453421],[111.499933,16.451974]]],[[[115.500064,9.898181],[115.54849,9.868943],[115.581267,9.917176],[115.517842,9.933692],[115.500064,9.898181]]],[[[116.488662,10.395968],[116.466996,10.308878],[116.644771,10.334941],[116.63792,10.364961],[116.514958,10.349292],[116.542365,10.420045],[116.488662,10.395968]]],[[[113.894715,8.00496],[113.905086,7.963614],[113.97064,7.944683],[113.939993,8.018242],[113.894715,8.00496]]],[[[114.507855,8.120174],[114.595725,8.120672],[114.62452,8.149387],[114.507855,8.120174]]],[[[114.669983,8.210296],[114.691186,8.185071],[114.741556,8.189386],[114.669983,8.210296]]],[[[115.43201,9.364898],[115.470065,9.359108],[115.456176,9.417007],[115.43201,9.364898]]],[[[113.638145,8.976735],[113.654533,8.961994],[113.730736,9.003895],[113.719255,9.019958],[113.638145,8.976735]]],[[[116.457274,9.174594],[116.481903,9.136852],[116.490514,9.183863],[116.457274,9.174594]]],[[[112.583622,4.97024],[112.630843,4.947355],[112.641399,4.98661],[112.583622,4.97024]]],[[[113.939252,8.875031],[113.91203,8.889112],[113.893604,8.862606],[113.932122,8.841565],[113.939252,8.875031]]],[[[112.010944,3.849849],[112.055295,3.840146],[112.036962,3.878957],[112.010944,3.849849]]],[[[109.936342,7.848356],[109.948009,7.815633],[109.988286,7.812643],[110.05023,7.846529],[110.077914,7.949499],[109.952824,7.88855],[109.936342,7.848356]]],[[[114.697205,11.00441],[114.799518,11.104956],[114.766556,11.110221],[114.697205,11.00441]]],[[[114.910628,10.862994],[114.930905,10.841751],[114.960164,10.902018],[114.910628,10.862994]]],[[[111.572987,16.469983],[111.61419,16.440395],[111.592431,16.490724],[111.572987,16.469983]]],[[[114.619798,11.432026],[114.652576,11.43712],[114.661835,11.522565],[114.619798,11.515829],[114.619798,11.432026]]],[[[112.507512,16.465963],[112.586677,16.525609],[112.499641,16.493618],[112.507512,16.465963]]],[[[114.79174,8.161005],[114.777111,8.114032],[114.811925,8.11038],[114.79174,8.161005]]],[[[116.7269,11.5017],[116.765048,11.430218],[116.738196,11.514844],[116.7269,11.5017]]],[[[111.690486,16.587647],[111.727707,16.559524],[111.716967,16.594236],[111.690486,16.587647]]],[[[113.846012,10.018737],[113.865364,10.003216],[113.872493,10.122908],[113.846012,10.018737]]],[[[111.761688,16.061789],[111.776688,16.029722],[111.829558,16.070973],[111.761688,16.061789]]],[[[112.613621,5.038222],[112.656862,4.997801],[112.662695,5.025361],[112.613621,5.038222]]],[[[115.97728,9.322213],[115.926355,9.311293],[115.942929,9.269759],[115.999317,9.293753],[115.97728,9.322213]]],[[[113.660274,9.231034],[113.677033,9.202732],[113.697218,9.225738],[113.660274,9.231034]]],[[[114.703223,16.170359],[114.816185,16.198538],[114.704612,16.199343],[114.703223,16.170359]]],[[[115.28266,10.191731],[115.290808,10.171267],[115.3334,10.200312],[115.28266,10.191731]]],[[[114.665816,7.589989],[114.687946,7.564559],[114.724241,7.606942],[114.665816,7.589989]]],[[[115.257845,8.509728],[115.268493,8.477888],[115.296086,8.511054],[115.257845,8.509728]]],[[[110.459761,8.116356],[110.471243,8.072199],[110.554297,8.093614],[110.599759,8.156856],[110.568186,8.172623],[110.459761,8.116356]]],[[[113.222039,8.074026],[113.28352,8.110878],[113.26102,8.116522],[113.222039,8.074026]]],[[[114.242489,10.241895],[114.326284,10.284627],[114.312488,10.300795],[114.242489,10.241895]]],[[[114.493041,10.717228],[114.562762,10.778179],[114.539244,10.793497],[114.493041,10.717228]]],[[[114.688779,11.469165],[114.73063,11.428903],[114.720538,11.491841],[114.688779,11.469165]]],[[[116.63829,10.504136],[116.708474,10.49276],[116.699215,10.517489],[116.63829,10.504136]]],[[[117.770867,10.773566],[117.798737,10.753306],[117.832811,10.836482],[117.801608,10.839446],[117.770867,10.773566]]],[[[112.46279,5.029871],[112.506493,5.005151],[112.499086,5.034381],[112.46279,5.029871]]],[[[112.22196,3.88063],[112.266589,3.872601],[112.243256,3.906727],[112.22196,3.88063]]],[[[112.248811,3.945201],[112.284922,3.94771],[112.259182,3.973637],[112.248811,3.945201]]],[[[115.509509,8.490657],[115.554323,8.461138],[115.55886,8.522994],[115.514138,8.519345],[115.509509,8.490657]]],[[[110.460595,7.799852],[110.511612,7.805832],[110.485039,7.827759],[110.460595,7.799852]]],[[[110.609018,8.010937],[110.642629,7.98902],[110.641796,8.031027],[110.609018,8.010937]]],[[[111.539099,7.544281],[111.583543,7.543284],[111.612338,7.592316],[111.56345,7.60262],[111.539099,7.544281]]],[[[111.925482,8.070871],[111.965204,8.047463],[112.018722,8.065559],[112.013166,8.093282],[111.954556,8.10623],[111.925482,8.070871]]],[[[112.346032,8.926052],[112.392698,8.919592],[112.385013,8.947088],[112.346032,8.926052]]],[[[117.257911,10.32059],[117.2993,10.313992],[117.27467,10.358199],[117.257911,10.32059]]],[[[114.213044,16.04068],[114.307765,16.034073],[114.306469,16.0576],[114.213044,16.04068]]],[[[114.066565,10.917823],[114.109898,10.918317],[114.101194,10.946798],[114.066565,10.917823]]],[[[111.658171,8.6727],[111.665764,8.622804],[111.717893,8.649825],[111.658171,8.6727]]],[[[116.080797,10.804861],[116.11163,10.791026],[116.097464,10.829894],[116.080797,10.804861]]],[[[114.854147,7.244317],[114.819888,7.192917],[114.86961,7.198739],[114.854147,7.244317]]],[[[113.599719,6.962128],[113.576479,6.922682],[113.608145,6.920185],[113.599719,6.962128]]],[[[112.527511,5.794379],[112.562974,5.75918],[112.561863,5.820735],[112.527511,5.794379]]],[[[114.868314,7.983706],[114.883684,7.954813],[114.920072,7.972747],[114.914239,8.007616],[114.868314,7.983706]]],[[[111.670486,7.651314],[111.70743,7.648821],[111.749651,7.703989],[111.726504,7.730241],[111.670486,7.651314]]],[[[114.59878,8.846039],[114.682205,8.881161],[114.617206,8.881161],[114.59878,8.846039]]],[[[116.04552,10.095506],[116.070242,10.063975],[116.096075,10.093526],[116.070427,10.129015],[116.04552,10.095506]]],[[[117.2668,10.691691],[117.404761,10.670766],[117.418557,10.702565],[117.369299,10.742433],[117.293003,10.73535],[117.2668,10.691691]]],[[[112.52316,5.656072],[112.545011,5.616359],[112.565844,5.630543],[112.561585,5.677096],[112.528623,5.687106],[112.52316,5.656072]]],[[[112.583159,5.561624],[112.614362,5.465492],[112.639362,5.480013],[112.616214,5.5688],[112.583159,5.561624]]],[[[112.651028,5.106866],[112.652973,5.060269],[112.718898,5.075802],[112.678528,5.121228],[112.651028,5.106866]]],[[[111.63882,7.907152],[111.70743,7.886225],[111.713633,7.927413],[111.651782,7.932561],[111.63882,7.907152]]],[[[112.892044,7.844203],[112.929636,7.827759],[112.93195,7.867457],[112.892044,7.844203]]],[[[112.244274,8.874534],[112.281496,8.854819],[112.288441,8.885633],[112.244274,8.874534]]],[[[117.348188,10.090389],[117.385224,10.063645],[117.373836,10.106566],[117.348188,10.090389]]],[[[116.694863,16.34549],[116.713567,16.296733],[116.74764,16.321677],[116.747733,16.360453],[116.718104,16.373484],[116.694863,16.34549]]],[[[114.448412,16.034073],[114.521651,16.056472],[114.465449,16.067428],[114.448412,16.034073]]],[[[112.993153,19.472312],[113.038801,19.480532],[113.029079,19.528895],[112.993616,19.526051],[112.993153,19.472312]]],[[[113.832124,19.158377],[113.914715,19.172155],[113.920363,19.22346],[113.806754,19.223143],[113.832124,19.158377]]],[[[112.557141,5.109538],[112.56927,5.071793],[112.610844,5.091668],[112.601677,5.119725],[112.557141,5.109538]]],[[[112.907229,4.99279],[112.94371,4.991621],[112.952598,5.048077],[112.911025,5.038222],[112.907229,4.99279]]],[[[115.361825,13.948906],[115.397658,13.924984],[115.438584,13.943536],[115.423399,13.977382],[115.361825,13.948906]]],[[[112.226497,16.759352],[112.262145,16.778135],[112.210849,16.795954],[112.226497,16.759352]]],[[[112.233626,15.696021],[112.251774,15.742989],[112.203627,15.71426],[112.233626,15.696021]]],[[[112.611862,5.367842],[112.640195,5.347976],[112.691028,5.406737],[112.64538,5.409575],[112.611862,5.367842]]],[[[114.949146,7.509041],[115.012108,7.48477],[115.013867,7.525996],[114.949146,7.509041]]],[[[111.553728,7.807825],[111.585209,7.771444],[111.619653,7.840549],[111.603913,7.861478],[111.553728,7.807825]]],[[[114.926183,16.036652],[114.895535,16.036168],[114.910998,16.002002],[114.926183,16.036652]]],[[[116.749492,9.056554],[116.699308,9.048937],[116.740603,9.028569],[116.749492,9.056554]]],[[[113.938604,15.835278],[113.973233,15.805595],[113.97064,15.839311],[113.938604,15.835278]]],[[[112.646306,16.38571],[112.681769,16.40083],[112.659917,16.426725],[112.646306,16.38571]]],[[[115.758209,10.461104],[115.776264,10.434721],[115.802005,10.463577],[115.758209,10.461104]]],[[[112.512049,9.544847],[112.568715,9.516902],[112.567233,9.553941],[112.512049,9.544847]]],[[[114.610169,15.649365],[114.58128,15.625468],[114.611002,15.615295],[114.610169,15.649365]]],[[[117.299392,11.077642],[117.2643,11.062833],[117.304485,11.027287],[117.299392,11.077642]]],[[[117.690776,11.048845],[117.653369,11.046212],[117.690313,11.016589],[117.690776,11.048845]]],[[[114.166841,9.384585],[114.175267,9.342233],[114.194156,9.391533],[114.166841,9.384585]]]]}},{"type":"Feature","properties":{"adcode":"460400","name":"儋州市"},"geometry":{"type":"MultiPolygon","coordinates":[[[[108.928671,19.524313],[108.997373,19.431522],[109.04478,19.430415],[109.051447,19.487803],[109.117557,19.46757],[109.178389,19.399262],[109.26774,19.376803],[109.318943,19.398155],[109.424405,19.354815],[109.483848,19.406063],[109.506348,19.359561],[109.468386,19.301178],[109.541625,19.311939],[109.686994,19.178965],[109.713382,19.309881],[109.700234,19.349436],[109.647272,19.357505],[109.646439,19.402425],[109.737734,19.407486],[109.728197,19.496023],[109.7694,19.578508],[109.582921,19.637581],[109.557366,19.697421],[109.599402,19.730726],[109.564588,19.854888],[109.30811,19.9178],[109.15913,19.790689],[109.147649,19.704998],[109.093668,19.689844],[108.928671,19.524313]]]]}},{"type":"Feature","properties":{"adcode":"500000","name":"重庆"},"geometry":{"type":"MultiPolygon","coordinates":[[[[106.37442,28.525742],[106.403369,28.569901],[106.477282,28.530474],[106.504999,28.544669],[106.466811,28.586193],[106.528405,28.677591],[106.461883,28.761041],[106.474202,28.832891],[106.651593,28.649235],[106.618332,28.645033],[106.615252,28.549401],[106.567825,28.523638],[106.564745,28.485247],[106.632499,28.503655],[106.708259,28.450524],[106.747063,28.467361],[106.73844,28.554657],[106.77786,28.563068],[106.756918,28.607211],[106.784636,28.626649],[106.807425,28.589346],[106.866556,28.624548],[106.889345,28.695966],[106.86594,28.690192],[106.824056,28.756319],[106.923222,28.809821],[106.951555,28.766812],[106.988512,28.776254],[106.983584,28.851239],[107.016229,28.882685],[107.206554,28.868535],[107.219489,28.772582],[107.24659,28.76209],[107.339597,28.845997],[107.383945,28.848618],[107.441227,28.943977],[107.364235,29.00942],[107.395647,29.041341],[107.369778,29.091558],[107.412278,29.094696],[107.427676,29.128682],[107.401807,29.184603],[107.441227,29.203934],[107.486806,29.174153],[107.570574,29.218037],[107.589052,29.150113],[107.700537,29.141228],[107.749197,29.199754],[107.810791,29.139137],[107.784921,29.048143],[107.823725,29.034016],[107.810175,28.984295],[107.867457,28.960211],[107.882855,29.00628],[108.026369,29.039772],[108.070717,29.086328],[108.256115,29.040295],[108.277673,29.091558],[108.306622,29.079006],[108.352817,28.815589],[108.386078,28.803003],[108.332491,28.679166],[108.501258,28.626649],[108.575787,28.659738],[108.636149,28.621396],[108.604736,28.590922],[108.610896,28.539412],[108.573939,28.531],[108.609664,28.43579],[108.580099,28.343128],[108.667562,28.334173],[108.656475,28.359981],[108.697127,28.401051],[108.640461,28.456838],[108.709446,28.501026],[108.780279,28.42579],[108.761801,28.304143],[108.726692,28.282011],[108.738395,28.228241],[108.772888,28.212949],[108.821547,28.245113],[108.855424,28.199764],[108.923793,28.217167],[109.005713,28.162837],[109.026655,28.220331],[109.086401,28.184467],[109.081473,28.247749],[109.152306,28.349975],[109.153538,28.417369],[109.191726,28.471043],[109.274262,28.494714],[109.273646,28.53836],[109.319842,28.579886],[109.306907,28.62087],[109.201581,28.597753],[109.192958,28.636104],[109.271183,28.671816],[109.252704,28.691767],[109.294588,28.722211],[109.2989,28.7474],[109.241002,28.776779],[109.235458,28.882161],[109.319842,29.042388],[109.240386,29.086328],[109.215748,29.145409],[109.139372,29.168927],[109.110422,29.21647],[109.141835,29.270256],[109.106727,29.288526],[109.11227,29.361053],[109.060531,29.403292],[109.034662,29.360531],[108.919481,29.3261],[108.927488,29.435612],[108.866511,29.470527],[108.901003,29.604863],[108.870206,29.596537],[108.888068,29.628795],[108.844337,29.658443],[108.781511,29.635558],[108.786438,29.691721],[108.752562,29.649082],[108.690968,29.689642],[108.658939,29.854833],[108.601041,29.863656],[108.504338,29.707836],[108.437201,29.741098],[108.424266,29.815897],[108.371295,29.841337],[108.516041,29.885451],[108.581947,30.255759],[108.402092,30.376649],[108.42673,30.492233],[108.512961,30.501515],[108.56778,30.468508],[108.6497,30.53915],[108.642925,30.578831],[108.688504,30.58759],[108.743939,30.494812],[108.789518,30.513374],[108.808612,30.491202],[109.042669,30.655571],[109.111654,30.646303],[109.103647,30.565949],[109.143683,30.521108],[109.299516,30.630341],[109.36111,30.551004],[109.337088,30.521623],[109.35495,30.487076],[109.435638,30.595832],[109.535421,30.664837],[109.574225,30.646818],[109.656761,30.760538],[109.894513,30.899803],[110.008462,30.883369],[110.019549,30.829425],[110.082375,30.799614],[110.172918,30.978853],[110.140889,30.987062],[110.119947,31.088592],[110.200019,31.158779],[110.118715,31.409899],[110.054042,31.410921],[109.98752,31.474744],[109.94502,31.47066],[109.969658,31.508935],[109.837847,31.555354],[109.727594,31.548214],[109.731289,31.700582],[109.549587,31.73011],[109.281654,31.716874],[109.253936,31.759628],[109.27611,31.79931],[109.195422,31.817618],[109.191111,31.85575],[109.085785,31.929428],[108.902235,31.984774],[108.734084,32.106519],[108.676801,32.10297],[108.509882,32.201266],[108.399013,32.194176],[108.370063,32.172397],[108.452599,32.090296],[108.42981,32.061391],[108.344194,32.067477],[108.351585,31.971575],[108.307238,31.997463],[108.259194,31.967006],[108.343578,31.860834],[108.535135,31.757592],[108.50557,31.734182],[108.546838,31.665442],[108.442744,31.633856],[108.390389,31.591555],[108.386078,31.544134],[108.339266,31.539033],[108.344194,31.512506],[108.191441,31.492096],[108.224086,31.464024],[108.216079,31.41041],[108.153869,31.371073],[108.185898,31.336831],[108.038688,31.252964],[108.031297,31.217144],[108.07626,31.231985],[108.089811,31.204859],[108.025753,31.116263],[108.026985,31.061938],[108.060246,31.052197],[107.983254,30.983983],[107.942602,30.989114],[107.948145,30.918802],[107.994956,30.908533],[107.851443,30.792931],[107.763979,30.817091],[107.739957,30.884396],[107.645103,30.821202],[107.483111,30.838675],[107.498509,30.809381],[107.424597,30.74048],[107.516987,30.644759],[107.368546,30.468508],[107.221337,30.213878],[107.055649,30.040476],[107.02054,30.036849],[106.981736,30.08502],[106.913367,30.025451],[106.83699,30.049801],[106.785252,30.01716],[106.732281,30.027005],[106.611557,30.235596],[106.642354,30.246454],[106.560434,30.31519],[106.43971,30.308473],[106.428623,30.254725],[106.306667,30.238182],[106.296196,30.205603],[106.232754,30.185947],[106.132356,30.323972],[106.132972,30.30279],[106.031958,30.373551],[105.943263,30.372002],[105.792357,30.427234],[105.754785,30.342567],[105.714749,30.322939],[105.720292,30.252657],[105.624822,30.275918],[105.619894,30.234045],[105.662394,30.210258],[105.536127,30.152834],[105.596489,30.159043],[105.574315,30.130579],[105.753553,30.018196],[105.70243,29.924879],[105.738771,29.891159],[105.707974,29.840818],[105.582938,29.819013],[105.574931,29.744216],[105.529351,29.707836],[105.481924,29.718232],[105.476996,29.674564],[105.419714,29.688082],[105.296526,29.571035],[105.305149,29.53199],[105.337794,29.459064],[105.399388,29.43874],[105.372903,29.421018],[105.441888,29.400686],[105.42033,29.31149],[105.465294,29.322969],[105.459134,29.288526],[105.521344,29.264513],[105.631597,29.280174],[105.647612,29.253027],[105.695039,29.287482],[105.703662,29.176766],[105.752321,29.129727],[105.728916,29.1062],[105.757865,29.069068],[105.74185,29.039249],[105.797285,28.936121],[105.910002,28.920407],[106.001161,28.973824],[106.040581,28.955498],[106.049204,28.906263],[106.206885,28.904691],[106.264783,28.845997],[106.245689,28.817686],[106.346703,28.583565],[106.33192,28.55308],[106.37442,28.525742]]],[[[109.105495,30.585529],[109.106111,30.61077],[109.09256,30.578831],[109.105495,30.585529]]],[[[105.582938,30.12385],[105.580474,30.129544],[105.574315,30.130579],[105.582938,30.12385]]],[[[109.09872,30.579346],[109.09256,30.578831],[109.103647,30.565949],[109.09872,30.579346]]],[[[107.058113,30.043066],[107.053801,30.043584],[107.055649,30.040476],[107.058113,30.043066]]]]}},{"type":"Feature","properties":{"adcode":"510100","name":"成都市"},"geometry":{"type":"MultiPolygon","coordinates":[[[[103.959259,30.320742],[103.998343,30.264508],[104.047393,30.270381],[104.116601,30.227194],[104.17853,30.318262],[104.232284,30.313798],[104.23094,30.256153],[104.364541,30.185974],[104.428374,30.089729],[104.484368,30.181504],[104.569254,30.196985],[104.599603,30.244488],[104.653133,30.240185],[104.638239,30.268148],[104.723797,30.308341],[104.795133,30.279397],[104.848775,30.306852],[104.837016,30.361988],[104.855494,30.347194],[104.895922,30.382315],[104.892786,30.541645],[104.858854,30.582385],[104.819098,30.580076],[104.847319,30.631101],[104.698376,30.825559],[104.520764,30.882456],[104.511917,30.935868],[104.39601,30.942358],[104.322322,30.891743],[104.142582,30.925845],[104.166884,30.993438],[104.019844,31.103963],[104.014693,31.167577],[103.929134,31.234425],[103.891618,31.308017],[103.92835,31.355139],[103.894754,31.408858],[103.787246,31.434439],[103.669323,31.354812],[103.569543,31.338453],[103.583205,31.191422],[103.504814,31.041044],[103.516461,30.971761],[103.465058,30.941536],[103.451396,30.892565],[103.305252,30.810507],[103.199088,30.845707],[103.123945,30.79282],[103.083629,30.812728],[102.992919,30.778339],[103.13156,30.65475],[103.126856,30.593927],[103.180834,30.525228],[103.061456,30.270464],[103.076798,30.220242],[103.147238,30.207],[103.183634,30.248128],[103.215998,30.209235],[103.313875,30.260372],[103.370317,30.22827],[103.36091,30.168008],[103.395178,30.094866],[103.443893,30.120054],[103.4505,30.096524],[103.450948,30.132231],[103.486224,30.104147],[103.533819,30.178109],[103.649502,30.199799],[103.648046,30.229263],[103.693065,30.245894],[103.681754,30.269885],[103.794749,30.345872],[103.887699,30.328761],[103.942237,30.357773],[103.959259,30.320742]]],[[[104.107194,31.032017],[104.10697,31.032263],[104.10641,31.031771],[104.107194,31.032017]]],[[[103.443893,30.120054],[103.439637,30.119557],[103.443893,30.117486],[103.443893,30.120054]]],[[[104.232732,30.281878],[104.2315,30.282209],[104.231836,30.280472],[104.232732,30.281878]]]]}},{"type":"Feature","properties":{"adcode":"510300","name":"自贡市"},"geometry":{"type":"MultiPolygon","coordinates":[[[[104.17685,29.195745],[104.195888,29.220657],[104.256026,29.212298],[104.249082,29.261356],[104.442597,29.238543],[104.540922,29.143394],[104.62424,29.207282],[104.691993,29.19934],[104.680346,29.15569],[104.737236,29.078796],[104.720214,28.996651],[104.85751,29.003436],[104.881475,29.050836],[104.941837,29.058873],[104.944636,29.021277],[105.073758,28.936404],[105.201871,28.929279],[105.205007,28.951825],[105.254282,28.9271],[105.239723,28.956937],[105.267384,28.979561],[105.269288,29.009719],[105.187873,29.027306],[105.271752,29.160123],[105.23558,29.215475],[105.134903,29.257429],[105.035346,29.382937],[105.079469,29.406886],[105.044305,29.480865],[104.961882,29.416647],[104.848775,29.467858],[104.833657,29.430495],[104.750786,29.453598],[104.759969,29.374759],[104.710919,29.361404],[104.619761,29.444758],[104.535658,29.418566],[104.510013,29.456767],[104.53465,29.456601],[104.529611,29.518876],[104.474065,29.609262],[104.39489,29.621002],[104.340688,29.565704],[104.269576,29.632491],[104.212239,29.61251],[104.182226,29.633407],[104.139895,29.589693],[104.166884,29.55729],[104.135079,29.52096],[104.165988,29.496538],[104.150309,29.472027],[104.128472,29.498289],[104.064191,29.472361],[104.058256,29.425907],[104.098347,29.437168],[104.090172,29.391616],[104.160836,29.379933],[104.07651,29.323584],[104.139447,29.307467],[104.109658,29.241886],[104.14359,29.256844],[104.150645,29.194157],[104.17685,29.195745]]],[[[104.150309,29.472027],[104.14919,29.472277],[104.14919,29.470776],[104.150309,29.472027]]],[[[104.16666,29.496455],[104.165988,29.496538],[104.166324,29.495955],[104.16666,29.496455]]]]}},{"type":"Feature","properties":{"adcode":"510400","name":"攀枝花市"},"geometry":{"type":"MultiPolygon","coordinates":[[[[101.839897,26.082429],[101.844712,26.141683],[101.906753,26.191367],[101.942701,26.448989],[102.020196,26.422832],[102.050769,26.49417],[102.038562,26.571717],[101.981897,26.735892],[101.938782,26.639367],[101.912688,26.723318],[101.861398,26.724173],[101.707528,26.873691],[101.704952,26.933477],[101.773488,26.99289],[101.803725,27.114691],[101.681994,27.150404],[101.643135,27.24513],[101.659261,27.313569],[101.598452,27.340456],[101.514685,27.229802],[101.419048,27.215835],[101.394299,27.145206],[101.315571,27.197522],[101.168084,27.165232],[101.137399,27.022329],[101.264505,26.955504],[101.267753,26.90299],[101.365406,26.883686],[101.399674,26.840453],[101.357791,26.770614],[101.389707,26.723146],[101.457124,26.729733],[101.465747,26.786688],[101.513341,26.768562],[101.454548,26.703641],[101.481201,26.673177],[101.461939,26.606746],[101.400234,26.605119],[101.406617,26.556383],[101.458691,26.495456],[101.506958,26.499656],[101.635632,26.396069],[101.660381,26.310849],[101.597444,26.303466],[101.59442,26.261559],[101.630368,26.224879],[101.735748,26.219982],[101.839897,26.082429]]],[[[102.18213,26.812591],[102.156261,26.847717],[102.204976,26.85216],[102.2407,27.106592],[102.176419,27.137535],[102.161077,27.182187],[102.086269,27.146484],[102.049761,27.082718],[101.97305,27.122619],[101.938782,27.104034],[101.896786,27.267096],[101.870357,27.129694],[101.833065,27.122619],[101.77248,27.006544],[101.698904,26.944406],[101.731157,26.835924],[101.91672,26.703127],[101.971706,26.735464],[101.997463,26.698849],[102.04573,26.737517],[102.114714,26.63406],[102.195681,26.744616],[102.18213,26.812591]]],[[[102.204976,26.85216],[102.159845,26.855151],[102.18213,26.812591],[102.215615,26.813617],[102.204976,26.85216]]]]}},{"type":"Feature","properties":{"adcode":"510500","name":"泸州市"},"geometry":{"type":"MultiPolygon","coordinates":[[[[105.420135,29.314399],[105.318226,29.263612],[105.188769,29.056613],[105.187873,29.027306],[105.269288,29.009719],[105.239723,28.956937],[105.267608,28.939086],[105.145094,28.942271],[105.203999,28.896751],[105.2311,28.777448],[105.167939,28.65036],[105.237483,28.523455],[105.206687,28.457041],[105.32013,28.427987],[105.32293,28.386371],[105.287654,28.369181],[105.336928,28.313378],[105.358094,28.153478],[105.224493,28.099843],[105.167603,28.023611],[105.184401,27.996468],[105.270856,27.995792],[105.280935,27.929132],[105.234908,27.898919],[105.244763,27.822544],[105.314195,27.81941],[105.287766,27.807042],[105.290566,27.712459],[105.477137,27.774846],[105.60413,27.71619],[105.643102,27.659963],[105.921279,27.747048],[106.12756,27.778659],[106.224653,27.760948],[106.341792,27.820172],[106.304836,27.899342],[106.328353,27.957983],[106.246266,28.012027],[106.265528,28.049816],[106.207071,28.134223],[106.122072,28.167073],[106.027219,28.131267],[106.036514,28.110741],[105.976153,28.108038],[105.945244,28.143513],[105.876036,28.128227],[105.889026,28.238479],[105.785662,28.336478],[105.738627,28.277284],[105.688569,28.284369],[105.639518,28.32417],[105.643326,28.431524],[105.612529,28.438936],[105.69316,28.588567],[105.747474,28.615895],[105.757665,28.590333],[105.905937,28.611019],[105.889474,28.67053],[105.935613,28.681874],[105.967754,28.761665],[106.030802,28.695064],[106.080413,28.686327],[106.10337,28.636071],[106.165747,28.636239],[106.192064,28.577802],[106.292629,28.537339],[106.330705,28.48213],[106.378859,28.479689],[106.244363,28.814629],[106.264856,28.846093],[106.173474,28.920813],[106.04928,28.906393],[106.043793,28.954172],[106.000902,28.974031],[105.90952,28.900188],[105.875028,28.933973],[105.797533,28.935901],[105.729892,29.098799],[105.693944,29.267539],[105.715894,29.290846],[105.666507,29.252917],[105.631791,29.280404],[105.607938,29.255758],[105.476241,29.279235],[105.466498,29.32158],[105.420135,29.314399]]],[[[105.225613,28.098999],[105.220237,28.091901],[105.226061,28.094183],[105.225613,28.098999]]],[[[105.384747,29.283579],[105.383403,29.281991],[105.386203,29.284832],[105.384747,29.283579]]],[[[105.230652,28.450978],[105.228748,28.449631],[105.2311,28.449378],[105.230652,28.450978]]]]}},{"type":"Feature","properties":{"adcode":"510600","name":"德阳市"},"geometry":{"type":"MultiPolygon","coordinates":[[[[105.168723,30.706395],[104.998502,30.805901],[104.992007,30.870125],[104.960427,30.865029],[104.931646,30.945808],[104.841496,30.946465],[104.819882,31.064182],[104.774751,31.099616],[104.791885,31.118394],[104.719654,31.16266],[104.74877,31.275117],[104.677434,31.266849],[104.656829,31.33109],[104.586165,31.357674],[104.585045,31.402482],[104.523676,31.44261],[104.478545,31.385068],[104.326914,31.399294],[104.202944,31.51457],[104.170579,31.512366],[104.09398,31.693535],[103.989384,31.68237],[103.928238,31.639572],[103.898226,31.512856],[103.857798,31.53849],[103.795757,31.471777],[103.828682,31.412454],[103.897554,31.416377],[103.929134,31.234425],[104.014693,31.167577],[104.019844,31.103963],[104.166884,30.993438],[104.142582,30.925845],[104.322322,30.891743],[104.367117,30.93365],[104.465218,30.9509],[104.533083,30.917875],[104.520764,30.882456],[104.698376,30.825559],[104.750786,30.726898],[104.788526,30.721299],[104.821226,30.643874],[104.842728,30.649395],[104.819994,30.598296],[104.953371,30.612475],[104.983944,30.529271],[105.066927,30.53587],[105.153829,30.640249],[105.168723,30.706395]]],[[[104.876772,30.937347],[104.875652,30.937757],[104.875316,30.934718],[104.876772,30.937347]]],[[[104.894578,30.936936],[104.891554,30.936607],[104.893458,30.934964],[104.894578,30.936936]]],[[[104.904769,30.943425],[104.903649,30.943015],[104.906001,30.939647],[104.904769,30.943425]]],[[[104.756721,31.146104],[104.75605,31.14512],[104.757393,31.144219],[104.756721,31.146104]]]]}},{"type":"Feature","properties":{"adcode":"510700","name":"绵阳市"},"geometry":{"type":"MultiPolygon","coordinates":[[[[105.459219,31.52698],[105.395834,31.561588],[105.393258,31.618369],[105.333009,31.630276],[105.345103,31.677235],[105.317555,31.702988],[105.25361,31.707306],[105.311395,31.744128],[105.3077,31.771327],[105.205231,31.837094],[105.223261,31.882078],[105.18317,31.91135],[105.205343,31.945652],[105.174211,31.999518],[105.235692,32.016492],[105.25193,31.982866],[105.252602,32.082651],[105.286198,32.108777],[105.251706,32.16725],[105.273096,32.193189],[105.240395,32.204292],[105.27052,32.263027],[105.238043,32.287401],[105.247562,32.32051],[105.112729,32.310797],[104.995255,32.247557],[104.974649,32.334592],[104.911712,32.326175],[104.773856,32.400116],[104.754818,32.52642],[104.655933,32.56049],[104.617745,32.627464],[104.635775,32.668511],[104.582805,32.72219],[104.458947,32.748534],[104.294325,32.835728],[104.277079,32.891317],[104.247851,32.877564],[104.113466,32.99982],[103.986472,33.034674],[103.952988,32.917451],[103.993975,32.879334],[103.971466,32.839671],[104.004614,32.814159],[104.101035,32.848201],[104.146502,32.756589],[104.130152,32.730327],[104.182786,32.663431],[104.174835,32.531345],[104.144486,32.473754],[104.0951,32.467694],[104.132279,32.492094],[104.129368,32.530457],[104.065871,32.631013],[103.890387,32.638997],[103.84492,32.584058],[103.906961,32.51051],[103.889155,32.364852],[103.921295,32.315411],[104.131048,32.223011],[104.182114,32.308936],[104.211455,32.298412],[104.257481,32.214746],[104.18189,32.196593],[104.152885,32.125893],[103.994983,32.118917],[103.850743,32.161331],[103.754882,31.964342],[103.845704,31.921187],[103.920623,31.942239],[103.975497,31.85605],[104.152213,31.815855],[104.171027,31.732317],[104.103163,31.710321],[104.098459,31.648622],[104.155685,31.519061],[104.37574,31.373784],[104.478545,31.385068],[104.523676,31.44261],[104.656829,31.33109],[104.677434,31.266849],[104.74877,31.275117],[104.719654,31.16266],[104.788974,31.130283],[104.774751,31.099616],[104.82593,30.997625],[104.870165,30.946465],[104.931646,30.945808],[104.960427,30.865029],[104.992007,30.870125],[104.998502,30.805901],[105.115865,30.759247],[105.157972,30.706313],[105.271976,30.751428],[105.177346,30.960181],[105.174771,31.045967],[105.223933,31.107653],[105.296837,31.106341],[105.381275,31.152907],[105.410728,31.07255],[105.474225,31.06369],[105.595843,30.972582],[105.714102,31.039321],[105.721381,31.150366],[105.674346,31.171757],[105.674682,31.249492],[105.594163,31.299834],[105.641646,31.394797],[105.49875,31.402482],[105.471313,31.485826],[105.441973,31.480517],[105.459219,31.52698]]]]}},{"type":"Feature","properties":{"adcode":"510800","name":"广元市"},"geometry":{"type":"MultiPolygon","coordinates":[[[[105.459219,31.52698],[105.498414,31.574155],[105.599203,31.581009],[105.60805,31.551631],[105.653517,31.61372],[105.684649,31.608908],[105.726085,31.726615],[105.76864,31.735412],[105.865285,31.614781],[105.958235,31.672426],[106.078061,31.697202],[106.130359,31.829282],[106.188481,31.821796],[106.211326,31.770757],[106.33552,31.848484],[106.406296,31.808286],[106.406408,31.874189],[106.464754,31.954591],[106.445492,31.977179],[106.482112,31.977098],[106.501038,32.048969],[106.559159,32.082733],[106.535194,32.098474],[106.567558,32.128407],[106.564647,32.227548],[106.776191,32.296874],[106.688953,32.348024],[106.64035,32.687294],[106.451651,32.660125],[106.420519,32.616655],[106.351199,32.671897],[106.119944,32.719611],[106.062047,32.7673],[106.093627,32.823737],[106.021732,32.857534],[106.011541,32.829693],[105.969321,32.849005],[105.831129,32.826071],[105.779615,32.750225],[105.596403,32.699303],[105.556312,32.732019],[105.486768,32.92139],[105.456307,32.932645],[105.380827,32.878771],[105.448916,32.732744],[105.261785,32.653191],[105.219677,32.666334],[105.143862,32.601245],[105.030195,32.650449],[104.881811,32.601164],[104.820666,32.662947],[104.739587,32.635449],[104.696808,32.673509],[104.635775,32.668511],[104.618977,32.600842],[104.745971,32.536351],[104.749218,32.464623],[104.840712,32.35118],[104.974649,32.334592],[104.964458,32.297359],[105.00007,32.266429],[105.247562,32.32051],[105.240395,32.204292],[105.273096,32.193189],[105.251706,32.16725],[105.286198,32.108777],[105.252602,32.082651],[105.25193,31.982866],[105.235692,32.016492],[105.174211,31.999518],[105.205343,31.945652],[105.18317,31.91135],[105.223261,31.882078],[105.205231,31.837094],[105.3077,31.771327],[105.311395,31.744128],[105.25361,31.707306],[105.315315,31.71855],[105.345103,31.677235],[105.333009,31.630276],[105.393258,31.618369],[105.395834,31.561588],[105.459219,31.52698]]],[[[106.419847,31.917529],[106.427462,31.915009],[106.428694,31.922813],[106.419847,31.917529]]]]}},{"type":"Feature","properties":{"adcode":"510900","name":"遂宁市"},"geometry":{"type":"MultiPolygon","coordinates":[[[[105.066927,30.53587],[105.07387,30.403133],[105.126056,30.341491],[105.258313,30.280307],[105.411064,30.295606],[105.425958,30.259876],[105.579941,30.173473],[105.64243,30.186388],[105.625072,30.27584],[105.723845,30.254747],[105.714774,30.322809],[105.741875,30.319833],[105.791709,30.425434],[105.992055,30.369177],[105.948268,30.441619],[105.971225,30.456151],[105.954203,30.514255],[105.917807,30.466966],[105.860246,30.48496],[105.877492,30.547419],[105.809067,30.625333],[105.796749,30.800883],[105.73202,30.905714],[105.691705,30.933896],[105.65934,30.918697],[105.618689,30.977591],[105.42831,31.075749],[105.35395,31.160611],[105.344431,31.125938],[105.193248,31.08592],[105.200192,30.886154],[105.260441,30.822845],[105.271976,30.751428],[105.168723,30.706395],[105.066927,30.53587]]],[[[105.093916,30.395616],[105.094364,30.396277],[105.093804,30.395864],[105.093916,30.395616]]],[[[105.075102,30.442115],[105.073646,30.442115],[105.074206,30.441785],[105.075102,30.442115]]],[[[105.198176,30.311813],[105.197056,30.310738],[105.19784,30.309994],[105.198176,30.311813]]]]}},{"type":"Feature","properties":{"adcode":"511000","name":"内江市"},"geometry":{"type":"MultiPolygon","coordinates":[[[[104.467234,30.034689],[104.461859,29.950579],[104.503294,29.897454],[104.477425,29.811317],[104.50307,29.807411],[104.442373,29.733837],[104.336769,29.722276],[104.350319,29.70173],[104.321314,29.709966],[104.269576,29.632491],[104.334193,29.583113],[104.474065,29.609262],[104.529611,29.518876],[104.53465,29.456601],[104.510013,29.456767],[104.535658,29.418566],[104.619761,29.444758],[104.745411,29.36324],[104.750786,29.453598],[104.833657,29.430495],[104.873972,29.47086],[104.961882,29.416647],[105.067823,29.454349],[105.084285,29.42232],[105.035346,29.382937],[105.134903,29.257429],[105.266936,29.188638],[105.339392,29.281741],[105.420135,29.314399],[105.443092,29.399126],[105.372988,29.420902],[105.399193,29.439003],[105.362014,29.454683],[105.324498,29.448594],[105.294373,29.53396],[105.322258,29.610095],[105.380827,29.628246],[105.389674,29.67652],[105.423943,29.687587],[105.373548,29.824612],[105.252714,29.796025],[105.217326,29.8448],[105.125608,29.830677],[105.0947,29.848954],[105.074654,29.944023],[104.976441,29.993223],[104.809132,29.853024],[104.730628,29.948504],[104.672955,29.944189],[104.709127,29.933233],[104.673739,29.905674],[104.64395,29.957383],[104.60677,29.932901],[104.568471,29.995546],[104.467234,30.034689]]],[[[105.387883,29.287588],[105.386203,29.284832],[105.389002,29.286502],[105.387883,29.287588]]],[[[105.364813,29.293519],[105.364141,29.291932],[105.365149,29.292684],[105.364813,29.293519]]],[[[105.368957,29.287839],[105.366493,29.287839],[105.368621,29.285918],[105.368957,29.287839]]],[[[104.905441,29.904678],[104.899505,29.902353],[104.905217,29.900692],[104.905441,29.904678]]]]}},{"type":"Feature","properties":{"adcode":"511100","name":"乐山市"},"geometry":{"type":"MultiPolygon","coordinates":[[[[104.17685,29.195745],[104.150645,29.194157],[104.14359,29.256844],[104.118393,29.236454],[104.139447,29.307467],[104.09174,29.315317],[104.083229,29.348298],[104.163412,29.364158],[104.131272,29.400378],[104.100811,29.382186],[104.098347,29.437168],[104.058256,29.425907],[104.052656,29.456684],[104.128472,29.498289],[104.14919,29.472277],[104.139895,29.589693],[104.182226,29.633407],[104.251098,29.623084],[104.228477,29.676187],[104.203727,29.665702],[104.089388,29.743733],[104.062623,29.777821],[104.088716,29.813643],[104.043809,29.830677],[104.050081,29.868473],[103.927678,29.825526],[103.893522,29.742486],[103.704711,29.714375],[103.688025,29.759365],[103.747267,29.789957],[103.729125,29.849286],[103.677834,29.919621],[103.590484,29.91904],[103.558008,29.868058],[103.513885,29.87902],[103.533595,29.860666],[103.485776,29.814807],[103.315667,29.771753],[103.303684,29.677935],[103.352959,29.698735],[103.361694,29.661791],[103.267848,29.596105],[103.277703,29.485617],[103.186434,29.474278],[103.18005,29.430161],[103.014869,29.448011],[102.983512,29.418483],[102.980377,29.340367],[103.031779,29.27982],[103.02002,29.250744],[102.962795,29.250828],[102.928639,29.127332],[102.970074,29.065068],[102.909041,29.021612],[102.946221,28.920058],[102.938157,28.740001],[102.962571,28.681118],[103.032451,28.665824],[103.112522,28.812364],[103.270984,28.805986],[103.333585,28.721861],[103.242875,28.59336],[103.246571,28.549791],[103.370205,28.423354],[103.43303,28.452915],[103.42967,28.531786],[103.531803,28.597649],[103.685674,28.63481],[103.722853,28.687923],[103.71591,28.73849],[103.803708,28.83611],[103.830473,28.845338],[103.938317,28.764268],[103.979977,28.792137],[104.003494,28.853475],[104.024996,28.84408],[104.030483,28.884843],[104.084685,28.914441],[104.061839,28.965401],[104.122985,28.963976],[104.167891,29.15042],[104.194097,29.163719],[104.17685,29.195745]]],[[[104.131272,29.400378],[104.132503,29.399627],[104.134967,29.399043],[104.131272,29.400378]]]]}},{"type":"Feature","properties":{"adcode":"511300","name":"南充市"},"geometry":{"type":"MultiPolygon","coordinates":[[[[106.964778,31.250802],[106.917855,31.377464],[106.864549,31.400683],[106.883251,31.420873],[106.821098,31.547877],[106.787166,31.531307],[106.7688,31.5673],[106.693656,31.56118],[106.647517,31.591125],[106.626464,31.510814],[106.460722,31.586312],[106.438661,31.655715],[106.366429,31.696632],[106.40764,31.755204],[106.361277,31.846287],[106.270456,31.810972],[106.262057,31.773851],[106.211326,31.770757],[106.199232,31.818622],[106.130359,31.829282],[106.10225,31.73248],[105.977496,31.662482],[105.925086,31.664764],[105.910528,31.625791],[105.881635,31.648052],[105.865285,31.614781],[105.76864,31.735412],[105.726085,31.726615],[105.684649,31.608908],[105.633247,31.60067],[105.618353,31.55359],[105.599203,31.581009],[105.498414,31.574155],[105.441973,31.480517],[105.501662,31.454866],[105.481168,31.424224],[105.524059,31.391364],[105.641646,31.394797],[105.594163,31.299834],[105.674682,31.249492],[105.674346,31.171757],[105.707047,31.169216],[105.726197,31.110769],[105.714102,31.039321],[105.613873,30.991303],[105.65934,30.918697],[105.691705,30.933896],[105.73202,30.905714],[105.796749,30.800883],[105.809067,30.625333],[105.877492,30.547419],[105.846807,30.491645],[105.885331,30.458875],[105.934045,30.516731],[105.970665,30.477119],[106.093851,30.504189],[106.192176,30.612969],[106.166643,30.648324],[106.237531,30.687454],[106.207631,30.722863],[106.300468,30.686218],[106.354558,30.722122],[106.38905,30.679876],[106.487599,30.787966],[106.528923,30.732496],[106.587604,30.73974],[106.626464,30.789365],[106.617281,30.82778],[106.675178,30.838882],[106.666443,30.909987],[106.707207,30.915903],[106.73162,30.973649],[106.771487,30.96864],[106.830505,31.05286],[106.935325,31.116591],[106.964778,31.250802]]],[[[105.927102,30.494038],[105.910528,30.480668],[105.948828,30.494368],[105.927102,30.494038]]],[[[105.494047,31.551631],[105.494719,31.550326],[105.495055,31.550652],[105.494047,31.551631]]]]}},{"type":"Feature","properties":{"adcode":"511400","name":"眉山市"},"geometry":{"type":"MultiPolygon","coordinates":[[[[102.975449,29.397791],[103.014869,29.448011],[103.157541,29.425573],[103.204464,29.483867],[103.277703,29.485617],[103.267848,29.596105],[103.361694,29.661791],[103.352959,29.698735],[103.303684,29.677935],[103.333473,29.794196],[103.439413,29.770922],[103.432918,29.820623],[103.485776,29.814807],[103.533595,29.860666],[103.513885,29.87902],[103.558008,29.868058],[103.64211,29.91796],[103.677834,29.919621],[103.729125,29.849286],[103.747267,29.789957],[103.703368,29.771587],[103.704711,29.714375],[103.893522,29.742486],[103.927678,29.825526],[104.050081,29.868473],[104.043809,29.830677],[104.088716,29.813643],[104.062623,29.777821],[104.089388,29.743733],[104.191297,29.705058],[104.203727,29.665702],[104.228477,29.676187],[104.269576,29.632491],[104.321314,29.709966],[104.350319,29.70173],[104.336769,29.722276],[104.442373,29.733837],[104.50307,29.807411],[104.477425,29.811317],[104.503294,29.897454],[104.455363,30.000606],[104.481904,30.086663],[104.428374,30.089729],[104.386379,30.161798],[104.243259,30.244239],[104.232284,30.313798],[104.17853,30.318262],[104.116601,30.227194],[104.047393,30.270381],[103.998343,30.264508],[103.93563,30.346203],[103.794749,30.345872],[103.681754,30.269885],[103.693065,30.245894],[103.648046,30.229263],[103.649502,30.199799],[103.533819,30.178109],[103.486224,30.104147],[103.450948,30.132231],[103.4505,30.096524],[103.439637,30.119474],[103.372221,30.082105],[103.349599,30.097684],[103.252506,30.040078],[103.1964,29.944355],[103.109946,29.915636],[103.093708,29.886992],[103.165156,29.77034],[103.143206,29.760862],[103.150038,29.672443],[103.052497,29.675522],[103.007702,29.72552],[102.928751,29.711047],[102.914416,29.553208],[102.823146,29.46569],[102.879364,29.415896],[102.975449,29.397791]]],[[[103.533595,29.860666],[103.517021,29.85834],[103.533371,29.84156],[103.533595,29.860666]]],[[[103.959259,30.320742],[103.954331,30.313302],[103.965866,30.316774],[103.959259,30.320742]]],[[[104.483584,29.854104],[104.482688,29.852609],[104.483248,29.852194],[104.483584,29.854104]]]]}},{"type":"Feature","properties":{"adcode":"511500","name":"宜宾市"},"geometry":{"type":"MultiPolygon","coordinates":[[[[103.781983,28.524549],[103.837305,28.58453],[103.851079,28.667085],[103.942461,28.603031],[104.0596,28.627665],[104.096108,28.603451],[104.125224,28.637248],[104.231052,28.635819],[104.241467,28.660782],[104.314819,28.615643],[104.37406,28.649352],[104.425239,28.62674],[104.356814,28.55568],[104.248634,28.509654],[104.278423,28.346594],[104.313923,28.306632],[104.384811,28.330156],[104.408217,28.269862],[104.462306,28.2416],[104.402281,28.202866],[104.450996,28.116317],[104.376524,28.052268],[104.304068,28.050746],[104.401161,27.952315],[104.580901,27.842024],[104.743731,27.902051],[104.872964,27.905944],[104.980808,28.062832],[105.059199,28.098154],[105.17701,28.066889],[105.275335,28.134392],[105.350255,28.140811],[105.336928,28.313378],[105.287654,28.369181],[105.32293,28.386371],[105.32013,28.427987],[105.191121,28.445757],[105.237483,28.523455],[105.167939,28.65036],[105.240507,28.774846],[105.203999,28.896751],[105.145094,28.942271],[105.073758,28.936404],[104.944636,29.021277],[104.941837,29.058873],[104.881475,29.050836],[104.85751,29.003436],[104.720214,28.996651],[104.705207,29.045477],[104.737236,29.078796],[104.680346,29.15569],[104.691993,29.19934],[104.62424,29.207282],[104.540922,29.143394],[104.417735,29.236454],[104.249082,29.261356],[104.265433,29.231857],[104.23262,29.205861],[104.191409,29.235869],[104.194097,29.163719],[104.167891,29.15042],[104.122985,28.963976],[104.072478,28.967496],[104.076174,28.920897],[103.979977,28.792137],[103.938317,28.764268],[103.830473,28.845338],[103.761041,28.815888],[103.746483,28.764016],[103.712775,28.757299],[103.722853,28.687923],[103.685674,28.63481],[103.614562,28.613373],[103.712551,28.552904],[103.685002,28.497955],[103.724533,28.471522],[103.781983,28.524549]]]]}},{"type":"Feature","properties":{"adcode":"511600","name":"广安市"},"geometry":{"type":"MultiPolygon","coordinates":[[[[106.976088,30.083596],[107.020659,30.036845],[107.059295,30.043146],[107.256057,30.263764],[107.272743,30.305447],[107.221341,30.34612],[107.225372,30.424113],[107.164115,30.458793],[107.21395,30.501218],[107.184945,30.535705],[107.174418,30.502868],[107.111593,30.525971],[107.095355,30.506251],[107.131303,30.486363],[107.010917,30.520691],[106.98348,30.499485],[106.974633,30.533726],[107.017748,30.548656],[107.043281,30.642803],[106.949323,30.635716],[106.890306,30.697666],[106.949547,30.707137],[106.840472,30.738341],[106.730164,30.832632],[106.629599,30.821036],[106.618401,30.766572],[106.542809,30.743033],[106.487599,30.787966],[106.38905,30.679876],[106.354558,30.722122],[106.300468,30.686218],[106.207631,30.722863],[106.238091,30.706807],[106.166643,30.648324],[106.180194,30.595658],[106.112777,30.503198],[106.066638,30.491727],[106.039426,30.518216],[106.024755,30.482071],[105.980856,30.488344],[105.950172,30.452931],[106.00079,30.376283],[106.171235,30.305033],[106.212558,30.20311],[106.296437,30.205841],[106.30058,30.23853],[106.402713,30.242088],[106.449747,30.297839],[106.560279,30.31512],[106.634863,30.265666],[106.611457,30.228021],[106.677642,30.157409],[106.673274,30.122042],[106.703175,30.118148],[106.732404,30.026812],[106.913599,30.025568],[106.976088,30.083596]]],[[[107.225932,30.380084],[107.223021,30.377771],[107.22918,30.369838],[107.225932,30.380084]]],[[[107.255385,30.322809],[107.272743,30.305447],[107.304772,30.354881],[107.255385,30.322809]]],[[[107.241611,30.347856],[107.240267,30.339921],[107.251802,30.344302],[107.241611,30.347856]]],[[[106.264296,30.209732],[106.260265,30.207911],[106.260601,30.196985],[106.264296,30.209732]]],[[[106.976648,30.088071],[106.976088,30.083596],[106.981912,30.085171],[106.976648,30.088071]]],[[[107.260425,30.328927],[107.253593,30.327356],[107.261432,30.326281],[107.260425,30.328927]]],[[[107.03757,30.517143],[107.036898,30.51574],[107.038689,30.514998],[107.03757,30.517143]]]]}},{"type":"Feature","properties":{"adcode":"511700","name":"达州市"},"geometry":{"type":"MultiPolygon","coordinates":[[[[107.304772,30.354881],[107.51542,30.642061],[107.424374,30.740645],[107.492127,30.833125],[107.577573,30.848092],[107.631103,30.817828],[107.717333,30.888291],[107.760336,30.862233],[107.763808,30.817088],[107.852278,30.793479],[107.992262,30.902591],[107.945004,30.92338],[107.943548,30.989415],[107.981176,30.983339],[108.053296,31.040716],[108.009397,31.108309],[108.08566,31.188063],[108.076141,31.231804],[108.040081,31.218618],[108.019475,31.244988],[108.185553,31.338044],[108.154084,31.370759],[108.206494,31.397413],[108.223181,31.46516],[108.19048,31.491461],[108.344015,31.512447],[108.402584,31.603851],[108.532826,31.669084],[108.53529,31.757728],[108.340991,31.863533],[108.259352,31.966861],[108.307059,31.997244],[108.369436,31.986847],[108.329233,32.019253],[108.362493,32.036304],[108.343567,32.063904],[108.450403,32.074374],[108.369436,32.17333],[108.509756,32.201213],[108.471793,32.27064],[108.331808,32.233381],[108.248602,32.274446],[108.179729,32.221714],[108.066062,32.229654],[108.018579,32.211829],[107.995734,32.147141],[107.835816,32.223011],[107.754625,32.338233],[107.716773,32.328846],[107.690456,32.218797],[107.630991,32.199673],[107.627855,32.151763],[107.76392,32.069667],[107.67601,32.006097],[107.584964,32.000168],[107.58418,31.962961],[107.515084,31.926471],[107.550696,31.897122],[107.496046,31.866462],[107.57175,31.834246],[107.539049,31.738426],[107.492351,31.729384],[107.518108,31.637452],[107.489887,31.596999],[107.331201,31.53147],[107.273191,31.453723],[107.237691,31.466304],[107.225037,31.434602],[107.17397,31.427901],[107.120328,31.334035],[107.074861,31.373376],[107.038689,31.294678],[107.019092,31.304499],[106.939917,31.207151],[106.894786,31.08756],[106.830505,31.05286],[106.784814,30.972336],[106.73162,30.973649],[106.707207,30.915903],[106.678986,30.922887],[106.675178,30.838882],[106.949547,30.707137],[106.904528,30.70236],[106.904305,30.664225],[106.949323,30.635716],[107.026819,30.645193],[106.98348,30.499485],[107.076429,30.51409],[107.142614,30.47002],[107.095355,30.506251],[107.111593,30.525971],[107.189201,30.516483],[107.21395,30.501218],[107.164115,30.458793],[107.219661,30.436995],[107.221341,30.34612],[107.272295,30.322148],[107.274311,30.37083],[107.304772,30.354881]]],[[[107.227388,30.420561],[107.206895,30.410072],[107.217533,30.406438],[107.227388,30.420561]]],[[[107.254153,30.325951],[107.253593,30.327356],[107.253257,30.325951],[107.254153,30.325951]]],[[[107.277447,30.371574],[107.276327,30.357195],[107.287749,30.363062],[107.277447,30.371574]]],[[[107.276663,30.352401],[107.265576,30.349343],[107.27879,30.346203],[107.276663,30.352401]]],[[[107.240379,30.3505],[107.238811,30.346616],[107.241611,30.347856],[107.240379,30.3505]]]]}},{"type":"Feature","properties":{"adcode":"511800","name":"雅安市"},"geometry":{"type":"MultiPolygon","coordinates":[[[[103.395178,30.094866],[103.360574,30.136787],[103.370317,30.22827],[103.313875,30.260372],[103.242651,30.243081],[103.233356,30.213456],[103.183634,30.248128],[103.147238,30.207],[103.076798,30.220242],[103.068623,30.294283],[103.127976,30.367111],[103.12596,30.451115],[103.185874,30.511945],[103.126856,30.593927],[103.13156,30.65475],[103.068735,30.716194],[103.031331,30.703678],[102.992919,30.778339],[102.897954,30.765255],[102.863574,30.798332],[102.875221,30.923298],[102.708247,30.915493],[102.679802,30.857629],[102.590996,30.847845],[102.469042,30.768712],[102.494463,30.713642],[102.43119,30.596895],[102.432758,30.355129],[102.402298,30.234228],[102.341824,30.200296],[102.268137,30.077381],[102.303189,29.954562],[102.291094,29.854519],[102.353247,29.76319],[102.277208,29.603767],[102.318755,29.551958],[102.203296,29.456851],[102.175859,29.466524],[102.16578,29.532877],[102.090637,29.496121],[101.94942,29.503874],[101.95222,29.437585],[101.984136,29.422403],[101.960171,29.314816],[102.046066,29.297779],[102.123337,29.238627],[102.056032,29.177852],[102.129608,29.176096],[102.160741,29.130344],[102.156485,29.045393],[102.253802,28.898763],[102.429846,28.845422],[102.481473,28.920142],[102.46613,28.969339],[102.525484,29.036267],[102.522236,29.111602],[102.594692,29.160039],[102.590884,29.191983],[102.618993,29.209707],[102.673419,29.161544],[102.772192,29.159621],[102.804556,29.249908],[102.836585,29.208035],[102.879812,29.206112],[102.940397,29.302874],[103.003894,29.287171],[102.975449,29.397791],[102.879364,29.415896],[102.823146,29.46569],[102.914416,29.553208],[102.928751,29.711047],[103.007702,29.72552],[103.052497,29.675522],[103.150038,29.672443],[103.143206,29.760862],[103.165156,29.77034],[103.093708,29.886992],[103.109946,29.915636],[103.225965,29.970659],[103.302341,30.087574],[103.395178,30.094866]]]]}},{"type":"Feature","properties":{"adcode":"511900","name":"巴中市"},"geometry":{"type":"MultiPolygon","coordinates":[[[[106.964778,31.250802],[107.038689,31.294678],[107.074861,31.373376],[107.101962,31.335426],[107.149893,31.356529],[107.17397,31.427901],[107.237691,31.466304],[107.258633,31.445225],[107.354494,31.549101],[107.518108,31.637452],[107.53289,31.684571],[107.492351,31.729384],[107.539049,31.738426],[107.57175,31.834246],[107.496046,31.866462],[107.550696,31.897122],[107.515084,31.926471],[107.58418,31.962961],[107.584964,32.000168],[107.67601,32.006097],[107.76392,32.069667],[107.680601,32.141059],[107.641294,32.138707],[107.630991,32.199673],[107.690456,32.218797],[107.705239,32.281814],[107.680377,32.397609],[107.512396,32.386368],[107.489775,32.425262],[107.456963,32.417743],[107.436357,32.52973],[107.40612,32.539177],[107.313955,32.490236],[107.263896,32.40327],[107.080125,32.542407],[107.107786,32.600761],[107.066798,32.708894],[106.821098,32.706073],[106.7333,32.739351],[106.64035,32.687294],[106.649421,32.50421],[106.689849,32.453633],[106.688953,32.348024],[106.776191,32.296874],[106.564647,32.227548],[106.567558,32.128407],[106.535194,32.098474],[106.559159,32.082733],[106.501038,32.048969],[106.482112,31.977098],[106.445492,31.977179],[106.464754,31.954591],[106.408984,31.902081],[106.42455,31.755448],[106.366429,31.696632],[106.438661,31.655715],[106.460722,31.586312],[106.536986,31.572033],[106.566886,31.518244],[106.607874,31.50665],[106.647517,31.591125],[106.693656,31.56118],[106.7688,31.5673],[106.787166,31.531307],[106.821098,31.547877],[106.864549,31.400683],[106.917855,31.377464],[106.964778,31.250802]]],[[[106.946748,31.265539],[106.94574,31.264802],[106.947532,31.263656],[106.946748,31.265539]]]]}},{"type":"Feature","properties":{"adcode":"512000","name":"资阳市"},"geometry":{"type":"MultiPolygon","coordinates":[[[[104.899505,29.902353],[104.95158,29.99256],[105.0209,29.976798],[105.074654,29.944023],[105.0947,29.848954],[105.125608,29.830677],[105.217326,29.8448],[105.252714,29.796025],[105.360446,29.83425],[105.405017,29.78896],[105.423943,29.687587],[105.475681,29.67469],[105.479712,29.716288],[105.538842,29.694908],[105.583301,29.819294],[105.735716,29.860915],[105.702679,29.924767],[105.753634,30.018602],[105.687001,30.039001],[105.570758,30.161466],[105.536826,30.15244],[105.547129,30.212711],[105.4824,30.223222],[105.411064,30.295606],[105.221805,30.287171],[105.126056,30.341491],[105.07387,30.403133],[105.090108,30.442363],[105.048449,30.545192],[104.983944,30.529271],[104.953371,30.612475],[104.910928,30.625662],[104.859078,30.611321],[104.881027,30.360831],[104.837016,30.361988],[104.848775,30.306852],[104.795133,30.279397],[104.723797,30.308341],[104.691993,30.275427],[104.643614,30.283036],[104.653133,30.240185],[104.599603,30.244488],[104.569254,30.196985],[104.484368,30.181504],[104.437109,30.107544],[104.481904,30.086663],[104.468578,30.026563],[104.5239,30.027227],[104.60677,29.932901],[104.64395,29.957383],[104.673739,29.905674],[104.709127,29.933233],[104.672955,29.944189],[104.685049,29.964436],[104.730628,29.948504],[104.809132,29.853024],[104.793341,29.866895],[104.899505,29.902353]]],[[[105.097275,30.396194],[105.093692,30.395947],[105.094923,30.395121],[105.097275,30.396194]]],[[[104.471937,30.150287],[104.468354,30.157077],[104.464994,30.151529],[104.471937,30.150287]]],[[[105.100635,30.38562],[105.100859,30.385372],[105.101419,30.385455],[105.100635,30.38562]]],[[[105.561463,30.183656],[105.556536,30.187465],[105.551048,30.179186],[105.561463,30.183656]]],[[[105.080141,30.412385],[105.079693,30.412467],[105.079469,30.411807],[105.079917,30.411724],[105.080141,30.412385]]]]}},{"type":"Feature","properties":{"adcode":"513200","name":"阿坝藏族羌族自治州"},"geometry":{"type":"MultiPolygon","coordinates":[[[[100.667948,32.523674],[100.537147,32.39397],[100.552377,32.282219],[100.72047,32.18322],[100.698633,32.133436],[100.762913,32.086628],[100.803789,31.991883],[100.869302,31.958167],[100.950044,31.987496],[101.01175,31.948984],[100.992712,31.864835],[100.952844,31.860524],[100.852839,31.758705],[100.933246,31.751132],[100.968858,31.682044],[101.063488,31.628319],[101.07883,31.493503],[101.221614,31.535143],[101.264169,31.46418],[101.245243,31.398967],[101.301013,31.358655],[101.449844,31.435011],[101.43831,31.307035],[101.46933,31.330681],[101.447381,31.347778],[101.54593,31.378691],[101.573031,31.341397],[101.610098,31.382206],[101.685466,31.353012],[101.715479,31.289195],[101.765089,31.309572],[101.763745,31.28232],[101.858263,31.26603],[101.884692,31.160939],[101.97417,31.177083],[102.02602,31.089037],[102.078318,31.084033],[102.154469,31.140612],[102.200944,30.909905],[102.065439,30.87103],[102.047969,30.661671],[102.104747,30.658128],[102.177315,30.594504],[102.184818,30.627887],[102.246859,30.621459],[102.348096,30.705901],[102.447317,30.681853],[102.477329,30.692972],[102.469042,30.768712],[102.493791,30.790352],[102.590996,30.847845],[102.667148,30.850723],[102.708247,30.915493],[102.801869,30.93595],[102.889555,30.900784],[102.863574,30.798332],[102.897954,30.765255],[103.083629,30.812728],[103.123945,30.79282],[103.165716,30.842171],[103.25833,30.842418],[103.305252,30.810507],[103.451396,30.892565],[103.516461,30.971761],[103.525644,31.101092],[103.583205,31.191422],[103.569543,31.338453],[103.739876,31.398885],[103.857798,31.53849],[103.898226,31.512856],[103.928238,31.639572],[103.989384,31.68237],[104.085917,31.688075],[104.171027,31.732317],[104.152213,31.815855],[103.975497,31.85605],[103.920623,31.942239],[103.845704,31.921187],[103.763617,31.946384],[103.758241,31.997894],[103.817147,32.054732],[103.850743,32.161331],[103.994983,32.118917],[104.152885,32.125893],[104.18189,32.196593],[104.257481,32.214746],[104.182114,32.308936],[104.135751,32.234677],[104.033507,32.248691],[103.981768,32.305617],[103.921295,32.315411],[103.889155,32.364852],[103.902817,32.496617],[103.84492,32.584058],[103.890387,32.638997],[104.035634,32.651578],[104.129368,32.530457],[104.132279,32.492094],[104.0951,32.467694],[104.144486,32.473754],[104.182786,32.663431],[104.130152,32.730327],[104.146502,32.756589],[104.101035,32.848201],[104.004614,32.814159],[103.971466,32.839671],[103.994535,32.861154],[103.952988,32.917451],[103.973705,33.005122],[104.013461,33.041258],[104.113466,32.99982],[104.247851,32.877564],[104.305972,32.951533],[104.378428,32.953221],[104.383579,32.994278],[104.426135,33.010744],[104.337664,33.038287],[104.377196,33.107067],[104.303844,33.30452],[104.39825,33.297316],[104.420087,33.32709],[104.295669,33.332852],[104.270584,33.393325],[104.22075,33.404599],[104.156133,33.547118],[104.168563,33.611749],[104.05232,33.685258],[103.778287,33.658875],[103.598883,33.717846],[103.552073,33.67147],[103.520492,33.678563],[103.549497,33.740308],[103.518364,33.807102],[103.464498,33.802407],[103.431686,33.750741],[103.349599,33.743494],[103.24993,33.814026],[103.161348,33.807182],[103.18117,33.900717],[103.134359,33.930363],[103.123833,33.96818],[103.157205,33.998756],[103.119241,34.039558],[103.170195,34.065744],[103.121817,34.1127],[103.124057,34.161849],[103.005574,34.184907],[102.939949,34.299946],[102.879252,34.312129],[102.856743,34.270667],[102.806572,34.274703],[102.598388,34.147741],[102.660317,34.085101],[102.438805,34.087401],[102.391435,33.970802],[102.136327,33.965242],[102.253354,33.861518],[102.237004,33.798746],[102.324354,33.754563],[102.295238,33.739034],[102.301285,33.70988],[102.3416,33.720873],[102.313939,33.668839],[102.344512,33.606883],[102.477889,33.543446],[102.445973,33.531152],[102.462435,33.449681],[102.396138,33.405319],[102.277096,33.407637],[102.186946,33.332772],[102.203408,33.223317],[102.111466,33.285628],[102.089517,33.204968],[101.935646,33.186855],[101.86599,33.103056],[101.825562,33.119501],[101.841352,33.1891],[101.767553,33.263368],[101.823882,33.271215],[101.946285,33.442808],[101.907425,33.480201],[101.907201,33.542009],[101.844376,33.602416],[101.830266,33.554541],[101.782335,33.556297],[101.75949,33.444726],[101.695769,33.433937],[101.662733,33.38165],[101.649294,33.324609],[101.730933,33.283866],[101.634176,33.102414],[101.486464,33.227163],[101.40337,33.22524],[101.393851,33.157835],[101.296982,33.262247],[101.183538,33.270094],[101.127881,33.223798],[101.184098,32.984236],[101.129112,32.989539],[101.123961,32.910054],[101.23774,32.827681],[101.190146,32.686568],[101.111866,32.637223],[101.112874,32.671897],[101.030563,32.660528],[100.932126,32.60068],[100.692025,32.677701],[100.717559,32.617058],[100.676347,32.627867],[100.658653,32.599712],[100.667948,32.523674]]]]}},{"type":"Feature","properties":{"adcode":"513300","name":"甘孜藏族自治州"},"geometry":{"type":"MultiPolygon","coordinates":[[[[100.061536,28.082776],[100.25617,27.961283],[100.302981,28.009829],[100.418104,28.005601],[100.372861,28.250459],[100.413849,28.290779],[100.390331,28.324929],[100.449909,28.474722],[100.530428,28.574101],[100.523708,28.671118],[100.472082,28.70859],[100.594708,28.743948],[100.521357,28.949646],[100.609155,28.954591],[100.680155,29.014158],[100.820475,28.993049],[100.832458,29.055357],[100.772432,29.087668],[100.883412,29.146405],[100.916336,29.139881],[100.929103,29.061217],[101.056881,29.166395],[101.09742,29.146573],[101.183986,28.941265],[101.173123,28.788696],[101.202576,28.652714],[101.356223,28.66616],[101.516925,28.58924],[101.550745,28.599415],[101.620177,28.537676],[101.62992,28.491558],[101.594532,28.475227],[101.413001,28.521099],[101.383996,28.482888],[101.373021,28.461756],[101.439654,28.471691],[101.482097,28.318521],[101.715479,28.380894],[101.753554,28.533889],[101.904289,28.606562],[102.018069,28.713965],[101.962747,28.824027],[101.988392,28.88803],[102.050993,28.920477],[102.168468,29.07302],[102.109562,29.185043],[102.056032,29.177852],[102.119529,29.221911],[102.096348,29.2718],[101.960171,29.314816],[101.984136,29.422403],[101.935982,29.50104],[102.090637,29.496121],[102.16578,29.532877],[102.175859,29.466524],[102.203296,29.456851],[102.314051,29.53346],[102.284375,29.590192],[102.296133,29.683593],[102.353247,29.76319],[102.270824,29.881595],[102.303189,29.954562],[102.268137,30.077381],[102.328946,30.187961],[102.402298,30.234228],[102.432758,30.355129],[102.417976,30.524156],[102.4864,30.744761],[102.469042,30.768712],[102.477329,30.692972],[102.348096,30.705901],[102.246859,30.621459],[102.184818,30.627887],[102.177315,30.594504],[102.066111,30.668591],[102.03957,30.76328],[102.065439,30.87103],[102.200944,30.909905],[102.154469,31.140612],[102.034307,31.073288],[101.97417,31.177083],[101.884692,31.160939],[101.858263,31.26603],[101.763745,31.28232],[101.765089,31.309572],[101.715479,31.289195],[101.685466,31.353012],[101.628016,31.385313],[101.573031,31.341397],[101.54593,31.378691],[101.481985,31.368469],[101.447381,31.347778],[101.46933,31.330681],[101.452756,31.294351],[101.426999,31.345651],[101.464403,31.410492],[101.449844,31.435011],[101.301013,31.358655],[101.245243,31.398967],[101.264169,31.46418],[101.221614,31.535143],[101.107499,31.468999],[101.07883,31.493503],[101.063488,31.628319],[100.968858,31.682044],[100.933246,31.751132],[100.852839,31.758705],[100.952844,31.860524],[100.992712,31.864835],[101.01175,31.948984],[100.990472,31.978885],[100.803789,31.991883],[100.799757,32.050105],[100.698633,32.133436],[100.72047,32.18322],[100.552377,32.282219],[100.537147,32.39397],[100.659885,32.514871],[100.544762,32.570096],[100.470178,32.694548],[100.434902,32.720095],[100.390107,32.695596],[100.398842,32.739109],[100.33445,32.718241],[100.264345,32.742734],[100.20992,32.605844],[100.110139,32.639239],[100.087853,32.669075],[100.125257,32.714857],[100.123129,32.837257],[100.02962,32.895821],[100.038355,32.929108],[99.970826,32.939075],[99.903074,33.047038],[99.877317,33.045513],[99.850888,32.941888],[99.788287,32.956596],[99.763986,32.924445],[99.791982,32.883114],[99.76029,32.769877],[99.717735,32.732181],[99.7062,32.764079],[99.586485,32.792665],[99.557145,32.840074],[99.376173,32.899842],[99.282888,32.885044],[99.179411,33.04487],[98.969883,33.099526],[98.829674,33.181325],[98.813548,33.248311],[98.758786,33.278102],[98.783424,33.344054],[98.742212,33.477725],[98.648031,33.548794],[98.622722,33.610233],[98.61757,33.637269],[98.656654,33.647315],[98.486769,33.782111],[98.463475,33.848395],[98.406922,33.867244],[98.44063,33.981365],[98.401882,34.087718],[98.209936,34.078517],[98.027844,34.123325],[97.944526,34.198612],[97.810701,34.207484],[97.773409,34.162007],[97.667021,34.127685],[97.702297,34.036781],[97.65851,34.012174],[97.633985,33.919078],[97.395339,33.88927],[97.398027,33.848315],[97.371822,33.841952],[97.435319,33.682468],[97.415721,33.605527],[97.525245,33.575769],[97.51203,33.519415],[97.55257,33.465662],[97.741268,33.411635],[97.702297,33.359734],[97.636784,33.344614],[97.60666,33.262567],[97.487953,33.168178],[97.487729,33.106746],[97.542379,33.036199],[97.497696,33.021826],[97.523789,32.988575],[97.361967,32.941969],[97.38582,32.780266],[97.423784,32.704945],[97.698601,32.536836],[97.940158,32.482399],[98.218895,32.34236],[98.219119,32.234191],[98.434807,32.007802],[98.432567,31.922569],[98.40345,31.910456],[98.415657,31.830259],[98.548138,31.713498],[98.553961,31.656612],[98.62093,31.590309],[98.887012,31.374602],[98.780064,31.251129],[98.692714,31.332644],[98.646127,31.339025],[98.604804,31.18413],[98.709848,31.11864],[98.806045,30.995654],[98.774465,30.908426],[98.963947,30.732166],[98.907506,30.698325],[98.974026,30.397929],[98.981529,30.182911],[99.044802,30.080033],[99.06832,29.931407],[99.01367,29.817881],[98.992056,29.663205],[99.052081,29.563955],[99.068544,29.297445],[99.115242,29.242053],[99.131816,28.949479],[99.104268,28.81421],[99.191618,28.493073],[99.175828,28.400863],[99.402378,28.150691],[99.393083,28.317762],[99.437318,28.398504],[99.404506,28.444241],[99.426455,28.452578],[99.402938,28.545753],[99.463411,28.549202],[99.466099,28.579736],[99.540795,28.623546],[99.553785,28.710438],[99.615826,28.742185],[99.622545,28.795243],[99.719527,28.844751],[99.756482,28.700357],[99.794446,28.699097],[99.834538,28.628085],[99.873285,28.631784],[99.961531,28.561568],[99.990312,28.476658],[100.074639,28.424365],[100.054257,28.376597],[100.172628,28.321135],[100.147543,28.288755],[100.188418,28.252737],[100.153366,28.208268],[100.033315,28.184633],[100.021109,28.147398],[100.061536,28.082776]]]]}},{"type":"Feature","properties":{"adcode":"513400","name":"凉山彝族自治州"},"geometry":{"type":"MultiPolygon","coordinates":[[[[103.61389,28.597313],[103.530571,28.612196],[103.504142,28.560306],[103.42967,28.531786],[103.43303,28.452915],[103.388347,28.420659],[103.253962,28.541209],[103.242875,28.59336],[103.333585,28.721861],[103.270984,28.805986],[103.153957,28.82923],[103.112522,28.812364],[103.051265,28.66969],[102.962571,28.681118],[102.925279,28.801873],[102.946221,28.920058],[102.909041,29.021612],[102.957755,29.052008],[102.931326,29.112941],[102.962795,29.250828],[103.02002,29.250744],[103.031779,29.27982],[102.940397,29.302874],[102.879812,29.206112],[102.836585,29.208035],[102.833113,29.241886],[102.781487,29.236705],[102.772192,29.159621],[102.673419,29.161544],[102.635791,29.210793],[102.590884,29.191983],[102.600515,29.169991],[102.522236,29.111602],[102.525484,29.036267],[102.471506,28.983834],[102.482929,28.932716],[102.429846,28.845422],[102.253802,28.898763],[102.16522,29.036518],[101.988392,28.88803],[101.962747,28.824027],[102.022772,28.723373],[101.918736,28.612616],[101.832393,28.594033],[101.753554,28.533889],[101.715479,28.380894],[101.482097,28.318521],[101.439654,28.471691],[101.373021,28.461756],[101.383996,28.482888],[101.413001,28.521099],[101.594532,28.475227],[101.62992,28.491558],[101.620177,28.537676],[101.489824,28.626824],[101.367646,28.629262],[101.356223,28.66616],[101.202576,28.652714],[101.20504,28.754948],[101.173123,28.788696],[101.183986,28.941265],[101.09742,29.146573],[101.056881,29.166395],[100.929103,29.061217],[100.916336,29.139881],[100.883412,29.146405],[100.772432,29.087668],[100.77288,29.063812],[100.832458,29.055357],[100.820475,28.993049],[100.65003,29.01935],[100.609155,28.954591],[100.521357,28.949646],[100.594708,28.743948],[100.472082,28.70859],[100.523708,28.671118],[100.530428,28.574101],[100.4162,28.433209],[100.390331,28.324929],[100.416424,28.306464],[100.367822,28.206242],[100.426839,28.019468],[100.302981,28.009829],[100.270505,27.966358],[100.234445,27.971011],[100.072063,28.08548],[100.086733,28.030374],[100.196145,27.93734],[100.16994,27.907637],[100.294918,27.869544],[100.286071,27.805856],[100.32773,27.720429],[100.443189,27.866242],[100.55988,27.824153],[100.634688,27.915338],[100.679819,27.924224],[100.719462,27.858283],[100.707032,27.801366],[100.775456,27.743064],[100.781503,27.693635],[100.836489,27.681677],[100.828202,27.615758],[100.855303,27.62365],[100.912081,27.521689],[100.90133,27.453379],[100.921264,27.47131],[100.957212,27.43825],[101.059568,27.198629],[101.170436,27.195648],[101.168084,27.165232],[101.315571,27.197522],[101.394299,27.145206],[101.419048,27.215835],[101.495759,27.228014],[101.584229,27.334671],[101.635408,27.33952],[101.664748,27.288888],[101.65075,27.208169],[101.708759,27.129012],[101.870357,27.129694],[101.886259,27.255603],[101.912241,27.243683],[101.938782,27.104034],[101.97305,27.122619],[102.049761,27.082718],[102.161077,27.182187],[102.176419,27.137535],[102.2407,27.106592],[102.215615,26.813617],[102.174179,26.802419],[102.192993,26.763602],[102.132296,26.637741],[102.084477,26.654519],[102.04573,26.737517],[102.006534,26.716388],[101.995559,26.653577],[102.050769,26.49417],[102.029491,26.434068],[101.942701,26.448989],[101.906753,26.191367],[101.840681,26.16008],[101.832282,26.117176],[101.835417,26.045865],[101.922879,26.107975],[102.107771,26.068235],[102.244955,26.210874],[102.551577,26.362178],[102.629408,26.33686],[102.601299,26.249019],[102.674539,26.205374],[102.88026,26.366125],[102.926847,26.334628],[102.998183,26.371874],[102.990344,26.483027],[103.031891,26.486884],[103.057088,26.528109],[102.964474,26.839428],[102.896498,26.912556],[102.871301,27.02796],[102.913744,27.134637],[102.882164,27.293314],[102.941405,27.40552],[102.97097,27.377628],[103.14455,27.425584],[103.218126,27.562111],[103.278711,27.561856],[103.280391,27.617964],[103.489584,27.797384],[103.502574,27.91043],[103.563943,27.964159],[103.516685,27.965259],[103.496527,28.016593],[103.43247,28.041279],[103.454979,28.12375],[103.632368,28.259992],[103.702024,28.198983],[103.870229,28.301067],[103.810428,28.49543],[103.75701,28.522782],[103.724533,28.471522],[103.685002,28.497955],[103.712999,28.541294],[103.665404,28.594874],[103.61389,28.597313]]],[[[101.91672,26.703127],[101.920528,26.635515],[101.946509,26.707662],[101.91672,26.703127]]]]}},{"type":"Feature","properties":{"adcode":"520100","name":"贵阳市"},"geometry":{"type":"MultiPolygon","coordinates":[[[[107.200763,27.355803],[107.098585,27.321533],[107.005761,27.355207],[106.905982,27.267697],[106.820533,27.32424],[106.745159,27.21806],[106.72663,27.297027],[106.632907,27.302397],[106.413679,27.148964],[106.399648,27.091964],[106.441922,27.007468],[106.383397,26.976957],[106.354435,26.892329],[106.301487,26.895507],[106.27972,26.863491],[106.234148,26.891454],[106.140065,26.846581],[106.125733,26.803903],[106.165369,26.777533],[106.173344,26.682419],[106.133588,26.665113],[106.184078,26.554661],[106.276962,26.555539],[106.315698,26.536365],[106.343522,26.463338],[106.398209,26.439709],[106.434247,26.457928],[106.497568,26.379946],[106.562689,26.375782],[106.497628,26.277047],[106.500747,26.224335],[106.591472,26.219887],[106.629489,26.235037],[106.629429,26.270193],[106.742041,26.288299],[106.858191,26.186894],[106.887333,26.224196],[106.859869,26.235871],[106.874381,26.314042],[106.785095,26.313023],[106.834805,26.379252],[106.757032,26.391883],[106.829048,26.453073],[106.80956,26.472908],[106.833605,26.556093],[106.916115,26.596739],[106.883435,26.616549],[106.896687,26.63871],[106.962048,26.647342],[106.982076,26.752678],[107.130546,26.820266],[107.266064,26.803258],[107.279196,26.86409],[107.236082,26.996563],[107.167004,27.025826],[107.180496,27.145655],[107.242618,27.170194],[107.262406,27.216269],[107.138401,27.245154],[107.202982,27.318045],[107.200763,27.355803]]]]}},{"type":"Feature","properties":{"adcode":"520200","name":"六盘水市"},"geometry":{"type":"MultiPolygon","coordinates":[[[[104.756941,26.765959],[104.745008,26.646742],[104.694638,26.609577],[104.692839,26.558033],[104.655542,26.518667],[104.570633,26.524628],[104.638572,26.478132],[104.684025,26.369628],[104.54203,26.253102],[104.52668,26.100336],[104.499276,26.07051],[104.466836,26.08721],[104.470494,26.00949],[104.420244,25.918573],[104.428099,25.818428],[104.373113,25.731598],[104.328859,25.760486],[104.314948,25.666306],[104.368495,25.577548],[104.421743,25.584675],[104.434695,25.47222],[104.547787,25.516646],[104.560859,25.394797],[104.616026,25.364606],[104.664536,25.377766],[104.687802,25.333102],[104.888801,25.368246],[104.855761,25.383692],[104.913146,25.517019],[104.861577,25.621516],[104.909189,25.688927],[104.87315,25.805875],[104.948405,25.897807],[104.930056,25.940589],[105.019162,26.148839],[105.18772,26.173824],[105.18874,26.066891],[105.249843,25.979687],[105.261176,26.008561],[105.45282,26.019283],[105.547083,26.074963],[105.592296,26.062438],[105.607227,26.154309],[105.669469,26.135301],[105.722837,26.170162],[105.473328,26.259819],[105.493955,26.333114],[105.537909,26.359679],[105.501511,26.439385],[105.358857,26.471058],[105.35388,26.509424],[105.295295,26.532391],[105.218362,26.533916],[105.183643,26.590689],[105.147485,26.576695],[105.080925,26.698477],[105.084583,26.762916],[104.997215,26.830221],[105.018682,26.917752],[104.969092,26.903521],[104.916444,26.832295],[104.829916,26.880583],[104.756941,26.765959]]],[[[104.705312,26.802336],[104.696557,26.852064],[104.647687,26.855013],[104.59174,26.747328],[104.650925,26.733076],[104.705312,26.802336]]]]}},{"type":"Feature","properties":{"adcode":"520300","name":"遵义市"},"geometry":{"type":"MultiPolygon","coordinates":[[[[108.069398,29.086552],[108.024246,29.0387],[107.887648,29.008533],[107.86756,28.960464],[107.810415,28.984321],[107.823547,29.03423],[107.78523,29.047234],[107.810655,29.139389],[107.751591,29.199638],[107.698643,29.141239],[107.589269,29.150034],[107.55437,29.219472],[107.48829,29.174704],[107.441458,29.203966],[107.4044,29.18787],[107.427606,29.128291],[107.369741,29.091607],[107.395166,29.039648],[107.364165,29.009617],[107.43876,28.955268],[107.383473,28.848564],[107.331964,28.84119],[107.253532,28.766789],[107.219232,28.772719],[107.226368,28.836802],[107.195127,28.838068],[107.193568,28.888771],[107.016075,28.882486],[106.967804,28.774123],[106.923071,28.810015],[106.824071,28.756149],[106.883195,28.692426],[106.866346,28.624492],[106.807701,28.589443],[106.780358,28.624991],[106.75907,28.611118],[106.780957,28.574885],[106.737364,28.553294],[106.746658,28.466658],[106.708521,28.450493],[106.593391,28.510189],[106.568026,28.484045],[106.6437,28.664333],[106.576841,28.702392],[106.56185,28.756059],[106.474482,28.833046],[106.454515,28.7753],[106.520175,28.662112],[106.49499,28.615153],[106.513339,28.577017],[106.473823,28.598966],[106.504704,28.544674],[106.399108,28.571166],[106.3789,28.479732],[106.330689,28.482138],[106.292612,28.537324],[106.192593,28.577244],[106.165729,28.636233],[106.115659,28.642533],[105.979242,28.74655],[105.891935,28.651326],[105.885039,28.595475],[105.757676,28.59035],[105.748801,28.615153],[105.699931,28.5923],[105.611964,28.45517],[105.648302,28.407846],[105.639487,28.324227],[105.730032,28.272159],[105.786638,28.308814],[105.771347,28.328819],[105.823396,28.306904],[105.890555,28.236266],[105.860274,28.170042],[105.895173,28.119767],[106.033869,28.106966],[106.027213,28.131245],[106.125074,28.167083],[106.249918,28.09257],[106.243202,28.029084],[106.315818,27.979518],[106.309222,27.913592],[106.338185,27.875341],[106.317078,27.838767],[106.344241,27.826846],[106.242423,27.767317],[106.063731,27.777142],[106.001788,27.72362],[106.005386,27.663897],[106.109183,27.64871],[106.162731,27.560563],[106.233488,27.552504],[106.277861,27.603226],[106.310961,27.597505],[106.333328,27.474636],[106.433467,27.510966],[106.522393,27.476377],[106.59471,27.532447],[106.640882,27.509408],[106.718775,27.416702],[106.696049,27.356904],[106.754153,27.245062],[106.737244,27.222377],[106.820533,27.32424],[106.894049,27.263427],[106.993709,27.349427],[107.087672,27.322542],[107.200763,27.355803],[107.266963,27.476148],[107.359368,27.465654],[107.399124,27.417803],[107.375978,27.36649],[107.408838,27.343188],[107.491768,27.37149],[107.50418,27.315476],[107.463585,27.251169],[107.511496,27.203454],[107.514014,27.237348],[107.55347,27.216637],[107.550112,27.252914],[107.642636,27.267146],[107.650432,27.238909],[107.772938,27.21806],[107.760405,27.191649],[107.846093,27.183196],[107.825646,27.171067],[107.886389,27.146253],[107.882971,27.175294],[107.971298,27.199183],[108.039716,27.258102],[107.958106,27.350757],[107.931422,27.321257],[107.894364,27.345574],[107.819829,27.324377],[107.762264,27.385156],[107.801001,27.394098],[107.798062,27.43811],[107.755188,27.459559],[107.844774,27.555114],[107.902639,27.568392],[107.946233,27.767728],[107.888368,27.844018],[107.933341,28.001408],[107.88441,28.063042],[107.8359,28.031044],[107.786549,28.07448],[107.803399,28.183563],[107.85167,28.202636],[107.874456,28.370407],[107.990246,28.368999],[107.960744,28.411071],[108.010754,28.446452],[107.982571,28.431238],[108.026165,28.368272],[108.068259,28.422018],[108.038457,28.58382],[108.174575,28.690206],[108.213671,28.776341],[108.207495,28.817572],[108.189446,28.800692],[108.141295,28.855982],[108.069398,29.086552]]],[[[107.939217,27.15071],[107.956067,27.14878],[107.938977,27.166839],[107.939217,27.15071]]]]}},{"type":"Feature","properties":{"adcode":"520400","name":"安顺市"},"geometry":{"type":"MultiPolygon","coordinates":[[[[105.25422,25.98549],[105.255239,25.951874],[105.367072,25.892697],[105.378585,25.825541],[105.531852,25.69521],[105.567051,25.712708],[105.680982,25.661418],[105.786638,25.468397],[105.893853,25.42232],[105.939186,25.438039],[105.912862,25.491289],[105.98146,25.538597],[105.979542,25.597299],[106.04916,25.558587],[106.076203,25.598556],[106.093713,25.546938],[106.068888,25.533191],[106.135567,25.484995],[106.127832,25.454781],[106.178921,25.462335],[106.226472,25.394003],[106.29591,25.390411],[106.323913,25.357653],[106.418836,25.36204],[106.397729,25.486953],[106.488934,25.646846],[106.436525,25.67785],[106.389334,25.650943],[106.326552,25.672404],[106.311981,25.724619],[106.231989,25.714522],[106.31258,25.990458],[106.211901,26.021464],[106.245601,26.093054],[106.286676,26.102145],[106.291413,26.199036],[106.243262,26.22452],[106.257414,26.242449],[106.349458,26.231006],[106.36199,26.281863],[106.485995,26.262134],[106.562089,26.338437],[106.562689,26.375782],[106.477241,26.395214],[106.44588,26.443501],[106.327391,26.451732],[106.325712,26.520331],[106.276962,26.555539],[106.201407,26.542371],[106.150438,26.624444],[106.116319,26.484603],[105.972826,26.439709],[105.969528,26.521902],[105.701909,26.451223],[105.51854,26.354404],[105.473328,26.259819],[105.512064,26.223733],[105.591756,26.232072],[105.722837,26.170162],[105.669469,26.135301],[105.620838,26.157554],[105.592296,26.062438],[105.547083,26.074963],[105.498992,26.030328],[105.277486,26.012321],[105.25422,25.98549]]],[[[106.226832,26.03237],[106.224374,26.023924],[106.234807,26.027312],[106.226832,26.03237]]]]}},{"type":"Feature","properties":{"adcode":"520500","name":"毕节市"},"geometry":{"type":"MultiPolygon","coordinates":[[[[105.537909,26.359679],[105.676964,26.442484],[105.83353,26.472399],[105.916999,26.521116],[105.962452,26.524952],[105.972826,26.439709],[106.124834,26.491214],[106.157994,26.594569],[106.125074,26.657728],[106.16471,26.669774],[106.172685,26.767573],[106.125733,26.803903],[106.13137,26.832434],[106.223234,26.890901],[106.26275,26.857778],[106.301487,26.895507],[106.354435,26.892329],[106.383397,26.976957],[106.441922,27.007468],[106.399648,27.091964],[106.413679,27.148964],[106.632907,27.302397],[106.714877,27.309235],[106.705403,27.453143],[106.61006,27.528874],[106.52875,27.483204],[106.433467,27.510966],[106.333328,27.474636],[106.310182,27.517745],[106.334047,27.578692],[106.282898,27.616223],[106.245901,27.559601],[106.172505,27.558685],[106.086877,27.656212],[106.013961,27.66097],[106.004067,27.746842],[105.722837,27.705881],[105.643085,27.659963],[105.477105,27.774857],[105.394415,27.761193],[105.301352,27.696049],[105.305129,27.613615],[105.251761,27.573473],[105.259917,27.514768],[105.184002,27.367499],[105.167273,27.408817],[105.067133,27.41794],[104.871231,27.290877],[104.826079,27.352317],[104.771032,27.317403],[104.754362,27.34539],[104.612488,27.307216],[104.362259,27.467854],[104.247848,27.336444],[104.259901,27.308317],[104.190463,27.28771],[104.174153,27.263014],[104.270754,27.258882],[104.307572,27.213559],[104.352125,27.060418],[104.338513,27.00144],[104.376111,27.018373],[104.49328,26.958039],[104.580527,26.960248],[104.653863,26.905271],[104.651464,26.836719],[104.684205,26.852387],[104.756941,26.765959],[104.829916,26.880583],[104.900794,26.831051],[105.018682,26.917752],[104.999134,26.845844],[105.084583,26.762916],[105.086921,26.649558],[105.140589,26.581221],[105.211406,26.575263],[105.208468,26.544451],[105.2544,26.520007],[105.35388,26.509424],[105.358857,26.471058],[105.501511,26.439385],[105.537909,26.359679]]],[[[104.639112,26.863399],[104.64229,26.924152],[104.60979,26.916048],[104.589822,26.956427],[104.49328,26.958039],[104.384566,27.019385],[104.338513,27.00144],[104.352125,27.060418],[104.307572,27.213559],[104.270754,27.258882],[104.198258,27.248736],[104.019926,27.377177],[104.015249,27.429263],[103.932439,27.443931],[103.865459,27.281743],[103.802318,27.267284],[103.696182,27.126673],[103.624525,27.112193],[103.659844,27.065799],[103.601439,27.062166],[103.628123,27.016119],[103.705116,27.049103],[103.775094,26.950949],[103.774015,26.866946],[103.722206,26.851419],[103.705656,26.79473],[103.725444,26.742808],[103.769158,26.73386],[103.767898,26.581637],[103.865639,26.512243],[104.072035,26.519129],[104.064479,26.560389],[104.121025,26.637787],[104.353205,26.620751],[104.421263,26.712041],[104.467855,26.644526],[104.463958,26.595123],[104.676829,26.520747],[104.763177,26.733953],[104.705072,26.796712],[104.662198,26.745022],[104.598336,26.73815],[104.639112,26.863399]]]]}},{"type":"Feature","properties":{"adcode":"520600","name":"铜仁市"},"geometry":{"type":"MultiPolygon","coordinates":[[[[108.887124,27.121203],[108.929758,27.180072],[108.908651,27.204327],[108.987503,27.270635],[109.040811,27.276235],[109.044409,27.331076],[109.103773,27.337086],[109.144009,27.448835],[109.156241,27.416519],[109.202114,27.450073],[109.299915,27.423946],[109.302973,27.475644],[109.459118,27.56015],[109.45684,27.69358],[109.365935,27.722203],[109.301774,27.958353],[109.379187,28.033096],[109.346986,28.060399],[109.305911,28.029996],[109.304952,28.076394],[109.388001,28.268111],[109.34099,28.293717],[109.306391,28.274206],[109.273051,28.309405],[109.266335,28.481775],[109.19174,28.47088],[109.081527,28.24855],[109.089982,28.196627],[109.02678,28.220066],[109.001535,28.161391],[108.919505,28.217791],[108.836215,28.207369],[108.821764,28.245138],[108.765338,28.192121],[108.725762,28.280301],[108.763779,28.305631],[108.779309,28.427423],[108.709691,28.501066],[108.64523,28.46861],[108.688344,28.422291],[108.656444,28.356365],[108.675752,28.343047],[108.58011,28.343274],[108.609912,28.435689],[108.573214,28.528114],[108.610931,28.539412],[108.623284,28.641446],[108.575912,28.659711],[108.471096,28.627801],[108.352128,28.676115],[108.34727,28.736271],[108.389005,28.785847],[108.354226,28.814269],[108.307155,29.077525],[108.286587,29.089215],[108.242274,29.028359],[108.069398,29.086552],[108.078993,29.007178],[108.138417,28.932082],[108.128643,28.869778],[108.189446,28.800692],[108.207495,28.817572],[108.213671,28.776341],[108.174575,28.690206],[108.037558,28.592754],[108.070058,28.516542],[108.037138,28.365454],[107.977294,28.447814],[107.972557,28.398169],[108.00098,28.384585],[107.874456,28.370407],[107.859225,28.200269],[107.816052,28.17546],[107.778874,28.072977],[107.8359,28.031044],[107.870918,28.058667],[107.933341,28.001408],[107.888368,27.844018],[107.946233,27.767728],[107.902639,27.568392],[107.844774,27.555114],[107.808016,27.491267],[107.762924,27.475964],[107.801001,27.394098],[107.765802,27.391164],[107.779953,27.351491],[107.819829,27.324377],[107.948452,27.354198],[107.9999,27.302764],[108.112512,27.323184],[108.16654,27.28771],[108.206416,27.357042],[108.305536,27.352317],[108.424264,27.424083],[108.511091,27.418261],[108.531659,27.466617],[108.617347,27.521638],[108.6953,27.518111],[108.7618,27.469595],[108.923822,27.511057],[109.034995,27.412668],[109.018565,27.372361],[108.843111,27.343555],[108.857622,27.276786],[108.801256,27.203179],[108.887124,27.121203]]],[[[107.919369,27.332544],[107.906117,27.325983],[107.930822,27.31364],[107.919369,27.332544]]]]}},{"type":"Feature","properties":{"adcode":"522300","name":"黔西南布依族苗族自治州"},"geometry":{"type":"MultiPolygon","coordinates":[[[[106.522573,25.05986],[106.531088,25.090125],[106.463269,25.167416],[106.496729,25.202282],[106.483297,25.29085],[106.423633,25.32624],[106.418836,25.36204],[106.332009,25.354199],[106.29591,25.390411],[106.226472,25.394003],[106.191993,25.470402],[106.140964,25.454688],[106.069187,25.525455],[106.103607,25.565109],[106.080101,25.587377],[106.04916,25.558587],[105.992134,25.569256],[105.990755,25.59674],[105.963411,25.575592],[105.98146,25.538597],[105.91664,25.499074],[105.926893,25.448765],[105.893853,25.42232],[105.786638,25.468397],[105.689197,25.653038],[105.577844,25.712521],[105.548462,25.694931],[105.378585,25.825541],[105.376966,25.8828],[105.266692,25.937431],[105.18874,26.066891],[105.18772,26.173824],[105.065874,26.162514],[105.004531,26.133029],[105.011966,26.091523],[104.959978,26.044806],[104.930056,25.940589],[104.947445,25.86886],[104.87315,25.805875],[104.909189,25.688927],[104.861577,25.621516],[104.913146,25.517019],[104.860018,25.442982],[104.870752,25.351306],[104.69242,25.328574],[104.683965,25.362646],[104.654822,25.360033],[104.641031,25.294819],[104.817384,25.261054],[104.823021,25.171296],[104.731936,25.204945],[104.686483,25.076233],[104.619564,25.060655],[104.683785,25.054854],[104.712987,24.996216],[104.539812,24.813855],[104.528659,24.736811],[104.729477,24.61822],[104.899354,24.752946],[105.033373,24.787788],[105.075168,24.916709],[105.212665,24.995374],[105.308847,24.923969],[105.365633,24.943498],[105.443166,24.921862],[105.497493,24.809355],[105.705687,24.768469],[105.805467,24.701532],[105.942004,24.724802],[106.023195,24.632352],[106.19733,24.813433],[106.145341,24.954034],[106.304965,24.974074],[106.522573,25.05986]]],[[[105.081944,24.915632],[105.08926,24.915211],[105.098734,24.929121],[105.081944,24.915632]]]]}},{"type":"Feature","properties":{"adcode":"522600","name":"黔东南苗族侗族自治州"},"geometry":{"type":"MultiPolygon","coordinates":[[[[107.9999,27.302764],[108.03336,27.238634],[107.965901,27.214937],[107.908935,27.147356],[107.819469,27.159028],[107.846093,27.183196],[107.760405,27.191649],[107.780973,27.209242],[107.662424,27.21705],[107.704219,27.135452],[107.638559,27.049241],[107.666382,26.984137],[107.600002,26.909738],[107.634062,26.844784],[107.690787,26.866486],[107.76832,26.803212],[107.687669,26.712548],[107.745114,26.587318],[107.668781,26.572954],[107.588069,26.612163],[107.462505,26.547361],[107.466883,26.577434],[107.382753,26.537797],[107.33832,26.551889],[107.325488,26.503092],[107.356609,26.493941],[107.306779,26.428934],[107.413695,26.378142],[107.506219,26.41936],[107.524268,26.363659],[107.587949,26.3619],[107.647493,26.279918],[107.761964,26.318255],[107.737979,26.167798],[107.815752,26.10015],[107.848612,26.137202],[107.972977,26.071577],[108.158385,26.084612],[108.187707,26.03715],[108.228722,26.070139],[108.218708,25.980801],[108.167739,25.954939],[108.08259,25.782904],[108.09932,25.679246],[108.158505,25.702656],[108.181711,25.616487],[108.237297,25.628501],[108.291444,25.524616],[108.344692,25.537339],[108.433438,25.436406],[108.500358,25.447832],[108.613869,25.309853],[108.598878,25.454828],[108.611531,25.479633],[108.633178,25.464433],[108.618127,25.484342],[108.654585,25.530069],[108.690443,25.51893],[108.659921,25.573449],[108.714489,25.623472],[108.784046,25.628268],[108.781288,25.554347],[108.812709,25.52634],[108.826501,25.55006],[108.952425,25.55635],[109.025101,25.512498],[109.088542,25.549501],[109.031217,25.629526],[109.079128,25.720711],[109.003214,25.736344],[108.948407,25.676686],[108.900316,25.682365],[108.896239,25.71415],[108.963578,25.732529],[108.997697,25.784392],[109.077869,25.776765],[109.117985,25.809408],[109.148266,25.741833],[109.206671,25.788112],[109.206971,25.740251],[109.280486,25.713964],[109.34009,25.731738],[109.339311,25.833769],[109.425719,25.91639],[109.40683,25.961068],[109.482624,26.029632],[109.449704,26.10182],[109.504091,26.096857],[109.514105,26.128253],[109.43963,26.238835],[109.476868,26.299227],[109.354362,26.265284],[109.27449,26.315431],[109.404312,26.529665],[109.355141,26.65902],[109.334094,26.646234],[109.283724,26.698569],[109.355021,26.693217],[109.486702,26.760149],[109.438551,26.877404],[109.555,26.946898],[109.546725,26.984597],[109.527597,26.977187],[109.518842,27.060004],[109.454561,27.069478],[109.481425,27.071272],[109.47267,27.134901],[109.448325,27.12056],[109.392799,27.156087],[109.280546,27.127133],[109.2574,27.150618],[109.163557,27.065799],[109.101135,27.068926],[109.131057,27.110125],[109.035834,27.098079],[108.940432,27.044734],[108.951945,27.018741],[108.885025,27.002913],[108.792261,27.083274],[108.885085,27.132189],[108.804554,27.196794],[108.866197,27.306803],[108.846709,27.335114],[109.006752,27.369609],[109.034995,27.412668],[108.959321,27.452593],[108.971433,27.487785],[108.923822,27.511057],[108.746809,27.471107],[108.710111,27.515684],[108.617347,27.521638],[108.531659,27.466617],[108.511091,27.418261],[108.437096,27.425504],[108.321306,27.349473],[108.206416,27.357042],[108.179252,27.292576],[108.082411,27.33048],[107.9999,27.302764]]],[[[109.452642,26.861832],[109.504631,26.744607],[109.510387,26.865518],[109.452642,26.861832]]],[[[109.577367,26.751617],[109.534193,26.744561],[109.547265,26.7179],[109.596435,26.760702],[109.577367,26.751617]]],[[[107.88483,27.15889],[107.939217,27.15071],[107.95169,27.192338],[107.88483,27.15889]]]]}},{"type":"Feature","properties":{"adcode":"522700","name":"黔南布依族苗族自治州"},"geometry":{"type":"MultiPolygon","coordinates":[[[[106.485995,26.262134],[106.381359,26.284086],[106.349458,26.231006],[106.297829,26.253195],[106.243262,26.22452],[106.299448,26.199499],[106.256814,26.129829],[106.287515,26.114527],[106.245601,26.093054],[106.226832,26.03237],[106.31258,25.990458],[106.243202,25.831538],[106.259273,25.744438],[106.231989,25.714522],[106.308923,25.728295],[106.326552,25.672404],[106.488934,25.646846],[106.397729,25.486953],[106.419556,25.430949],[106.39527,25.418309],[106.423633,25.32624],[106.483297,25.29085],[106.496729,25.202282],[106.446299,25.176204],[106.525931,25.099199],[106.518916,25.062854],[106.691131,25.179242],[106.888292,25.182186],[106.933265,25.250451],[106.995867,25.239613],[107.014276,25.344818],[106.963727,25.437339],[107.0746,25.52126],[107.093428,25.569815],[107.185233,25.57834],[107.211197,25.609175],[107.328666,25.494552],[107.308998,25.409166],[107.423829,25.383879],[107.432703,25.289122],[107.490089,25.2767],[107.470001,25.232092],[107.541478,25.22457],[107.659666,25.316296],[107.694625,25.197889],[107.762144,25.228962],[107.794465,25.116128],[108.114911,25.210226],[108.136618,25.343138],[108.18255,25.391577],[108.170617,25.431835],[108.192624,25.459071],[108.252048,25.430483],[108.236098,25.449371],[108.299239,25.501125],[108.237297,25.628501],[108.197061,25.610945],[108.158505,25.702656],[108.098001,25.703308],[108.08259,25.782904],[108.151609,25.885542],[108.137877,25.915136],[108.212892,25.970308],[108.223385,26.051488],[108.16654,26.039841],[108.151849,26.096208],[107.957386,26.060072],[107.860365,26.140262],[107.815752,26.10015],[107.746074,26.179062],[107.779714,26.310061],[107.663384,26.284132],[107.590588,26.353385],[107.533742,26.349544],[107.518331,26.411867],[107.38767,26.382769],[107.316194,26.430414],[107.35577,26.487285],[107.325488,26.503092],[107.33832,26.551889],[107.382753,26.537797],[107.466883,26.577434],[107.462505,26.547361],[107.503281,26.55212],[107.588069,26.612163],[107.588009,26.591244],[107.640118,26.607176],[107.73564,26.573831],[107.693366,26.700922],[107.76832,26.803212],[107.690787,26.866486],[107.648393,26.835844],[107.600002,26.909738],[107.662844,26.971986],[107.638559,27.049241],[107.704219,27.135452],[107.656308,27.267008],[107.556588,27.257872],[107.542917,27.215856],[107.519711,27.244144],[107.511496,27.203454],[107.458488,27.268064],[107.50418,27.315476],[107.498304,27.364059],[107.419511,27.342546],[107.375978,27.36649],[107.400503,27.405699],[107.359368,27.465654],[107.266963,27.476148],[107.202982,27.318045],[107.142958,27.255623],[107.262406,27.216269],[107.258688,27.180623],[107.188531,27.157006],[107.166644,27.040916],[107.236082,26.996563],[107.279196,26.86409],[107.266064,26.803258],[107.130546,26.820266],[106.968344,26.739903],[106.948736,26.656159],[106.872942,26.623152],[106.911618,26.61304],[106.833605,26.556093],[106.843379,26.517465],[106.808421,26.490335],[106.829888,26.459685],[106.757032,26.391883],[106.834805,26.379252],[106.782936,26.321171],[106.874381,26.314042],[106.886074,26.272138],[106.858191,26.243931],[106.887333,26.224196],[106.835764,26.183418],[106.742041,26.288299],[106.688133,26.291726],[106.591472,26.219887],[106.513219,26.220165],[106.485995,26.262134]]],[[[106.223294,26.028147],[106.215199,26.032741],[106.211901,26.021464],[106.223294,26.028147]]]]}},{"type":"Feature","properties":{"adcode":"530100","name":"昆明市"},"geometry":{"type":"MultiPolygon","coordinates":[[[[103.109095,24.506989],[103.237408,24.507559],[103.288734,24.656839],[103.491348,24.555875],[103.4532,24.511301],[103.474962,24.499097],[103.617754,24.596286],[103.670033,24.760239],[103.657722,24.868987],[103.586109,24.889671],[103.575445,24.849111],[103.547095,24.865661],[103.497243,24.832965],[103.447392,24.892105],[103.469413,24.975047],[103.409591,25.045622],[103.494122,25.107655],[103.465338,25.182037],[103.417654,25.190209],[103.404649,25.151367],[103.328528,25.162859],[103.32558,25.139226],[103.298964,25.205985],[103.258303,25.216906],[103.295149,25.261388],[103.304946,25.311268],[103.272088,25.340767],[103.304513,25.405154],[103.370403,25.453118],[103.36867,25.489039],[103.42563,25.486779],[103.417827,25.57214],[103.484672,25.554556],[103.545014,25.583834],[103.492475,25.651637],[103.556718,25.779801],[103.502272,25.829547],[103.476349,25.816268],[103.471667,25.856585],[103.418088,25.829628],[103.300611,25.856907],[103.282318,26.001726],[103.305813,26.048406],[103.237582,26.155356],[103.254921,26.17261],[103.107621,26.260524],[103.062278,26.534665],[103.031847,26.4869],[102.989885,26.482658],[102.985116,26.345727],[102.89469,26.338515],[102.879518,26.365516],[102.833394,26.30662],[102.739933,26.268622],[102.719733,26.218179],[102.674563,26.205425],[102.620116,26.245769],[102.629393,26.336833],[102.571132,26.362632],[102.257457,26.220104],[102.248527,26.157362],[102.347884,26.075795],[102.321614,25.964111],[102.328983,25.852964],[102.377534,25.828179],[102.36583,25.638015],[102.451401,25.581818],[102.479058,25.453038],[102.349011,25.349494],[102.413428,25.250794],[102.342508,25.059149],[102.235089,25.03266],[102.20093,25.085874],[102.171106,25.053074],[102.203791,24.991499],[102.247574,24.98145],[102.226853,24.910676],[102.263093,24.91992],[102.29205,24.878884],[102.292223,24.660496],[102.271242,24.65432],[102.296038,24.591652],[102.207692,24.48079],[102.311557,24.386117],[102.360021,24.398576],[102.380309,24.481929],[102.420537,24.477535],[102.453222,24.513904],[102.599395,24.53481],[102.587691,24.503572],[102.669968,24.503409],[102.69537,24.462479],[102.815708,24.51187],[102.789091,24.553516],[102.856716,24.706884],[102.840243,24.748465],[102.914977,24.768439],[102.911163,24.854791],[102.95928,24.862173],[103.000635,24.919515],[103.030719,24.863958],[103.015547,24.762268],[103.07693,24.754311],[103.0328,24.641236],[103.04199,24.568235],[103.111002,24.565877],[103.109095,24.506989]]]]}},{"type":"Feature","properties":{"adcode":"530300","name":"曲靖市"},"geometry":{"type":"MultiPolygon","coordinates":[[[[103.384795,26.734393],[103.401181,26.707799],[103.365115,26.735112],[103.236801,26.720738],[103.173858,26.610713],[103.119672,26.63709],[103.072595,26.610713],[103.05959,26.513305],[103.107621,26.260524],[103.244257,26.188256],[103.298877,26.064311],[103.300611,25.856907],[103.418088,25.829628],[103.460396,25.865113],[103.465512,25.82335],[103.5438,25.817314],[103.556718,25.779801],[103.51727,25.75339],[103.531142,25.720127],[103.492475,25.651637],[103.545014,25.583834],[103.484672,25.554556],[103.434213,25.577786],[103.42563,25.486779],[103.36867,25.489039],[103.370403,25.453118],[103.272088,25.340767],[103.318731,25.325736],[103.258303,25.216906],[103.298964,25.205985],[103.311102,25.146673],[103.465338,25.182037],[103.494122,25.107655],[103.409591,25.045622],[103.469413,24.975047],[103.447392,24.892105],[103.522819,24.831423],[103.547095,24.865661],[103.575445,24.849111],[103.586109,24.889671],[103.648445,24.88083],[103.658589,24.734579],[103.753263,24.761456],[103.719538,24.714601],[103.760372,24.692019],[103.789243,24.732712],[103.954317,24.638554],[103.969229,24.658952],[103.994545,24.620999],[103.97183,24.590677],[104.03772,24.493565],[104.009023,24.482824],[104.056967,24.421211],[104.176784,24.455155],[104.22785,24.39369],[104.20921,24.375775],[104.288365,24.35191],[104.415985,24.383756],[104.419106,24.422269],[104.467831,24.440097],[104.527826,24.43505],[104.567014,24.472652],[104.475287,24.645137],[104.542391,24.755773],[104.53979,24.813895],[104.713014,24.996199],[104.683796,25.054856],[104.619553,25.060688],[104.670965,25.066843],[104.745959,25.213266],[104.823034,25.171275],[104.827975,25.237127],[104.640967,25.294859],[104.645822,25.356766],[104.540571,25.402731],[104.556957,25.524142],[104.434712,25.47225],[104.421707,25.58464],[104.334835,25.598107],[104.312988,25.632937],[104.328853,25.760477],[104.373069,25.731564],[104.430897,25.82166],[104.414598,25.909918],[104.470518,26.009521],[104.456733,26.072101],[104.526699,26.100368],[104.555309,26.273512],[104.680502,26.364154],[104.664896,26.434951],[104.570655,26.524586],[104.556523,26.590407],[104.463496,26.595764],[104.467831,26.644922],[104.421274,26.712032],[104.348794,26.619506],[104.121037,26.63781],[104.052546,26.507144],[103.819327,26.530266],[103.748408,26.624222],[103.767395,26.73607],[103.725433,26.742778],[103.705666,26.794746],[103.722225,26.851478],[103.774071,26.866952],[103.777192,26.934967],[103.705146,27.049136],[103.596166,26.987644],[103.425284,27.004454],[103.439415,26.949314],[103.36867,26.774712],[103.384795,26.734393]]],[[[103.390431,26.73591],[103.384795,26.734393],[103.394332,26.731439],[103.390431,26.73591]]]]}},{"type":"Feature","properties":{"adcode":"530400","name":"玉溪市"},"geometry":{"type":"MultiPolygon","coordinates":[[[[102.226853,24.910676],[102.124635,24.952351],[102.077645,24.866959],[102.005078,24.872394],[101.996755,24.808376],[101.943956,24.766247],[101.939101,24.679346],[101.903468,24.636685],[101.948291,24.587994],[101.891764,24.568479],[101.947251,24.462724],[102.012448,24.471594],[102.001871,24.408184],[102.031868,24.36592],[101.970833,24.271813],[101.832115,24.250457],[101.827174,24.305309],[101.791454,24.284039],[101.668082,24.376019],[101.577656,24.243609],[101.48983,24.225998],[101.445267,24.377485],[101.39611,24.421862],[101.36091,24.342461],[101.278373,24.309302],[101.409634,24.040203],[101.533006,23.917988],[101.462781,23.839501],[101.400878,23.826496],[101.430355,23.718569],[101.497373,23.777494],[101.548525,23.771112],[101.568813,23.739278],[101.535087,23.687787],[101.614069,23.649954],[101.709784,23.654868],[101.667649,23.625053],[101.788333,23.440692],[101.747238,23.394828],[101.873904,23.326946],[101.906502,23.360522],[102.130011,23.32358],[102.187578,23.428304],[102.319273,23.413782],[102.360715,23.481292],[102.292397,23.6262],[102.148044,23.721353],[102.186018,23.763748],[102.136253,23.830668],[102.160008,23.872618],[102.283207,23.925916],[102.224945,24.008027],[102.331671,24.044776],[102.295865,24.081024],[102.377014,24.087065],[102.428947,24.049185],[102.491456,24.064942],[102.516252,24.029016],[102.612487,24.046817],[102.658437,23.91006],[102.747129,24.018154],[102.829493,24.046735],[102.856889,23.987524],[102.96691,24.067636],[103.037829,24.04053],[103.151143,24.215316],[103.125741,24.249641],[103.138572,24.301397],[103.089761,24.340343],[103.099038,24.404113],[103.062104,24.432445],[103.107274,24.473222],[103.111002,24.565877],[103.052741,24.555631],[103.0328,24.641236],[103.07693,24.754311],[103.026818,24.754799],[103.030719,24.863958],[103.000635,24.919515],[102.95928,24.862173],[102.911163,24.854791],[102.914977,24.768439],[102.840243,24.748465],[102.856716,24.706884],[102.763949,24.47786],[102.69537,24.462479],[102.669968,24.503409],[102.612834,24.491368],[102.587691,24.503572],[102.599395,24.53481],[102.565323,24.538226],[102.489462,24.50048],[102.453222,24.513904],[102.420537,24.477535],[102.404671,24.497063],[102.360021,24.398576],[102.311557,24.386117],[102.197809,24.509348],[102.296038,24.591652],[102.271242,24.65432],[102.292223,24.660496],[102.29205,24.878884],[102.263093,24.91992],[102.226853,24.910676]]]]}},{"type":"Feature","properties":{"adcode":"530500","name":"保山市"},"geometry":{"type":"MultiPolygon","coordinates":[[[[98.888014,25.634791],[98.870328,25.550684],[98.766897,25.555524],[98.728749,25.833893],[98.706208,25.856344],[98.640751,25.7988],[98.528996,25.840733],[98.479058,25.784149],[98.457904,25.682986],[98.415768,25.671302],[98.40233,25.594398],[98.314591,25.543263],[98.24766,25.607783],[98.170586,25.620361],[98.189572,25.568914],[98.131571,25.510263],[98.151685,25.407415],[98.10114,25.388434],[98.089436,25.33608],[98.192607,25.245133],[98.179515,25.140522],[98.269595,25.084416],[98.225032,25.006491],[98.251562,24.918136],[98.317799,24.957701],[98.362796,24.89762],[98.436663,24.900296],[98.445333,24.874585],[98.533678,24.891699],[98.546076,24.799529],[98.432068,24.776963],[98.452008,24.674552],[98.415422,24.648388],[98.484867,24.541561],[98.616302,24.58092],[98.691122,24.563438],[98.726235,24.206101],[98.689822,24.185875],[98.683233,24.133828],[98.709502,24.121261],[98.855329,24.130727],[98.909255,24.181634],[99.073462,24.237983],[99.151143,24.281594],[99.266366,24.442376],[99.302605,24.448969],[99.36971,24.31419],[99.36104,24.242223],[99.42381,24.230482],[99.483545,24.260239],[99.501925,24.317205],[99.590097,24.35639],[99.636307,24.451655],[99.677316,24.448806],[99.645237,24.579782],[99.730115,24.631727],[99.726127,24.670165],[99.807103,24.699168],[99.816293,24.736772],[99.770343,24.778505],[99.837967,24.829313],[99.810224,24.850491],[99.865798,24.904918],[99.844383,24.93265],[99.902384,24.991418],[100.04665,25.052669],[100.021681,25.108222],[99.895622,25.190371],[99.853486,25.17435],[99.825223,25.087251],[99.693615,25.05113],[99.506346,25.118908],[99.285179,25.365492],[99.285786,25.423809],[99.335377,25.407415],[99.353064,25.459657],[99.325927,25.496141],[99.252407,25.54649],[99.088461,25.466923],[99.056296,25.564478],[99.002543,25.561171],[99.010952,25.629067],[98.888014,25.634791]]]]}},{"type":"Feature","properties":{"adcode":"530600","name":"昭通市"},"geometry":{"type":"MultiPolygon","coordinates":[[[[103.054562,26.541864],[103.072595,26.610713],[103.210445,26.626061],[103.236801,26.720738],[103.365115,26.735112],[103.401181,26.707799],[103.36867,26.774712],[103.397453,26.90236],[103.439415,26.949314],[103.418174,26.996727],[103.596166,26.987644],[103.623649,27.035359],[103.601454,27.062195],[103.659802,27.065778],[103.620441,27.096745],[103.696216,27.12667],[103.749622,27.211307],[103.865451,27.281735],[103.932469,27.443964],[104.015266,27.429284],[104.029831,27.368001],[104.113841,27.337982],[104.174184,27.263059],[104.250391,27.291509],[104.247877,27.336394],[104.353129,27.466894],[104.517249,27.400393],[104.539357,27.329722],[104.594757,27.311292],[104.754369,27.345369],[104.771015,27.317409],[104.808989,27.35474],[104.871238,27.290873],[105.070384,27.419046],[105.184739,27.392455],[105.182658,27.367604],[105.23277,27.436346],[105.257912,27.583688],[105.304296,27.611897],[105.273865,27.795235],[105.31418,27.819435],[105.24118,27.830822],[105.232683,27.892952],[105.280887,27.929139],[105.26875,27.98316],[105.248809,28.008107],[105.184392,27.996424],[105.166359,28.07195],[105.059113,28.09814],[104.976316,28.060116],[104.887017,27.913022],[104.557997,27.852643],[104.298769,28.043861],[104.376451,28.052304],[104.421447,28.097193],[104.444682,28.162087],[104.402287,28.202832],[104.460808,28.24435],[104.408269,28.269867],[104.384774,28.330091],[104.290012,28.314743],[104.248311,28.528392],[104.35677,28.555726],[104.425262,28.626697],[104.37411,28.649297],[104.314895,28.615631],[104.252645,28.660674],[104.231058,28.635801],[104.125199,28.637292],[104.103351,28.60629],[104.059568,28.627639],[103.942526,28.603071],[103.851146,28.667107],[103.800687,28.533812],[103.868919,28.300337],[103.721272,28.201965],[103.649485,28.25703],[103.573191,28.230959],[103.432913,28.072187],[103.515536,27.965551],[103.563221,27.977632],[103.502965,27.911758],[103.489527,27.79745],[103.280411,27.617998],[103.295583,27.566966],[103.236194,27.570453],[103.142907,27.421903],[102.98529,27.367366],[102.955292,27.411426],[102.882119,27.293337],[102.913503,27.140038],[102.872582,27.022695],[102.896597,26.91137],[102.991705,26.774632],[103.054562,26.541864]]]]}},{"type":"Feature","properties":{"adcode":"530700","name":"丽江市"},"geometry":{"type":"MultiPolygon","coordinates":[[[[100.909905,26.166912],[101.12431,26.338355],[101.43417,26.389226],[101.468156,26.420138],[101.396023,26.592006],[101.452117,26.60096],[101.481247,26.673209],[101.454024,26.691184],[101.510638,26.754435],[101.460613,26.786605],[101.459139,26.747409],[101.389694,26.723213],[101.357789,26.770641],[101.399317,26.841905],[101.365418,26.8837],[101.267796,26.902998],[101.264501,26.955531],[101.137402,27.022377],[101.170434,27.195641],[101.074892,27.19413],[101.04238,27.221643],[101.020272,27.344495],[100.936782,27.469194],[100.901322,27.453406],[100.912073,27.521699],[100.855285,27.623622],[100.828149,27.6157],[100.848436,27.670668],[100.789048,27.684367],[100.77613,27.739934],[100.709459,27.798557],[100.719516,27.858255],[100.681282,27.922266],[100.634638,27.915393],[100.546379,27.808601],[100.443208,27.866239],[100.374717,27.754573],[100.327726,27.720465],[100.299463,27.736135],[100.296168,27.664017],[100.177218,27.471495],[100.239554,27.316059],[100.062603,27.157302],[100.060349,26.937119],[99.974084,26.867191],[99.896142,27.074934],[99.660149,27.289364],[99.658502,27.347831],[99.567902,27.472526],[99.551256,27.563716],[99.410978,27.475541],[99.440976,27.346878],[99.397627,27.283086],[99.417914,27.22856],[99.383408,27.213692],[99.441583,27.112027],[99.440369,27.040137],[99.523513,26.908499],[99.559059,26.899888],[99.601888,26.703725],[99.703498,26.624142],[99.78985,26.643963],[99.895275,26.620066],[99.894148,26.643724],[100.016219,26.582731],[100.053673,26.594964],[100.056187,26.643724],[100.134996,26.604158],[100.198979,26.685912],[100.241982,26.695897],[100.242849,26.641486],[100.345586,26.624142],[100.363966,26.563939],[100.450838,26.536265],[100.469998,26.484419],[100.440607,26.484819],[100.443382,26.441756],[100.49384,26.413732],[100.452659,26.398196],[100.405581,26.314955],[100.423268,26.143397],[100.491759,26.112973],[100.491499,26.015467],[100.567274,26.009521],[100.570308,25.985251],[100.669057,25.998592],[100.647383,26.095229],[100.707031,26.148052],[100.823467,26.197242],[100.865689,26.15351],[100.909905,26.166912]]]]}},{"type":"Feature","properties":{"adcode":"530800","name":"普洱市"},"geometry":{"type":"MultiPolygon","coordinates":[[[[101.277073,24.292678],[101.175289,24.346371],[101.084516,24.448318],[100.945712,24.673577],[100.943718,24.729057],[100.817312,24.732874],[100.643742,24.82201],[100.623974,24.745542],[100.565366,24.703879],[100.442081,24.732549],[100.404194,24.683002],[100.546379,24.476396],[100.507712,24.422025],[100.526092,24.190443],[100.497828,24.088534],[100.36674,24.051144],[100.414858,23.915945],[100.404107,23.873436],[100.359978,23.861744],[100.360758,23.766121],[100.388935,23.686395],[100.436533,23.661829],[100.36466,23.612847],[100.288625,23.640862],[100.186841,23.611864],[100.082543,23.351164],[100.082717,23.246708],[100.043009,23.217869],[99.885305,23.255498],[99.799213,23.198722],[99.667519,23.248351],[99.613939,23.188367],[99.638995,23.149897],[99.591744,23.170038],[99.503225,23.106565],[99.563307,22.925601],[99.531489,22.897106],[99.446785,22.934742],[99.462911,22.844793],[99.386269,22.762371],[99.326794,22.751569],[99.381414,22.50324],[99.25154,22.393417],[99.276683,22.36233],[99.169697,22.14635],[99.220329,22.111067],[99.354711,22.095659],[99.471927,22.130946],[99.516577,22.099552],[99.592264,22.112558],[99.712255,22.036993],[99.763147,22.067903],[99.869959,22.02945],[99.871433,22.066909],[99.972437,22.052987],[99.997319,22.112806],[100.066851,22.16018],[100.093121,22.241721],[100.174097,22.2399],[100.195425,22.276227],[100.264176,22.287644],[100.346106,22.243127],[100.371422,22.261664],[100.382606,22.402015],[100.414251,22.43739],[100.529387,22.462098],[100.592763,22.441853],[100.659,22.519512],[100.845489,22.583177],[100.901756,22.525955],[101.028162,22.590194],[101.097,22.550399],[101.308197,22.53347],[101.445874,22.584333],[101.509858,22.404412],[101.563177,22.37126],[101.551906,22.3295],[101.647968,22.33165],[101.677966,22.477218],[101.764577,22.506379],[101.86272,22.389201],[101.901387,22.384324],[101.90789,22.437225],[102.046434,22.457884],[102.131398,22.430861],[102.14527,22.397799],[102.167378,22.425572],[102.270202,22.419621],[102.256157,22.457388],[102.322568,22.554032],[102.276878,22.611986],[102.078685,22.656219],[102.058831,22.725182],[101.99164,22.794109],[101.922282,22.820731],[101.874251,22.800951],[101.800297,22.876513],[101.861679,22.939518],[101.879279,23.015908],[101.96277,23.020681],[101.967018,22.993687],[102.015222,22.988666],[102.069149,23.096449],[101.971179,23.171846],[101.939361,23.14554],[101.83463,23.164366],[101.823532,23.243339],[101.892197,23.291063],[101.824746,23.370864],[101.747238,23.394828],[101.782437,23.46735],[101.713252,23.531716],[101.728598,23.56524],[101.667389,23.606375],[101.709784,23.654868],[101.687676,23.670346],[101.619011,23.632508],[101.574014,23.689261],[101.535087,23.687787],[101.564911,23.721353],[101.531186,23.781995],[101.430355,23.718569],[101.400878,23.826496],[101.462781,23.839501],[101.533006,23.917988],[101.409634,24.040203],[101.277073,24.292678]]]]}},{"type":"Feature","properties":{"adcode":"530900","name":"临沧市"},"geometry":{"type":"MultiPolygon","coordinates":[[[[100.408182,24.707291],[100.294521,24.757478],[100.190049,24.738965],[100.126673,24.663421],[100.098409,24.667077],[100.210077,24.96678],[100.101184,24.988258],[100.060695,24.947325],[100.025409,24.953648],[99.993764,25.032741],[99.938711,25.009813],[99.851839,24.949351],[99.865798,24.904918],[99.810224,24.850491],[99.837967,24.829313],[99.771123,24.786542],[99.816293,24.736772],[99.807103,24.699168],[99.645237,24.579782],[99.686852,24.494134],[99.677316,24.448806],[99.650699,24.456457],[99.590097,24.35639],[99.501925,24.317205],[99.483545,24.260239],[99.42381,24.230482],[99.36104,24.242223],[99.36971,24.31419],[99.331389,24.417466],[99.266366,24.442376],[99.151143,24.281594],[98.909255,24.181634],[98.87683,24.151533],[98.899892,24.108939],[98.727622,23.970368],[98.673176,23.960646],[98.701093,23.946346],[98.668841,23.80073],[98.78623,23.781422],[98.847266,23.631934],[98.881945,23.619974],[98.803743,23.540569],[98.825851,23.470056],[98.871802,23.484572],[98.91255,23.426335],[98.920613,23.353873],[98.872842,23.32982],[98.936912,23.310114],[98.890442,23.176449],[99.057509,23.164448],[99.048406,23.114706],[99.106494,23.086579],[99.255442,23.077943],[99.32532,23.132385],[99.513976,23.073172],[99.503225,23.106565],[99.591744,23.170038],[99.638995,23.149897],[99.613939,23.188367],[99.661623,23.230934],[99.799213,23.198722],[99.885305,23.255498],[100.043009,23.217869],[100.082717,23.246708],[100.082543,23.351164],[100.186841,23.611864],[100.288625,23.640862],[100.36466,23.612847],[100.436533,23.661829],[100.34784,23.751063],[100.359978,23.861744],[100.404107,23.873436],[100.414858,23.915945],[100.36674,24.051144],[100.497828,24.088534],[100.526092,24.190443],[100.507712,24.422025],[100.540917,24.462968],[100.408182,24.707291]]]]}},{"type":"Feature","properties":{"adcode":"532300","name":"楚雄彝族自治州"},"geometry":{"type":"MultiPolygon","coordinates":[[[[102.226853,24.910676],[102.246013,24.964429],[102.179082,25.018482],[102.187665,25.083688],[102.233962,25.051211],[102.342508,25.059149],[102.413428,25.250794],[102.349011,25.349494],[102.377795,25.389646],[102.435275,25.381487],[102.479058,25.453038],[102.451401,25.581818],[102.36583,25.638015],[102.377534,25.828179],[102.322308,25.888041],[102.353519,26.060937],[102.259885,26.127424],[102.236476,26.185127],[102.107816,26.068246],[101.922888,26.107995],[101.83541,26.045836],[101.839918,26.082381],[101.735707,26.219944],[101.630368,26.224837],[101.594475,26.261566],[101.597423,26.303414],[101.646928,26.305177],[101.660626,26.346849],[101.50691,26.499703],[101.458706,26.495462],[101.477259,26.446719],[101.43417,26.389226],[101.12431,26.338355],[100.931493,26.20366],[100.909905,26.166912],[100.937042,26.043185],[100.904443,25.992564],[100.962098,25.945942],[100.889618,25.822545],[100.94892,25.766757],[100.934788,25.741632],[100.973455,25.745095],[100.933401,25.699826],[100.948139,25.657359],[100.9875,25.656312],[101.002066,25.562058],[100.957156,25.560041],[100.941464,25.473623],[101.035618,25.403296],[101.034924,25.348363],[100.969467,25.324766],[100.988107,25.266563],[100.907565,25.241009],[100.828929,25.276669],[100.819826,25.192636],[100.779251,25.201536],[100.750901,25.148292],[100.772489,25.061416],[100.746913,25.046432],[100.780291,25.005113],[100.720556,24.973669],[100.760958,24.895511],[100.736942,24.867771],[100.7685,24.748384],[100.80292,24.722641],[100.905137,24.748709],[100.943718,24.729057],[100.945712,24.673577],[101.056946,24.485591],[101.253924,24.296345],[101.36091,24.342461],[101.39611,24.421862],[101.449082,24.385873],[101.48983,24.225998],[101.577656,24.243609],[101.650742,24.366572],[101.791454,24.284039],[101.827174,24.305309],[101.815989,24.242712],[101.841912,24.240837],[102.000483,24.294634],[102.031868,24.36592],[102.001957,24.455155],[101.947251,24.462724],[101.891764,24.568479],[101.948291,24.587994],[101.936327,24.632378],[101.903468,24.636685],[101.953146,24.680646],[101.943956,24.766247],[102.009847,24.837428],[101.996582,24.860875],[102.077645,24.866959],[102.124635,24.952351],[102.226853,24.910676]]]]}},{"type":"Feature","properties":{"adcode":"532500","name":"红河哈尼族彝族自治州"},"geometry":{"type":"MultiPolygon","coordinates":[[[[103.109095,24.506989],[103.062104,24.432445],[103.099038,24.404113],[103.089761,24.340343],[103.149236,24.235048],[103.035921,24.023054],[102.96691,24.067636],[102.856889,23.987524],[102.841457,24.043143],[102.747129,24.018154],[102.658437,23.91006],[102.612487,24.046817],[102.516252,24.029016],[102.491456,24.064942],[102.428947,24.049185],[102.318753,24.096125],[102.295865,24.081024],[102.32777,24.060452],[102.311644,24.034814],[102.230841,24.023381],[102.264306,23.900006],[102.160008,23.872618],[102.136253,23.830668],[102.186018,23.763748],[102.148044,23.721353],[102.292397,23.6262],[102.360715,23.481292],[102.319273,23.413782],[102.187578,23.428304],[102.130011,23.32358],[101.906502,23.360522],[101.874858,23.338112],[101.892197,23.291063],[101.823532,23.243339],[101.827694,23.176367],[101.939361,23.14554],[101.971179,23.171846],[102.069149,23.096449],[102.015222,22.988666],[101.967018,22.993687],[101.96277,23.020681],[101.879279,23.015908],[101.848415,22.906742],[101.800297,22.876513],[101.874251,22.800951],[101.922282,22.820731],[101.99164,22.794109],[102.058831,22.725182],[102.078685,22.656219],[102.276878,22.611986],[102.322568,22.554032],[102.404844,22.629978],[102.384557,22.679733],[102.498132,22.777787],[102.565756,22.717842],[102.692163,22.699614],[102.85897,22.607281],[102.928849,22.483662],[103.071988,22.445324],[103.083519,22.508444],[103.183829,22.557665],[103.166662,22.609015],[103.19588,22.648381],[103.282751,22.678496],[103.323326,22.807874],[103.441063,22.752971],[103.435514,22.698789],[103.508947,22.601008],[103.573364,22.641944],[103.567902,22.700933],[103.643416,22.794604],[103.878629,22.563528],[103.9642,22.502827],[104.008243,22.5172],[104.067111,22.753961],[104.117396,22.808945],[104.282556,22.842074],[104.257934,22.87297],[104.190223,22.844134],[104.137077,22.898918],[104.080203,22.836388],[104.022722,22.821885],[104.039454,22.796994],[103.989863,22.709099],[103.896836,22.699201],[103.885998,22.818835],[103.917036,22.838119],[103.907673,22.916049],[103.958045,23.00595],[103.908713,23.199462],[103.936717,23.253115],[103.913568,23.304695],[103.808317,23.35806],[103.80034,23.491296],[103.731849,23.494248],[103.737918,23.538602],[103.65356,23.505891],[103.595646,23.539995],[103.587149,23.577041],[103.662577,23.653066],[103.630759,23.747872],[103.652433,23.825106],[103.707833,23.889378],[103.574925,24.086248],[103.639168,24.172091],[103.773551,24.203899],[103.863717,24.359567],[104.020728,24.453934],[104.038674,24.5257],[103.986655,24.581489],[103.969229,24.658952],[103.92822,24.648225],[103.789243,24.732712],[103.760372,24.692019],[103.719538,24.714601],[103.753263,24.761456],[103.708007,24.753987],[103.633013,24.663502],[103.617754,24.596286],[103.474962,24.499097],[103.4532,24.511301],[103.491348,24.555875],[103.288734,24.656839],[103.247379,24.514148],[103.109095,24.506989]]],[[[103.053261,24.03661],[103.037829,24.04053],[103.035921,24.023054],[103.053261,24.03661]]]]}},{"type":"Feature","properties":{"adcode":"532600","name":"文山壮族苗族自治州"},"geometry":{"type":"MultiPolygon","coordinates":[[[[104.567014,24.472652],[104.419106,24.422269],[104.415985,24.383756],[104.288365,24.35191],[104.215972,24.358345],[104.22785,24.39369],[104.176784,24.455155],[104.056967,24.421211],[103.968275,24.440666],[103.863717,24.359567],[103.785515,24.219149],[103.639168,24.172091],[103.574925,24.086248],[103.707833,23.889378],[103.660756,23.865995],[103.630759,23.747872],[103.662577,23.653066],[103.587149,23.577041],[103.595646,23.539995],[103.65356,23.505891],[103.724826,23.550323],[103.731849,23.494248],[103.80034,23.491296],[103.815686,23.338358],[103.882877,23.32711],[103.936717,23.253115],[103.908713,23.199462],[103.958045,23.00595],[103.907673,22.916049],[103.917036,22.838119],[103.885998,22.818835],[103.889033,22.722872],[103.923452,22.688148],[103.989863,22.709099],[104.039454,22.796994],[104.022722,22.821885],[104.067458,22.823451],[104.118697,22.894635],[104.179299,22.872888],[104.175917,22.847348],[104.276227,22.863167],[104.272066,22.738541],[104.376017,22.690127],[104.579498,22.846359],[104.614871,22.813149],[104.620333,22.834988],[104.737723,22.826005],[104.772662,22.893482],[104.861614,22.940012],[104.80448,23.110019],[104.886584,23.168805],[104.948833,23.152199],[104.958803,23.188613],[105.093186,23.261084],[105.238145,23.264287],[105.261294,23.338112],[105.325537,23.390068],[105.54263,23.184257],[105.526417,23.234549],[105.593261,23.312578],[105.666955,23.346814],[105.700594,23.328424],[105.647535,23.39811],[105.806193,23.467432],[105.852403,23.526962],[105.986265,23.489574],[105.991814,23.448321],[106.141455,23.569665],[106.13686,23.795412],[106.19226,23.824779],[106.192434,23.878914],[105.998316,24.124199],[105.910144,24.114896],[105.892284,24.040285],[105.859252,24.056778],[105.796482,24.023707],[105.765358,24.073759],[105.649442,24.033099],[105.628461,24.126565],[105.595256,24.137826],[105.517747,24.096696],[105.509251,24.024851],[105.413016,24.038978],[105.318948,24.117181],[105.260167,24.061268],[105.181878,24.132849],[105.182832,24.167033],[105.229562,24.165728],[105.243087,24.206754],[105.168353,24.277682],[105.19679,24.326982],[105.116768,24.37154],[105.108965,24.412336],[105.054605,24.439283],[104.929846,24.410871],[104.768154,24.459305],[104.703737,24.421373],[104.708939,24.321279],[104.61097,24.377159],[104.62987,24.397843],[104.578024,24.420152],[104.567014,24.472652]]]]}},{"type":"Feature","properties":{"adcode":"532800","name":"西双版纳傣族自治州"},"geometry":{"type":"MultiPolygon","coordinates":[[[[101.647968,22.33165],[101.551906,22.3295],[101.563177,22.37126],[101.509858,22.404412],[101.445874,22.584333],[101.308197,22.53347],[101.097,22.550399],[101.028162,22.590194],[100.901756,22.525955],[100.859013,22.585571],[100.809942,22.594487],[100.723244,22.523312],[100.659,22.519512],[100.592763,22.441853],[100.529387,22.462098],[100.414251,22.43739],[100.346106,22.243127],[100.203921,22.292525],[100.174097,22.2399],[100.10838,22.24652],[99.958912,22.037241],[99.992724,21.986427],[99.944173,21.821344],[99.983621,21.716387],[100.046043,21.669614],[100.097542,21.704509],[100.169155,21.664047],[100.111414,21.599467],[100.126933,21.508242],[100.168722,21.483035],[100.206435,21.509323],[100.229757,21.471969],[100.423181,21.540514],[100.48283,21.459238],[100.557997,21.450583],[100.730613,21.518723],[100.887364,21.685068],[101.014984,21.707084],[101.123357,21.771864],[101.120409,21.70833],[101.16081,21.643853],[101.145205,21.561304],[101.208928,21.557313],[101.195056,21.425116],[101.142864,21.409135],[101.183699,21.334698],[101.249676,21.296882],[101.222193,21.23439],[101.290251,21.178291],[101.532659,21.25239],[101.601585,21.23314],[101.605659,21.172288],[101.672504,21.194965],[101.702848,21.146106],[101.764664,21.147857],[101.795095,21.208302],[101.83541,21.208052],[101.833676,21.252474],[101.745677,21.297299],[101.741082,21.482868],[101.772467,21.513233],[101.755127,21.584918],[101.789113,21.572613],[101.828474,21.61709],[101.779923,21.640861],[101.747324,21.73001],[101.777062,21.826905],[101.687763,21.942645],[101.60644,21.967855],[101.626207,22.006158],[101.573928,22.115126],[101.602972,22.132023],[101.547658,22.231127],[101.647968,22.33165]]]]}},{"type":"Feature","properties":{"adcode":"532900","name":"大理白族自治州"},"geometry":{"type":"MultiPolygon","coordinates":[[[[98.888014,25.634791],[99.010952,25.629067],[99.002543,25.561171],[99.056296,25.564478],[99.088461,25.466923],[99.252407,25.54649],[99.329915,25.514137],[99.353064,25.459657],[99.345261,25.412341],[99.285786,25.423809],[99.305033,25.345454],[99.506346,25.118908],[99.54328,25.131294],[99.693615,25.05113],[99.825223,25.087251],[99.853486,25.17435],[99.928567,25.204286],[99.981193,25.098425],[100.021681,25.108222],[100.04665,25.052669],[99.993764,25.032741],[100.025409,24.953648],[100.060695,24.947325],[100.101184,24.988258],[100.210077,24.96678],[100.098409,24.667077],[100.126673,24.663421],[100.190049,24.738965],[100.294521,24.757478],[100.408182,24.707291],[100.512914,24.736204],[100.565366,24.703879],[100.623974,24.745542],[100.643742,24.82201],[100.747433,24.784188],[100.758097,24.933785],[100.720556,24.973669],[100.780291,25.005113],[100.746913,25.046432],[100.772489,25.061416],[100.750901,25.148292],[100.779251,25.201536],[100.819826,25.192636],[100.818525,25.271252],[100.981085,25.250552],[100.969467,25.324766],[101.034924,25.348363],[101.035618,25.403296],[100.980998,25.412261],[100.941464,25.473623],[100.957156,25.560041],[101.002066,25.562058],[101.001459,25.587866],[100.9875,25.656312],[100.948139,25.657359],[100.933401,25.699826],[100.965566,25.728504],[100.934788,25.741632],[100.94892,25.766757],[100.898635,25.809506],[100.962098,25.945942],[100.904443,25.992564],[100.940943,26.029849],[100.9145,26.053547],[100.919529,26.151744],[100.788701,26.183923],[100.647383,26.095229],[100.669057,25.998592],[100.570308,25.985251],[100.528259,26.025269],[100.491499,26.015467],[100.469131,26.136414],[100.423268,26.143397],[100.416159,26.181837],[100.445549,26.201895],[100.394657,26.298364],[100.450664,26.353739],[100.452659,26.398196],[100.494447,26.395634],[100.426649,26.474815],[100.469998,26.484419],[100.450838,26.536265],[100.363966,26.563939],[100.345586,26.624142],[100.242849,26.641486],[100.241982,26.695897],[100.198979,26.685912],[100.134996,26.604158],[100.056187,26.643724],[100.053673,26.594964],[100.016219,26.582731],[99.913915,26.641086],[99.703498,26.624142],[99.64333,26.677124],[99.617234,26.623183],[99.490827,26.571056],[99.512242,26.425743],[99.429879,26.343724],[99.322373,26.319123],[99.311449,26.240075],[99.173772,26.166029],[99.203336,26.11771],[99.025951,26.144441],[98.998121,26.06407],[99.008785,25.959609],[99.056902,25.967809],[99.137185,25.784471],[99.072075,25.777788],[99.026298,25.818038],[99.046585,25.756611],[99.000809,25.725201],[98.869201,25.776661],[98.888014,25.634791]]]]}},{"type":"Feature","properties":{"adcode":"533100","name":"德宏傣族景颇族自治州"},"geometry":{"type":"MultiPolygon","coordinates":[[[[98.089436,25.33608],[97.948464,25.219818],[97.914739,25.211324],[97.839658,25.270605],[97.777062,25.122227],[97.720188,25.080691],[97.729725,24.908568],[97.797696,24.845947],[97.680133,24.827041],[97.547311,24.738883],[97.567512,24.606286],[97.529972,24.441887],[97.669816,24.452794],[97.714466,24.374227],[97.662273,24.339121],[97.665221,24.296345],[97.767525,24.259098],[97.729898,24.227058],[97.754174,24.164015],[97.730592,24.111877],[97.529538,23.942669],[97.633229,23.880712],[97.647014,23.841054],[97.710998,23.861498],[97.795875,23.952066],[97.896792,23.975679],[97.902168,24.014234],[98.110504,24.092697],[98.461632,24.125913],[98.551018,24.124689],[98.589945,24.091146],[98.709502,24.121261],[98.683233,24.133828],[98.689822,24.185875],[98.726235,24.206101],[98.699705,24.283713],[98.724848,24.365431],[98.684793,24.444899],[98.726929,24.488276],[98.691122,24.563438],[98.616302,24.58092],[98.484867,24.541561],[98.460591,24.612708],[98.414815,24.63636],[98.452008,24.674552],[98.42097,24.762837],[98.498392,24.809918],[98.546076,24.799529],[98.533678,24.891699],[98.445333,24.874585],[98.436663,24.900296],[98.334185,24.908162],[98.32933,24.945703],[98.235783,24.930542],[98.225032,25.006491],[98.269595,25.084416],[98.167725,25.171761],[98.192607,25.245133],[98.089436,25.33608]]]]}},{"type":"Feature","properties":{"adcode":"533300","name":"怒江傈僳族自治州"},"geometry":{"type":"MultiPolygon","coordinates":[[[[99.64333,26.677124],[99.601888,26.703725],[99.559059,26.899888],[99.459529,26.96103],[99.390951,26.949394],[99.418088,26.930025],[99.374738,26.908739],[99.297317,27.066972],[99.257349,27.075013],[99.272694,27.024766],[99.211225,26.982067],[99.000202,26.996249],[99.019882,27.043641],[98.96795,27.081621],[98.994826,27.332184],[98.918445,27.335044],[98.889228,27.592722],[98.918619,27.631385],[98.838596,27.705742],[98.869981,27.76739],[98.849607,27.838096],[98.798281,27.851141],[98.793946,28.025867],[98.704994,28.137411],[98.696064,28.215518],[98.626532,28.165555],[98.559514,28.182895],[98.400076,28.104686],[98.377448,28.245925],[98.300113,28.385955],[98.209773,28.358577],[98.265,28.239939],[98.169025,28.204329],[98.132438,27.98316],[98.188099,27.939013],[98.205178,27.889633],[98.169372,27.850903],[98.245666,27.735027],[98.234222,27.690621],[98.28416,27.653246],[98.317452,27.519558],[98.372506,27.507663],[98.429207,27.548814],[98.429987,27.653721],[98.535325,27.62077],[98.556566,27.645801],[98.586737,27.584956],[98.685834,27.563557],[98.687047,27.425236],[98.7408,27.330278],[98.695891,27.209955],[98.712623,27.075809],[98.765596,27.050968],[98.732911,27.00302],[98.757273,26.881547],[98.73083,26.851318],[98.781462,26.620705],[98.733084,26.349413],[98.683666,26.307261],[98.672916,26.239995],[98.713317,26.231093],[98.735512,26.183362],[98.720426,26.128066],[98.662165,26.087199],[98.654709,26.140748],[98.575293,26.11787],[98.614394,25.968773],[98.686614,25.925841],[98.728749,25.833893],[98.766897,25.555524],[98.870328,25.550684],[98.889835,25.738491],[98.869201,25.776661],[99.000809,25.725201],[99.049273,25.739538],[99.026298,25.818038],[99.067219,25.809587],[99.072075,25.777788],[99.137185,25.784471],[99.06826,25.955911],[99.008785,25.959609],[99.006444,26.113455],[99.047366,26.157523],[99.197094,26.107112],[99.15912,26.160492],[99.325494,26.259241],[99.301738,26.273192],[99.322373,26.319123],[99.429879,26.343724],[99.48077,26.389146],[99.520998,26.448641],[99.490827,26.571056],[99.617234,26.623183],[99.64333,26.677124]]]]}},{"type":"Feature","properties":{"adcode":"533400","name":"迪庆藏族自治州"},"geometry":{"type":"MultiPolygon","coordinates":[[[[100.299463,27.736135],[100.309173,27.859125],[100.169935,27.90765],[100.196205,27.937354],[100.086445,28.030603],[100.021161,28.147424],[100.033299,28.184629],[100.153289,28.208269],[100.188402,28.252777],[100.147567,28.288764],[100.172623,28.321118],[100.054193,28.376594],[100.074654,28.424334],[100.000874,28.464901],[99.961599,28.561537],[99.733149,28.7195],[99.717804,28.846293],[99.678356,28.810261],[99.625557,28.814648],[99.615846,28.742158],[99.531662,28.679972],[99.540766,28.623558],[99.496723,28.616259],[99.463431,28.549207],[99.402915,28.545751],[99.426497,28.45256],[99.404476,28.444226],[99.437335,28.39854],[99.393118,28.317734],[99.417654,28.266717],[99.388003,28.21536],[99.402395,28.150735],[99.30668,28.227571],[99.289514,28.286087],[99.165449,28.424492],[99.183742,28.588941],[99.104326,28.814257],[99.131723,28.949463],[99.113776,29.221376],[99.024217,29.188676],[98.976446,29.20452],[98.96743,29.128319],[99.015374,29.042448],[98.926075,28.978486],[98.917318,28.887949],[98.973759,28.864931],[98.972198,28.834467],[98.851948,28.798587],[98.815448,28.948916],[98.76603,29.005858],[98.707422,28.965345],[98.63078,28.972854],[98.681672,28.730869],[98.59428,28.682796],[98.620116,28.511502],[98.673869,28.478734],[98.753632,28.336938],[98.719126,28.310335],[98.68488,28.1892],[98.793946,28.025867],[98.798281,27.851141],[98.849607,27.838096],[98.869981,27.76739],[98.834261,27.724739],[98.918619,27.631385],[98.879604,27.570612],[98.908215,27.524315],[98.918445,27.335044],[98.994826,27.332184],[99.007744,27.295005],[98.965176,27.166928],[99.000202,26.996249],[99.211225,26.982067],[99.272694,27.024766],[99.254661,27.066494],[99.297317,27.066972],[99.374738,26.908739],[99.418088,26.930025],[99.390951,26.949394],[99.415487,26.972903],[99.492908,26.961826],[99.428145,27.075809],[99.43456,27.148949],[99.383408,27.213692],[99.417914,27.22856],[99.397627,27.283086],[99.440976,27.346878],[99.410978,27.475541],[99.485365,27.49315],[99.502358,27.542789],[99.551256,27.563716],[99.567902,27.472526],[99.658502,27.347831],[99.640642,27.322176],[99.896142,27.074934],[99.965847,26.961348],[99.974084,26.867191],[100.034166,26.900845],[100.077255,27.018474],[100.062603,27.157302],[100.233659,27.304698],[100.177218,27.471495],[100.296168,27.664017],[100.299463,27.736135]]]]}},{"type":"Feature","properties":{"adcode":"540100","name":"拉萨市"},"geometry":{"type":"MultiPolygon","coordinates":[[[[90.349226,29.307363],[90.443921,29.237942],[90.522039,29.247933],[90.708734,29.337905],[90.762815,29.32476],[90.98225,29.379405],[91.217018,29.527182],[91.404956,29.489789],[91.547723,29.575407],[91.633093,29.575505],[91.648634,29.524913],[91.726959,29.524518],[91.842582,29.58221],[92.12853,29.52294],[92.185098,29.561997],[92.28518,29.566828],[92.319577,29.611487],[92.384848,29.626467],[92.362884,29.753413],[92.393965,29.823072],[92.334911,29.82435],[92.306108,29.786281],[92.244153,29.859653],[92.177224,29.874399],[92.177224,29.948099],[92.247675,29.936704],[92.434371,30.014775],[92.438308,30.062276],[92.486588,30.098671],[92.554552,30.096905],[92.625418,30.201504],[92.564498,30.24343],[92.295334,30.267716],[92.237315,30.315682],[92.172873,30.213359],[91.959862,30.185532],[91.928159,30.279465],[91.859366,30.284849],[91.834293,30.439696],[91.793059,30.445463],[91.818131,30.486601],[91.903916,30.51444],[91.878429,30.558672],[91.755554,30.653417],[91.738563,30.728288],[91.548138,30.651076],[91.428578,30.705189],[91.42692,30.796187],[91.393974,30.825397],[91.342172,31.032728],[91.280216,31.055845],[91.191945,31.019807],[91.115278,31.040402],[91.124602,30.981715],[91.161278,30.963052],[91.080881,30.881845],[91.007115,30.922408],[91.018304,30.945358],[90.997169,30.93155],[90.940394,31.013298],[90.909934,31.022722],[90.878853,30.988227],[90.756185,31.012423],[90.596841,30.572534],[90.654652,30.46921],[90.557057,30.40157],[90.450344,30.384848],[90.394605,30.283479],[90.251424,30.283087],[90.069908,29.953207],[89.876375,29.977466],[89.836177,29.948001],[89.845294,29.800153],[89.895646,29.746228],[89.800951,29.68085],[89.821258,29.652184],[89.771113,29.592068],[89.815248,29.528661],[89.776086,29.498078],[89.78914,29.422368],[89.944754,29.335929],[90.201279,29.344033],[90.349226,29.307363]]]]}},{"type":"Feature","properties":{"adcode":"540200","name":"日喀则市"},"geometry":{"type":"MultiPolygon","coordinates":[[[[89.899168,29.975305],[89.776915,30.18514],[89.718689,30.159854],[89.700662,30.220217],[89.65922,30.205423],[89.579859,30.240198],[89.552922,30.21669],[89.496147,30.254888],[89.368299,30.229131],[89.318154,30.274961],[89.248325,30.261449],[89.201702,30.311278],[89.010449,30.260764],[88.949115,30.196017],[88.910781,30.223939],[88.646175,30.220608],[88.51812,30.050305],[88.475228,30.069144],[88.482687,30.174752],[88.412029,30.243528],[88.30428,30.259393],[88.273199,30.22051],[88.214973,30.218747],[88.117792,30.276038],[88.082152,30.376144],[88.036152,30.356972],[87.860853,30.393062],[87.748338,30.332122],[87.540093,30.380056],[87.538228,30.422101],[87.509219,30.430899],[87.531598,30.477906],[87.472957,30.551546],[87.386137,30.556427],[87.367488,30.529088],[87.181207,30.549691],[87.16836,30.710745],[87.10081,30.7957],[87.127747,30.847688],[87.101224,30.935537],[87.023314,30.893812],[87.008187,30.805243],[86.922196,30.75294],[86.864592,30.756057],[86.950169,30.837565],[86.960529,30.916962],[86.81942,30.895563],[86.735708,30.831335],[86.79787,30.740371],[86.808438,30.702947],[86.765338,30.68462],[86.784195,30.664144],[86.87143,30.64893],[86.861069,30.726534],[86.897952,30.729067],[86.901682,30.658976],[86.853402,30.595566],[86.896295,30.581903],[86.923646,30.609617],[86.941466,30.509263],[86.858168,30.568336],[86.80906,30.53319],[86.786267,30.548324],[86.780879,30.521471],[86.706284,30.547152],[86.677275,30.52694],[86.718924,30.451815],[86.556265,30.444779],[86.60786,30.408805],[86.581751,30.391009],[86.532643,30.4824],[86.429453,30.481227],[86.424272,30.700803],[86.343668,30.816343],[86.315695,30.953038],[86.194685,31.003872],[86.067458,30.897119],[86.090251,30.868515],[86.023323,30.82014],[85.993278,30.744561],[85.82088,30.781968],[85.795393,30.738617],[85.837042,30.666582],[85.737789,30.6776],[85.710644,30.64025],[85.750843,30.604056],[85.868745,30.59381],[85.897754,30.494904],[85.885529,30.39805],[85.934223,30.343178],[85.871853,30.362059],[85.821708,30.279856],[85.762032,30.268793],[85.848231,30.148091],[85.842844,30.108576],[85.78669,30.146621],[85.782546,30.011143],[85.666716,29.969217],[85.696554,29.900348],[85.545706,29.870664],[85.543841,29.836939],[85.597716,29.812843],[85.591085,29.777425],[85.545292,29.77772],[85.529544,29.815203],[85.466138,29.821498],[85.442516,29.855622],[85.391957,29.807334],[85.406669,29.741897],[85.379524,29.712953],[85.312596,29.679372],[85.251676,29.712461],[85.18309,29.692471],[84.952674,29.857981],[84.858186,29.946135],[84.86461,29.970395],[84.736762,29.999559],[84.743185,30.171714],[84.702572,30.211204],[84.708581,30.249698],[84.620725,30.297673],[84.584878,30.394627],[84.479201,30.404992],[84.452264,30.443117],[84.486039,30.504868],[84.468633,30.527624],[84.509661,30.562089],[84.464282,30.59137],[84.471327,30.621423],[84.510282,30.633617],[84.601454,30.799693],[84.774474,30.93048],[84.680194,30.990268],[84.693662,31.035836],[84.614716,31.069246],[84.632743,31.102741],[84.595445,31.27188],[84.498264,31.302398],[84.494949,31.327095],[84.367515,31.317798],[84.209,31.36863],[84.207757,31.411115],[84.279037,31.420209],[84.375182,31.487035],[84.524165,31.485875],[84.620103,31.641491],[84.668383,31.648633],[84.455786,31.708641],[84.444183,31.775936],[84.398182,31.804458],[84.349695,31.780754],[84.402119,31.619676],[84.3412,31.640912],[84.302866,31.611084],[84.291055,31.657415],[84.211487,31.67266],[84.109126,31.607125],[84.056287,31.640815],[83.978584,31.591676],[83.646013,31.571298],[83.395705,31.60587],[83.306812,31.729182],[83.219577,31.647668],[83.200928,31.682404],[83.14436,31.682115],[83.047179,31.607029],[83.010089,31.640333],[82.913944,31.632611],[82.986053,31.579894],[82.8207,31.578252],[82.835826,31.535071],[82.967197,31.477464],[82.949377,31.401826],[82.992476,31.258895],[82.966161,31.173479],[82.823186,31.154271],[82.801222,31.018836],[82.894881,30.916087],[82.940881,30.938065],[83.044071,30.81128],[83.147261,30.804854],[83.178964,30.705189],[83.144775,30.609227],[83.069765,30.505942],[83.011747,30.549593],[82.949791,30.539634],[82.926376,30.613325],[82.954142,30.637421],[82.826087,30.691932],[82.774699,30.793266],[82.709636,30.79609],[82.635248,30.721758],[82.657212,30.608056],[82.611211,30.528112],[82.667365,30.420048],[82.645608,30.376926],[82.585103,30.354331],[82.466994,30.425523],[82.470517,30.383674],[82.429282,30.381914],[82.424931,30.355798],[82.409183,30.408121],[82.356966,30.401863],[82.322776,30.433538],[82.273254,30.401765],[82.271596,30.310984],[82.143541,30.200035],[82.209433,30.151032],[82.174415,30.081897],[82.333759,30.045005],[82.498283,29.947706],[82.561274,29.955368],[82.643536,29.868697],[82.623851,29.834579],[82.731186,29.825826],[82.691609,29.766207],[82.757294,29.762074],[82.830646,29.687547],[82.946683,29.708916],[82.967197,29.658785],[83.011539,29.667651],[83.088828,29.604784],[83.129027,29.623609],[83.266614,29.571167],[83.275938,29.505971],[83.349705,29.486631],[83.38348,29.421874],[83.415804,29.420294],[83.463877,29.286107],[83.596283,29.174116],[83.638968,29.162534],[83.727447,29.24457],[83.800384,29.249416],[83.825664,29.297576],[83.91725,29.324563],[84.095035,29.29461],[84.117414,29.255351],[84.202784,29.240118],[84.167559,29.169859],[84.207343,29.11857],[84.194496,29.044759],[84.248785,29.030585],[84.223712,28.90601],[84.408336,28.853994],[84.483138,28.735072],[84.619689,28.732388],[84.699671,28.671731],[84.698221,28.633429],[84.85715,28.567736],[84.981476,28.586353],[85.0569,28.674516],[85.180396,28.641588],[85.189928,28.544834],[85.108495,28.461247],[85.113468,28.344774],[85.379524,28.274409],[85.460129,28.3328],[85.526021,28.324617],[85.602689,28.295773],[85.601445,28.254039],[85.650347,28.283693],[85.682671,28.375899],[85.716653,28.380088],[85.753537,28.227772],[85.838285,28.181815],[85.90107,28.053531],[85.980223,27.986978],[85.949349,27.937413],[86.002395,27.907362],[86.125477,27.92329],[86.086522,28.089942],[86.128792,28.086742],[86.191162,28.166925],[86.231154,27.974764],[86.336001,27.964552],[86.415155,27.904557],[86.518345,27.960446],[86.569112,28.103143],[86.611382,28.069937],[86.700275,28.101543],[86.748347,28.089542],[86.750419,28.045627],[86.788131,28.02041],[86.864384,28.022411],[86.935664,27.955539],[87.034917,27.946426],[87.118216,27.840519],[87.228036,27.813149],[87.249793,27.839416],[87.364173,27.824278],[87.420741,27.859263],[87.436074,27.842925],[87.412038,27.835607],[87.455966,27.820468],[87.558949,27.862871],[87.598112,27.814452],[87.670013,27.832198],[87.66877,27.806129],[87.727825,27.80292],[87.846763,27.945525],[87.878466,27.908664],[88.037395,27.901651],[88.111576,27.864876],[88.1439,27.955139],[88.242117,27.967155],[88.254136,27.939516],[88.357326,27.986378],[88.401047,27.976767],[88.478957,28.03372],[88.553967,28.027815],[88.564949,28.083041],[88.645139,28.111343],[88.676013,28.068137],[88.764077,28.068337],[88.835564,28.012403],[88.888402,27.846634],[88.851934,27.671274],[88.787906,27.571027],[88.78314,27.467169],[88.975845,27.217227],[89.068053,27.240412],[89.073026,27.28314],[89.153008,27.318903],[89.183054,27.373884],[89.095611,27.471594],[89.10908,27.537658],[89.163369,27.574544],[89.131666,27.633617],[89.229261,27.730795],[89.239,27.796803],[89.36892,27.869987],[89.510858,28.086141],[89.609697,28.163127],[89.77878,28.197303],[89.789762,28.241056],[89.906006,28.180716],[89.976043,28.18901],[90.02971,28.139238],[90.103062,28.141737],[90.123576,28.18941],[90.18781,28.165526],[90.229252,28.347966],[90.12544,28.35086],[90.088764,28.39455],[90.08089,28.473207],[90.117774,28.490147],[90.121503,28.566641],[90.063692,28.617806],[90.22345,28.801255],[90.182837,28.965737],[90.246451,29.054075],[90.231946,29.146],[90.349226,29.307363],[90.201279,29.344033],[89.944754,29.335929],[89.78914,29.422368],[89.772356,29.481894],[89.815248,29.528661],[89.754743,29.583491],[89.895646,29.746228],[89.845294,29.800153],[89.836177,29.948001],[89.899168,29.975305]]],[[[85.760167,30.951775],[85.826889,30.797161],[85.90107,30.783137],[85.874961,30.862676],[85.908529,30.884472],[85.944376,30.864914],[85.931736,30.926687],[85.760167,30.951775]]]]}},{"type":"Feature","properties":{"adcode":"540300","name":"昌都市"},"geometry":{"type":"MultiPolygon","coordinates":[[[[98.684832,28.435231],[98.67385,28.478687],[98.625984,28.489648],[98.63821,28.552203],[98.594489,28.667752],[98.681724,28.730797],[98.63075,28.972879],[98.786571,28.998563],[98.828013,28.821619],[98.922086,28.806819],[98.972231,28.834431],[98.966636,28.874446],[98.917942,28.886954],[98.926023,28.978532],[99.013051,29.03673],[98.962699,29.175304],[98.976375,29.204599],[99.02424,29.188666],[99.113755,29.221321],[99.067547,29.336324],[99.052006,29.563969],[98.996681,29.647356],[99.013673,29.817859],[99.058015,29.921377],[99.044754,30.080033],[98.981555,30.181514],[98.973888,30.398636],[98.905924,30.682963],[98.960213,30.72361],[98.952339,30.769695],[98.780355,30.893325],[98.806049,30.99571],[98.675093,31.154077],[98.615417,31.179492],[98.603399,31.256569],[98.640075,31.337553],[98.69167,31.333002],[98.779941,31.251142],[98.887068,31.374632],[98.59884,31.612822],[98.553876,31.656546],[98.547038,31.715874],[98.414631,31.832587],[98.399298,31.895845],[98.432658,31.922599],[98.427893,31.996467],[98.219647,32.233829],[98.218819,32.342317],[98.023628,32.452493],[97.798599,32.519242],[97.50229,32.530999],[97.448415,32.587087],[97.360352,32.561866],[97.335486,32.514175],[97.388532,32.50146],[97.341496,32.439769],[97.391433,32.422737],[97.417956,32.300931],[97.369676,32.273137],[97.299639,32.294989],[97.264207,32.182607],[97.31373,32.128955],[97.308549,32.076713],[97.258197,32.072102],[97.219864,32.10908],[97.202044,32.090353],[97.234161,32.063456],[97.169719,32.032995],[96.95733,32.062591],[96.942618,31.986564],[96.894338,32.013772],[96.870302,31.967716],[96.79695,32.01829],[96.722148,32.014253],[96.810419,31.892765],[96.760896,31.863018],[96.766076,31.818909],[96.837149,31.715489],[96.775193,31.673914],[96.615021,31.736992],[96.568191,31.712017],[96.468109,31.770538],[96.38937,31.919904],[96.253648,31.929623],[96.188999,31.902775],[96.214486,31.876497],[96.178017,31.775646],[96.230233,31.750682],[96.253026,31.693691],[96.204954,31.599015],[96.160404,31.601042],[96.148386,31.686456],[96.046439,31.732074],[95.982619,31.816693],[95.899321,31.81467],[95.824933,31.682018],[95.736247,31.764081],[95.614615,31.783356],[95.576903,31.747404],[95.511632,31.750585],[95.360991,31.959156],[95.395595,32.001467],[95.454443,32.007812],[95.421289,32.03386],[95.45465,32.062495],[95.440145,32.157464],[95.40637,32.182127],[95.312712,32.148922],[95.269819,32.194791],[95.241225,32.320477],[95.106539,32.258854],[95.080223,32.278984],[95.0968,32.322201],[95.261738,32.348064],[95.218432,32.396991],[95.081674,32.384738],[94.988222,32.422641],[94.912591,32.415655],[94.890005,32.472294],[94.852086,32.46359],[94.759464,32.529374],[94.650264,32.460911],[94.683625,32.447519],[94.748896,32.308788],[94.74268,32.2601],[94.668499,32.211962],[94.650472,32.152857],[94.660625,32.056538],[94.68922,32.047122],[94.655859,31.990891],[94.651508,31.846455],[94.752833,31.798003],[94.773554,31.72301],[94.686526,31.678159],[94.684868,31.638789],[94.751382,31.63985],[94.76568,31.564054],[94.892285,31.53681],[94.912384,31.489742],[94.870942,31.41305],[94.973096,31.358369],[95.036088,31.159607],[94.934348,31.155921],[94.831572,31.11798],[94.811266,31.072159],[94.772932,31.078956],[94.717607,31.168435],[94.761121,31.359434],[94.618976,31.314893],[94.580021,31.377148],[94.6053,31.413824],[94.562615,31.430367],[94.482425,31.350721],[94.392496,31.349269],[94.365559,31.300848],[94.298216,31.313149],[94.294694,31.215179],[94.248693,31.191907],[94.214504,31.098664],[94.256774,31.074198],[94.344631,30.917059],[94.322252,30.851192],[93.993826,30.879607],[93.963988,30.838442],[93.825365,30.904512],[93.650274,30.921533],[93.598678,30.870072],[93.681355,30.852457],[93.702697,30.805146],[93.674724,30.771741],[93.79014,30.664827],[93.961916,30.606788],[94.154206,30.486894],[94.322667,30.595664],[94.437254,30.539341],[94.471029,30.573119],[94.510191,30.545981],[94.607165,30.549593],[94.612345,30.60025],[94.687976,30.620545],[95.01143,30.558965],[95.087683,30.570874],[95.105917,30.660536],[95.208071,30.614984],[95.267126,30.652734],[95.343586,30.619764],[95.321415,30.597811],[95.366379,30.550569],[95.429578,30.60952],[95.698949,30.554963],[95.697499,30.48113],[95.754481,30.456018],[95.825347,30.360885],[95.884609,30.344058],[95.870104,30.298945],[95.936411,30.245781],[96.091403,30.24725],[96.13989,30.196801],[96.214071,30.224918],[96.224432,30.282402],[96.335703,30.321749],[96.426253,30.325566],[96.479091,30.266737],[96.559696,30.295226],[96.631183,30.233636],[96.62994,30.157208],[96.599687,30.143974],[96.667652,30.128875],[96.637399,30.030579],[96.573164,29.978939],[96.57648,29.9201],[96.476191,29.780771],[96.494218,29.732545],[96.624345,29.639573],[96.654183,29.565645],[96.601345,29.5038],[96.705985,29.418912],[96.541254,29.356681],[96.668895,29.271373],[96.714067,29.17758],[96.840671,29.172631],[96.916303,29.122333],[96.93806,29.211625],[96.982609,29.202224],[96.991727,29.317644],[96.953393,29.36251],[96.984889,29.379503],[96.982609,29.482486],[97.057826,29.482684],[97.088493,29.540695],[97.086421,29.507352],[97.153557,29.446163],[97.29881,29.450507],[97.285756,29.429181],[97.359523,29.362016],[97.335486,29.320906],[97.396613,29.286205],[97.410289,29.068642],[97.545804,29.096481],[97.519695,29.136494],[97.541038,29.187379],[97.615219,29.206677],[97.547669,29.281064],[97.611903,29.290062],[97.744724,29.23161],[97.840248,29.105496],[97.985087,29.135108],[98.037718,29.083603],[98.039583,29.03336],[98.116665,29.000348],[98.092214,28.960877],[98.147124,28.862135],[98.203485,28.863625],[98.240576,28.920102],[98.305225,28.870574],[98.329675,28.78983],[98.37091,28.767076],[98.437839,28.788737],[98.5402,28.528799],[98.607128,28.458257],[98.684832,28.435231]]]]}},{"type":"Feature","properties":{"adcode":"540400","name":"林芝市"},"geometry":{"type":"MultiPolygon","coordinates":[[[[94.154206,30.486894],[94.099917,30.45592],[94.106548,30.389542],[94.024493,30.368026],[94.014547,30.306384],[93.878411,30.333002],[93.767139,30.279171],[93.554957,30.290038],[93.408253,30.348363],[93.429596,30.407925],[93.359352,30.469796],[93.246838,30.494807],[93.148828,30.404601],[93.094539,30.480837],[93.036728,30.502719],[93.024295,30.584148],[92.897276,30.60669],[92.875726,30.532799],[92.79305,30.527917],[92.750157,30.327229],[92.70913,30.33584],[92.708301,30.29454],[92.619201,30.301196],[92.625418,30.201504],[92.554552,30.096905],[92.438515,30.073068],[92.417794,30.049323],[92.442866,30.031069],[92.364749,29.975895],[92.324757,29.987973],[92.247675,29.936704],[92.191936,29.95085],[92.166864,29.881084],[92.244153,29.859653],[92.292433,29.790315],[92.356046,29.827891],[92.489074,29.797792],[92.524714,29.714332],[92.478714,29.656223],[92.474569,29.558052],[92.509795,29.545922],[92.587913,29.664499],[92.658571,29.68932],[92.749743,29.648933],[92.883807,29.717581],[92.975394,29.671492],[92.987619,29.609811],[93.095989,29.48673],[93.073611,29.4355],[93.115881,29.358657],[93.101584,29.334051],[93.025124,29.305386],[93.014971,29.235667],[92.917375,29.124314],[92.793464,29.063192],[92.74995,28.915835],[92.697734,28.898567],[92.654427,28.819235],[92.497777,28.867794],[92.428362,28.802249],[92.439137,28.763697],[92.493633,28.71489],[92.552273,28.803143],[92.777302,28.745211],[92.851068,28.69729],[92.92069,28.769659],[92.974358,28.731294],[93.087701,28.723938],[93.346298,28.749087],[93.364325,28.715487],[93.46938,28.701865],[93.467722,28.668647],[93.755743,28.688838],[93.881933,28.566143],[93.888771,28.396046],[94.031745,28.362233],[94.1569,28.231768],[94.146332,28.085541],[94.205594,27.996488],[94.292207,27.962949],[94.32391,27.893235],[94.35064,27.829592],[94.312514,27.737619],[94.362451,27.714237],[94.233981,27.63211],[94.216576,27.602678],[94.253459,27.55545],[94.277495,27.581177],[94.52511,27.596148],[94.885861,27.743137],[95.286603,27.940017],[95.396839,28.142337],[95.832185,28.294874],[95.874248,28.297569],[95.907816,28.241556],[95.989042,28.198402],[96.274162,28.228671],[96.295711,28.142536],[96.400145,28.120242],[96.396415,28.148934],[96.45174,28.152432],[96.499812,28.067337],[96.568399,28.061234],[96.682778,27.949731],[96.788869,27.9294],[96.810004,27.89043],[96.973699,27.860566],[97.093466,27.737819],[97.101547,27.779553],[97.251152,27.89043],[97.309171,27.913072],[97.357036,27.873194],[97.386253,27.886021],[97.377757,27.966855],[97.412983,28.013604],[97.378379,28.062635],[97.30627,28.073138],[97.341081,28.105843],[97.35082,28.236862],[97.399307,28.239458],[97.422929,28.29747],[97.460641,28.268118],[97.512029,28.315535],[97.484677,28.385973],[97.521353,28.444801],[97.508092,28.494929],[97.569633,28.541547],[97.685877,28.519934],[97.800878,28.326713],[97.907798,28.36333],[98.02052,28.25344],[98.033367,28.187311],[98.089935,28.195405],[98.139458,28.142436],[98.175305,28.165626],[98.169088,28.204297],[98.265026,28.239858],[98.209701,28.358542],[98.281189,28.394051],[98.377334,28.24595],[98.389352,28.114643],[98.428721,28.104543],[98.536677,28.176419],[98.626606,28.165526],[98.712391,28.22947],[98.740364,28.348565],[98.684832,28.435231],[98.541029,28.510969],[98.553876,28.54822],[98.477208,28.649846],[98.453794,28.775721],[98.329675,28.78983],[98.305225,28.870574],[98.240576,28.920102],[98.203485,28.863625],[98.147124,28.862135],[98.092214,28.960877],[98.116665,29.000348],[98.039583,29.03336],[98.037718,29.083603],[97.985087,29.135108],[97.857239,29.101533],[97.750941,29.213307],[97.611903,29.290062],[97.547669,29.281064],[97.615219,29.206677],[97.559687,29.193713],[97.519695,29.136494],[97.549741,29.10609],[97.410289,29.068642],[97.396613,29.286205],[97.335486,29.320906],[97.359523,29.362016],[97.285756,29.429181],[97.29881,29.450507],[97.153557,29.446163],[97.086421,29.507352],[97.088493,29.540695],[97.064457,29.495709],[96.982609,29.482486],[96.994006,29.394222],[96.953393,29.36251],[96.991727,29.317644],[96.982609,29.202224],[96.918996,29.19688],[96.916303,29.122333],[96.840671,29.172631],[96.728571,29.168671],[96.668895,29.271373],[96.541254,29.356681],[96.623516,29.403605],[96.701841,29.399851],[96.601345,29.5038],[96.654183,29.565645],[96.624345,29.639573],[96.494218,29.732545],[96.476191,29.780771],[96.665787,30.114166],[96.599687,30.143974],[96.62994,30.157208],[96.631183,30.233636],[96.532344,30.303741],[96.479091,30.266737],[96.426253,30.325566],[96.335703,30.321749],[96.224432,30.282402],[96.191693,30.211106],[96.116268,30.200133],[96.056592,30.256064],[95.936411,30.245781],[95.870104,30.298945],[95.884609,30.344058],[95.825347,30.360885],[95.754481,30.456018],[95.697499,30.48113],[95.698949,30.554963],[95.429578,30.60952],[95.380055,30.561113],[95.323694,30.58327],[95.343586,30.619764],[95.267126,30.652734],[95.223612,30.620447],[95.105917,30.660536],[95.081259,30.607861],[95.10053,30.582879],[95.01143,30.558965],[94.687976,30.620545],[94.612345,30.60025],[94.607165,30.549593],[94.510191,30.545981],[94.471029,30.573119],[94.437254,30.539341],[94.382136,30.541294],[94.373019,30.585417],[94.322667,30.595664],[94.154206,30.486894]]]]}},{"type":"Feature","properties":{"adcode":"540500","name":"山南市"},"geometry":{"type":"MultiPolygon","coordinates":[[[[90.349226,29.307363],[90.231946,29.146],[90.246451,29.054075],[90.182837,28.965737],[90.22345,28.801255],[90.063692,28.617806],[90.121503,28.566641],[90.128341,28.503298],[90.08089,28.473207],[90.088764,28.39455],[90.12544,28.35086],[90.229252,28.347966],[90.18781,28.165526],[90.293073,28.154831],[90.384245,28.060834],[90.514165,28.061934],[90.591868,28.021311],[90.701896,28.076039],[90.888591,27.949531],[90.961736,27.953537],[90.964844,27.900549],[91.07798,27.846534],[91.113413,27.846133],[91.216396,27.989281],[91.251829,27.970359],[91.309847,28.057833],[91.465254,28.002695],[91.486597,27.937513],[91.624598,27.869286],[91.544408,27.820368],[91.616517,27.816959],[91.642211,27.766613],[91.562228,27.627389],[91.584814,27.540372],[91.718878,27.46737],[92.010421,27.474712],[92.064917,27.391299],[92.126044,27.273165],[92.032385,27.16822],[92.029692,27.078721],[92.124801,26.960054],[92.109053,26.854815],[92.665616,26.952374],[92.802996,26.895264],[92.909294,26.914371],[93.111323,26.880198],[93.567804,26.938023],[93.817077,27.025412],[93.862248,27.18718],[94.253459,27.55545],[94.233981,27.63211],[94.362451,27.714237],[94.312514,27.737619],[94.35064,27.829592],[94.292207,27.962949],[94.205594,27.996488],[94.162909,28.075839],[94.1569,28.231768],[94.031745,28.362233],[93.888771,28.396046],[93.881933,28.566143],[93.755743,28.688838],[93.636598,28.654919],[93.608417,28.680384],[93.467722,28.668647],[93.46938,28.701865],[93.378001,28.708229],[93.346298,28.749087],[93.087701,28.723938],[92.974358,28.731294],[92.92069,28.769659],[92.868474,28.701368],[92.804446,28.701467],[92.777302,28.745211],[92.566985,28.803044],[92.509795,28.720856],[92.439137,28.763697],[92.428362,28.802249],[92.497777,28.867794],[92.654427,28.819235],[92.697734,28.898567],[92.776059,28.951255],[92.793464,29.063192],[92.917375,29.124314],[93.014971,29.235667],[93.025124,29.305386],[93.115881,29.358657],[93.073611,29.4355],[93.083971,29.525011],[92.987619,29.609811],[92.975394,29.671492],[92.883807,29.717581],[92.749743,29.648933],[92.658571,29.68932],[92.587913,29.664499],[92.509795,29.545922],[92.464416,29.591772],[92.524714,29.714332],[92.503993,29.792971],[92.393965,29.823072],[92.362884,29.753413],[92.387956,29.638587],[92.28518,29.566828],[92.185098,29.561997],[92.12853,29.52294],[91.842582,29.58221],[91.692148,29.519783],[91.625012,29.54464],[91.633093,29.575505],[91.547723,29.575407],[91.404956,29.489789],[91.287469,29.527083],[91.170603,29.505675],[90.98225,29.379405],[90.762815,29.32476],[90.708734,29.337905],[90.522039,29.247933],[90.424029,29.244471],[90.349226,29.307363]]]]}},{"type":"Feature","properties":{"adcode":"540600","name":"那曲市"},"geometry":{"type":"MultiPolygon","coordinates":[[[[94.759464,32.529374],[94.772725,32.555082],[94.614624,32.673587],[94.535471,32.598167],[94.462119,32.605234],[94.463569,32.572471],[94.434145,32.563108],[94.404929,32.59874],[94.367217,32.521727],[94.196891,32.516183],[94.180107,32.455459],[94.137629,32.433837],[94.052674,32.470668],[94.011232,32.446179],[93.959844,32.484918],[93.869501,32.474015],[93.822671,32.547533],[93.721968,32.578108],[93.650066,32.570274],[93.620435,32.523926],[93.516417,32.475928],[93.462957,32.556038],[93.41219,32.557853],[93.385668,32.525168],[93.239792,32.662326],[93.17535,32.670438],[93.077133,32.627292],[93.001088,32.741124],[92.913853,32.704596],[92.687995,32.766009],[92.636192,32.72043],[92.355839,32.764579],[92.255342,32.720716],[92.198567,32.754759],[92.227576,32.820902],[92.205819,32.85643],[92.118791,32.876808],[91.956132,32.82052],[91.839681,32.947997],[91.780834,32.946094],[91.583363,33.037662],[91.535705,33.099985],[91.483696,33.105018],[91.43583,33.066169],[91.230486,33.142521],[91.133305,33.074244],[91.011881,33.12154],[90.911384,33.110146],[90.902267,33.083079],[90.88424,33.119167],[90.705626,33.135781],[90.489714,33.265362],[90.366839,33.281285],[90.246451,33.424087],[90.10762,33.461169],[90.083377,33.525175],[90.021629,33.54757],[89.983917,33.612078],[90.008367,33.687953],[89.983709,33.725771],[89.907249,33.741044],[89.933565,33.797023],[89.837213,33.868969],[89.794942,33.865486],[89.634977,34.049415],[89.693202,34.126028],[89.756194,34.123776],[89.760338,34.152488],[89.815248,34.167779],[89.825609,34.293658],[89.869952,34.330084],[89.799501,34.396247],[89.82333,34.45544],[89.814212,34.549987],[89.777951,34.574447],[89.799708,34.628383],[89.743347,34.6448],[89.723455,34.704003],[89.867672,34.810555],[89.787482,34.92171],[89.711644,34.920595],[89.654454,34.883218],[89.579652,34.894098],[89.56121,34.931098],[89.59312,35.104254],[89.519561,35.13402],[89.450561,35.223995],[89.532201,35.285094],[89.494696,35.298512],[89.499255,35.35447],[89.686364,35.414732],[89.765311,35.482519],[89.70004,35.53752],[89.714545,35.583171],[89.765933,35.599765],[89.729878,35.655698],[89.801987,35.847803],[89.550021,35.857451],[89.427975,35.917427],[89.434813,35.993227],[89.40456,36.01698],[89.417614,36.04476],[89.476254,36.022024],[89.605139,36.038251],[89.688022,36.090945],[89.490137,36.15111],[89.375551,36.228149],[89.292667,36.231441],[89.232162,36.295701],[89.127936,36.249636],[88.964241,36.318997],[88.925907,36.364382],[88.801375,36.336898],[88.782519,36.291772],[88.623589,36.389391],[88.57303,36.461181],[88.512525,36.445406],[88.378875,36.483334],[88.365614,36.457807],[88.241496,36.468657],[88.134576,36.427164],[87.982899,36.437836],[87.919493,36.393681],[87.570553,36.342378],[87.470471,36.354248],[87.460318,36.409922],[87.361893,36.419137],[87.313406,36.367668],[87.193432,36.349409],[87.149504,36.297437],[86.996169,36.308675],[86.891736,36.261978],[86.861898,36.299904],[86.746068,36.292046],[86.700068,36.244791],[86.515652,36.205283],[86.455147,36.221198],[86.190541,36.132616],[86.200072,36.047968],[86.132936,35.979468],[86.070774,35.840175],[86.318389,35.636444],[86.285235,35.592851],[86.305749,35.529217],[86.252289,35.484642],[86.279226,35.385254],[86.178108,35.321547],[86.234883,35.160532],[86.112216,34.929239],[86.144955,34.924034],[86.137495,34.875871],[86.034927,34.715093],[86.054197,34.65711],[85.943755,34.524305],[86.067044,34.478432],[86.170441,34.38633],[86.131693,34.304241],[86.1319,34.209979],[86.200072,34.122274],[86.19282,34.027996],[86.236334,33.998301],[86.227838,33.962202],[86.273631,33.894287],[86.179766,33.711344],[86.188261,33.653516],[86.25001,33.632186],[86.268037,33.490578],[86.311343,33.42948],[86.253739,33.387462],[86.245451,33.323639],[86.034305,33.243273],[86.019386,33.167198],[86.172928,33.158941],[86.111387,33.067404],[86.131072,33.025592],[86.069531,32.983094],[86.055233,32.911933],[86.107035,32.866429],[86.074089,32.803561],[85.973178,32.774016],[85.880349,32.6962],[85.749393,32.689522],[85.501778,32.59043],[85.410606,32.595015],[85.34865,32.523352],[85.271776,32.498113],[85.17646,32.245336],[85.056071,32.100917],[85.071819,32.047987],[85.141234,31.998102],[85.16527,31.886701],[85.125486,31.823436],[85.146207,31.755116],[85.118855,31.687035],[85.143306,31.658959],[85.21873,31.672853],[85.283587,31.64207],[85.352173,31.557292],[85.39838,31.592738],[85.445831,31.576803],[85.444174,31.540192],[85.561454,31.488679],[85.549021,31.455127],[85.604346,31.361854],[85.863358,31.285251],[85.870403,31.252499],[86.1319,31.213433],[86.168369,31.181432],[86.194685,31.003872],[86.315695,30.953038],[86.339938,30.794434],[86.424272,30.700803],[86.429453,30.481227],[86.532643,30.4824],[86.571598,30.396974],[86.60786,30.408805],[86.556265,30.444779],[86.640391,30.426989],[86.659869,30.463249],[86.718924,30.451815],[86.677275,30.52694],[86.706284,30.547152],[86.780879,30.521471],[86.786267,30.548324],[86.80906,30.53319],[86.858168,30.568336],[86.925097,30.51483],[86.943745,30.53319],[86.93152,30.60347],[86.854024,30.582294],[86.901682,30.658976],[86.897952,30.729067],[86.861069,30.726534],[86.862312,30.663559],[86.784195,30.664144],[86.765338,30.68462],[86.804294,30.689397],[86.781708,30.773787],[86.736536,30.818874],[86.81942,30.895563],[86.976692,30.919977],[86.941673,30.894298],[86.950169,30.837565],[86.869772,30.767163],[86.88697,30.739007],[87.008187,30.805243],[87.023314,30.893812],[87.101224,30.935537],[87.127747,30.847688],[87.10081,30.7957],[87.16836,30.710745],[87.159036,30.584929],[87.367488,30.529088],[87.386137,30.556427],[87.472957,30.551546],[87.531598,30.477906],[87.509219,30.430899],[87.538228,30.422101],[87.527661,30.395996],[87.577598,30.367145],[87.731347,30.334861],[87.860853,30.393062],[88.036152,30.356972],[88.082152,30.376144],[88.117792,30.276038],[88.187207,30.257043],[88.201297,30.224527],[88.273199,30.22051],[88.30428,30.259393],[88.412029,30.243528],[88.482687,30.174752],[88.46466,30.085723],[88.51812,30.050305],[88.646175,30.220608],[88.860429,30.202876],[88.873276,30.230306],[88.949115,30.196017],[89.010449,30.260764],[89.104521,30.252146],[89.201702,30.311278],[89.248325,30.261449],[89.302613,30.277996],[89.368299,30.229131],[89.483714,30.251951],[89.552922,30.21669],[89.684914,30.222959],[89.718689,30.159854],[89.776915,30.18514],[89.899168,29.975305],[90.033647,29.938963],[90.069908,29.953207],[90.082134,30.014775],[90.117774,30.015561],[90.251424,30.283087],[90.394605,30.283479],[90.398749,30.335155],[90.450344,30.384848],[90.557057,30.40157],[90.654652,30.46921],[90.596841,30.572534],[90.720338,30.949733],[90.756185,31.012423],[90.797419,31.024179],[90.878853,30.988227],[90.909934,31.022722],[90.940394,31.013298],[90.98225,30.937384],[91.018304,30.945358],[91.007115,30.922408],[91.080881,30.881845],[91.161278,30.963052],[91.124602,30.981715],[91.115278,31.040402],[91.191945,31.019807],[91.280216,31.055845],[91.347145,31.041373],[91.428578,30.705189],[91.548138,30.651076],[91.738563,30.728288],[91.755554,30.653417],[91.878429,30.558672],[91.903916,30.51444],[91.791608,30.463738],[91.810464,30.430508],[91.853771,30.430313],[91.859366,30.284849],[91.928159,30.279465],[91.959862,30.185532],[92.172873,30.213359],[92.222396,30.315682],[92.356046,30.251461],[92.616715,30.219335],[92.619201,30.301196],[92.708301,30.29454],[92.70913,30.33584],[92.743734,30.323315],[92.794293,30.439892],[92.76404,30.472629],[92.783933,30.51903],[92.875726,30.532799],[92.887123,30.596152],[92.918618,30.608349],[93.024295,30.584148],[93.024709,30.510924],[93.08335,30.490704],[93.1308,30.412911],[93.274189,30.49637],[93.429596,30.407925],[93.408253,30.348363],[93.554957,30.290038],[93.767139,30.279171],[93.878411,30.333002],[94.00025,30.297281],[94.024493,30.368026],[94.106548,30.389542],[94.099917,30.45592],[94.151305,30.48025],[93.977457,30.601226],[93.862248,30.619569],[93.679904,30.75635],[93.702697,30.805146],[93.681355,30.852457],[93.598678,30.870072],[93.650274,30.921533],[93.855618,30.90422],[93.963988,30.838442],[93.993826,30.879607],[94.322252,30.851192],[94.344631,30.917059],[94.256774,31.074198],[94.214504,31.098664],[94.248693,31.191907],[94.294694,31.215179],[94.301532,31.294648],[94.346289,31.296876],[94.392496,31.349269],[94.482425,31.350721],[94.562615,31.430367],[94.6053,31.413824],[94.58375,31.393407],[94.618976,31.314893],[94.761121,31.359434],[94.717607,31.168435],[94.772932,31.078956],[94.934348,31.155921],[95.036088,31.159607],[95.047691,31.187639],[94.986357,31.274884],[94.973096,31.358369],[94.870942,31.41305],[94.912384,31.489742],[94.892285,31.53681],[94.782464,31.557678],[94.751382,31.63985],[94.684868,31.638789],[94.686526,31.678159],[94.766509,31.709991],[94.761536,31.785284],[94.651508,31.846455],[94.655859,31.990891],[94.688184,32.032803],[94.650472,32.152857],[94.668499,32.211962],[94.74268,32.2601],[94.760914,32.341838],[94.650264,32.460911],[94.759464,32.529374]]],[[[86.123612,30.967329],[86.09999,31.057884],[85.915367,31.079733],[85.786276,31.021167],[85.760167,30.951775],[85.931736,30.926687],[85.944376,30.864914],[85.862736,30.86832],[85.913709,30.808748],[85.90107,30.783137],[85.826889,30.797161],[85.860457,30.751478],[85.948313,30.767455],[85.941061,30.747873],[86.015242,30.774468],[86.023323,30.82014],[86.077404,30.843308],[86.067458,30.897119],[86.101648,30.905874],[86.123612,30.967329]]]]}},{"type":"Feature","properties":{"adcode":"542500","name":"阿里地区"},"geometry":{"type":"MultiPolygon","coordinates":[[[[86.070567,35.860667],[85.949142,35.778853],[85.692824,35.751809],[85.612842,35.651645],[85.564976,35.641235],[85.369786,35.705977],[85.351344,35.746012],[85.251262,35.781152],[85.146,35.742516],[84.994737,35.736811],[84.762456,35.624558],[84.447498,35.549604],[84.471327,35.526818],[84.454129,35.474395],[84.181027,35.360387],[84.100837,35.362421],[84.005936,35.4224],[83.923881,35.410851],[83.86006,35.360757],[83.684554,35.362514],[83.622184,35.335421],[83.24237,35.419813],[83.126748,35.398562],[83.067693,35.462669],[82.999107,35.484458],[82.967404,35.667396],[82.788582,35.684617],[82.731393,35.637826],[82.62841,35.69226],[82.468652,35.717392],[82.349299,35.656251],[82.328164,35.559473],[82.043251,35.453066],[82.044288,35.331629],[81.853862,35.258623],[81.513211,35.234922],[81.504715,35.279171],[81.404012,35.341339],[81.219596,35.319142],[81.19183,35.365287],[81.142307,35.365195],[81.099207,35.407525],[81.031657,35.380632],[81.031242,35.337455],[81.003476,35.334958],[81.026269,35.311927],[80.689348,35.338935],[80.656401,35.393941],[80.516742,35.392278],[80.444426,35.417227],[80.44339,35.445308],[80.377084,35.388951],[80.303732,35.378506],[80.267884,35.295736],[80.362786,35.20899],[80.257731,35.203432],[80.209451,35.122708],[80.031044,35.038841],[80.036225,34.902838],[79.994783,34.855965],[79.934071,34.859686],[79.907133,34.683869],[79.866935,34.671377],[79.885791,34.642841],[79.843727,34.557363],[79.860926,34.528228],[79.80125,34.4789],[79.626572,34.448429],[79.545346,34.476283],[79.514472,34.4474],[79.22956,34.414018],[79.161388,34.441323],[79.038927,34.421687],[79.011161,34.402327],[79.045973,34.32353],[78.983603,34.318474],[78.925999,34.155678],[78.6616,34.086791],[78.656212,34.030345],[78.744483,33.980535],[78.73288,33.919879],[78.762511,33.909436],[78.779916,33.732559],[78.685014,33.654459],[78.754844,33.623218],[78.741997,33.553334],[78.847052,33.421343],[79.022351,33.323544],[79.072288,33.22848],[79.157451,33.178964],[79.163046,33.011999],[79.255461,32.942859],[79.225208,32.784501],[79.274939,32.779163],[79.302083,32.722147],[79.273074,32.678072],[79.308299,32.596925],[79.2451,32.513602],[79.135901,32.472102],[79.09218,32.370185],[79.005981,32.37526],[78.970549,32.332068],[78.810583,32.436516],[78.760439,32.563777],[78.781367,32.596066],[78.722726,32.700493],[78.395543,32.530521],[78.473247,32.435272],[78.458949,32.380047],[78.504328,32.317411],[78.485887,32.250226],[78.430769,32.212154],[78.469517,32.127899],[78.509923,32.14729],[78.608762,32.054521],[78.595915,32.037897],[78.762303,31.94694],[78.653726,31.821799],[78.755258,31.678545],[78.798565,31.675555],[78.845809,31.609925],[78.725835,31.507432],[78.791934,31.436171],[78.753808,31.363984],[78.779709,31.317023],[78.88062,31.298814],[78.994792,31.170763],[78.974071,31.115748],[79.010125,31.04419],[79.097153,30.992114],[79.181695,31.015532],[79.227488,30.949247],[79.329435,30.962663],[79.31638,31.017864],[79.404651,31.071577],[79.430138,31.017767],[79.505977,31.027385],[79.593212,30.939815],[79.6906,30.970731],[79.820934,30.857907],[79.912728,30.832893],[79.895322,30.810209],[79.961008,30.771254],[79.970539,30.685887],[80.043891,30.60347],[80.124703,30.558575],[80.214632,30.585905],[80.308705,30.568824],[80.357606,30.520592],[80.7196,30.414867],[80.817196,30.321358],[81.034351,30.247152],[81.106667,30.100338],[81.096099,30.05315],[81.132153,30.015953],[81.225812,30.005548],[81.256272,30.012027],[81.293155,30.094943],[81.263524,30.142405],[81.393858,30.199349],[81.428048,30.305405],[81.400075,30.319498],[81.432814,30.379371],[81.418516,30.420342],[81.555689,30.369591],[81.566463,30.428944],[81.613086,30.412716],[81.630077,30.446636],[81.991035,30.322728],[82.083657,30.353255],[82.132766,30.304329],[82.114324,30.22678],[82.143541,30.200035],[82.271596,30.310984],[82.273254,30.401765],[82.322776,30.433538],[82.356966,30.401863],[82.409183,30.408121],[82.413327,30.360298],[82.457255,30.371938],[82.466994,30.425523],[82.585103,30.354331],[82.637734,30.364993],[82.663843,30.401081],[82.611211,30.528112],[82.657212,30.608056],[82.635248,30.721758],[82.709636,30.79609],[82.774699,30.793266],[82.826087,30.691932],[82.949791,30.647662],[82.926376,30.613325],[82.949791,30.539634],[83.011747,30.549593],[83.052981,30.506626],[83.144775,30.609227],[83.178964,30.705189],[83.158243,30.789565],[83.044071,30.81128],[82.940881,30.938065],[82.894881,30.916087],[82.801222,31.018836],[82.823186,31.154271],[82.966161,31.173479],[82.992476,31.258895],[82.949377,31.401826],[82.967197,31.477464],[82.835826,31.535071],[82.8207,31.578252],[82.842871,31.593317],[82.979422,31.570719],[82.913944,31.632611],[83.010089,31.640333],[83.047179,31.607029],[83.060648,31.639561],[83.184145,31.689447],[83.219577,31.647668],[83.266614,31.652107],[83.256668,31.696585],[83.306812,31.729182],[83.370011,31.627109],[83.472994,31.588103],[83.827529,31.569559],[83.978584,31.591676],[84.056287,31.640815],[84.109126,31.607125],[84.167559,31.668608],[84.211487,31.67266],[84.280695,31.663976],[84.302866,31.611084],[84.3412,31.640912],[84.386371,31.617359],[84.396525,31.67102],[84.349695,31.780754],[84.378912,31.806771],[84.444183,31.775936],[84.479823,31.696585],[84.668383,31.648633],[84.620103,31.641491],[84.524165,31.485875],[84.375182,31.487035],[84.279037,31.420209],[84.207757,31.411115],[84.209,31.36863],[84.347831,31.31557],[84.494949,31.327095],[84.498264,31.302398],[84.595445,31.27188],[84.632743,31.102741],[84.614716,31.069246],[84.664239,31.066139],[84.693662,31.035836],[84.680194,30.990268],[84.774474,30.93048],[84.601454,30.799693],[84.518571,30.645614],[84.471327,30.621423],[84.498679,30.541294],[84.468633,30.527624],[84.486039,30.504868],[84.452264,30.443117],[84.572652,30.406067],[84.620725,30.297673],[84.708581,30.249698],[84.702572,30.211204],[84.743185,30.171714],[84.736762,29.999559],[84.855493,29.982376],[84.858186,29.946135],[84.952674,29.857981],[85.164649,29.696607],[85.251676,29.712461],[85.312596,29.679372],[85.402525,29.723685],[85.391957,29.807334],[85.442516,29.855622],[85.466138,29.821498],[85.529544,29.815203],[85.545292,29.77772],[85.591085,29.777425],[85.604968,29.80094],[85.543841,29.836939],[85.545706,29.870664],[85.696554,29.900348],[85.68868,29.991213],[85.764519,30.005253],[85.790834,30.04373],[85.772186,30.142797],[85.842844,30.108576],[85.855691,30.137797],[85.820465,30.227074],[85.762447,30.25577],[85.821708,30.279856],[85.860664,30.349733],[85.930493,30.328208],[85.885529,30.39805],[85.897754,30.494904],[85.868745,30.59381],[85.750843,30.604056],[85.710644,30.64025],[85.737789,30.6776],[85.837042,30.666582],[85.802024,30.720784],[85.827718,30.829973],[85.774672,30.90422],[85.771771,31.008634],[85.855691,31.0708],[86.07326,31.067013],[86.123612,30.967329],[86.194685,31.003872],[86.196342,31.067789],[86.1319,31.213433],[85.963439,31.224777],[85.604346,31.361854],[85.549021,31.455127],[85.561454,31.488679],[85.444174,31.540192],[85.445831,31.576803],[85.39838,31.592738],[85.352173,31.557292],[85.283587,31.64207],[85.118855,31.687035],[85.16527,31.886701],[85.141234,31.998102],[85.071819,32.047987],[85.056071,32.100917],[85.17646,32.245336],[85.258514,32.487978],[85.338497,32.515227],[85.410606,32.595015],[85.501778,32.59043],[85.749393,32.689522],[85.880349,32.6962],[85.973178,32.774016],[86.062071,32.79365],[86.109107,32.858335],[86.062278,32.898513],[86.069531,32.983094],[86.131072,33.025592],[86.111387,33.067404],[86.172306,33.140148],[86.030161,33.156948],[86.020629,33.213116],[86.034305,33.243273],[86.205252,33.302038],[86.253739,33.387462],[86.328542,33.421627],[86.268037,33.490578],[86.25001,33.632186],[86.188261,33.653516],[86.179766,33.711344],[86.273631,33.894287],[86.227838,33.962202],[86.236334,33.998301],[86.19282,34.027996],[86.200072,34.122274],[86.1319,34.209979],[86.131693,34.304241],[86.170441,34.38633],[86.067044,34.478432],[85.951007,34.509173],[85.94852,34.559884],[86.054197,34.65711],[86.034927,34.715093],[86.137495,34.875871],[86.144955,34.924034],[86.112216,34.929239],[86.234883,35.160532],[86.178108,35.321547],[86.294974,35.375456],[86.252289,35.484642],[86.305749,35.529217],[86.285235,35.592851],[86.318389,35.636444],[86.104963,35.794487],[86.070567,35.860667]]]]}},{"type":"Feature","properties":{"adcode":"610100","name":"西安市"},"geometry":{"type":"MultiPolygon","coordinates":[[[[109.754502,34.212239],[109.523622,34.255851],[109.456045,34.298237],[109.461859,34.394169],[109.391346,34.468529],[109.391346,34.529138],[109.449771,34.553625],[109.421163,34.706866],[109.410859,34.743117],[109.365098,34.739285],[109.340749,34.69872],[109.173072,34.691931],[109.138823,34.588823],[108.955201,34.565866],[108.961015,34.424787],[108.803239,34.359531],[108.796792,34.296713],[108.700952,34.273675],[108.692087,34.238987],[108.650125,34.265808],[108.468115,34.205731],[108.328585,34.195928],[108.027941,34.228144],[108.00106,34.103953],[107.943038,34.042312],[107.949887,33.985379],[107.8103,33.995045],[107.71377,33.92736],[107.665821,33.760013],[107.695868,33.72366],[107.854278,33.694081],[107.90309,33.748947],[108.180191,33.711862],[108.345969,33.793848],[108.404855,33.763324],[108.466445,33.800629],[108.584274,33.764536],[108.650067,33.841549],[108.741014,33.841468],[108.778487,33.798046],[109.051502,33.923169],[109.120576,33.876481],[109.508541,33.848004],[109.603633,33.940982],[109.533235,33.982077],[109.567139,34.064688],[109.658835,34.105481],[109.739824,34.09792],[109.78098,34.160083],[109.822194,34.155742],[109.745465,34.187491],[109.754502,34.212239]]],[[[109.174166,33.808702],[109.147284,33.799337],[109.154019,33.791103],[109.174166,33.808702]]]]}},{"type":"Feature","properties":{"adcode":"610200","name":"铜川市"},"geometry":{"type":"MultiPolygon","coordinates":[[[[108.868629,35.344653],[108.750627,35.293366],[108.670674,35.210462],[108.633432,35.164093],[108.662673,35.128585],[108.591297,35.101645],[108.626812,35.099897],[108.583526,35.043524],[108.689036,34.880707],[108.766399,34.87202],[108.82327,34.804881],[108.977823,34.835348],[108.967347,34.88007],[109.061748,34.888836],[109.095479,34.919271],[109.084542,34.955906],[109.212559,35.003745],[109.223726,35.04758],[109.28313,35.084952],[109.444187,35.088848],[109.433538,35.167429],[109.362162,35.164411],[109.283533,35.251012],[109.495647,35.357251],[109.466694,35.509074],[109.243758,35.523702],[109.20358,35.580137],[109.051559,35.548763],[108.923139,35.363114],[108.868629,35.344653]]]]}},{"type":"Feature","properties":{"adcode":"610300","name":"宝鸡市"},"geometry":{"type":"MultiPolygon","coordinates":[[[[108.027941,34.228144],[107.990181,34.22212],[107.995131,34.265647],[107.950808,34.287803],[107.953744,34.32183],[108.035884,34.315972],[108.041698,34.390001],[107.980453,34.575866],[108.032143,34.626644],[108.015335,34.726032],[107.951787,34.863332],[107.857961,34.844438],[107.820028,34.973739],[107.67434,34.951208],[107.63986,34.918793],[107.633414,34.953915],[107.572168,34.971351],[107.536653,34.915368],[107.322351,34.938148],[107.252528,34.881185],[107.201011,34.881664],[107.162387,34.944121],[107.103041,34.960046],[107.096076,35.010111],[107.012439,35.029365],[106.990796,35.068495],[106.7145,35.105619],[106.666206,35.076605],[106.543542,35.085032],[106.48316,34.980108],[106.578367,34.789006],[106.459617,34.705589],[106.44868,34.636396],[106.421741,34.654939],[106.323138,34.589863],[106.33442,34.517852],[106.487765,34.523375],[106.599434,34.465966],[106.637252,34.392005],[106.717378,34.369234],[106.663903,34.243163],[106.526446,34.291977],[106.496514,34.255129],[106.551255,34.242601],[106.584871,34.149471],[106.56081,34.113203],[106.501867,34.104918],[106.476022,33.973779],[106.41092,33.909221],[106.428246,33.866479],[106.475331,33.875755],[106.493406,33.846148],[106.461804,33.789649],[106.482642,33.707336],[106.53485,33.695132],[106.581475,33.590638],[106.617911,33.591933],[106.64226,33.658994],[106.705693,33.676944],[106.674955,33.701437],[106.789215,33.67751],[106.80585,33.809832],[106.855583,33.874384],[107.028153,33.794574],[107.044904,33.873819],[107.080477,33.8221],[107.136945,33.81411],[107.128368,33.777618],[107.145233,33.794251],[107.212581,33.74927],[107.342037,33.81411],[107.3056,33.710165],[107.400347,33.651312],[107.628694,33.714448],[107.673764,33.699497],[107.695868,33.72366],[107.665821,33.760013],[107.717626,33.910431],[107.8103,33.995045],[107.949887,33.985379],[107.943038,34.042312],[108.00106,34.103953],[108.027941,34.228144]]]]}},{"type":"Feature","properties":{"adcode":"610400","name":"咸阳市"},"geometry":{"type":"MultiPolygon","coordinates":[[[[107.820028,34.973739],[107.857501,34.863172],[107.90804,34.842684],[107.951787,34.863332],[108.015335,34.726032],[108.032143,34.626644],[107.980453,34.575866],[108.053095,34.325761],[107.953744,34.32183],[107.990181,34.22212],[108.328585,34.195928],[108.650125,34.265808],[108.692087,34.238987],[108.700952,34.273675],[108.796792,34.296713],[108.803239,34.359531],[108.961015,34.424787],[108.955201,34.565866],[109.138823,34.588823],[109.168237,34.666525],[109.173187,34.705589],[109.068655,34.713176],[109.046436,34.687058],[109.034406,34.771451],[108.957158,34.829766],[108.82327,34.804881],[108.766399,34.87202],[108.689036,34.880707],[108.583526,35.043524],[108.626812,35.099897],[108.591297,35.101645],[108.662673,35.128585],[108.633432,35.164093],[108.750627,35.293366],[108.873349,35.326108],[108.835876,35.380304],[108.803584,35.379195],[108.767378,35.486769],[108.659162,35.537775],[108.622898,35.540779],[108.605975,35.502826],[108.631129,35.418632],[108.615357,35.331656],[108.568272,35.290908],[108.239365,35.256248],[108.193776,35.306607],[107.949772,35.2453],[107.716648,35.302326],[107.737312,35.267433],[107.662597,35.255375],[107.670311,35.21443],[107.802069,35.032388],[107.848349,35.023876],[107.858595,34.986873],[107.820028,34.973739]]]]}},{"type":"Feature","properties":{"adcode":"610500","name":"渭南市"},"geometry":{"type":"MultiPolygon","coordinates":[[[[110.430966,34.40948],[110.360626,34.517292],[110.404488,34.557626],[110.367188,34.566746],[110.379161,34.600499],[110.295524,34.611054],[110.236638,34.67044],[110.23094,34.880707],[110.373692,35.134226],[110.374844,35.251964],[110.450019,35.327772],[110.60935,35.632189],[110.550752,35.838088],[110.411107,35.809967],[110.282227,35.711741],[110.162787,35.710006],[110.1332,35.675132],[110.193927,35.656347],[110.283033,35.56702],[110.273765,35.538803],[110.222478,35.546629],[110.230421,35.510497],[110.087381,35.406677],[109.996606,35.434702],[109.983712,35.410081],[109.752775,35.434544],[109.698034,35.409052],[109.546935,35.443805],[109.476019,35.340215],[109.283533,35.251012],[109.362162,35.164411],[109.433538,35.167429],[109.426746,35.06921],[109.27415,35.099579],[109.261659,35.050761],[109.105207,34.97167],[109.062323,34.908357],[108.983291,34.889951],[108.977823,34.835348],[109.04517,34.752297],[109.046436,34.687058],[109.068655,34.713176],[109.340749,34.69872],[109.365098,34.739285],[109.410859,34.743117],[109.449771,34.553625],[109.391346,34.529138],[109.391346,34.468529],[109.461859,34.394169],[109.456045,34.298237],[109.523622,34.255851],[109.739996,34.217219],[109.775972,34.251997],[109.80199,34.224048],[109.792147,34.263078],[109.825591,34.288205],[109.997642,34.221638],[110.024063,34.240352],[110.007255,34.303213],[110.040526,34.324156],[110.007197,34.368593],[110.103383,34.428874],[110.284357,34.391364],[110.430966,34.40948]]]]}},{"type":"Feature","properties":{"adcode":"610600","name":"延安市"},"geometry":{"type":"MultiPolygon","coordinates":[[[[110.54937,35.854074],[110.511668,35.879739],[110.514258,35.975714],[110.45048,36.132247],[110.50217,36.530999],[110.498256,36.578056],[110.394472,36.676839],[110.433269,36.679799],[110.451803,36.726533],[110.421238,36.721549],[110.432002,36.74802],[110.388486,36.764911],[110.424519,36.855524],[110.382902,36.870448],[110.425728,36.957211],[110.362238,36.943857],[110.352222,36.975141],[110.294718,36.965594],[110.191107,37.013394],[110.087554,36.985308],[110.032467,37.029605],[110.025099,37.132221],[109.990677,37.130207],[109.954529,37.206306],[110.013126,37.204913],[110.028323,37.265244],[109.919128,37.314091],[109.879353,37.270887],[109.762043,37.270733],[109.783801,37.310691],[109.812351,37.305051],[109.80366,37.347308],[109.717778,37.435377],[109.634659,37.419407],[109.492539,37.498451],[109.385877,37.438154],[109.329812,37.373253],[109.342994,37.347385],[109.178713,37.327148],[109.173935,37.30451],[109.11787,37.322435],[109.056567,37.28542],[109.013684,37.303891],[108.950884,37.233383],[108.876227,37.252717],[108.85349,37.205378],[108.883019,37.150962],[108.750915,37.114405],[108.741245,37.081241],[108.809052,37.043409],[108.768241,36.974831],[108.651218,37.03961],[108.558486,36.986549],[108.487743,37.026891],[108.542254,37.039842],[108.547838,37.163583],[108.515258,37.231294],[108.452688,37.2538],[108.486419,37.28542],[108.438701,37.3144],[108.418842,37.407215],[108.21657,37.325139],[108.282248,37.26161],[108.213347,37.171866],[108.136617,37.191139],[108.102195,37.130052],[107.888584,37.083953],[107.858652,37.212341],[107.797694,37.246144],[107.747616,37.207699],[107.724131,37.16366],[107.744738,37.153905],[107.675779,37.121687],[107.720217,37.07349],[107.670138,37.064653],[107.69512,36.996637],[107.702142,37.018126],[107.752739,37.001137],[107.693335,36.97421],[107.723095,36.8591],[107.672095,36.8329],[107.906659,36.75238],[107.937454,36.658215],[108.004744,36.68315],[108.023163,36.648082],[108.002096,36.637403],[108.046188,36.596232],[108.079977,36.613077],[108.163614,36.5637],[108.222902,36.630933],[108.216628,36.571347],[108.340616,36.558862],[108.460574,36.423119],[108.514682,36.445551],[108.510653,36.474461],[108.618926,36.433906],[108.651276,36.384727],[108.646095,36.254163],[108.712349,36.138759],[108.656514,35.952989],[108.588764,35.950394],[108.499543,35.872261],[108.527864,35.824226],[108.523259,35.661162],[108.539721,35.605575],[108.767378,35.486769],[108.846467,35.349803],[108.923139,35.363114],[109.051559,35.548763],[109.179922,35.580769],[109.243758,35.523702],[109.448389,35.511604],[109.495647,35.357251],[109.546935,35.443805],[109.698034,35.409052],[109.81379,35.443409],[110.087381,35.406677],[110.230421,35.510497],[110.222478,35.546629],[110.273765,35.538803],[110.283033,35.56702],[110.193927,35.656347],[110.1332,35.675132],[110.162787,35.710006],[110.282227,35.711741],[110.411107,35.809967],[110.54937,35.854074]]]]}},{"type":"Feature","properties":{"adcode":"610700","name":"汉中市"},"geometry":{"type":"MultiPolygon","coordinates":[[[[108.054247,33.709842],[107.90309,33.748947],[107.854278,33.694081],[107.695868,33.72366],[107.400347,33.651312],[107.3056,33.710165],[107.342037,33.81411],[107.187369,33.751774],[107.163135,33.788035],[107.128368,33.777618],[107.136945,33.81411],[107.080477,33.8221],[107.063093,33.870431],[107.043234,33.805069],[106.978247,33.800952],[106.855583,33.874384],[106.80585,33.809832],[106.797273,33.682441],[106.674955,33.701437],[106.705693,33.676944],[106.64226,33.658994],[106.541124,33.513076],[106.456048,33.537939],[106.446896,33.613214],[106.351401,33.587239],[106.303395,33.604395],[106.187178,33.546522],[106.108491,33.569838],[106.131343,33.597193],[106.086675,33.617097],[105.979726,33.612405],[105.841981,33.490069],[105.829662,33.382812],[105.708956,33.380703],[105.767438,33.28257],[105.966889,33.20018],[105.968328,33.154076],[105.927747,33.198473],[105.896376,33.142689],[105.936785,33.113562],[105.917444,32.993784],[105.861724,32.938929],[105.590609,32.87678],[105.513995,32.919115],[105.495517,32.87319],[105.596365,32.699226],[105.719202,32.759703],[105.779584,32.750225],[105.831159,32.826098],[105.969307,32.849035],[105.99521,32.827975],[106.021688,32.857522],[106.09364,32.823812],[106.064226,32.782248],[106.120003,32.719662],[106.351171,32.671834],[106.420533,32.616617],[106.732056,32.73854],[106.779429,32.737478],[106.784322,32.697264],[106.872564,32.725628],[107.066835,32.708872],[107.099069,32.649506],[107.104653,32.516649],[107.230597,32.416077],[107.263926,32.403282],[107.377898,32.538928],[107.436323,32.529755],[107.450195,32.430838],[107.525255,32.382446],[107.598243,32.411566],[107.679463,32.398279],[107.8358,32.223063],[107.979359,32.146022],[108.024372,32.177273],[108.018616,32.211803],[108.12309,32.218378],[108.180825,32.259053],[108.109448,32.372026],[108.135927,32.382692],[108.11555,32.433216],[108.176392,32.42846],[108.27914,32.497068],[108.249496,32.571273],[108.187962,32.608188],[108.258878,32.605652],[108.240574,32.716147],[108.128962,32.777021],[108.078192,32.877514],[108.137941,33.008857],[108.090108,33.093461],[108.107318,33.21091],[108.070594,33.203757],[108.021839,33.257878],[108.092928,33.4009],[108.158606,33.432363],[108.060463,33.520042],[108.054247,33.709842]]],[[[106.076717,32.763787],[106.072688,32.763869],[106.071652,32.75815],[106.076717,32.763787]]]]}},{"type":"Feature","properties":{"adcode":"610800","name":"榆林市"},"geometry":{"type":"MultiPolygon","coordinates":[[[[110.418706,36.973589],[110.377146,37.010291],[110.441212,37.00618],[110.424059,37.023944],[110.690051,37.287043],[110.695059,37.349625],[110.651773,37.357038],[110.631799,37.398803],[110.648146,37.438154],[110.744965,37.450726],[110.794928,37.56617],[110.775357,37.680896],[110.706571,37.705342],[110.750721,37.736157],[110.735755,37.770415],[110.660752,37.808034],[110.587937,37.926602],[110.522489,37.95495],[110.507869,38.18493],[110.558235,38.210506],[110.577461,38.297247],[110.668581,38.313637],[110.750318,38.36949],[110.77766,38.4409],[110.874248,38.453682],[110.870161,38.508894],[110.907692,38.521056],[110.919895,38.582064],[110.88081,38.626933],[111.010094,38.841623],[110.998409,38.998536],[111.138341,39.064267],[111.247478,39.3023],[111.064374,39.400936],[111.053841,39.429907],[111.148875,39.532633],[111.136787,39.58701],[110.890826,39.508952],[110.70283,39.273878],[110.596571,39.283052],[110.521741,39.383217],[110.499177,39.360687],[110.434995,39.380889],[110.385205,39.310494],[110.257648,39.407091],[110.276759,39.420301],[110.152483,39.45399],[110.126408,39.416849],[110.210851,39.281473],[110.010997,39.208568],[109.962702,39.211881],[109.902723,39.271922],[109.868992,39.249732],[109.960457,39.186735],[109.893916,39.141239],[109.922121,39.107023],[109.860128,39.124435],[109.704826,39.016956],[109.624413,38.854485],[109.549755,38.805672],[109.511189,38.833753],[109.403952,38.720603],[109.338734,38.7015],[109.325956,38.670029],[109.366537,38.631107],[109.331366,38.597935],[109.27674,38.622986],[109.054265,38.433975],[109.051272,38.385255],[108.961878,38.265065],[108.947258,38.170725],[109.06359,38.100196],[109.069519,38.023017],[108.935803,37.921621],[108.882961,38.013833],[108.797655,38.047886],[108.826666,37.995155],[108.777681,37.68351],[108.628366,37.652212],[108.532641,37.690583],[108.33296,37.633057],[108.246502,37.665748],[108.133912,37.621978],[108.025408,37.649827],[107.981949,37.787231],[107.741169,37.845328],[107.683435,37.887739],[107.620692,37.775944],[107.49918,37.765654],[107.465449,37.691198],[107.386877,37.691121],[107.422047,37.665056],[107.325056,37.606279],[107.368918,37.587574],[107.359132,37.540214],[107.284302,37.481955],[107.261047,37.37086],[107.309342,37.238874],[107.270315,37.229129],[107.337835,37.153982],[107.307039,37.100459],[107.278258,37.128194],[107.294836,36.929414],[107.47794,36.908443],[107.540106,36.828624],[107.639515,36.818514],[107.723095,36.8591],[107.706287,36.963033],[107.748307,36.986317],[107.725282,37.016265],[107.69512,36.996637],[107.65995,37.058529],[107.720217,37.07349],[107.692472,37.123856],[107.734377,37.136946],[107.747616,37.207699],[107.797694,37.246144],[107.850594,37.221393],[107.888584,37.083953],[107.959097,37.081783],[108.102195,37.130052],[108.123954,37.20414],[108.213347,37.171866],[108.282248,37.26161],[108.21657,37.325139],[108.319548,37.358814],[108.362201,37.405363],[108.407445,37.381127],[108.406581,37.406675],[108.438701,37.3144],[108.486419,37.28542],[108.452688,37.2538],[108.515258,37.231294],[108.540527,37.178833],[108.542254,37.039842],[108.487743,37.026891],[108.501213,37.001292],[108.558486,36.986549],[108.651218,37.03961],[108.73664,36.982592],[108.80485,37.002999],[108.809052,37.043409],[108.741245,37.081241],[108.883019,37.150962],[108.862354,37.263543],[108.889639,37.222321],[108.950884,37.233383],[109.013684,37.303891],[109.173935,37.30451],[109.178713,37.327148],[109.342994,37.347385],[109.329812,37.373253],[109.385877,37.438154],[109.492539,37.498451],[109.634659,37.419407],[109.738673,37.424808],[109.812351,37.305051],[109.783801,37.310691],[109.762043,37.270733],[109.905601,37.277922],[109.919128,37.314091],[110.011227,37.274212],[110.030222,37.245294],[110.013126,37.204913],[109.968919,37.213424],[109.978071,37.151659],[110.013644,37.146316],[110.032467,37.029605],[110.087554,36.985308],[110.191107,37.013394],[110.278601,36.968544],[110.352222,36.975141],[110.362238,36.943857],[110.418706,36.973589]]]]}},{"type":"Feature","properties":{"adcode":"610900","name":"安康市"},"geometry":{"type":"MultiPolygon","coordinates":[[[[109.438892,33.152124],[109.339195,33.135855],[109.232015,33.192376],[109.124202,33.15985],[109.059618,33.214242],[108.931083,33.125035],[108.80698,33.24496],[108.740842,33.283788],[108.687252,33.274773],[108.66227,33.323574],[108.583468,33.298487],[108.588188,33.459681],[108.633086,33.501168],[108.625143,33.533161],[108.750685,33.536401],[108.828508,33.617825],[108.792244,33.642497],[108.879335,33.698527],[108.922909,33.684543],[108.945473,33.726569],[108.92337,33.774711],[108.846985,33.777699],[108.84002,33.815966],[108.778487,33.798046],[108.755923,33.839048],[108.650067,33.841549],[108.560444,33.765101],[108.484405,33.804262],[108.404855,33.763324],[108.345969,33.793848],[108.233148,33.726649],[108.054247,33.709842],[108.060463,33.520042],[108.158606,33.432363],[108.092928,33.4009],[108.033237,33.260965],[108.107318,33.21091],[108.090108,33.093461],[108.132243,33.023112],[108.12545,32.943903],[108.078192,32.877514],[108.128962,32.777021],[108.240574,32.716147],[108.265958,32.615308],[108.197345,32.620709],[108.277931,32.519926],[108.18612,32.438709],[108.121133,32.439857],[108.135927,32.382692],[108.109448,32.372026],[108.180825,32.259053],[108.156649,32.239005],[108.179328,32.221994],[108.247193,32.274825],[108.312065,32.232185],[108.471741,32.270636],[108.551061,32.176122],[109.167028,31.875329],[109.196212,31.817561],[109.273575,31.80105],[109.254694,31.766944],[109.281576,31.716877],[109.585731,31.726711],[109.591833,31.788912],[109.638227,31.81104],[109.584983,31.900488],[109.631263,31.962242],[109.587573,32.025272],[109.62165,32.106777],[109.592581,32.139194],[109.592754,32.219364],[109.550446,32.224871],[109.495417,32.300367],[109.526903,32.43338],[109.636788,32.541058],[109.61929,32.593047],[109.910552,32.59272],[110.028207,32.548428],[110.088187,32.585435],[110.085366,32.613099],[110.153807,32.593129],[110.206418,32.632981],[110.154498,32.690069],[110.14218,32.802828],[110.0841,32.842995],[109.98872,32.886244],[109.857077,32.910307],[109.80838,32.878983],[109.764345,32.909328],[109.794507,33.066924],[109.688076,33.116573],[109.576176,33.110226],[109.438892,33.152124]]]]}},{"type":"Feature","properties":{"adcode":"611000","name":"商洛市"},"geometry":{"type":"MultiPolygon","coordinates":[[[[109.185793,33.812334],[109.154019,33.791103],[109.164207,33.871319],[109.051502,33.923169],[108.854238,33.826539],[108.835588,33.792233],[108.92337,33.774711],[108.945473,33.726569],[108.922909,33.684543],[108.879335,33.698527],[108.798806,33.654628],[108.828508,33.617825],[108.750685,33.536401],[108.625143,33.533161],[108.633086,33.501168],[108.588188,33.459681],[108.583468,33.298487],[108.66227,33.323574],[108.710507,33.270062],[108.740842,33.283788],[108.80698,33.24496],[108.931083,33.125035],[109.059618,33.214242],[109.124202,33.15985],[109.218546,33.193351],[109.339195,33.135855],[109.438892,33.152124],[109.51424,33.237728],[109.587688,33.229765],[109.647783,33.268113],[110.040411,33.191238],[110.165031,33.209284],[110.250338,33.160257],[110.471029,33.171398],[110.540966,33.255603],[110.577691,33.250566],[110.616372,33.145617],[110.651082,33.157492],[110.702484,33.097124],[110.824227,33.160257],[110.830559,33.202537],[110.921621,33.204001],[110.997027,33.254709],[111.000366,33.32398],[111.026038,33.330392],[110.996739,33.43593],[111.020858,33.450846],[111.009748,33.562552],[110.966577,33.609169],[110.878853,33.634651],[110.782207,33.796027],[110.612746,33.85107],[110.587304,33.886966],[110.675603,33.946624],[110.627769,34.019528],[110.586613,34.024037],[110.591793,34.101701],[110.641987,34.160887],[110.441385,34.242441],[110.426476,34.276084],[110.502688,34.345174],[110.430966,34.40948],[110.284357,34.391364],[110.103383,34.428874],[110.007197,34.368593],[110.040526,34.324156],[110.007255,34.303213],[110.024063,34.240352],[109.997642,34.221638],[109.964372,34.209748],[109.95614,34.243645],[109.920395,34.230313],[109.825591,34.288205],[109.792147,34.263078],[109.80199,34.224048],[109.743565,34.240352],[109.745465,34.187491],[109.822194,34.155742],[109.739824,34.09792],[109.694753,34.109101],[109.552806,34.044727],[109.533235,33.982077],[109.603633,33.940982],[109.592984,33.896804],[109.442518,33.843566],[109.251874,33.880675],[109.207379,33.867043],[109.185793,33.812334]]],[[[109.185793,33.812334],[109.207379,33.867043],[109.164207,33.871319],[109.162366,33.812657],[109.185793,33.812334]]],[[[111.026499,33.478563],[111.020973,33.471189],[111.026787,33.467705],[111.026499,33.478563]]]]}},{"type":"Feature","properties":{"adcode":"620100","name":"兰州市"},"geometry":{"type":"MultiPolygon","coordinates":[[[[103.564881,36.973787],[103.317152,36.986697],[103.309457,36.949818],[103.348098,36.958291],[103.368237,36.907856],[103.44159,36.950542],[103.541631,36.878799],[103.399019,36.826034],[103.347607,36.916126],[103.248057,36.916643],[103.276219,36.954158],[102.919607,36.935454],[102.863447,36.838142],[102.810397,36.841143],[102.84298,36.77458],[102.778305,36.761737],[102.756856,36.717598],[102.778142,36.691579],[102.688743,36.684218],[102.666475,36.707648],[102.684977,36.743918],[102.731477,36.762358],[102.692509,36.775305],[102.613426,36.738634],[102.609005,36.6781],[102.764552,36.575477],[102.737699,36.57122],[102.75309,36.525933],[102.793041,36.499434],[102.76668,36.465543],[102.845436,36.332229],[102.896685,36.331812],[103.070897,36.206929],[103.396727,36.128958],[103.41048,36.07777],[103.438315,36.069201],[103.475646,36.110785],[103.571267,36.091876],[103.621697,36.025922],[103.623989,35.934895],[103.702581,35.927253],[103.76742,35.89039],[103.779863,35.848166],[103.837334,35.841773],[103.848959,35.774979],[103.865005,35.794803],[104.101436,35.636076],[104.138931,35.618525],[104.173151,35.649421],[104.225382,35.578575],[104.282198,35.571109],[104.331809,35.658561],[104.331154,35.732379],[104.448879,35.875619],[104.441019,35.974771],[104.567422,36.112456],[104.577246,36.168109],[104.530909,36.168005],[104.512571,36.202547],[104.543025,36.237699],[104.502419,36.316083],[104.507168,36.428621],[104.489812,36.44256],[104.429067,36.386581],[104.184121,36.341915],[104.130253,36.250942],[104.016622,36.4959],[104.040855,36.573712],[103.974051,36.58451],[103.899225,36.671774],[103.940813,36.748684],[103.897097,36.77023],[103.903482,36.803469],[103.777244,36.85149],[103.757923,36.844247],[103.7964,36.80378],[103.676875,36.790631],[103.604505,36.847248],[103.62317,36.86887],[103.547689,36.950025],[103.564881,36.973787]]],[[[102.831846,36.365345],[102.836431,36.344623],[102.838887,36.345769],[102.831846,36.365345]]]]}},{"type":"Feature","properties":{"adcode":"620200","name":"嘉峪关市"},"geometry":{"type":"MultiPolygon","coordinates":[[[[97.862533,39.715005],[97.969288,39.66277],[98.217671,39.727436],[98.370762,39.654309],[98.413824,39.710331],[98.355535,39.78002],[98.491106,39.840705],[98.518777,39.892905],[98.474897,39.969247],[98.329501,39.955868],[98.062943,39.99976],[98.066382,39.954084],[98.024793,39.946551],[98.004818,39.922956],[98.036255,39.914725],[97.990901,39.891913],[98.031179,39.827996],[97.862533,39.715005]]]]}},{"type":"Feature","properties":{"adcode":"620300","name":"金昌市"},"geometry":{"type":"MultiPolygon","coordinates":[[[[102.071959,38.892926],[101.775601,38.660588],[101.64969,38.686127],[101.516247,38.548332],[101.547357,38.498665],[101.502494,38.487027],[101.518539,38.436305],[101.447315,38.388487],[101.372162,38.388487],[101.34711,38.317309],[101.392301,38.316294],[101.491196,38.228389],[101.419481,38.164069],[101.386243,38.071298],[101.441257,38.040144],[101.740071,38.096028],[101.812277,38.064987],[101.885794,38.103048],[102.003682,38.094807],[102.026113,38.043097],[102.094554,38.034544],[102.207039,38.055519],[102.253867,38.12492],[102.344248,38.146988],[102.431681,38.110882],[102.557265,38.183076],[102.678592,38.157867],[102.675153,38.188666],[102.706754,38.186836],[102.704134,38.396594],[102.572656,38.416149],[102.616209,38.470023],[102.536143,38.500183],[102.397789,38.665232],[102.43643,38.918281],[102.283666,38.948052],[102.269421,38.913955],[101.96062,38.996804],[102.071959,38.892926]]]]}},{"type":"Feature","properties":{"adcode":"620400","name":"白银市"},"geometry":{"type":"MultiPolygon","coordinates":[[[[105.485967,35.726396],[105.430625,35.813049],[105.383961,35.792496],[105.371026,35.844288],[105.398369,35.855187],[105.350232,35.875934],[105.325017,35.941804],[105.34401,36.033868],[105.43128,36.104099],[105.49137,36.10107],[105.514948,36.147335],[105.454202,36.32275],[105.401644,36.369926],[105.399515,36.428829],[105.368242,36.432158],[105.361365,36.498186],[105.320105,36.53601],[105.260178,36.533621],[105.275897,36.56312],[105.200907,36.702154],[105.240039,36.741432],[105.319613,36.742882],[105.332712,36.806057],[105.240694,36.896793],[105.178966,36.892243],[105.165376,36.994856],[104.965294,37.031713],[104.856411,37.211715],[104.806636,37.234675],[104.626038,37.205846],[104.60066,37.242704],[104.619816,37.29055],[104.714618,37.330348],[104.668281,37.356046],[104.679907,37.407827],[104.437745,37.445817],[104.18363,37.406799],[103.850269,37.633126],[103.79067,37.586317],[103.759233,37.521843],[103.767747,37.425489],[103.732708,37.394782],[103.775934,37.329731],[103.723048,37.261331],[103.746298,37.242806],[103.692757,37.238277],[103.622188,37.125479],[103.634959,37.084851],[103.559642,37.027275],[103.580927,37.002497],[103.547689,36.950025],[103.62317,36.86887],[103.604505,36.847248],[103.676875,36.790631],[103.800494,36.791666],[103.761853,36.828104],[103.777244,36.85149],[103.825709,36.7985],[103.903482,36.803469],[103.897097,36.77023],[103.940813,36.748684],[103.897424,36.715629],[103.899225,36.671774],[103.974051,36.58451],[104.040855,36.573712],[104.016622,36.4959],[104.128616,36.335979],[104.113389,36.26043],[104.184121,36.341915],[104.507168,36.428621],[104.502419,36.316083],[104.543025,36.237699],[104.512571,36.202547],[104.530909,36.168005],[104.577246,36.168109],[104.5612,36.09219],[104.507331,36.037946],[104.532383,36.014627],[104.663369,36.041501],[104.648797,36.010758],[104.769305,35.91741],[104.768978,35.887457],[104.853628,35.854873],[104.891941,35.767112],[104.980358,35.716634],[104.986743,35.635025],[104.933202,35.51293],[105.070738,35.454814],[105.083673,35.418575],[105.303404,35.500299],[105.415398,35.497457],[105.414251,35.526821],[105.473687,35.553859],[105.476143,35.60034],[105.520678,35.608014],[105.456658,35.68902],[105.485967,35.726396]]]]}},{"type":"Feature","properties":{"adcode":"620500","name":"天水市"},"geometry":{"type":"MultiPolygon","coordinates":[[[[106.488671,35.02089],[106.405985,35.035395],[106.365707,35.13284],[106.330177,35.112642],[106.27549,35.171638],[106.018592,35.089581],[106.006639,35.112747],[105.934924,35.096352],[105.92903,35.06027],[105.803119,35.074028],[105.774793,35.024385],[105.738608,35.047781],[105.725345,35.027349],[105.572418,35.181361],[105.539508,35.152717],[105.541636,35.07244],[105.456495,35.130831],[105.391656,35.064927],[105.27606,35.033596],[105.217771,34.93211],[105.16816,34.969308],[105.058131,34.981915],[105.073686,34.955639],[105.035372,34.925432],[104.898818,34.924584],[104.895871,34.862439],[104.620144,34.86456],[104.584286,34.787292],[104.595584,34.654027],[104.699555,34.6737],[104.671556,34.575816],[104.695952,34.544725],[104.738523,34.555587],[104.748347,34.472914],[104.783222,34.487089],[104.791573,34.431866],[105.038974,34.423441],[105.160792,34.527364],[105.227759,34.533009],[105.260342,34.452979],[105.408193,34.420988],[105.522807,34.304972],[105.546384,34.319496],[105.527391,34.28457],[105.554899,34.258072],[105.563576,34.086381],[105.596978,34.105868],[105.640859,34.081241],[105.667711,34.144613],[105.72338,34.174035],[105.771027,34.164407],[105.772664,34.136694],[105.86108,34.15328],[105.90316,34.119034],[106.017773,34.159058],[106.117323,34.111434],[106.229972,34.118071],[106.282039,34.225472],[106.323627,34.230497],[106.336562,34.109829],[106.363087,34.100622],[106.472298,34.154885],[106.526493,34.291941],[106.663866,34.24311],[106.717407,34.369244],[106.637341,34.391973],[106.611798,34.452766],[106.453959,34.531305],[106.334434,34.517883],[106.340983,34.568044],[106.313967,34.578797],[106.44872,34.636476],[106.45969,34.705594],[106.574958,34.770088],[106.555965,34.861272],[106.493092,34.94112],[106.488671,35.02089]]]]}},{"type":"Feature","properties":{"adcode":"620600","name":"武威市"},"geometry":{"type":"MultiPolygon","coordinates":[[[[103.564881,36.973787],[103.559642,37.027275],[103.634959,37.084851],[103.692757,37.238277],[103.746298,37.242806],[103.723048,37.261331],[103.775934,37.329731],[103.735983,37.378242],[103.767747,37.425489],[103.762671,37.541939],[103.850269,37.633126],[103.669998,37.786659],[103.401803,37.862031],[103.368728,38.088905],[103.534918,38.156749],[103.507902,38.280881],[103.416375,38.405004],[103.859765,38.644533],[104.044457,38.895039],[104.167912,38.940409],[104.207372,39.083671],[104.047568,39.297719],[104.090957,39.418483],[103.853707,39.46142],[103.35694,39.33663],[103.013427,39.101132],[102.583462,39.180755],[102.453622,39.255282],[101.830943,39.094007],[102.071959,38.892926],[101.96062,38.996804],[102.269421,38.913955],[102.283666,38.948052],[102.43643,38.918281],[102.397789,38.665232],[102.536143,38.500183],[102.616209,38.470023],[102.572656,38.416149],[102.700859,38.411488],[102.686942,38.289508],[102.723782,38.238241],[102.678592,38.157867],[102.531886,38.184905],[102.447236,38.115969],[102.344248,38.146988],[102.253867,38.12492],[102.207039,38.055519],[102.10929,38.042996],[102.110109,38.011932],[102.169217,38.004801],[102.031517,37.941608],[102.116986,37.917744],[102.151533,37.851312],[102.202454,37.854477],[102.052966,37.682463],[102.070158,37.601377],[102.130903,37.54686],[102.103396,37.492817],[102.428243,37.308344],[102.489807,37.223659],[102.600982,37.174328],[102.642079,37.099702],[102.497993,37.090421],[102.505525,37.023559],[102.450347,36.968518],[102.560867,36.919537],[102.704461,36.792184],[102.731477,36.762358],[102.666475,36.707648],[102.730659,36.672811],[102.772575,36.673434],[102.778305,36.761737],[102.833156,36.762358],[102.846255,36.808645],[102.810397,36.841143],[102.902415,36.865146],[102.883095,36.901342],[102.919607,36.935454],[103.068114,36.959737],[103.201393,36.92977],[103.258208,36.958704],[103.248057,36.916643],[103.347607,36.916126],[103.399019,36.826034],[103.541631,36.878799],[103.44159,36.950542],[103.348589,36.926773],[103.317152,36.986697],[103.564881,36.973787]]]]}},{"type":"Feature","properties":{"adcode":"620700","name":"张掖市"},"geometry":{"type":"MultiPolygon","coordinates":[[[[102.035283,37.627699],[102.197706,37.841102],[102.116986,37.917744],[102.036265,37.933349],[102.166597,37.99451],[102.040522,38.029655],[101.986654,38.096028],[101.855339,38.099487],[101.812277,38.064987],[101.651327,38.090024],[101.612523,38.059795],[101.441257,38.040144],[101.386243,38.071298],[101.419481,38.164069],[101.491196,38.228389],[101.392301,38.316294],[101.34711,38.317309],[101.337778,38.369736],[101.447315,38.388487],[101.518539,38.436305],[101.502494,38.487027],[101.533603,38.489861],[101.538188,38.525172],[101.516247,38.548332],[101.613014,38.655742],[101.56242,38.712968],[101.331228,38.777305],[101.306341,38.801895],[101.334012,38.848533],[101.239865,38.86575],[101.198604,38.943225],[101.228567,39.020715],[100.969213,38.946945],[100.969377,38.996703],[100.835116,39.026039],[100.829385,39.074939],[100.864424,39.106951],[100.842156,39.405697],[100.499135,39.400502],[100.500608,39.481382],[100.326232,39.509119],[100.314116,39.606909],[100.250096,39.685062],[99.904454,39.785783],[99.821933,39.860061],[99.672608,39.888044],[99.455988,39.877427],[99.229872,39.851624],[99.140965,39.80148],[99.026843,39.854007],[98.960039,39.788565],[98.94956,39.66496],[98.824632,39.676405],[98.816118,39.592065],[98.938099,39.577916],[98.977886,39.619559],[99.053695,39.623144],[99.072852,39.554891],[99.23593,39.458426],[99.308137,39.357527],[99.293073,39.30012],[99.207277,39.283809],[99.213663,39.226642],[99.176331,39.171634],[99.141292,39.24607],[99.060244,39.257885],[98.975758,39.33073],[98.838713,39.34423],[98.57019,39.460622],[98.579686,39.481981],[98.526473,39.467509],[98.549723,39.509718],[98.434127,39.577517],[98.402035,39.514406],[98.330156,39.569544],[98.370762,39.654309],[98.217671,39.727436],[97.969288,39.66277],[97.855657,39.71043],[97.785579,39.680684],[97.700273,39.697101],[97.520494,39.53874],[97.480216,39.472999],[97.477268,39.373221],[97.397039,39.318027],[97.43306,39.126011],[97.679152,39.010268],[97.701583,38.963334],[98.012022,38.858098],[98.095035,38.786276],[98.251237,38.891215],[98.281036,39.027044],[98.384025,39.029354],[98.457541,38.952979],[98.572973,38.932363],[98.743747,39.086882],[98.81317,39.087685],[98.94956,38.988463],[99.108873,38.946342],[99.062045,38.911641],[99.362169,38.718214],[99.450912,38.604431],[99.496103,38.612918],[99.529013,38.546107],[99.659673,38.449167],[100.071463,38.284535],[100.127951,38.230624],[100.183129,38.222397],[100.091602,38.408449],[100.001221,38.466986],[100.025781,38.507974],[100.064095,38.518597],[100.241254,38.43985],[100.259592,38.366391],[100.300853,38.389095],[100.359797,38.307874],[100.424145,38.307163],[100.437243,38.26799],[100.474411,38.288696],[100.546617,38.246872],[100.714935,38.253574],[100.843794,38.149123],[100.911743,38.179214],[100.938104,38.160409],[100.894878,38.063256],[100.917965,37.999707],[100.964138,38.011015],[101.102984,37.946503],[101.202697,37.847535],[101.362338,37.791257],[101.443222,37.868155],[101.598278,37.827419],[101.67032,37.754261],[101.659187,37.733301],[101.791811,37.696071],[101.816043,37.654318],[101.946375,37.728086],[101.999097,37.725018],[102.035283,37.627699]]]]}},{"type":"Feature","properties":{"adcode":"620800","name":"平凉市"},"geometry":{"type":"MultiPolygon","coordinates":[[[[106.083103,35.421842],[106.072133,35.463555],[106.034474,35.469241],[105.894646,35.413834],[105.889734,35.439436],[106.048555,35.489036],[105.913311,35.539657],[105.868612,35.539973],[105.846999,35.49051],[105.816381,35.575105],[105.714702,35.647004],[105.723708,35.725871],[105.728456,35.699626],[105.758911,35.725032],[105.707826,35.737941],[105.570126,35.716319],[105.564395,35.687655],[105.561284,35.724612],[105.457313,35.715374],[105.520678,35.608014],[105.476143,35.60034],[105.473687,35.553859],[105.414251,35.526821],[105.415398,35.497457],[105.355471,35.495668],[105.456331,35.345101],[105.47778,35.388435],[105.54049,35.342148],[105.573564,35.207459],[105.607457,35.223304],[105.635947,35.120362],[105.725345,35.027349],[105.738608,35.047781],[105.774793,35.024385],[105.803119,35.074028],[105.92903,35.06027],[105.934924,35.096352],[105.991576,35.120785],[106.004675,35.090216],[106.27549,35.171638],[106.315113,35.120997],[106.365707,35.13284],[106.405985,35.035395],[106.488671,35.02089],[106.575777,35.08937],[106.640124,35.071488],[106.714459,35.105555],[106.990842,35.068525],[107.012454,35.029361],[107.088754,35.020785],[107.089573,34.976724],[107.223016,34.878138],[107.286708,34.931898],[107.523958,34.909847],[107.562108,34.966553],[107.633332,34.953943],[107.6258,34.918965],[107.675412,34.95087],[107.804761,34.956805],[107.863378,34.999181],[107.759407,35.071171],[107.651998,35.239779],[107.720111,35.269237],[107.736812,35.353643],[107.700626,35.424581],[107.634969,35.431851],[107.598129,35.487141],[107.479586,35.461659],[107.482861,35.485983],[107.423589,35.502089],[107.383802,35.48114],[107.255108,35.522085],[107.256745,35.499878],[107.198783,35.509562],[107.171112,35.474401],[107.126413,35.493141],[107.096613,35.466609],[106.876719,35.632188],[106.674836,35.728076],[106.633248,35.714849],[106.620968,35.743818],[106.506354,35.737521],[106.44872,35.694166],[106.482449,35.575526],[106.440697,35.52661],[106.490144,35.480403],[106.509301,35.35881],[106.375695,35.248544],[106.285641,35.301532],[106.237504,35.409513],[106.17463,35.438382],[106.123873,35.373465],[106.083103,35.421842]]],[[[106.047736,35.498089],[106.053958,35.454709],[106.099476,35.499668],[106.047736,35.498089]]],[[[106.072951,35.447546],[106.072951,35.420788],[106.083103,35.421842],[106.072951,35.447546]]],[[[106.504226,35.736157],[106.506354,35.737521],[106.4926,35.732799],[106.504226,35.736157]]]]}},{"type":"Feature","properties":{"adcode":"620900","name":"酒泉市"},"geometry":{"type":"MultiPolygon","coordinates":[[[[99.455988,39.877427],[99.7512,40.006891],[99.881368,40.030853],[100.001712,40.196972],[100.169703,40.277611],[100.169703,40.541356],[100.242564,40.618639],[100.237325,40.716808],[100.107975,40.875572],[100.057054,40.908021],[99.673263,40.932934],[99.566017,40.846725],[99.174694,40.858363],[99.173057,40.747278],[99.10216,40.67642],[99.041579,40.693774],[98.985091,40.782826],[98.791066,40.705341],[98.803019,40.607843],[98.715585,40.66171],[98.668594,40.772937],[98.570026,40.746887],[98.627988,40.677891],[98.344237,40.568371],[98.333267,40.91916],[97.972071,41.097904],[97.616442,41.464304],[97.846979,41.656635],[97.172724,42.795163],[96.982629,42.757392],[96.386148,42.727765],[96.023806,42.542472],[95.978779,42.436737],[96.066213,42.4145],[96.041162,42.326522],[96.17837,42.217934],[96.077183,42.149623],[96.137437,42.019601],[96.039197,41.925301],[95.855652,41.849645],[95.571901,41.796169],[95.359539,41.668033],[95.300104,41.566152],[95.13768,41.772452],[94.861953,41.668516],[94.750123,41.538285],[94.534158,41.505953],[94.010866,41.114855],[93.809965,40.879482],[93.821099,40.793692],[93.760845,40.664848],[92.928423,40.572693],[92.906811,40.310648],[92.796454,40.153801],[92.639925,39.514306],[92.525475,39.368623],[92.340129,39.238059],[92.341439,39.182057],[92.353719,39.069518],[92.410698,39.038594],[92.458999,39.042711],[92.494038,39.102135],[92.939066,39.169629],[93.043201,39.14647],[93.115407,39.179552],[93.142423,39.160707],[93.126705,39.122801],[93.198093,39.046426],[93.179263,38.923914],[93.302555,38.894033],[93.72908,38.924518],[93.884627,38.867663],[93.884136,38.826175],[93.756424,38.807639],[93.871856,38.722552],[94.370097,38.762789],[94.552005,38.35027],[94.973455,38.43033],[95.122125,38.416959],[95.259989,38.302293],[95.454996,38.291639],[95.487906,38.31457],[95.516232,38.294785],[95.704034,38.400141],[95.837641,38.342462],[95.856143,38.284433],[95.896421,38.290117],[96.044109,38.180535],[96.26433,38.14587],[96.313123,38.161934],[96.335718,38.246162],[96.378289,38.277329],[96.66515,38.230218],[96.625363,38.339217],[96.708048,38.45919],[96.666296,38.483688],[96.780582,38.504331],[96.794336,38.607968],[96.960689,38.557837],[97.055982,38.594529],[97.057456,38.672803],[97.019961,38.686228],[96.983776,38.870985],[96.940877,38.907919],[96.957742,39.041707],[97.011938,39.141857],[96.962981,39.198392],[97.220862,39.193081],[97.43306,39.126011],[97.397039,39.318027],[97.477268,39.373221],[97.480216,39.472999],[97.520494,39.53874],[97.700273,39.697101],[97.828968,39.68536],[97.974363,39.780616],[98.031179,39.827996],[97.98386,39.882785],[98.068674,39.983217],[98.474897,39.969247],[98.520087,39.909469],[98.491106,39.840705],[98.355535,39.78002],[98.413824,39.710331],[98.330156,39.569544],[98.402035,39.514406],[98.434127,39.577517],[98.549723,39.509718],[98.530566,39.486771],[98.553325,39.470204],[98.579686,39.481981],[98.57019,39.460622],[98.866547,39.324229],[98.975758,39.33073],[99.060244,39.257885],[99.141292,39.24607],[99.179115,39.181556],[99.213663,39.226642],[99.198927,39.275903],[99.280793,39.289113],[99.30519,39.33313],[99.23593,39.458426],[99.10609,39.514107],[99.064665,39.609997],[99.025205,39.629617],[98.946613,39.594955],[98.816118,39.592065],[98.804492,39.627028],[98.824632,39.676405],[98.94956,39.66496],[98.960039,39.788565],[99.026843,39.854007],[99.140965,39.80148],[99.229872,39.851624],[99.455988,39.877427]]],[[[97.862533,39.715005],[97.85975,39.716895],[97.855493,39.713016],[97.862533,39.715005]]]]}},{"type":"Feature","properties":{"adcode":"621000","name":"庆阳市"},"geometry":{"type":"MultiPolygon","coordinates":[[[[106.754738,35.691225],[106.876719,35.632188],[107.056499,35.465451],[107.126413,35.493141],[107.171112,35.474401],[107.189287,35.517981],[107.256745,35.499878],[107.255108,35.522085],[107.332553,35.488825],[107.482861,35.485983],[107.479586,35.461659],[107.53018,35.497984],[107.570622,35.46345],[107.598129,35.487141],[107.594527,35.462397],[107.700626,35.424581],[107.745817,35.311662],[107.868617,35.256357],[108.048724,35.253823],[108.174635,35.30512],[108.233252,35.286441],[108.23931,35.256251],[108.345409,35.300688],[108.449052,35.27367],[108.56825,35.290874],[108.615406,35.331706],[108.625721,35.537132],[108.539761,35.605596],[108.527808,35.824162],[108.499482,35.872267],[108.593793,35.950806],[108.656503,35.953004],[108.688595,36.021111],[108.712336,36.138774],[108.646024,36.254175],[108.651263,36.384708],[108.619008,36.433927],[108.510616,36.474485],[108.496863,36.422691],[108.459368,36.42394],[108.340661,36.558862],[108.216551,36.571324],[108.222936,36.630904],[108.141397,36.562601],[108.081143,36.615235],[108.032023,36.606413],[108.004843,36.683181],[107.985687,36.652172],[107.937385,36.658188],[107.907422,36.750238],[107.826701,36.785453],[107.673283,36.832554],[107.540168,36.828622],[107.477949,36.908476],[107.311759,36.913025],[107.268697,37.099496],[107.180445,37.143518],[107.095795,37.115582],[107.030629,37.140838],[107.031448,37.115479],[106.984783,37.107539],[106.9057,37.15135],[106.891292,37.098465],[106.780771,37.158667],[106.756539,37.102177],[106.616874,37.135169],[106.666813,37.016745],[106.641598,37.011996],[106.643235,36.96294],[106.595425,36.969035],[106.595753,36.940415],[106.540411,36.984425],[106.658463,36.819617],[106.632265,36.723298],[106.594934,36.749617],[106.514377,36.715629],[106.53075,36.68992],[106.490963,36.685773],[106.495056,36.646363],[106.444627,36.624886],[106.471315,36.580461],[106.444954,36.5572],[106.364233,36.577658],[106.371765,36.548891],[106.518143,36.480931],[106.488507,36.400424],[106.526985,36.390224],[106.509792,36.30358],[106.480157,36.316083],[106.504717,36.26606],[106.541229,36.253862],[106.559895,36.292117],[106.594279,36.270334],[106.605904,36.295661],[106.655352,36.258658],[106.685315,36.273357],[106.716588,36.231963],[106.851504,36.207555],[106.940084,36.126451],[106.959405,36.075367],[106.928623,36.011176],[106.951218,36.004482],[106.891783,35.966191],[106.938447,35.953109],[106.850195,35.887562],[106.926331,35.811686],[106.897677,35.80854],[106.908975,35.767741],[106.816465,35.717579],[106.753101,35.726396],[106.754738,35.691225]]]]}},{"type":"Feature","properties":{"adcode":"621100","name":"定西市"},"geometry":{"type":"MultiPolygon","coordinates":[[[[105.638403,35.139396],[105.614661,35.216438],[105.573564,35.207459],[105.545893,35.257941],[105.54049,35.342148],[105.489569,35.387591],[105.456331,35.345101],[105.345483,35.485351],[105.232998,35.482719],[105.083673,35.418575],[105.070738,35.454814],[104.946465,35.491562],[104.985597,35.700361],[104.891941,35.767112],[104.853628,35.854873],[104.768978,35.887457],[104.769305,35.91741],[104.646505,35.996533],[104.663369,36.041501],[104.484572,36.020693],[104.441019,35.974771],[104.448879,35.875619],[104.331154,35.732379],[104.282198,35.571109],[104.225382,35.578575],[104.173151,35.649421],[104.110769,35.638178],[103.865005,35.794803],[103.848959,35.774979],[103.837334,35.841773],[103.779863,35.848166],[103.776425,35.896256],[103.623989,35.934895],[103.558659,35.911127],[103.542122,35.943898],[103.476629,35.917306],[103.471062,35.8818],[103.785267,35.598973],[103.854362,35.498089],[103.689974,35.219818],[103.748426,35.115074],[103.743514,35.044817],[103.834878,34.977996],[104.024809,34.917057],[104.021207,34.872411],[103.964555,34.840581],[104.02399,34.774868],[104.004669,34.735244],[103.881214,34.747357],[103.833404,34.71686],[103.862876,34.682526],[103.839462,34.575497],[103.779045,34.536524],[103.8113,34.424508],[103.698488,34.315011],[103.70209,34.280617],[103.879577,34.267369],[104.028738,34.127276],[104.067052,34.177993],[104.165783,34.210397],[104.116008,34.323127],[104.202787,34.375113],[104.269754,34.348644],[104.28711,34.376287],[104.353913,34.369564],[104.437417,34.298137],[104.452153,34.229214],[104.527634,34.19147],[104.536967,34.219592],[104.814332,34.255187],[104.863288,34.301768],[104.844459,34.367856],[104.96644,34.382583],[104.989035,34.425574],[104.791573,34.431866],[104.793046,34.482293],[104.748347,34.472914],[104.738523,34.555587],[104.695952,34.544725],[104.671556,34.575816],[104.699555,34.6737],[104.595584,34.654027],[104.584286,34.787292],[104.620144,34.86456],[104.878679,34.856073],[104.920922,34.950022],[105.035372,34.925432],[105.070738,34.943452],[105.058131,34.981915],[105.16816,34.969308],[105.217771,34.93211],[105.261816,35.028196],[105.290141,35.006806],[105.297346,35.046722],[105.354489,35.04831],[105.42031,35.114334],[105.456495,35.130831],[105.52428,35.063339],[105.558173,35.1821],[105.638403,35.139396]]]]}},{"type":"Feature","properties":{"adcode":"621200","name":"陇南市"},"geometry":{"type":"MultiPolygon","coordinates":[[[[106.494238,34.241827],[106.472298,34.154885],[106.363087,34.100622],[106.336562,34.109829],[106.323627,34.230497],[106.282039,34.225472],[106.229972,34.118071],[106.117323,34.111434],[106.017773,34.159058],[105.90316,34.119034],[105.815235,34.147502],[105.781997,34.11957],[105.740409,34.176602],[105.667711,34.144613],[105.640859,34.081241],[105.596978,34.105868],[105.563576,34.086381],[105.546384,34.319496],[105.522807,34.304972],[105.408193,34.420988],[105.291615,34.428667],[105.243969,34.528429],[105.160792,34.527364],[105.108725,34.460975],[104.989035,34.425574],[104.96644,34.382583],[104.856902,34.379382],[104.863288,34.301768],[104.814332,34.255187],[104.623746,34.234986],[104.571024,34.201629],[104.536967,34.219592],[104.527634,34.19147],[104.452153,34.229214],[104.417769,34.331028],[104.366684,34.336687],[104.353913,34.369564],[104.14941,34.350779],[104.116008,34.323127],[104.165783,34.210397],[104.067052,34.177993],[104.028738,34.127276],[104.03627,34.056714],[104.410892,33.838984],[104.469181,33.771084],[104.531073,33.763238],[104.490139,33.705497],[104.50553,33.642013],[104.548592,33.64309],[104.521412,33.611869],[104.60508,33.50283],[104.699391,33.457428],[104.715764,33.346142],[104.759481,33.308007],[104.675322,33.302388],[104.639628,33.238824],[104.567585,33.221411],[104.539096,33.226927],[104.501273,33.340742],[104.393537,33.310924],[104.41253,33.281745],[104.302828,33.302604],[104.377818,33.109174],[104.33754,33.038208],[104.421044,33.024225],[104.378473,32.95319],[104.286127,32.939085],[104.294314,32.835722],[104.582813,32.722232],[104.64192,32.662711],[104.696771,32.673487],[104.738032,32.636148],[104.820717,32.662929],[104.88179,32.601191],[105.014905,32.640177],[105.079416,32.637237],[105.096608,32.606092],[105.184697,32.617419],[105.219736,32.666412],[105.297673,32.657051],[105.446507,32.732239],[105.459442,32.752358],[105.392966,32.833115],[105.413105,32.918899],[105.527882,32.918899],[105.590592,32.876777],[105.861735,32.938976],[105.928047,33.04146],[105.896447,33.142741],[105.92772,33.198478],[105.968326,33.154108],[105.962595,33.207565],[105.792803,33.26272],[105.708972,33.380698],[105.829643,33.382858],[105.841923,33.490107],[105.902669,33.556181],[105.962104,33.606485],[106.086705,33.617145],[106.119452,33.602392],[106.108482,33.569756],[106.187237,33.546483],[106.277455,33.5969],[106.431364,33.619083],[106.456088,33.53797],[106.541066,33.513071],[106.580525,33.575897],[106.534844,33.695171],[106.482613,33.707326],[106.474262,33.876671],[106.428253,33.866472],[106.410897,33.90919],[106.476063,33.973764],[106.501933,34.104904],[106.561205,34.110899],[106.584782,34.149428],[106.557766,34.229748],[106.494238,34.241827]]]]}},{"type":"Feature","properties":{"adcode":"622900","name":"临夏回族自治州"},"geometry":{"type":"MultiPolygon","coordinates":[[[[102.742448,35.495247],[102.871142,35.408565],[102.949079,35.4073],[102.955137,35.259946],[103.019485,35.288552],[103.165371,35.226895],[103.262138,35.236928],[103.36398,35.142674],[103.5359,35.141088],[103.729597,35.010831],[103.677857,34.992826],[103.729761,35.004159],[103.733036,34.978419],[103.668524,34.932958],[103.685717,34.907939],[103.833732,34.91483],[103.848468,34.953732],[103.743514,35.044817],[103.748426,35.115074],[103.689974,35.219818],[103.854362,35.498089],[103.785267,35.598973],[103.471062,35.8818],[103.476629,35.917306],[103.542122,35.943898],[103.558659,35.911127],[103.623989,35.934895],[103.633322,36.017451],[103.571267,36.091876],[103.475646,36.110785],[103.438315,36.069201],[103.41048,36.07777],[103.412282,36.123005],[103.165863,36.176146],[103.10741,36.221637],[102.987393,36.193782],[102.94122,36.104935],[102.883913,36.088951],[102.969219,36.044114],[102.942366,35.829928],[102.784036,35.862313],[102.68596,35.772147],[102.801719,35.574684],[102.729513,35.523664],[102.773557,35.534186],[102.742448,35.495247]]]]}},{"type":"Feature","properties":{"adcode":"623000","name":"甘南藏族自治州"},"geometry":{"type":"MultiPolygon","coordinates":[[[[104.028738,34.127276],[103.879577,34.267369],[103.69243,34.300166],[103.802786,34.408722],[103.768566,34.523316],[103.839462,34.575497],[103.862876,34.682526],[103.833404,34.71686],[103.881214,34.747357],[103.963572,34.728656],[104.02399,34.774868],[103.964555,34.840581],[104.021207,34.872411],[104.017768,34.936774],[103.860584,34.987106],[103.834878,34.977996],[103.833732,34.91483],[103.703563,34.915997],[103.668524,34.932958],[103.733036,34.978419],[103.729761,35.004159],[103.691938,34.987212],[103.729597,35.010831],[103.624971,35.094025],[103.490874,35.152294],[103.457145,35.128399],[103.36398,35.142674],[103.269833,35.232704],[103.114778,35.236717],[103.019485,35.288552],[102.955137,35.259946],[102.959395,35.356912],[102.926975,35.428163],[102.853132,35.420577],[102.695292,35.528504],[102.503233,35.584254],[102.447564,35.437329],[102.408595,35.41004],[102.292672,35.422579],[102.282193,35.385062],[102.317723,35.342886],[102.284485,35.313244],[102.369954,35.263958],[102.400081,35.19552],[102.37372,35.16128],[102.313138,35.130937],[102.2799,35.056672],[102.133686,35.014643],[102.061807,34.94271],[102.068357,34.887684],[101.916903,34.87379],[101.934586,34.587526],[101.974374,34.548878],[102.139581,34.503713],[102.25927,34.355582],[102.186572,34.352807],[102.148259,34.271322],[102.067865,34.293543],[102.059843,34.227183],[102.014161,34.218523],[102.030862,34.190507],[102.003191,34.161947],[101.965368,34.167403],[101.955053,34.109614],[101.788372,34.131664],[101.710926,34.086809],[101.540644,34.21168],[101.492506,34.195534],[101.323205,34.246744],[101.229059,34.298457],[101.23528,34.325156],[101.070728,34.328893],[100.950875,34.383757],[100.822672,34.318642],[100.764383,34.178956],[100.870155,34.083918],[100.999013,33.889659],[101.153577,33.844461],[101.189763,33.793115],[101.166676,33.659987],[101.237082,33.685596],[101.391155,33.645242],[101.491687,33.699904],[101.542117,33.695171],[101.616943,33.598839],[101.622674,33.502291],[101.735814,33.496361],[101.782314,33.556289],[101.830288,33.554457],[101.844369,33.6025],[101.882028,33.579344],[101.946375,33.442757],[101.887267,33.383829],[101.87597,33.314166],[101.76987,33.268774],[101.841258,33.189064],[101.82554,33.119462],[101.865982,33.103001],[101.935569,33.1869],[102.089642,33.204969],[102.112728,33.286825],[102.203437,33.22325],[102.1869,33.332532],[102.263363,33.417075],[102.370118,33.394193],[102.462463,33.449661],[102.445762,33.529456],[102.475889,33.531072],[102.440359,33.574819],[102.344575,33.606808],[102.315267,33.665153],[102.325418,33.735287],[102.30135,33.709907],[102.288087,33.733029],[102.322799,33.746038],[102.300203,33.782369],[102.243552,33.78699],[102.253376,33.861534],[102.136306,33.965185],[102.316249,33.994026],[102.39304,33.973227],[102.437576,34.087238],[102.649447,34.080063],[102.655833,34.113468],[102.598362,34.147823],[102.731805,34.237445],[102.777978,34.235628],[102.798281,34.273032],[102.856734,34.270681],[102.879165,34.312128],[102.93991,34.299952],[102.977078,34.198314],[103.100369,34.181951],[103.135408,34.1003],[103.178306,34.080384],[103.119198,34.039573],[103.157185,33.998743],[103.120508,33.9506],[103.181254,33.900713],[103.153419,33.819114],[103.284733,33.802033],[103.278347,33.775383],[103.349572,33.743458],[103.431766,33.750769],[103.464513,33.802462],[103.506428,33.81009],[103.54949,33.74034],[103.520509,33.678603],[103.55211,33.671501],[103.598774,33.717866],[103.778226,33.658803],[104.052316,33.685274],[104.169385,33.610792],[104.180683,33.473068],[104.295788,33.332856],[104.487683,33.329507],[104.567585,33.221411],[104.627676,33.226927],[104.661405,33.29612],[104.759481,33.308007],[104.715764,33.346142],[104.698081,33.439843],[104.583631,33.516413],[104.581011,33.575789],[104.521412,33.611869],[104.548592,33.64309],[104.50553,33.642013],[104.486373,33.69076],[104.531073,33.763238],[104.469181,33.771084],[104.410892,33.838984],[104.341961,33.853803],[104.077858,34.022643],[104.03627,34.056714],[104.028738,34.127276]]]]}},{"type":"Feature","properties":{"adcode":"630100","name":"西宁市"},"geometry":{"type":"MultiPolygon","coordinates":[[[[100.917374,36.741321],[101.031355,36.509905],[101.200548,36.340181],[101.275168,36.305905],[101.378215,36.392883],[101.603169,36.322329],[101.603169,36.282016],[101.668359,36.231049],[101.716192,36.278926],[101.821562,36.294301],[101.863519,36.381743],[101.851902,36.442842],[101.912309,36.550776],[101.879509,36.613768],[101.775642,36.676559],[101.805162,36.906726],[101.914496,37.148127],[101.742159,37.247777],[101.540302,37.277914],[101.535245,37.322539],[101.497662,37.337855],[101.329562,37.352572],[101.285282,37.383559],[101.091898,37.384451],[100.954138,37.470283],[100.881431,37.415498],[100.869268,37.353316],[100.964935,37.242418],[101.128935,37.21033],[101.174445,37.124499],[101.272025,37.05827],[101.297718,36.925116],[101.291432,36.902016],[101.230068,36.915249],[101.180048,36.886986],[101.088618,36.803783],[101.022881,36.783642],[100.967395,36.821524],[100.906988,36.798542],[100.917374,36.741321]]]]}},{"type":"Feature","properties":{"adcode":"630200","name":"海东市"},"geometry":{"type":"MultiPolygon","coordinates":[[[[102.45064,35.448318],[102.497926,35.571844],[102.53018,35.581045],[102.745703,35.495072],[102.782877,35.528027],[102.72944,35.523613],[102.808707,35.560435],[102.707983,35.704974],[102.694863,35.79641],[102.773993,35.857512],[102.944827,35.829999],[102.968607,36.044313],[102.88196,36.083464],[102.941137,36.10492],[102.987467,36.193782],[103.07097,36.206911],[102.89672,36.33182],[102.845334,36.332197],[102.734497,36.562267],[102.764563,36.575483],[102.609037,36.678133],[102.61341,36.738699],[102.717277,36.767166],[102.637463,36.853701],[102.450366,36.96853],[102.506126,37.019237],[102.488496,37.078562],[102.38791,37.106754],[102.163776,37.055584],[101.914496,37.148127],[101.805162,36.906726],[101.775642,36.676559],[101.879509,36.613768],[101.912309,36.550776],[101.851902,36.442842],[101.863519,36.381743],[101.821562,36.294301],[101.716192,36.278926],[101.668359,36.231049],[101.666855,36.160801],[101.753502,36.169633],[101.799969,36.117988],[101.887572,36.109755],[102.041323,35.954373],[102.083416,35.946729],[102.040913,35.925986],[102.110203,35.906525],[102.082049,35.813775],[102.141909,35.750212],[102.124143,35.735338],[102.170473,35.728583],[102.162409,35.693737],[102.197533,35.709681],[102.269146,35.624074],[102.349916,35.60872],[102.40841,35.538527],[102.404583,35.479008],[102.45064,35.448318]]],[[[102.83891,36.345754],[102.84793,36.355619],[102.832077,36.366612],[102.83891,36.345754]]]]}},{"type":"Feature","properties":{"adcode":"632200","name":"海北藏族自治州"},"geometry":{"type":"MultiPolygon","coordinates":[[[[101.914496,37.148127],[102.163776,37.055584],[102.38791,37.106754],[102.488496,37.078562],[102.64211,37.09967],[102.600837,37.174281],[102.48959,37.223807],[102.300033,37.391285],[102.197396,37.420548],[102.103369,37.492839],[102.130839,37.547345],[102.035309,37.627585],[102.047336,37.654313],[101.999092,37.725046],[101.946339,37.728078],[101.813499,37.655645],[101.789036,37.69716],[101.659202,37.733329],[101.670409,37.754252],[101.598385,37.827475],[101.443132,37.868082],[101.376985,37.802214],[101.202735,37.84756],[101.102968,37.946501],[100.894824,38.013566],[100.913274,38.178683],[100.862981,38.149278],[100.714834,38.253613],[100.546597,38.246931],[100.475531,38.288847],[100.437127,38.268002],[100.435351,38.301322],[100.318227,38.328392],[100.29718,38.388585],[100.259597,38.366376],[100.240054,38.441698],[100.064027,38.518551],[100.02576,38.507943],[100.00116,38.466959],[100.16434,38.328025],[100.184157,38.235255],[100.12785,38.230628],[100.071407,38.284591],[99.65963,38.449167],[99.527473,38.547514],[99.496039,38.612931],[99.450803,38.604456],[99.362106,38.718204],[99.068819,38.897074],[99.108999,38.946393],[98.949645,38.988484],[98.813252,39.087687],[98.759815,39.0903],[98.572992,38.93243],[98.457508,38.952937],[98.383981,39.029388],[98.287085,39.035489],[98.235424,38.919046],[98.251278,38.891252],[98.093291,38.786307],[98.182534,38.667558],[98.273965,38.643025],[98.295695,38.66325],[98.418148,38.598391],[98.538962,38.579536],[98.608525,38.52689],[98.683008,38.530328],[98.735625,38.485258],[98.948142,38.444041],[98.983539,38.396866],[98.909192,38.363517],[98.936389,38.341813],[98.908235,38.298974],[98.947459,38.271599],[99.089319,38.26301],[99.247442,38.328685],[99.283932,38.274535],[99.498499,38.250676],[99.524193,38.209546],[99.585009,38.200215],[99.579269,38.109635],[99.684503,38.071002],[99.559589,38.029476],[99.411716,38.025352],[99.359646,37.979452],[99.392309,37.947238],[99.375226,37.924083],[99.477453,37.846009],[99.661543,37.812038],[99.649516,37.756839],[99.69735,37.682807],[99.541549,37.596774],[99.543053,37.563504],[99.463649,37.482675],[99.476086,37.411785],[99.417046,37.370111],[99.430713,37.182848],[99.839756,36.966588],[100.725631,36.753982],[100.862708,36.780347],[100.918604,36.749712],[100.906988,36.798542],[100.967395,36.821524],[101.022881,36.783642],[101.088618,36.803783],[101.230068,36.915249],[101.275442,36.899175],[101.289518,36.999302],[101.128935,37.21033],[100.931998,37.261396],[100.869268,37.353316],[100.890861,37.434655],[100.954138,37.470283],[101.057048,37.398788],[101.497662,37.337855],[101.535245,37.322539],[101.540302,37.277914],[101.742159,37.247777],[101.914496,37.148127]]]]}},{"type":"Feature","properties":{"adcode":"632300","name":"黄南藏族自治州"},"geometry":{"type":"MultiPolygon","coordinates":[[[[100.950585,34.383654],[101.070715,34.32885],[101.235262,34.325144],[101.229112,34.298423],[101.492469,34.195553],[101.582395,34.195475],[101.736145,34.080089],[101.763752,34.122594],[101.865979,34.150067],[101.955086,34.109667],[102.015219,34.224316],[102.064966,34.233206],[102.060593,34.279497],[102.148333,34.271307],[102.186463,34.352783],[102.259306,34.355562],[102.155849,34.507562],[101.974356,34.548926],[101.919826,34.625208],[101.917229,34.875113],[102.068383,34.887692],[102.061823,34.942663],[102.124689,35.003343],[102.022599,35.147964],[102.052119,35.183888],[101.991439,35.301104],[101.936499,35.338028],[101.868712,35.252023],[101.795049,35.253627],[101.752819,35.221935],[101.731635,35.254772],[101.549869,35.25836],[101.506682,35.21674],[101.459942,35.219338],[101.425502,35.254925],[101.397075,35.238508],[101.418942,35.186639],[101.359218,35.172806],[101.329288,35.278208],[101.406642,35.28897],[101.391745,35.335892],[101.127295,35.408168],[100.964525,35.401004],[100.842071,35.432398],[100.687638,35.404891],[100.728364,35.357094],[100.911088,35.303622],[100.873368,35.247824],[100.703491,35.148881],[100.697478,35.079741],[101.055408,34.889532],[101.114448,34.889532],[101.139185,34.848261],[101.126065,34.803898],[101.087388,34.801211],[101.097638,34.720019],[101.065658,34.715485],[101.036958,34.65144],[100.892638,34.638056],[100.916691,34.570178],[100.970128,34.542457],[100.950585,34.383654]]],[[[101.549869,35.25836],[101.731635,35.254772],[101.752819,35.221935],[101.795049,35.253627],[101.868712,35.252023],[101.936499,35.338028],[101.991439,35.301104],[102.052119,35.183888],[102.015629,35.165393],[102.054716,35.078516],[102.157353,35.010848],[102.224046,35.059079],[102.279806,35.05663],[102.310283,35.128237],[102.40349,35.178156],[102.370826,35.262788],[102.280216,35.307589],[102.317663,35.342833],[102.282129,35.384998],[102.314793,35.434378],[102.408683,35.410073],[102.447633,35.437349],[102.41292,35.46355],[102.426723,35.539668],[102.226369,35.654089],[102.212839,35.708011],[102.180313,35.695863],[102.152433,35.715906],[102.170473,35.728583],[102.124143,35.735338],[102.141909,35.750212],[102.082049,35.813775],[102.110203,35.906525],[102.040913,35.925986],[102.083416,35.946729],[101.983102,36.004235],[101.955906,36.062303],[101.850672,36.124408],[101.799969,36.117988],[101.753502,36.169633],[101.647722,36.154611],[101.638429,36.116477],[101.679975,35.928863],[101.733685,35.902511],[101.665215,35.81514],[101.685169,35.757724],[101.764572,35.747253],[101.759106,35.662977],[101.657699,35.538222],[101.533059,35.469109],[101.404045,35.506794],[101.395298,35.455021],[101.479759,35.352289],[101.391745,35.335892],[101.406642,35.28897],[101.537842,35.320865],[101.549869,35.25836]]]]}},{"type":"Feature","properties":{"adcode":"632500","name":"海南藏族自治州"},"geometry":{"type":"MultiPolygon","coordinates":[[[[100.917374,36.741321],[100.862708,36.780347],[100.725631,36.753982],[99.839756,36.966588],[99.512986,37.143804],[99.415953,37.163403],[99.271769,37.089079],[99.231042,36.976673],[99.155329,36.970099],[99.430986,36.760499],[99.446839,36.686981],[99.334499,36.620897],[98.921219,36.486755],[98.929829,36.446753],[99.065949,36.323986],[99.043809,36.233236],[98.983675,36.164575],[98.935432,36.156498],[99.089456,35.999923],[99.071142,35.968147],[99.116789,35.911448],[99.126766,35.802629],[99.185806,35.762125],[99.205622,35.682573],[99.156012,35.619818],[99.295002,35.565607],[99.337779,35.515775],[99.213139,35.48015],[99.221202,35.450451],[99.300606,35.42935],[99.310719,35.389952],[99.208492,35.333223],[99.181706,35.270575],[99.266302,35.212616],[99.477453,34.965807],[99.653753,34.936148],[99.81543,34.831225],[99.969453,34.807967],[100.07414,34.82969],[100.10612,34.886541],[100.298,34.910237],[100.356494,34.821477],[100.485371,34.806355],[100.598257,34.703187],[100.642947,34.730855],[100.695564,34.673204],[100.767724,34.672435],[100.852868,34.721556],[100.889631,34.663591],[101.000331,34.640979],[101.097638,34.720019],[101.080828,34.781401],[101.148341,34.835139],[101.131531,34.882783],[101.055408,34.889532],[100.715518,35.071936],[100.696931,35.117377],[100.915734,35.294617],[100.733011,35.342528],[100.687638,35.404891],[100.842071,35.432398],[100.964525,35.401004],[101.127295,35.408168],[101.437392,35.334367],[101.479759,35.352289],[101.389832,35.497812],[101.533059,35.469109],[101.663985,35.526353],[101.772499,35.716893],[101.764572,35.747253],[101.663029,35.776387],[101.733685,35.902511],[101.679975,35.928863],[101.645535,35.999847],[101.668359,36.231049],[101.603169,36.282016],[101.603169,36.322329],[101.378215,36.392883],[101.275168,36.305905],[101.200548,36.340181],[101.009078,36.526512],[100.990355,36.62525],[100.917374,36.741321]]],[[[101.406642,35.28897],[101.329288,35.278208],[101.345278,35.180678],[101.418942,35.186639],[101.425502,35.254925],[101.506682,35.21674],[101.549869,35.25836],[101.549322,35.312244],[101.505999,35.327425],[101.459258,35.281338],[101.406642,35.28897]]]]}},{"type":"Feature","properties":{"adcode":"632600","name":"果洛藏族自治州"},"geometry":{"type":"MultiPolygon","coordinates":[[[[97.66402,34.119498],[97.835401,34.208235],[97.948561,34.19184],[98.050378,34.114698],[98.401338,34.087911],[98.440561,33.992226],[98.406941,33.867247],[98.463521,33.84838],[98.493451,33.769371],[98.581738,33.732211],[98.652395,33.65543],[98.617545,33.637216],[98.648022,33.548818],[98.725512,33.503221],[98.733985,33.410237],[98.779222,33.371673],[98.759678,33.27722],[98.808605,33.263226],[98.804369,33.220139],[98.860675,33.150105],[99.179382,33.044832],[99.269036,32.878599],[99.376183,32.899797],[99.557129,32.840114],[99.586513,32.792654],[99.706233,32.764118],[99.717713,32.732191],[99.760216,32.769936],[99.79206,32.883075],[99.77525,32.952301],[99.85438,32.944847],[99.87734,33.045537],[99.90276,33.047105],[99.956607,32.948064],[100.038333,32.929153],[100.029587,32.895872],[100.123203,32.837286],[100.139194,32.724404],[100.087943,32.669089],[100.209987,32.605865],[100.238277,32.721572],[100.33449,32.718268],[100.402277,32.755075],[100.37795,32.702927],[100.420317,32.731797],[100.544821,32.570099],[100.645544,32.526436],[100.668094,32.52683],[100.666181,32.624372],[100.704038,32.611221],[100.684768,32.671057],[100.932134,32.600666],[101.076728,32.68302],[101.112808,32.671844],[101.112261,32.636656],[101.223098,32.72582],[101.237722,32.825109],[101.123878,32.910002],[101.129071,32.989482],[101.184148,32.984227],[101.127841,33.223815],[101.183465,33.270106],[101.296488,33.262366],[101.382725,33.152845],[101.405275,33.225614],[101.475932,33.223267],[101.633372,33.1014],[101.740109,33.270653],[101.649362,33.324576],[101.692959,33.42249],[101.759516,33.444728],[101.777282,33.535492],[101.749402,33.506106],[101.631459,33.492227],[101.602622,33.63239],[101.542215,33.69519],[101.428235,33.680175],[101.385458,33.644767],[101.237038,33.685621],[101.166655,33.660021],[101.191665,33.785925],[101.114448,33.850632],[100.999101,33.889603],[100.870224,34.083961],[100.764991,34.177841],[100.821844,34.317345],[100.950585,34.383654],[100.976278,34.447443],[100.970128,34.542457],[100.916691,34.570178],[100.878698,34.709413],[100.767724,34.672435],[100.695564,34.673204],[100.642947,34.730855],[100.598257,34.703187],[100.485371,34.806355],[100.356494,34.821477],[100.298137,34.897048],[100.10612,34.886541],[100.07414,34.82969],[99.969453,34.807967],[99.81543,34.831225],[99.653753,34.936148],[99.477453,34.965807],[99.266302,35.212616],[99.181706,35.270575],[99.208492,35.333223],[99.310719,35.389952],[99.300606,35.42935],[99.221202,35.450451],[99.213139,35.48015],[99.337779,35.515775],[99.192639,35.616169],[99.078386,35.586216],[98.911105,35.600054],[98.865049,35.569258],[98.793025,35.603551],[98.765692,35.593896],[98.760772,35.538983],[98.497551,35.44809],[98.434685,35.47345],[98.313325,35.461494],[98.309088,35.502684],[98.260981,35.512959],[98.180758,35.337723],[98.073064,35.293473],[97.894304,35.295991],[97.667437,35.349315],[97.638327,35.386522],[97.61933,35.273323],[97.59104,35.257368],[97.348183,35.298814],[97.370733,35.243319],[97.204,35.036728],[97.2204,35.005257],[97.079496,34.911617],[97.0072,34.898658],[97.023053,34.873042],[96.935313,34.785471],[96.98096,34.728473],[97.011573,34.756208],[97.138536,34.725168],[97.07362,34.64521],[97.197167,34.607433],[97.1589,34.51881],[97.177897,34.485292],[97.324403,34.46556],[97.346953,34.428627],[97.30363,34.396693],[97.316203,34.375937],[97.452734,34.286759],[97.541157,34.178305],[97.567944,34.168249],[97.607167,34.217668],[97.66402,34.119498]]]]}},{"type":"Feature","properties":{"adcode":"632700","name":"玉树藏族自治州"},"geometry":{"type":"MultiPolygon","coordinates":[[[[92.560881,32.731876],[92.667754,32.731876],[92.687981,32.766005],[92.876991,32.696948],[93.000538,32.740842],[93.067231,32.626498],[93.175335,32.670427],[93.239705,32.66232],[93.385665,32.525175],[93.446892,32.561983],[93.516455,32.475969],[93.620459,32.523992],[93.651482,32.571675],[93.722002,32.578136],[93.822589,32.547561],[93.868646,32.473918],[93.959939,32.48496],[94.011189,32.446148],[94.052736,32.470605],[94.137606,32.433839],[94.180793,32.455932],[94.196783,32.516187],[94.292176,32.502783],[94.38347,32.549531],[94.395223,32.594207],[94.46342,32.572463],[94.46219,32.605235],[94.535443,32.598224],[94.60118,32.663344],[94.737573,32.587432],[94.806864,32.486301],[94.889957,32.47234],[94.912507,32.415686],[95.075277,32.376055],[95.154544,32.401715],[95.261691,32.348097],[95.081017,32.297925],[95.105481,32.259507],[95.241054,32.320526],[95.285744,32.172413],[95.367061,32.151913],[95.389064,32.186103],[95.424734,32.159591],[95.454664,32.062497],[95.423504,32.05172],[95.454391,32.007886],[95.395624,32.001464],[95.361048,31.959193],[95.512884,31.749133],[95.653651,31.778944],[95.779658,31.749054],[95.825031,31.682004],[95.899242,31.817167],[95.983292,31.816452],[96.046432,31.732038],[96.135675,31.702053],[96.160412,31.601051],[96.193485,31.60567],[96.252662,31.696166],[96.177905,31.775606],[96.214532,31.876497],[96.189112,31.902853],[96.253072,31.929758],[96.389329,31.919917],[96.465042,31.776639],[96.565219,31.713189],[96.616059,31.736809],[96.775139,31.673888],[96.837186,31.715495],[96.766119,31.818915],[96.760379,31.860457],[96.809579,31.89817],[96.721019,32.017955],[96.840466,31.997737],[96.868619,31.964904],[96.863153,31.995676],[96.9662,32.009393],[96.93586,32.048154],[96.95718,32.062577],[97.16956,32.024218],[97.232973,32.065033],[97.201813,32.092048],[97.219717,32.109077],[97.25607,32.072877],[97.307867,32.073907],[97.313743,32.128953],[97.271377,32.141226],[97.264133,32.182622],[97.299667,32.295001],[97.367043,32.273817],[97.417883,32.300928],[97.386587,32.428078],[97.341487,32.439757],[97.388773,32.500102],[97.3311,32.537551],[97.34176,32.557412],[97.448634,32.586723],[97.502207,32.531008],[97.731124,32.527303],[97.42376,32.704973],[97.354333,32.887471],[97.37579,32.956694],[97.5238,32.988619],[97.500157,33.011595],[97.541977,33.037464],[97.48772,33.106726],[97.487994,33.168186],[97.576554,33.223345],[97.621654,33.334263],[97.749984,33.397358],[97.552637,33.465634],[97.512047,33.519436],[97.525167,33.575776],[97.415833,33.605528],[97.423213,33.754913],[97.36882,33.824149],[97.398067,33.848302],[97.388773,33.886111],[97.633954,33.919092],[97.652814,33.998427],[97.702287,34.036711],[97.695044,34.076605],[97.607167,34.217668],[97.582567,34.174051],[97.541157,34.178305],[97.452734,34.286759],[97.316203,34.375937],[97.30363,34.396693],[97.346953,34.428627],[97.302127,34.479897],[97.146326,34.503401],[97.181587,34.525897],[97.197167,34.607433],[97.07362,34.64521],[97.138536,34.725168],[97.011573,34.756208],[96.98096,34.728473],[96.935313,34.785471],[97.017996,34.856624],[97.0072,34.898658],[97.079496,34.911617],[97.2204,35.005257],[97.225593,35.074537],[97.371143,35.232398],[97.348183,35.298814],[97.311283,35.332536],[97.097946,35.355645],[97.000366,35.472688],[96.787576,35.505881],[96.707626,35.585],[96.581346,35.58135],[96.542942,35.614573],[96.354342,35.652493],[96.224099,35.629394],[96.134172,35.647707],[96.072672,35.613433],[96.052445,35.554655],[95.993405,35.532364],[95.885165,35.636157],[95.478991,35.657887],[95.460268,35.617309],[95.396991,35.597773],[95.321004,35.640488],[95.175181,35.647707],[95.166707,35.6727],[95.113407,35.511665],[95.090311,35.545298],[94.828184,35.583099],[94.815884,35.616473],[94.786774,35.59093],[94.591613,35.592831],[94.155236,35.669434],[94.062029,35.636461],[93.761909,35.756282],[93.265398,35.777525],[93.086911,35.807178],[93.016255,35.849175],[92.258027,35.907813],[91.885473,36.024957],[91.793223,36.00552],[91.582893,36.060792],[91.548863,36.09525],[91.571413,36.155064],[91.391969,36.065327],[91.122599,36.154913],[91.111939,36.095024],[90.979235,36.106809],[90.927302,36.031308],[90.852409,36.017168],[90.662988,36.133923],[90.236725,36.160575],[90.130124,36.207816],[90.145704,36.238967],[90.003571,36.278549],[90.019971,36.2137],[89.946581,36.141549],[89.947128,36.069937],[89.712334,36.092757],[89.605187,36.038264],[89.474124,36.022613],[89.417544,36.044766],[89.428067,35.91743],[89.55052,35.857133],[89.801987,35.847811],[89.725317,35.649834],[89.765907,35.59975],[89.719167,35.583935],[89.700034,35.537461],[89.765224,35.48251],[89.686367,35.414721],[89.507334,35.372496],[89.49517,35.293549],[89.531797,35.276376],[89.45868,35.238508],[89.513074,35.139324],[89.583047,35.116613],[89.56118,34.931089],[89.584414,34.907783],[89.787501,34.921737],[89.904487,34.871738],[90.019834,34.91338],[90.167708,34.879408],[90.221145,34.94228],[90.422455,34.939598],[90.781342,34.890453],[90.918829,34.834448],[90.942062,34.77326],[91.003836,34.745146],[91.060006,34.76243],[91.059186,34.796451],[91.321586,34.789924],[91.453469,34.724323],[91.72653,34.667206],[91.760833,34.625131],[91.95859,34.576568],[91.940277,34.487218],[92.23206,34.377635],[92.546394,34.401939],[92.578647,34.29039],[92.713401,34.070331],[92.911841,34.093253],[92.829568,34.030513],[92.782281,34.035704],[92.706704,33.944925],[92.752761,33.869421],[92.756451,33.703747],[92.797724,33.68461],[92.784331,33.636827],[92.855944,33.512732],[92.793898,33.469378],[92.698094,33.472965],[92.655591,33.381979],[92.599147,33.35215],[92.598601,33.301604],[92.721054,33.232105],[92.670624,33.147287],[92.731851,33.061132],[92.649031,32.902702],[92.596277,32.869961],[92.560881,32.731876]]]]}},{"type":"Feature","properties":{"adcode":"632800","name":"海西蒙古族藏族自治州"},"geometry":{"type":"MultiPolygon","coordinates":[[[[98.093291,38.786307],[98.011974,38.858059],[97.701467,38.963262],[97.686844,39.005488],[97.401347,39.146736],[97.22081,39.193056],[96.963056,39.198346],[96.997223,39.152827],[96.94078,38.907842],[96.993123,38.884192],[96.987656,38.7917],[97.023053,38.755545],[97.009113,38.702663],[97.057493,38.672814],[97.05599,38.594518],[96.960733,38.557824],[96.794409,38.608036],[96.780606,38.504284],[96.666353,38.483721],[96.708173,38.459125],[96.626719,38.356259],[96.665259,38.230187],[96.399716,38.281802],[96.335755,38.246197],[96.313205,38.161997],[96.222185,38.149057],[96.044108,38.180521],[95.893638,38.290388],[95.859608,38.283049],[95.837742,38.342473],[95.701895,38.40053],[95.516164,38.294791],[95.487601,38.314381],[95.454118,38.291783],[95.260051,38.302276],[95.122154,38.417014],[95.017604,38.426171],[94.55198,38.350246],[94.370076,38.762763],[93.871926,38.722581],[93.756306,38.807658],[93.884226,38.826235],[93.884636,38.867669],[93.729109,38.924502],[93.302572,38.894017],[93.179298,38.923847],[93.198158,39.046019],[93.132558,39.107424],[93.142398,39.16073],[93.115338,39.179576],[93.043178,39.146446],[92.939038,39.169646],[92.494051,39.102128],[92.459064,39.042751],[92.423121,39.046599],[92.380071,39.000038],[92.264177,39.002145],[91.858277,38.876987],[91.446363,38.813487],[91.112076,38.707479],[90.803619,38.655146],[90.650278,38.673909],[90.620622,38.663177],[90.645632,38.634991],[90.463592,38.556727],[90.463728,38.52016],[90.420268,38.490966],[90.130808,38.494186],[90.110854,38.42456],[90.179188,38.397012],[90.137778,38.340567],[90.280868,38.238119],[90.352891,38.233492],[90.361638,38.300148],[90.530695,38.319076],[90.519625,37.731184],[90.776149,37.650537],[90.882475,37.575732],[90.865939,37.530664],[90.957915,37.47763],[91.056999,37.483862],[91.109069,37.427676],[91.190932,37.205714],[91.280313,37.163776],[91.314206,37.019908],[91.190796,37.024686],[91.048936,36.966439],[91.037046,36.929526],[90.854185,36.915548],[90.722439,36.798168],[90.755102,36.721239],[90.706038,36.659159],[90.741025,36.585845],[91.035269,36.528315],[91.028299,36.443293],[91.052626,36.426443],[91.026386,36.323685],[91.074082,36.297616],[91.047842,36.244397],[91.096906,36.219358],[91.091439,36.16133],[91.391969,36.065327],[91.571413,36.155064],[91.548863,36.09525],[91.63264,36.037735],[91.793223,36.00552],[91.885473,36.024957],[92.258027,35.907813],[93.016255,35.849175],[93.086911,35.807178],[93.265398,35.777525],[93.761909,35.756282],[94.062029,35.636461],[94.155236,35.669434],[94.48884,35.602182],[94.786774,35.59093],[94.815884,35.616473],[94.828184,35.583099],[95.090311,35.545298],[95.099331,35.51684],[95.126937,35.535331],[95.118737,35.579601],[95.156184,35.595872],[95.143201,35.629926],[95.174634,35.636385],[95.155637,35.656748],[95.321004,35.640488],[95.396991,35.597773],[95.468604,35.646947],[95.885165,35.636157],[95.979875,35.533049],[96.052445,35.554655],[96.072672,35.613433],[96.134172,35.647707],[96.224099,35.629394],[96.354342,35.652493],[96.581346,35.58135],[96.707626,35.585],[96.787576,35.505881],[97.000366,35.472688],[97.12774,35.342604],[97.29666,35.338104],[97.32126,35.298814],[97.59104,35.257368],[97.638327,35.386522],[97.667437,35.349315],[98.021404,35.285536],[98.088234,35.32384],[98.179118,35.320102],[98.260981,35.512959],[98.309088,35.502684],[98.313325,35.461494],[98.434685,35.47345],[98.497551,35.44809],[98.760772,35.538983],[98.793025,35.603551],[98.865049,35.569258],[99.156012,35.619818],[99.208219,35.7279],[99.126766,35.802629],[99.116789,35.911448],[99.071142,35.968147],[99.089456,35.999923],[98.937072,36.143437],[99.043809,36.233236],[99.065949,36.323986],[98.921219,36.486755],[99.334499,36.620897],[99.446839,36.686981],[99.430986,36.760499],[99.160112,36.95456],[99.231042,36.976673],[99.271769,37.089079],[99.350079,37.123753],[99.368529,37.175324],[99.454356,37.156622],[99.417046,37.370111],[99.464879,37.398565],[99.463649,37.482675],[99.543053,37.563504],[99.541549,37.596774],[99.686143,37.667266],[99.68915,37.719869],[99.649516,37.756839],[99.661543,37.812038],[99.477453,37.846009],[99.358963,37.967364],[99.411716,38.025352],[99.559589,38.029476],[99.684503,38.071002],[99.579269,38.109635],[99.585009,38.200215],[99.524193,38.209546],[99.498499,38.250676],[99.283932,38.274535],[99.247442,38.328685],[99.089319,38.26301],[98.947459,38.271599],[98.907825,38.2887],[98.938712,38.324871],[98.909739,38.350246],[98.979849,38.389318],[98.948142,38.444041],[98.735625,38.485258],[98.683008,38.530328],[98.608525,38.52689],[98.538962,38.579536],[98.418148,38.598391],[98.295695,38.66325],[98.182534,38.667558],[98.093291,38.786307]]],[[[92.560881,32.731876],[92.596277,32.869961],[92.649031,32.902702],[92.731851,33.061132],[92.673494,33.133038],[92.711898,33.191349],[92.708208,33.249935],[92.598601,33.301604],[92.599147,33.35215],[92.655591,33.381979],[92.698094,33.472965],[92.734311,33.458224],[92.848974,33.499167],[92.784331,33.636827],[92.797724,33.68461],[92.756451,33.703747],[92.752761,33.869421],[92.706704,33.944925],[92.782281,34.035704],[92.829568,34.030513],[92.911841,34.093253],[92.690578,34.083497],[92.546394,34.401939],[92.23206,34.377635],[91.940277,34.487218],[91.95859,34.576568],[91.760833,34.625131],[91.72653,34.667206],[91.232752,34.802823],[91.059186,34.796451],[91.060006,34.76243],[91.003836,34.745146],[90.942062,34.77326],[90.918829,34.834448],[90.607365,34.925417],[90.221145,34.94228],[90.121241,34.866291],[90.019834,34.91338],[89.928131,34.872505],[89.830687,34.898428],[89.811554,34.871047],[89.851597,34.821401],[89.723541,34.704033],[89.743357,34.644748],[89.798707,34.628824],[89.777934,34.574412],[89.814971,34.548772],[89.823307,34.455384],[89.799527,34.39623],[89.862121,34.356256],[89.864991,34.322905],[89.825494,34.293711],[89.817021,34.169487],[89.656164,34.096892],[89.63498,34.04934],[89.795017,33.865539],[89.925808,33.809156],[89.902301,33.758411],[89.983754,33.725834],[89.988128,33.583643],[90.081061,33.530582],[90.091858,33.469768],[90.225655,33.436302],[90.367378,33.28144],[90.480948,33.265806],[90.705628,33.135778],[90.884252,33.119178],[90.902292,33.083149],[90.911449,33.110172],[91.071486,33.113227],[91.133669,33.074061],[91.261453,33.141337],[91.404816,33.080564],[91.458799,33.073826],[91.501303,33.107588],[91.683206,32.990109],[91.838323,32.949398],[91.95777,32.819609],[92.145687,32.885744],[92.230694,32.840272],[92.193794,32.802085],[92.198714,32.75484],[92.255294,32.720785],[92.453871,32.764668],[92.560881,32.731876]]]]}},{"type":"Feature","properties":{"adcode":"640100","name":"银川市"},"geometry":{"type":"MultiPolygon","coordinates":[[[[106.824334,38.16341],[106.490344,38.306199],[106.601865,38.392522],[106.64874,38.472745],[106.662532,38.601485],[106.639567,38.642936],[106.587095,38.655717],[106.596267,38.682574],[106.438243,38.693557],[106.397742,38.752516],[106.003321,38.875156],[105.898612,38.789574],[105.821758,38.368131],[105.865901,38.297283],[105.852749,38.264717],[105.967272,38.224072],[105.940159,38.160295],[105.966125,38.146402],[105.979715,38.178856],[106.0419,38.175743],[106.077342,38.210887],[106.126881,38.145418],[106.218404,38.13103],[106.210547,38.0659],[106.266156,38.043001],[106.29826,37.949276],[106.358016,37.924325],[106.358691,37.886658],[106.289559,37.871108],[106.303217,37.815011],[106.545312,37.667673],[106.773817,37.637179],[106.767005,37.722067],[106.83209,37.761055],[106.885675,37.863167],[106.822681,37.875016],[106.817623,37.930286],[106.764847,37.976847],[106.784878,38.040456],[106.857247,38.048541],[106.816038,38.112744],[106.824334,38.16341]]]]}},{"type":"Feature","properties":{"adcode":"640200","name":"石嘴山市"},"geometry":{"type":"MultiPolygon","coordinates":[[[[106.662532,38.601485],[106.709575,38.718895],[106.954335,38.94118],[106.971398,39.016983],[106.967284,39.054794],[106.88146,39.090238],[106.795939,39.214314],[106.806798,39.318659],[106.781506,39.37186],[106.602607,39.375325],[106.514186,39.274535],[106.284602,39.270298],[106.286457,39.148181],[106.146069,39.153233],[106.060785,38.968496],[105.96889,38.905093],[106.137908,38.818532],[106.382668,38.771332],[106.438243,38.693557],[106.596267,38.682574],[106.587095,38.655717],[106.639567,38.642936],[106.662532,38.601485]]]]}},{"type":"Feature","properties":{"adcode":"640300","name":"吴忠市"},"geometry":{"type":"MultiPolygon","coordinates":[[[[105.852749,38.264717],[105.783179,38.202696],[105.768038,38.121601],[105.839935,38.007899],[105.799838,37.940069],[105.808674,37.875386],[105.771916,37.811305],[105.633653,37.781448],[105.616286,37.722562],[105.882695,37.735876],[105.894093,37.628842],[106.005547,37.65513],[106.024701,37.613403],[106.001837,37.603081],[106.075319,37.527647],[105.850186,37.396508],[105.943666,37.33222],[105.925725,37.307642],[105.794207,37.318668],[105.734888,37.288903],[105.769454,37.19306],[105.712834,37.187455],[105.679212,37.261614],[105.561284,37.217717],[105.664981,37.191897],[105.683428,37.127393],[105.778458,37.085371],[105.848669,36.980194],[105.742105,36.914092],[105.745713,36.815062],[105.808944,36.828246],[105.826648,36.803504],[105.926164,36.934216],[106.071778,36.758923],[106.152881,36.587288],[106.468526,36.620424],[106.533273,36.730399],[106.594851,36.749611],[106.632182,36.723298],[106.658182,36.811349],[106.638218,36.884168],[106.609487,36.878373],[106.541636,36.970284],[106.580451,36.947421],[106.643142,36.963122],[106.666748,37.016781],[106.605237,37.127601],[106.72846,37.12145],[106.752538,37.086826],[106.772367,37.150493],[106.892184,37.097926],[106.913395,37.132421],[106.891307,37.141229],[106.922501,37.147169],[106.984753,37.107528],[107.181491,37.143555],[107.285188,37.096263],[107.273351,37.125398],[107.30704,37.10042],[107.330882,37.129803],[107.329972,37.180687],[107.27035,37.229088],[107.293484,37.277085],[107.25794,37.336986],[107.284311,37.481919],[107.345687,37.518842],[107.372193,37.580038],[107.312605,37.6101],[107.419877,37.65022],[107.386862,37.691102],[107.465436,37.691225],[107.499192,37.76567],[107.646122,37.805211],[107.63614,37.872548],[107.492549,37.944878],[107.419404,37.940686],[107.440515,37.995496],[107.190394,38.154025],[107.051153,38.122626],[106.824334,38.16341],[106.816038,38.112744],[106.857247,38.048541],[106.784878,38.040456],[106.764847,37.976847],[106.821636,37.944755],[106.822681,37.875016],[106.885675,37.863167],[106.83209,37.761055],[106.769602,37.737813],[106.773817,37.637179],[106.536578,37.656203],[106.282714,37.838558],[106.289559,37.871108],[106.345809,37.873823],[106.358016,37.924325],[106.304869,37.942659],[106.266156,38.043001],[106.210547,38.0659],[106.218404,38.13103],[106.077106,38.204007],[105.979715,38.178856],[105.966125,38.146402],[105.940159,38.160295],[105.970172,38.219404],[105.852749,38.264717]]]]}},{"type":"Feature","properties":{"adcode":"640400","name":"固原市"},"geometry":{"type":"MultiPolygon","coordinates":[[[[106.071306,35.449418],[106.106546,35.367138],[106.166977,35.421009],[106.237491,35.409456],[106.251655,35.346863],[106.355555,35.239538],[106.368201,35.273499],[106.490412,35.329602],[106.503496,35.415063],[106.490142,35.480405],[106.443638,35.519355],[106.471493,35.600929],[106.434972,35.688515],[106.524539,35.739464],[106.61613,35.741198],[106.737498,35.689446],[106.751526,35.726095],[106.806258,35.709635],[106.86706,35.73866],[106.868983,35.774145],[106.919634,35.803569],[106.850132,35.887555],[106.934472,35.933439],[106.891847,35.966137],[106.910529,35.950148],[106.951232,36.004513],[106.928436,36.011385],[106.946342,36.122393],[106.834181,36.229124],[106.772907,36.21302],[106.643782,36.284892],[106.559611,36.292244],[106.556238,36.260648],[106.484038,36.285523],[106.470819,36.312867],[106.510409,36.286111],[106.50761,36.367065],[106.531048,36.378982],[106.492435,36.399247],[106.518098,36.480921],[106.433285,36.518082],[106.371269,36.515821],[106.330296,36.486243],[106.315256,36.41204],[106.141618,36.324919],[105.984639,36.319082],[106.003557,36.193843],[105.886371,36.216132],[105.818521,36.121256],[105.768679,36.174662],[105.687036,36.152403],[105.588127,36.237447],[105.488679,36.191109],[105.491343,36.101046],[105.441939,36.099488],[105.338984,36.017203],[105.334499,35.886373],[105.390816,35.866482],[105.374966,35.80433],[105.428821,35.818911],[105.453844,35.747628],[105.56125,35.724614],[105.560104,35.698758],[105.668927,35.750039],[105.755055,35.73058],[105.690476,35.683986],[105.816464,35.575075],[105.836596,35.494791],[105.902794,35.547305],[106.094608,35.508368],[106.071306,35.449418]]],[[[106.05458,35.451625],[106.028546,35.486983],[105.8976,35.451498],[105.893958,35.415403],[106.034548,35.469242],[106.05458,35.451625]]],[[[106.073026,35.420755],[106.074678,35.430692],[106.063516,35.437911],[106.073026,35.420755]]],[[[106.074105,35.454894],[106.069789,35.458121],[106.071306,35.449418],[106.074105,35.454894]]]]}},{"type":"Feature","properties":{"adcode":"640500","name":"中卫市"},"geometry":{"type":"MultiPolygon","coordinates":[[[[106.410927,36.519381],[106.362299,36.571049],[106.444886,36.557235],[106.471662,36.581303],[106.444684,36.624941],[106.152881,36.587288],[106.028546,36.824366],[105.936348,36.924301],[105.888462,36.917426],[105.908493,36.890087],[105.836394,36.806258],[105.745713,36.815062],[105.742105,36.914092],[105.833494,36.974531],[105.778458,37.085371],[105.683428,37.127393],[105.664981,37.191897],[105.561284,37.217717],[105.676481,37.276836],[105.712834,37.187455],[105.769454,37.19306],[105.734888,37.288903],[105.794207,37.318668],[105.94117,37.321031],[105.843273,37.38127],[106.075319,37.527647],[106.002073,37.592964],[106.005547,37.65513],[105.934291,37.669488],[105.882931,37.615178],[105.901276,37.738308],[105.314771,37.702071],[105.024183,37.579872],[104.41967,37.511815],[104.407563,37.46463],[104.287241,37.427845],[104.437745,37.445805],[104.452718,37.422713],[104.679908,37.407852],[104.668273,37.356045],[104.702873,37.34548],[104.603627,37.262444],[104.626053,37.205846],[104.717239,37.208502],[104.776422,37.246639],[104.823533,37.229378],[104.953871,37.077346],[104.954545,37.040289],[105.165346,36.994889],[105.184062,36.902382],[105.274607,36.870785],[105.341075,36.764685],[105.200957,36.7022],[105.27046,36.593146],[105.252081,36.553132],[105.36141,36.498184],[105.405418,36.358041],[105.476977,36.29132],[105.457418,36.236355],[105.488679,36.191109],[105.588127,36.237447],[105.673547,36.155812],[105.75927,36.179121],[105.779773,36.154886],[105.757145,36.136495],[105.857032,36.150762],[105.886371,36.216132],[106.003557,36.193843],[105.979749,36.311607],[106.197395,36.341797],[106.315256,36.41204],[106.311951,36.479538],[106.410927,36.519381]]]]}},{"type":"Feature","properties":{"adcode":"650100","name":"乌鲁木齐市"},"geometry":{"type":"MultiPolygon","coordinates":[[[[87.504658,44.066424],[87.383144,44.044233],[87.28703,43.959569],[87.262545,43.923764],[87.278563,43.800446],[87.102814,43.596188],[86.900976,43.429398],[86.940108,43.367188],[86.797998,43.112442],[87.054528,43.022941],[87.111052,43.046684],[87.270096,43.032322],[87.538069,42.908201],[87.758213,42.898948],[87.941515,42.827815],[87.755925,42.961196],[87.638072,42.998162],[87.634411,43.036572],[87.385203,43.123565],[87.36804,43.281272],[87.587727,43.260979],[88.164634,43.331028],[88.225048,43.325193],[88.247932,43.224609],[88.430776,43.197427],[88.523457,43.262585],[88.53261,43.352027],[88.842689,43.388466],[88.93148,43.435368],[88.974273,43.55101],[88.936285,43.63248],[88.835138,43.720797],[88.704927,43.708913],[88.723006,43.742964],[88.626893,43.765703],[88.600118,43.803919],[88.531466,43.801314],[88.512015,43.858016],[88.413842,43.791617],[88.315669,43.790604],[88.282487,43.830974],[88.21086,43.758897],[88.138318,43.756869],[88.132826,43.817086],[88.090719,43.81318],[88.018405,43.874496],[87.996894,43.994632],[87.866226,44.063975],[87.824348,44.123306],[87.774232,44.11726],[87.818627,44.225268],[87.802151,44.378238],[88.004446,45.002015],[87.336231,45.001874],[87.555461,44.665873],[87.598711,44.477756],[87.693452,44.416633],[87.716107,44.356881],[87.691163,44.221963],[87.652489,44.196236],[87.584066,44.239347],[87.576743,44.116541],[87.527542,44.093648],[87.492529,44.007757],[87.504658,44.066424]]]]}},{"type":"Feature","properties":{"adcode":"650200","name":"克拉玛依市"},"geometry":{"type":"MultiPolygon","coordinates":[[[[85.010295,44.755219],[85.047367,44.770167],[85.021965,44.814421],[85.051486,44.931793],[85.156066,44.970958],[85.171627,45.022711],[85.258358,45.031639],[85.250348,45.158607],[85.201834,45.244224],[85.239593,45.29305],[85.239593,45.375508],[85.491775,45.51267],[85.596813,45.641929],[85.642353,45.78921],[85.886297,45.938751],[85.962501,46.044764],[86.024288,46.068001],[85.993165,46.123897],[85.903002,46.181819],[85.648302,46.211936],[85.419462,46.128066],[85.380101,46.143628],[85.282844,46.090811],[85.263392,46.053114],[85.293142,45.993246],[85.259044,45.978199],[85.288565,45.967608],[85.129978,45.74543],[84.956746,45.707777],[84.910291,45.648938],[84.847589,45.631414],[84.772071,45.648658],[84.80594,45.608275],[84.579388,45.31068],[84.58877,45.241401],[84.668864,45.158607],[84.657422,45.063514],[84.805253,45.025687],[84.861548,44.899419],[84.917156,44.888481],[84.917156,44.836891],[84.84942,44.826511],[85.010295,44.755219]]],[[[85.113273,44.34369],[84.974595,44.384687],[84.77825,44.390848],[84.798159,44.258737],[84.737974,44.126185],[84.917385,44.17927],[84.969103,44.297354],[85.108467,44.309551],[85.113273,44.34369]]]]}},{"type":"Feature","properties":{"adcode":"650400","name":"吐鲁番市"},"geometry":{"type":"MultiPolygon","coordinates":[[[[91.910299,41.271422],[91.905264,41.399694],[91.785581,41.508947],[91.855377,41.74336],[91.737066,42.011046],[91.696104,42.064508],[91.632715,42.075225],[91.637521,42.140529],[91.464288,42.246003],[91.384652,42.972787],[91.259018,43.334236],[91.209131,43.356255],[91.225836,43.3822],[91.16588,43.442356],[91.169084,43.49518],[90.881202,43.532842],[90.635198,43.502307],[90.420546,43.526881],[90.385304,43.498525],[90.17294,43.55348],[90.016184,43.516704],[90.014125,43.490671],[89.920071,43.452837],[89.758739,43.463899],[89.749127,43.426922],[89.67956,43.410319],[89.398086,43.449344],[89.280233,43.552753],[89.226913,43.526445],[89.138123,43.600254],[88.936285,43.63248],[88.974273,43.55101],[88.93148,43.435368],[88.842689,43.388466],[88.53261,43.352027],[88.523457,43.262585],[88.430776,43.197427],[88.247932,43.224609],[88.225048,43.325193],[88.164634,43.331028],[87.587727,43.260979],[87.36804,43.281272],[87.385203,43.123565],[87.634411,43.036572],[87.638072,42.998162],[87.755925,42.961196],[87.941515,42.827815],[87.758213,42.898948],[87.538069,42.908201],[87.543103,42.8459],[87.509235,42.795601],[87.841054,42.768229],[87.913139,42.659355],[88.128935,42.572296],[88.202393,42.501674],[88.122299,42.371302],[88.003531,42.329218],[87.898264,42.248675],[87.997581,42.069867],[88.138775,42.004193],[88.215437,41.871296],[88.341986,41.76804],[88.347478,41.533567],[88.307889,41.513902],[88.318873,41.493179],[88.406519,41.459828],[88.735363,41.475003],[88.859624,41.42195],[89.017753,41.426912],[89.204029,41.361178],[89.399001,41.396385],[89.743635,41.344622],[89.834256,41.377129],[89.960347,41.357416],[90.108636,41.252883],[90.399721,41.234187],[91.092651,41.251375],[91.446667,41.197687],[91.840273,41.281066],[91.910299,41.271422]]]]}},{"type":"Feature","properties":{"adcode":"650500","name":"哈密市"},"geometry":{"type":"MultiPolygon","coordinates":[[[[91.518752,45.096928],[91.501818,45.030931],[91.569097,44.894873],[91.387169,44.736563],[91.402501,44.624788],[91.287623,44.375515],[91.332934,44.28013],[91.307075,44.008911],[91.511429,43.870882],[91.563147,43.769468],[91.563834,43.745572],[91.366344,43.705144],[91.553994,43.643364],[91.317144,43.586313],[91.295861,43.546504],[91.174805,43.524991],[91.15398,43.472048],[91.225836,43.3822],[91.209131,43.356255],[91.259018,43.334236],[91.384652,42.972787],[91.464288,42.246003],[91.637521,42.140529],[91.632715,42.075225],[91.696104,42.064508],[91.737066,42.011046],[91.855377,41.74336],[91.785581,41.508947],[91.823797,41.498585],[91.889932,41.401799],[91.910299,41.271422],[92.070029,41.264187],[92.535949,41.120847],[92.863191,41.112992],[93.200731,40.990968],[93.556807,40.957511],[93.696629,40.875388],[93.809905,40.87933],[94.18406,41.268558],[94.534186,41.505944],[94.750211,41.53837],[94.861886,41.668512],[95.136266,41.772826],[95.306752,41.57168],[95.335357,41.644243],[95.571521,41.796],[95.855741,41.849643],[96.115933,41.98482],[96.139046,42.054236],[96.077259,42.149598],[96.178406,42.217943],[96.041102,42.326549],[96.066045,42.414543],[95.978628,42.436744],[96.02371,42.542462],[96.103575,42.604183],[96.386193,42.727737],[96.363538,42.900564],[95.879769,43.280104],[95.858029,43.417602],[95.526897,44.007469],[95.326661,44.028809],[95.376091,44.227423],[95.430097,44.281709],[95.413621,44.298646],[94.998732,44.253136],[94.945413,44.292762],[94.722751,44.340822],[94.606042,44.448276],[94.470797,44.509508],[94.358894,44.515657],[94.329831,44.582674],[94.215411,44.668155],[93.509437,44.968262],[92.932988,45.017325],[92.884245,45.0468],[92.500936,45.001165],[92.240287,45.015908],[92.100236,45.081497],[91.69496,45.065355],[91.518752,45.096928]]]]}},{"type":"Feature","properties":{"adcode":"652300","name":"昌吉回族自治州"},"geometry":{"type":"MultiPolygon","coordinates":[[[[90.671355,45.487654],[90.494919,45.42028],[90.22237,45.064364],[90.23816,45.001732],[88.004446,45.002015],[87.802151,44.378238],[87.818627,44.225268],[87.774232,44.11726],[87.824348,44.123306],[87.866226,44.063975],[87.996894,43.994632],[88.018405,43.874496],[88.090719,43.81318],[88.132826,43.817086],[88.138318,43.756869],[88.21086,43.758897],[88.282487,43.830974],[88.315669,43.790604],[88.413842,43.791617],[88.512015,43.858016],[88.531466,43.801314],[88.600118,43.803919],[88.626893,43.765703],[88.723006,43.742964],[88.704927,43.708913],[88.835138,43.720797],[88.999903,43.607078],[89.138123,43.600254],[89.226913,43.526445],[89.280233,43.552753],[89.398086,43.449344],[89.67956,43.410319],[89.749127,43.426922],[89.758739,43.463899],[89.920071,43.452837],[90.014125,43.490671],[90.016184,43.516704],[90.17294,43.55348],[90.385304,43.498525],[90.420546,43.526881],[90.635198,43.502307],[90.881202,43.532842],[91.129952,43.483833],[91.174805,43.524991],[91.295861,43.546504],[91.317144,43.586313],[91.474815,43.605336],[91.553994,43.643364],[91.366344,43.705144],[91.563834,43.745572],[91.563147,43.769468],[91.511429,43.870882],[91.307075,44.008911],[91.332934,44.28013],[91.287623,44.375515],[91.402501,44.624788],[91.387169,44.736563],[91.569097,44.894873],[91.501818,45.030931],[91.518752,45.096928],[91.449185,45.156627],[91.377329,45.11108],[91.242084,45.137394],[91.129723,45.215982],[90.881889,45.191823],[90.89745,45.249871],[90.804998,45.294884],[90.772274,45.432805],[90.671355,45.487654]]],[[[87.59116,44.533383],[87.555461,44.665873],[87.336231,45.001874],[87.336918,45.330559],[85.666838,45.331123],[85.668898,44.9193],[85.781488,44.922849],[85.868447,44.86589],[85.942134,44.759633],[85.906892,44.736563],[85.955635,44.638629],[86.068225,44.601807],[86.084015,44.490345],[86.130927,44.463447],[86.141683,44.32734],[86.096144,44.125897],[85.967535,44.003575],[85.965018,43.931706],[85.883779,43.920586],[85.786293,43.839507],[85.719701,43.638575],[85.579879,43.539528],[85.989046,43.403036],[86.090423,43.431728],[86.166169,43.306811],[86.380364,43.226508],[86.486317,43.142149],[86.64559,43.09707],[86.797998,43.112442],[86.940108,43.367188],[86.900976,43.429398],[87.102814,43.596188],[87.278563,43.800446],[87.262545,43.923764],[87.28703,43.959569],[87.383144,44.044233],[87.504658,44.066424],[87.523423,44.227279],[87.471934,44.283145],[87.489783,44.303525],[87.423877,44.351433],[87.449279,44.443552],[87.370557,44.566963],[87.514498,44.548818],[87.501912,44.594812],[87.59116,44.533383]]]]}},{"type":"Feature","properties":{"adcode":"652700","name":"博尔塔拉蒙古自治州"},"geometry":{"type":"MultiPolygon","coordinates":[[[[82.172213,44.713627],[82.155736,44.770879],[82.184341,44.790093],[81.993946,44.762053],[81.94566,44.684694],[82.012482,44.674999],[82.011566,44.63335],[81.978384,44.634634],[81.960764,44.584816],[82.082507,44.570534],[82.08388,44.514656],[81.978384,44.482906],[82.002184,44.456005],[81.838334,44.438256],[81.751603,44.347131],[82.167636,44.263476],[82.36032,44.265343],[82.444991,44.182434],[82.672916,44.114237],[82.705411,44.071178],[82.781158,44.085871],[82.899697,44.053312],[82.945923,44.083566],[83.126707,44.092928],[83.243416,44.073195],[83.238381,44.043512],[83.310466,44.008334],[83.429921,44.006171],[83.468824,44.036882],[83.412071,44.168916],[83.439761,44.282571],[83.531526,44.414915],[83.517567,44.467597],[83.79332,44.466739],[83.791947,44.520375],[83.745492,44.552962],[83.795837,44.756785],[83.666313,44.888339],[83.600178,44.894163],[83.474087,44.976064],[83.002675,45.050766],[82.757816,45.152102],[82.683214,45.153799],[82.615477,45.109099],[82.588245,45.038582],[82.679552,44.871432],[82.738822,44.858641],[82.666737,44.770025],[82.543163,44.709067],[82.539959,44.682271],[82.250934,44.691537],[82.080905,44.64405],[82.172213,44.713627]]],[[[82.145667,44.89672],[81.940397,45.010238],[82.133767,45.037165],[82.20036,44.984291],[82.275191,45.03008],[82.295786,45.106693],[82.235144,45.124239],[82.161457,45.226292],[82.10951,45.21132],[82.09578,45.24973],[81.920717,45.233353],[81.787989,45.383676],[81.582719,45.33662],[81.575396,45.307859],[81.449762,45.265679],[81.413148,45.280918],[81.111307,45.218383],[81.080871,45.18292],[80.906266,45.131171],[80.726626,45.176984],[80.686121,45.129049],[80.599162,45.105702],[80.493666,45.127068],[80.404418,45.049491],[80.358192,45.040708],[80.328214,45.070028],[80.195716,45.030789],[80.11196,45.052749],[79.887925,44.909218],[79.969163,44.877542],[79.953831,44.849544],[79.99937,44.793793],[80.262766,44.843573],[80.482911,44.739412],[80.636005,44.73115],[80.691842,44.674144],[80.66072,44.637202],[80.873771,44.563677],[80.890018,44.52981],[80.99826,44.535527],[81.211311,44.462875],[81.618647,44.427374],[81.751603,44.347131],[81.838334,44.438256],[82.002184,44.456005],[81.978384,44.482906],[82.08388,44.514656],[82.082507,44.570534],[81.960764,44.584816],[81.978384,44.634634],[82.011566,44.63335],[82.012482,44.674999],[81.94566,44.684694],[81.968544,44.72303],[82.173128,44.80802],[82.172213,44.713627],[82.192579,44.752229],[82.239263,44.724028],[82.277937,44.743827],[82.206996,44.821248],[82.150015,44.833905],[82.122096,44.806313],[82.083422,44.837602],[82.162372,44.864326],[82.088915,44.879247],[82.145667,44.89672]]],[[[82.277937,44.743827],[82.239263,44.724028],[82.23583,44.6817],[82.539959,44.682271],[82.542934,44.740124],[82.268097,44.832625],[82.206996,44.821248],[82.277937,44.743827]]],[[[82.130564,44.925121],[82.278395,44.860631],[82.3562,44.901833],[82.49648,44.884219],[82.656439,44.944425],[82.525771,45.08532],[82.454144,45.068895],[82.438812,45.006977],[82.275191,45.03008],[82.20036,44.984291],[82.200589,44.91788],[82.130564,44.925121]]],[[[82.582753,45.219089],[82.486868,45.181083],[82.294413,45.247754],[82.161457,45.226292],[82.235144,45.124239],[82.454144,45.068895],[82.525771,45.08532],[82.588245,45.038582],[82.615477,45.109099],[82.680696,45.138526],[82.582753,45.219089]]]]}},{"type":"Feature","properties":{"adcode":"652800","name":"巴音郭楞蒙古自治州"},"geometry":{"type":"MultiPolygon","coordinates":[[[[85.894993,41.821856],[85.792701,41.82589],[85.73961,41.756374],[85.785836,41.664468],[85.703682,41.684237],[85.705513,41.745903],[85.357675,41.747399],[85.367973,41.826488],[85.498412,41.866369],[85.512142,41.914581],[85.262477,41.971106],[85.26385,42.034581],[85.340969,42.109447],[85.335706,42.177242],[85.263621,42.211261],[85.265223,42.283545],[85.020821,42.296746],[84.899536,42.356783],[84.844614,42.358561],[84.773673,42.30772],[84.75857,42.35945],[84.495632,42.432897],[84.232007,42.424905],[83.947101,42.531972],[83.932455,42.373821],[83.974104,42.294521],[83.880279,42.261735],[83.880737,42.186454],[83.924674,42.14603],[83.987606,41.93323],[83.900646,41.597626],[84.015295,41.445401],[84.034518,41.168864],[84.08738,41.120847],[84.058775,41.082318],[84.067471,40.77707],[84.009574,40.037654],[83.951906,39.956396],[83.414817,39.483227],[83.395137,39.321629],[83.38667,38.388217],[83.819179,38.048104],[83.938405,37.832252],[83.989894,37.612273],[83.975706,37.410437],[83.79126,37.250203],[83.860828,37.070112],[83.82101,36.963326],[83.858311,36.867459],[83.833138,36.83232],[83.914148,36.766974],[83.991038,36.76858],[84.084634,36.69498],[84.167932,36.69482],[84.302719,36.611171],[84.346428,36.545636],[84.308211,36.42263],[84.35581,36.397779],[84.363362,36.311223],[84.410274,36.309931],[84.416682,36.276639],[84.537739,36.269364],[84.673441,36.182828],[84.681222,36.142844],[84.84347,36.09895],[84.917614,35.77442],[84.986266,35.725113],[85.271173,35.788735],[85.374151,35.700367],[85.519694,35.679196],[85.566149,35.640423],[85.613747,35.652317],[85.653337,35.731299],[85.803228,35.778325],[85.948999,35.778813],[86.059987,35.845805],[86.200037,36.0479],[86.190197,36.13248],[86.280132,36.170851],[86.700054,36.244788],[86.746051,36.291994],[86.862989,36.299912],[86.887246,36.262898],[86.996174,36.308638],[87.149497,36.297488],[87.193435,36.349345],[87.292294,36.359035],[87.361861,36.41908],[87.424106,36.425856],[87.460263,36.409882],[87.470332,36.354352],[87.570564,36.342401],[87.919546,36.393582],[87.982935,36.437794],[88.134656,36.427147],[88.241525,36.468599],[88.470594,36.482303],[88.498742,36.446182],[88.573115,36.461181],[88.623689,36.389386],[88.783191,36.291832],[88.801727,36.337232],[88.925987,36.364363],[89.128054,36.249639],[89.232176,36.295711],[89.29854,36.228615],[89.375431,36.22813],[89.490309,36.151101],[89.761714,36.073186],[89.941353,36.067514],[89.937234,36.130051],[90.00909,36.184285],[90.028084,36.258371],[90.145708,36.238966],[90.12763,36.215028],[90.253492,36.157415],[90.662888,36.133937],[90.776393,36.086312],[90.846876,36.016929],[90.922622,36.02893],[90.994936,36.107861],[91.092422,36.088743],[91.124689,36.115474],[91.091507,36.161301],[91.098601,36.216807],[91.053977,36.235408],[91.074115,36.29765],[91.026516,36.323664],[91.052604,36.426502],[91.028347,36.443279],[91.035898,36.530009],[90.740923,36.585898],[90.706139,36.661049],[90.755111,36.721182],[90.727192,36.756051],[90.7336,36.827345],[90.87365,36.920537],[91.037043,36.929514],[91.051688,36.967331],[91.113018,36.970535],[91.133613,37.007692],[91.305702,37.012815],[91.2803,37.163807],[91.191052,37.20582],[91.194485,37.273662],[91.134758,37.324224],[91.097457,37.450402],[91.056952,37.483823],[90.940701,37.480481],[90.86587,37.530586],[90.882575,37.575732],[90.776164,37.650543],[90.519634,37.730829],[90.530847,38.319819],[90.361734,38.300152],[90.352809,38.23356],[90.280724,38.238127],[90.137699,38.340581],[90.179119,38.397018],[90.128316,38.400161],[90.110696,38.473036],[90.426953,38.493912],[90.463568,38.556658],[90.535653,38.567947],[90.653048,38.674317],[90.831086,38.668055],[91.301582,38.747697],[91.446439,38.813502],[91.878719,38.882681],[91.990393,38.938693],[92.256763,39.000739],[92.418325,39.013048],[92.351275,39.0839],[92.340061,39.238127],[92.525422,39.368613],[92.639843,39.514326],[92.796599,40.153919],[92.9069,40.310669],[92.928411,40.572686],[93.760704,40.664919],[93.821118,40.79377],[93.809905,40.87933],[93.696629,40.875388],[93.556807,40.957511],[93.200731,40.990968],[92.863191,41.112992],[92.535949,41.120847],[92.023346,41.272476],[91.840273,41.281066],[91.446667,41.197687],[91.092651,41.251375],[90.399721,41.234187],[90.108636,41.252883],[89.960347,41.357416],[89.834256,41.377129],[89.743635,41.344622],[89.460788,41.359824],[89.338816,41.404807],[89.204029,41.361178],[89.017753,41.426912],[88.859624,41.42195],[88.735363,41.475003],[88.406519,41.459828],[88.307889,41.513902],[88.347478,41.533567],[88.341986,41.76804],[88.215437,41.871296],[88.138775,42.004193],[87.997581,42.069867],[87.898264,42.248675],[88.003531,42.329218],[88.122299,42.371302],[88.202393,42.501674],[88.128935,42.572296],[87.913139,42.659355],[87.841054,42.768229],[87.456144,42.800015],[87.225244,42.747618],[87.188171,42.769995],[87.161626,42.745704],[87.015625,42.745409],[87.009218,42.678227],[86.978324,42.678079],[87.00281,42.625432],[86.95361,42.579236],[87.039425,42.475947],[86.922258,42.43778],[86.936904,42.460565],[86.908757,42.481567],[86.842164,42.429049],[86.751086,42.417948],[86.616298,42.302085],[86.635063,42.2319],[86.735067,42.169663],[86.691816,42.140826],[86.704631,42.103051],[86.578082,42.031602],[86.595474,41.96887],[86.503251,41.922787],[86.522931,41.850091],[86.44238,41.834705],[86.404392,41.861441],[86.332765,41.818568],[86.099576,41.798392],[86.091109,41.771181],[85.888585,41.763853],[85.894993,41.821856]]],[[[82.638132,42.597689],[82.722345,42.595918],[82.826468,42.645198],[82.842029,42.613628],[82.81617,42.579088],[82.841571,42.568014],[82.958738,42.630448],[83.078422,42.553688],[83.227855,42.583665],[83.320993,42.569195],[83.350742,42.508326],[83.487589,42.469883],[83.713912,42.540689],[83.947101,42.531972],[84.232007,42.424905],[84.495632,42.432897],[84.75857,42.35945],[84.773673,42.30772],[84.844614,42.358561],[84.899536,42.356783],[85.020821,42.296746],[85.265223,42.283545],[85.263621,42.211261],[85.335706,42.177242],[85.340969,42.109447],[85.26385,42.034581],[85.262477,41.971106],[85.443948,41.93845],[85.487427,42.197002],[85.760663,42.069718],[85.751738,42.037262],[86.000488,42.018942],[86.017422,41.964994],[86.113993,41.898465],[86.224294,41.908016],[86.362056,41.830522],[86.404392,41.861441],[86.44238,41.834705],[86.522931,41.850091],[86.503251,41.922787],[86.595474,41.96887],[86.578082,42.031602],[86.704631,42.103051],[86.691816,42.140826],[86.735067,42.169663],[86.635063,42.2319],[86.616298,42.302085],[86.751086,42.417948],[86.842164,42.429049],[86.908757,42.481567],[86.936904,42.460565],[86.922258,42.43778],[87.024321,42.450061],[87.039425,42.475947],[86.95361,42.579236],[87.00281,42.625432],[86.978324,42.678079],[87.009218,42.678227],[87.015625,42.745409],[87.444473,42.783094],[87.509235,42.795601],[87.543103,42.8459],[87.538069,42.908201],[87.497106,42.940062],[87.270096,43.032322],[87.111281,43.063093],[87.054528,43.022941],[86.797998,43.112442],[86.64559,43.09707],[86.486317,43.142149],[86.380364,43.226508],[86.166169,43.306811],[86.090423,43.431728],[85.989046,43.403036],[85.5975,43.530806],[85.519694,43.536185],[85.434108,43.478887],[85.328154,43.486743],[85.31511,43.529207],[85.286734,43.502307],[85.170483,43.510742],[85.156981,43.546795],[85.056292,43.563942],[84.979859,43.47976],[84.950567,43.48427],[84.92425,43.425175],[84.786717,43.465936],[84.716005,43.453128],[84.661541,43.491253],[84.633165,43.432747],[84.692893,43.40187],[84.676187,43.37229],[84.552842,43.331757],[84.532246,43.292802],[84.538425,43.262877],[84.581447,43.266965],[84.564742,43.231037],[84.653761,43.175351],[84.423318,43.16175],[84.413707,43.102341],[84.279149,43.174912],[83.96312,43.156192],[83.912546,43.128102],[83.758078,43.149317],[83.627639,43.08067],[83.56631,43.092385],[83.135632,42.992149],[82.82418,42.980269],[82.789396,42.933897],[82.653236,42.934337],[82.649345,42.88367],[82.532637,42.901739],[82.470392,42.843253],[82.480003,42.800603],[82.599229,42.719635],[82.638132,42.597689]]],[[[85.792701,41.82589],[86.099576,41.798392],[86.362056,41.830522],[86.224294,41.908016],[86.113993,41.898465],[86.017422,41.964994],[86.000488,42.018942],[85.751738,42.037262],[85.760663,42.069718],[85.487427,42.197002],[85.443948,41.93845],[85.792701,41.82589]]]]}},{"type":"Feature","properties":{"adcode":"652900","name":"阿克苏地区"},"geometry":{"type":"MultiPolygon","coordinates":[[[[78.36499,40.009709],[78.543486,40.061445],[78.605959,40.131694],[78.903681,40.257134],[79.003913,40.219786],[79.145108,40.256522],[79.343055,40.241065],[79.833461,40.131388],[79.86916,40.145643],[79.915386,40.386617],[79.810348,40.491154],[79.941016,40.44295],[80.022026,40.500913],[80.022941,40.592787],[80.087245,40.694571],[80.050402,40.828826],[80.136675,40.891912],[80.22455,40.883878],[80.23622,40.784358],[80.331876,40.850064],[80.397095,40.818964],[80.552707,40.687577],[80.553165,40.655032],[80.57971,40.666592],[80.592296,40.619884],[80.725939,40.701412],[80.791846,40.703236],[80.867363,40.658987],[80.990479,40.702476],[81.140828,40.698979],[81.32985,40.762947],[81.32596,40.805154],[81.385687,40.825033],[81.457085,40.804699],[81.884102,40.941004],[82.061454,41.126436],[82.294642,41.23268],[82.456661,41.255897],[82.57932,41.342063],[82.635844,41.503241],[82.729211,41.463885],[82.848894,41.478759],[82.98391,41.408717],[83.069039,41.243234],[83.301312,41.124019],[83.390789,41.137914],[83.438159,41.06811],[83.485529,41.077028],[83.478893,41.135951],[83.589652,41.15724],[83.682103,41.069924],[83.670432,41.036205],[83.745263,41.031063],[83.778903,41.010337],[83.769978,40.976891],[83.848242,40.9563],[83.837257,40.913887],[83.889662,40.833681],[84.067471,40.77707],[84.058775,41.082318],[84.08738,41.120847],[84.034518,41.168864],[84.015295,41.445401],[83.900646,41.597626],[83.987606,41.93323],[83.924674,42.14603],[83.880737,42.186454],[83.880279,42.261735],[83.974104,42.294521],[83.932455,42.373821],[83.947101,42.531972],[83.713912,42.540689],[83.487589,42.469883],[83.350742,42.508326],[83.320993,42.569195],[83.227855,42.583665],[83.078422,42.553688],[82.958738,42.630448],[82.841571,42.568014],[82.81617,42.579088],[82.842029,42.613628],[82.826468,42.645198],[82.722345,42.595918],[82.638132,42.597689],[82.585499,42.543939],[82.407232,42.55162],[82.295329,42.48275],[82.230109,42.494578],[82.189147,42.467221],[82.142692,42.489256],[82.133538,42.440444],[82.065344,42.420316],[81.867397,42.411138],[81.865795,42.384041],[81.805152,42.405957],[81.751832,42.365525],[81.66144,42.392186],[81.352734,42.332331],[81.318637,42.357821],[81.285455,42.332479],[81.195521,42.343595],[81.152498,42.323585],[81.160508,42.259954],[81.048147,42.284732],[80.985216,42.380634],[80.803974,42.339742],[80.531883,42.360932],[80.415403,42.304754],[80.284048,42.32062],[80.286565,42.233088],[80.168712,42.20027],[80.163678,42.152422],[80.13965,42.151233],[80.193427,42.081476],[80.142167,42.03473],[79.923624,42.042325],[79.852683,42.015367],[79.776708,41.892495],[79.325892,41.809452],[79.219024,41.726452],[78.957688,41.651585],[78.825189,41.560279],[78.696809,41.541672],[78.650583,41.467341],[78.580558,41.481613],[78.391765,41.408266],[78.711913,41.185616],[78.826333,40.994751],[78.875534,40.985216],[78.861803,40.891609],[78.748298,40.81866],[78.570489,40.766137],[78.574151,40.700195],[78.605044,40.696699],[78.523577,40.552579],[78.205259,40.420362],[78.091068,40.274882],[78.03134,40.093818],[78.09267,40.060831],[78.313272,40.066049],[78.36499,40.009709]]],[[[80.592296,40.619884],[80.57971,40.666592],[80.553165,40.655032],[80.457967,40.773881],[80.331876,40.850064],[80.23622,40.784358],[80.22455,40.883878],[80.136675,40.891912],[80.050402,40.828826],[80.087245,40.694571],[80.022941,40.592787],[80.022026,40.500913],[79.941016,40.44295],[79.810348,40.491154],[79.915386,40.386617],[79.86916,40.145643],[79.833461,40.131388],[79.860006,40.013702],[79.837809,39.980523],[79.862981,39.957165],[79.788379,39.801909],[79.764351,39.622831],[80.162305,39.464034],[83.414817,39.483227],[83.951906,39.956396],[84.009574,40.037654],[84.067471,40.77707],[83.889662,40.833681],[83.837257,40.913887],[83.848242,40.9563],[83.769978,40.976891],[83.778903,41.010337],[83.745263,41.031063],[83.670432,41.036205],[83.682103,41.069924],[83.589652,41.15724],[83.478893,41.135951],[83.485529,41.077028],[83.438159,41.06811],[83.390789,41.137914],[83.301312,41.124019],[83.069039,41.243234],[82.98391,41.408717],[82.848894,41.478759],[82.729211,41.463885],[82.635844,41.503241],[82.57932,41.342063],[82.456661,41.255897],[82.294642,41.23268],[81.999895,41.076726],[81.743365,40.733326],[81.822544,40.685144],[81.978613,40.468429],[81.760299,40.437914],[81.281107,40.43593],[81.210395,40.397307],[81.003065,40.396849],[80.931438,40.432573],[80.740128,40.369357],[80.605798,40.423262],[80.633717,40.465378],[80.683833,40.464616],[80.673993,40.511585],[80.723422,40.488409],[80.729372,40.452411],[80.827774,40.476513],[80.741272,40.533228],[80.696419,40.520121],[80.670789,40.569031],[80.621588,40.556845],[80.592296,40.619884]]]]}},{"type":"Feature","properties":{"adcode":"653000","name":"克孜勒苏柯尔克孜自治州"},"geometry":{"type":"MultiPolygon","coordinates":[[[[78.36499,40.009709],[78.313272,40.066049],[78.09267,40.060831],[78.03134,40.093818],[78.091068,40.274882],[78.205259,40.420362],[78.523577,40.552579],[78.605044,40.696699],[78.574151,40.700195],[78.570489,40.766137],[78.748298,40.81866],[78.861803,40.891609],[78.875534,40.985216],[78.826333,40.994751],[78.711913,41.185616],[78.391765,41.408266],[78.166128,41.3842],[78.129055,41.228156],[77.834537,41.151956],[77.807763,41.123415],[77.829503,41.059493],[77.780531,41.023046],[77.591509,40.99233],[77.363126,41.040742],[77.296304,41.005042],[77.169298,41.009127],[77.091492,41.062668],[77.002244,41.073401],[76.885764,41.027432],[76.853497,40.976437],[76.761961,40.954028],[76.731525,40.819116],[76.646626,40.760062],[76.675917,40.694267],[76.657381,40.620341],[76.55692,40.542676],[76.539528,40.464005],[76.333343,40.343688],[76.279794,40.439288],[76.173383,40.382035],[76.048894,40.388756],[76.048436,40.356982],[75.98642,40.381883],[75.921429,40.291248],[75.831037,40.327333],[75.709065,40.280848],[75.669934,40.363857],[75.734467,40.467514],[75.646134,40.516615],[75.63698,40.62445],[75.599451,40.659748],[75.242459,40.448901],[74.963274,40.464616],[74.844505,40.52134],[74.795076,40.443255],[74.908352,40.33895],[74.698047,40.344452],[74.663263,40.271363],[74.577448,40.260347],[74.356617,40.089216],[74.26325,40.125102],[74.023425,40.085074],[73.943331,40.016005],[73.980403,40.004794],[73.911064,39.934721],[73.907174,39.873811],[73.845387,39.831172],[73.841725,39.756297],[73.924337,39.721914],[73.953628,39.600278],[73.916327,39.586527],[73.868042,39.482917],[73.610596,39.465892],[73.592518,39.412312],[73.506474,39.380547],[73.554073,39.349854],[73.539427,39.27244],[73.63943,39.22042],[73.742866,39.029404],[73.820214,39.041553],[73.846302,38.972061],[73.826393,38.916855],[73.742408,38.933858],[73.699386,38.857703],[73.770785,38.77115],[73.757054,38.719543],[73.799161,38.611046],[73.899164,38.57892],[73.926168,38.535958],[74.011754,38.524978],[74.090704,38.542231],[74.068735,38.58566],[74.148143,38.676821],[74.506508,38.637677],[74.784778,38.538154],[74.862812,38.484024],[74.868305,38.403932],[74.789583,38.324695],[74.806746,38.285516],[74.945653,38.273869],[74.982725,38.243009],[75.108587,38.276387],[75.192114,38.198902],[75.278158,38.203786],[75.399215,38.106031],[75.410428,37.922624],[75.561463,37.919302],[75.666959,37.875473],[75.747053,37.888451],[75.78321,37.939704],[75.880467,37.92642],[75.886417,37.876581],[75.851175,37.859961],[75.793507,37.734476],[75.805865,37.65213],[75.940881,37.732415],[76.0299,37.732256],[76.208167,37.813405],[76.264462,37.731463],[76.292151,37.734159],[76.327164,37.815622],[76.382543,37.826868],[76.384374,37.867401],[76.482089,37.849987],[76.469274,37.925787],[76.6004,38.219541],[76.597654,38.42467],[76.455544,38.497835],[76.344098,38.500503],[76.401995,38.540192],[76.403139,38.606189],[76.288948,38.629689],[76.149584,38.609323],[76.16217,38.646917],[76.033104,38.753639],[75.977495,38.759268],[75.908157,38.875345],[75.759181,38.947115],[75.927608,39.039528],[75.940194,39.007127],[76.141116,39.039684],[76.047521,39.180642],[76.145922,39.202243],[76.157135,39.229895],[75.882298,39.269025],[75.839733,39.188879],[75.770166,39.189967],[75.707006,39.12731],[75.771996,39.095728],[75.757579,38.997934],[75.662839,38.955691],[75.552309,38.986245],[75.60746,39.142241],[75.683435,39.270111],[75.736755,39.296806],[75.642244,39.284701],[75.580686,39.211876],[75.573134,39.241543],[75.512491,39.227566],[75.472215,39.170072],[75.350014,39.144574],[75.299898,39.407819],[75.320723,39.461557],[75.389375,39.505972],[75.341318,39.623294],[75.36077,39.654022],[75.466265,39.67918],[75.646821,39.653404],[75.701285,39.594871],[75.985047,39.589926],[75.976122,39.611556],[76.215947,39.625302],[76.447763,39.575864],[76.59834,39.6131],[76.838165,39.82686],[77.511872,39.878427],[77.529264,39.925804],[77.798152,39.986822],[78.074134,39.970996],[78.36499,40.009709]]]]}},{"type":"Feature","properties":{"adcode":"653100","name":"喀什地区"},"geometry":{"type":"MultiPolygon","coordinates":[[[[74.806746,38.285516],[74.821621,38.103033],[74.879289,38.021256],[74.925744,38.017307],[74.917505,37.845079],[75.006524,37.77094],[74.892104,37.668162],[74.930778,37.571759],[75.035358,37.500845],[75.078609,37.511026],[75.153211,37.4141],[75.12575,37.322311],[74.927117,37.277651],[74.911098,37.233602],[74.816129,37.216519],[74.727339,37.282915],[74.665781,37.235837],[74.64221,37.261375],[74.511084,37.239988],[74.465087,37.146867],[74.498956,37.072352],[74.530078,37.08211],[74.568066,37.032666],[74.709032,37.08451],[74.739238,37.028024],[74.847022,37.056992],[74.893935,36.939611],[75.032383,37.016818],[75.413632,36.954674],[75.396469,36.904185],[75.430108,36.873394],[75.425761,36.778859],[75.458485,36.721022],[75.536977,36.730182],[75.537435,36.773077],[75.634006,36.771632],[75.871542,36.666518],[75.946831,36.590567],[75.924404,36.566414],[75.991455,36.507127],[76.034934,36.409237],[75.989624,36.34014],[76.061022,36.225219],[76.011593,36.229101],[76.016398,36.165509],[75.936304,36.134747],[75.949577,36.070269],[76.014568,36.018065],[76.097408,36.022605],[76.164687,35.908842],[76.147066,35.833451],[76.365838,35.824185],[76.369728,35.863356],[76.431744,35.851818],[76.548911,35.919235],[76.597425,35.895686],[76.566302,35.819307],[76.593534,35.77198],[76.69308,35.747574],[76.761275,35.655902],[76.836792,35.662093],[76.966774,35.591685],[77.064489,35.595761],[77.195843,35.519257],[77.307746,35.54047],[77.38006,35.477141],[77.451916,35.460484],[77.518737,35.482039],[77.639565,35.454931],[77.657415,35.477467],[77.690597,35.448234],[77.816459,35.518604],[77.781675,35.554011],[77.844149,35.612716],[77.835224,35.804836],[77.878704,35.811828],[77.844835,35.912577],[77.923785,35.930764],[77.872983,35.994707],[77.742544,36.039145],[77.732246,36.100247],[77.910055,36.198525],[77.810967,36.294579],[77.724465,36.28262],[77.610045,36.35968],[77.624462,36.387772],[77.579151,36.448924],[77.42537,36.492137],[77.40775,36.545959],[77.503634,36.56126],[77.534756,36.610849],[77.582126,36.610366],[77.576405,36.633701],[77.64849,36.669252],[77.49265,36.792991],[77.528806,36.865052],[77.518966,36.930315],[77.608214,36.935284],[77.642311,36.975981],[77.681214,37.128485],[77.642769,37.266481],[77.600205,37.297591],[77.667713,37.444035],[77.664051,37.581611],[77.699979,37.588762],[78.006397,37.96342],[78.506871,38.422471],[79.238704,38.794283],[79.390425,38.830218],[79.566633,38.784437],[79.599814,38.829905],[79.733686,39.4775],[79.190647,39.72068],[79.117647,39.715436],[79.003684,39.65927],[79.000252,39.624993],[78.915581,39.611247],[78.708709,39.650471],[78.657449,39.736409],[78.777819,39.825012],[78.806424,39.657264],[78.840521,39.711271],[78.883772,39.704176],[78.870728,39.762154],[79.004829,39.800677],[78.906885,39.831326],[78.989496,39.868271],[78.942813,39.908118],[79.039155,39.981291],[79.015355,40.022147],[79.214218,40.059603],[79.145108,40.256522],[79.003913,40.219786],[78.903681,40.257134],[78.605959,40.131694],[78.543486,40.061445],[78.36499,40.009709],[78.074134,39.970996],[77.798152,39.986822],[77.529264,39.925804],[77.511872,39.878427],[76.838165,39.82686],[76.786447,39.753985],[76.55303,39.588999],[76.29627,39.591008],[76.215947,39.625302],[75.855523,39.585754],[75.701285,39.594871],[75.646821,39.653404],[75.551623,39.668223],[75.36077,39.654022],[75.341318,39.623294],[75.389375,39.505972],[75.320723,39.461557],[75.299898,39.407819],[75.350014,39.144574],[75.472215,39.170072],[75.512491,39.227566],[75.573134,39.241543],[75.580686,39.211876],[75.642244,39.284701],[75.736755,39.296806],[75.683435,39.270111],[75.60746,39.142241],[75.565582,38.971282],[75.662839,38.955691],[75.757579,38.997934],[75.771996,39.095728],[75.707006,39.12731],[75.770166,39.189967],[75.839733,39.188879],[75.882298,39.269025],[76.157135,39.229895],[76.145922,39.202243],[76.047521,39.180642],[76.141116,39.039684],[75.940194,39.007127],[75.927608,39.039528],[75.759181,38.947115],[75.908157,38.875345],[75.977495,38.759268],[76.033104,38.753639],[76.16217,38.646917],[76.149584,38.609323],[76.288948,38.629689],[76.403139,38.606189],[76.401995,38.540192],[76.344098,38.500503],[76.455544,38.497835],[76.597654,38.42467],[76.6004,38.219541],[76.469274,37.925787],[76.492387,37.86566],[76.384374,37.867401],[76.382543,37.826868],[76.327164,37.815622],[76.292151,37.734159],[76.264462,37.731463],[76.208167,37.813405],[76.0299,37.732256],[75.940881,37.732415],[75.805865,37.65213],[75.793507,37.734476],[75.851175,37.859961],[75.886417,37.876581],[75.880467,37.92642],[75.78321,37.939704],[75.747053,37.888451],[75.666959,37.875473],[75.561463,37.919302],[75.410428,37.922624],[75.399215,38.106031],[75.278158,38.203786],[75.192114,38.198902],[75.108587,38.276387],[74.982725,38.243009],[74.945653,38.273869],[74.806746,38.285516]]],[[[79.190647,39.72068],[79.733686,39.4775],[79.788379,39.801909],[79.862981,39.957165],[79.837809,39.980523],[79.860006,40.013702],[79.841699,40.131388],[79.145108,40.256522],[79.214218,40.059603],[79.482648,40.097652],[79.573955,40.012012],[79.606222,39.913347],[79.55725,39.865039],[79.406215,39.89212],[79.278522,39.877658],[79.28882,39.814848],[79.325663,39.80345],[79.246484,39.784808],[79.240306,39.733017],[79.190647,39.72068]]]]}},{"type":"Feature","properties":{"adcode":"653200","name":"和田地区"},"geometry":{"type":"MultiPolygon","coordinates":[[[[80.416089,36.279064],[80.81473,36.292479],[81.031671,36.259341],[81.049978,36.315101],[81.047461,36.250771],[81.274928,36.142196],[81.357082,36.443601],[81.493929,36.016605],[81.371041,35.796867],[81.410402,35.76108],[81.399646,35.707368],[81.463493,35.650036],[81.56876,35.629178],[81.586152,35.570648],[81.58455,35.46277],[81.494158,35.292253],[81.513151,35.234952],[81.92804,35.271138],[82.044291,35.33234],[82.044291,35.452971],[82.328053,35.559394],[82.336062,35.65134],[82.392815,35.656228],[82.425081,35.712741],[82.628521,35.692225],[82.73127,35.637815],[82.788709,35.684571],[82.961026,35.671541],[82.999014,35.484488],[83.067666,35.462607],[83.126707,35.398562],[83.242272,35.419807],[83.622376,35.335448],[83.885085,35.367338],[83.904765,35.401831],[84.005913,35.422421],[84.077082,35.39987],[84.096076,35.36276],[84.161525,35.358999],[84.453068,35.473385],[84.471375,35.526764],[84.448948,35.550422],[84.729049,35.613368],[84.986266,35.725113],[84.917614,35.77442],[84.84347,36.09895],[84.681222,36.142844],[84.673441,36.182828],[84.537739,36.269364],[84.416682,36.276639],[84.410274,36.309931],[84.363362,36.311223],[84.35581,36.397779],[84.308211,36.42263],[84.346428,36.545636],[84.302719,36.611171],[84.167932,36.69482],[84.084634,36.69498],[83.991038,36.76858],[83.914148,36.766974],[83.833138,36.83232],[83.858311,36.867459],[83.82101,36.963326],[83.860828,37.070112],[83.79126,37.250203],[83.975706,37.410437],[83.989894,37.612273],[83.938405,37.832252],[83.819179,38.048104],[83.38667,38.388217],[83.414817,39.483227],[80.162305,39.464034],[79.764351,39.622831],[79.599814,38.829905],[79.566633,38.784437],[79.390425,38.830218],[79.238704,38.794283],[78.506871,38.422471],[77.878246,37.811662],[78.350344,37.68546],[78.350344,37.731146],[78.54463,37.791066],[78.543028,37.574301],[79.197513,37.206299],[79.256325,37.236316],[79.249917,37.414896],[79.377152,37.416489],[79.33825,37.371406],[79.367083,37.325021],[79.632768,37.474275],[79.661601,37.554116],[79.699131,37.561269],[79.694326,37.517546],[79.783116,37.580499],[79.818128,37.574937],[79.883577,37.471411],[79.960239,37.563812],[80.026831,37.581135],[80.26986,37.801998],[80.306474,37.89478],[80.385196,37.934169],[80.444923,38.032944],[80.559801,38.08457],[80.581083,38.069575],[80.525475,37.979859],[80.477418,37.966266],[80.495726,37.937016],[80.455907,37.862652],[80.486572,37.804692],[80.435541,37.606714],[79.990217,37.39419],[79.930718,37.262173],[80.019508,37.252916],[80.103264,37.288659],[80.113104,37.226737],[80.016991,37.15358],[80.04285,37.13408],[79.949025,37.04355],[79.891357,36.904345],[79.973054,36.828629],[80.087932,36.808404],[80.125461,36.765689],[80.104866,36.717325],[80.233703,36.584127],[80.241484,36.526465],[80.288625,36.532587],[80.317001,36.394067],[80.244916,36.304114],[80.416089,36.279064]]],[[[79.883577,37.471411],[79.811034,37.364554],[79.806686,37.29791],[79.765037,37.28132],[79.589745,37.322789],[79.572354,37.38256],[79.643294,37.424292],[79.632768,37.474275],[79.367083,37.325021],[79.374406,37.174033],[79.197513,37.206299],[78.543028,37.574301],[78.488793,37.568739],[78.491081,37.616879],[78.441881,37.642128],[78.330664,37.603537],[78.350344,37.68546],[77.878246,37.811662],[77.699979,37.588762],[77.664051,37.581611],[77.667713,37.444035],[77.600205,37.297591],[77.642769,37.266481],[77.681214,37.128485],[77.642311,36.975981],[77.608214,36.935284],[77.518966,36.930315],[77.528806,36.865052],[77.49265,36.792991],[77.64849,36.669252],[77.576405,36.633701],[77.582126,36.610366],[77.534756,36.610849],[77.503634,36.56126],[77.40775,36.545959],[77.42537,36.492137],[77.579151,36.448924],[77.624462,36.387772],[77.610045,36.35968],[77.724465,36.28262],[77.810967,36.294579],[77.910055,36.198525],[77.732246,36.100247],[77.742544,36.039145],[77.872983,35.994707],[77.923785,35.930764],[77.844835,35.912577],[77.878704,35.811828],[77.835224,35.804836],[77.844149,35.612716],[77.781675,35.554011],[77.915089,35.464893],[77.917607,35.491019],[78.035917,35.467833],[78.140497,35.494773],[78.013262,35.365866],[78.016923,35.228237],[78.060174,35.180232],[78.062692,35.114651],[78.124707,35.108254],[78.150795,35.069534],[78.122877,35.03687],[78.198852,34.977745],[78.181918,34.936991],[78.237526,34.8824],[78.21304,34.717916],[78.259952,34.710169],[78.280777,34.623094],[78.427693,34.594049],[78.433871,34.548645],[78.492912,34.578367],[78.558132,34.56037],[78.583991,34.506356],[78.61763,34.536258],[78.70848,34.522052],[78.758596,34.481567],[78.742806,34.454457],[78.855853,34.411789],[78.892468,34.355858],[78.958603,34.38631],[79.039612,34.334502],[79.010779,34.399878],[79.052199,34.427172],[79.161356,34.441394],[79.22955,34.413939],[79.54535,34.476278],[79.675561,34.45115],[79.699818,34.477931],[79.801194,34.478923],[79.860922,34.528164],[79.843759,34.557398],[79.885865,34.642892],[79.866872,34.671426],[79.907147,34.683793],[79.899138,34.733572],[79.946279,34.822835],[79.926828,34.849332],[79.995938,34.856078],[80.036671,34.903122],[80.03095,35.03884],[80.236449,35.148268],[80.223176,35.177282],[80.257731,35.203337],[80.362769,35.208907],[80.268029,35.295853],[80.304415,35.379764],[80.374669,35.388101],[80.419979,35.442353],[80.51655,35.392187],[80.656372,35.393985],[80.689325,35.339046],[81.026178,35.31189],[81.031671,35.380581],[81.099179,35.407551],[81.142429,35.365212],[81.191859,35.365212],[81.219549,35.319089],[81.363947,35.354583],[81.494158,35.292253],[81.58455,35.46277],[81.56876,35.629178],[81.463493,35.650036],[81.399646,35.707368],[81.410402,35.76108],[81.371041,35.796867],[81.493929,36.016605],[81.357082,36.443601],[81.275386,36.142196],[81.031671,36.259341],[80.81862,36.298135],[80.41792,36.278255],[80.244916,36.304114],[80.317001,36.394067],[80.288625,36.532587],[80.241484,36.526465],[80.233703,36.584127],[80.104866,36.717325],[80.125461,36.765689],[80.087932,36.808404],[79.973054,36.828629],[79.891357,36.904345],[79.949025,37.04355],[80.04285,37.13408],[80.016991,37.15358],[80.113104,37.226737],[80.103264,37.288659],[79.937812,37.251959],[79.990217,37.39419],[80.435541,37.606714],[80.486572,37.804692],[80.455907,37.862652],[80.495726,37.937016],[80.477418,37.966266],[80.525475,37.979859],[80.581083,38.069575],[80.559801,38.08457],[80.444923,38.032944],[80.385196,37.934169],[80.306474,37.89478],[80.26986,37.801998],[80.193885,37.764758],[80.162991,37.7045],[80.026831,37.581135],[79.960239,37.563812],[79.883577,37.471411]]],[[[79.709887,37.379533],[79.811034,37.364554],[79.889298,37.454381],[79.818586,37.537742],[79.783802,37.537265],[79.783116,37.580499],[79.694326,37.517546],[79.686774,37.447537],[79.610341,37.373797],[79.709887,37.379533]]],[[[79.776022,37.28467],[79.806686,37.29791],[79.811034,37.364554],[79.610341,37.373797],[79.580363,37.340008],[79.776022,37.28467]]],[[[81.031213,36.27874],[81.03373,36.275992],[81.033959,36.280033],[81.031213,36.27874]]]]}},{"type":"Feature","properties":{"adcode":"654000","name":"伊犁哈萨克自治州"},"geometry":{"type":"MultiPolygon","coordinates":[[[[84.950567,43.48427],[84.899078,43.521502],[84.895188,43.577162],[84.821043,43.581229],[84.786717,43.641913],[84.708454,43.63161],[84.597695,43.669476],[84.634767,43.719638],[84.5533,43.750931],[84.287845,43.730795],[84.253747,43.785248],[84.084405,43.825477],[84.114841,43.854546],[83.939549,43.901663],[83.886229,43.952785],[83.621003,43.965631],[83.468824,44.036882],[83.429921,44.006171],[83.310466,44.008334],[83.238381,44.043512],[83.243416,44.073195],[83.126707,44.092928],[82.945923,44.083566],[82.899697,44.053312],[82.781158,44.085871],[82.705411,44.071178],[82.672916,44.114237],[82.444991,44.182434],[82.36032,44.265343],[82.283658,44.249115],[82.032391,44.285442],[81.751603,44.347131],[81.618647,44.427374],[81.358455,44.44255],[81.333054,44.348135],[81.401477,44.284867],[81.241975,44.206154],[81.205589,44.098256],[81.076295,43.96058],[81.071031,43.907731],[80.978122,43.908742],[80.905579,43.946722],[80.793905,43.906431],[81.125953,43.870593],[80.764156,43.854257],[80.71999,43.890971],[80.672391,43.844713],[80.775369,43.80334],[80.782463,43.696882],[80.632344,43.663384],[80.755002,43.494162],[80.760952,43.446432],[80.68635,43.333653],[80.776971,43.307979],[80.794592,43.13732],[80.593441,43.133516],[80.378559,43.031443],[80.603052,42.894394],[80.260249,42.824873],[80.228211,42.692966],[80.163907,42.62794],[80.265283,42.502266],[80.210361,42.469588],[80.206013,42.431565],[80.228669,42.359895],[80.284048,42.32062],[80.415403,42.304754],[80.531883,42.360932],[80.803974,42.339742],[80.985216,42.380634],[81.048147,42.284732],[81.160508,42.259954],[81.152498,42.323585],[81.195521,42.343595],[81.318637,42.357821],[81.352734,42.332331],[81.66144,42.392186],[81.751832,42.365525],[81.805152,42.405957],[81.865795,42.384041],[81.867397,42.411138],[82.133538,42.440444],[82.142692,42.489256],[82.189147,42.467221],[82.366498,42.50404],[82.363752,42.538768],[82.407232,42.55162],[82.62074,42.558562],[82.634242,42.651982],[82.599229,42.719635],[82.480003,42.800603],[82.470392,42.843253],[82.532637,42.901739],[82.649345,42.88367],[82.653236,42.934337],[82.789396,42.933897],[82.82418,42.980269],[83.135632,42.992149],[83.325112,43.047416],[83.361726,43.028218],[83.627639,43.08067],[83.758078,43.149317],[84.043214,43.132199],[84.279149,43.174912],[84.363133,43.15941],[84.413707,43.102341],[84.423318,43.16175],[84.653761,43.175351],[84.564742,43.231037],[84.581447,43.266965],[84.538425,43.262877],[84.532246,43.292802],[84.552842,43.331757],[84.676187,43.37229],[84.692893,43.40187],[84.633165,43.432747],[84.661541,43.491253],[84.716005,43.453128],[84.786717,43.465936],[84.92425,43.425175],[84.950567,43.48427]]],[[[81.079269,43.96592],[81.125495,44.055185],[81.205589,44.098256],[81.241975,44.206154],[81.370355,44.239778],[81.401477,44.284867],[81.333054,44.348135],[81.358455,44.44255],[80.99826,44.535527],[80.890018,44.52981],[80.873771,44.563677],[80.66072,44.637202],[80.691842,44.674144],[80.636005,44.73115],[80.482911,44.739412],[80.262766,44.843573],[80.187935,44.825799],[80.220888,44.733287],[80.314942,44.704649],[80.413114,44.610944],[80.350641,44.48448],[80.413114,44.264625],[80.39412,44.127192],[80.586347,44.017707],[80.553851,44.101424],[80.566895,44.17323],[80.637607,44.180852],[80.701911,44.133093],[80.679256,44.062534],[80.741729,44.016842],[80.71999,43.890971],[80.804661,43.930407],[80.9351,43.929685],[80.987047,43.990016],[81.079269,43.96592]]],[[[85.113273,44.34369],[85.177348,44.324902],[85.212819,44.479187],[85.254696,44.476754],[85.238678,44.598809],[85.202978,44.636061],[85.06842,44.626358],[85.010295,44.574819],[84.853768,44.552104],[84.86109,44.495637],[84.77825,44.390848],[84.974595,44.384687],[85.113273,44.34369]]],[[[80.624792,43.754407],[80.669873,43.753683],[80.660949,43.778734],[80.576735,43.783945],[80.624792,43.754407]]]]}},{"type":"Feature","properties":{"adcode":"654200","name":"塔城地区"},"geometry":{"type":"MultiPolygon","coordinates":[[[[84.661541,45.102872],[84.668864,45.158607],[84.58877,45.241401],[84.579388,45.31068],[84.80594,45.608275],[84.772071,45.648658],[84.847589,45.631414],[84.910291,45.648938],[84.956746,45.707777],[85.129978,45.74543],[85.288565,45.967608],[85.259044,45.978199],[85.293142,45.993246],[85.263392,46.053114],[85.282844,46.090811],[85.380101,46.143628],[85.077574,46.21263],[84.969332,46.275309],[84.900222,46.356741],[84.893815,46.493571],[84.686256,46.636253],[84.761316,46.794075],[84.943702,46.861982],[84.748043,47.009847],[84.506616,46.973056],[84.425378,47.00889],[83.932913,46.970046],[83.57615,47.059181],[83.463332,47.132074],[83.418937,47.11884],[83.370422,47.178569],[83.257833,47.173253],[83.154854,47.236052],[83.02739,47.215491],[82.878415,46.797232],[82.829672,46.772655],[82.727151,46.495503],[82.51822,46.153769],[82.461467,45.980011],[82.342699,45.935126],[82.340182,45.772569],[82.290065,45.716458],[82.266724,45.620196],[82.282056,45.538939],[82.546825,45.42591],[82.60106,45.346203],[82.582753,45.219089],[82.683214,45.153799],[82.757816,45.152102],[83.09444,45.028947],[83.474087,44.976064],[83.600178,44.894163],[83.666313,44.888339],[83.795837,44.756785],[83.745492,44.552962],[83.791947,44.520375],[83.79332,44.466739],[83.517567,44.467597],[83.531526,44.414915],[83.439761,44.282571],[83.412071,44.168916],[83.499946,44.001988],[83.571802,44.010353],[83.621003,43.965631],[83.68668,43.981648],[83.738398,43.9473],[83.886229,43.952785],[83.939549,43.901663],[84.114841,43.854546],[84.084405,43.825477],[84.253747,43.785248],[84.287845,43.730795],[84.5533,43.750931],[84.634767,43.719638],[84.597695,43.669476],[84.708454,43.63161],[84.786717,43.641913],[84.821043,43.581229],[84.895188,43.577162],[84.899078,43.521502],[84.950567,43.48427],[84.979859,43.47976],[85.056292,43.563942],[85.156981,43.546795],[85.170483,43.510742],[85.286734,43.502307],[85.31511,43.529207],[85.328154,43.486743],[85.434108,43.478887],[85.519694,43.536185],[85.5975,43.530806],[85.665008,43.622901],[85.719701,43.638575],[85.786293,43.839507],[85.883779,43.920586],[85.965018,43.931706],[85.967535,44.003575],[86.096144,44.125897],[86.065937,44.160286],[85.985842,44.157265],[85.954262,44.309551],[85.904833,44.332647],[85.912156,44.426515],[86.011015,44.411334],[86.043281,44.452141],[86.130927,44.463447],[86.084015,44.490345],[86.068225,44.601807],[85.955635,44.638629],[85.906892,44.736563],[85.942134,44.759633],[85.868447,44.86589],[85.781488,44.922849],[85.668898,44.9193],[85.666838,45.331123],[85.245772,45.329008],[85.201834,45.244224],[85.250348,45.158607],[85.258358,45.031639],[85.171627,45.022711],[85.156066,44.970958],[85.051486,44.931793],[85.021965,44.814421],[85.047367,44.770167],[85.010295,44.755219],[85.04668,44.740266],[85.052859,44.698093],[85.025398,44.68669],[85.018304,44.61965],[85.202978,44.636061],[85.238678,44.598809],[85.254696,44.476754],[85.212819,44.479187],[85.177348,44.324902],[85.113273,44.34369],[85.108467,44.309551],[84.996106,44.310699],[84.917385,44.17927],[84.737974,44.126185],[84.798159,44.258737],[84.77825,44.390848],[84.86109,44.495637],[84.880084,44.626929],[84.626071,44.791658],[84.652388,44.791231],[84.648726,44.866316],[84.610052,44.995351],[84.516456,44.988829],[84.558334,45.084187],[84.541171,45.152668],[84.65582,45.152244],[84.661541,45.102872]]],[[[85.245772,45.329008],[87.336918,45.330559],[87.336002,46.005085],[87.037136,46.503509],[87.201673,46.715771],[87.203732,46.849505],[87.029585,46.970867],[87.037365,47.11884],[86.581057,47.051941],[86.49364,47.064235],[86.492724,47.08977],[86.377618,47.087312],[86.082642,47.025568],[85.953347,47.078028],[85.326095,47.044836],[85.276436,47.068878],[85.081922,46.939799],[84.987182,46.918164],[84.943702,46.861982],[84.761316,46.794075],[84.686256,46.636253],[84.893815,46.493571],[84.881,46.431832],[84.919674,46.320195],[85.077574,46.21263],[85.419462,46.128066],[85.648302,46.211936],[85.903002,46.181819],[86.024288,46.068001],[85.962501,46.044764],[85.931836,45.975273],[85.642353,45.78921],[85.491775,45.51267],[85.388111,45.436182],[85.28353,45.421406],[85.239593,45.375508],[85.245772,45.329008]]]]}},{"type":"Feature","properties":{"adcode":"654300","name":"阿勒泰地区"},"geometry":{"type":"MultiPolygon","coordinates":[[[[88.43009,47.258239],[88.307202,47.3155],[88.316585,47.455331],[88.46167,47.682069],[88.511786,47.713243],[88.525059,47.776478],[88.624833,47.779712],[88.562588,47.800458],[88.563961,47.881476],[88.386381,47.943432],[88.491877,48.001155],[88.474027,48.093512],[88.64131,48.181959],[88.575175,48.277595],[88.606068,48.337876],[88.503776,48.412994],[88.438099,48.393559],[88.36098,48.433353],[88.363039,48.460485],[87.973095,48.576034],[87.961653,48.599377],[88.02733,48.627348],[88.090719,48.719768],[87.826408,48.800926],[87.780869,48.872194],[87.742423,48.881293],[87.759815,48.925974],[87.911766,48.979959],[87.835333,49.054257],[87.867142,49.10876],[87.820916,49.173822],[87.517473,49.145499],[87.511523,49.101671],[87.436692,49.075277],[87.112654,49.155597],[86.881982,49.129494],[86.836214,49.051103],[86.73255,48.995354],[86.75818,48.894873],[86.822484,48.84581],[86.754289,48.780979],[86.781064,48.732069],[86.642615,48.629601],[86.585634,48.542194],[86.41263,48.481091],[86.3021,48.490793],[86.226125,48.432422],[85.916504,48.437876],[85.758604,48.403943],[85.661804,48.243422],[85.55608,48.139962],[85.531822,48.046349],[85.610086,47.511295],[85.684917,47.428886],[85.701393,47.38424],[85.675992,47.321617],[85.701165,47.288441],[85.6824,47.222709],[85.582854,47.142849],[85.540061,47.057405],[85.953347,47.078028],[86.082642,47.025568],[86.377618,47.087312],[86.492724,47.08977],[86.49364,47.064235],[86.581057,47.051941],[87.037365,47.11884],[87.016312,47.284633],[87.431658,47.435397],[87.579489,47.406229],[87.556147,47.356673],[87.771715,47.357081],[87.753637,47.380167],[87.803066,47.382339],[87.873091,47.346213],[87.828696,47.351919],[87.862565,47.317539],[87.906731,47.341322],[88.262121,47.238503],[88.43009,47.258239]]],[[[88.64131,48.181959],[88.474027,48.093512],[88.491877,48.001155],[88.386381,47.943432],[88.563961,47.881476],[88.562588,47.800458],[88.624833,47.779712],[88.525059,47.776478],[88.405833,47.557863],[88.352284,47.523889],[88.316585,47.455331],[88.307202,47.3155],[88.43009,47.258239],[88.428717,47.234691],[88.343359,47.232512],[88.342673,47.174344],[88.273563,47.132892],[88.176763,47.114883],[87.74311,47.204866],[87.527542,47.338604],[87.579489,47.406229],[87.490241,47.400664],[87.540357,47.4297],[87.431658,47.435397],[87.385661,47.399307],[87.017914,47.3034],[87.029585,46.970867],[87.203732,46.849505],[87.201673,46.715771],[87.037136,46.503509],[87.336002,46.005085],[87.336231,45.001874],[90.23816,45.001732],[90.22237,45.064364],[90.494919,45.42028],[90.671355,45.487654],[90.714835,45.728916],[90.85008,45.887972],[91.028347,46.023049],[91.021481,46.121118],[90.900425,46.312301],[90.983494,46.374866],[91.079149,46.558824],[91.01782,46.582257],[91.053977,46.717421],[90.94276,46.825775],[90.957864,46.879528],[90.901569,46.960741],[90.76724,46.99248],[90.561512,47.207046],[90.488283,47.317267],[90.526499,47.378945],[90.468602,47.404872],[90.468145,47.497614],[90.346173,47.637367],[90.384847,47.644257],[90.134953,47.723226],[90.076141,47.777421],[90.086667,47.865605],[89.960576,47.885779],[89.933344,47.835734],[89.762171,47.835734],[89.735397,47.897476],[89.650955,47.91374],[89.603356,47.963172],[89.568801,48.037769],[89.38138,48.046215],[89.23149,47.980221],[89.078395,47.986931],[88.930564,48.119486],[88.824382,48.106768],[88.700808,48.181024],[88.64131,48.181959]]]]}},{"type":"Feature","properties":{"adcode":"710000","name":"台湾"},"geometry":{"type":"MultiPolygon","coordinates":[[[[120.443706,22.441432],[120.569973,22.361757],[120.640806,22.241605],[120.651277,22.033171],[120.701784,21.927174],[120.873016,21.897191],[120.86624,21.984345],[120.907508,22.033171],[120.914899,22.302525],[120.981421,22.528248],[121.03316,22.650914],[121.21055,22.770711],[121.324499,22.945526],[121.370695,23.084334],[121.430441,23.137175],[121.415042,23.196047],[121.479716,23.322507],[121.65957,24.007125],[121.643556,24.097843],[121.809243,24.339083],[121.88562,24.529784],[121.844968,24.836476],[122.012503,25.001471],[121.947214,25.031841],[121.917033,25.138076],[121.745186,25.161912],[121.62323,25.29455],[121.53515,25.307535],[121.444607,25.27074],[121.371926,25.159746],[121.209318,25.12724],[121.024537,25.040517],[120.914899,24.864715],[120.89211,24.767482],[120.68885,24.600542],[120.245989,23.840276],[120.175156,23.807427],[120.102476,23.701162],[120.108019,23.341191],[120.018708,23.073322],[120.133272,23.000625],[120.20041,22.721039],[120.274323,22.560307],[120.443706,22.441432]]],[[[124.542782,25.903886],[124.584666,25.908731],[124.566804,25.941563],[124.542782,25.903886]]],[[[123.445178,25.726102],[123.50862,25.722867],[123.512316,25.755212],[123.479055,25.768687],[123.445178,25.726102]]],[[[119.646064,23.550928],[119.691028,23.547087],[119.678093,23.600294],[119.566608,23.584937],[119.578927,23.502641],[119.646064,23.550928]]],[[[123.666916,25.914114],[123.706952,25.91519],[123.689706,25.939949],[123.666916,25.914114]]],[[[119.506246,23.625518],[119.506246,23.577259],[119.47237,23.556962],[119.519181,23.559705],[119.506246,23.625518]]],[[[119.497623,23.38679],[119.495159,23.349982],[119.516717,23.349982],[119.497623,23.38679]]],[[[119.557369,23.666634],[119.608492,23.620035],[119.615268,23.661153],[119.557369,23.666634]]],[[[122.066706,25.6247],[122.087032,25.61067],[122.092575,25.639268],[122.066706,25.6247]]],[[[121.468013,22.67687],[121.513592,22.631582],[121.514824,22.676318],[121.468013,22.67687]]],[[[121.510513,22.086972],[121.507433,22.048704],[121.594281,21.995443],[121.575802,22.0842],[121.510513,22.086972]]],[[[122.097503,25.499987],[122.110438,25.465952],[122.122141,25.495666],[122.097503,25.499987]]],[[[119.421247,23.216949],[119.436029,23.186146],[119.453275,23.216399],[119.421247,23.216949]]],[[[120.355011,22.327439],[120.395663,22.342385],[120.383344,22.355669],[120.355011,22.327439]]]]}},{"type":"Feature","properties":{"adcode":"810000","name":"香港"},"geometry":{"type":"MultiPolygon","coordinates":[[[[114.031778,22.503923],[113.918445,22.418199],[113.920293,22.367845],[114.026234,22.34792],[113.955401,22.298649],[113.969568,22.321349],[113.898119,22.308615],[113.8433,22.229418],[113.84946,22.191188],[113.981271,22.229972],[113.996669,22.206149],[114.069966,22.326885],[114.145726,22.300864],[114.120473,22.272068],[114.164821,22.226648],[114.265835,22.200608],[114.262139,22.294773],[114.313262,22.264315],[114.283081,22.386661],[114.322501,22.385554],[114.356994,22.340171],[114.394566,22.361757],[114.406269,22.432582],[114.325581,22.479041],[114.220255,22.427603],[114.205473,22.449729],[114.2529,22.445304],[114.340979,22.50337],[114.309566,22.497288],[114.260291,22.547595],[114.232574,22.528801],[114.166052,22.559201],[114.031778,22.503923]]],[[[114.142647,22.213906],[114.123553,22.238836],[114.120473,22.177888],[114.154965,22.177888],[114.142647,22.213906]]],[[[114.305871,22.372273],[114.313878,22.340724],[114.332972,22.353455],[114.305871,22.372273]]],[[[114.320037,22.381127],[114.323733,22.384447],[114.322501,22.385554],[114.320037,22.381127]]],[[[114.305871,22.369506],[114.305871,22.372273],[114.305255,22.372826],[114.305871,22.369506]]],[[[114.315726,22.299203],[114.316958,22.298649],[114.316342,22.30031],[114.315726,22.299203]]],[[[114.319421,22.382234],[114.320037,22.381127],[114.320037,22.38168],[114.319421,22.382234]]],[[[114.372392,22.32301],[114.373008,22.323564],[114.372392,22.323564],[114.372392,22.32301]]],[[[114.323733,22.297541],[114.324349,22.297541],[114.323733,22.298095],[114.323733,22.297541]]]]}},{"type":"Feature","properties":{"adcode":"820000","name":"澳门"},"geometry":{"type":"MultiPolygon","coordinates":[[[[113.554425,22.107489],[113.6037,22.132438],[113.575983,22.194513],[113.558736,22.212244],[113.53841,22.209473],[113.534715,22.174009],[113.554425,22.142416],[113.554425,22.107489]]],[[[113.586453,22.201162],[113.575983,22.201162],[113.575983,22.194513],[113.586453,22.201162]]]]}},{"type":"Feature","properties":{"adcode":"419001","name":"济源市"},"geometry":{"type":"MultiPolygon","coordinates":[[[[112.758,35.204436],[112.71264,35.18701],[112.633056,35.265569],[112.637208,35.225686],[112.401413,35.241877],[112.288548,35.21754],[112.304465,35.251884],[112.242748,35.234812],[112.058793,35.279889],[112.08119,35.221613],[112.042058,35.200264],[112.066279,35.153522],[112.038912,35.045501],[112.1514,35.015399],[112.247844,34.940735],[112.521072,34.892761],[112.537304,34.916013],[112.496914,34.921726],[112.505155,34.942459],[112.666462,34.9875],[112.735289,35.043338],[112.766304,35.107196],[112.758,35.204436]]]]}},{"type":"Feature","properties":{"adcode":"429004","name":"仙桃市"},"geometry":{"type":"MultiPolygon","coordinates":[[[[113.465611,30.391921],[113.158453,30.430191],[113.023129,30.529305],[112.943426,30.512886],[112.99796,30.461215],[112.957564,30.380874],[113.010855,30.290438],[113.002621,30.232389],[113.091801,30.146752],[113.309624,30.156581],[113.376897,30.19284],[113.534516,30.067871],[113.668053,30.079899],[113.822565,30.158212],[113.817282,30.198246],[113.755913,30.232045],[113.792735,30.28388],[113.76438,30.288981],[113.751718,30.375393],[113.621211,30.421246],[113.621754,30.486027],[113.562948,30.474948],[113.536924,30.420561],[113.465611,30.391921]]],[[[113.761817,30.298196],[113.761273,30.296267],[113.762128,30.296353],[113.761817,30.298196]]]]}},{"type":"Feature","properties":{"adcode":"429005","name":"潜江市"},"geometry":{"type":"MultiPolygon","coordinates":[[[[112.5279,30.394447],[112.502342,30.373894],[112.580413,30.209485],[112.583288,30.127435],[112.817036,30.078309],[112.788992,30.102832],[112.853314,30.179625],[112.963468,30.134089],[113.020022,30.147825],[113.010855,30.290438],[112.957564,30.380874],[112.99796,30.461215],[112.951117,30.477643],[112.954535,30.525714],[112.908857,30.574445],[112.877007,30.549313],[112.884931,30.504889],[112.833893,30.500313],[112.791401,30.573462],[112.711309,30.554143],[112.677206,30.584102],[112.717602,30.634],[112.622906,30.619007],[112.621585,30.52332],[112.597271,30.503692],[112.58422,30.526997],[112.578238,30.45116],[112.535435,30.437381],[112.5279,30.394447]]],[[[112.671458,30.627807],[112.638598,30.625372],[112.647842,30.612215],[112.671458,30.627807]]],[[[112.985453,30.417778],[112.980792,30.417778],[112.980636,30.412599],[112.985453,30.417778]]],[[[113.029266,30.195843],[113.032218,30.19151],[113.032684,30.191639],[113.029266,30.195843]]],[[[112.979393,30.472296],[112.977917,30.472039],[112.978539,30.471398],[112.979393,30.472296]]]]}},{"type":"Feature","properties":{"adcode":"429006","name":"天门市"},"geometry":{"type":"MultiPolygon","coordinates":[[[[113.440131,30.489407],[113.462426,30.633871],[113.390803,30.676059],[113.394454,30.722581],[113.439743,30.722751],[113.437257,30.781959],[113.291912,30.903332],[113.188594,30.816281],[113.082323,30.823996],[113.075953,30.785072],[112.995474,30.785285],[112.880192,30.697743],[112.826436,30.722922],[112.811598,30.823528],[112.593076,30.676315],[112.63619,30.640961],[112.71698,30.651765],[112.677206,30.584102],[112.702764,30.553673],[112.785652,30.575983],[112.818512,30.511475],[112.871647,30.491545],[112.897438,30.571453],[112.950495,30.530588],[113.075099,30.511133],[113.069195,30.485343],[113.110988,30.485386],[113.158453,30.430191],[113.345047,30.425226],[113.45458,30.378305],[113.466155,30.460317],[113.440131,30.489407]]],[[[113.439743,30.722751],[113.394454,30.722581],[113.38552,30.678706],[113.433373,30.670722],[113.439743,30.722751]]],[[[113.453881,30.506856],[113.448133,30.492999],[113.458154,30.506044],[113.453881,30.506856]]],[[[112.829776,30.728981],[112.826436,30.722922],[112.848264,30.719167],[112.829776,30.728981]]],[[[112.614594,30.703932],[112.607214,30.710888],[112.605816,30.704231],[112.614594,30.703932]]],[[[113.166687,30.436482],[113.165134,30.437424],[113.15822,30.43156],[113.166687,30.436482]]]]}},{"type":"Feature","properties":{"adcode":"429021","name":"神农架林区"},"geometry":{"type":"MultiPolygon","coordinates":[[[[109.982305,31.512537],[109.940589,31.47872],[110.140001,31.390502],[110.181096,31.295584],[110.321702,31.394866],[110.467591,31.328873],[110.512569,31.356302],[110.53735,31.317298],[110.573861,31.330145],[110.611926,31.483123],[110.707864,31.477154],[110.743676,31.538685],[110.789509,31.552983],[110.84816,31.499503],[110.947827,31.566433],[110.970666,31.638174],[110.891429,31.675778],[110.848704,31.771491],[110.760766,31.828147],[110.670809,31.860403],[110.509229,31.856778],[110.451044,31.805961],[110.405056,31.81773],[110.370176,31.771702],[110.233454,31.732787],[110.219393,31.570746],[110.129436,31.603896],[109.982305,31.512537]]]]}},{"type":"Feature","properties":{"adcode":"469001","name":"五指山市"},"geometry":{"type":"MultiPolygon","coordinates":[[[[109.715419,18.833686],[109.699123,18.889379],[109.730512,18.913649],[109.601532,18.910318],[109.55357,18.946321],[109.524033,19.030986],[109.468386,19.032254],[109.456349,18.995635],[109.32635,18.926338],[109.374591,18.853998],[109.356628,18.710653],[109.408016,18.627733],[109.539866,18.659508],[109.533662,18.694295],[109.576717,18.714782],[109.619865,18.678252],[109.641809,18.72304],[109.703012,18.721769],[109.681531,18.786071],[109.715419,18.833686]]]]}},{"type":"Feature","properties":{"adcode":"469002","name":"琼海市"},"geometry":{"type":"MultiPolygon","coordinates":[[[[110.610593,19.084394],[110.730035,19.378859],[110.633555,19.391354],[110.604574,19.350386],[110.546242,19.46836],[110.368744,19.391829],[110.327356,19.315261],[110.3593,19.298646],[110.344392,19.228368],[110.150876,19.208419],[110.115229,19.133191],[110.158562,18.99944],[110.229579,19.002452],[110.249949,18.976292],[110.477539,19.096912],[110.610593,19.084394]]]]}},{"type":"Feature","properties":{"adcode":"469005","name":"文昌市"},"geometry":{"type":"MultiPolygon","coordinates":[[[[110.730035,19.378859],[110.844015,19.450179],[110.920774,19.552598],[111.071327,19.628895],[110.969569,20.010151],[110.808738,20.035672],[110.744665,20.073946],[110.687073,20.16353],[110.526612,20.075206],[110.699573,19.861512],[110.704665,19.805992],[110.670314,19.812776],[110.623,19.735461],[110.623463,19.664109],[110.672814,19.647214],[110.641333,19.549122],[110.611518,19.526841],[110.519297,19.563341],[110.469854,19.531424],[110.485779,19.502345],[110.520594,19.509931],[110.604574,19.350386],[110.633555,19.391354],[110.730035,19.378859]]]]}},{"type":"Feature","properties":{"adcode":"469006","name":"万宁市"},"geometry":{"type":"MultiPolygon","coordinates":[[[[110.158562,18.99944],[110.045322,18.884778],[110.095785,18.811467],[110.014952,18.732885],[110.020786,18.658873],[110.115877,18.592774],[110.213931,18.578789],[110.329393,18.642509],[110.495316,18.649976],[110.500779,18.752732],[110.577908,18.784642],[110.610593,19.084394],[110.477539,19.096912],[110.249949,18.976292],[110.229579,19.002452],[110.158562,18.99944]]]]}},{"type":"Feature","properties":{"adcode":"469007","name":"东方市"},"geometry":{"type":"MultiPolygon","coordinates":[[[[109.125242,18.878432],[109.089779,18.909842],[109.098853,19.028291],[109.008762,19.050005],[109.022929,19.107052],[108.954874,19.218869],[108.704136,19.262719],[108.644785,19.349278],[108.591082,19.141587],[108.637841,18.924593],[108.595619,18.872086],[108.593212,18.809404],[108.659785,18.716846],[108.81145,18.720022],[108.928578,18.790198],[109.071076,18.807499],[109.125242,18.878432]]]]}},{"type":"Feature","properties":{"adcode":"469021","name":"定安县"},"geometry":{"type":"MultiPolygon","coordinates":[[[[110.224857,19.221718],[110.344392,19.228368],[110.3593,19.298646],[110.327356,19.315261],[110.368744,19.391829],[110.546242,19.46836],[110.469854,19.531424],[110.519297,19.563341],[110.401151,19.606626],[110.372633,19.654004],[110.393373,19.698053],[110.340041,19.720625],[110.262449,19.687318],[110.221616,19.629843],[110.160784,19.67153],[110.13134,19.648003],[110.137266,19.56034],[110.192172,19.58925],[110.196339,19.535374],[110.243005,19.517675],[110.227727,19.450654],[110.164487,19.426146],[110.188283,19.306242],[110.228098,19.301969],[110.224857,19.221718]]]]}},{"type":"Feature","properties":{"adcode":"469022","name":"屯昌县"},"geometry":{"type":"MultiPolygon","coordinates":[[[[110.115229,19.133191],[110.150876,19.208419],[110.170598,19.191317],[110.224857,19.221718],[110.228098,19.301969],[110.188283,19.306242],[110.165691,19.361459],[110.164487,19.426146],[110.227727,19.450654],[110.243005,19.517675],[110.196339,19.535374],[110.192172,19.58925],[110.101803,19.54928],[110.119488,19.503293],[110.045785,19.456029],[110.020508,19.485432],[109.938287,19.485749],[109.912917,19.391671],[109.826436,19.343108],[109.822733,19.289626],[109.923565,19.239608],[109.957638,19.188625],[110.115229,19.133191]]]]}},{"type":"Feature","properties":{"adcode":"469023","name":"澄迈县"},"geometry":{"type":"MultiPolygon","coordinates":[[[[110.137266,19.56034],[110.13134,19.648003],[110.160784,19.67153],[110.221616,19.629843],[110.262449,19.687318],[110.222357,19.67974],[110.228283,19.753767],[110.186246,19.864193],[110.143932,19.889106],[110.161895,19.977693],[110.106525,20.026851],[109.997638,19.979899],[109.855047,19.984153],[109.879491,19.885322],[109.842269,19.871446],[109.884121,19.853311],[109.897084,19.77933],[109.852732,19.652582],[109.786437,19.608047],[109.728197,19.496023],[109.751993,19.416974],[109.793474,19.379966],[109.857269,19.412388],[109.912917,19.391671],[109.94699,19.468044],[110.020508,19.485432],[110.045785,19.456029],[110.119488,19.503293],[110.101803,19.54928],[110.137266,19.56034]]]]}},{"type":"Feature","properties":{"adcode":"469024","name":"临高县"},"geometry":{"type":"MultiPolygon","coordinates":[[[[109.855047,19.984153],[109.761715,19.981317],[109.712271,20.017398],[109.526626,19.943494],[109.498663,19.873339],[109.564588,19.854888],[109.599402,19.730726],[109.557366,19.697421],[109.582921,19.637581],[109.7694,19.578508],[109.852732,19.652582],[109.897084,19.77933],[109.884121,19.853311],[109.842269,19.871446],[109.879491,19.885322],[109.855047,19.984153]]]]}},{"type":"Feature","properties":{"adcode":"469025","name":"白沙黎族自治县"},"geometry":{"type":"MultiPolygon","coordinates":[[[[109.298203,18.960911],[109.367739,18.936171],[109.468386,19.032254],[109.524033,19.030986],[109.561347,19.072668],[109.601439,19.053492],[109.687734,19.118775],[109.686994,19.178965],[109.541625,19.311939],[109.468386,19.301178],[109.506348,19.359561],[109.483848,19.406063],[109.424405,19.354815],[109.318943,19.398155],[109.26774,19.376803],[109.178389,19.399262],[109.13052,19.479584],[109.051447,19.487803],[109.043669,19.342792],[109.142834,19.265727],[109.120242,19.203985],[109.177093,19.083443],[109.271166,19.067438],[109.298203,18.960911]]]]}},{"type":"Feature","properties":{"adcode":"469026","name":"昌江黎族自治县"},"geometry":{"type":"MultiPolygon","coordinates":[[[[109.04478,19.430415],[108.997373,19.431522],[108.928671,19.524313],[108.644785,19.349278],[108.704136,19.262719],[108.954874,19.218869],[109.022929,19.107052],[109.008762,19.050005],[109.098853,19.028291],[109.089779,18.909842],[109.125242,18.878432],[109.141816,18.904449],[109.265518,18.905877],[109.298203,18.960911],[109.271166,19.067438],[109.177093,19.083443],[109.120242,19.203985],[109.142834,19.265727],[109.043669,19.342792],[109.04478,19.430415]]]]}},{"type":"Feature","properties":{"adcode":"469027","name":"乐东黎族自治县"},"geometry":{"type":"MultiPolygon","coordinates":[[[[109.405146,18.623443],[109.356628,18.710653],[109.374591,18.853998],[109.32635,18.926338],[109.34848,18.946321],[109.298203,18.960911],[109.265518,18.905877],[109.141816,18.904449],[109.071076,18.807499],[108.928578,18.790198],[108.81145,18.720022],[108.659785,18.716846],[108.644971,18.486741],[108.70997,18.444119],[108.881264,18.416599],[108.932374,18.335288],[109.072557,18.452231],[109.195148,18.469407],[109.203574,18.553517],[109.313295,18.517429],[109.332832,18.575451],[109.405146,18.623443]]]]}},{"type":"Feature","properties":{"adcode":"469028","name":"陵水黎族自治县"},"geometry":{"type":"MultiPolygon","coordinates":[[[[110.014952,18.732885],[109.94412,18.771942],[109.830696,18.728597],[109.773474,18.809404],[109.756159,18.788928],[109.771993,18.723675],[109.839677,18.67857],[109.804677,18.594364],[109.846621,18.57116],[109.828751,18.511229],[109.781159,18.51107],[109.809955,18.459388],[109.785048,18.426622],[109.805418,18.347543],[110.070785,18.376187],[110.116618,18.506618],[110.213931,18.578789],[110.115877,18.592774],[110.020786,18.658873],[110.014952,18.732885]]]]}},{"type":"Feature","properties":{"adcode":"469029","name":"保亭黎族苗族自治县"},"geometry":{"type":"MultiPolygon","coordinates":[[[[109.715419,18.833686],[109.681531,18.786071],[109.703012,18.721769],[109.641809,18.72304],[109.619865,18.678252],[109.576717,18.714782],[109.533662,18.694295],[109.539866,18.659508],[109.405146,18.623443],[109.423386,18.574657],[109.535237,18.53142],[109.515607,18.429008],[109.539866,18.396713],[109.665883,18.391462],[109.710882,18.426462],[109.725234,18.493102],[109.828751,18.511229],[109.846621,18.57116],[109.804677,18.594364],[109.839677,18.67857],[109.771993,18.723675],[109.773474,18.809404],[109.715419,18.833686]]]]}},{"type":"Feature","properties":{"adcode":"469030","name":"琼中黎族苗族自治县"},"geometry":{"type":"MultiPolygon","coordinates":[[[[109.876436,19.386926],[109.857269,19.412388],[109.793474,19.379966],[109.646439,19.402425],[109.647272,19.357505],[109.700234,19.349436],[109.713382,19.309881],[109.687734,19.118775],[109.524033,19.030986],[109.55357,18.946321],[109.601532,18.910318],[109.730512,18.913649],[109.699123,18.889379],[109.715419,18.833686],[109.773474,18.809404],[109.830696,18.728597],[109.94412,18.771942],[110.014952,18.732885],[110.095785,18.811467],[110.045322,18.884778],[110.158562,18.99944],[110.115229,19.133191],[110.057267,19.134617],[109.822733,19.289626],[109.826436,19.343108],[109.876436,19.386926]]]]}},{"type":"Feature","properties":{"adcode":"659001","name":"石河子市"},"geometry":{"type":"MultiPolygon","coordinates":[[[[86.122689,44.448992],[86.043281,44.452141],[85.981037,44.407037],[85.912156,44.426515],[85.904833,44.332647],[85.954262,44.309551],[85.985842,44.157265],[86.065937,44.160286],[86.096144,44.125897],[86.141683,44.32734],[86.122689,44.448992]]]]}},{"type":"Feature","properties":{"adcode":"659002","name":"阿拉尔市"},"geometry":{"type":"MultiPolygon","coordinates":[[[[81.884102,40.941004],[81.457085,40.804699],[81.385687,40.825033],[81.32596,40.805154],[81.32985,40.762947],[81.140828,40.698979],[80.990479,40.702476],[80.867363,40.658987],[80.791846,40.703236],[80.725939,40.701412],[80.592296,40.619884],[80.621588,40.556845],[80.670789,40.569031],[80.696419,40.520121],[80.741272,40.533228],[80.827774,40.476513],[80.729372,40.452411],[80.723422,40.488409],[80.673993,40.511585],[80.683833,40.464616],[80.633717,40.465378],[80.605798,40.423262],[80.740128,40.369357],[80.931438,40.432573],[81.003065,40.396849],[81.210395,40.397307],[81.281107,40.43593],[81.760299,40.437914],[81.978613,40.468429],[81.822544,40.685144],[81.743365,40.733326],[81.884102,40.941004]]]]}},{"type":"Feature","properties":{"adcode":"659003","name":"图木舒克市"},"geometry":{"type":"MultiPolygon","coordinates":[[[[79.190647,39.72068],[79.240306,39.733017],[79.246484,39.784808],[79.325663,39.80345],[79.28882,39.814848],[79.278522,39.877658],[79.406215,39.89212],[79.55725,39.865039],[79.606222,39.913347],[79.573955,40.012012],[79.482648,40.097652],[79.045562,40.036887],[79.015355,40.022147],[79.039155,39.981291],[78.942813,39.908118],[78.989496,39.868271],[78.906885,39.831326],[79.004829,39.800677],[78.993387,39.781418],[78.870728,39.762154],[78.883772,39.704176],[78.840521,39.711271],[78.806424,39.657264],[78.777819,39.825012],[78.657449,39.736409],[78.708709,39.650471],[78.796584,39.653404],[78.84075,39.6131],[79.000252,39.624993],[79.003684,39.65927],[79.190647,39.72068]]]]}},{"type":"Feature","properties":{"adcode":"659004","name":"五家渠市"},"geometry":{"type":"MultiPolygon","coordinates":[[[[87.504658,44.066424],[87.492529,44.007757],[87.527542,44.093648],[87.576743,44.116541],[87.584066,44.239347],[87.652489,44.196236],[87.691163,44.221963],[87.716107,44.356881],[87.693452,44.416633],[87.598711,44.477756],[87.554774,44.580532],[87.501912,44.594812],[87.514498,44.548818],[87.370557,44.566963],[87.449279,44.443552],[87.423877,44.351433],[87.489783,44.303525],[87.471934,44.283145],[87.523423,44.227279],[87.504658,44.066424]]]]}},{"type":"Feature","properties":{"adcode":"659005","name":"北屯市"},"geometry":{"type":"MultiPolygon","coordinates":[[[[87.556147,47.356673],[87.527542,47.338604],[87.74311,47.204866],[88.077904,47.128663],[88.273563,47.132892],[88.342673,47.174344],[88.343359,47.232512],[88.428717,47.234691],[88.43009,47.258239],[88.262121,47.238503],[87.906731,47.341322],[87.862565,47.317539],[87.828696,47.351919],[87.873091,47.346213],[87.803066,47.382339],[87.753637,47.380167],[87.771715,47.357081],[87.556147,47.356673]]],[[[87.540357,47.4297],[87.481316,47.411114],[87.554774,47.42129],[87.540357,47.4297]]]]}},{"type":"Feature","properties":{"adcode":"659006","name":"铁门关市"},"geometry":{"type":"MultiPolygon","coordinates":[[[[85.512142,41.914581],[85.498412,41.866369],[85.367973,41.826488],[85.357675,41.747399],[85.705513,41.745903],[85.703682,41.684237],[85.785836,41.664468],[85.73961,41.756374],[85.792701,41.82589],[85.512142,41.914581]]],[[[86.099576,41.798392],[85.894993,41.821856],[85.876685,41.778957],[86.091109,41.771181],[86.099576,41.798392]]],[[[85.437311,41.932036],[85.443948,41.93845],[85.408706,41.94203],[85.437311,41.932036]]]]}},{"type":"Feature","properties":{"adcode":"659007","name":"双河市"},"geometry":{"type":"MultiPolygon","coordinates":[[[[82.206996,44.821248],[82.268097,44.832625],[82.542934,44.740124],[82.543163,44.709067],[82.666737,44.770025],[82.738822,44.858641],[82.679552,44.871432],[82.656439,44.944425],[82.446364,44.883509],[82.3562,44.901833],[82.278395,44.860631],[82.07999,44.895584],[82.162372,44.864326],[82.083422,44.837602],[82.122096,44.806313],[82.150015,44.833905],[82.206996,44.821248]]],[[[82.20036,44.984291],[82.133767,45.037165],[81.940397,45.010238],[81.993946,44.961169],[82.045892,44.972802],[82.063971,44.933638],[82.200589,44.91788],[82.20036,44.984291]]],[[[82.23583,44.6817],[82.239263,44.724028],[82.192579,44.752229],[82.080905,44.64405],[82.23583,44.6817]]],[[[82.393959,44.669724],[82.347276,44.691252],[82.358947,44.66844],[82.393959,44.669724]]],[[[82.454144,45.068895],[82.295786,45.106693],[82.275191,45.03008],[82.438812,45.006977],[82.454144,45.068895]]]]}},{"type":"Feature","properties":{"adcode":"659008","name":"可克达拉市"},"geometry":{"type":"MultiPolygon","coordinates":[[[[80.440804,44.083854],[80.522042,43.816652],[80.587491,43.725724],[80.624792,43.754407],[80.576735,43.783945],[80.660949,43.778734],[80.672391,43.844713],[80.736237,43.921164],[80.741729,44.016842],[80.679256,44.062534],[80.701911,44.133093],[80.637607,44.180852],[80.566895,44.17323],[80.553851,44.101424],[80.586347,44.017707],[80.531196,44.029674],[80.521356,44.07017],[80.440804,44.083854]]],[[[80.739899,43.888659],[80.764156,43.854257],[81.125953,43.870593],[80.873771,43.91452],[80.739899,43.888659]]],[[[80.9351,43.929685],[81.071031,43.907731],[81.082931,43.930984],[81.05547,43.944124],[81.079269,43.96592],[80.987047,43.990016],[80.9351,43.929685]]],[[[80.624792,43.754407],[80.587491,43.725724],[80.632344,43.663384],[80.782463,43.696882],[80.775369,43.80334],[80.672391,43.844713],[80.669873,43.753683],[80.624792,43.754407]]],[[[81.05547,43.944124],[81.082931,43.930984],[81.076295,43.96058],[81.05547,43.944124]]]]}},{"type":"Feature","properties":{"adcode":"659009","name":"昆玉市"},"geometry":{"type":"MultiPolygon","coordinates":[[[[79.618122,37.392438],[79.572354,37.38256],[79.580363,37.340008],[79.618122,37.392438]]],[[[79.694326,37.517546],[79.699131,37.561269],[79.661601,37.554116],[79.643294,37.424292],[79.686774,37.447537],[79.694326,37.517546]]],[[[78.543028,37.574301],[78.54463,37.791066],[78.350344,37.731146],[78.359956,37.653876],[78.330664,37.603537],[78.441881,37.642128],[78.491081,37.616879],[78.488793,37.568739],[78.543028,37.574301]]],[[[79.367083,37.325021],[79.33825,37.371406],[79.377152,37.416489],[79.249917,37.414896],[79.256325,37.236316],[79.197513,37.206299],[79.374406,37.174033],[79.367083,37.325021]]],[[[81.047461,36.250771],[81.049978,36.315101],[81.031671,36.259341],[81.047461,36.250771]]],[[[79.783116,37.580499],[79.783802,37.537265],[79.818586,37.537742],[79.818128,37.574937],[79.783116,37.580499]]]]}},{"type":"Feature","properties":{"adcode":"659010","name":"胡杨河市"},"geometry":{"type":"MultiPolygon","coordinates":[[[[84.853768,44.552104],[85.010295,44.574819],[85.06842,44.626358],[85.018304,44.61965],[85.04668,44.740266],[84.84942,44.826511],[84.917156,44.836891],[84.917156,44.888481],[84.861548,44.899419],[84.805253,45.025687],[84.657422,45.063514],[84.65582,45.152244],[84.541171,45.152668],[84.558334,45.084187],[84.516456,44.988829],[84.610052,44.995351],[84.652388,44.791231],[84.626071,44.791658],[84.880084,44.626929],[84.853768,44.552104]]]]}},{"type":"Feature","properties":{"adcode":"100000_JD","name":"南海诸岛"},"geometry":{"type":"MultiPolygon","coordinates":[[[[122.51865306,23.46078502],[122.79861399,24.57367379],[122.77921829,24.57855302],[122.49925737,23.46566424],[122.51865306,23.46078502]]],[[[121.17202617,20.8054593],[121.90938804,21.68743347],[121.89404403,21.70026162],[121.15668216,20.81828744],[121.17202617,20.8054593]]],[[[119.47366172,18.00707291],[120.02569734,19.02403788],[120.00812005,19.0335793],[119.45608443,18.01661433],[119.47366172,18.00707291]]],[[[119.0726757,15.04098494],[119.0526757,16.04388528],[119.0521839,15.00781004],[119.0726757,15.04098494]]],[[[118.68646749,11.18959191],[118.52518702,10.91547751],[118.70409227,11.18010771],[118.98894963,11.98573108],[118.68646749,11.18959191]]],[[[115.54466883,7.14672265],[116.2504858,7.979279],[116.23523025,7.99221221],[115.52941328,7.15965587],[115.54466883,7.14672265]]],[[[112.30705249,3.53487257],[111.79132585,3.39736822],[112.52147408,3.5785908],[112.85206367,3.73256867],[112.30705249,3.53487257]]],[[[108.26055972,6.08912451],[108.29013305,6.01266273],[108.21679964,6.53816468],[108.24433543,7.07703297],[108.19897125,6.95268198],[108.19679674,6.53760583],[108.26055972,6.08912451]]],[[[110.12822847,11.36894451],[110.07246741,11.24270688],[110.25854422,11.60358735],[110.32822801,11.94571326],[110.33227398,12.24038351],[110.28485499,11.78705054],[110.12822847,11.36894451]]],[[[109.82951587,15.22896754],[109.8648092,15.15722425],[109.78974541,15.45068337],[109.69066131,15.67432448],[109.30888011,16.20725797],[109.67264555,15.66561455],[109.82951587,15.22896754]]]]}}]}