{"type":"FeatureCollection","features":[{"type":"Feature","properties":{"adcode":"110000","name":"北京市"},"geometry":{"type":"Polygon","coordinates":[[[117.38345809612417,40.22640609149926],[117.28953823469493,40.276868422586816],[117.23504152497672,40.36887416112786],[117.20692354177106,40.51063810520641],[117.26286963206687,40.558988059643795],[117.38084921108448,40.55922276816048],[117.44230294757523,40.64982025560141],[117.4020101675176,40.685495950137735],[117.27968244676717,40.65944330478554],[117.19938676276746,40.69300662267169],[116.9628478525012,40.70615029960612],[116.85037591967853,40.83359702416681],[116.79877797111554,40.8389953200506],[116.67181223251674,40.9692585468115],[116.68369715325315,41.04248760401765],[116.61151800048808,41.05023298506829],[116.60803948710182,40.981228681162506],[116.44918737579556,40.9779427619289],[116.4680293233045,40.894386529988566],[116.32830903562272,40.90283603658928],[116.45962291595436,40.77280751834505],[116.26801480359407,40.76248034361085],[116.24105632485049,40.79017594857983],[116.1584416319266,40.6620250984691],[115.97523992691646,40.57823415801208],[115.9019012696893,40.61602222919858],[115.74652767176931,40.53504779094179],[115.76392023870065,40.4437461779508],[115.85841985236095,40.358312277876976],[115.91233680984811,40.3529139819932],[115.96190562560244,40.262316494552266],[115.89262523399259,40.23344734699985],[115.84131716154513,40.14590107027584],[115.78073305340095,40.16913721342779],[115.72971485706901,40.128767348557744],[115.58825531269409,40.11468483755657],[115.44795527278126,40.02807739489931],[115.4227360507308,39.948276499225955],[115.51665591216006,39.897814168138396],[115.509409009272,39.83678995379995],[115.56332596675917,39.81238026806457],[115.4238955551929,39.773888071328],[115.47636313210245,39.741028878991926],[115.47259474260066,39.64949255748425],[115.56564497568334,39.59058071979598],[115.68014604131469,39.601846728596925],[115.75348469854185,39.51265749225611],[115.81435868280155,39.50866744747245],[115.904510154729,39.59973435194675],[116.13235278152959,39.56757928516072],[116.19148750909616,39.58776421759575],[116.2529412455869,39.499044398288305],[116.32772928339168,39.4546844886346],[116.45005700414212,39.454919197151284],[116.41846050755018,39.50843273895576],[116.51991714798302,39.59550959864639],[116.72109117215555,39.59175426237941],[116.80631475011913,39.61475569701467],[116.90023461154837,39.68681121163738],[116.93212098425585,39.78069461831191],[116.90168399212598,39.833973451599704],[116.78109552806868,39.88420107417059],[116.75123828816987,39.96423667836062],[116.7735587490651,40.033240982266406],[116.908351142783,40.05154824656795],[117.01560530552628,40.028312103416],[117.07908817482569,40.07361084713645],[117.20344502838478,40.08088681115373],[117.34809321003044,40.13768627219183],[117.38345809612417,40.22640609149926]]]}},{"type":"Feature","properties":{"adcode":"120000","name":"天津市"},"geometry":{"type":"Polygon","coordinates":[[[118.02988183373908,39.221384223048375],[118.05828969306027,39.25471283241784],[117.96060144212923,39.3155023382396],[117.8449408720358,39.326533638523856],[117.86465244789133,39.45398036308454],[117.92407705157342,39.57720233434486],[117.76145655076536,39.59785668381326],[117.70406107989193,39.53448538430794],[117.62550465258536,39.61240861184781],[117.66289867148775,39.66334035996874],[117.57129781898269,39.725772825407304],[117.50375668406596,39.89265058077129],[117.54086082685282,39.99779999624677],[117.60869183788506,39.97127793386122],[117.77566048042596,39.966349055010795],[117.74841212556686,40.07853972598687],[117.63912883001493,40.095908156221654],[117.5585432698997,40.22757963408269],[117.44375232815284,40.25105048575132],[117.38345809612417,40.22640609149926],[117.34809321003044,40.13768627219183],[117.20344502838478,40.08088681115373],[117.19156010764837,39.991462866296246],[117.1466293097424,39.94569470554241],[117.14894831866658,39.878333361253425],[117.24547706513553,39.83279990901627],[117.15097745147523,39.79548125486315],[117.16634088559792,39.63517533796639],[117.13677352181463,39.61569453108142],[117.0095179071003,39.652778476717856],[116.9692251270427,39.63611417203313],[116.90023461154837,39.68681121163738],[116.80631475011913,39.61475569701467],[116.78312466087733,39.469940542219206],[116.84950629133195,39.44224493725022],[116.82312756481943,39.33826906435817],[116.8796534073463,39.33826906435817],[116.86371022099256,39.153318753209334],[116.91820693071077,39.11881660125644],[116.86573935380122,39.05380234213433],[116.75036865982331,39.0493428803173],[116.70195934853106,38.89607821892112],[116.7387736152024,38.85054476668397],[116.7387736152024,38.751732481159024],[116.86400009710808,38.73741526164115],[116.87153687611166,38.68014638356969],[117.03560675749733,38.70596432040519],[117.09184272390867,38.58602826837847],[117.21880846250747,38.64306243793325],[117.24692644571314,38.55551616120924],[117.3901252467812,38.57311929996072],[117.47245006358955,38.616540375547686],[117.57593583683104,38.61348916483077],[117.57854472187074,38.673809253619154],[117.64985424628924,38.66489032998507],[117.71971439013014,38.70127015007145],[117.72000426624567,38.752201898192396],[117.58376249195014,38.76088611330978],[117.63854907778386,38.85617777108443],[117.7295701780579,38.827543332048705],[117.73507782425283,38.89607821892112],[117.83769396914775,38.8620454840016],[117.87856650143641,38.94560171594193],[117.82899768568208,38.97376673794429],[117.80493796809372,39.058496512468054],[117.84175223476507,39.10262171360509],[117.78580614446923,39.13477678039112],[117.92204791876476,39.20941408869737],[118.02988183373908,39.221384223048375]]]}},{"type":"Feature","properties":{"adcode":"130000","name":"河北省"},"geometry":{"type":"MultiPolygon","coordinates":[[[[119.23286771315695,41.310759438590125],[119.15286190527277,41.296911636105634],[118.86646430313667,41.3025446405061],[118.8137068501116,41.369671276278396],[118.73573017503608,41.321790738874384],[118.66500040284862,41.353476388627044],[118.52441048682026,41.35676230786065],[118.35106456973787,41.33164849657521],[118.35367345477758,41.42036831588264],[118.26497136342773,41.46543235108642],[118.31859844479936,41.514955848107235],[118.23076598179608,41.57668418799574],[118.21511267155788,41.634657191617265],[118.1287295891322,41.72994884939192],[118.13916512929103,41.79425898296398],[118.22786722064086,41.809749745065275],[118.26931950516057,41.75905270546103],[118.33946952511698,41.846833690701715],[118.26207260227251,41.9278081289585],[118.30729327629399,41.98578113258003],[118.23279511460476,42.0066701905651],[118.2904804615937,42.0463359298851],[118.21337341486475,42.078256288154435],[118.1881541928143,42.03014104223374],[118.113076278894,42.034600504050786],[118.15365893506714,42.08600166920509],[118.086987428497,42.10618660164012],[118.11104714608535,42.16369018822827],[117.96552933609311,42.243021666868245],[118.05394155132744,42.28104444657143],[118.0081411250749,42.32822085842538],[118.02466406365969,42.38196910874656],[117.86581195235343,42.49885395005636],[117.795661932397,42.615504082849455],[117.66057966256358,42.58053251386319],[117.4666525412791,42.60024802926485],[117.38925561843462,42.53406022755931],[117.40635830925045,42.46928067695387],[117.09184272390867,42.48172022833825],[116.8953067175845,42.387602113147025],[116.87878377899972,42.35145700157733],[116.91617779790211,42.192089918747314],[116.77674738633584,42.20570301271512],[116.88574080577226,42.10337009943987],[116.87675464619106,42.01558911419919],[116.63586759419196,41.92921638005862],[116.53991859995406,41.931798173742166],[116.49208904089286,41.98014812817955],[116.42889604770899,41.93790059517602],[116.41411236581735,41.98390346444653],[116.32917866396929,42.00760902463185],[116.21844598783974,41.930624631158736],[116.1868494912478,41.85974265911946],[116.11988810856212,41.864906246486555],[116.09177012535646,41.77407405052895],[116.01002506077916,41.7750128845957],[115.91552544711885,41.94869718694359],[115.82363471849825,41.932971716325596],[115.52796108066543,41.770318714261975],[115.308524861215,41.701079701839504],[115.37084822605232,41.60015503966437],[115.2462014963777,41.57715360502911],[115.08068223441441,41.62080938913277],[114.85863712992426,41.60085916521443],[114.8977704055198,41.63559602568401],[114.88791461759203,41.783697099713095],[114.93313529161352,41.84472131405154],[114.89574127271112,42.01347673754901],[114.82124311102189,42.145852340960104],[114.64499843278426,42.10337009943987],[114.50585789733353,42.11440139972413],[114.45947771884995,42.03577404663422],[114.5041186406404,41.971229204545466],[114.37396426477085,41.955034316894114],[114.19627020595563,41.791442480763735],[114.2243881891613,41.51166992887363],[114.09423381329175,41.535610197575636],[113.92407653348012,41.48373961538796],[113.86465192979803,41.41144939224856],[113.93741083479415,41.38915208316337],[113.89363954135027,41.315453608923846],[113.98147200435355,41.268981322619965],[113.99480630566758,41.18284329699607],[113.90639409043325,41.16594428379466],[113.81827175131446,41.093888769171954],[114.04089660803564,40.93287872672512],[114.03915735134251,40.83171935603332],[114.12669993823026,40.74487720485938],[114.21859066685084,40.61015451628141],[114.2904799435004,40.539507252758824],[114.2606227036016,40.47285003401991],[114.304683873161,40.36300644821071],[114.44556366530487,40.369343578161235],[114.52556947318905,40.342117390225624],[114.48498681701592,40.27264366928647],[114.26149233194818,40.224763131882455],[114.20931463115414,40.18838331179607],[114.06031830777565,40.18016851371205],[114.09452368940728,40.107408873539285],[114.0350990857252,40.05624241690167],[113.9719060925413,40.10952125018946],[113.93103356025266,40.00695362839754],[114.02292428887324,39.984186902278964],[114.04060673192012,39.91635614095661],[114.14090386789086,39.89476295742146],[114.20931463115414,39.916590849473295],[114.20931463115414,39.86096493101864],[114.38874794666249,39.86589380986905],[114.40874939863353,39.782337577928715],[114.3980239823592,39.64268601050034],[114.42846097448906,39.606540898930646],[114.56296349209144,39.573212289561184],[114.49600210940577,39.47604296365304],[114.45831821438786,39.32700305555723],[114.4096190269801,39.241569155483404],[114.46962338289323,39.214577676064465],[114.37686302592607,39.172799560094305],[114.34265764429443,39.075630234186164],[114.11539476972489,39.04863875476724],[114.03364970514758,39.126561982307095],[113.88030524003624,39.06600718500202],[113.76174590878759,38.97705265717791],[113.76667380275147,38.88903696342052],[113.83914283163206,38.83833992381628],[113.7127568452643,38.66747212366863],[113.61506859433325,38.65057311046721],[113.54057043264402,38.51608513040594],[113.58347209774132,38.46397983970158],[113.51709046728669,38.37619885446088],[113.55622374288222,38.34099257695793],[113.55912250403745,38.24100674884956],[113.64173719696132,38.23302665928222],[113.74609259854938,38.17129831939371],[113.82870729147325,38.162614104276315],[113.80522732611594,38.10956997950521],[113.96842757915505,37.878147382052475],[113.96958708361713,37.8159496251306],[114.03741809464937,37.78637635202813],[113.9924872967434,37.74131231682435],[114.10930737129891,37.70727958190483],[114.13220758442519,37.64578595053301],[114.08901604321235,37.54697366500807],[113.89334966523475,37.31531635903865],[113.82696803478012,37.175899500126974],[113.76609405052042,37.152193939941654],[113.78580562637595,37.051034569249836],[113.75275974920639,36.952691700758265],[113.79160314868639,36.88227914575236],[113.73420767781296,36.85012407896633],[113.6843489859431,36.88063618613556],[113.6660867906652,36.79285520089488],[113.45505697856491,36.71352372225489],[113.50984356439864,36.6980329601536],[113.47766731557566,36.63560049471502],[113.54317931768372,36.623160943330646],[113.58202271716371,36.56354498009232],[113.54752745941656,36.49829601245352],[113.57912395600849,36.458160856100164],[113.70522006626072,36.422250453047155],[113.73652668673714,36.35840973650846],[113.9043649576246,36.314519243888114],[114.0275623067216,36.34949081287438],[114.0559701660428,36.2736799619847],[114.12496068153712,36.28166005155204],[114.19713983430219,36.24551493998234],[114.33917913090816,36.25560740619986],[114.58122568736934,36.14106965005692],[114.76587677295711,36.124405345372196],[114.90675656510098,36.14060023302355],[114.91139458294933,36.06032992031682],[114.98386361182993,36.06150346290025],[115.04270846328097,36.11337404508794],[115.0534338795553,36.17932713827679],[115.14300559925172,36.21054337099608],[115.2450419919156,36.189419604494304],[115.30649572840633,36.08732139973574],[115.36852921712813,36.12792597312249],[115.47723276044903,36.148110905557516],[115.46186932632634,36.267812249067546],[115.40389410322186,36.32766292082256],[115.34765813681051,36.312641575754625],[115.33867197722932,36.39643251621165],[115.29113229428366,36.416617448646676],[115.27721824073858,36.48937708881944],[115.35983293366246,36.62175269223053],[115.47404412317827,36.7597613000421],[115.67753715627498,36.81210129926315],[115.70449563501856,36.88087089465225],[115.76276073423855,36.91537304660514],[115.77058738935767,36.99118389749482],[115.85088307335737,37.06065761843398],[115.90914817257736,37.21040165207987],[115.96364488229557,37.239036091115594],[115.97060190906811,37.33690954257379],[116.16076064085078,37.384085954427746],[116.23091066080721,37.361084519792485],[116.2723629453269,37.405444429446206],[116.22192450122601,37.425629361881235],[116.23641830700213,37.49064362100334],[116.28424786606331,37.483132948469375],[116.28337823771676,37.5514331268251],[116.32975841620033,37.575608104043795],[116.43208468497974,37.475387567418736],[116.74080274801106,37.75821133002576],[116.78892218318778,37.84622702378314],[117.03067886353344,37.83355276388208],[117.08691482994479,37.848574108950004],[117.25562272917881,37.837542808665745],[117.33591841317852,37.862421911434495],[117.4330269118785,37.8537376963171],[117.50433643629701,37.93940630490762],[117.55883314601522,38.063097693201314],[117.69681417700387,38.07436370200226],[117.76609456861371,38.136561458924135],[117.79885056966775,38.224811861198205],[117.84639025261342,38.26236522386802],[118.00379298334207,38.40929275531366],[117.87189935077939,38.35038091762539],[117.75797803737909,38.333012487390604],[117.63651994497522,38.4876853998869],[117.57593583683104,38.61348916483077],[117.47245006358955,38.616540375547686],[117.3901252467812,38.57311929996072],[117.24692644571314,38.55551616120924],[117.21880846250747,38.64306243793325],[117.09184272390867,38.58602826837847],[117.03560675749733,38.70596432040519],[116.87153687611166,38.68014638356969],[116.86400009710808,38.73741526164115],[116.7387736152024,38.751732481159024],[116.7387736152024,38.85054476668397],[116.70195934853106,38.89607821892112],[116.75036865982331,39.0493428803173],[116.86573935380122,39.05380234213433],[116.91820693071077,39.11881660125644],[116.86371022099256,39.153318753209334],[116.8796534073463,39.33826906435817],[116.82312756481943,39.33826906435817],[116.84950629133195,39.44224493725022],[116.78312466087733,39.469940542219206],[116.80631475011913,39.61475569701467],[116.72109117215555,39.59175426237941],[116.51991714798302,39.59550959864639],[116.41846050755018,39.50843273895576],[116.45005700414212,39.454919197151284],[116.32772928339168,39.4546844886346],[116.2529412455869,39.499044398288305],[116.19148750909616,39.58776421759575],[116.13235278152959,39.56757928516072],[115.904510154729,39.59973435194675],[115.81435868280155,39.50866744747245],[115.75348469854185,39.51265749225611],[115.68014604131469,39.601846728596925],[115.56564497568334,39.59058071979598],[115.47259474260066,39.64949255748425],[115.47636313210245,39.741028878991926],[115.4238955551929,39.773888071328],[115.56332596675917,39.81238026806457],[115.509409009272,39.83678995379995],[115.51665591216006,39.897814168138396],[115.4227360507308,39.948276499225955],[115.44795527278126,40.02807739489931],[115.58825531269409,40.11468483755657],[115.72971485706901,40.128767348557744],[115.78073305340095,40.16913721342779],[115.84131716154513,40.14590107027584],[115.89262523399259,40.23344734699985],[115.96190562560244,40.262316494552266],[115.91233680984811,40.3529139819932],[115.85841985236095,40.358312277876976],[115.76392023870065,40.4437461779508],[115.74652767176931,40.53504779094179],[115.9019012696893,40.61602222919858],[115.97523992691646,40.57823415801208],[116.1584416319266,40.6620250984691],[116.24105632485049,40.79017594857983],[116.26801480359407,40.76248034361085],[116.45962291595436,40.77280751834505],[116.32830903562272,40.90283603658928],[116.4680293233045,40.894386529988566],[116.44918737579556,40.9779427619289],[116.60803948710182,40.981228681162506],[116.61151800048808,41.05023298506829],[116.68369715325315,41.04248760401765],[116.67181223251674,40.9692585468115],[116.79877797111554,40.8389953200506],[116.85037591967853,40.83359702416681],[116.9628478525012,40.70615029960612],[117.19938676276746,40.69300662267169],[117.27968244676717,40.65944330478554],[117.4020101675176,40.685495950137735],[117.44230294757523,40.64982025560141],[117.38084921108448,40.55922276816048],[117.26286963206687,40.558988059643795],[117.20692354177106,40.51063810520641],[117.23504152497672,40.36887416112786],[117.28953823469493,40.276868422586816],[117.38345809612417,40.22640609149926],[117.44375232815284,40.25105048575132],[117.5585432698997,40.22757963408269],[117.63912883001493,40.095908156221654],[117.74841212556686,40.07853972598687],[117.77566048042596,39.966349055010795],[117.60869183788506,39.97127793386122],[117.54086082685282,39.99779999624677],[117.50375668406596,39.89265058077129],[117.57129781898269,39.725772825407304],[117.66289867148775,39.66334035996874],[117.62550465258536,39.61240861184781],[117.70406107989193,39.53448538430794],[117.76145655076536,39.59785668381326],[117.92407705157342,39.57720233434486],[117.86465244789133,39.45398036308454],[117.8449408720358,39.326533638523856],[117.96060144212923,39.3155023382396],[118.05828969306027,39.25471283241784],[118.02988183373908,39.221384223048375],[118.13046884582535,39.187351488128854],[118.2438104069946,39.04582225256699],[118.37193565005549,39.0232902349651],[118.37222552617101,38.98151211899494],[118.51542432723906,38.91861023652301],[118.59600988735428,38.97423615497766],[118.47803030833668,39.08760036853717],[118.57600843538324,39.11154063723917],[118.53600553144116,39.14627749770875],[118.63456341071875,39.15965588315987],[118.80703969945458,39.138766825174784],[118.85370975405368,39.16528888756034],[118.8708124448695,39.15472700430945],[118.95226763333129,39.17585077081122],[118.883856870068,39.125388439723665],[118.92212051731696,39.126561982307095],[118.98763251942502,39.18124906669502],[119.0832916375474,39.25213103873429],[119.18764703913547,39.367138211910586],[119.2670730947886,39.37300592482775],[119.30359748534441,39.42346825591531],[119.25634767851426,39.49082960020429],[119.36070308010233,39.74361067267547],[119.51346779298262,39.83984116451687],[119.55578970584888,39.90368188105555],[119.77841456257008,39.95320537807636],[119.84798483029545,39.98981990667943],[119.84885445864201,40.03183273116629],[119.76479038514051,40.04755820178427],[119.72942549904678,40.1071741650226],[119.73754203028142,40.205986450547556],[119.66043498355246,40.238141517333574],[119.57318227278023,40.37661954217852],[119.5937634769823,40.4644005274192],[119.49723473051336,40.552416221176586],[119.25431854570562,40.536456042041905],[119.22243217299814,40.60546034594769],[119.15923917981428,40.59818438193041],[119.16010880816083,40.69371074822175],[119.05894204384353,40.661790389952415],[118.9006696847683,40.75520437959358],[118.84037545273965,40.81951451316563],[118.89603166691995,40.95940078911069],[118.9951692984286,40.966207336094584],[118.9458903587898,41.01620025014877],[118.95864490787278,41.077459173003916],[119.03111393675337,41.061029576835864],[119.07430547796622,41.13402392552531],[119.12358441760502,41.13801397030899],[119.24243362496918,41.27578786960386],[119.23286771315695,41.310759438590125]]],[[[117.20344502838478,40.08088681115373],[117.07908817482569,40.07361084713645],[117.01560530552628,40.028312103416],[116.908351142783,40.05154824656795],[116.7735587490651,40.033240982266406],[116.75123828816987,39.96423667836062],[116.78109552806868,39.88420107417059],[116.90168399212598,39.833973451599704],[116.93212098425585,39.78069461831191],[116.90023461154837,39.68681121163738],[116.9692251270427,39.63611417203313],[117.0095179071003,39.652778476717856],[117.13677352181463,39.61569453108142],[117.16634088559792,39.63517533796639],[117.15097745147523,39.79548125486315],[117.24547706513553,39.83279990901627],[117.14894831866658,39.878333361253425],[117.1466293097424,39.94569470554241],[117.19156010764837,39.991462866296246],[117.20344502838478,40.08088681115373]]],[[[118.82472214250144,39.12515373120698],[118.83921594827757,39.14768574880887],[118.8110979650719,39.13618503149124],[118.82472214250144,39.12515373120698]]],[[[118.86530479867457,39.127735524890525],[118.84675272728114,39.1178777671897],[118.85834777190203,39.11060180317243],[118.86530479867457,39.127735524890525]]]]}},{"type":"Feature","properties":{"adcode":"140000","name":"山西省"},"geometry":{"type":"Polygon","coordinates":[[[113.73652668673714,36.35840973650846],[113.70522006626072,36.422250453047155],[113.57912395600849,36.458160856100164],[113.54752745941656,36.49829601245352],[113.58202271716371,36.56354498009232],[113.54317931768372,36.623160943330646],[113.47766731557566,36.63560049471502],[113.50984356439864,36.6980329601536],[113.45505697856491,36.71352372225489],[113.6660867906652,36.79285520089488],[113.6843489859431,36.88063618613556],[113.73420767781296,36.85012407896633],[113.79160314868639,36.88227914575236],[113.75275974920639,36.952691700758265],[113.78580562637595,37.051034569249836],[113.76609405052042,37.152193939941654],[113.82696803478012,37.175899500126974],[113.89334966523475,37.31531635903865],[114.08901604321235,37.54697366500807],[114.13220758442519,37.64578595053301],[114.10930737129891,37.70727958190483],[113.9924872967434,37.74131231682435],[114.03741809464937,37.78637635202813],[113.96958708361713,37.8159496251306],[113.96842757915505,37.878147382052475],[113.80522732611594,38.10956997950521],[113.82870729147325,38.162614104276315],[113.74609259854938,38.17129831939371],[113.64173719696132,38.23302665928222],[113.55912250403745,38.24100674884956],[113.55622374288222,38.34099257695793],[113.51709046728669,38.37619885446088],[113.58347209774132,38.46397983970158],[113.54057043264402,38.51608513040594],[113.61506859433325,38.65057311046721],[113.7127568452643,38.66747212366863],[113.83914283163206,38.83833992381628],[113.76667380275147,38.88903696342052],[113.76174590878759,38.97705265717791],[113.88030524003624,39.06600718500202],[114.03364970514758,39.126561982307095],[114.11539476972489,39.04863875476724],[114.34265764429443,39.075630234186164],[114.37686302592607,39.172799560094305],[114.46962338289323,39.214577676064465],[114.4096190269801,39.241569155483404],[114.45831821438786,39.32700305555723],[114.49600210940577,39.47604296365304],[114.56296349209144,39.573212289561184],[114.42846097448906,39.606540898930646],[114.3980239823592,39.64268601050034],[114.40874939863353,39.782337577928715],[114.38874794666249,39.86589380986905],[114.20931463115414,39.86096493101864],[114.20931463115414,39.916590849473295],[114.14090386789086,39.89476295742146],[114.04060673192012,39.91635614095661],[114.02292428887324,39.984186902278964],[113.93103356025266,40.00695362839754],[113.9719060925413,40.10952125018946],[114.0350990857252,40.05624241690167],[114.09452368940728,40.107408873539285],[114.06031830777565,40.18016851371205],[114.20931463115414,40.18838331179607],[114.26149233194818,40.224763131882455],[114.48498681701592,40.27264366928647],[114.52556947318905,40.342117390225624],[114.44556366530487,40.369343578161235],[114.304683873161,40.36300644821071],[114.2606227036016,40.47285003401991],[114.2904799435004,40.539507252758824],[114.21859066685084,40.61015451628141],[114.12669993823026,40.74487720485938],[114.06002843166011,40.724926980941035],[114.03480920960968,40.61085864183147],[114.07771087470698,40.554763306343446],[113.96697819857744,40.524955324724274],[113.86349242533595,40.44820563976785],[113.78754488306907,40.51814877774038],[113.57187705312043,40.35220985644314],[113.36229662159775,40.31207470008977],[113.30924929245715,40.31864653855699],[113.25098419323716,40.413703487814956],[112.88979855329627,40.326391919607644],[112.84602725985239,40.20152698873051],[112.72456916744852,40.16467775161075],[112.61615550024314,40.23884564288363],[112.45614388447478,40.29869631463865],[112.30366904771003,40.255040530535],[112.22395311594137,40.13158385075798],[111.96335448808675,39.78538878864563],[111.92277183191362,39.60818385854745],[111.82885197048437,39.620623409931824],[111.77290588018855,39.586825383529],[111.68130502768348,39.63001175059928],[111.48621840193692,39.659115606668394],[111.43201156833423,39.64033892533348],[111.42447478933065,39.50655507082227],[111.35229563656557,39.43097892844928],[111.16532554205364,39.422060004815194],[111.11836561133902,39.3652605437771],[111.24156296043603,39.299307450588245],[111.15720901081902,39.14862458287561],[111.13025053207544,39.06154772318499],[110.97400730580887,38.97141965277743],[111.00560380240081,38.92987624532395],[111.0000961562059,38.83505400458267],[110.87371016983813,38.62311221401491],[110.91516245435784,38.57757876177776],[110.87284054149157,38.460459211951274],[110.77544216667604,38.44449903281661],[110.74674443123934,38.37220880967722],[110.64702704749963,38.30531688242161],[110.56644148738441,38.28395840740315],[110.51629291939904,38.20720872244672],[110.49426233461934,38.08774208745338],[110.51716254774561,37.9534888159088],[110.5870226915865,37.92274200022288],[110.6647094905465,37.79482585862884],[110.75080269685665,37.7387305231408],[110.7113795451456,37.69671769865394],[110.78964609633664,37.55730083974227],[110.73572913884948,37.44956963058324],[110.64499791469098,37.4399465813991],[110.63050410891486,37.36366631347603],[110.68558057086412,37.35357384725853],[110.68181218136232,37.282222458185885],[110.53368548633038,37.144448558891],[110.45889744852562,37.04798335853292],[110.37251436609995,37.01794066839706],[110.4200540490456,36.95480407740844],[110.41860466846799,36.85575708336681],[110.38208027791218,36.764924887409194],[110.44643277555815,36.727136816222696],[110.41831479235248,36.67996040436874],[110.49165344957964,36.582086952910544],[110.48643567950023,36.41826040826348],[110.45425943067724,36.329775297472736],[110.46817348422232,36.247157899599145],[110.44150488159426,36.163366959142124],[110.51136502543517,35.97231422655945],[110.50585737924024,35.880073779501714],[110.54615015929784,35.87537960916799],[110.57223900969487,35.7016953068201],[110.60818364801963,35.64771234798225],[110.59948736455397,35.571901497092554],[110.53629437137008,35.47567100525116],[110.41628565954382,35.34869369772385],[110.36439783486531,35.25293262291583],[110.36961560494471,35.140976660456445],[110.33280133827337,35.04803208784866],[110.23453333511128,34.93584141687259],[110.25337528262024,34.764973616724944],[110.23395358288025,34.66686545675005],[110.30294409837457,34.608892453128526],[110.37164473775337,34.60067765504451],[110.47281150207068,34.6178113767626],[110.52701833567338,34.585186892943206],[110.60586463909544,34.612882497912196],[110.6557233309653,34.590350480310306],[110.75138244908769,34.65466061388236],[110.82501098243037,34.61734195972923],[110.89371162180917,34.66193657789964],[110.91255356931813,34.72507316888826],[110.96386164176559,34.70113290018625],[111.11894536357006,34.76286124007476],[111.14735322289125,34.81426240522907],[111.23402618143245,34.794546889827416],[111.3435993530999,34.83186554398054],[111.56477482924348,34.84477451239829],[111.66304283240557,34.988885541643704],[111.80160361562525,35.03488841091422],[111.80885051851332,35.06845172880037],[111.92625034529988,35.084177199418356],[112.05640472116943,35.057655137032796],[112.07466691644734,35.21960401354637],[112.0468388093572,35.271005178700676],[112.14423718417271,35.269362219083874],[112.28047895846822,35.22101226464649],[112.3993281658324,35.242605448181635],[112.61267698685688,35.2207775561298],[112.62630116428643,35.27123988721736],[112.70717660051717,35.18862248934377],[112.81037249764314,35.25504499956601],[112.87762375644434,35.239788945981395],[112.98661717588075,35.29963961773641],[112.99038556538254,35.363480334275096],[113.11793105621238,35.330621141939005],[113.23504100688342,35.454312530232706],[113.29620486725864,35.42450454861354],[113.37679042737386,35.500784816536594],[113.50317641374163,35.51885737232145],[113.54317931768372,35.63292571143101],[113.6194167360661,35.63339512846438],[113.58724048724312,35.69277638318602],[113.58521135443445,35.823509026980304],[113.63622955076639,35.82257019291356],[113.65043348042698,35.93569969795638],[113.62869277176281,35.97630427134311],[113.69507440221744,35.990621490860974],[113.65072335654251,36.165714044308984],[113.73652668673714,36.35840973650846]]]}},{"type":"Feature","properties":{"adcode":"150000","name":"内蒙古自治区"},"geometry":{"type":"Polygon","coordinates":[[[123.15894982179205,46.23940358048647],[123.13546985643472,46.296203041524564],[123.00502560444966,46.43303810675269],[122.9966191970995,46.57339379973112],[123.0392309860813,46.61540662421797],[123.2218529388604,46.586537476665555],[123.27084200238369,46.65976653387169],[123.59782226069292,46.68793155587406],[123.62536049166755,46.727597295194045],[123.61608445597084,46.84635980463733],[123.47752367275115,46.85786052195496],[123.52187471842606,46.95456043082973],[123.398097617098,46.93343666432796],[123.36766062496815,46.83556321286976],[123.2282302134019,46.86138114970525],[123.17083474252846,46.75341523202954],[123.01951941022577,46.721964290793565],[122.90096007897714,46.805755231250586],[122.88936503435623,46.95855047561339],[122.79631480127355,46.935314332461445],[122.77196520756968,47.00079800861694],[122.84704312148997,47.068394061422595],[122.62035999915147,47.11557047327655],[122.5470213419243,47.173543476898075],[122.41164919597534,47.34816661331271],[122.5015107917873,47.3998024869837],[122.5873141219819,47.54508705881254],[122.75602202121594,47.61104015200141],[122.84269497975713,47.672533783373225],[123.1609789546007,47.78167324363237],[123.29345233939443,47.95183691822996],[123.5691245252562,48.04079144605409],[123.7360931677971,48.191474313766705],[124.07611785130484,48.43627529667056],[124.25236252954245,48.53461816516213],[124.2958439468708,48.51654560937729],[124.31091750487798,48.34426955812951],[124.47150887287737,48.16518695989784],[124.41208426919528,48.087029023841296],[124.52165744086275,48.14758382114637],[124.57615415058095,48.297797271825615],[124.50049648442962,48.44284713513778],[124.5457171584511,48.46091969092262],[124.51817892747647,48.54424121434627],[124.59412646974334,48.62944040590341],[124.60717089494185,48.748202915346695],[124.64775355111499,48.83246327283709],[124.82283872489049,49.07374362799064],[124.80225752068841,49.11387878434401],[124.89878626715736,49.18124012863298],[125.11155533595078,49.12491008462827],[125.21214234803705,49.18734255006683],[125.25707314594302,49.31995286199461],[125.26287066825347,49.453267299472444],[125.21996900315615,49.487300034391964],[125.2205487553872,49.593622992450875],[125.1350353013081,49.620379763353114],[125.13358592073048,49.67248505405749],[125.21243222415256,49.66732146669038],[125.21996900315615,49.78936989536727],[125.172719196326,49.82809680062053],[125.23765144620302,49.87081375065743],[125.18286486036928,49.95789061034806],[125.22605640158213,49.95742119331469],[125.32345477639764,50.06350944285691],[125.25243512809466,50.10223634811017],[125.4292595585633,50.20222217621854],[125.45592816119137,50.29352378920953],[125.52346929610809,50.32919948374585],[125.52781743784092,50.41909284563671],[125.62115754703913,50.44185957175529],[125.8217518189806,50.559917955648515],[125.75305117960181,50.75167481378125],[125.88291567935583,50.80424952151898],[125.95161631873464,50.89883705374358],[126.06118949040209,50.964790146932444],[126.05278308305193,51.03567211897172],[125.84639128880002,51.206539919119365],[125.74986254233106,51.226020726004336],[125.69507595649733,51.317087630478625],[125.56840009401405,51.44922852537303],[125.35939941472242,51.6163409892537],[125.12141112387854,51.633240002455125],[125.09590202571258,51.65671085412376],[125.0405356876478,51.526917044396214],[124.91704846243528,51.49922143942723],[124.9367600382908,51.442421978389135],[124.84602881413228,51.37858126185046],[124.62282420518005,51.32365946894585],[124.4938293337726,51.381632472567375],[124.41817166762125,51.34290556731413],[124.3967208350726,51.27178888675817],[124.30164146918125,51.28704494034278],[124.22627367914544,51.34173202473069],[124.084524258655,51.34055848214726],[123.92074425338485,51.300188617277215],[123.85030435731292,51.353467450565006],[123.71551196359502,51.39759265170204],[123.57492204756666,51.2917391106765],[123.30098911839801,51.26521704829095],[123.06097169474549,51.31849588157874],[123.00821424172041,51.30511749612762],[122.85110138710728,51.47246466852498],[122.88095862700608,51.5478061023813],[122.74210796767086,51.739093543480664],[122.76587780914369,51.76937094213319],[122.69369865637863,51.88813345157648],[122.7113810994255,51.975445019783805],[122.666160425404,51.97591443681718],[122.62963603484818,52.13481210261382],[122.73167242751205,52.14865990509831],[122.78356025219057,52.25052340134019],[122.65514513301414,52.28173963405946],[122.58238622801804,52.26624887195817],[122.46237751619176,52.300046898361],[122.47397256081265,52.34886626983176],[122.33918016709475,52.409890484170205],[122.30381528100102,52.47443532625894],[122.20177888833715,52.466455236691615],[122.15771771877775,52.514805191129],[122.08206005262642,52.419044116320975],[121.91943955181836,52.28267846812621],[121.71130850087329,52.3155376604623],[121.63796984364612,52.44321909353967],[121.5107142289318,52.45870985564096],[121.34606459531508,52.533112455430526],[121.3164972315318,52.572074069200454],[121.18315421839151,52.59554492086909],[121.3124389659145,52.67675406764256],[121.37360282628971,52.68449944869322],[121.61448987828882,52.851142495540515],[121.70319196963865,52.99642706736935],[121.81334489353716,53.06238016055822],[121.73971636019448,53.147814060632044],[121.65855104784822,53.16846841010043],[121.67420435808643,53.237003296972844],[121.49303178588494,53.33370320584761],[121.32577326722853,53.322671905563354],[121.228374892413,53.27972024700976],[120.94632543200973,53.2961498431778],[120.81530142779361,53.267984821175446],[120.63615798840078,53.103923568011695],[120.4445498760405,53.0076930761703],[120.33787546552826,52.89996186701127],[120.023649756302,52.76805568063355],[120.062493155782,52.70609263222836],[120.02683839357275,52.64412958382317],[120.06916030643902,52.58451362058484],[120.18105248703066,52.57770707360093],[120.2854078886187,52.622066983254655],[120.45556516843035,52.643660166789786],[120.72688921255929,52.53921487686438],[120.68021915796018,52.50964160376189],[120.68282804299989,52.42913658253849],[120.62108443039362,52.32257891596289],[120.75471731964944,52.24723748210657],[120.77993654169988,52.16274241609949],[120.69239395481213,52.05571533249052],[120.71210553066766,52.00830421211988],[120.65471005979421,51.930380984580026],[120.5483255253975,51.91136959472843],[120.46745008916676,51.84987596335661],[120.18395124818588,51.688396503876405],[120.07959584659781,51.67572224397534],[119.978139206165,51.50227265014415],[119.9937925164032,51.44875910833966],[119.8720445478838,51.29549444694349],[119.80334390850498,51.27906485077544],[119.75609410167485,51.09059391187631],[119.62391059299665,51.00821122251941],[119.48390042919934,50.877947995758504],[119.49230683654949,50.74815418603096],[119.37751589480263,50.68102755025866],[119.29113281237696,50.58198055621703],[119.24330325331576,50.44890082725588],[119.13199082495517,50.394683159901334],[119.23112845646382,50.34469024584715],[119.34591939821068,50.35830333981495],[119.36679047852829,50.310657510927626],[119.31084438823248,50.21724352128646],[119.35200679663666,50.195180920717945],[119.28707454675964,50.111389980260924],[119.18242926905606,50.08721500304223],[119.08648027481814,49.9881680090006],[118.96937032414712,49.986290340867114],[118.55397785060354,49.92198020729505],[118.4615073697519,49.82410675583685],[118.23569387575998,49.73773402169628],[118.164674227457,49.65934137712304],[118.07423287941401,49.616155010052765],[117.8591448016964,49.590102364700584],[117.80232908305402,49.51687330749445],[117.47534882474477,49.629533395503884],[117.27301529611015,49.63164577215406],[117.05386895277523,49.69431294610931],[116.7152936498451,49.850628818222404],[116.03901267233138,48.8700166355069],[116.07060916892333,48.821666681069516],[115.79058884132871,48.520300945644266],[115.81145992164633,48.25742740695557],[115.53085984182066,48.1487573637298],[115.57347163080246,47.91968185144394],[115.93175850958811,47.68004445590719],[116.10713355947914,47.81500185300183],[116.25902864401287,47.87414839920679],[116.44049109232989,47.834247951370116],[116.6648552057442,47.88870032724134],[116.87269638057376,47.8910474124082],[117.0857553254827,47.8206348574023],[117.37679094546716,47.63920517400376],[117.52288850769045,47.778387324398764],[117.80435821586266,48.014269383668534],[118.0429262589376,48.01145288146829],[118.1168446683958,48.045016199354436],[118.22815709675639,48.041495571604145],[118.27859554085728,48.006758711134566],[118.4148373151528,48.01379996663516],[118.5676020280331,47.98446140204936],[118.76558741493488,47.76829485818125],[119.12387429372055,47.65939010643879],[119.14242636511398,47.53851522034533],[119.35606506225396,47.47514392084001],[119.3163520344274,47.42233450458559],[119.55173144023158,47.301224909975446],[119.5728923966647,47.244660157454035],[119.71493169327067,47.177298813165066],[119.7995755190032,47.051495048221184],[119.78856022661336,47.011359891867826],[119.85320260037484,46.91583352557649],[119.92074373529155,46.90222043160867],[119.92770076206409,46.70952473940919],[119.90422079670678,46.66610366382223],[119.79493750115483,46.67760438113986],[119.76884865075783,46.617049583834785],[119.67029077148021,46.581139180781776],[119.6415930360435,46.62268258823525],[119.42476570163277,46.635122139619625],[119.37693614257157,46.60132411321679],[119.2554780501677,46.644275771770396],[119.10938048794442,46.64052043550342],[119.000387068508,46.74402689136208],[118.94183209317248,46.71938249711002],[118.90733683542533,46.77125307929771],[118.8371868154689,46.76867128561415],[118.77747233567129,46.68323738554032],[118.6299253928704,46.718443663043274],[118.58238570992474,46.69145218362435],[118.43686789993251,46.70224877539192],[118.30671352406296,46.736750927344815],[118.04988328571012,46.630897386319276],[117.91856940537849,46.61188599646768],[117.86117393450506,46.54616761179551],[117.69159640692448,46.515420796109595],[117.58724100533641,46.60132411321679],[117.40867731817463,46.5787920956149],[117.4367953013803,46.52668680491054],[117.38838599008807,46.47176501200593],[117.36055788299791,46.35957434102987],[117.08517557325166,46.35581900476289],[116.82834533489883,46.3814022330817],[116.74573064197494,46.32741927424384],[116.57934175166511,46.29010062009071],[116.40425657788958,46.12979470319395],[116.26308690963019,45.96526403299683],[116.23496892642451,45.875370671105955],[116.28192885713915,45.7767930940977],[116.17090630489406,45.6892468173737],[116.0430709379487,45.68666502369015],[115.93117875735706,45.634090315952406],[115.68971195312693,45.45852834547104],[115.3578038008538,45.391167001182055],[115.16590581237799,45.394687628932346],[114.96850017770726,45.37520682204739],[114.73717903752039,45.437404578969264],[114.54412154458248,45.3850645797482],[114.51484405691473,45.28742583680669],[114.4536801965395,45.210676151850265],[114.18206627629503,45.035583598402255],[114.05828917496697,44.929260640343344],[113.89653830250549,44.909310416425015],[113.62260537333685,44.74431032919452],[113.49679913920014,44.77552656191379],[113.11851080844343,44.79688503693225],[112.84776651654553,44.840540821035916],[112.59528441992553,44.930434182926774],[112.53499018789688,45.000377320899304],[112.42483726399837,45.07243283552201],[112.10626341303929,45.07172870997195],[111.99611048914079,45.09003597427349],[111.76507922506944,44.97455938406381],[111.61724240615303,44.778108355597354],[111.5534696607381,44.64455920960282],[111.56274569643483,44.575085488663674],[111.4691157111211,44.48425329270606],[111.4082417268614,44.356102442595315],[111.52767068645662,44.26339257850421],[111.5441936250414,44.18406109986424],[111.65637568174856,44.05872675195373],[111.86392698046257,43.93714774031021],[111.95175944346585,43.821201733067156],[111.94219353165361,43.692581465923055],[111.78479080092497,43.671222990904596],[111.558397554702,43.48791563937256],[111.45056363972766,43.49214039267292],[111.33606257409633,43.43111617833448],[111.17547120609693,43.39332810714798],[111.01227095305782,43.32878326505923],[110.76558637874828,43.09970775277337],[110.72964174042352,43.08562524177219],[110.62354708214232,42.93353412295944],[110.46324559025845,42.83659950556799],[110.43338835035964,42.77980004452989],[110.13307669467846,42.673242377954296],[110.1026397025486,42.63944435155146],[109.90146567837607,42.63475018121774],[109.67681168884623,42.55776578774463],[109.53506226835579,42.4704542195373],[109.28489918065998,42.43337027390086],[109.01792327826386,42.457545251119555],[108.83820008664,42.39370453458088],[108.52455412964477,42.442993323085005],[108.29207348499583,42.43712561016784],[108.24163504089493,42.45895350221967],[108.01930006028928,42.43407439945092],[107.93175747340152,42.40567466893188],[107.56796294842093,42.414593592565964],[107.4612885379087,42.462004712936604],[107.28620336413317,42.41388946701589],[107.26707154050871,42.36671305516195],[107.04647581659617,42.32000606034137],[106.78152904700872,42.2934839979558],[106.60586412100216,42.24161341576813],[106.07626045794277,42.05361189390237],[105.71623432246398,41.938135303692704],[105.28460878645116,41.74684786259334],[105.2243145544225,41.74942965627689],[105.00429858274101,41.57856185612923],[104.91849525254639,41.651321496302],[104.68253609451118,41.64404553228472],[104.51817633700999,41.65883216883596],[104.52513336378253,41.874764004187384],[104.07379625191419,41.80388203214811],[103.85812842196553,41.79965727884776],[103.41751672637152,41.88016230007118],[102.99574697828646,42.0360087551509],[102.70992912838139,42.154301847560816],[102.5444098664181,42.16228193712814],[102.4470114916026,42.14749530057691],[102.07481055927187,42.22870444735038],[101.80145738233426,42.50589520555694],[101.56665772876113,42.527488389092085],[100.84834471449668,42.67253825240424],[100.32077018424596,42.68967197412235],[100.26743297898983,42.63592372380117],[99.96828082777074,42.648363275185545],[99.5053486712815,42.56738883692876],[98.9470472727854,42.604472782565196],[98.54469922444034,42.63756668341797],[98.19452887688931,42.651883902935836],[97.17184594132635,42.79458668108113],[97.2359085628568,42.67230354388755],[97.4999857040977,42.24231754131819],[97.84638766214692,41.65507683256898],[97.61419689361351,41.47646365137068],[97.62898057550515,41.439144997217554],[97.9716141440526,41.09670527137219],[98.24960533883856,40.93804231409223],[98.33222003176243,40.9178573816572],[98.3435252002678,40.56720285772782],[98.62731391736422,40.67704644353702],[98.56933869425974,40.74605074744281],[98.66789657353735,40.7718686842783],[98.68847777773944,40.69159837157157],[98.80210921502422,40.60686859704781],[98.78993441817227,40.70450733998932],[98.98386153945674,40.78172644197913],[99.0403873819836,40.69253720563832],[99.10068161401226,40.675168775403534],[99.17170126231525,40.74605074744281],[99.17315064289286,40.85706787583544],[99.56448339884807,40.845801867034496],[99.67173756159134,40.93170518414169],[100.05524366242746,40.906591372856255],[100.1062618587594,40.87420159755354],[100.2358364823979,40.715773348790265],[100.2410542524773,40.61766518881538],[100.16800547136566,40.540211378308896],[100.16800547136566,40.27663371407013],[100.00596472278865,40.199179903563646],[99.95436677422566,40.150125823576204],[99.92682854325105,40.06422250646901],[99.85841777998776,40.01845434571517],[99.74971423666688,40.006014794330795],[99.70449356264538,39.96611434649411],[99.5079575563212,39.882558114553774],[99.67782496001732,39.88842582747094],[99.82015413273881,39.86213847360207],[99.90363845400925,39.78750116529581],[100.03495233434089,39.75534609850979],[100.11437838999402,39.704649058905545],[100.26221520891043,39.67671874541986],[100.3109143963182,39.60794915003076],[100.32366894540118,39.508198030439075],[100.49788449083013,39.480267716953406],[100.49672498636804,39.39976269572999],[100.60716778638206,39.3875578528623],[100.82979264310325,39.40398744903034],[100.8381990504534,39.20659758649714],[100.86660690977459,39.109662969105685],[100.82863313864115,39.027514988265466],[100.96429516070563,39.000288800329855],[100.96168627566593,38.943724047808445],[101.1193788825101,38.975174989044405],[101.22663304525338,39.02117785831493],[101.19648592923906,38.94818350962548],[101.23793821375875,38.85875956476799],[101.33098844684145,38.84749355596705],[101.30576922479099,38.788112301245405],[101.55767156917994,38.71300557590577],[101.603761871548,38.648226025300346],[101.64753316499187,38.685309970936785],[101.77333939912859,38.65878790855123],[101.93740928051426,38.81205256994741],[102.0713320458856,38.89044521452064],[101.82957536553994,39.091355704804144],[102.28178210575484,39.1918109499459],[102.45396851837513,39.25494754093452],[102.60238508952258,39.172799560094305],[103.00995090794706,39.098631668821426],[103.3421489363357,39.3291154322074],[103.84769288180672,39.460786910068435],[103.94306212381359,39.45867453341826],[104.08742042934374,39.41924350261496],[104.0442288881309,39.296725656904684],[104.17409338788492,39.15425758727608],[104.20018223828194,39.08384503227019],[104.16916549392104,38.93902987747471],[104.03205409127897,38.891853465620756],[103.85928792642763,38.64634835716686],[103.41171920406107,38.40459858497994],[103.46389690485509,38.351085043175445],[103.54999011116524,38.1595628935594],[103.36070100772913,38.08656854486995],[103.34765658253062,38.05699527176746],[103.39751527440048,37.86148307736775],[103.67173807968464,37.78496810092801],[103.93581522092553,37.570913933710074],[104.17960103407985,37.40685268054632],[104.28453618789895,37.42727232149804],[104.40454489972521,37.46435626713448],[104.41642982046163,37.51106326195506],[104.8019650541064,37.538524158407355],[104.86399854282818,37.566454471893024],[105.02140127355683,37.57936344031077],[105.15851267619892,37.657756084884014],[105.36606397491295,37.714790254438796],[105.56984688412518,37.70070774343762],[105.65738947101293,37.76924263031002],[105.76928165160457,37.81970496139759],[105.80348703323622,37.87181025210195],[105.79653000646368,37.957244152175775],[105.84059117602308,38.00395114699636],[105.76116512036995,38.12130540533953],[105.77652855449264,38.20955580761358],[105.82145935239859,38.22058710789784],[105.86233188468725,38.29663266730422],[105.81740108678129,38.3604733838429],[105.87102816815292,38.59025302167882],[105.8487077072577,38.64001122721632],[105.90233478862935,38.72896575504045],[105.89276887681712,38.78553050756186],[105.98900774717053,38.854769519984316],[105.96784679073741,38.900537680738154],[106.08379723694635,39.00474826214689],[106.08466686529292,39.06741543610214],[106.14554084955262,39.154961712826136],[106.28323200442574,39.14299157847513],[106.27714460599978,39.273489513752736],[106.42845993830247,39.28663319068717],[106.50382772833828,39.26949946896907],[106.59832734199858,39.374648884444554],[106.66934699030156,39.353759826459466],[106.74587428479947,39.38779256137899],[106.79457347220722,39.34742269650894],[106.7864569409726,39.24415094916695],[106.86008547431528,39.091355704804144],[106.96299149532572,39.047465212183795],[106.95371545962901,38.9444281733585],[106.8226914554129,38.83880934084965],[106.6997839824314,38.71417911848921],[106.65920132625828,38.600814904929706],[106.6452872727132,38.47289876333565],[106.59629820918991,38.390516073978745],[106.47918825851887,38.31986881045616],[106.54122174724067,38.26799822826848],[106.7774707813914,38.1698900682936],[107.02792374520274,38.11614181797242],[107.18503659981587,38.15416459767562],[107.32330750692005,38.08985446410355],[107.4354895636272,37.99526693187896],[107.40621207595944,37.94785581150832],[107.48911664499884,37.94410047524134],[107.64506999514988,37.864299579567984],[107.97755789965404,37.786611060544814],[108.0106037768236,37.66174612966768],[108.12887323195673,37.62090684776426],[108.23409826189135,37.665032048901296],[108.33004725612926,37.63146873101515],[108.52919214749313,37.69084998573679],[108.60137130025821,37.65681725081727],[108.76109303991103,37.67747160028567],[108.78805151865461,37.70117716047099],[108.79471866931164,37.944569892274714],[108.8239961569794,37.9825926719779],[108.78950089923222,38.04572926296653],[108.8706662115785,38.02883024976511],[108.9289313107985,37.9225072917062],[109.06401358063192,38.02671787311493],[109.06198444782328,38.09384450888723],[108.94661375384536,38.167073566093364],[108.9405263554194,38.213780560913946],[109.04720076593162,38.432528898465605],[109.11851029035013,38.4703169696521],[109.24605578117998,38.60175373899645],[109.35765808565608,38.62381633956497],[109.32055394286922,38.66864566625206],[109.50375564787937,38.829890417215566],[109.55245483528714,38.80595014851356],[109.68086995446355,38.93644808379116],[109.65710011299072,38.98174682751163],[109.9548028836322,39.19110682439583],[109.8655210400513,39.24180386400009],[109.90088592614504,39.27043830303582],[109.95915102536503,39.210352922764116],[110.0313301781301,39.213404133481035],[110.20612547579009,39.281469603320076],[110.13046780963876,39.391547897645964],[110.1426426064907,39.454215071601226],[110.23279407841815,39.423233547398624],[110.38005114510352,39.30916520828906],[110.4238224385474,39.37793480367816],[110.51774229997665,39.38192484846182],[110.59455947059008,39.27818368408647],[110.68210205747783,39.267621800835585],[110.73456963438738,39.34883094760906],[110.87805831157097,39.50678977933896],[110.95371597772231,39.51758637110653],[111.01864822759933,39.56969166181089],[111.12271375307185,39.582365921711954],[111.13778731107902,39.523219375507],[111.05140422865335,39.44529614796714],[111.11836561133902,39.3652605437771],[111.16532554205364,39.422060004815194],[111.35229563656557,39.43097892844928],[111.42447478933065,39.50655507082227],[111.43201156833423,39.64033892533348],[111.48621840193692,39.659115606668394],[111.68130502768348,39.63001175059928],[111.77290588018855,39.586825383529],[111.82885197048437,39.620623409931824],[111.92277183191362,39.60818385854745],[111.96335448808675,39.78538878864563],[112.22395311594137,40.13158385075798],[112.30366904771003,40.255040530535],[112.45614388447478,40.29869631463865],[112.61615550024314,40.23884564288363],[112.72456916744852,40.16467775161075],[112.84602725985239,40.20152698873051],[112.88979855329627,40.326391919607644],[113.25098419323716,40.413703487814956],[113.30924929245715,40.31864653855699],[113.36229662159775,40.31207470008977],[113.57187705312043,40.35220985644314],[113.78754488306907,40.51814877774038],[113.86349242533595,40.44820563976785],[113.96697819857744,40.524955324724274],[114.07771087470698,40.554763306343446],[114.03480920960968,40.61085864183147],[114.06002843166011,40.724926980941035],[114.12669993823026,40.74487720485938],[114.03915735134251,40.83171935603332],[114.04089660803564,40.93287872672512],[113.81827175131446,41.093888769171954],[113.90639409043325,41.16594428379466],[113.99480630566758,41.18284329699607],[113.98147200435355,41.268981322619965],[113.89363954135027,41.315453608923846],[113.93741083479415,41.38915208316337],[113.86465192979803,41.41144939224856],[113.92407653348012,41.48373961538796],[114.09423381329175,41.535610197575636],[114.2243881891613,41.51166992887363],[114.19627020595563,41.791442480763735],[114.37396426477085,41.955034316894114],[114.5041186406404,41.971229204545466],[114.45947771884995,42.03577404663422],[114.50585789733353,42.11440139972413],[114.64499843278426,42.10337009943987],[114.82124311102189,42.145852340960104],[114.89574127271112,42.01347673754901],[114.93313529161352,41.84472131405154],[114.88791461759203,41.783697099713095],[114.8977704055198,41.63559602568401],[114.85863712992426,41.60085916521443],[115.08068223441441,41.62080938913277],[115.2462014963777,41.57715360502911],[115.37084822605232,41.60015503966437],[115.308524861215,41.701079701839504],[115.52796108066543,41.770318714261975],[115.82363471849825,41.932971716325596],[115.91552544711885,41.94869718694359],[116.01002506077916,41.7750128845957],[116.09177012535646,41.77407405052895],[116.11988810856212,41.864906246486555],[116.1868494912478,41.85974265911946],[116.21844598783974,41.930624631158736],[116.32917866396929,42.00760902463185],[116.41411236581735,41.98390346444653],[116.42889604770899,41.93790059517602],[116.49208904089286,41.98014812817955],[116.53991859995406,41.931798173742166],[116.63586759419196,41.92921638005862],[116.87675464619106,42.01558911419919],[116.88574080577226,42.10337009943987],[116.77674738633584,42.20570301271512],[116.91617779790211,42.192089918747314],[116.87878377899972,42.35145700157733],[116.8953067175845,42.387602113147025],[117.09184272390867,42.48172022833825],[117.40635830925045,42.46928067695387],[117.38925561843462,42.53406022755931],[117.4666525412791,42.60024802926485],[117.66057966256358,42.58053251386319],[117.795661932397,42.615504082849455],[117.86581195235343,42.49885395005636],[118.02466406365969,42.38196910874656],[118.0081411250749,42.32822085842538],[118.05394155132744,42.28104444657143],[117.96552933609311,42.243021666868245],[118.11104714608535,42.16369018822827],[118.086987428497,42.10618660164012],[118.15365893506714,42.08600166920509],[118.113076278894,42.034600504050786],[118.1881541928143,42.03014104223374],[118.21337341486475,42.078256288154435],[118.2904804615937,42.0463359298851],[118.23279511460476,42.0066701905651],[118.30729327629399,41.98578113258003],[118.26207260227251,41.9278081289585],[118.33946952511698,41.846833690701715],[118.26931950516057,41.75905270546103],[118.22786722064086,41.809749745065275],[118.13916512929103,41.79425898296398],[118.1287295891322,41.72994884939192],[118.21511267155788,41.634657191617265],[118.23076598179608,41.57668418799574],[118.31859844479936,41.514955848107235],[118.26497136342773,41.46543235108642],[118.35367345477758,41.42036831588264],[118.35106456973787,41.33164849657521],[118.52441048682026,41.35676230786065],[118.66500040284862,41.353476388627044],[118.73573017503608,41.321790738874384],[118.8137068501116,41.369671276278396],[118.86646430313667,41.3025446405061],[119.15286190527277,41.296911636105634],[119.23286771315695,41.310759438590125],[119.3189609194671,41.32812786882492],[119.30533674203755,41.39854042383081],[119.3708487441456,41.42224598401613],[119.39780722288918,41.508384009640025],[119.35693469060053,41.56424463661136],[119.41027189585665,41.58701136272994],[119.30127847642024,41.656015666635724],[119.2838859094889,41.78393180822978],[119.32852683127933,41.867018623136744],[119.3189609194671,41.96864741086192],[119.3772260186871,42.08787933733858],[119.30040884807366,42.12402444890827],[119.23199808481039,42.199365882764596],[119.28098714833367,42.26414543337002],[119.42708471055695,42.31507718149095],[119.49578534993574,42.38689798759697],[119.56419611319903,42.358498257077926],[119.53491862553128,42.2901980787222],[119.73638252581932,42.21250955969903],[119.84015817517633,42.208988931948724],[119.82624412163126,42.13974991952627],[119.95726812584738,41.957381402060975],[120.03843343819364,41.77243109091215],[120.0314764114211,41.70553916365654],[120.09408965237394,41.69615082298908],[120.1830816198393,41.844486605534854],[120.36773270542707,41.99235297104724],[120.45092715058198,42.0137114460657],[120.46252219520288,42.10219655685644],[120.87762479263093,42.264849558920076],[121.01647545196614,42.24090929021807],[121.1130041984351,42.27846265288788],[121.29881478848495,42.43337027390086],[121.4730303339139,42.49415977972262],[121.59593780689538,42.49885395005636],[121.66029030454135,42.43524794203435],[121.91248252504582,42.58663493529704],[121.93190422478582,42.68638605488873],[122.05944971561567,42.71924524722482],[122.19395223321806,42.6868554719221],[122.39019836342669,42.68169188455501],[122.45571036553476,42.7556250673112],[122.3643993891452,42.77557529122954],[122.35338409675535,42.83354829485107],[122.56673291777983,42.82040461791664],[122.62007012303594,42.771115829412494],[122.72297614404638,42.784963631897],[122.8308100590207,42.71431636837441],[122.88182825535264,42.768064618695576],[123.05430454408847,42.76712578462883],[123.21286677927921,42.83401771188444],[123.1647473441025,42.84974318250242],[123.17808164541651,42.92344165674193],[123.25286968322129,42.99080300103091],[123.46563875201471,43.040326498051726],[123.57318279087352,43.008171431265694],[123.66449376726307,43.18584577839725],[123.69840927277919,43.36821429586253],[123.60304003077232,43.364224251078866],[123.48042243390637,43.442851604168794],[123.4134610512207,43.40741061814916],[123.2983802333583,43.54823572816096],[123.44592717615919,43.54307214079385],[123.41693956460696,43.607382274365904],[123.5041922753792,43.590952678197866],[123.53231025858486,43.640241466701994],[123.47752367275115,43.732012496726355],[123.48650983233233,43.78669958111426],[123.3928798470186,43.97610935408014],[123.32591846433294,44.02610226813434],[123.3798354218201,44.15965141412886],[123.31722218086726,44.177489261397014],[123.1908361944995,44.34295876566088],[123.12561406850696,44.36009248737899],[123.11865704173442,44.507489435858005],[123.01864978187922,44.49105983968995],[122.8487823781831,44.396002890432],[122.75486251675385,44.367603159912946],[122.66992881490579,44.283812219455925],[122.47687132196788,44.23475813946848],[122.31367106892878,44.23076809468482],[122.28584296183864,44.3082219051913],[122.28033531564373,44.475803786105345],[122.22236009253925,44.478150871272206],[122.19018384371626,44.55771705842888],[122.12583134607029,44.57532019718036],[122.09713361063356,44.67178539753844],[122.15539870985357,44.726237773409665],[122.06292822900193,44.88044126887259],[122.06843587519685,45.00460207419967],[122.11336667310283,45.06633041408817],[122.10380076129059,45.13979417981099],[122.22438922534789,45.2048084389331],[122.23308550881356,45.27428215987226],[122.14119478019298,45.29352825824054],[122.15887722323984,45.4418640407863],[121.9965465985473,45.50593946584168],[121.96060196022253,45.594189868115734],[121.99741622689388,45.621416056051345],[121.9394410037894,45.711544126458904],[121.80551823841806,45.68502206407335],[121.66463844627418,45.72140188415973],[121.6388394719927,45.75285282539569],[121.73449859011507,45.78477318366504],[121.8113157607285,45.87372771148915],[121.80319922949388,45.95963102859636],[121.75594942266373,45.99694968274949],[121.85827569144314,46.000705019016465],[122.03336086521864,45.95728394342949],[122.08524868989716,45.879830132923004],[122.19801049883536,45.85002215130383],[122.24844894293625,45.79556977543261],[122.3629500085676,45.85987990900466],[122.35599298179505,45.91527111894264],[122.43976717918102,45.91480170190927],[122.53629592564997,45.77209892376398],[122.73602056924489,45.70309461985819],[122.80327182804609,45.78125255591475],[122.82240365167056,45.91151578267565],[122.78703876557682,46.07135228253905],[123.0392309860813,46.09810905344129],[123.15894982179205,46.23940358048647]]]}},{"type":"Feature","properties":{"adcode":"210000","name":"辽宁省"},"geometry":{"type":"MultiPolygon","coordinates":[[[[121.82696907096673,38.894435259304316],[121.81827278750104,38.87049499060231],[121.83740461112552,38.87284207576917],[121.82696907096673,38.894435259304316]]],[[[122.72007738289116,39.046291669600365],[122.72761416189473,39.0131977687476],[122.75283338394519,39.0096771409973],[122.72007738289116,39.046291669600365]]],[[[122.83428857240699,39.05028171438404],[122.81544662489802,39.051924674000844],[122.81863526216877,39.0406586651999],[122.83428857240699,39.05028171438404]]],[[[123.197213469041,39.05591471878451],[123.15605106063683,39.08384503227019],[123.1505434144419,39.028219113815524],[123.197213469041,39.05591471878451]]],[[[122.38729960227147,39.21176117386423],[122.31164193612014,39.18359615186188],[122.3319332642067,39.14510395512532],[122.38729960227147,39.21176117386423]]],[[[122.5432529524225,39.232415523332634],[122.49049549939744,39.23546673404955],[122.50730831409774,39.22208834859843],[122.5432529524225,39.232415523332634]]],[[[122.4304911434843,39.23570144256624],[122.42846201067564,39.22302718266518],[122.44382544479834,39.226078393382096],[122.4304911434843,39.23570144256624]]],[[[122.6374626899673,39.224904850798666],[122.73602056924489,39.24579390878375],[122.64528934508638,39.241569155483404],[122.6374626899673,39.224904850798666]]],[[[122.4215049839031,39.26715238380221],[122.44295581645177,39.25494754093452],[122.44498494926043,39.261988796435105],[122.4215049839031,39.26715238380221]]],[[[122.5444124568846,39.297899199488114],[122.54934035084848,39.273489513752736],[122.64239058393116,39.26504000715204],[122.5444124568846,39.297899199488114]]],[[[123.06358057978518,39.450459735334235],[123.06416033201623,39.431213636965964],[123.08242252729414,39.44905148423412],[123.06358057978518,39.450459735334235]]],[[[122.97632786901295,39.54997614640925],[122.99314068371325,39.49622789608807],[123.03169420707772,39.53237300765777],[122.97632786901295,39.54997614640925]]],[[[123.72623737986933,39.763326188077116],[123.70623592789829,39.74689659190908],[123.7413109378765,39.75135605372611],[123.72623737986933,39.763326188077116]]],[[[120.8254470918369,40.507352185972806],[120.77674790442913,40.49561676013849],[120.8280559768766,40.49256554942157],[120.8254470918369,40.507352185972806]]],[[[121.49651029927121,40.85824141841887],[121.4939014142315,40.877487516787156],[121.47129107722076,40.859180252485615],[121.49651029927121,40.85824141841887]]],[[[125.70580137277166,40.856833167318754],[125.59014080267823,40.93076635007495],[125.67362512394868,40.97559567676204],[125.78522742842479,41.164301324177856],[125.73131047093763,41.17744500111229],[125.74377514390508,41.24339809430114],[125.64202862735674,41.262174775636055],[125.63449184835315,41.32930141140835],[125.54231124361704,41.39900984086418],[125.53332508403585,41.467544727736595],[125.44404324045496,41.59569557784734],[125.40606946932152,41.68864015045513],[125.31446861681644,41.66962876060353],[125.32142564358898,41.763512167278066],[125.28780001418839,41.825475215683255],[125.28577088137973,41.95761611057766],[125.36084879530003,42.00009835209789],[125.48404614439704,42.1338822066091],[125.36258805199316,42.180354492913],[125.29968493492481,42.14373996430993],[125.29272790815227,42.28761628503865],[125.16924068293974,42.30568884082349],[125.18083572756063,42.42421664175009],[125.07213218423973,42.50425224594014],[125.0909741317487,42.61949412763313],[125.03212928029765,42.61292228916591],[124.96603752595854,42.71807170464139],[124.96951603934482,42.799750268448236],[124.86661001833437,42.78731071706386],[124.83414389339586,43.02460102743375],[124.88342283303467,43.06919564560414],[124.87530630180004,43.13115869400934],[124.78080668813975,43.11543322339135],[124.68021967605348,43.04807187910238],[124.67181326870333,42.99995663318168],[124.57992254008275,42.90255259875684],[124.46918986395319,42.85302910173603],[124.36599396682723,42.87837762153815],[124.42570844662484,42.92837053559235],[124.41585265869708,42.973434570796115],[124.32744044346275,42.994793045814575],[124.41962104819886,43.0734203989045],[124.27787162770842,43.16354846931205],[124.26540695474097,43.229970979534286],[124.10829410012784,43.24475761608552],[124.0274186638971,43.27855564248836],[123.84653596781112,43.403655281882166],[123.86537791532008,43.44848460856926],[123.74420969903173,43.46913895803766],[123.69840927277919,43.36821429586253],[123.66449376726307,43.18584577839725],[123.57318279087352,43.008171431265694],[123.46563875201471,43.040326498051726],[123.25286968322129,42.99080300103091],[123.17808164541651,42.92344165674193],[123.1647473441025,42.84974318250242],[123.21286677927921,42.83401771188444],[123.05430454408847,42.76712578462883],[122.88182825535264,42.768064618695576],[122.8308100590207,42.71431636837441],[122.72297614404638,42.784963631897],[122.62007012303594,42.771115829412494],[122.56673291777983,42.82040461791664],[122.35338409675535,42.83354829485107],[122.3643993891452,42.77557529122954],[122.45571036553476,42.7556250673112],[122.39019836342669,42.68169188455501],[122.19395223321806,42.6868554719221],[122.05944971561567,42.71924524722482],[121.93190422478582,42.68638605488873],[121.91248252504582,42.58663493529704],[121.66029030454135,42.43524794203435],[121.59593780689538,42.49885395005636],[121.4730303339139,42.49415977972262],[121.29881478848495,42.43337027390086],[121.1130041984351,42.27846265288788],[121.01647545196614,42.24090929021807],[120.87762479263093,42.264849558920076],[120.46252219520288,42.10219655685644],[120.45092715058198,42.0137114460657],[120.36773270542707,41.99235297104724],[120.1830816198393,41.844486605534854],[120.09408965237394,41.69615082298908],[120.0314764114211,41.70553916365654],[120.03843343819364,41.77243109091215],[119.95726812584738,41.957381402060975],[119.82624412163126,42.13974991952627],[119.84015817517633,42.208988931948724],[119.73638252581932,42.21250955969903],[119.53491862553128,42.2901980787222],[119.56419611319903,42.358498257077926],[119.49578534993574,42.38689798759697],[119.42708471055695,42.31507718149095],[119.28098714833367,42.26414543337002],[119.23199808481039,42.199365882764596],[119.30040884807366,42.12402444890827],[119.3772260186871,42.08787933733858],[119.3189609194671,41.96864741086192],[119.32852683127933,41.867018623136744],[119.2838859094889,41.78393180822978],[119.30127847642024,41.656015666635724],[119.41027189585665,41.58701136272994],[119.35693469060053,41.56424463661136],[119.39780722288918,41.508384009640025],[119.3708487441456,41.42224598401613],[119.30533674203755,41.39854042383081],[119.3189609194671,41.32812786882492],[119.23286771315695,41.310759438590125],[119.24243362496918,41.27578786960386],[119.12358441760502,41.13801397030899],[119.07430547796622,41.13402392552531],[119.03111393675337,41.061029576835864],[118.95864490787278,41.077459173003916],[118.9458903587898,41.01620025014877],[118.9951692984286,40.966207336094584],[118.89603166691995,40.95940078911069],[118.84037545273965,40.81951451316563],[118.9006696847683,40.75520437959358],[119.05894204384353,40.661790389952415],[119.16010880816083,40.69371074822175],[119.15923917981428,40.59818438193041],[119.22243217299814,40.60546034594769],[119.25431854570562,40.536456042041905],[119.49723473051336,40.552416221176586],[119.5937634769823,40.4644005274192],[119.57318227278023,40.37661954217852],[119.66043498355246,40.238141517333574],[119.73754203028142,40.205986450547556],[119.72942549904678,40.1071741650226],[119.76479038514051,40.04755820178427],[119.84885445864201,40.03183273116629],[119.84798483029545,39.98981990667943],[119.91378670851901,39.99967766438026],[119.94306419618678,40.055303582834924],[120.15206487547842,40.11139891832296],[120.31439550017095,40.18603622662921],[120.44368024769392,40.19612869284673],[120.51614927657452,40.272174252253095],[120.49817695741214,40.325687794057586],[120.58600942041542,40.3632411567274],[120.59412595165004,40.469094697752936],[120.65760882094943,40.481768957654],[120.75964521361331,40.565794606627705],[120.82051919787301,40.66812751990294],[121.0315490099733,40.711548595489916],[120.96922564513599,40.743234245242576],[120.95965973332376,40.802850208480905],[121.05966699317898,40.798390746663856],[121.08749510026914,40.87208922090336],[121.25591312338763,40.91433675390691],[121.29011850501928,40.8509654544016],[121.42925904047001,40.83336231565012],[121.42491089873718,40.88499818932111],[121.49622042315568,40.88241639563756],[121.50752559166105,40.84251594780089],[121.68782853551598,40.83289289861675],[121.7736318657106,40.89180473630502],[121.79943083999208,40.959166080594],[121.85827569144314,40.82068805574906],[121.95277530510343,40.80120724886409],[121.97567551822969,40.704272631472634],[122.05655095446045,40.658035053685424],[122.16380511720372,40.667188685836194],[122.13017948780313,40.615552812165205],[122.24815906682073,40.516505818123576],[122.17366090513147,40.34962806275959],[122.11104766417864,40.363475865244084],[122.10032224790432,40.23649855771677],[122.02321520117536,40.18908743734613],[122.00263399697327,40.131114433724605],[121.90465586992671,40.055772999868296],[121.76435583001388,39.98629927892914],[121.77711037909687,39.93395927970809],[121.7049312263318,39.93419398822478],[121.6089822320939,39.86636322690242],[121.53593345098224,39.85908726288514],[121.45679727144463,39.74079417047524],[121.49187228142284,39.66216681738531],[121.4072284556903,39.605367356347216],[121.25504349504106,39.57767175137823],[121.22402675068017,39.48496188728713],[121.3591090205136,39.50749390488902],[121.24547758322882,39.45398036308454],[121.24460795488226,39.38896610396242],[121.3991119244557,39.36197462454349],[121.47274045779837,39.40281390644691],[121.43592619112702,39.33263605995769],[121.48085698903299,39.283347271453565],[121.52028014074403,39.33052368330752],[121.62028740059927,39.32981955775746],[121.73594797069269,39.381690139945135],[121.72203391714761,39.30259336982185],[121.59129978904701,39.27255067968599],[121.63739009141509,39.24180386400009],[121.58405288615896,39.19251507549596],[121.68724878328493,39.11154063723917],[121.63623058695299,39.11130592872249],[121.49680017538672,39.02728027974878],[121.3733129501742,39.060374180601556],[121.34345571027538,38.978930325311396],[121.20489492705569,38.9324580390075],[121.14054242940972,38.95358180550927],[121.10952568504882,38.77567274986103],[121.19793790028316,38.723567459156655],[121.25040547719271,38.79139822047901],[121.3280922761527,38.820736785064796],[121.51390286620256,38.82613508094859],[121.55912354022404,38.874954452419345],[121.69304630559537,38.86439256916846],[121.7127578814509,38.91790611097295],[121.61072148878702,38.95053059479234],[121.63681033918404,39.00427884511352],[121.7892851759488,39.02117785831493],[121.85856556755866,38.9427852137417],[121.89624946257656,38.967429607993765],[121.84668064682224,39.04159749926664],[121.921468684627,39.0200043157315],[122.14061502796193,39.154492295792764],[122.10582989409924,39.20753642056388],[122.22612848204102,39.274193639302794],[122.38729960227147,39.41384520673117],[122.49281450832162,39.40234448941354],[122.5754292012455,39.48730897245399],[122.63224491988788,39.49388081092121],[122.9369047173019,39.61358215443124],[122.9977787015616,39.66709569623572],[123.27055212626816,39.696668969338205],[123.26504448007324,39.75534609850979],[123.43954990161771,39.73656941717488],[123.51520756776904,39.78538878864563],[123.54361542709023,39.75605022405985],[123.63550615571083,39.80111425926363],[123.81899773683651,39.83350403456633],[124.00393869853977,39.801348967780314],[124.21844702402633,39.853454258484675],[124.23583959095768,39.92621389865744],[124.28337927390335,39.926918024207495],[124.2685955920117,39.819421523565154],[124.40947538415558,39.80651255514741],[124.3112073809935,39.91494788985649],[124.36425471013409,39.963297844293876],[124.36541421459617,40.08511156445408],[124.4616530849496,40.17336196672815],[124.576733902812,40.229457302216176],[124.61586717840751,40.284848512154156],[124.7205124561111,40.31559532784007],[124.74428229758394,40.366292367444316],[124.90893193120064,40.45782868895199],[125.02256336848541,40.451491559001454],[125.00864931494033,40.51697523515695],[125.15880514278092,40.588326624229595],[125.2646099249466,40.613205726998345],[125.29214815592123,40.65122850670153],[125.40780872601465,40.62048169101561],[125.47737899374002,40.71530393175689],[125.53883273023077,40.71671218285701],[125.56086331501047,40.767643930977954],[125.67797326568152,40.760133258443986],[125.6428982557033,40.81270796618172],[125.70580137277166,40.856833167318754]]]]}},{"type":"Feature","properties":{"adcode":"220000","name":"吉林省"},"geometry":{"type":"Polygon","coordinates":[[[131.2969318889673,43.499651065206876],[131.13489114039027,43.42290138025045],[131.01952044641237,43.505988195157414],[130.8542910605646,43.4358103486682],[130.8163172894312,43.500355190756935],[130.7218176757709,43.556919943278345],[130.62383954872433,43.58086021198035],[130.48180025211838,43.652915726603055],[130.40962109935327,43.647517430719276],[130.41599837389478,43.741870254427184],[130.37251695656641,43.77895420006362],[130.3736764610285,43.90804388424111],[130.3293254153536,43.956393838678494],[130.35831302690582,44.041358321718945],[130.31106322007568,44.03619473435184],[130.2490297313539,43.945362538394235],[130.18322785313032,43.93879069992701],[130.09307638120285,43.84162137401887],[130.01944784786016,43.852417965786444],[129.99335899746316,43.99605957799848],[129.92929637593272,44.025398142584265],[129.77798104363004,43.962261551595645],[129.7736329018972,43.893022539173174],[129.64608741106736,43.869786396021226],[129.49100368926287,43.877766485588566],[129.39969271287333,43.81697697976681],[129.2051858393578,43.782474827813914],[129.2234480346357,43.592830346331354],[129.00922958526468,43.521713665775394],[128.86979917369842,43.54142918117705],[128.7126863190853,43.815803437183376],[128.71935346974232,43.891144871039685],[128.63036150227694,43.88903249438951],[128.56861788967066,44.04534836650261],[128.44397115999604,44.20096011306565],[128.47527778047245,44.37347087283011],[128.45556620461693,44.432148002001696],[128.36599448492052,44.51194889767504],[128.20569299303665,44.430270333868194],[128.15931281455306,44.34131580604408],[128.04365224445962,44.346948810444545],[128.0949603169071,44.288036972756274],[128.08278552005515,44.12913930695963],[127.90741047016412,44.062716796737405],[127.72275938457636,44.0969842401736],[127.71319347276412,44.20025598751559],[127.67492982551516,44.16481500149595],[127.58448847747219,44.2258392158344],[127.61811410687278,44.2755974213719],[127.47723431472892,44.39975822669898],[127.45781261498891,44.47908970533895],[127.55202235253368,44.57133015239668],[127.38389420553071,44.63000728156827],[127.17025550839071,44.63775266261892],[127.0209693088967,44.598791048848994],[127.03488336244176,44.710277594275],[126.97835751991491,44.82293768228443],[127.01633129104833,44.896870865040626],[127.08677118712026,44.945690236511396],[126.96067507686803,45.081821176189464],[126.95081928894027,45.13744709464413],[126.7841405225149,45.135100009477256],[126.61659212774296,45.23344287796884],[126.4174472363791,45.23039166725191],[126.24410131929672,45.14096772239442],[126.15887774133313,45.13110996469359],[125.90987415809941,45.19401184716553],[125.74725365729137,45.295171217857344],[125.6881189297248,45.35220538741213],[125.71101914285106,45.397034714099206],[125.68348091187644,45.513215429858946],[125.61478027249763,45.51955255980948],[125.48578540109017,45.46533489245493],[125.4173746378269,45.48692807599008],[125.40288083205078,45.42332206796809],[125.34026759109794,45.39069758414868],[125.2425793401669,45.41628081246749],[125.06807391862242,45.37825803276431],[125.02227349236989,45.489509869673626],[124.91009143566274,45.5397374922445],[124.88023419576393,45.43716987045258],[124.83559327397347,45.45266063255387],[124.62543309021976,45.434118659735645],[124.5431082734114,45.409239556966895],[124.47556713849468,45.45336475810393],[124.39382207391738,45.43763928748595],[124.34918115212693,45.54396224554486],[124.28801729175171,45.53668628152758],[124.21815714791082,45.631743230785546],[124.16018192480634,45.612262423900575],[124.1338031982938,45.6805626022563],[124.00509820300186,45.780783138881375],[124.05785565602693,45.79439623284918],[124.0561163993338,45.88358546918998],[123.95958765286485,45.939915513194705],[124.02654903555052,46.014552821500956],[123.94944198882158,46.23987299751984],[123.89378577464127,46.302070754441715],[123.77319731058395,46.26240501512173],[123.53781790477979,46.233301159052616],[123.28040791419592,46.24832250412055],[123.15894982179205,46.23940358048647],[123.0392309860813,46.09810905344129],[122.78703876557682,46.07135228253905],[122.82240365167056,45.91151578267565],[122.80327182804609,45.78125255591475],[122.73602056924489,45.70309461985819],[122.53629592564997,45.77209892376398],[122.43976717918102,45.91480170190927],[122.35599298179505,45.91527111894264],[122.3629500085676,45.85987990900466],[122.24844894293625,45.79556977543261],[122.19801049883536,45.85002215130383],[122.08524868989716,45.879830132923004],[122.03336086521864,45.95728394342949],[121.85827569144314,46.000705019016465],[121.75594942266373,45.99694968274949],[121.80319922949388,45.95963102859636],[121.8113157607285,45.87372771148915],[121.73449859011507,45.78477318366504],[121.6388394719927,45.75285282539569],[121.66463844627418,45.72140188415973],[121.80551823841806,45.68502206407335],[121.9394410037894,45.711544126458904],[121.99741622689388,45.621416056051345],[121.96060196022253,45.594189868115734],[121.9965465985473,45.50593946584168],[122.15887722323984,45.4418640407863],[122.14119478019298,45.29352825824054],[122.23308550881356,45.27428215987226],[122.22438922534789,45.2048084389331],[122.10380076129059,45.13979417981099],[122.11336667310283,45.06633041408817],[122.06843587519685,45.00460207419967],[122.06292822900193,44.88044126887259],[122.15539870985357,44.726237773409665],[122.09713361063356,44.67178539753844],[122.12583134607029,44.57532019718036],[122.19018384371626,44.55771705842888],[122.22236009253925,44.478150871272206],[122.28033531564373,44.475803786105345],[122.28584296183864,44.3082219051913],[122.31367106892878,44.23076809468482],[122.47687132196788,44.23475813946848],[122.66992881490579,44.283812219455925],[122.75486251675385,44.367603159912946],[122.8487823781831,44.396002890432],[123.01864978187922,44.49105983968995],[123.11865704173442,44.507489435858005],[123.12561406850696,44.36009248737899],[123.1908361944995,44.34295876566088],[123.31722218086726,44.177489261397014],[123.3798354218201,44.15965141412886],[123.32591846433294,44.02610226813434],[123.3928798470186,43.97610935408014],[123.48650983233233,43.78669958111426],[123.47752367275115,43.732012496726355],[123.53231025858486,43.640241466701994],[123.5041922753792,43.590952678197866],[123.41693956460696,43.607382274365904],[123.44592717615919,43.54307214079385],[123.2983802333583,43.54823572816096],[123.4134610512207,43.40741061814916],[123.48042243390637,43.442851604168794],[123.60304003077232,43.364224251078866],[123.69840927277919,43.36821429586253],[123.74420969903173,43.46913895803766],[123.86537791532008,43.44848460856926],[123.84653596781112,43.403655281882166],[124.0274186638971,43.27855564248836],[124.10829410012784,43.24475761608552],[124.26540695474097,43.229970979534286],[124.27787162770842,43.16354846931205],[124.41962104819886,43.0734203989045],[124.32744044346275,42.994793045814575],[124.41585265869708,42.973434570796115],[124.42570844662484,42.92837053559235],[124.36599396682723,42.87837762153815],[124.46918986395319,42.85302910173603],[124.57992254008275,42.90255259875684],[124.67181326870333,42.99995663318168],[124.68021967605348,43.04807187910238],[124.78080668813975,43.11543322339135],[124.87530630180004,43.13115869400934],[124.88342283303467,43.06919564560414],[124.83414389339586,43.02460102743375],[124.86661001833437,42.78731071706386],[124.96951603934482,42.799750268448236],[124.96603752595854,42.71807170464139],[125.03212928029765,42.61292228916591],[125.0909741317487,42.61949412763313],[125.07213218423973,42.50425224594014],[125.18083572756063,42.42421664175009],[125.16924068293974,42.30568884082349],[125.29272790815227,42.28761628503865],[125.29968493492481,42.14373996430993],[125.36258805199316,42.180354492913],[125.48404614439704,42.1338822066091],[125.36084879530003,42.00009835209789],[125.28577088137973,41.95761611057766],[125.28780001418839,41.825475215683255],[125.32142564358898,41.763512167278066],[125.31446861681644,41.66962876060353],[125.40606946932152,41.68864015045513],[125.44404324045496,41.59569557784734],[125.53332508403585,41.467544727736595],[125.54231124361704,41.39900984086418],[125.63449184835315,41.32930141140835],[125.64202862735674,41.262174775636055],[125.74377514390508,41.24339809430114],[125.73131047093763,41.17744500111229],[125.78522742842479,41.164301324177856],[125.67362512394868,40.97559567676204],[125.59014080267823,40.93076635007495],[125.70580137277166,40.856833167318754],[125.76870448984002,40.89016177668822],[125.80696813708897,40.8610579206191],[125.86639274077106,40.90260132807259],[125.99712686887165,40.89016177668822],[126.15568910406239,41.08895989032153],[126.27569781588866,41.155851817577144],[126.31715010040836,41.22837674923322],[126.42933215711551,41.34878221829331],[126.53484706316566,41.36568123149473],[126.50672907996,41.433511992817074],[126.5936919146167,41.56612230474485],[126.56673343587312,41.606726878131596],[126.73515145899162,41.71563162987405],[126.84037648892624,41.722907593891335],[126.87835026005968,41.7869830189467],[126.9421230054746,41.80669853434836],[127.04850753987131,41.74004131560943],[127.0302453445934,41.671037011703646],[127.14706541914893,41.58630723717988],[127.1090916480155,41.53607961460901],[127.23489788215221,41.51894589289091],[127.3476596910904,41.46026876371933],[127.52854238717637,41.47223889807033],[127.55695024649756,41.4313996161669],[127.84682636201995,41.41966419033258],[127.93552845336978,41.447594503818266],[128.10452622871935,41.36192589522774],[128.20482336469007,41.41168410076526],[128.31207752743336,41.58677665421325],[128.26366821614113,41.66540400730318],[128.16105207124622,41.71281512767382],[128.09669957360023,41.83603709893414],[128.09959833475546,41.945880684743344],[128.02799893422144,41.99775126693103],[128.0897425468277,42.018640324916106],[128.28453929645872,42.0240386207999],[128.5639798718223,41.99728184989766],[128.63065137839246,42.03718229773433],[128.67645180464498,42.01183377793221],[128.74457269179274,42.05126480873551],[128.91328059102676,42.009721401282036],[129.06343641886735,42.15031180277714],[129.16315380260707,42.162751354161514],[129.2063453438199,42.23574570285098],[129.1764881039211,42.25968597155298],[129.2567837879208,42.329863818042185],[129.24286973437572,42.3796220235797],[129.31620839160288,42.38267323429662],[129.33534021522735,42.439472695334715],[129.40056234121988,42.450973412652345],[129.53390535436017,42.365774221095194],[129.6089832682805,42.46153529590322],[129.70290312970974,42.42632901840028],[129.74348578588285,42.46576004920358],[129.73913764415002,42.579593679796446],[129.78464819428706,42.67957950790483],[129.76000872446764,42.70868336397393],[129.83798539954316,42.86828515532065],[129.8785680557163,42.99221125213103],[130.14641358645898,42.972026319696],[130.107570186979,42.912175647940984],[130.26120452820584,42.90396084985697],[130.2243902615345,42.78918838519735],[130.25134874027808,42.7058668617737],[130.42991242743986,42.54908157262723],[130.48440913715805,42.6183205850497],[130.5754302374321,42.42984964615057],[130.56354531669567,42.551193949277405],[130.6273180621106,42.59250264821419],[130.52673105002432,42.69741735517299],[130.45600127783686,42.683569552688496],[130.39686655027032,42.72440883459191],[130.67253873613208,42.845987846235445],[130.7710966154097,42.83777304815142],[130.82733258182105,42.880020581154966],[131.03256487161087,42.86664219570383],[131.02995598657117,42.926727575975534],[131.10909216610878,42.91428802459116],[131.1453266805491,42.958882642761566],[131.0885109619067,43.01802918896652],[131.16271924748042,43.06896093708745],[131.30388891573983,43.394736358248096],[131.2969318889673,43.499651065206876]]]}},{"type":"Feature","properties":{"adcode":"230000","name":"黑龙江省"},"geometry":{"type":"Polygon","coordinates":[[[131.2969318889673,43.499651065206876],[131.1946056201879,43.53227554902628],[131.22794137347296,43.67380478458814],[131.20562091257773,43.82753886301769],[131.2505517104837,43.89865554357365],[131.25750873725625,44.02727581071777],[131.29925089789145,44.04699132611941],[131.09807687371892,44.70980817724163],[131.05053719077327,44.7806901492809],[130.95516794876642,44.8184782204674],[130.9786479141237,44.86565463232135],[131.08967046636877,44.89405436284039],[131.13923928212313,44.944281985411266],[131.28330771153773,44.93019947441009],[131.34766020918372,44.98723364396487],[131.45984226589087,44.96118099861269],[131.6766696003016,45.11491507704224],[131.6702923257601,45.211849694433695],[131.78305413469832,45.214196779600556],[131.86537895150667,45.339531127511066],[132.00364985861086,45.25175014227037],[132.84863873535858,45.05905445007089],[132.93821045505499,45.019858127784275],[133.03763796267918,45.05647265638734],[133.13039831964633,45.12876287952673],[133.08633715008693,45.252454267820426],[133.13271732857052,45.413699018783944],[133.19909895902515,45.50382708919149],[133.40288186823736,45.593485742565676],[133.47766990604214,45.65591820800424],[133.43505811706035,45.70262520282482],[133.47853953438872,45.736423229227654],[133.4602773391108,45.83406197216917],[133.52462983675676,45.89649443760773],[133.5704302630093,45.86832941560537],[133.60898378637378,45.941089055778136],[133.6582627260126,45.93944609616133],[133.73681915331915,46.05656564598782],[133.6820325674854,46.13965246089478],[133.84726195333317,46.203023760400086],[133.9150929643654,46.272497481339244],[133.86668365307318,46.35605371327958],[133.93799317749168,46.38187165011507],[133.84175430713825,46.47246913755599],[133.91393345990332,46.59263989809941],[134.000316542329,46.632775054452765],[134.04263845519526,46.782753796615324],[134.01539010033616,46.81490886340136],[134.1469938567833,47.09608966639159],[134.22091226624153,47.11204984552626],[134.22178189458808,47.18316652608222],[134.14989261793852,47.252640247021375],[134.17743084891316,47.32892051494443],[134.30584596808959,47.42937576008619],[134.49687432821884,47.445805356254226],[134.67804690042033,47.59367172176661],[134.7751553991203,47.738252168045406],[134.66297334241315,47.82720669586952],[134.54499376339555,48.032341939453374],[134.6661619796839,48.147114404113],[134.68906219281016,48.26470337097285],[134.85632071146657,48.331360589711764],[135.07865569207223,48.39848722548406],[135.02734761962478,48.4372141307373],[134.87487278286,48.43627529667056],[134.7676186201167,48.36820982683152],[134.67833677653584,48.410926776868436],[134.50586048780002,48.42289691121944],[134.36005280169226,48.380414669699206],[134.20612858434987,48.3841700059662],[134.12902153762093,48.335115925978755],[134.03249279115198,48.339340679279104],[133.7205860908499,48.24170193633759],[133.70696191342034,48.18936193711653],[133.58550382101646,48.19241314783346],[133.54231227980364,48.116132879910396],[133.39592484146482,48.12505180354448],[133.3098316351547,48.09759090709218],[133.15416816111917,48.133266601628506],[133.04430511333618,48.109561041443186],[132.9863298902317,48.02976014576983],[132.86806043509858,47.999952164150656],[132.82370938942364,47.93939736684558],[132.7089184476768,47.96474588664772],[132.653552109612,47.92695781546121],[132.6819599689332,47.870862479973184],[132.62137586078904,47.840350372803954],[132.5845615941177,47.72651674221109],[132.49209111326604,47.71618956747689],[132.34425429434964,47.75679414086362],[132.25236356572904,47.70703593532612],[131.99089530952787,47.70281118202577],[131.95697980401175,47.665727236389316],[131.83697109218548,47.67089082375642],[131.69000390161563,47.706566518292746],[131.5821699866413,47.660328940505536],[131.53578980815774,47.73355799771167],[131.44766746903892,47.74458929799593],[131.22881100181954,47.73074149551144],[131.10706303330014,47.68732041992446],[130.95864646215267,47.73074149551144],[130.95371856818878,47.82556373625272],[130.88356854823238,47.92508014732772],[130.68587303744613,48.04595503342118],[130.6658715854751,48.125990637611224],[130.75776231409566,48.18701485194967],[130.83805799809537,48.298501397375674],[130.73022408312104,48.43275466892027],[130.73689123377807,48.51372910717704],[130.62847756657268,48.48720704479149],[130.60905586683268,48.57334507041537],[130.52209303217597,48.61653143748566],[130.61630276972073,48.79256282500042],[130.67949576290462,48.845372241254836],[130.62181041591566,48.882456186891275],[130.51107773978612,48.853352330822176],[130.451073383873,48.90428407894311],[130.23163716442255,48.86344479703969],[130.01886809562913,49.00966820293527],[129.9121936851169,49.04276210378805],[129.92088996858257,49.094632685975725],[129.77682153916794,49.18006658604955],[129.70551201474944,49.292726674059],[129.59130082523362,49.27465411827414],[129.5110051412339,49.42064281565304],[129.37302411024527,49.42205106675317],[129.3579505522381,49.3544550139475],[129.2089542288596,49.39904963211791],[129.13358643882378,49.353046762847384],[129.05271100259304,49.37205815269897],[128.9964750361817,49.457022635739435],[128.85501549180677,49.48917770252545],[128.75529810806708,49.47532990004096],[128.78370596738827,49.58658173695028],[128.71123693850768,49.561937342698215],[128.54021003034947,49.603480750151704],[128.36715398938262,49.58353052623336],[128.18250290379484,49.53635411437941],[127.96248693211336,49.59573536910105],[127.80305506857607,49.592449449867445],[127.67435007328413,49.69478236314268],[127.66565378981846,49.76918496293226],[127.5743428134289,49.784441016516865],[127.52042585594174,49.85391473745602],[127.53694879452652,49.93981805456322],[127.48766985488771,49.99990343483492],[127.50187378454831,50.05881527252319],[127.59782277878622,50.173587737182814],[127.5937645131689,50.23860199630492],[127.37171940867876,50.29023786997591],[127.32910761969697,50.332720111496144],[127.36331300132862,50.40407150056879],[127.28649583071518,50.4707287193077],[127.36389275355967,50.584797058417266],[127.29287310525669,50.65919965820683],[127.2879452112928,50.754960733014855],[127.2218534569537,50.78711579980089],[127.15228318922833,50.88968342159282],[126.91777341177072,51.05937767915704],[126.8942934464134,51.206539919119365],[126.96212445744564,51.33328251812999],[126.87429199444236,51.3194347156455],[126.91371514615341,51.25606341614018],[126.8151572668758,51.2781260167087],[126.81283825795163,51.328118930762884],[126.92125192515698,51.3605087060656],[126.8980618359152,51.40674628385281],[126.77602399128028,51.44664673168948],[126.83892710834863,51.528090586979644],[126.68674214769939,51.57831820955052],[126.72384629048625,51.626433455471215],[126.7154398831361,51.72665399209629],[126.65659503168506,51.73792000089723],[126.49687329203223,51.92686035682972],[126.44643484793133,52.02919327010497],[126.51426585896357,52.03693865115562],[126.5586169046385,52.119556049029214],[126.4965834159167,52.15781353724908],[126.29772840066835,52.20522465761972],[126.42701314819134,52.29746510467744],[126.3110627019824,52.321874790412835],[126.34961622534686,52.377031291834115],[126.26700153242298,52.470679989991964],[126.18757547676985,52.46692465372499],[126.20351866312359,52.52208115514627],[126.06698701271254,52.603759718953114],[125.9666898767418,52.615260436270745],[125.9887204615215,52.674876399509074],[126.06147936651762,52.679570569842795],[126.04495642793285,52.795751285602535],[125.95944297385374,52.760545008099584],[125.82465058013582,52.89644123926098],[125.67681376121942,52.85982671065791],[125.65536292867077,52.914279086529135],[125.72812183366688,52.94267881704819],[125.60579411291644,53.08209567595986],[125.50636660529227,53.04900177510709],[125.49825007405764,53.09218814217738],[125.1906915154884,53.195694598036056],[124.9706755438069,53.194990472486],[124.87849493907079,53.16189657163322],[124.90139515219707,53.116128410879384],[124.73036824403886,53.14405872436505],[124.6726828970499,53.20250114501995],[124.49498883823469,53.20390939612007],[124.35758755947708,53.26610715304196],[124.23323070591798,53.37829782401802],[124.11786001194007,53.34614275723199],[124.06307342610634,53.39801333941968],[123.88798825233081,53.47828365212639],[123.68826360873591,53.49635620791125],[123.6557974837974,53.53625665574792],[123.4537538312783,53.531797193930885],[123.26649386065085,53.560901049999984],[123.16706635302667,53.505744548578704],[123.05662355301264,53.506213965612076],[122.8163162532446,53.45528221749113],[122.58412548471117,53.463027598541785],[122.4394773030655,53.441199706489954],[122.3499055833691,53.49940741862817],[122.16931276339864,53.471007688109125],[122.09597410617148,53.421718899605],[121.87103024052612,53.426647778455404],[121.49303178588494,53.33370320584761],[121.67420435808643,53.237003296972844],[121.65855104784822,53.16846841010043],[121.73971636019448,53.147814060632044],[121.81334489353716,53.06238016055822],[121.70319196963865,52.99642706736935],[121.61448987828882,52.851142495540515],[121.37360282628971,52.68449944869322],[121.3124389659145,52.67675406764256],[121.18315421839151,52.59554492086909],[121.3164972315318,52.572074069200454],[121.34606459531508,52.533112455430526],[121.5107142289318,52.45870985564096],[121.63796984364612,52.44321909353967],[121.71130850087329,52.3155376604623],[121.91943955181836,52.28267846812621],[122.08206005262642,52.419044116320975],[122.15771771877775,52.514805191129],[122.20177888833715,52.466455236691615],[122.30381528100102,52.47443532625894],[122.33918016709475,52.409890484170205],[122.47397256081265,52.34886626983176],[122.46237751619176,52.300046898361],[122.58238622801804,52.26624887195817],[122.65514513301414,52.28173963405946],[122.78356025219057,52.25052340134019],[122.73167242751205,52.14865990509831],[122.62963603484818,52.13481210261382],[122.666160425404,51.97591443681718],[122.7113810994255,51.975445019783805],[122.69369865637863,51.88813345157648],[122.76587780914369,51.76937094213319],[122.74210796767086,51.739093543480664],[122.88095862700608,51.5478061023813],[122.85110138710728,51.47246466852498],[123.00821424172041,51.30511749612762],[123.06097169474549,51.31849588157874],[123.30098911839801,51.26521704829095],[123.57492204756666,51.2917391106765],[123.71551196359502,51.39759265170204],[123.85030435731292,51.353467450565006],[123.92074425338485,51.300188617277215],[124.084524258655,51.34055848214726],[124.22627367914544,51.34173202473069],[124.30164146918125,51.28704494034278],[124.3967208350726,51.27178888675817],[124.41817166762125,51.34290556731413],[124.4938293337726,51.381632472567375],[124.62282420518005,51.32365946894585],[124.84602881413228,51.37858126185046],[124.9367600382908,51.442421978389135],[124.91704846243528,51.49922143942723],[125.0405356876478,51.526917044396214],[125.09590202571258,51.65671085412376],[125.12141112387854,51.633240002455125],[125.35939941472242,51.6163409892537],[125.56840009401405,51.44922852537303],[125.69507595649733,51.317087630478625],[125.74986254233106,51.226020726004336],[125.84639128880002,51.206539919119365],[126.05278308305193,51.03567211897172],[126.06118949040209,50.964790146932444],[125.95161631873464,50.89883705374358],[125.88291567935583,50.80424952151898],[125.75305117960181,50.75167481378125],[125.8217518189806,50.559917955648515],[125.62115754703913,50.44185957175529],[125.52781743784092,50.41909284563671],[125.52346929610809,50.32919948374585],[125.45592816119137,50.29352378920953],[125.4292595585633,50.20222217621854],[125.25243512809466,50.10223634811017],[125.32345477639764,50.06350944285691],[125.22605640158213,49.95742119331469],[125.18286486036928,49.95789061034806],[125.23765144620302,49.87081375065743],[125.172719196326,49.82809680062053],[125.21996900315615,49.78936989536727],[125.21243222415256,49.66732146669038],[125.13358592073048,49.67248505405749],[125.1350353013081,49.620379763353114],[125.2205487553872,49.593622992450875],[125.21996900315615,49.487300034391964],[125.26287066825347,49.453267299472444],[125.25707314594302,49.31995286199461],[125.21214234803705,49.18734255006683],[125.11155533595078,49.12491008462827],[124.89878626715736,49.18124012863298],[124.80225752068841,49.11387878434401],[124.82283872489049,49.07374362799064],[124.64775355111499,48.83246327283709],[124.60717089494185,48.748202915346695],[124.59412646974334,48.62944040590341],[124.51817892747647,48.54424121434627],[124.5457171584511,48.46091969092262],[124.50049648442962,48.44284713513778],[124.57615415058095,48.297797271825615],[124.52165744086275,48.14758382114637],[124.41208426919528,48.087029023841296],[124.47150887287737,48.16518695989784],[124.31091750487798,48.34426955812951],[124.2958439468708,48.51654560937729],[124.25236252954245,48.53461816516213],[124.07611785130484,48.43627529667056],[123.7360931677971,48.191474313766705],[123.5691245252562,48.04079144605409],[123.29345233939443,47.95183691822996],[123.1609789546007,47.78167324363237],[122.84269497975713,47.672533783373225],[122.75602202121594,47.61104015200141],[122.5873141219819,47.54508705881254],[122.5015107917873,47.3998024869837],[122.41164919597534,47.34816661331271],[122.5470213419243,47.173543476898075],[122.62035999915147,47.11557047327655],[122.84704312148997,47.068394061422595],[122.77196520756968,47.00079800861694],[122.79631480127355,46.935314332461445],[122.88936503435623,46.95855047561339],[122.90096007897714,46.805755231250586],[123.01951941022577,46.721964290793565],[123.17083474252846,46.75341523202954],[123.2282302134019,46.86138114970525],[123.36766062496815,46.83556321286976],[123.398097617098,46.93343666432796],[123.52187471842606,46.95456043082973],[123.47752367275115,46.85786052195496],[123.61608445597084,46.84635980463733],[123.62536049166755,46.727597295194045],[123.59782226069292,46.68793155587406],[123.27084200238369,46.65976653387169],[123.2218529388604,46.586537476665555],[123.0392309860813,46.61540662421797],[122.9966191970995,46.57339379973112],[123.00502560444966,46.43303810675269],[123.13546985643472,46.296203041524564],[123.15894982179205,46.23940358048647],[123.28040791419592,46.24832250412055],[123.53781790477979,46.233301159052616],[123.77319731058395,46.26240501512173],[123.89378577464127,46.302070754441715],[123.94944198882158,46.23987299751984],[124.02654903555052,46.014552821500956],[123.95958765286485,45.939915513194705],[124.0561163993338,45.88358546918998],[124.05785565602693,45.79439623284918],[124.00509820300186,45.780783138881375],[124.1338031982938,45.6805626022563],[124.16018192480634,45.612262423900575],[124.21815714791082,45.631743230785546],[124.28801729175171,45.53668628152758],[124.34918115212693,45.54396224554486],[124.39382207391738,45.43763928748595],[124.47556713849468,45.45336475810393],[124.5431082734114,45.409239556966895],[124.62543309021976,45.434118659735645],[124.83559327397347,45.45266063255387],[124.88023419576393,45.43716987045258],[124.91009143566274,45.5397374922445],[125.02227349236989,45.489509869673626],[125.06807391862242,45.37825803276431],[125.2425793401669,45.41628081246749],[125.34026759109794,45.39069758414868],[125.40288083205078,45.42332206796809],[125.4173746378269,45.48692807599008],[125.48578540109017,45.46533489245493],[125.61478027249763,45.51955255980948],[125.68348091187644,45.513215429858946],[125.71101914285106,45.397034714099206],[125.6881189297248,45.35220538741213],[125.74725365729137,45.295171217857344],[125.90987415809941,45.19401184716553],[126.15887774133313,45.13110996469359],[126.24410131929672,45.14096772239442],[126.4174472363791,45.23039166725191],[126.61659212774296,45.23344287796884],[126.7841405225149,45.135100009477256],[126.95081928894027,45.13744709464413],[126.96067507686803,45.081821176189464],[127.08677118712026,44.945690236511396],[127.01633129104833,44.896870865040626],[126.97835751991491,44.82293768228443],[127.03488336244176,44.710277594275],[127.0209693088967,44.598791048848994],[127.17025550839071,44.63775266261892],[127.38389420553071,44.63000728156827],[127.55202235253368,44.57133015239668],[127.45781261498891,44.47908970533895],[127.47723431472892,44.39975822669898],[127.61811410687278,44.2755974213719],[127.58448847747219,44.2258392158344],[127.67492982551516,44.16481500149595],[127.71319347276412,44.20025598751559],[127.72275938457636,44.0969842401736],[127.90741047016412,44.062716796737405],[128.08278552005515,44.12913930695963],[128.0949603169071,44.288036972756274],[128.04365224445962,44.346948810444545],[128.15931281455306,44.34131580604408],[128.20569299303665,44.430270333868194],[128.36599448492052,44.51194889767504],[128.45556620461693,44.432148002001696],[128.47527778047245,44.37347087283011],[128.44397115999604,44.20096011306565],[128.56861788967066,44.04534836650261],[128.63036150227694,43.88903249438951],[128.71935346974232,43.891144871039685],[128.7126863190853,43.815803437183376],[128.86979917369842,43.54142918117705],[129.00922958526468,43.521713665775394],[129.2234480346357,43.592830346331354],[129.2051858393578,43.782474827813914],[129.39969271287333,43.81697697976681],[129.49100368926287,43.877766485588566],[129.64608741106736,43.869786396021226],[129.7736329018972,43.893022539173174],[129.77798104363004,43.962261551595645],[129.92929637593272,44.025398142584265],[129.99335899746316,43.99605957799848],[130.01944784786016,43.852417965786444],[130.09307638120285,43.84162137401887],[130.18322785313032,43.93879069992701],[130.2490297313539,43.945362538394235],[130.31106322007568,44.03619473435184],[130.35831302690582,44.041358321718945],[130.3293254153536,43.956393838678494],[130.3736764610285,43.90804388424111],[130.37251695656641,43.77895420006362],[130.41599837389478,43.741870254427184],[130.40962109935327,43.647517430719276],[130.48180025211838,43.652915726603055],[130.62383954872433,43.58086021198035],[130.7218176757709,43.556919943278345],[130.8163172894312,43.500355190756935],[130.8542910605646,43.4358103486682],[131.01952044641237,43.505988195157414],[131.13489114039027,43.42290138025045],[131.2969318889673,43.499651065206876]]]}},{"type":"Feature","properties":{"adcode":"310000","name":"上海市"},"geometry":{"type":"MultiPolygon","coordinates":[[[[121.87479863002791,31.635135546712668],[121.56173242526374,31.71939590420306],[121.42607040319928,31.7719706119408],[121.37012431290344,31.849189713930606],[121.30142367352465,31.87242585708255],[121.21880898060076,31.847312045797114],[121.09706101208137,31.765164064956895],[121.3822991097554,31.54711985295529],[121.31997574491808,31.50182110923483],[121.14286143833391,31.445256356713422],[121.10198890604525,31.366394295106815],[121.12546887140256,31.304431246701622],[121.05763786037032,31.269929094748733],[121.07271141837748,31.16313671965645],[121.03618702782167,31.139665867987816],[120.87559565982227,31.13614524023752],[120.89733636848645,31.0197298159611],[120.9538622110133,31.03099582476204],[120.99792338057271,30.9819417447746],[120.9848789553742,30.835718338879012],[121.11590295959033,30.85167851801368],[121.12257011024734,30.781265963007783],[121.21446083886792,30.788307218508372],[121.26779804412405,30.691607309633604],[121.34693422366166,30.704985695084723],[121.42751978377689,30.769765245690152],[121.65942067619477,30.845576096579837],[121.8875531791109,30.848157890263387],[121.97248688095894,30.885007127383144],[121.97393626153655,30.920448113402777],[121.89190132084373,31.074416900349014],[121.91972942793387,31.095540666850784],[121.77305211347955,31.216415552944248],[121.8356653544324,31.224865059544953],[121.85450730194134,31.29879824230115],[121.96263109303119,31.29551232306754],[122.08930695551447,31.2635919647982],[122.10496026575268,31.32039142583629],[121.94176001271359,31.336351604970965],[121.87334924945029,31.363108375873207],[121.88262528514701,31.441970437479814],[121.95973233187595,31.54970164663884],[121.87479863002791,31.635135546712668]]],[[[121.97625527046074,31.227446853228503],[121.93451310982552,31.196700037542595],[121.99683647466283,31.15421779602237],[122.03886851141357,31.194587660892417],[121.97625527046074,31.227446853228503]]],[[[121.88523417018672,31.244580574946607],[121.91451165785448,31.200924790842947],[121.92117880851148,31.230967480978798],[121.88523417018672,31.244580574946607]]]]}},{"type":"Feature","properties":{"adcode":"320000","name":"江苏省"},"geometry":{"type":"MultiPolygon","coordinates":[[[[119.29577083022531,35.09074903788557],[119.23808548323635,35.127128857971954],[119.12706293099129,35.0970861678361],[119.12097553256532,35.05507334334925],[118.90501782650114,35.05037917301552],[118.85486925851578,35.02456123618003],[118.85284012570712,34.93889262758951],[118.79399527425608,34.875521328084204],[118.76906592832114,34.79783280906103],[118.70471343067518,34.75136052275713],[118.77196468947636,34.72202195817134],[118.67427643854532,34.679539716651114],[118.52556999128235,34.71498070267075],[118.45541997132594,34.65724240756592],[118.41773607630802,34.57603326079244],[118.43338938654622,34.527918014871744],[118.40382202276295,34.43473873374727],[118.294538727211,34.42605451862987],[118.16496410357252,34.38239873452622],[118.17163125422952,34.455627791732354],[118.12148268624415,34.48613989890157],[118.18380605108146,34.544817028073155],[118.07220374660535,34.57110438194203],[118.09568371196266,34.65653828201585],[118.00988038176804,34.64949702651526],[117.94581776023759,34.67907029961774],[117.89769832506087,34.6455069817316],[117.78580614446923,34.64621110728166],[117.79131379066416,34.522754427504644],[117.67855198172596,34.54786823879008],[117.58318273971909,34.463373172783],[117.48230585151731,34.470649136800276],[117.39679239743822,34.57016554787528],[117.34635395333731,34.585186892943206],[117.26257975595135,34.53425514482227],[117.23504152497672,34.44553532551484],[117.16837001840658,34.50820249947009],[117.12285946826955,34.644802856181535],[117.05212969608209,34.65466061388236],[117.07474003309284,34.70160231721963],[116.98922657901375,34.80158814532801],[116.9628478525012,34.87012303220042],[116.80979326350538,34.92786132730525],[116.69964033960689,34.93701495945602],[116.4393315878678,34.896175677552606],[116.40802496739138,34.86284706818314],[116.36976132014243,34.63705747513089],[116.42483778209167,34.652313528715496],[116.48919027973764,34.566644920124986],[116.59528493801884,34.50562070578654],[116.56658720258213,34.48731344148501],[116.76863085510121,34.45468895766561],[116.82834533489883,34.38591936227651],[116.9654567375409,34.39272590926041],[116.97734165827733,34.27842286163417],[117.04372328873195,34.24509425226471],[117.01995344725913,34.16857927582497],[117.12372909661613,34.12703586837148],[117.14373054858717,34.079859456517525],[117.30780042997284,34.06577694551635],[117.35244135176328,34.08877838015161],[117.40867731817463,34.02235586992938],[117.50375668406596,34.06225631776606],[117.55883314601522,33.979638919892466],[117.60115505888149,34.035264838347125],[117.6646379281809,33.996068516060504],[117.70435095600746,33.88317371953438],[117.75334001953073,33.88645963876799],[117.7542096478773,33.71817363230389],[117.81885202163879,33.73882798177229],[117.9472671408152,33.73131730923832],[118.11046739385431,33.77027892300825],[118.1803275376952,33.74610394578956],[118.16293497076386,33.66536421604946],[118.10640912823699,33.61795309567882],[118.10119135815759,33.47689327715034],[118.04437563951521,33.49355758183506],[118.00843100119042,33.35695722512362],[117.93886073346505,33.22645928984602],[118.06698597652596,33.142198932355626],[118.14525252771699,33.17083337139135],[118.1727907586916,33.21800978324531],[118.21772155659758,33.17717050134189],[118.23917238914623,32.99691436052678],[118.28671207209192,32.949268531639454],[118.22235957444593,32.92509355442076],[118.24612941591877,32.84670090984753],[118.27830566474177,32.85937516974859],[118.31743894033728,32.76384880345725],[118.36497862328295,32.72066243638697],[118.43918690885668,32.74178620288873],[118.57571855926773,32.724183064137264],[118.6322444017946,32.747888624322584],[118.69978553671129,32.72324423007052],[118.74065806899995,32.858436335681844],[118.8087789561477,32.861956963432135],[118.8435640900104,32.96006512340703],[118.92936742020503,32.93941077393863],[118.99661867900622,32.96335104264064],[119.01546062651516,32.908194541219345],[119.09459680605278,32.833557232913094],[119.17953050790084,32.827689519995936],[119.2050396060668,32.7286425259543],[119.2061991105289,32.57044898570771],[119.17982038401635,32.60072638436024],[119.13315032941725,32.49440342630134],[119.07169659292651,32.45520710401472],[119.03488232625517,32.51599660983648],[118.96966020026264,32.50778181175246],[118.89748104749756,32.58593974780901],[118.83950582439309,32.56951015164097],[118.71456921860295,32.612227101677874],[118.59716939181638,32.60072638436024],[118.59311112619906,32.47891266420004],[118.68587148316622,32.47515732793306],[118.67340681019877,32.39629526632645],[118.70297417398204,32.33996522232173],[118.65282560599667,32.304993653335465],[118.63920142856712,32.21228378924437],[118.49194436188176,32.18200639059182],[118.49571275138354,32.12426809548699],[118.38961809310236,32.078734643249845],[118.37773317236594,31.90974451123568],[118.47310241437279,31.885100116983615],[118.47803030833668,31.783001912225057],[118.54760057606205,31.731835455587436],[118.63717229575846,31.761408728689915],[118.68529173093518,31.722916531953356],[118.63862167633607,31.655085770631008],[118.73167190941876,31.63677850632947],[118.76906592832114,31.68418962670011],[118.79892316821994,31.6208183271948],[118.8551591346313,31.628328999728765],[118.88240748949039,31.531394382337307],[118.87632009106443,31.44995052704715],[118.80530044276145,31.373200842090718],[118.74036819288443,31.374609093190838],[118.71456921860295,31.32391205358659],[118.78993700863876,31.23167160652886],[118.86501492255906,31.244580574946607],[119.10039432836322,31.237774027962704],[119.15286190527277,31.296685865650975],[119.23402721761904,31.256081292264238],[119.34128138036232,31.26500021589832],[119.35809419506262,31.199985956776203],[119.45520269376262,31.15844254932272],[119.61782319457066,31.13051223583705],[119.66304386859215,31.16571851334],[119.77522592529932,31.182382818024728],[119.80276415627395,31.1502277512387],[119.90827906232408,31.170882100707097],[119.98973425078589,31.03451645251234],[120.14452809647483,30.939459503254373],[120.2204756387417,30.9286629114868],[120.36541369650288,30.950256095021942],[120.36106555477005,30.882190625182908],[120.41962053010556,30.902844974651305],[120.49933646187422,30.7603769050227],[120.55934081778736,30.83783071552919],[120.65152142252347,30.85003555839688],[120.7089168933969,30.887823629583377],[120.70340924720198,30.973961655207262],[120.76892124931004,31.00353492830974],[120.86139173016167,30.99273833654217],[120.89733636848645,31.0197298159611],[120.87559565982227,31.13614524023752],[121.03618702782167,31.139665867987816],[121.07271141837748,31.16313671965645],[121.05763786037032,31.269929094748733],[121.12546887140256,31.304431246701622],[121.10198890604525,31.366394295106815],[121.14286143833391,31.445256356713422],[121.31997574491808,31.50182110923483],[121.3822991097554,31.54711985295529],[121.09706101208137,31.765164064956895],[121.21880898060076,31.847312045797114],[121.30142367352465,31.87242585708255],[121.37012431290344,31.849189713930606],[121.42607040319928,31.7719706119408],[121.56173242526374,31.71939590420306],[121.87479863002791,31.635135546712668],[121.88204553291597,31.69076146516733],[121.95538419014312,31.73629491740448],[121.86987073606403,31.849424422447292],[121.82638931873566,31.958563882706436],[121.73362896176852,32.019118680011516],[121.75131140481537,32.04118128058003],[121.519700388513,32.13482997873787],[121.43998445674434,32.133891144671125],[121.4121563496542,32.19726244417644],[121.48201649349508,32.21627383402803],[121.4188235003112,32.314851411036294],[121.41331585411629,32.40333652182704],[121.11097506562643,32.54111042112192],[121.0405351695545,32.588521541492554],[120.95183307820466,32.60776763986084],[120.9445861753166,32.68709911850082],[120.90168451021928,32.68780324405088],[120.95936985720823,32.76150171829039],[120.96864589290496,32.87603947443332],[120.9329911306957,32.90232682830219],[120.90284401468136,33.02132404626216],[120.86081197793064,33.055591489698365],[120.82341795902823,33.178109335408635],[120.72370057528855,33.34850771852291],[120.70543838001063,33.42525740347934],[120.65181129863899,33.49731291810205],[120.54165837474049,33.555755338756946],[120.5805017742205,33.5942475354935],[120.56600796844437,33.69024331881822],[120.48774141725332,33.80947524529488],[120.36483394427184,34.050286183415054],[120.32338165975213,34.10309559966947],[120.26221779937691,34.309404385836764],[120.09727828964469,34.37089801720859],[120.00886607441035,34.42535039307981],[119.7917488638841,34.4668938005333],[119.72217859615873,34.5234585530547],[119.64681080612291,34.522285010471265],[119.6389841510038,34.56218545830795],[119.44940517145217,34.675549671867444],[119.4989739872065,34.728124379605184],[119.37229812472322,34.749013437590264],[119.19257493309934,34.83515146321415],[119.21431564176352,35.040756123831386],[119.29577083022531,35.09074903788557]]],[[[119.45114442814531,34.77013720409204],[119.37548676199395,34.76403478265819],[119.4627394727662,34.751125814240446],[119.45114442814531,34.77013720409204]]],[[[121.56608056699658,32.22918280244578],[121.55680453129986,32.21627383402803],[121.56695019534314,32.1773122202581],[121.56608056699658,32.22918280244578]]],[[[121.40606895122822,32.522333739787015],[121.43041854493211,32.52280315682039],[121.42433114650613,32.532191497487844],[121.40606895122822,32.522333739787015]]]]}},{"type":"Feature","properties":{"adcode":"330000","name":"浙江省"},"geometry":{"type":"MultiPolygon","coordinates":[[[[120.43179532695751,27.167693640104975],[120.51933791384528,27.19609337062402],[120.55673193274765,27.31462117155062],[120.5262949406178,27.326356597384937],[120.54745589705094,27.406392201574977],[120.64659352855959,27.366022336704926],[120.66398609549094,27.486193097248332],[120.61093876635033,27.574208791005706],[120.67442163564974,27.6378147990277],[120.69094457423452,27.717850403217742],[120.74747041676139,27.723013990584843],[120.78950245351211,27.791314168940566],[120.83124461414735,27.76807802578862],[120.97125477794467,27.939884660003017],[121.00661966403838,28.090567527715642],[121.09184324200197,28.145724029136932],[121.14720958006674,28.34240976612008],[121.1854732273157,28.36048232190493],[121.18112508558286,28.387708509840543],[121.21909885671629,28.345930393870375],[121.23794080422525,28.274344296281043],[121.19416951078136,28.169429589322252],[121.12923726090435,28.135866271436104],[121.15474635907032,28.04010519662808],[121.28548048717091,28.089863402165584],[121.38490799479509,28.175532010756097],[121.45998590871538,28.327153712535466],[121.577965487733,28.301570484216658],[121.61362024994224,28.255567614946134],[121.66521819850523,28.347808062003864],[121.61738863944404,28.348277479037236],[121.65942067619477,28.403668688975213],[121.59535805466433,28.42948662581071],[121.64956488826702,28.459294607429875],[121.54289047775478,28.652459716662726],[121.49158240530733,28.69517666669964],[121.6597105523103,28.71747397578484],[121.6765233670106,28.862758547613684],[121.53448407040463,28.954060160604666],[121.65391302999986,28.89890365918338],[121.70609073079387,28.944671819937213],[121.6388394719927,29.104038902767236],[121.5081053438921,29.121407333002026],[121.46317454598613,29.155909484954915],[121.59738718747299,29.141592265437048],[121.5249181585924,29.18829926025763],[121.59970619639716,29.268804281481042],[121.62695455125628,29.187829843224257],[121.70464135021626,29.13196921625291],[121.75623929877926,29.160603655288643],[121.78870542371776,29.32912437026943],[121.80435873395598,29.30471468453405],[121.78957505206432,29.167879619305918],[121.84726039905328,29.1613077808387],[121.94031063213598,29.200034686091946],[121.98958957177477,29.2746719943982],[121.92494719801329,29.285938003199146],[121.92552695024432,29.38615853982421],[121.98437180169537,29.45516284372999],[121.95480443791209,29.51102347070134],[121.99103895235238,29.584252527907477],[121.95596394237418,29.632837190861547],[121.79624220272134,29.604906877375875],[121.74348474969628,29.545995039687604],[121.82638931873566,29.547168582271034],[121.80174984891627,29.475582484681702],[121.72493267830284,29.541300869353876],[121.53303468982702,29.46243880774727],[121.5028875738127,29.492012080849747],[121.46839231606553,29.421599525843845],[121.42751978377689,29.460795848130463],[121.45534789086702,29.51360526438489],[121.56868945203627,29.548107416337782],[121.64115848091687,29.546464456720976],[121.86494284210015,29.697616741466977],[121.9005976043094,29.749487323654655],[121.99103895235238,29.76403925168921],[122.02321520117536,29.823889923444224],[122.13829601903774,29.88115880151569],[121.95770319906731,29.887730639982905],[121.91335215339238,29.922467500452484],[121.70319196963865,29.985838799957794],[121.59854669193508,30.098968305000607],[121.51796113181986,30.219608482577385],[121.27098668139479,30.404324085209527],[121.2272153879509,30.367240139573088],[121.25707262784971,30.685270179683073],[121.26779804412405,30.691607309633604],[121.21446083886792,30.788307218508372],[121.12257011024734,30.781265963007783],[121.11590295959033,30.85167851801368],[120.9848789553742,30.835718338879012],[120.99792338057271,30.9819417447746],[120.9538622110133,31.03099582476204],[120.89733636848645,31.0197298159611],[120.86139173016167,30.99273833654217],[120.76892124931004,31.00353492830974],[120.70340924720198,30.973961655207262],[120.7089168933969,30.887823629583377],[120.65152142252347,30.85003555839688],[120.55934081778736,30.83783071552919],[120.49933646187422,30.7603769050227],[120.41962053010556,30.902844974651305],[120.36106555477005,30.882190625182908],[120.36541369650288,30.950256095021942],[120.2204756387417,30.9286629114868],[120.14452809647483,30.939459503254373],[119.98973425078589,31.03451645251234],[119.90827906232408,31.170882100707097],[119.80276415627395,31.1502277512387],[119.77522592529932,31.182382818024728],[119.66304386859215,31.16571851334],[119.61782319457066,31.13051223583705],[119.62564984968978,31.009637349743585],[119.54796305072978,30.902844974651305],[119.57376202501126,30.831258877061973],[119.47723327854231,30.777041209707427],[119.4847700575459,30.721180582736082],[119.40563387800829,30.64560444036308],[119.38476279769068,30.691372601116917],[119.30765575096173,30.62330713127788],[119.23402721761904,30.60852049472664],[119.2659135903265,30.512055294368558],[119.32562807012411,30.535760854553878],[119.36244233679545,30.387894489041486],[119.25895656355397,30.339309826087415],[119.23170820869487,30.29541933346707],[119.05778253938144,30.30504238265121],[118.935454818631,30.355270005222085],[118.87574033883338,30.317481934035584],[118.87950872833517,30.243079334246016],[118.92241039343249,30.203883011959398],[118.8435640900104,30.165860232256215],[118.89603166691995,30.03090283516157],[118.88646575510771,29.93795826255378],[118.74848472411907,29.845483106979366],[118.74065806899995,29.741976651120694],[118.63746217187398,29.64363378262912],[118.56876153249519,29.640347863395508],[118.49455324692146,29.57885423202369],[118.47368216660385,29.51149288773471],[118.30613377183191,29.50022687893377],[118.3099021613337,29.425589570627515],[118.24323065476355,29.433334951678162],[118.18757444058326,29.39695513159178],[118.20177837024386,29.346258091987533],[118.16293497076386,29.283825626548968],[118.07249362272087,29.293683384249793],[118.07713164056923,29.220689035560344],[118.03654898439609,29.21388248857644],[118.03075146208565,29.101457109083686],[118.09452420750057,28.9930217743746],[118.1220624384752,29.018839711210095],[118.26642074400534,28.920262134201835],[118.30062612563698,28.82661343604399],[118.37686354401937,28.792345992607782],[118.42295384638743,28.68438007493207],[118.4070106600337,28.55881101850488],[118.47310241437279,28.477836580248095],[118.43570839547041,28.394515056824446],[118.46933402487102,28.341236223536647],[118.42875136869787,28.291712726515833],[118.43889703274115,28.25462878087939],[118.57629831149876,28.290304475415713],[118.6713776773901,28.27387487924767],[118.69746652778713,28.314479452634405],[118.72935290049458,28.257445283079626],[118.79602440706472,28.245475148728623],[118.75631137923816,28.173654342622605],[118.80617007110801,28.15159174205409],[118.71340971414085,28.064045465330086],[118.73196178553428,27.968753807555434],[118.81631573515129,27.909137844317105],[118.90820646377189,27.623732288026524],[118.87255170156263,27.519756415134477],[118.89893042807518,27.465069330746562],[118.95429676613995,27.453333904912245],[118.98589326273188,27.506378029683354],[119.11691726694801,27.439251393911064],[119.26301482917128,27.424464757359825],[119.34070162813128,27.524215876951516],[119.46505848169038,27.527736504701814],[119.49665497828232,27.65260143557894],[119.64014365546589,27.663867444379886],[119.628548610845,27.584535965739907],[119.70391640088081,27.514827536284063],[119.6856542056029,27.433618389510592],[119.77667530587694,27.3338672699189],[119.76363088067842,27.311804669350384],[119.93233877991244,27.31978475891772],[119.99553177309633,27.382686641389657],[120.04597021719722,27.340439108386118],[120.13061404292975,27.42540359142657],[120.24830374583183,27.441833187594614],[120.26859507391842,27.391136147990366],[120.33613620883511,27.401932739757935],[120.34425274006975,27.351235700153687],[120.4265775568781,27.258995253095957],[120.39179242301543,27.24538215912815],[120.43179532695751,27.167693640104975]]],[[[122.3203382195858,30.03231108626169],[122.29019110357147,30.10201951571753],[122.15018093977417,30.11234669045173],[122.10003237178879,30.157880142688878],[122.04611541430162,30.14731825943799],[121.94871703948611,30.184871622107806],[121.97654514657626,30.05719018903044],[122.02611396233058,29.99381888952513],[122.06582699015715,30.010952611243233],[122.16293548885716,29.99452301507519],[122.3151204495064,29.944530101020998],[122.3203382195858,30.03231108626169]]],[[[122.1246718416082,29.79150014814151],[122.04785467099477,29.722730552752413],[122.16061647993297,29.66217575544734],[122.19540161379567,29.712872795051588],[122.1246718416082,29.79150014814151]]],[[[122.19047371983177,30.32804381728647],[122.05365219330523,30.305277091167895],[122.12873010722551,30.25833538783063],[122.2232297208858,30.246365253479627],[122.19047371983177,30.32804381728647]]],[[[121.97857427938493,29.150276480554442],[121.94378914552223,29.184778632507335],[121.87711763895209,29.14722526983752],[121.95770319906731,29.05756661646334],[121.97857427938493,29.150276480554442]]],[[[122.41715684217027,29.948754854321354],[122.32323698074103,29.93232525815331],[122.39077811565774,29.855340864680194],[122.41715684217027,29.948754854321354]]],[[[121.87595813448999,30.09357000911682],[121.84697052293777,30.10201951571753],[121.85044903632402,30.066343821181206],[121.83769448724104,30.048975390946417],[121.83624510666343,30.000625436509033],[121.8681314793709,29.969643912306438],[121.92842571139954,30.001094853542405],[121.87595813448999,30.09357000911682]]],[[[122.42208473613417,30.431550273145145],[122.27714667837297,30.475440765765487],[122.31338119281327,30.412773591810236],[122.42208473613417,30.431550273145145]]],[[[122.21975120749954,29.83421709817842],[122.3058444138097,29.771315215706483],[122.28062519175924,29.846187232529424],[122.21975120749954,29.83421709817842]]],[[[121.8605947003673,29.144174059120598],[121.7840674058694,29.11342724343469],[121.8707403644106,29.08972168324937],[121.8605947003673,29.144174059120598]]],[[[122.484697977087,30.71179224206863],[122.44527482537595,30.744886142921402],[122.42208473613417,30.693250269250406],[122.484697977087,30.71179224206863]]],[[[122.28178469622134,30.22946624027821],[122.41628721382371,30.248477630129802],[122.33135351197566,30.271244356248378],[122.31309131669775,30.25059000677998],[122.27714667837297,30.243783459796077],[122.28178469622134,30.22946624027821]]],[[[122.25163758020699,29.75183440882152],[122.25366671301566,29.777417637140328],[122.21308405684252,29.77084579867311],[122.25163758020699,29.75183440882152]]],[[[121.18025545723629,27.857736679162798],[121.12228023413181,27.850930132178895],[121.10488766720047,27.818775065392867],[121.18025545723629,27.857736679162798]]],[[[121.97625527046074,29.898761940267164],[121.96002220799149,29.95344902465508],[121.92204843685806,29.930212881503135],[121.97625527046074,29.898761940267164]]],[[[121.07184179003093,27.97743802267283],[121.03589715170614,27.960539009471415],[121.13387527875271,27.95631425617106],[121.07184179003093,27.97743802267283]]],[[[122.17337102901595,30.193321128708515],[122.16032660381745,30.14051171245409],[122.20119913610611,30.189331083924845],[122.17337102901595,30.193321128708515]]],[[[121.99538709408522,30.309736552984937],[121.98321229723328,30.343065162354396],[121.92291806520461,30.31020597001831],[121.99538709408522,30.309736552984937]]],[[[122.24207166839476,29.956265526855315],[122.21714232245984,29.956734943888687],[122.26555163375207,29.93795826255378],[122.24207166839476,29.956265526855315]]],[[[122.05249268884313,29.19088105394118],[122.03510012191178,29.208953609726027],[122.03220136075656,29.155909484954915],[122.05249268884313,29.19088105394118]]],[[[122.22496897757894,29.71193396098484],[122.2049675256079,29.714281046151704],[122.22178034030819,29.69925970108378],[122.22496897757894,29.71193396098484]]],[[[122.1040906374061,30.624011256827938],[122.03741913083596,30.642553229646158],[122.08959683162999,30.604295741426284],[122.1040906374061,30.624011256827938]]],[[[122.39976427523894,30.026678081861217],[122.3774438143437,30.02503512224441],[122.36932728310909,29.984665257374363],[122.39976427523894,30.026678081861217]]],[[[121.03821616063033,27.877686903081138],[121.03038950551121,27.84975658959546],[121.07416079895509,27.858440804712856],[121.03821616063033,27.877686903081138]]],[[[121.81624365469239,29.101222400567],[121.7866762909091,29.078220965931738],[121.82870832765985,29.054280697229732],[121.81624365469239,29.101222400567]]],[[[121.05328971863749,27.48689722279839],[121.06111637375659,27.465538747779934],[121.10082940158316,27.44793560902846],[121.05328971863749,27.48689722279839]]],[[[121.95799307518283,30.10389718385102],[121.9072647549664,30.09685592835043],[121.94060050825149,30.06869090634807],[121.95799307518283,30.10389718385102]]],[[[121.19387963466585,28.002317125441582],[121.18141496169838,27.967345556455317],[121.21764947613867,27.991755242190695],[121.19387963466585,28.002317125441582]]],[[[122.29598862588193,30.272183190315122],[122.25076795186044,30.241905791662585],[122.31106218388908,30.252937091946844],[122.29598862588193,30.272183190315122]]],[[[122.31338119281327,29.880219967448944],[122.27917581118163,29.87529108859853],[122.30236590042341,29.852759070996644],[122.31338119281327,29.880219967448944]]],[[[121.14605007560465,27.899984212166338],[121.10749655224018,27.89083058001557],[121.1077864283557,27.868063853897],[121.14605007560465,27.899984212166338]]],[[[121.89306082530581,28.502715683016845],[121.89306082530581,28.480887790965017],[121.91306227727686,28.49919505526655],[121.89306082530581,28.502715683016845]]],[[[122.0548116977673,30.194025254258573],[122.01277966101657,30.18651458172461],[122.03538999802731,30.167737900389703],[122.0548116977673,30.194025254258573]]],[[[122.13829601903774,29.976919876323713],[122.19134334817835,29.962837365322535],[122.16293548885716,29.99053297029152],[122.13829601903774,29.976919876323713]]],[[[121.80406885784045,28.702687339233602],[121.78696616702463,28.692360164499405],[121.76029756439657,28.695411375216327],[121.7840674058694,28.68179828124852],[121.80406885784045,28.702687339233602]]],[[[121.87189986887267,28.803142584375355],[121.86349346152254,28.81558213575973],[121.85276804524821,28.807602046192393],[121.87189986887267,28.803142584375355]]],[[[121.91596103843209,28.45506985412952],[121.88610379853327,28.45178393489591],[121.89045194026612,28.436293172794613],[121.91596103843209,28.45506985412952]]],[[[122.20815616287865,29.44178445827887],[122.20322826891476,29.426997821727632],[122.2206208358461,29.431926700578046],[122.20815616287865,29.44178445827887]]],[[[122.02582408621507,29.73446597858673],[122.03162160852551,29.76192687503903],[122.00930114763028,29.747374947004477],[122.02582408621507,29.73446597858673]]],[[[122.7931261640028,30.725405336036435],[122.75399288840728,30.71484345278555],[122.7852995088837,30.699587399200936],[122.7931261640028,30.725405336036435]]],[[[122.4693345429643,30.431550273145145],[122.45542048941923,30.426386685778045],[122.47078392354192,30.405967044826333],[122.4693345429643,30.431550273145145]]],[[[122.56557341331774,30.669544709065086],[122.54383270465355,30.653819238447102],[122.55919613877624,30.651237444763552],[122.56557341331774,30.669544709065086]]],[[[121.84552114236016,30.06493557008109],[121.83682485889447,30.09943772203398],[121.81798291138551,30.09192704950002],[121.84552114236016,30.06493557008109]]],[[[121.07300129449301,28.010297215008915],[121.03821616063033,27.991051116640637],[121.08372671076734,28.002317125441582],[121.07300129449301,28.010297215008915]]],[[[121.19243025408824,28.32199012516837],[121.18576310343121,28.353441066404336],[121.170109793193,28.336072636169547],[121.19243025408824,28.32199012516837]]],[[[122.8319695634828,30.718598789052532],[122.8241429083637,30.731273048953593],[122.80327182804609,30.720711165702706],[122.8319695634828,30.718598789052532]]],[[[122.03741913083596,29.93373350925343],[122.0533623171897,29.95603081833863],[122.02727346679268,29.95743906943875],[122.03741913083596,29.93373350925343]]],[[[121.70058308459896,28.901016035833557],[121.65768141950164,28.897495408083262],[121.67188534916224,28.886933524832376],[121.70058308459896,28.901016035833557]]],[[[121.87508850614343,28.750098459604242],[121.85856556755866,28.749159625537498],[121.85160854078612,28.733199446402825],[121.87508850614343,28.750098459604242]]],[[[122.68732138183714,30.85003555839688],[122.67514658498519,30.861770984231196],[122.6623920359022,30.85050497543025],[122.68732138183714,30.85003555839688]]],[[[121.15793499634107,28.210034162708986],[121.17880607665867,28.23866860174472],[121.150688093453,28.229280261077268],[121.15793499634107,28.210034162708986]]],[[[121.52781691974762,28.09784349173292],[121.52288902578374,28.10488474723351],[121.51158385727837,28.092914612882506],[121.52781691974762,28.09784349173292]]],[[[121.97306663319,29.178441502556804],[121.94900691560164,29.18947280284106],[121.9640804736088,29.169522578922724],[121.97306663319,29.178441502556804]]],[[[122.06843587519685,30.574957176840496],[122.0791612914712,30.597254485925696],[122.05104330826552,30.59068264745848],[122.06843587519685,30.574957176840496]]],[[[122.15018093977417,29.948285437287982],[122.15684809043118,29.968235661206318],[122.135107381767,29.962133239772474],[122.15018093977417,29.948285437287982]]],[[[120.52310630334705,27.167224223071603],[120.53499122408348,27.17379606153882],[120.5210771705384,27.18341911072296],[120.52310630334705,27.167224223071603]]],[[[122.08901707939894,29.987012342541227],[122.06611686627268,29.997339517275424],[122.06843587519685,29.975746333740283],[122.08901707939894,29.987012342541227]]],[[[122.68645175349056,30.182993953974314],[122.68210361175773,30.208577182293126],[122.66992881490579,30.204821846026146],[122.68645175349056,30.182993953974314]]],[[[122.12264270879953,30.610163454343443],[122.10554001798371,30.601713947742738],[122.12873010722551,30.5988974455425],[122.12264270879953,30.610163454343443]]],[[[122.3035254048855,29.925753419686092],[122.30265577653894,29.944530101020998],[122.2841037051455,29.937254137003723],[122.3035254048855,29.925753419686092]]],[[[122.76094991517982,30.127837452553027],[122.78269062384399,30.129715120686516],[122.75718152567802,30.14473646575444],[122.76094991517982,30.127837452553027]]],[[[122.49861203063207,30.21843493999395],[122.49803227840101,30.228527406211466],[122.47803082642997,30.23322157654519],[122.49861203063207,30.21843493999395]]],[[[120.98284982256556,27.665979821030064],[120.96429775117213,27.664571569929944],[120.97096490182913,27.649080807828646],[120.98284982256556,27.665979821030064]]],[[[121.791604184873,29.278192622148495],[121.79943083999208,29.294856926833226],[121.78696616702463,29.297673429033463],[121.791604184873,29.278192622148495]]],[[[121.19793790028316,27.61880340917611],[121.21620009556106,27.63405946276072],[121.20402529870913,27.634998296827465],[121.19793790028316,27.61880340917611]]],[[[120.47933500990318,27.153141712070422],[120.46860959362886,27.165111846421425],[120.4654209563581,27.152202878003678],[120.47933500990318,27.153141712070422]]],[[[122.64963748681922,30.188626958374787],[122.64644884954848,30.213036644110165],[122.63311454823446,30.2090465993265],[122.64963748681922,30.188626958374787]]],[[[121.93654224263418,28.720994603535136],[121.91306227727686,28.720290477985078],[121.91770029512523,28.708789760667447],[121.93654224263418,28.720994603535136]]],[[[121.68840828774702,29.556791631455173],[121.66898658800702,29.550219792987956],[121.69101717278673,29.544586788587484],[121.68840828774702,29.556791631455173]]],[[[122.19945987941297,30.222190276260932],[122.17540016182461,30.22946624027821],[122.19018384371626,30.215149020760343],[122.19945987941297,30.222190276260932]]],[[[122.1130767969873,29.9616638227391],[122.12351233714611,29.97598104225697],[122.11191729252522,29.9823181722075],[122.1130767969873,29.9616638227391]]],[[[122.42092523167207,30.679871883799287],[122.40527192143387,30.673534753848756],[122.42063535555656,30.671422377198578],[122.42092523167207,30.679871883799287]]],[[[122.01104040432342,30.660625785431005],[122.03828875918254,30.649125068113378],[122.03828875918254,30.654992781030533],[122.01104040432342,30.660625785431005]]],[[[121.08430646299838,27.779109326072877],[121.08662547192256,27.795773630757605],[121.07763931234138,27.792487711523997],[121.08430646299838,27.779109326072877]]],[[[122.09075633609208,29.945468935087746],[122.07829166312462,29.955796109821943],[122.07887141535566,29.93889709662053],[122.09075633609208,29.945468935087746]]],[[[121.2075038120954,28.351798106787534],[121.19301000631927,28.360717030421615],[121.19648851970554,28.350155147170728],[121.2075038120954,28.351798106787534]]],[[[122.79225653565624,30.777980043774175],[122.78732864169235,30.790184886641864],[122.77399434037832,30.786194841858194],[122.79225653565624,30.777980043774175]]],[[[122.26120349201923,29.864963913864333],[122.27337828887119,29.87036220974812],[122.26294274871236,29.877638173765394],[122.26120349201923,29.864963913864333]]],[[[122.37309567261087,29.828818802294638],[122.37193616814878,29.843605438845877],[122.35570310567954,29.83938068554552],[122.37309567261087,29.828818802294638]]],[[[120.5987639694984,27.349123323503512],[120.57963214587392,27.34466386168647],[120.58224103091362,27.337857314702568],[120.5987639694984,27.349123323503512]]],[[[122.26700101432968,30.51440237953542],[122.26555163375207,30.5284848905366],[122.2542464652467,30.520270092452577],[122.26700101432968,30.51440237953542]]],[[[122.23975265947058,30.22054731664413],[122.23279563269804,30.234395119128624],[122.22438922534789,30.223363818844366],[122.23975265947058,30.22054731664413]]],[[[122.17250140066939,29.798541403642098],[122.19192310040938,29.787979520391215],[122.19163322429387,29.797602569575353],[122.17250140066939,29.798541403642098]]],[[[121.95451456179657,29.215290739676558],[121.94871703948611,29.199095852025202],[121.96234121691566,29.198626434991827],[121.95451456179657,29.215290739676558]]],[[[122.0223455728288,29.60842750512617],[122.03133173241,29.61734642876025],[122.02292532505984,29.626734769427703],[122.0223455728288,29.60842750512617]]],[[[122.01741767886492,29.90486436170101],[122.00843151928373,29.91824274715213],[122.00321374920432,29.90791557241793],[122.01741767886492,29.90486436170101]]],[[[122.45339135661058,30.745355559954774],[122.4615078878452,30.75662156875572],[122.44846346264669,30.75662156875572],[122.45339135661058,30.745355559954774]]],[[[121.68348039378313,28.276456672931218],[121.68319051766761,28.292651560582577],[121.67333472973985,28.28795739024885],[121.68348039378313,28.276456672931218]]]]}},{"type":"Feature","properties":{"adcode":"340000","name":"安徽省"},"geometry":{"type":"Polygon","coordinates":[[[119.61782319457066,31.13051223583705],[119.45520269376262,31.15844254932272],[119.35809419506262,31.199985956776203],[119.34128138036232,31.26500021589832],[119.23402721761904,31.256081292264238],[119.15286190527277,31.296685865650975],[119.10039432836322,31.237774027962704],[118.86501492255906,31.244580574946607],[118.78993700863876,31.23167160652886],[118.71456921860295,31.32391205358659],[118.74036819288443,31.374609093190838],[118.80530044276145,31.373200842090718],[118.87632009106443,31.44995052704715],[118.88240748949039,31.531394382337307],[118.8551591346313,31.628328999728765],[118.79892316821994,31.6208183271948],[118.76906592832114,31.68418962670011],[118.73167190941876,31.63677850632947],[118.63862167633607,31.655085770631008],[118.68529173093518,31.722916531953356],[118.63717229575846,31.761408728689915],[118.54760057606205,31.731835455587436],[118.47803030833668,31.783001912225057],[118.47310241437279,31.885100116983615],[118.37773317236594,31.90974451123568],[118.38961809310236,32.078734643249845],[118.49571275138354,32.12426809548699],[118.49194436188176,32.18200639059182],[118.63920142856712,32.21228378924437],[118.65282560599667,32.304993653335465],[118.70297417398204,32.33996522232173],[118.67340681019877,32.39629526632645],[118.68587148316622,32.47515732793306],[118.59311112619906,32.47891266420004],[118.59716939181638,32.60072638436024],[118.71456921860295,32.612227101677874],[118.83950582439309,32.56951015164097],[118.89748104749756,32.58593974780901],[118.96966020026264,32.50778181175246],[119.03488232625517,32.51599660983648],[119.07169659292651,32.45520710401472],[119.13315032941725,32.49440342630134],[119.17982038401635,32.60072638436024],[119.2061991105289,32.57044898570771],[119.2050396060668,32.7286425259543],[119.17953050790084,32.827689519995936],[119.09459680605278,32.833557232913094],[119.01546062651516,32.908194541219345],[118.99661867900622,32.96335104264064],[118.92936742020503,32.93941077393863],[118.8435640900104,32.96006512340703],[118.8087789561477,32.861956963432135],[118.74065806899995,32.858436335681844],[118.69978553671129,32.72324423007052],[118.6322444017946,32.747888624322584],[118.57571855926773,32.724183064137264],[118.43918690885668,32.74178620288873],[118.36497862328295,32.72066243638697],[118.31743894033728,32.76384880345725],[118.27830566474177,32.85937516974859],[118.24612941591877,32.84670090984753],[118.22235957444593,32.92509355442076],[118.28671207209192,32.949268531639454],[118.23917238914623,32.99691436052678],[118.21772155659758,33.17717050134189],[118.1727907586916,33.21800978324531],[118.14525252771699,33.17083337139135],[118.06698597652596,33.142198932355626],[117.93886073346505,33.22645928984602],[118.00843100119042,33.35695722512362],[118.04437563951521,33.49355758183506],[118.10119135815759,33.47689327715034],[118.10640912823699,33.61795309567882],[118.16293497076386,33.66536421604946],[118.1803275376952,33.74610394578956],[118.11046739385431,33.77027892300825],[117.9472671408152,33.73131730923832],[117.81885202163879,33.73882798177229],[117.7542096478773,33.71817363230389],[117.75334001953073,33.88645963876799],[117.70435095600746,33.88317371953438],[117.6646379281809,33.996068516060504],[117.60115505888149,34.035264838347125],[117.55883314601522,33.979638919892466],[117.50375668406596,34.06225631776606],[117.40867731817463,34.02235586992938],[117.35244135176328,34.08877838015161],[117.30780042997284,34.06577694551635],[117.14373054858717,34.079859456517525],[117.12372909661613,34.12703586837148],[117.01995344725913,34.16857927582497],[117.04372328873195,34.24509425226471],[116.97734165827733,34.27842286163417],[116.9654567375409,34.39272590926041],[116.82834533489883,34.38591936227651],[116.76863085510121,34.45468895766561],[116.56658720258213,34.48731344148501],[116.59528493801884,34.50562070578654],[116.48919027973764,34.566644920124986],[116.42483778209167,34.652313528715496],[116.36976132014243,34.63705747513089],[116.273522449789,34.606075950928286],[116.24337533377467,34.55326653467387],[116.19351664190481,34.5715737989754],[116.20337242983257,34.51477433793731],[116.15293398573169,34.450933621398626],[116.36657268287168,34.26879981245003],[116.5468756267266,34.29344420670209],[116.56049980415614,34.174681697258805],[116.52977293591078,34.142761338989466],[116.64485375377316,33.97494474955874],[116.6376068508851,33.88505138766787],[116.4344036939039,33.84820215054812],[116.43179480886421,33.801025738694165],[116.33265717735556,33.78389201697606],[116.25873876789734,33.72943964110483],[116.1506149768075,33.70948941718649],[116.05437610645407,33.80360753237771],[116.059883752649,33.84820215054812],[115.97987794476482,33.90288923493603],[115.98016782088035,33.99231317979353],[115.80943078883766,34.05333739413197],[115.70768427228931,34.06389927738286],[115.59898072896843,34.035264838347125],[115.54071562974842,33.876836589583846],[115.62970759721378,33.86674412336634],[115.59173382608036,33.734133811438554],[115.63028734944484,33.58603273740948],[115.41056125387888,33.55669417282369],[115.34041123392245,33.505527716186066],[115.3070754806374,33.39075525152645],[115.35925318143141,33.34170117153901],[115.29750956882515,33.15017902192296],[115.16677544072455,33.11192153370308],[115.14793349321559,33.08094000950049],[114.98995101025591,33.09971669083539],[114.97226856720903,33.148770770822836],[114.89400201601799,33.128585838387814],[114.92009086641501,33.01874225257861],[114.88037783858844,32.9776682621585],[115.01603986065291,32.909368083802775],[115.1374979530568,32.895989698351656],[115.1946035478147,32.85702808458173],[115.17460209584365,32.680292571516915],[115.20822772524426,32.58969508407599],[115.30011845386485,32.55495822360641],[115.40592323603052,32.577255532691616],[115.56071708171947,32.40638773254396],[115.66072434157468,32.41108190287769],[115.69927786493916,32.497454637018265],[115.78247231009408,32.47046315759933],[115.83928802873646,32.506842977685714],[115.89378473845468,32.39488701522633],[115.93378764239677,32.16416854332367],[115.91726470381198,31.92194935410337],[115.89059610118393,31.878528278516395],[115.90537978307557,31.79520675509275],[115.80972066495319,31.765164064956895],[115.67695740404395,31.78159366112494],[115.52216355835499,31.702027473968272],[115.36910896935917,31.501351692201457],[115.3693988454747,31.406529451460177],[115.37229760662993,31.34996469893877],[115.43751973262246,31.34738290525522],[115.46969598144544,31.26500021589832],[115.51520653158245,31.265939049965063],[115.5792691531129,31.144829455354916],[115.6401431373726,31.222048557344717],[115.70797414840483,31.201394207876323],[115.77174689381977,31.105633133068295],[115.88016056102512,31.14459474683823],[115.93465727074333,31.046956003896714],[116.05234697364543,31.015505062660743],[116.06858003611467,30.957766767555906],[115.97234116576124,30.93593887550408],[115.8642173746714,30.871394033415335],[115.8436361704693,30.757560402822463],[115.77290639828185,30.74887618770507],[115.75609358358155,30.689964350016798],[115.81319917833946,30.5988974455425],[115.87349341036811,30.584110808991262],[115.90856842034631,30.519800675419205],[115.87929093267856,30.382730901674385],[115.90566965919109,30.30762417633476],[116.06046350488005,30.212332518560107],[116.08394347023736,30.12877628661977],[116.07495731065617,29.9616638227391],[116.1245261264105,29.899231357300536],[116.13293253376064,29.82670642564446],[116.19786478363766,29.83187001301156],[116.25786913955079,29.783754767090862],[116.45759378314571,29.896649563616986],[116.54165785664719,29.907680863901245],[116.571515096546,30.03278050329506],[116.61209775271914,30.075262744815287],[116.76921060733227,30.04381180357932],[116.82138830812629,29.979501670007263],[116.89414721312241,29.96893978675638],[116.8926978325448,29.913313868301717],[116.78196515641525,29.794316650341745],[116.75761556271136,29.808399161342926],[116.66340582516659,29.701606786250643],[116.6454335060042,29.64598086779598],[116.70833662307257,29.594110285608302],[116.83240360051613,29.5718129765231],[116.87559514172898,29.619458805410424],[117.10923529084002,29.710056292851352],[117.1335848845439,29.788448937424587],[117.06662350185822,29.829992344878068],[117.13706339793015,29.914487410885148],[117.2504049590994,29.911905617201597],[117.23852003836299,29.853228488030016],[117.33243989979223,29.85792265836374],[117.36374652026865,29.814970999810143],[117.42462050452835,29.845013689945993],[117.40664818536597,29.79196956517488],[117.4678120457412,29.666869925781064],[117.52578726884568,29.60772337957611],[117.59274865153134,29.585660779007593],[117.6428972195167,29.617111720243564],[117.68463938015194,29.556791631455173],[117.80696710090237,29.57838481499032],[117.87624749251222,29.54622974820429],[118.02205517861998,29.57627243834014],[118.13858537705997,29.493185623433178],[118.12612070409251,29.431926700578046],[118.18757444058326,29.39695513159178],[118.24323065476355,29.433334951678162],[118.3099021613337,29.425589570627515],[118.30613377183191,29.50022687893377],[118.47368216660385,29.51149288773471],[118.49455324692146,29.57885423202369],[118.56876153249519,29.640347863395508],[118.63746217187398,29.64363378262912],[118.74065806899995,29.741976651120694],[118.74848472411907,29.845483106979366],[118.88646575510771,29.93795826255378],[118.89603166691995,30.03090283516157],[118.8435640900104,30.165860232256215],[118.92241039343249,30.203883011959398],[118.87950872833517,30.243079334246016],[118.87574033883338,30.317481934035584],[118.935454818631,30.355270005222085],[119.05778253938144,30.30504238265121],[119.23170820869487,30.29541933346707],[119.25895656355397,30.339309826087415],[119.36244233679545,30.387894489041486],[119.32562807012411,30.535760854553878],[119.2659135903265,30.512055294368558],[119.23402721761904,30.60852049472664],[119.30765575096173,30.62330713127788],[119.38476279769068,30.691372601116917],[119.40563387800829,30.64560444036308],[119.4847700575459,30.721180582736082],[119.47723327854231,30.777041209707427],[119.57376202501126,30.831258877061973],[119.54796305072978,30.902844974651305],[119.62564984968978,31.009637349743585],[119.61782319457066,31.13051223583705]]]}},{"type":"Feature","properties":{"adcode":"350000","name":"福建省"},"geometry":{"type":"MultiPolygon","coordinates":[[[[120.43179532695751,27.167693640104975],[120.39179242301543,27.24538215912815],[120.4265775568781,27.258995253095957],[120.34425274006975,27.351235700153687],[120.33613620883511,27.401932739757935],[120.26859507391842,27.391136147990366],[120.24830374583183,27.441833187594614],[120.13061404292975,27.42540359142657],[120.04597021719722,27.340439108386118],[119.99553177309633,27.382686641389657],[119.93233877991244,27.31978475891772],[119.76363088067842,27.311804669350384],[119.77667530587694,27.3338672699189],[119.6856542056029,27.433618389510592],[119.70391640088081,27.514827536284063],[119.628548610845,27.584535965739907],[119.64014365546589,27.663867444379886],[119.49665497828232,27.65260143557894],[119.46505848169038,27.527736504701814],[119.34070162813128,27.524215876951516],[119.26301482917128,27.424464757359825],[119.11691726694801,27.439251393911064],[118.98589326273188,27.506378029683354],[118.95429676613995,27.453333904912245],[118.89893042807518,27.465069330746562],[118.87255170156263,27.519756415134477],[118.90820646377189,27.623732288026524],[118.81631573515129,27.909137844317105],[118.73196178553428,27.968753807555434],[118.71340971414085,28.064045465330086],[118.80617007110801,28.15159174205409],[118.75631137923816,28.173654342622605],[118.79602440706472,28.245475148728623],[118.72935290049458,28.257445283079626],[118.69746652778713,28.314479452634405],[118.6713776773901,28.27387487924767],[118.57629831149876,28.290304475415713],[118.43889703274115,28.25462878087939],[118.42875136869787,28.291712726515833],[118.30729327629399,28.22458609074354],[118.37048626947788,28.18984923027396],[118.35077469362236,28.09385344694925],[118.11539528781819,28.045034075478494],[118.0832190389952,27.96711084793863],[117.99219793872118,27.995041161424304],[117.85073839434625,27.949038292153784],[117.7826175071985,27.90045362919971],[117.72609166467163,27.80375372032494],[117.59709679326417,27.872053898680665],[117.5794143502173,27.94152761961982],[117.51535172868685,27.986122237790223],[117.33823742210268,27.859379638779604],[117.27504442891882,27.874635692364215],[117.3020029076624,27.779813451622935],[117.17213840790836,27.680766457581303],[117.11213405199524,27.697665470782717],[117.08981359110001,27.6310082520438],[117.03502700526627,27.671612825430536],[116.99850261471046,27.630773543527113],[117.01618505775733,27.558483320387722],[117.09821999845016,27.54275784976974],[117.12778736223345,27.42798538511012],[117.09358198060181,27.341612650969548],[117.16721051394448,27.29490565614897],[117.06459436904956,27.18130673407278],[117.04488279319403,27.106904134283216],[116.85675319422002,27.011143059475188],[116.82051867977972,27.023817319376253],[116.69355294118091,26.992131669623596],[116.56136943250272,26.870083240946702],[116.5599200519251,26.76469911695454],[116.50629297055346,26.713297951800232],[116.56252893696481,26.639364769044036],[116.53615021045226,26.567309254421332],[116.60659010652421,26.480701811764074],[116.59557481413435,26.37461356222185],[116.5120904928639,26.413809884508467],[116.39179190492212,26.275097151146845],[116.3862842587272,26.175111323038465],[116.46889895165108,26.1779278252387],[116.48658139469794,26.123710157884158],[116.37758797526152,26.028653208626192],[116.36222454113884,25.96293482395402],[116.29729229126183,25.926085586834265],[116.17177593324064,25.896512313731787],[116.12597550698811,25.831263346092985],[116.1778633316666,25.78033159797205],[116.0624926376887,25.70804137483266],[116.03582403506064,25.608994380791028],[116.05901412430244,25.565103888170682],[116.001618653429,25.475210526279817],[115.98625521930632,25.3775717833383],[116.00451741458423,25.324762367083874],[115.94799157205736,25.295893219531457],[115.92741036785527,25.23885904997668],[115.85146282558841,25.213979947207925],[115.87813142821648,25.091227392980972],[115.92451160670005,25.05226577921104],[115.86972502086633,25.023866048691993],[115.91929383662065,24.966831879137214],[115.88740746391318,24.940779233785033],[116.0146630786275,24.908154749965632],[116.04712920356602,24.864498965861973],[116.14829596788333,24.84736524414387],[116.18713936736333,24.88139797906339],[116.22714227130541,24.802770625973466],[116.29497328233765,24.804883002623644],[116.3915020288066,24.88069385351333],[116.37005119625795,24.808638338890624],[116.43991134009883,24.71874497699976],[116.48252312908062,24.721092062166623],[116.52484504194689,24.607727848607123],[116.77500812964271,24.681191614329947],[116.81066289185196,24.657486054144627],[116.75210791651644,24.550224262018972],[116.85559368975794,24.4638515278784],[116.83356310497823,24.44718722319367],[116.89733585039315,24.37607054263771],[116.93472986929554,24.287350723330277],[116.92864247086956,24.223275298274906],[116.99328484463106,24.185017810055033],[116.92313482467463,24.107329291031856],[116.97705178216181,23.998189830772713],[116.96893525092719,23.858538263344343],[116.99879249082599,23.86252830812801],[117.0857553254827,23.66678140521161],[117.18866134649315,23.61983970187434],[117.28055207511373,23.635095755458952],[117.27446467668776,23.735551000600704],[117.35099197118566,23.751980596768746],[117.33968680268029,23.68790517171338],[117.3759213171206,23.635565172492324],[117.31591696120746,23.5775921688708],[117.42143186725761,23.594725890588904],[117.43766492972686,23.664903737078117],[117.48520461267253,23.655515396410664],[117.48897300217433,23.762542480019633],[117.42606988510596,23.759256560786024],[117.50433643629701,23.865579518844932],[117.43331678799403,23.943737454901484],[117.59216889930029,23.87919261281274],[117.61275010350238,23.810423017423645],[117.58173335914148,23.73179566433372],[117.64115796282357,23.793524004222228],[117.62376539589224,23.829669115791923],[117.65478214025313,23.92097072878291],[117.70695984104715,23.95148283595213],[117.71362699170416,24.030814314592114],[117.77537060431044,23.993965077472357],[117.74928175391342,23.90782705184847],[117.96842809724834,24.188773146322017],[118.13858537705997,24.270686418645546],[118.10640912823699,24.349783188768843],[118.05423142744297,24.35541619316931],[118.06176820644654,24.410572694590602],[117.90610473241102,24.39390838990587],[117.91074275025939,24.479342289979698],[118.04147687835999,24.441084801759825],[118.06872523321908,24.508446146048804],[118.02901220539252,24.551867221635774],[118.09742296865579,24.565949732636955],[118.1530791828361,24.63988291539315],[118.20409737916803,24.650914215677407],[118.19482134347132,24.5668885667037],[118.24641929203429,24.53731529360122],[118.28845132878504,24.58613466507198],[118.37628379178832,24.584961122488547],[118.44556418339818,24.62791278104215],[118.56963116084175,24.582614037321687],[118.57397930257459,24.52088569743318],[118.66558015507965,24.577685158471272],[118.64644833145519,24.637066413192915],[118.77834196401787,24.760523092969926],[118.65659399549847,24.788922823488974],[118.63804192410504,24.832109190559258],[118.68529173093518,24.88069385351333],[118.71630847529607,24.84877349524399],[118.8719719493316,24.89618461561463],[118.94647011102084,24.886796274947176],[118.9137141099668,24.96119887473674],[118.97806660761279,24.96260712583686],[118.97806660761279,25.017998335774838],[118.85747814355548,25.087706765230678],[118.96241329737458,25.118688289433273],[118.97661722703518,25.169854746070893],[118.90530770261667,25.26045223351182],[119.01777963543935,25.28673958738069],[118.98850214777158,25.213275821657867],[119.0676383273092,25.228062458209106],[119.03372282179308,25.127607213067353],[119.15605054254353,25.13558730263469],[119.09952470001666,25.200601561756805],[119.13604909057247,25.248482099160817],[119.19025592417516,25.181355463388524],[119.27258074098353,25.172436539754443],[119.28765429899067,25.234634296676322],[119.3682398591059,25.26678936346235],[119.21083712837725,25.36231572975369],[119.13025156826203,25.386725415489067],[119.16909496774203,25.454321468294733],[119.26156544859367,25.498446669431765],[119.25837681132292,25.433667118826335],[119.34360038928651,25.411604518257818],[119.32707745070172,25.482955907330464],[119.3630220890265,25.527550525500867],[119.45578244599366,25.49304837354798],[119.54071614784172,25.37498998965475],[119.52796159875874,25.43390182734302],[119.58535706963217,25.452209091644555],[119.59202422028918,25.34048783770186],[119.64970956727814,25.352223263536178],[119.64478167331424,25.432258867726215],[119.60999653945157,25.439300123226808],[119.60883703498948,25.55947088377021],[119.52796159875874,25.59655482940665],[119.53520850164679,25.630822272842856],[119.46129009218859,25.645139492360723],[119.52042481975515,25.690438236081185],[119.59579260979098,25.691611778664615],[119.62796885861395,25.74770711415265],[119.6195624512638,25.89064460081463],[119.67695792213723,25.908247739566104],[119.71290256046201,26.00119231217389],[119.51520704967575,26.082166750430677],[119.60738765441187,26.144833924385928],[119.59666223813754,26.15750818428699],[119.60216988433245,26.178397242272073],[119.66710213420947,26.237309079960344],[119.64565130166082,26.27228064894661],[119.71870008277246,26.27744423631371],[119.84421644079364,26.335417239935232],[119.86682677780439,26.314293473433462],[119.94422370064888,26.358183966053808],[119.85871024656976,26.350673293519844],[119.81377944866381,26.41944288890894],[119.6726097804044,26.343632038019255],[119.63753477042619,26.483048896930935],[119.77087778356648,26.439627821343965],[119.82711374997783,26.446669076844554],[119.76884865075783,26.54876728160311],[119.78769059826678,26.57763642915553],[119.6688413909026,26.62035337919244],[119.60680790218082,26.5884330209231],[119.56013784758171,26.616363334408774],[119.60738765441187,26.650161360811605],[119.63405625703993,26.689357683098226],[119.62449034522768,26.706491404816326],[119.628548610845,26.72479866911786],[119.64710068223843,26.74287122490271],[119.55781883865754,26.738177054568983],[119.58738620244083,26.778312210922344],[119.609126911105,26.795680641157134],[119.62362071688112,26.79732360077394],[119.69666949799276,26.70766494739976],[119.69666949799276,26.81891678430908],[119.74160029589873,26.735360552368746],[119.75812323448349,26.802487188141036],[119.81319969643275,26.7825369642227],[119.8021844040429,26.691939476781773],[119.87117491953722,26.671989252863437],[119.97118217939246,26.77995517053915],[120.07611733321156,26.800609520007548],[119.95118072742142,26.617067459958832],[119.84363668856261,26.58655535278961],[119.83552015732798,26.524592304384417],[119.89233587597036,26.52435759586773],[119.95987701088708,26.610730330008302],[120.08742250171693,26.64664073306131],[120.14916611432318,26.730196965001646],[120.09264027179633,26.757657861453946],[120.05292724396976,26.895431760748828],[120.09698841352916,26.876889787930605],[120.1248165206193,26.928995078634973],[120.22714278939871,26.913973733567047],[120.26250767549243,26.991427544073538],[120.2555506487199,27.108077676866646],[120.37410997996855,27.092117497731977],[120.41498251225721,27.124037856001316],[120.35555790857512,27.239514446210993],[120.43179532695751,27.167693640104975]]],[[[119.79870589065663,25.619321555525225],[119.73580277358828,25.646313034944153],[119.68420482502529,25.6043002104573],[119.71348231269306,25.556654381569974],[119.67347940875096,25.461597432312008],[119.7555143494438,25.399164966873442],[119.75609410167485,25.438126580643374],[119.8563912376456,25.485302992497328],[119.80421353685156,25.49680370981496],[119.84537594525574,25.566277430754113],[119.79870589065663,25.619321555525225]]],[[[118.47310241437279,24.44976901687722],[118.42266397027191,24.526988118867024],[118.37715342013489,24.46080031716148],[118.28874120490056,24.469953949312245],[118.32381621487878,24.385928300338538],[118.47310241437279,24.44976901687722]]],[[[118.06698597652596,24.458922649027986],[118.13191822640296,24.423716371525035],[118.19598084793341,24.480281124046442],[118.19047320173848,24.532855831784182],[118.10206098650416,24.555153140869383],[118.06698597652596,24.458922649027986]]],[[[119.47926241135097,25.242144969210287],[119.44157851633307,25.206938691707336],[119.5497023074229,25.16821178645409],[119.47926241135097,25.242144969210287]]],[[[119.5986913709462,26.1281696197012],[119.53868701503306,26.08451383559754],[119.64883993893156,26.071370158663104],[119.5986913709462,26.1281696197012]]],[[[119.15257202915726,25.095686854798014],[119.10735135513576,25.07409367126287],[119.12155528479636,25.026447842375543],[119.15257202915726,25.095686854798014]]],[[[119.75580422555933,26.67245866989681],[119.66507300140083,26.679030508364026],[119.66536287751634,26.636782975360486],[119.75580422555933,26.67245866989681]]],[[[120.35294902353542,26.970303777571768],[120.3190335180193,26.943781715186212],[120.37324035162199,26.933923957485387],[120.35294902353542,26.970303777571768]]],[[[118.3696166411313,24.563837355986777],[118.30526414348535,24.575572781821094],[118.35744184427938,24.534498791400985],[118.3696166411313,24.563837355986777]]],[[[119.61202567226022,25.67400863991314],[119.55694921031096,25.63809823686013],[119.57434177724232,25.63058756432617],[119.61202567226022,25.67400863991314]]],[[[118.26700049623639,24.437329465492844],[118.22989635344953,24.446717806160297],[118.22583808783222,24.4054091072235],[118.26700049623639,24.437329465492844]]],[[[120.15728264555781,26.577401720638843],[120.15293450382498,26.60697499374132],[120.11467085657603,26.568482797004762],[120.15728264555781,26.577401720638843]]],[[[119.63753477042619,26.159855269453853],[119.60188000821694,26.156099933186873],[119.65028931950917,26.13638441778522],[119.63753477042619,26.159855269453853]]],[[[120.00132929540678,26.235196703310166],[119.98393672847544,26.218532398625438],[120.00712681771722,26.222053026375733],[120.00132929540678,26.235196703310166]]],[[[119.92857039041067,26.16971302715468],[119.90914869067066,26.1453033414193],[119.9421945678402,26.14342567328581],[119.92857039041067,26.16971302715468]]],[[[119.71348231269306,25.65804846077847],[119.67116039982679,25.63762881982676],[119.71638107384828,25.64279240719386],[119.71348231269306,25.65804846077847]]],[[[119.81406932477933,26.623169881392677],[119.75638397779036,26.62246575584262],[119.7723271641441,26.60439320005777],[119.81406932477933,26.623169881392677]]],[[[119.93929580668498,26.696398938598815],[119.90422079670678,26.693347727881893],[119.9239323725623,26.67128512731338],[119.93929580668498,26.696398938598815]]],[[[120.06481216470618,26.519663425534006],[120.03872331430917,26.520132842567378],[120.02799789803484,26.493845488698508],[120.06481216470618,26.519663425534006]]],[[[120.48020463824975,26.383767194372616],[120.47411723982378,26.379542441072264],[120.4862920366757,26.365459930071083],[120.50252509914498,26.37085822595487],[120.48165401882736,26.371092934471555],[120.48020463824975,26.383767194372616]]],[[[119.65347795677992,26.713767368833604],[119.64883993893156,26.734187009785316],[119.63463600927096,26.726911045768038],[119.62507009745873,26.71611445400047],[119.63144737200022,26.709777324049934],[119.64970956727814,26.70508315371621],[119.65347795677992,26.713767368833604]]],[[[119.72710649012261,25.376163532238184],[119.69377073683754,25.36794873415416],[119.70391640088081,25.357386850903275],[119.72710649012261,25.376163532238184]]],[[[119.60854715887396,26.77408745762199],[119.60593827383425,26.77854691943903],[119.58912545913395,26.77995517053915],[119.58013929955277,26.758596695520694],[119.60854715887396,26.77408745762199]]],[[[119.900452407205,25.596320120889963],[119.87146479565274,25.607586129690908],[119.87175467176827,25.590452407972805],[119.900452407205,25.596320120889963]]],[[[119.68159593998558,26.138027377402025],[119.66855151478708,26.144599215869242],[119.66768188644052,26.126057243051022],[119.68159593998558,26.138027377402025]]],[[[119.98973425078589,25.97114962203804],[119.97118217939246,25.967159577254375],[119.97089230327693,25.954954734386682],[119.98973425078589,25.97114962203804]]],[[[117.95857230932057,24.40282731353995],[117.9782838851761,24.41385861382421],[117.93741135288744,24.40869502645711],[117.95857230932057,24.40282731353995]]],[[[120.28772689754288,26.92922978715166],[120.30917773009153,26.925709159401364],[120.31265624347782,26.94002637891923],[120.28772689754288,26.92922978715166]]],[[[119.81899721874319,26.68020405094746],[119.80160465181186,26.686775889414676],[119.80247428015844,26.67762225726391],[119.81899721874319,26.68020405094746]]],[[[119.48419030531485,25.33649779291819],[119.48390042919934,25.35386622315298],[119.46215972053515,25.33743662698494],[119.48419030531485,25.33649779291819]]],[[[119.66449324916977,25.66180379704545],[119.65608684181962,25.675651599529946],[119.64362216885216,25.658517877811843],[119.66449324916977,25.66180379704545]]],[[[120.26395705607005,26.93674045968562],[120.24743411748528,26.936505751168934],[120.25381139202676,26.926882701984795],[120.26395705607005,26.93674045968562]]],[[[119.94828196626618,25.980068545672122],[119.92683113371753,25.980303254188808],[119.93378816049005,25.966924868737685],[119.94828196626618,25.980068545672122]]],[[[119.02995443229129,25.188396718889116],[119.01691000709278,25.185814925205566],[119.0235771577498,25.174783624921307],[119.02995443229129,25.188396718889116]]],[[[118.06930498545012,24.441084801759825],[118.06176820644654,24.455871438311064],[118.05365167521191,24.445074846543495],[118.06930498545012,24.441084801759825]]],[[[120.14858636209215,26.536327730218733],[120.1416293353196,26.546185487919562],[120.13148367127633,26.53210297691838],[120.14858636209215,26.536327730218733]]],[[[119.98596586128409,26.26641293602945],[119.98625573739962,26.28237311516412],[119.97842908228051,26.272045940429923],[119.98596586128409,26.26641293602945]]],[[[119.66362362082322,25.40644093089072],[119.66739201032499,25.424044069642196],[119.65782609851276,25.428972948492607],[119.66362362082322,25.40644093089072]]],[[[119.52448308537247,25.275708287096432],[119.51636655413785,25.28228012556365],[119.51288804075156,25.267728197529095],[119.52448308537247,25.275708287096432]]]]}},{"type":"Feature","properties":{"adcode":"360000","name":"江西省"},"geometry":{"type":"Polygon","coordinates":[[[118.18757444058326,29.39695513159178],[118.12612070409251,29.431926700578046],[118.13858537705997,29.493185623433178],[118.02205517861998,29.57627243834014],[117.87624749251222,29.54622974820429],[117.80696710090237,29.57838481499032],[117.68463938015194,29.556791631455173],[117.6428972195167,29.617111720243564],[117.59274865153134,29.585660779007593],[117.52578726884568,29.60772337957611],[117.4678120457412,29.666869925781064],[117.40664818536597,29.79196956517488],[117.42462050452835,29.845013689945993],[117.36374652026865,29.814970999810143],[117.33243989979223,29.85792265836374],[117.23852003836299,29.853228488030016],[117.2504049590994,29.911905617201597],[117.13706339793015,29.914487410885148],[117.06662350185822,29.829992344878068],[117.1335848845439,29.788448937424587],[117.10923529084002,29.710056292851352],[116.87559514172898,29.619458805410424],[116.83240360051613,29.5718129765231],[116.70833662307257,29.594110285608302],[116.6454335060042,29.64598086779598],[116.66340582516659,29.701606786250643],[116.75761556271136,29.808399161342926],[116.78196515641525,29.794316650341745],[116.8926978325448,29.913313868301717],[116.89414721312241,29.96893978675638],[116.82138830812629,29.979501670007263],[116.76921060733227,30.04381180357932],[116.61209775271914,30.075262744815287],[116.571515096546,30.03278050329506],[116.54165785664719,29.907680863901245],[116.45759378314571,29.896649563616986],[116.25786913955079,29.783754767090862],[116.19786478363766,29.83187001301156],[116.13293253376064,29.82670642564446],[116.03031638886571,29.753712076955008],[115.92741036785527,29.72085288461892],[115.83957790485199,29.74807907255454],[115.6995677410547,29.84008481109558],[115.50593049588574,29.842197187745757],[115.46505796359708,29.809807412443043],[115.46940610532991,29.746436112937733],[115.3578038008538,29.655603916980123],[115.28301576304904,29.62227530761066],[115.22591016829111,29.65372624884663],[115.10155331473202,29.66663521726438],[115.15257151106395,29.604906877375875],[115.15547027221919,29.510788762184653],[115.0818417388765,29.56265934437233],[114.95255699135352,29.556556922938487],[114.93081628268934,29.49811450228359],[114.89081337874725,29.530504277586306],[114.87805882966427,29.442723292345615],[114.92183012310815,29.41925244067698],[114.75312222387413,29.36503477332244],[114.66818852202607,29.396016297525037],[114.50904653460427,29.32583845103582],[114.4342584967995,29.344615132370727],[114.3693262469225,29.323726074385643],[114.30410412092996,29.368320692556047],[114.25192642013593,29.346023383470847],[114.24960741121174,29.23876159134519],[114.08582740594161,29.214821322643186],[113.94813625106848,29.10051827501694],[113.9394399676028,29.047708858762515],[113.96813770303952,28.940212358120174],[114.06292719281534,28.89444419736634],[114.0727829807431,28.835297651161383],[114.14873052300996,28.833889400061263],[114.11713402641803,28.688604828232425],[114.12814931880787,28.611855143275992],[114.08031975974669,28.55998456108831],[114.2127931445404,28.470560616230816],[114.18032701960189,28.436293172794613],[114.24873778286519,28.39803568457474],[114.24554914559444,28.320347165551564],[114.13974436342878,28.25087344461241],[114.09887183114012,28.18492035142355],[113.987269526664,28.161684208271602],[114.0417662363822,28.060759546096477],[113.95828191511175,28.042217573278258],[113.89769780696759,27.991285825157323],[113.85682527467893,28.009593089458857],[113.74377358962519,27.933782238569172],[113.72261263319206,27.880033988248],[113.7594268998634,27.805631388458433],[113.64608533869415,27.66292861031314],[113.60202416913475,27.638988341611135],[113.57593531873775,27.535247177235775],[113.61361921375564,27.35240924273712],[113.86726081483772,27.370247090005282],[113.86610131037564,27.297487449832516],[113.76377504159623,27.12192547935114],[113.88900152350192,26.966313732788098],[113.88581288623116,26.865389070612977],[113.82986679593535,26.800140102974176],[113.86088354029624,26.65626378224545],[113.90233582481594,26.61730216847552],[113.99132779228131,26.618945128092324],[114.10235034452637,26.57904468025565],[114.06843483901025,26.483987730997683],[114.08321852090191,26.41357517599178],[114.026112926144,26.378603607005516],[114.02408379333534,26.26969885526306],[113.93770071090967,26.168070067537876],[114.05104227207892,26.16783535902119],[114.17221048836727,26.216889439008632],[114.22554769362338,26.154456973570067],[114.04002697968906,26.08075849933056],[114.00263296078668,26.01668307427519],[114.02234453664221,25.896747022248473],[113.96436931353773,25.835488099393338],[113.90813334712638,25.703112495982246],[113.97886311931384,25.53130586176785],[113.9394399676028,25.44469841911059],[114.03828772299593,25.36020335310351],[114.0507523959634,25.281106582980218],[114.1867042941434,25.321007030816894],[114.29627746581085,25.307393936849085],[114.31048139547144,25.342130797318664],[114.37541364534846,25.31865994565003],[114.43454837291503,25.380622994055223],[114.53339612830815,25.421696984475332],[114.59687899760755,25.388133666589187],[114.63253375981681,25.326874743734052],[114.7102205587768,25.318425237133344],[114.7412373031377,25.26162577609525],[114.67427592045203,25.198019768073255],[114.72529411678397,25.118688289433273],[114.63804140601174,25.073858962746183],[114.55687609366547,25.08183905231352],[114.5339758805392,25.029499053092465],[114.39077707947115,24.952749368136036],[114.39860373459025,24.880459144996642],[114.33657024586847,24.81098542405749],[114.32816383851832,24.74949179268567],[114.27424688103116,24.707713676715503],[114.16380408101713,24.694100582747694],[114.25308592459803,24.646454753860368],[114.3035243686989,24.576276907371152],[114.35860083064816,24.588247041722155],[114.42411283275622,24.487791796580407],[114.52412009261144,24.56195968785329],[114.5858637052177,24.5394276702514],[114.65949223856039,24.586604082105353],[114.70123439919561,24.53097816365069],[114.72761312570816,24.615238521141087],[114.88936399816964,24.585899956555295],[114.90791606956307,24.668282645912196],[114.93632392888426,24.652322466777527],[115.06879731367799,24.70700955116544],[115.1001039341544,24.670160314045688],[115.26504344388664,24.752073586369217],[115.35548479192963,24.737521658334668],[115.40302447487528,24.79760703860637],[115.46969598144544,24.76662551440377],[115.55144104602275,24.68658991021373],[115.57347163080246,24.61617735520783],[115.66768136834722,24.607727848607123],[115.7088437767514,24.540366504318143],[115.83551963923469,24.587777624688783],[115.78247231009408,24.63424991099268],[115.75899234473678,24.795729370472877],[115.81580806337917,24.909797709582435],[115.88740746391318,24.872009638395937],[115.88740746391318,24.940779233785033],[115.91929383662065,24.966831879137214],[115.86972502086633,25.023866048691993],[115.92451160670005,25.05226577921104],[115.87813142821648,25.091227392980972],[115.85146282558841,25.213979947207925],[115.92741036785527,25.23885904997668],[115.94799157205736,25.295893219531457],[116.00451741458423,25.324762367083874],[115.98625521930632,25.3775717833383],[116.001618653429,25.475210526279817],[116.05901412430244,25.565103888170682],[116.03582403506064,25.608994380791028],[116.0624926376887,25.70804137483266],[116.1778633316666,25.78033159797205],[116.12597550698811,25.831263346092985],[116.17177593324064,25.896512313731787],[116.29729229126183,25.926085586834265],[116.36222454113884,25.96293482395402],[116.37758797526152,26.028653208626192],[116.48658139469794,26.123710157884158],[116.46889895165108,26.1779278252387],[116.3862842587272,26.175111323038465],[116.39179190492212,26.275097151146845],[116.5120904928639,26.413809884508467],[116.59557481413435,26.37461356222185],[116.60659010652421,26.480701811764074],[116.53615021045226,26.567309254421332],[116.56252893696481,26.639364769044036],[116.50629297055346,26.713297951800232],[116.5599200519251,26.76469911695454],[116.56136943250272,26.870083240946702],[116.69355294118091,26.992131669623596],[116.82051867977972,27.023817319376253],[116.85675319422002,27.011143059475188],[117.04488279319403,27.106904134283216],[117.06459436904956,27.18130673407278],[117.16721051394448,27.29490565614897],[117.09358198060181,27.341612650969548],[117.12778736223345,27.42798538511012],[117.09821999845016,27.54275784976974],[117.01618505775733,27.558483320387722],[116.99850261471046,27.630773543527113],[117.03502700526627,27.671612825430536],[117.08981359110001,27.6310082520438],[117.11213405199524,27.697665470782717],[117.17213840790836,27.680766457581303],[117.3020029076624,27.779813451622935],[117.27504442891882,27.874635692364215],[117.33823742210268,27.859379638779604],[117.51535172868685,27.986122237790223],[117.5794143502173,27.94152761961982],[117.59709679326417,27.872053898680665],[117.72609166467163,27.80375372032494],[117.7826175071985,27.90045362919971],[117.85073839434625,27.949038292153784],[117.99219793872118,27.995041161424304],[118.0832190389952,27.96711084793863],[118.11539528781819,28.045034075478494],[118.35077469362236,28.09385344694925],[118.37048626947788,28.18984923027396],[118.30729327629399,28.22458609074354],[118.42875136869787,28.291712726515833],[118.46933402487102,28.341236223536647],[118.43570839547041,28.394515056824446],[118.47310241437279,28.477836580248095],[118.4070106600337,28.55881101850488],[118.42295384638743,28.68438007493207],[118.37686354401937,28.792345992607782],[118.30062612563698,28.82661343604399],[118.26642074400534,28.920262134201835],[118.1220624384752,29.018839711210095],[118.09452420750057,28.9930217743746],[118.03075146208565,29.101457109083686],[118.03654898439609,29.21388248857644],[118.07713164056923,29.220689035560344],[118.07249362272087,29.293683384249793],[118.16293497076386,29.283825626548968],[118.20177837024386,29.346258091987533],[118.18757444058326,29.39695513159178]]]}},{"type":"Feature","properties":{"adcode":"370000","name":"山东省"},"geometry":{"type":"MultiPolygon","coordinates":[[[[119.29577083022531,35.09074903788557],[119.39085019611665,35.09403495711918],[119.37606651422502,35.134404821989236],[119.4096921436256,35.27147459573405],[119.51578680190678,35.3376623974396],[119.65927547909037,35.576830375942976],[119.72391785285186,35.62400678779693],[119.74942695101782,35.58856580177729],[119.81522882924142,35.65076355869917],[119.87291417623037,35.61344490454604],[119.95436936469216,35.76318893819192],[120.0079964460638,35.72047198815501],[120.06655142139931,35.88664561796894],[120.20859071800527,35.946965706757325],[120.17496508860468,35.89204391385272],[120.30424983612767,36.01221467439612],[120.20540208073453,35.99578507822808],[120.22859216997632,36.062207588450306],[120.10597457311036,36.100230368153504],[120.1285849101211,36.17698005310993],[120.21815662981751,36.21805404353003],[120.26279755160796,36.181439514926964],[120.31004735843811,36.255137989166485],[120.36338456369423,36.19387906631134],[120.28569776473424,36.06032992031682],[120.42628768076258,36.05915637773339],[120.45817405347005,36.08849494231919],[120.70282949497093,36.130977183839406],[120.65268092698557,36.27274112791795],[120.65239105087004,36.33611242742326],[120.72920822148347,36.329305880439364],[120.69123445035004,36.39338130549473],[120.75558694799601,36.46308973495057],[120.83501300364914,36.46567152863412],[120.87269689866704,36.3750740411932],[120.90400351914346,36.455579062416604],[120.95907998109271,36.47224336710134],[120.95705084828406,36.56025906085871],[120.88921983725183,36.56823915042605],[120.91443905930227,36.627620405147695],[120.97038514959809,36.57668865702675],[121.03705665616823,36.58959762544451],[121.14923871287539,36.66775556150105],[121.48143674126405,36.77431322807665],[121.5988365680506,36.76680255554268],[121.62753430348732,36.808111254479485],[121.74783289142911,36.844021657532494],[121.76435583001388,36.883922105369166],[122.01654805051835,36.96677421175944],[122.03828875918254,36.90222936967071],[122.14061502796193,36.94823223894123],[122.1948218615646,36.90786237407117],[122.18061793190401,36.84613403418267],[122.30845329884939,36.834163899831665],[122.43860767471892,36.88298327130242],[122.42817213456013,36.92523080430597],[122.53078827945505,36.92053663397223],[122.53484654507236,37.02216542169742],[122.4368684180258,37.02169600466405],[122.48498785320251,37.15172452290828],[122.57253044009028,37.14749976960792],[122.61514222907206,37.20828927542968],[122.55020997919505,37.28621250296955],[122.60064842329595,37.37305465414349],[122.69688729364938,37.40990389126324],[122.49861203063207,37.40403617834609],[122.47426243692819,37.42703761298135],[122.30294565265446,37.41318981049686],[122.23221588046701,37.461539764934244],[122.15858734712432,37.43407886848193],[122.12612122218582,37.55565788012545],[122.05655095446045,37.540401826540844],[121.93596249040313,37.47116281411837],[121.74609363473597,37.45332496685022],[121.64463699430314,37.46646864378465],[121.5689793281518,37.43853833029898],[121.46694293548792,37.469754563018256],[121.43186792550972,37.533125862523576],[121.34954310870137,37.58875178097823],[121.25069535330823,37.572087476293504],[121.13329552652166,37.61057967303006],[121.13474490709928,37.712443169271936],[121.05618847979271,37.705167205254654],[120.93675952019748,37.77370209212707],[120.94168741416138,37.81195958034694],[120.7463109122993,37.8279197594816],[120.57586375637213,37.75656837040896],[120.44744863719572,37.7474147382582],[120.35700728915273,37.69249294535359],[120.22163514320378,37.68685994095311],[120.30309033166557,37.64578595053301],[120.20830084188975,37.59227240872853],[120.24569486079214,37.55354550347528],[120.16076115894408,37.48172469736926],[120.0688704303235,37.43947716436573],[119.93900593056946,37.41365922753023],[119.83407077675037,37.34442021510776],[119.90538030116886,37.29982559693735],[119.87378380457693,37.22777008231465],[119.72623686177604,37.119804164638936],[119.6763781699062,37.154541025108514],[119.55115168800052,37.1237942094226],[119.38215391265098,37.119804164638936],[119.32707745070172,37.06816829096795],[119.2502602800883,37.089292057469706],[119.28185677668023,37.20382981361264],[119.13517946222592,37.2336377952318],[119.1001044522477,37.20805456691299],[118.98415400603875,37.27682416230209],[118.91806225169965,37.38080003519414],[118.92733828739637,37.47749994406891],[118.90124943699935,37.52326810482275],[119.02850505171367,37.67066505330176],[119.02763542336712,37.724648012139625],[119.17895075566979,37.71831088218909],[119.17837100343874,37.74858828084163],[119.29606070634082,37.77393680064375],[119.19547369425456,37.79905061192919],[119.09082841655098,37.785906934994756],[119.08879928374233,37.91241482548868],[119.00241620131666,37.95043760519188],[118.9484992438295,38.09853867922095],[118.8021118054907,38.14641921662496],[118.78819775194563,38.0720166168354],[118.63282415402563,38.11121293912201],[118.52730924797548,38.03657563081576],[118.48788609626445,38.09619159405409],[118.31511993141311,38.10581464323823],[118.15481843952924,38.13961266964105],[118.16496410357252,38.17693132379419],[118.0753923838761,38.16167527020957],[117.84639025261342,38.26236522386802],[117.79885056966775,38.224811861198205],[117.76609456861371,38.136561458924135],[117.69681417700387,38.07436370200226],[117.55883314601522,38.063097693201314],[117.50433643629701,37.93940630490762],[117.4330269118785,37.8537376963171],[117.33591841317852,37.862421911434495],[117.25562272917881,37.837542808665745],[117.08691482994479,37.848574108950004],[117.03067886353344,37.83355276388208],[116.78892218318778,37.84622702378314],[116.74080274801106,37.75821133002576],[116.43208468497974,37.475387567418736],[116.32975841620033,37.575608104043795],[116.28337823771676,37.5514331268251],[116.28424786606331,37.483132948469375],[116.23641830700213,37.49064362100334],[116.22192450122601,37.425629361881235],[116.2723629453269,37.405444429446206],[116.23091066080721,37.361084519792485],[116.16076064085078,37.384085954427746],[115.97060190906811,37.33690954257379],[115.96364488229557,37.239036091115594],[115.90914817257736,37.21040165207987],[115.85088307335737,37.06065761843398],[115.77058738935767,36.99118389749482],[115.76276073423855,36.91537304660514],[115.70449563501856,36.88087089465225],[115.67753715627498,36.81210129926315],[115.47404412317827,36.7597613000421],[115.35983293366246,36.62175269223053],[115.27721824073858,36.48937708881944],[115.29113229428366,36.416617448646676],[115.33867197722932,36.39643251621165],[115.34765813681051,36.312641575754625],[115.40389410322186,36.32766292082256],[115.46186932632634,36.267812249067546],[115.47723276044903,36.148110905557516],[115.44128812212425,36.008928755162515],[115.35664429639172,35.97747781392654],[115.32852631318605,35.79417046239452],[115.35693417250724,35.78173091101014],[115.4418678743553,35.86106238965013],[115.68565368750961,35.96175234330856],[115.76884813266453,35.97466131172631],[115.98364633426661,36.046482117832326],[116.09206000147199,36.112904628054565],[116.03930254844691,35.967385347709026],[115.90653928753767,35.96057880072513],[115.8578401001299,35.85918472151663],[115.76739875208692,35.85425584266622],[115.68768282031826,35.75427001455784],[115.50535074365469,35.72493144997205],[115.34012135780694,35.54725710284049],[115.3499771457347,35.49374356103601],[115.2360558323344,35.42473925713023],[115.08329111945412,35.415116207946085],[114.92501876037889,35.24870786961547],[114.92675801707202,35.19918437259466],[114.84269394357054,35.169845808008866],[114.87313093570037,35.0902796208522],[114.82385199606158,35.07948302908463],[114.82182286325292,35.010948142212214],[114.92240987533918,34.9701088603088],[115.02502602023411,34.96893531772537],[115.11227873100634,35.00695809742855],[115.15083225437081,34.96072051964134],[115.21924301763411,34.954148681174125],[115.24040397406723,34.843835678331544],[115.31345275517887,34.8619082341164],[115.42592468800156,34.804874064561616],[115.4395488654311,34.66287541196638],[115.52912058512753,34.576502677825815],[115.67840678462156,34.55678716242416],[115.69087145758901,34.59480994212735],[115.82334484238274,34.559134247591025],[115.96973228072154,34.58213568222628],[115.99524137888751,34.61546429159574],[116.19351664190481,34.5715737989754],[116.24337533377467,34.55326653467387],[116.273522449789,34.606075950928286],[116.36976132014243,34.63705747513089],[116.40802496739138,34.86284706818314],[116.4393315878678,34.896175677552606],[116.69964033960689,34.93701495945602],[116.80979326350538,34.92786132730525],[116.9628478525012,34.87012303220042],[116.98922657901375,34.80158814532801],[117.07474003309284,34.70160231721963],[117.05212969608209,34.65466061388236],[117.12285946826955,34.644802856181535],[117.16837001840658,34.50820249947009],[117.23504152497672,34.44553532551484],[117.26257975595135,34.53425514482227],[117.34635395333731,34.585186892943206],[117.39679239743822,34.57016554787528],[117.48230585151731,34.470649136800276],[117.58318273971909,34.463373172783],[117.67855198172596,34.54786823879008],[117.79131379066416,34.522754427504644],[117.78580614446923,34.64621110728166],[117.89769832506087,34.6455069817316],[117.94581776023759,34.67907029961774],[118.00988038176804,34.64949702651526],[118.09568371196266,34.65653828201585],[118.07220374660535,34.57110438194203],[118.18380605108146,34.544817028073155],[118.12148268624415,34.48613989890157],[118.17163125422952,34.455627791732354],[118.16496410357252,34.38239873452622],[118.294538727211,34.42605451862987],[118.40382202276295,34.43473873374727],[118.43338938654622,34.527918014871744],[118.41773607630802,34.57603326079244],[118.45541997132594,34.65724240756592],[118.52556999128235,34.71498070267075],[118.67427643854532,34.679539716651114],[118.77196468947636,34.72202195817134],[118.70471343067518,34.75136052275713],[118.76906592832114,34.79783280906103],[118.79399527425608,34.875521328084204],[118.85284012570712,34.93889262758951],[118.85486925851578,35.02456123618003],[118.90501782650114,35.05037917301552],[119.12097553256532,35.05507334334925],[119.12706293099129,35.0970861678361],[119.23808548323635,35.127128857971954],[119.29577083022531,35.09074903788557]]],[[[120.73529561990944,37.90959832328845],[120.75906546138228,37.92344612577294],[120.71935243355571,37.986582716761575],[120.73529561990944,37.90959832328845]]],[[[121.64202810926344,37.47468344186868],[121.63043306464255,37.484541199569506],[121.57999462054164,37.444406043216134],[121.64202810926344,37.47468344186868]]],[[[120.75239831072525,38.1698900682936],[120.74022351387332,38.19805509029595],[120.73558549602495,38.16167527020957],[120.75239831072525,38.1698900682936]]],[[[120.83994089761302,38.30320450577143],[120.82950535745421,38.31728701677261],[120.80689502044346,38.29851033543771],[120.83994089761302,38.30320450577143]]],[[[120.16597892902348,35.74253458872352],[120.18656013322558,35.75661709972471],[120.16568905290796,35.77492436402623],[120.16597892902348,35.74253458872352]]],[[[120.61615653642974,37.94715168595826],[120.61905529758496,37.97954146126098],[120.59557533222765,37.96569365877649],[120.61615653642974,37.94715168595826]]],[[[122.18148756025059,37.51176738750512],[122.1698925156297,37.50073608722086],[122.19801049883536,37.50050137870417],[122.18148756025059,37.51176738750512]]],[[[120.92168596219034,38.39145490804549],[120.91588843987988,38.39920028909614],[120.89820599683301,38.382770692928105],[120.92168596219034,38.39145490804549]]],[[[120.45614492066139,37.78402926686127],[120.43295483141961,37.78309043279452],[120.4497676461199,37.771355006960206],[120.45614492066139,37.78402926686127]]]]}},{"type":"Feature","properties":{"adcode":"410000","name":"河南省"},"geometry":{"type":"Polygon","coordinates":[[[115.47723276044903,36.148110905557516],[115.36852921712813,36.12792597312249],[115.30649572840633,36.08732139973574],[115.2450419919156,36.189419604494304],[115.14300559925172,36.21054337099608],[115.0534338795553,36.17932713827679],[115.04270846328097,36.11337404508794],[114.98386361182993,36.06150346290025],[114.91139458294933,36.06032992031682],[114.90675656510098,36.14060023302355],[114.76587677295711,36.124405345372196],[114.58122568736934,36.14106965005692],[114.33917913090816,36.25560740619986],[114.19713983430219,36.24551493998234],[114.12496068153712,36.28166005155204],[114.0559701660428,36.2736799619847],[114.0275623067216,36.34949081287438],[113.9043649576246,36.314519243888114],[113.73652668673714,36.35840973650846],[113.65072335654251,36.165714044308984],[113.69507440221744,35.990621490860974],[113.62869277176281,35.97630427134311],[113.65043348042698,35.93569969795638],[113.63622955076639,35.82257019291356],[113.58521135443445,35.823509026980304],[113.58724048724312,35.69277638318602],[113.6194167360661,35.63339512846438],[113.54317931768372,35.63292571143101],[113.50317641374163,35.51885737232145],[113.37679042737386,35.500784816536594],[113.29620486725864,35.42450454861354],[113.23504100688342,35.454312530232706],[113.11793105621238,35.330621141939005],[112.99038556538254,35.363480334275096],[112.98661717588075,35.29963961773641],[112.87762375644434,35.239788945981395],[112.81037249764314,35.25504499956601],[112.70717660051717,35.18862248934377],[112.62630116428643,35.27123988721736],[112.61267698685688,35.2207775561298],[112.3993281658324,35.242605448181635],[112.28047895846822,35.22101226464649],[112.14423718417271,35.269362219083874],[112.0468388093572,35.271005178700676],[112.07466691644734,35.21960401354637],[112.05640472116943,35.057655137032796],[111.92625034529988,35.084177199418356],[111.80885051851332,35.06845172880037],[111.80160361562525,35.03488841091422],[111.66304283240557,34.988885541643704],[111.56477482924348,34.84477451239829],[111.3435993530999,34.83186554398054],[111.23402618143245,34.794546889827416],[111.14735322289125,34.81426240522907],[111.11894536357006,34.76286124007476],[110.96386164176559,34.70113290018625],[110.91255356931813,34.72507316888826],[110.89371162180917,34.66193657789964],[110.82501098243037,34.61734195972923],[110.75138244908769,34.65466061388236],[110.6557233309653,34.590350480310306],[110.60586463909544,34.612882497912196],[110.52701833567338,34.585186892943206],[110.47281150207068,34.6178113767626],[110.37164473775337,34.60067765504451],[110.35831043643935,34.51101900167033],[110.40556024326949,34.42112563977946],[110.47136212149307,34.40962492246183],[110.49687121965904,34.323721605354635],[110.42295281020083,34.28921945340174],[110.43628711151487,34.2418083330311],[110.63775101180292,34.162007437357744],[110.58847207216411,34.10732035296983],[110.67166651731904,33.9498309382733],[110.58528343489337,33.90077685828585],[110.60557476297993,33.8536004464319],[110.70645165118171,33.83576259916374],[110.81167668111635,33.75314520129015],[110.81834383177335,33.686722691067914],[110.8745797981847,33.63297444074675],[111.0000961562059,33.576644396742026],[111.02676475883395,33.485342783751044],[111.00444429793873,33.437227537830346],[111.03140277668231,33.36986619354137],[110.98821123546946,33.253920186298316],[111.14184557669634,33.125065210637516],[111.2696809436417,32.987291311342645],[111.23895407539632,32.88425427251734],[111.38157312423334,32.81689292822836],[111.5726014843626,32.59039920962605],[111.61579302557541,32.62959553191267],[111.70971288700467,32.60870647392758],[111.75754244606586,32.561999479107],[111.88653731747331,32.5019140988353],[111.94654167338646,32.51810898648666],[112.00625615318407,32.452390601814486],[112.1491650781366,32.37916154460835],[112.14452706028824,32.413663696561244],[112.31816285348614,32.3284645050041],[112.35468724404197,32.36836495284078],[112.43788168919689,32.34630235227226],[112.54078771020733,32.41249015397781],[112.57586272018554,32.38526396604219],[112.7657315758527,32.34818002040575],[112.89907458899299,32.398642351493315],[112.98458804307208,32.37071203800764],[113.0248808231297,32.42774620756242],[113.11358291447955,32.37728387647486],[113.19793686409656,32.43431804602964],[113.42172122527984,32.27119562693264],[113.60956094813834,32.35968073772338],[113.6452157103476,32.414837239144674],[113.72725065104042,32.41389840507793],[113.74754197912699,32.331515715721025],[113.73246842111982,32.256408990381395],[113.7773992190258,32.18834352054236],[113.71884424369027,32.08859240095067],[113.78609550249146,32.0364871102463],[113.75044074028222,31.995882536859565],[113.8084159633867,31.967482806340517],[113.85421638963922,31.843322001013448],[113.91190173662818,31.88087536368326],[113.95248439280131,31.859282180148117],[113.98408088939325,31.751081553955718],[114.08292864478638,31.78112424409157],[114.12698981434579,31.845199669146936],[114.18902330306757,31.85224092464753],[114.29743697027294,31.756245141322818],[114.44614341753592,31.730661913004006],[114.51281492410607,31.769858235290624],[114.57948643067621,31.766572316057015],[114.55455708474129,31.564722991706766],[114.63978066270488,31.583499673041675],[114.6919583634989,31.526230794970207],[114.76123875510875,31.525057252386777],[114.83080902283412,31.45957357623129],[114.85457886430694,31.48069734273306],[114.99342952364216,31.472717253165722],[115.017199365115,31.52857788013707],[115.09024814622664,31.51003590731885],[115.12126489058754,31.600633394759775],[115.16706531684008,31.604623439543445],[115.22533041606007,31.548997521088783],[115.20300995516484,31.449715818530464],[115.25605728430546,31.388222187158643],[115.3693988454747,31.406529451460177],[115.36910896935917,31.501351692201457],[115.52216355835499,31.702027473968272],[115.67695740404395,31.78159366112494],[115.80972066495319,31.765164064956895],[115.90537978307557,31.79520675509275],[115.89059610118393,31.878528278516395],[115.91726470381198,31.92194935410337],[115.93378764239677,32.16416854332367],[115.89378473845468,32.39488701522633],[115.83928802873646,32.506842977685714],[115.78247231009408,32.47046315759933],[115.69927786493916,32.497454637018265],[115.66072434157468,32.41108190287769],[115.56071708171947,32.40638773254396],[115.40592323603052,32.577255532691616],[115.30011845386485,32.55495822360641],[115.20822772524426,32.58969508407599],[115.17460209584365,32.680292571516915],[115.1946035478147,32.85702808458173],[115.1374979530568,32.895989698351656],[115.01603986065291,32.909368083802775],[114.88037783858844,32.9776682621585],[114.92009086641501,33.01874225257861],[114.89400201601799,33.128585838387814],[114.97226856720903,33.148770770822836],[114.98995101025591,33.09971669083539],[115.14793349321559,33.08094000950049],[115.16677544072455,33.11192153370308],[115.29750956882515,33.15017902192296],[115.35925318143141,33.34170117153901],[115.3070754806374,33.39075525152645],[115.34041123392245,33.505527716186066],[115.41056125387888,33.55669417282369],[115.63028734944484,33.58603273740948],[115.59173382608036,33.734133811438554],[115.62970759721378,33.86674412336634],[115.54071562974842,33.876836589583846],[115.59898072896843,34.035264838347125],[115.70768427228931,34.06389927738286],[115.80943078883766,34.05333739413197],[115.98016782088035,33.99231317979353],[115.97987794476482,33.90288923493603],[116.059883752649,33.84820215054812],[116.05437610645407,33.80360753237771],[116.1506149768075,33.70948941718649],[116.25873876789734,33.72943964110483],[116.33265717735556,33.78389201697606],[116.43179480886421,33.801025738694165],[116.4344036939039,33.84820215054812],[116.6376068508851,33.88505138766787],[116.64485375377316,33.97494474955874],[116.52977293591078,34.142761338989466],[116.56049980415614,34.174681697258805],[116.5468756267266,34.29344420670209],[116.36657268287168,34.26879981245003],[116.15293398573169,34.450933621398626],[116.20337242983257,34.51477433793731],[116.19351664190481,34.5715737989754],[115.99524137888751,34.61546429159574],[115.96973228072154,34.58213568222628],[115.82334484238274,34.559134247591025],[115.69087145758901,34.59480994212735],[115.67840678462156,34.55678716242416],[115.52912058512753,34.576502677825815],[115.4395488654311,34.66287541196638],[115.42592468800156,34.804874064561616],[115.31345275517887,34.8619082341164],[115.24040397406723,34.843835678331544],[115.21924301763411,34.954148681174125],[115.15083225437081,34.96072051964134],[115.11227873100634,35.00695809742855],[115.02502602023411,34.96893531772537],[114.92240987533918,34.9701088603088],[114.82182286325292,35.010948142212214],[114.82385199606158,35.07948302908463],[114.87313093570037,35.0902796208522],[114.84269394357054,35.169845808008866],[114.92675801707202,35.19918437259466],[114.92501876037889,35.24870786961547],[115.08329111945412,35.415116207946085],[115.2360558323344,35.42473925713023],[115.3499771457347,35.49374356103601],[115.34012135780694,35.54725710284049],[115.50535074365469,35.72493144997205],[115.68768282031826,35.75427001455784],[115.76739875208692,35.85425584266622],[115.8578401001299,35.85918472151663],[115.90653928753767,35.96057880072513],[116.03930254844691,35.967385347709026],[116.09206000147199,36.112904628054565],[115.98364633426661,36.046482117832326],[115.76884813266453,35.97466131172631],[115.68565368750961,35.96175234330856],[115.4418678743553,35.86106238965013],[115.35693417250724,35.78173091101014],[115.32852631318605,35.79417046239452],[115.35664429639172,35.97747781392654],[115.44128812212425,36.008928755162515],[115.47723276044903,36.148110905557516]]]}},{"type":"Feature","properties":{"adcode":"420000","name":"湖北省"},"geometry":{"type":"MultiPolygon","coordinates":[[[[110.98821123546946,33.253920186298316],[110.9186409677441,33.21026440219466],[110.81573494673366,33.19477364009336],[110.81660457508022,33.15534260929006],[110.71949607638022,33.1323411746548],[110.70529214671963,33.095961354568416],[110.59571897505216,33.17106807990804],[110.5818049215071,33.23678646458022],[110.52730821178889,33.25673668849855],[110.46614435141367,33.1872629675594],[110.20960398917637,33.16285328182402],[110.15771616449786,33.212846195878214],[109.97770309675846,33.20087606152721],[109.86465141170473,33.25016485003134],[109.7075385570916,33.23467408793004],[109.61999597020385,33.272931576149915],[109.60579204054325,33.23303112831323],[109.51853932977102,33.243593011564116],[109.43737401742474,33.15252610708982],[109.56868789775638,33.11708512107019],[109.68173958281011,33.11778924662025],[109.79653052455697,33.06850045811611],[109.76087576234772,32.91077633490289],[109.78435572770503,32.8849583980674],[109.86494128782026,32.915001088203255],[109.98755888468622,32.88707077471757],[110.13510582748711,32.81055579827783],[110.14901988103219,32.6805272800336],[110.20119758182622,32.63781032999669],[110.02930104532145,32.54510046590559],[109.88871112929309,32.59509337995978],[109.81740160487459,32.57772494972499],[109.7243513717919,32.60776763986084],[109.62115547466593,32.59931813326013],[109.63477965209549,32.54017158705517],[109.57999306626175,32.51576190131979],[109.49563911664475,32.38784575972574],[109.48752258541012,32.295605312668016],[109.60347303161907,32.2047731167104],[109.61100981062265,32.07803051769978],[109.58144244683936,32.030384688812454],[109.62492386416773,31.95973742528987],[109.57883356179967,31.89613141726787],[109.635069528211,31.818208189728008],[109.57970319014623,31.728549536353828],[109.73014889410234,31.69662917808449],[109.75217947888206,31.602745771409953],[109.71478545997967,31.558385861756236],[109.84464995973369,31.553926399939197],[109.96436879544443,31.510270615835537],[110.05104175398563,31.41098891327722],[110.10872710097458,31.414274832510827],[110.15278827053397,31.333769811287414],[110.18206575820173,31.13051223583705],[110.11510437551607,31.082631698433037],[110.146700872108,30.91387627493556],[110.07829010884473,30.804971523193103],[110.01335785896771,30.833605962228834],[110.00321219492443,30.886884795516632],[109.88871112929309,30.90237555761793],[109.76957204581339,30.847219056196643],[109.65594060852862,30.764366949806366],[109.57129678279608,30.651706861796924],[109.53100400273848,30.669779417581772],[109.43128661899877,30.59842802850913],[109.34635291715071,30.48952327676667],[109.35765808565608,30.55477224440547],[109.2889574462773,30.626358341994802],[109.19184894757728,30.54749628038819],[109.12517744100714,30.533413769387014],[109.07618837748387,30.602418073292796],[109.11851029035013,30.633634306012077],[109.03763485411939,30.65780928323077],[108.95965817904387,30.62847071864498],[108.83675070606239,30.5061875814514],[108.73645357009164,30.49891161743412],[108.68630500210627,30.58997852190842],[108.55875951127642,30.47896139351578],[108.4225177369809,30.494452155617083],[108.39758839104599,30.379679690957463],[108.45846237530569,30.359025341489065],[108.56426715747133,30.256223011180452],[108.52832251914657,30.0853552110328],[108.53875805930537,29.99499243210856],[108.51904648344986,29.89148597624989],[108.38599334642508,29.864025079797585],[108.36251338106777,29.822716380860793],[108.42338736532747,29.81191978909322],[108.43266340102419,29.743150193704125],[108.49063862412865,29.715219880218452],[108.59267501679254,29.8637903712809],[108.65673763832298,29.856044990230252],[108.68398599318209,29.71193396098484],[108.75645502206268,29.64105198894557],[108.84167860002626,29.661706338413968],[108.88458026512357,29.63002068866131],[108.86052054753522,29.4739395250649],[108.93849722261074,29.414792978859943],[108.91559700948446,29.329359078786116],[109.03067782734685,29.363626522222322],[109.04836027039372,29.40657818077592],[109.10227722788088,29.37066777772291],[109.10604561738268,29.22092374407703],[109.22663408143998,29.118356122285103],[109.27388388827012,29.12422383520226],[109.25967995860952,29.22679145699419],[109.35302006780773,29.295091635349912],[109.33301861583669,29.367381858489303],[109.38084817489789,29.395312171974975],[109.427518229497,29.533086071269857],[109.46056410666654,29.51876885175199],[109.50897341795877,29.626030643877645],[109.6063717927743,29.637296652678586],[109.65883936968385,29.600212707042147],[109.71217657493996,29.618754679860366],[109.74754146103369,29.742446068154067],[109.81450284371937,29.77600938604021],[109.97393470725666,29.77178463273986],[110.12438041121278,29.792438982208253],[110.24931701700294,29.732353601936552],[110.29859595664173,29.664288132097514],[110.36903585271367,29.63635781861184],[110.44353401440293,29.670390553531362],[110.46237596191187,29.715689297251824],[110.51861192832322,29.695034947783427],[110.6374611356874,29.778825888240448],[110.60818364801963,29.83445180669511],[110.54528053095127,29.848769026212974],[110.50324849420053,29.94898956283804],[110.54354127425813,30.001798979092467],[110.48701543173128,30.021045077460744],[110.52759808790441,30.06681323821458],[110.6441282863444,30.079956915149015],[110.70210350944888,30.035597005495298],[110.74848368793246,30.10647897753457],[110.84153392101516,30.1283068695864],[110.91951059609067,30.111173147868296],[110.9186409677441,30.071742117064993],[111.03024327222022,30.051087767596595],[111.23837432316529,30.042872969512572],[111.39954544339572,29.913313868301717],[111.51114774787183,29.930917007053193],[111.54593288173453,29.898057814717106],[111.67666700983511,29.887261222949533],[111.7813122875387,29.91636507901864],[111.85552057311243,29.861677994630725],[111.9497303106572,29.842197187745757],[111.95668733742974,29.796194318475237],[112.06944914636794,29.746905529971105],[112.05959335844018,29.685177190082598],[112.15815123771779,29.664522840614204],[112.29758164928406,29.588242572691144],[112.27265230334913,29.510788762184653],[112.3642531558542,29.544352080070798],[112.4483172293557,29.638000778228648],[112.530062293933,29.602325083692325],[112.5677461889509,29.62696947794439],[112.68775490077718,29.602325083692325],[112.86573883570792,29.790561314074765],[112.9225545543503,29.771080507189797],[112.93096096170045,29.67743180903195],[113.01154652181567,29.771315215706483],[113.00227048611896,29.701372077733957],[112.90690124411209,29.607958088092797],[112.95386117482673,29.46924535473117],[113.05415831079746,29.524636564669148],[113.07097112549775,29.444835668995793],[113.1570643318079,29.463847058847385],[113.34316479797327,29.67860535161538],[113.56549977857894,29.85041198582978],[113.53216402529387,29.700902660700585],[113.55129584891833,29.676727683481893],[113.65912976389266,29.686350732666032],[113.73565705839057,29.593406160058244],[113.62521425837654,29.525575398735892],[113.68318948148102,29.512197013284773],[113.74928123582012,29.443662126412363],[113.67014505628251,29.392965086808115],[113.60115454078819,29.270681949614534],[113.68637811875178,29.199095852025202],[113.6556512505064,29.163185448972193],[113.67942109197924,29.085262221432327],[113.72580127046281,29.06273020383044],[113.81305398123504,29.10755953051753],[113.890161027964,29.032922222211276],[113.9394399676028,29.047708858762515],[113.94813625106848,29.10051827501694],[114.08582740594161,29.214821322643186],[114.24960741121174,29.23876159134519],[114.25192642013593,29.346023383470847],[114.30410412092996,29.368320692556047],[114.3693262469225,29.323726074385643],[114.4342584967995,29.344615132370727],[114.50904653460427,29.32583845103582],[114.66818852202607,29.396016297525037],[114.75312222387413,29.36503477332244],[114.92183012310815,29.41925244067698],[114.87805882966427,29.442723292345615],[114.89081337874725,29.530504277586306],[114.93081628268934,29.49811450228359],[114.95255699135352,29.556556922938487],[115.0818417388765,29.56265934437233],[115.15547027221919,29.510788762184653],[115.15257151106395,29.604906877375875],[115.10155331473202,29.66663521726438],[115.22591016829111,29.65372624884663],[115.28301576304904,29.62227530761066],[115.3578038008538,29.655603916980123],[115.46940610532991,29.746436112937733],[115.46505796359708,29.809807412443043],[115.50593049588574,29.842197187745757],[115.6995677410547,29.84008481109558],[115.83957790485199,29.74807907255454],[115.92741036785527,29.72085288461892],[116.03031638886571,29.753712076955008],[116.13293253376064,29.82670642564446],[116.1245261264105,29.899231357300536],[116.07495731065617,29.9616638227391],[116.08394347023736,30.12877628661977],[116.06046350488005,30.212332518560107],[115.90566965919109,30.30762417633476],[115.87929093267856,30.382730901674385],[115.90856842034631,30.519800675419205],[115.87349341036811,30.584110808991262],[115.81319917833946,30.5988974455425],[115.75609358358155,30.689964350016798],[115.77290639828185,30.74887618770507],[115.8436361704693,30.757560402822463],[115.8642173746714,30.871394033415335],[115.97234116576124,30.93593887550408],[116.06858003611467,30.957766767555906],[116.05234697364543,31.015505062660743],[115.93465727074333,31.046956003896714],[115.88016056102512,31.14459474683823],[115.77174689381977,31.105633133068295],[115.70797414840483,31.201394207876323],[115.6401431373726,31.222048557344717],[115.5792691531129,31.144829455354916],[115.51520653158245,31.265939049965063],[115.46969598144544,31.26500021589832],[115.43751973262246,31.34738290525522],[115.37229760662993,31.34996469893877],[115.3693988454747,31.406529451460177],[115.25605728430546,31.388222187158643],[115.20300995516484,31.449715818530464],[115.22533041606007,31.548997521088783],[115.16706531684008,31.604623439543445],[115.12126489058754,31.600633394759775],[115.09024814622664,31.51003590731885],[115.017199365115,31.52857788013707],[114.99342952364216,31.472717253165722],[114.85457886430694,31.48069734273306],[114.83080902283412,31.45957357623129],[114.76123875510875,31.525057252386777],[114.6919583634989,31.526230794970207],[114.63978066270488,31.583499673041675],[114.55455708474129,31.564722991706766],[114.57948643067621,31.766572316057015],[114.51281492410607,31.769858235290624],[114.44614341753592,31.730661913004006],[114.29743697027294,31.756245141322818],[114.18902330306757,31.85224092464753],[114.12698981434579,31.845199669146936],[114.08292864478638,31.78112424409157],[113.98408088939325,31.751081553955718],[113.95248439280131,31.859282180148117],[113.91190173662818,31.88087536368326],[113.85421638963922,31.843322001013448],[113.8084159633867,31.967482806340517],[113.75044074028222,31.995882536859565],[113.78609550249146,32.0364871102463],[113.71884424369027,32.08859240095067],[113.7773992190258,32.18834352054236],[113.73246842111982,32.256408990381395],[113.74754197912699,32.331515715721025],[113.72725065104042,32.41389840507793],[113.6452157103476,32.414837239144674],[113.60956094813834,32.35968073772338],[113.42172122527984,32.27119562693264],[113.19793686409656,32.43431804602964],[113.11358291447955,32.37728387647486],[113.0248808231297,32.42774620756242],[112.98458804307208,32.37071203800764],[112.89907458899299,32.398642351493315],[112.7657315758527,32.34818002040575],[112.57586272018554,32.38526396604219],[112.54078771020733,32.41249015397781],[112.43788168919689,32.34630235227226],[112.35468724404197,32.36836495284078],[112.31816285348614,32.3284645050041],[112.14452706028824,32.413663696561244],[112.1491650781366,32.37916154460835],[112.00625615318407,32.452390601814486],[111.94654167338646,32.51810898648666],[111.88653731747331,32.5019140988353],[111.75754244606586,32.561999479107],[111.70971288700467,32.60870647392758],[111.61579302557541,32.62959553191267],[111.5726014843626,32.59039920962605],[111.38157312423334,32.81689292822836],[111.23895407539632,32.88425427251734],[111.2696809436417,32.987291311342645],[111.14184557669634,33.125065210637516],[110.98821123546946,33.253920186298316]],[[112.90980000526731,29.803470282492512],[112.9341495989712,29.773192883839975],[112.88979855329627,29.800184363258904],[112.90980000526731,29.803470282492512]]],[[[113.12749696802462,29.432161409094732],[113.1092347727467,29.438498539045263],[113.11648167563477,29.423477193977337],[113.12749696802462,29.432161409094732]]]]}},{"type":"Feature","properties":{"adcode":"430000","name":"湖南省"},"geometry":{"type":"MultiPolygon","coordinates":[[[[113.9394399676028,29.047708858762515],[113.890161027964,29.032922222211276],[113.81305398123504,29.10755953051753],[113.72580127046281,29.06273020383044],[113.67942109197924,29.085262221432327],[113.6556512505064,29.163185448972193],[113.68637811875178,29.199095852025202],[113.60115454078819,29.270681949614534],[113.67014505628251,29.392965086808115],[113.74928123582012,29.443662126412363],[113.68318948148102,29.512197013284773],[113.62521425837654,29.525575398735892],[113.73565705839057,29.593406160058244],[113.65912976389266,29.686350732666032],[113.55129584891833,29.676727683481893],[113.53216402529387,29.700902660700585],[113.56549977857894,29.85041198582978],[113.34316479797327,29.67860535161538],[113.1570643318079,29.463847058847385],[113.07097112549775,29.444835668995793],[113.05415831079746,29.524636564669148],[112.95386117482673,29.46924535473117],[112.90690124411209,29.607958088092797],[113.00227048611896,29.701372077733957],[113.01154652181567,29.771315215706483],[112.93096096170045,29.67743180903195],[112.9225545543503,29.771080507189797],[112.86573883570792,29.790561314074765],[112.68775490077718,29.602325083692325],[112.5677461889509,29.62696947794439],[112.530062293933,29.602325083692325],[112.4483172293557,29.638000778228648],[112.3642531558542,29.544352080070798],[112.27265230334913,29.510788762184653],[112.29758164928406,29.588242572691144],[112.15815123771779,29.664522840614204],[112.05959335844018,29.685177190082598],[112.06944914636794,29.746905529971105],[111.95668733742974,29.796194318475237],[111.9497303106572,29.842197187745757],[111.85552057311243,29.861677994630725],[111.7813122875387,29.91636507901864],[111.67666700983511,29.887261222949533],[111.54593288173453,29.898057814717106],[111.51114774787183,29.930917007053193],[111.39954544339572,29.913313868301717],[111.23837432316529,30.042872969512572],[111.03024327222022,30.051087767596595],[110.9186409677441,30.071742117064993],[110.91951059609067,30.111173147868296],[110.84153392101516,30.1283068695864],[110.74848368793246,30.10647897753457],[110.70210350944888,30.035597005495298],[110.6441282863444,30.079956915149015],[110.52759808790441,30.06681323821458],[110.48701543173128,30.021045077460744],[110.54354127425813,30.001798979092467],[110.50324849420053,29.94898956283804],[110.54528053095127,29.848769026212974],[110.60818364801963,29.83445180669511],[110.6374611356874,29.778825888240448],[110.51861192832322,29.695034947783427],[110.46237596191187,29.715689297251824],[110.44353401440293,29.670390553531362],[110.36903585271367,29.63635781861184],[110.29859595664173,29.664288132097514],[110.24931701700294,29.732353601936552],[110.12438041121278,29.792438982208253],[109.97393470725666,29.77178463273986],[109.81450284371937,29.77600938604021],[109.74754146103369,29.742446068154067],[109.71217657493996,29.618754679860366],[109.65883936968385,29.600212707042147],[109.6063717927743,29.637296652678586],[109.50897341795877,29.626030643877645],[109.46056410666654,29.51876885175199],[109.427518229497,29.533086071269857],[109.38084817489789,29.395312171974975],[109.33301861583669,29.367381858489303],[109.35302006780773,29.295091635349912],[109.25967995860952,29.22679145699419],[109.27388388827012,29.12422383520226],[109.22663408143998,29.118356122285103],[109.31649567725191,29.0479435672792],[109.23040247094177,28.88294348004871],[109.23562024102117,28.781549400840213],[109.28808781793072,28.75338437883785],[109.26663698538206,28.672879357614438],[109.18924006253759,28.640254873795037],[109.19619708931012,28.605283304808776],[109.28315992396685,28.630631824610898],[109.31649567725191,28.588619000124044],[109.2698256226528,28.49802151268312],[109.25359256018356,28.432537836527633],[109.28431942842893,28.376677209556284],[109.26808636595968,28.312367075984227],[109.3927330956343,28.27129308556412],[109.3628758557355,28.25603703197951],[109.29243595966355,28.034002775194235],[109.37389114812535,28.03752340294453],[109.29591447304983,27.959130758371295],[109.32809072187281,27.79483479669086],[109.37678990928057,27.72958582905206],[109.46839076178564,27.680531749064617],[109.45824509774235,27.569984037705353],[109.29243595966355,27.480090675814488],[109.28953719850833,27.424464757359825],[109.20605287723788,27.460140451896148],[109.1388016184367,27.42423004884314],[109.0999582189567,27.34020439986943],[108.90197283205492,27.21275767530875],[108.92342366460358,27.167224223071603],[108.88168150396834,27.11277184720037],[108.78979077534775,27.090943955148543],[108.88139162785282,27.005040638041343],[109.077927634177,27.119813102700963],[109.09618982945491,27.074279650463815],[109.15851319429223,27.06817722902997],[109.23793924994536,27.152437586520364],[109.25967995860952,27.13014027743516],[109.41244467148982,27.155958214270658],[109.46839076178564,27.13647740738569],[109.45389695600952,27.085545659264756],[109.51535069250028,27.062309516112812],[109.55535359644236,26.957864226187393],[109.43418538015399,26.891441715965158],[109.50955317018982,26.883931043431197],[109.50491515234145,26.770801538388383],[109.41476368041401,26.72738046280141],[109.28373967619788,26.696868355632187],[109.35012130665251,26.660723244062492],[109.4069370252949,26.543838402752698],[109.3733113958943,26.46051687932905],[109.32490208460206,26.435168359526923],[109.26837624207519,26.33612136548529],[109.33649712922296,26.266647644546136],[109.47186927517191,26.30232333908246],[109.43186637122983,26.247636254694545],[109.50085688672415,26.10117814028227],[109.44636017700594,26.103994642482505],[109.47882630194445,26.033816795993292],[109.51506081638475,26.002600563274008],[109.59796538542415,26.02818379159282],[109.72609062848504,25.99485518222336],[109.67449267992205,25.925616169800893],[109.68898648569817,25.881725677180548],[109.82609788834026,25.91106424176634],[109.78609498439818,26.017856616858623],[109.8617526505495,26.031000293793056],[109.90842270514861,26.155865224670187],[109.96378904321338,26.203276345040827],[110.02698203639727,26.167365941987818],[110.09336366685189,26.17159069528817],[110.06437605529965,26.04484809627755],[110.15974529730651,26.025367289392584],[110.18525439547248,26.07043132459636],[110.26178168997039,25.964577783570824],[110.31975691307487,25.977956169021944],[110.37280424221547,26.100943431765582],[110.55194768160828,26.24716683766117],[110.60963302859724,26.33682549103535],[110.73456963438738,26.27486244263016],[110.83892503597545,26.261014640145664],[110.9342942779823,26.29223087286495],[110.94038167640828,26.376960647388714],[111.1001034160611,26.30607867534944],[111.20040055203185,26.309129886066362],[111.27721772264528,26.27228064894661],[111.25953527959842,26.0645636116792],[111.19054476410409,25.959179487687038],[111.24533134993783,25.86999025134623],[111.30272682081124,25.89228756043143],[111.48824753474557,25.87116379392966],[111.42998243552557,25.84581527412754],[111.43838884287572,25.7761068446717],[111.30359644915782,25.724236262484016],[111.33780183078946,25.6094637978244],[111.2957697940387,25.45197438312787],[111.20648795045781,25.367009900087414],[111.17808009113662,25.370999944871084],[111.09662490267485,25.283218959630393],[111.10735031894916,25.219143534575025],[110.99429863389544,25.1663341183206],[110.9458893226032,25.045693940743824],[110.98647197877634,24.928574390917344],[111.09604515044379,24.949463448902428],[111.09720465490588,25.031611429742643],[111.1931536491438,25.072685420162752],[111.2827253688402,25.147322728469007],[111.3175105027029,25.106483446565584],[111.42070639982886,25.108361114699076],[111.41316962082527,25.043112147060274],[111.4653473216193,25.03442793194288],[111.42853305494796,24.97035250688751],[111.4615789321175,24.935380937901247],[111.45027376361215,24.852059414477598],[111.48158038408856,24.803709460040213],[111.42505454156169,24.690110537964028],[111.56622420982109,24.6476282964438],[111.67608725760408,24.782116276505068],[111.95552783296765,24.7764832721046],[112.01727144557391,24.743154662735137],[112.08974047445452,24.825772060608728],[112.15525247656257,24.84666111859381],[112.16974628233868,24.92951322498409],[112.11756858154466,24.995231609656262],[112.14887520202107,25.03114201270927],[112.18105145084405,25.186988467788996],[112.29526264035988,25.159762279853382],[112.35671637685061,25.19567268290639],[112.40570544037391,25.142159141101907],[112.45237549497301,25.154363983969596],[112.55962965771629,25.126433670483923],[112.65615840418523,25.135822011151376],[112.70688672440164,25.086063805613872],[112.73790346876254,24.96119887473674],[112.78805203674793,24.89360282193108],[112.98516779530314,24.92880909943403],[113.0042996189276,24.98490443492206],[112.97357275068224,25.036540308593057],[113.01067689346911,25.084655554513756],[112.9602384493682,25.145445060335515],[113.02893908874702,25.199897436206744],[112.98748680422732,25.25012505877762],[112.86805784463209,25.25012505877762],[112.84660701208344,25.335089541818075],[112.9173367842709,25.299179138765066],[112.9770512640685,25.356682725353217],[113.07560914334611,25.386255998455695],[113.14430978272492,25.49469133316478],[113.1738771465082,25.471689898529522],[113.23649038746103,25.518866310383473],[113.30432139849327,25.49422191613141],[113.43882391609566,25.362550438270375],[113.47418880218939,25.380388285538537],[113.57506569039117,25.347998510235822],[113.57303655758253,25.318894654166716],[113.74841160747356,25.36395868937049],[113.81682237073684,25.33344658220127],[113.87827610722758,25.436953038059944],[113.9394399676028,25.44469841911059],[113.97886311931384,25.53130586176785],[113.90813334712638,25.703112495982246],[113.96436931353773,25.835488099393338],[114.02234453664221,25.896747022248473],[114.00263296078668,26.01668307427519],[114.04002697968906,26.08075849933056],[114.22554769362338,26.154456973570067],[114.17221048836727,26.216889439008632],[114.05104227207892,26.16783535902119],[113.93770071090967,26.168070067537876],[114.02408379333534,26.26969885526306],[114.026112926144,26.378603607005516],[114.08321852090191,26.41357517599178],[114.06843483901025,26.483987730997683],[114.10235034452637,26.57904468025565],[113.99132779228131,26.618945128092324],[113.90233582481594,26.61730216847552],[113.86088354029624,26.65626378224545],[113.82986679593535,26.800140102974176],[113.88581288623116,26.865389070612977],[113.88900152350192,26.966313732788098],[113.76377504159623,27.12192547935114],[113.86610131037564,27.297487449832516],[113.86726081483772,27.370247090005282],[113.61361921375564,27.35240924273712],[113.57593531873775,27.535247177235775],[113.60202416913475,27.638988341611135],[113.64608533869415,27.66292861031314],[113.7594268998634,27.805631388458433],[113.72261263319206,27.880033988248],[113.74377358962519,27.933782238569172],[113.85682527467893,28.009593089458857],[113.89769780696759,27.991285825157323],[113.95828191511175,28.042217573278258],[114.0417662363822,28.060759546096477],[113.987269526664,28.161684208271602],[114.09887183114012,28.18492035142355],[114.13974436342878,28.25087344461241],[114.24554914559444,28.320347165551564],[114.24873778286519,28.39803568457474],[114.18032701960189,28.436293172794613],[114.2127931445404,28.470560616230816],[114.08031975974669,28.55998456108831],[114.12814931880787,28.611855143275992],[114.11713402641803,28.688604828232425],[114.14873052300996,28.833889400061263],[114.0727829807431,28.835297651161383],[114.06292719281534,28.89444419736634],[113.96813770303952,28.940212358120174],[113.9394399676028,29.047708858762515]],[[109.550715578594,26.73888118011904],[109.5933273675758,26.763056157337733],[109.57448542006684,26.738646471602355],[109.550715578594,26.73888118011904]],[[113.12749696802462,29.432161409094732],[113.11648167563477,29.423477193977337],[113.1092347727467,29.438498539045263],[113.12749696802462,29.432161409094732]]],[[[112.90980000526731,29.803470282492512],[112.88979855329627,29.800184363258904],[112.9341495989712,29.773192883839975],[112.90980000526731,29.803470282492512]]]]}},{"type":"Feature","properties":{"adcode":"440000","name":"广东省"},"geometry":{"type":"MultiPolygon","coordinates":[[[[110.59021132885724,20.37851508643606],[110.573978266388,20.371473830935468],[110.56296297399814,20.333451051232284],[110.59021132885724,20.37851508643606]]],[[[110.41251727004203,20.612988894605706],[110.41715528789038,20.59163041958725],[110.42150342962321,20.604539388005],[110.41251727004203,20.612988894605706]]],[[[110.36236870205666,20.682932032578236],[110.34903440074262,20.68269732406155],[110.36787634825158,20.666737144926877],[110.36236870205666,20.682932032578236]]],[[[116.72225067661763,20.708045843863673],[116.7063074902639,20.705464050180122],[116.72630894223495,20.69795337764616],[116.72225067661763,20.708045843863673]]],[[[110.42672119970263,20.703586382046634],[110.399182968728,20.691381539178945],[110.42990983697337,20.680819655928058],[110.42672119970263,20.703586382046634]]],[[[116.76515234171495,20.77423364556922],[116.7645725894839,20.746303332083546],[116.86834823884092,20.74090503619976],[116.88574080577226,20.685748534778472],[116.84457839736808,20.630826741873868],[116.74515088974391,20.603365845421568],[116.85878232702868,20.59163041958725],[116.92951209921614,20.678941987794566],[116.88168254015494,20.77822369035289],[116.76515234171495,20.77423364556922]]],[[[110.59166070943485,20.94909149050054],[110.54904892045306,20.90308862123002],[110.5907910810883,20.867882343727068],[110.63514212676321,20.916232298164452],[110.59166070943485,20.94909149050054]]],[[[110.24525875138562,20.96434754408515],[110.2087343608298,20.982654808386684],[110.20380646686591,20.94439732016681],[110.24525875138562,20.96434754408515]]],[[[115.92712049173974,20.99579848532112],[115.9653841389887,20.92210001108161],[115.9964008833496,20.95096915863403],[115.92712049173974,20.99579848532112]]],[[[110.44353401440293,21.055649157076136],[110.40729949996262,21.09508018787944],[110.31482901911099,21.068558125493883],[110.25453478708233,20.958949248201364],[110.34584576347189,20.995329068287745],[110.46730385587576,20.996267902354493],[110.52817784013546,20.932427185815808],[110.55020842491516,21.061986287026667],[110.44353401440293,21.055649157076136]]],[[[110.42295281020083,21.103529694480148],[110.40932863277129,21.112683326630915],[110.39541457922621,21.10728503074713],[110.42295281020083,21.103529694480148]]],[[[116.03930254844691,21.11244861811423],[115.96074612114035,21.12629642059872],[115.93987504082273,21.085222430178614],[115.9848058387287,21.03804601832466],[116.06278251380422,21.042740188658385],[116.03930254844691,21.11244861811423]]],[[[110.44121500547874,21.164319200301907],[110.41918442069904,21.152818482984276],[110.43715673986142,21.150940814850788],[110.44121500547874,21.164319200301907]]],[[[110.5339753624459,21.11362216069766],[110.56818074407755,21.09508018787944],[110.62006856875605,21.20961794402237],[110.51513341493694,21.1833305901535],[110.49165344957964,21.213138571772664],[110.43077946531994,21.1833305901535],[110.5339753624459,21.11362216069766]]],[[[112.88834917271866,21.614724843822984],[112.86544895959238,21.61308188420618],[112.88660991602552,21.598999373205],[112.88834917271866,21.614724843822984]]],[[[111.83667862560347,21.60228529243861],[111.80769101405124,21.556986548718147],[111.94103402719153,21.614020718272926],[111.9833559400578,21.65603354275978],[111.83899763452766,21.651104663909365],[111.83667862560347,21.60228529243861]]],[[[112.46049202620763,21.672697847444507],[112.43179429077091,21.666360717493976],[112.4509261143954,21.652043497976113],[112.46049202620763,21.672697847444507]]],[[[111.79870485447003,21.70015874389681],[111.7902984471199,21.678800268878355],[111.80392262454944,21.691709237296102],[111.79870485447003,21.70015874389681]]],[[[112.66108629814912,21.687484483995746],[112.58745776480643,21.694056322462966],[112.53759907293659,21.60979596497257],[112.65557865195419,21.644767533958834],[112.66108629814912,21.687484483995746]]],[[[112.79008116955657,21.57740618966986],[112.79935720525329,21.691005111746044],[112.83124357796075,21.778551388470046],[112.70514746770851,21.684198564762138],[112.78341401889955,21.667299551560724],[112.72746792860374,21.615663677889728],[112.79008116955657,21.57740618966986]]],[[[113.16576061527357,21.874781880311442],[113.13213498587298,21.871495961077834],[113.13648312760581,21.836993809124944],[113.16576061527357,21.874781880311442]]],[[[113.01067689346911,21.867036499260795],[113.03879487667477,21.85764815859334],[113.03879487667477,21.88463963801227],[113.01067689346911,21.867036499260795]]],[[[113.12111969348314,21.900130400113568],[113.15068705726641,21.92289712623214],[113.13387424256612,21.933693717999713],[113.12111969348314,21.900130400113568]]],[[[113.72377213765415,21.95692986115166],[113.71507585418848,21.926652462499124],[113.7463824746649,21.94284735015048],[113.72377213765415,21.95692986115166]]],[[[113.7011618006434,21.948949771584324],[113.68608824263625,21.96397111665225],[113.67884133974819,21.94167380756705],[113.7011618006434,21.948949771584324]]],[[[113.77247132506191,21.99471793233816],[113.73826594343026,21.994248515304786],[113.75391925366847,21.967491744402544],[113.77247132506191,21.99471793233816]]],[[[114.16815222274997,21.996126183438278],[114.13713547838907,21.98697255128751],[114.15017990358757,21.982747797987155],[114.16815222274997,21.996126183438278]]],[[[114.18322578075713,22.012321071089634],[114.1777181345622,21.99284026420467],[114.21801091461981,22.00762690075591],[114.18322578075713,22.012321071089634]]],[[[113.71710498699714,22.02922008429105],[113.69565415444848,22.03039362687448],[113.7011618006434,22.01067811147283],[113.71710498699714,22.02922008429105]]],[[[114.22409831304577,22.030863043907857],[114.30236486423682,22.044241429358976],[114.27772539441742,22.051986810409627],[114.22409831304577,22.030863043907857]]],[[[114.04147636026667,22.1125416077147],[114.02321416498877,22.100102056330325],[114.04872326315474,22.090948424179558],[114.04147636026667,22.1125416077147]]],[[[113.89103065631056,22.11324573326476],[113.89827755919862,22.121695239865467],[113.88552301011563,22.124981159099075],[113.89103065631056,22.11324573326476]]],[[[113.83247568097505,22.133195957183098],[113.81827175131446,22.14704375966759],[113.82348952139385,22.12099111431541],[113.83247568097505,22.133195957183098]]],[[[113.58086321270162,22.204077929222372],[113.58521135443445,22.212527435823077],[113.572746681467,22.214639812473255],[113.58086321270162,22.204077929222372]]],[[[113.80174881272967,22.420713890123857],[113.78667525472251,22.42118330715723],[113.80580707834699,22.402406625822323],[113.80174881272967,22.420713890123857]]],[[[113.65246261323566,22.437612903325274],[113.61303946152461,22.426112186007643],[113.6246345061455,22.387385280754398],[113.65246261323566,22.437612903325274]]],[[[114.63311351204786,22.472819180828225],[114.62122859131144,22.455920167626807],[114.64702756559294,22.457328418726924],[114.63311351204786,22.472819180828225]]],[[[113.63680930299745,22.71832428928213],[113.58260246939476,22.721610208515738],[113.68116034867236,22.6483811513096],[113.63680930299745,22.71832428928213]]],[[[114.94646959292754,22.731467966216563],[114.92907702599621,22.72090608296568],[114.94559996458098,22.71128303378154],[114.94646959292754,22.731467966216563]]],[[[117.13039624727314,23.440757103642667],[117.10749603414688,23.479249300379227],[117.0237218367609,23.437236475892373],[116.98024041943256,23.463289121244557],[116.94168689606808,23.425031633024684],[117.13735327404568,23.403203740972852],[117.13039624727314,23.440757103642667]]],[[[117.07560966143942,23.57383683260382],[117.06140573177882,23.57383683260382],[117.07792867036359,23.561866698252818],[117.07560966143942,23.57383683260382]]],[[[117.03908527088359,23.577826877387487],[117.01879394279703,23.578531002937545],[117.03386750080419,23.566326160069856],[117.03908527088359,23.577826877387487]]],[[[113.9394399676028,25.44469841911059],[113.87827610722758,25.436953038059944],[113.81682237073684,25.33344658220127],[113.74841160747356,25.36395868937049],[113.57303655758253,25.318894654166716],[113.57506569039117,25.347998510235822],[113.47418880218939,25.380388285538537],[113.43882391609566,25.362550438270375],[113.30432139849327,25.49422191613141],[113.23649038746103,25.518866310383473],[113.1738771465082,25.471689898529522],[113.14430978272492,25.49469133316478],[113.07560914334611,25.386255998455695],[112.9770512640685,25.356682725353217],[112.9173367842709,25.299179138765066],[112.84660701208344,25.335089541818075],[112.86805784463209,25.25012505877762],[112.98748680422732,25.25012505877762],[113.02893908874702,25.199897436206744],[112.9602384493682,25.145445060335515],[113.01067689346911,25.084655554513756],[112.97357275068224,25.036540308593057],[113.0042996189276,24.98490443492206],[112.98516779530314,24.92880909943403],[112.78805203674793,24.89360282193108],[112.73790346876254,24.96119887473674],[112.70688672440164,25.086063805613872],[112.65615840418523,25.135822011151376],[112.55962965771629,25.126433670483923],[112.45237549497301,25.154363983969596],[112.40570544037391,25.142159141101907],[112.35671637685061,25.19567268290639],[112.29526264035988,25.159762279853382],[112.18105145084405,25.186988467788996],[112.14887520202107,25.03114201270927],[112.11756858154466,24.995231609656262],[112.16974628233868,24.92951322498409],[112.15525247656257,24.84666111859381],[112.08974047445452,24.825772060608728],[112.01727144557391,24.743154662735137],[111.93146811537929,24.68424282504687],[111.93320737207242,24.598104799422984],[112.00074850698914,24.538958253218027],[111.98103693113362,24.467372155628695],[112.05553509282286,24.389448928088832],[112.02451834846198,24.29932085768128],[111.90798815002198,24.224214132341654],[111.87436252062139,24.232428930425673],[111.88334868020257,24.080103103096242],[111.93639600934317,23.985280862354962],[111.84972305080197,23.951248127435445],[111.80769101405124,23.89139745568043],[111.80363274843393,23.812300685557133],[111.66101369959691,23.837179788325887],[111.61666265392199,23.728744453616798],[111.66130357571242,23.720764364049465],[111.61057525549602,23.64166759392617],[111.48187026020409,23.629228042541794],[111.48447914524378,23.56468320045305],[111.42331528486855,23.46868741712834],[111.39432767331633,23.471738627845262],[111.34388922921542,23.27458347382874],[111.38302250481095,23.21449809355704],[111.36852869903484,23.092449664880146],[111.42882293106348,23.039170831592347],[111.35838303499155,22.970635944719938],[111.37026795572797,22.92768428616634],[111.28591400611094,22.811268861889918],[111.21431460557693,22.751183481618217],[111.05169410476887,22.729590298083075],[111.0844501058229,22.69250635244663],[111.05053460030678,22.650728236476464],[110.97574656250201,22.645329940592678],[110.79486386641605,22.56013074903554],[110.76558637874828,22.592051107304883],[110.73891777612022,22.469767970111302],[110.68616032309515,22.48267693852905],[110.70529214671963,22.373537478269903],[110.77950043229336,22.283878824895723],[110.716597315225,22.29819604441359],[110.64934605642381,22.242804834475617],[110.67427540235875,22.175678198703324],[110.62499646271993,22.151972638518004],[110.5560059472256,22.199383758888644],[110.48730530784681,22.1451660915341],[110.42701107581814,22.20971093362284],[110.32207592199904,22.16323864731895],[110.36062944536351,22.126858827232567],[110.34845464851159,21.978992461720175],[110.38729804799158,21.896375063846584],[110.28584140755875,21.91397820259806],[110.22873581280083,21.88135371877866],[110.1168436322092,21.904589861930607],[110.04988224952353,21.859291118210145],[110.00031343376921,21.882996678395465],[109.94668635239756,21.85201515419287],[109.91161134241935,21.671759013377763],[109.79102287836204,21.63279739960783],[109.77044167415997,21.675514349644743],[109.74986046995787,21.574589687469622],[109.79276213505518,21.531403320399335],[109.79276213505518,21.47037910606089],[109.90929233349519,21.455123052476278],[109.91682911249876,21.358423143601506],[109.75739724896145,21.34715713480056],[109.76899229358236,21.212434446222606],[109.67594206049966,21.122071667298368],[109.71043731824682,21.059404493343116],[109.66898503372713,20.957775705617934],[109.67478255603757,20.86835176076044],[109.75478836392176,20.81202171675572],[109.74638195657161,20.743017412849937],[109.77768857704802,20.69537158396261],[109.74145406260772,20.638102705891146],[109.79450139174833,20.629183782257066],[109.83943218965429,20.55149526323389],[109.82551813610921,20.5083088961636],[109.89334914714145,20.49516521922917],[109.92581527207994,20.44071284335794],[109.96233966263577,20.466296071676748],[110.01161860227458,20.406445399921733],[109.97683346841188,20.364197866918193],[109.9081328290331,20.430150960107053],[109.87363757128593,20.399404144421144],[109.92407601538682,20.342369974866365],[109.91943799753847,20.223372756906393],[109.98813863691726,20.290264684161997],[110.06205704637547,20.290499392678683],[110.12351078286622,20.2369858508742],[110.23482321122681,20.27665159019419],[110.28207301805696,20.253415447042244],[110.43773649209248,20.32922629793193],[110.5183220522077,20.428038583456875],[110.53194622963724,20.47779678899438],[110.48846481230889,20.560648895384656],[110.46179620968084,20.674717234494214],[110.39367532253307,20.649603423208777],[110.2994655849883,20.677768445211136],[110.34062799339247,20.733159655149112],[110.38584866741397,20.716730058981067],[110.37860176452591,20.81460351043927],[110.32352530257666,20.84793211980873],[110.19858869678652,20.845115617608492],[110.16641244796352,20.983358933936742],[110.22032940545068,21.101652026346656],[110.24786763642533,21.086865389795417],[110.40382098657636,21.146011936000374],[110.42208318185428,21.238721800091476],[110.38584866741397,21.384006371920318],[110.42179330573875,21.3671073587189],[110.42730095193366,21.197647809671366],[110.48904456453994,21.22111866134],[110.52556895509576,21.207974984405567],[110.6299243566838,21.22698637425716],[110.74355579396858,21.384241080437004],[110.7968929992247,21.402783053255224],[110.88907360396081,21.3877617081873],[111.0844501058229,21.467562603860653],[110.9974872711662,21.489859912945853],[111.02937364387364,21.525770315998862],[111.1012629205232,21.460990765393436],[111.21344497723035,21.48305336596195],[111.2061980743423,21.51426959868123],[111.29403053734558,21.480706280795086],[111.27808735099185,21.422733277173563],[111.36852869903484,21.500656504713426],[111.44940413526558,21.531872737432707],[111.47462335731602,21.502768881363604],[111.63144633581362,21.540322244033415],[111.6699998591781,21.532811571499455],[111.69695833792169,21.60017291578843],[111.78189203976974,21.618949597123336],[111.78537055315601,21.714710671931364],[111.70826350642706,21.757427621968276],[111.78942881877333,21.77503076071975],[111.83059122717751,21.67387139002794],[111.9937914802166,21.75508053680141],[112.15380309598496,21.806716410472404],[112.251491346916,21.70391408016379],[112.40135729864107,21.735599729916448],[112.40367630756523,21.876190131411562],[112.4291854057312,21.818217127790035],[112.56484742779568,21.754845828284726],[112.64514311179539,21.78723560358744],[112.64978112964374,21.823850132190508],[112.78167476220642,21.942377933117108],[112.85791218058881,21.934867260583143],[112.89733533229986,21.856239907493222],[112.98284878637895,21.89215031054623],[113.02922896486254,21.950358022684444],[113.01415540685537,22.04846618265933],[113.03038846932463,22.13882896158357],[113.0831459223497,22.14633963411753],[113.08720418796702,22.226609946824258],[113.11619179951924,22.149390844834453],[113.10865502051567,22.0592627744269],[113.2190978205297,21.902242776763742],[113.28403007040671,21.918202955898415],[113.23938914861625,22.02405649692395],[113.36200674548223,21.988850219421],[113.41505407462282,22.06841640657767],[113.37823980795147,22.133430665699784],[113.43215676543863,22.169341068752793],[113.49303074969833,22.060905734043708],[113.55129584891833,22.07663120466169],[113.54781733553207,22.142819006367237],[113.52201836125059,22.17333111353646],[113.53477291033357,22.20736384845598],[113.553324981727,22.21557864654],[113.57477581427565,22.30335963178069],[113.62405475391446,22.37306806123653],[113.56463015023238,22.391140617021378],[113.58666073501206,22.495820615463483],[113.62550413449208,22.505443664647625],[113.65623100273744,22.581489224053996],[113.64434608200102,22.63969693619221],[113.55013634445625,22.74202984946745],[113.657100631084,22.761275947835728],[113.74870148358909,22.7342844684168],[113.75391925366847,22.690159267279768],[113.82464902585593,22.602612990555766],[113.88697239069324,22.44629711844267],[113.94987550776162,22.521873260815667],[114.04379536919086,22.50427012206419],[114.14757101854786,22.54158877621732],[114.22670719808548,22.543701152867495],[114.2994661030816,22.591581690271507],[114.38845807054696,22.614817833423455],[114.48672607370905,22.535486354783476],[114.48179817974517,22.470941512694733],[114.61079305115263,22.499341243213777],[114.60673478553531,22.53900698253377],[114.50817690625772,22.592989941371627],[114.5922409797592,22.657065366426995],[114.50962628683533,22.646972900209484],[114.5754281650589,22.69250635244663],[114.55977485482069,22.72724321291621],[114.71253956770099,22.795543391271934],[114.82530137663919,22.79390043165513],[114.74326643594637,22.743438100567566],[114.73514990471173,22.60824599495624],[114.85805737769323,22.602143573522394],[114.88907412205411,22.558487789418734],[114.96850017770726,22.67865854996214],[114.86762328950546,22.758694154152177],[114.95168736300695,22.740386889850644],[114.9574848853174,22.69720052278036],[115.02705515304277,22.706588863447813],[115.04589710055171,22.789206261321404],[115.19779218508545,22.83286204542506],[115.30127795832693,22.794604557205187],[115.38041413786455,22.690393975796457],[115.46882635309888,22.703772361247577],[115.55781832056425,22.66880079226131],[115.52158380612394,22.753765275301767],[115.57318175468693,22.833331462458432],[115.65840533265052,22.876283121012033],[115.78826983240452,22.823708413274293],[115.81957645288095,22.742968683534194],[115.8761022954078,22.796247516821992],[115.9549485988299,22.802349938255837],[116.07814594792691,22.847413973459613],[116.09437901039615,22.819718368490626],[116.21728648337765,22.916887694398767],[116.31207597315347,22.962186438119232],[116.38077661253227,22.92885782874977],[116.50426383774482,22.94364446530101],[116.56426819365794,23.019455316190697],[116.53730971491436,23.103011548131033],[116.60369134536899,23.196190829255507],[116.64891201939048,23.166148139119656],[116.74660027032152,23.257215043593952],[116.79066143988092,23.21191629987349],[116.7567459343648,23.306269123581398],[116.85704307033555,23.42385809044125],[116.89559659370002,23.544028850984656],[116.98951645512926,23.50858786496502],[116.95994909134598,23.565856743036484],[116.98777719843613,23.630166876608538],[117.0741602808618,23.620074410391027],[117.09561111341046,23.562101406769504],[117.18866134649315,23.61983970187434],[117.0857553254827,23.66678140521161],[116.99879249082599,23.86252830812801],[116.96893525092719,23.858538263344343],[116.97705178216181,23.998189830772713],[116.92313482467463,24.107329291031856],[116.99328484463106,24.185017810055033],[116.92864247086956,24.223275298274906],[116.93472986929554,24.287350723330277],[116.89733585039315,24.37607054263771],[116.83356310497823,24.44718722319367],[116.85559368975794,24.4638515278784],[116.75210791651644,24.550224262018972],[116.81066289185196,24.657486054144627],[116.77500812964271,24.681191614329947],[116.52484504194689,24.607727848607123],[116.48252312908062,24.721092062166623],[116.43991134009883,24.71874497699976],[116.37005119625795,24.808638338890624],[116.3915020288066,24.88069385351333],[116.29497328233765,24.804883002623644],[116.22714227130541,24.802770625973466],[116.18713936736333,24.88139797906339],[116.14829596788333,24.84736524414387],[116.04712920356602,24.864498965861973],[116.0146630786275,24.908154749965632],[115.88740746391318,24.940779233785033],[115.88740746391318,24.872009638395937],[115.81580806337917,24.909797709582435],[115.75899234473678,24.795729370472877],[115.78247231009408,24.63424991099268],[115.83551963923469,24.587777624688783],[115.7088437767514,24.540366504318143],[115.66768136834722,24.607727848607123],[115.57347163080246,24.61617735520783],[115.55144104602275,24.68658991021373],[115.46969598144544,24.76662551440377],[115.40302447487528,24.79760703860637],[115.35548479192963,24.737521658334668],[115.26504344388664,24.752073586369217],[115.1001039341544,24.670160314045688],[115.06879731367799,24.70700955116544],[114.93632392888426,24.652322466777527],[114.90791606956307,24.668282645912196],[114.88936399816964,24.585899956555295],[114.72761312570816,24.615238521141087],[114.70123439919561,24.53097816365069],[114.65949223856039,24.586604082105353],[114.5858637052177,24.5394276702514],[114.52412009261144,24.56195968785329],[114.42411283275622,24.487791796580407],[114.35860083064816,24.588247041722155],[114.3035243686989,24.576276907371152],[114.25308592459803,24.646454753860368],[114.16380408101713,24.694100582747694],[114.27424688103116,24.707713676715503],[114.32816383851832,24.74949179268567],[114.33657024586847,24.81098542405749],[114.39860373459025,24.880459144996642],[114.39077707947115,24.952749368136036],[114.5339758805392,25.029499053092465],[114.55687609366547,25.08183905231352],[114.63804140601174,25.073858962746183],[114.72529411678397,25.118688289433273],[114.67427592045203,25.198019768073255],[114.7412373031377,25.26162577609525],[114.7102205587768,25.318425237133344],[114.63253375981681,25.326874743734052],[114.59687899760755,25.388133666589187],[114.53339612830815,25.421696984475332],[114.43454837291503,25.380622994055223],[114.37541364534846,25.31865994565003],[114.31048139547144,25.342130797318664],[114.29627746581085,25.307393936849085],[114.1867042941434,25.321007030816894],[114.0507523959634,25.281106582980218],[114.03828772299593,25.36020335310351],[113.9394399676028,25.44469841911059]]]]}},{"type":"Feature","properties":{"adcode":"450000","name":"广西壮族自治区"},"geometry":{"type":"MultiPolygon","coordinates":[[[[112.01727144557391,24.743154662735137],[111.95552783296765,24.7764832721046],[111.67608725760408,24.782116276505068],[111.56622420982109,24.6476282964438],[111.42505454156169,24.690110537964028],[111.48158038408856,24.803709460040213],[111.45027376361215,24.852059414477598],[111.4615789321175,24.935380937901247],[111.42853305494796,24.97035250688751],[111.4653473216193,25.03442793194288],[111.41316962082527,25.043112147060274],[111.42070639982886,25.108361114699076],[111.3175105027029,25.106483446565584],[111.2827253688402,25.147322728469007],[111.1931536491438,25.072685420162752],[111.09720465490588,25.031611429742643],[111.09604515044379,24.949463448902428],[110.98647197877634,24.928574390917344],[110.9458893226032,25.045693940743824],[110.99429863389544,25.1663341183206],[111.10735031894916,25.219143534575025],[111.09662490267485,25.283218959630393],[111.17808009113662,25.370999944871084],[111.20648795045781,25.367009900087414],[111.2957697940387,25.45197438312787],[111.33780183078946,25.6094637978244],[111.30359644915782,25.724236262484016],[111.43838884287572,25.7761068446717],[111.42998243552557,25.84581527412754],[111.48824753474557,25.87116379392966],[111.30272682081124,25.89228756043143],[111.24533134993783,25.86999025134623],[111.19054476410409,25.959179487687038],[111.25953527959842,26.0645636116792],[111.27721772264528,26.27228064894661],[111.20040055203185,26.309129886066362],[111.1001034160611,26.30607867534944],[110.94038167640828,26.376960647388714],[110.9342942779823,26.29223087286495],[110.83892503597545,26.261014640145664],[110.73456963438738,26.27486244263016],[110.60963302859724,26.33682549103535],[110.55194768160828,26.24716683766117],[110.37280424221547,26.100943431765582],[110.31975691307487,25.977956169021944],[110.26178168997039,25.964577783570824],[110.18525439547248,26.07043132459636],[110.15974529730651,26.025367289392584],[110.06437605529965,26.04484809627755],[110.09336366685189,26.17159069528817],[110.02698203639727,26.167365941987818],[109.96378904321338,26.203276345040827],[109.90842270514861,26.155865224670187],[109.8617526505495,26.031000293793056],[109.78609498439818,26.017856616858623],[109.82609788834026,25.91106424176634],[109.68898648569817,25.881725677180548],[109.67449267992205,25.925616169800893],[109.72609062848504,25.99485518222336],[109.59796538542415,26.02818379159282],[109.51506081638475,26.002600563274008],[109.47882630194445,26.033816795993292],[109.41911182214685,25.97326199868822],[109.42317008776415,25.91599312061675],[109.3306996069125,25.82140558839216],[109.33678700533848,25.734798145734903],[109.28924732239281,25.717429715500113],[109.20257436385162,25.741604692718806],[109.20199461162058,25.791597606772996],[109.14112062736088,25.7451253204691],[109.12923570662446,25.80849661997441],[109.07502887302178,25.779392763905307],[109.00777761422057,25.795352943039976],[108.89095753966507,25.71555204736662],[108.941975735997,25.679406935796926],[109.04024373915908,25.741135275685433],[109.07357949244417,25.720480926217036],[109.02690943784506,25.63762881982676],[109.0843049087185,25.55242962826962],[109.01908278272595,25.515110974116492],[108.94574412549879,25.559705592286896],[108.85095463572299,25.558532049703466],[108.80689346616357,25.528489359567615],[108.7616727921421,25.63903707092688],[108.68282648872,25.624954559925698],[108.58397873332686,25.425452320742313],[108.62137275222926,25.31161869014944],[108.48368159735612,25.45971976417852],[108.4251266220206,25.43765716361],[108.34570056636747,25.537642991718382],[108.3033786535012,25.527785234017554],[108.2216335889239,25.43202415920953],[108.19090672067853,25.45971976417852],[108.15148356896748,25.378980034438417],[108.13669988707584,25.24425734586046],[107.86624547129347,25.143802100718712],[107.78768904398689,25.148026854019065],[107.75899130855018,25.23486900519301],[107.70333509436989,25.2041221895071],[107.61782164029077,25.306689811299027],[107.58854415262303,25.265146403845545],[107.46737593633466,25.217031157924847],[107.47491271533825,25.29753617914826],[107.42621352793049,25.28744371293075],[107.41838687281138,25.388837792139245],[107.31345171899228,25.405267388307287],[107.31750998460959,25.501263171631997],[107.22880789325976,25.55430729640311],[107.23663454837885,25.595615995339905],[107.06154937460335,25.560409717836954],[107.06705702079826,25.515580391149864],[106.96183199086363,25.442586042460416],[107.0079222932317,25.357856267936647],[106.99284873522453,25.24308380327703],[106.91690119295767,25.251298601361054],[106.88907308586752,25.187692593339055],[106.7215246910956,25.164221741670424],[106.68789906169499,25.182059588938582],[106.57919551837409,25.087237348197306],[106.43889547846126,25.021988380558504],[106.30352333251231,24.977863179421472],[106.21192248000725,24.984669726405375],[106.1414825839353,24.956504704403017],[106.20264644431053,24.855345333711206],[106.13336605270068,24.734470447617742],[106.04176520019561,24.683773408013497],[106.01944473930038,24.635658162092795],[105.93856930306964,24.72813331766721],[105.82493786578488,24.70583600858201],[105.60318263741024,24.807464796307194],[105.4962183507825,24.810750715540802],[105.42461895024846,24.93373797828444],[105.26141869720936,24.934442103834503],[105.20808149195325,24.99851752888987],[105.12836556018459,24.962841834353547],[105.0379242121416,24.87740793427972],[105.0312570614846,24.79126990865584],[104.90139256173057,24.758176007803062],[104.83761981631565,24.678844529163083],[104.74051131761566,24.623688027741792],[104.62774950867745,24.66358847557847],[104.52774224882222,24.73470515613443],[104.48918872545775,24.657720762661313],[104.51759658477894,24.538958253218027],[104.54745382467775,24.522998074083358],[104.60687842835983,24.37912175335463],[104.6970299002873,24.320209915666364],[104.72369850291535,24.348140229152037],[104.70021853755804,24.42230812042492],[104.75007722942789,24.458453231994614],[104.96603493549206,24.40869502645711],[105.03299631817774,24.442962469893317],[105.10546534705833,24.41644040750776],[105.10807423209803,24.36902928713712],[105.19648644733235,24.331475924467306],[105.16517982685593,24.282421844479863],[105.24170712135384,24.207549827656923],[105.17445586255265,24.160138707286283],[105.25620092712997,24.0636735069282],[105.3124368935413,24.120472967966293],[105.41534291455176,24.030814314592114],[105.47998528831324,24.021895390958033],[105.52462621010369,24.129391891600374],[105.6231840893813,24.131738976767238],[105.64376529358339,24.033865525309036],[105.75739673086815,24.07447009869577],[105.78435520961173,24.032691982725602],[105.88639160227561,24.042784448943117],[105.89740689466547,24.111554044332212],[105.9962546500586,24.12821834901694],[106.0455335896974,24.090899694863815],[106.0832174847153,23.992322117855554],[106.13075716766099,23.962279427719704],[106.19395016084485,23.839761582009437],[106.13307617658515,23.80033055120613],[106.16003465532873,23.72428499179976],[106.11568360965381,23.602940688672923],[106.13771419443351,23.576888043320743],[106.06785405059262,23.49051530918017],[106.00611043798637,23.452492529476984],[105.9898773755171,23.493566519897094],[105.83769241486786,23.529242214433417],[105.79710975869472,23.473381587462068],[105.68521757810308,23.399917821739244],[105.6918847287601,23.367058629403157],[105.5831811854392,23.31049387688175],[105.53071360852965,23.24524490924295],[105.54462766207473,23.187506614138112],[105.5570923350422,23.089398454163224],[105.72724961485383,23.062876391777667],[105.88726123062219,22.935664375733676],[106.00726994244845,22.954441057068582],[106.00176229625352,22.984249038687746],[106.20583508158128,22.978616034287274],[106.31192973986246,22.863843569627658],[106.44295374407858,22.888487963879722],[106.52151017138515,22.9506857208016],[106.6012261031538,22.929327245783146],[106.64847590998394,22.867833614411325],[106.6725356275723,22.894825093830253],[106.83109786276304,22.794839265721876],[106.78355817981738,22.771133705536556],[106.7177563015938,22.61200133122322],[106.66181021129798,22.577733887787016],[106.60934263438843,22.610358371606416],[106.55716493359441,22.462492006094024],[106.58325378399141,22.339974160383758],[106.65340380394782,22.339035326317013],[106.69746497350724,22.20806797400604],[106.67311537980335,22.182015328653854],[106.71282840762991,22.07616178762832],[106.68818893781051,21.97030824660278],[106.73920713414245,22.01325990515638],[106.82559021656812,21.977818919136745],[106.91574168849559,21.972420623252958],[106.96299149532572,21.922193000682082],[106.99487786803319,21.949653897134382],[107.05488222394632,21.919845915515218],[107.005313408192,21.833473181374647],[107.07662293261049,21.808594078605896],[107.24301182292035,21.706261165330655],[107.3047554355266,21.736538563983192],[107.38273211060212,21.59641757952145],[107.46476705129496,21.661901255676938],[107.52998917728749,21.590315158087606],[107.68217413793676,21.605571211672217],[107.81551715107705,21.65861533644333],[107.87784051591436,21.640308072141796],[107.95204880148808,21.539852827000043],[108.13322137368957,21.523892647865374],[108.1764129149024,21.599468790238372],[108.26366562567463,21.58491686220382],[108.21177780099613,21.504646549497092],[108.29352286557344,21.539852827000043],[108.31468382200657,21.667299551560724],[108.36657164668509,21.68396385624545],[108.45092559630208,21.66823838562747],[108.37468817791971,21.53938340996667],[108.4755650661215,21.559333633885007],[108.57093430812836,21.684433273278824],[108.46947766769553,21.83793264319169],[108.4990450314788,21.882996678395465],[108.54629483830897,21.894497395713096],[108.60832832703075,21.893558561646348],[108.62746015065522,21.889333808345995],[108.62861965511732,21.881119010261973],[108.56165827243164,21.790756231337735],[108.5909357600994,21.76470358598555],[108.59499402571672,21.712833003797872],[108.65731739055403,21.660023587543446],[108.70717608242387,21.719170133748403],[108.74051183570896,21.60862242238914],[108.86573831761461,21.626694978173987],[108.82834429871224,21.69358690542959],[108.90777035436537,21.618480180089964],[108.96632532970088,21.596886996554822],[109.06691234178714,21.63749156994156],[109.04633113758506,21.604397669088787],[109.14981691082656,21.57975327483672],[109.16836898221999,21.53492394814963],[109.04285262419879,21.449490048075806],[109.15590430925252,21.402548344738538],[109.33765663368504,21.450898299175922],[109.4472298053525,21.457704846159825],[109.54288892347489,21.506524217630584],[109.58637034080326,21.57975327483672],[109.52636598489012,21.648053453192443],[109.55477384421131,21.694056322462966],[109.60927055392952,21.57904914928666],[109.6750724321531,21.60087704133849],[109.6518823429113,21.518729060498273],[109.74986046995787,21.45934780577663],[109.74986046995787,21.574589687469622],[109.77044167415997,21.675514349644743],[109.79102287836204,21.63279739960783],[109.91161134241935,21.671759013377763],[109.94668635239756,21.85201515419287],[110.00031343376921,21.882996678395465],[110.04988224952353,21.859291118210145],[110.1168436322092,21.904589861930607],[110.22873581280083,21.88135371877866],[110.28584140755875,21.91397820259806],[110.38729804799158,21.896375063846584],[110.34845464851159,21.978992461720175],[110.36062944536351,22.126858827232567],[110.32207592199904,22.16323864731895],[110.42701107581814,22.20971093362284],[110.48730530784681,22.1451660915341],[110.5560059472256,22.199383758888644],[110.62499646271993,22.151972638518004],[110.67427540235875,22.175678198703324],[110.64934605642381,22.242804834475617],[110.716597315225,22.29819604441359],[110.77950043229336,22.283878824895723],[110.70529214671963,22.373537478269903],[110.68616032309515,22.48267693852905],[110.73891777612022,22.469767970111302],[110.76558637874828,22.592051107304883],[110.79486386641605,22.56013074903554],[110.97574656250201,22.645329940592678],[111.05053460030678,22.650728236476464],[111.0844501058229,22.69250635244663],[111.05169410476887,22.729590298083075],[111.21431460557693,22.751183481618217],[111.28591400611094,22.811268861889918],[111.37026795572797,22.92768428616634],[111.35838303499155,22.970635944719938],[111.42882293106348,23.039170831592347],[111.36852869903484,23.092449664880146],[111.38302250481095,23.21449809355704],[111.34388922921542,23.27458347382874],[111.39432767331633,23.471738627845262],[111.42331528486855,23.46868741712834],[111.48447914524378,23.56468320045305],[111.48187026020409,23.629228042541794],[111.61057525549602,23.64166759392617],[111.66130357571242,23.720764364049465],[111.61666265392199,23.728744453616798],[111.66101369959691,23.837179788325887],[111.80363274843393,23.812300685557133],[111.80769101405124,23.89139745568043],[111.84972305080197,23.951248127435445],[111.93639600934317,23.985280862354962],[111.88334868020257,24.080103103096242],[111.87436252062139,24.232428930425673],[111.90798815002198,24.224214132341654],[112.02451834846198,24.29932085768128],[112.05553509282286,24.389448928088832],[111.98103693113362,24.467372155628695],[112.00074850698914,24.538958253218027],[111.93320737207242,24.598104799422984],[111.93146811537929,24.68424282504687],[112.01727144557391,24.743154662735137]]],[[[108.37034003618687,21.675279641128057],[108.32627886662746,21.602989417988667],[108.33642453067075,21.566609597902286],[108.38744272700269,21.659319461993388],[108.37034003618687,21.675279641128057]]],[[[109.09126193549102,21.057526825209624],[109.08488466094954,21.019973462539813],[109.13967124678327,21.054475614492702],[109.09126193549102,21.057526825209624]]],[[[108.62137275222926,21.889803225379367],[108.57470269763016,21.883700803945523],[108.58368885721134,21.837463226158317],[108.60021179579613,21.865158831127303],[108.62369176115342,21.880884301745287],[108.62137275222926,21.889803225379367]]],[[[109.51274180746057,21.45747013764314],[109.5156405686158,21.46944027199414],[109.5040455239949,21.470613814577575],[109.51274180746057,21.45747013764314]]],[[[108.69992917953581,21.60744887980571],[108.69413165722537,21.613316592722867],[108.68282648872,21.60275470947198],[108.69992917953581,21.60744887980571]]],[[[108.58252935274925,21.75461111976804],[108.5909357600994,21.761182958235256],[108.56513678581791,21.765877128568984],[108.58252935274925,21.75461111976804]]],[[[108.58600786613553,21.740293900250172],[108.57586220209224,21.738181523599994],[108.58658761836656,21.720578384848523],[108.58600786613553,21.740293900250172]]]]}},{"type":"Feature","properties":{"adcode":"460000","name":"海南省"},"geometry":{"type":"MultiPolygon","coordinates":[[[[110.69862499606262,20.134183520565585],[110.5716592574638,20.092170696078732],[110.63456237453217,19.92764002588161],[110.59282021389694,19.916374017080667],[110.5858631871244,19.99617491275402],[110.49861047635218,20.020819307006086],[110.36700671990502,20.091466570528674],[110.256563919891,20.027391145473302],[110.1530781466495,20.06025033780939],[110.11307524270741,19.992419576487038],[109.98900826526383,19.933742447315456],[109.9405989539716,19.9931237020371],[109.8617526505495,19.938671326165867],[109.81856110933668,19.977163522902426],[109.7684125413513,19.963785137451307],[109.71159682270891,20.011196257821947],[109.57999306626175,19.980449442136035],[109.53622177281787,19.94477374759971],[109.47476803632713,19.835164870307196],[109.26170909141818,19.901117963496056],[109.15648406148355,19.78939670955336],[109.17706526568566,19.734005499615385],[109.28866757016178,19.793621462853714],[109.30403100428445,19.720861822680952],[109.2101111428552,19.719453571580832],[109.20837188616207,19.6788489981941],[109.16576009718028,19.64458155475789],[109.15010678694208,19.643173303657775],[109.07850738640803,19.6049158154379],[109.00603835752744,19.581444963769265],[108.87704348611999,19.462213037292607],[108.74022195959343,19.376075011668725],[108.68253661260448,19.36997259023488],[108.64021469973821,19.300968286329095],[108.63267792073462,19.216942637355388],[108.67557958583194,19.18948174090309],[108.61470560157224,19.09958837901222],[108.65847689501612,18.93693537694859],[108.62485126561552,18.824744705972524],[108.69413165722537,18.73978022293207],[108.68775438268388,18.50601054031248],[108.81558974962925,18.472681930943022],[108.86283955645939,18.430903814972854],[108.96023793127492,18.402034667420438],[108.9924141800979,18.357909466283402],[109.10691524572923,18.361664802550386],[109.15445492867491,18.294772875294782],[109.32258307567788,18.30556946706235],[109.47708704525132,18.272006149176207],[109.62231497912802,18.175071531784752],[109.62753274920743,18.22670740545574],[109.72725013294712,18.212624894454564],[109.70927781378474,18.263791351092184],[109.76638340854265,18.391942201202923],[109.82261937495399,18.377859690201745],[110.0313301781301,18.44005744712362],[110.00031343376921,18.374573770968134],[110.0675646925704,18.411657716604573],[110.11133598601427,18.54192094336549],[110.28178314194143,18.669132959409485],[110.42469206689397,18.677582466010193],[110.47223174983964,18.774751791918334],[110.53136647740621,18.793293764736553],[110.44701252778918,18.808784526837854],[110.51455366270591,18.891401924711445],[110.51658279551455,18.989275376169644],[110.56760099184649,19.047717796824543],[110.57629727531217,19.13174344579825],[110.63891051626501,19.276089183560345],[110.67688428739844,19.319040842113946],[110.67630453516739,19.39109635673665],[110.76210786536203,19.427945593856407],[110.83660602705126,19.54295276703271],[110.86443413414142,19.524176085697803],[110.9832833415056,19.64340801217446],[111.02850401552709,19.635897339640497],[110.995168262242,19.823194735956193],[110.93284489740469,20.01166567485532],[110.85399859398261,19.99171545093698],[110.78210931733307,20.011900383372005],[110.72384421811307,20.065648633693176],[110.69862499606262,20.134183520565585]]],[[[114.05452078546519,7.539020389626811],[114.15336854085831,7.562725949812131],[114.36410847684309,7.639945051801934],[114.39947336293682,7.6772637059550615],[114.4159963015216,7.766922359329241],[114.53658476557891,7.863622268204011],[114.53687464169442,7.9471785001443465],[114.46846387843115,7.97064935181298],[114.41048865532667,7.954219755644937],[114.26410121698787,7.872306483321406],[114.2035171088437,7.7840560810473445],[114.02466354556638,7.671161284521217],[113.90233582481594,7.632669087784658],[113.92668541851981,7.560144156128581],[114.05452078546519,7.539020389626811]]],[[[109.6504329623337,7.4808126774886],[109.78812411720682,7.5258767126923765],[109.93538118389219,7.505926488774037],[109.90117580226055,7.553102900627991],[109.71855384948145,7.577277877846683],[109.6492734578716,7.561082990195326],[109.53216350720056,7.45006586180269],[109.46288311559071,7.354774204028038],[109.50955317018982,7.321680303175265],[109.6504329623337,7.4808126774886]]],[[[116.52020702409854,10.349420168428981],[116.52252603302271,10.429221064102336],[116.45788365926123,10.351063128045785],[116.46310142934063,10.310693263175736],[116.56281881308033,10.306468509875383],[116.64108536427136,10.336980617044606],[116.63412833749882,10.367023307180457],[116.52020702409854,10.349420168428981]]],[[[113.38084869299118,8.237982352318715],[113.34925219639925,8.305813113641065],[113.34461417855088,8.232818764951617],[113.28953771660163,8.177896972047012],[113.34519393078193,8.174141635780032],[113.38084869299118,8.237982352318715]]],[[[109.984660123531,7.814098771183195],[110.04640373613726,7.847896797586027],[110.07423184322741,7.950933836411328],[109.94929523743727,7.890379039106254],[109.93306217496801,7.825599488500825],[109.984660123531,7.814098771183195]]],[[[117.74435385994954,15.231592024021428],[117.71072823054894,15.224316060004151],[117.70840922162476,15.120105478595418],[117.82320016337162,15.113533640128201],[117.72087389459223,15.133014447013167],[117.71652575285938,15.197089872068537],[117.74435385994954,15.231592024021428]]],[[[110.48527617503814,8.070869888438045],[110.55049830103067,8.095514282690111],[110.5960088511677,8.15888558219542],[110.56441235457575,8.174376344296718],[110.45773794406352,8.129781726126314],[110.48527617503814,8.070869888438045]]],[[[111.67811639041273,16.262666537824494],[111.57318123659363,16.210326538603443],[111.60651698987871,16.15822124789908],[111.68594304553184,16.212673623770307],[111.59434219302676,16.200234072385932],[111.67811639041273,16.262666537824494]]],[[[115.88016056102512,9.650458205737078],[115.91581532323437,9.730024392893744],[115.89726325184094,9.79808986273278],[115.83465001088811,9.702798204958128],[115.88016056102512,9.650458205737078]]],[[[114.58934221860397,10.85850294112164],[114.58354469629353,10.910842940342693],[114.46643474562248,10.840665093853481],[114.58934221860397,10.85850294112164]]],[[[112.59296541100136,16.071848513758503],[112.45730338893688,16.045795868406323],[112.44367921150733,16.00683425463639],[112.56542718002673,16.013171384586922],[112.59296541100136,16.071848513758503]]],[[[114.70442303646635,11.002613970367051],[114.78935673831441,11.077955404223363],[114.76239825957083,11.111753430626196],[114.70442303646635,11.002613970367051]]],[[[111.80827076628228,16.26360537189124],[111.77754389803691,16.275575506242244],[111.6801455232214,16.258911201557517],[111.80827076628228,16.26360537189124]]],[[[113.88958127573295,19.159908467800612],[113.92494616182668,19.207084879654566],[113.87131908045504,19.23877052940722],[113.80174881272967,19.224922726922724],[113.80638683057803,19.17281743621836],[113.88958127573295,19.159908467800612]]],[[[117.40548868090389,10.67355262997281],[117.36490602473074,10.744199893495395],[117.28895848246388,10.737158637994806],[117.27272541999463,10.68693101542393],[117.40548868090389,10.67355262997281]]],[[[112.53412055955032,16.291066268343542],[112.50455319576703,16.319231290345904],[112.39758890913927,16.295291021643898],[112.40628519260494,16.265248331508047],[112.53412055955032,16.291066268343542]]],[[[114.0469840064616,8.778985483280717],[114.05568028992727,8.818181805567335],[113.9730655970034,8.87169534737182],[114.0469840064616,8.778985483280717]]],[[[111.50390084498378,17.118179081146188],[111.48882728697662,17.06020607752466],[111.54622275785005,17.083676929193295],[111.50390084498378,17.118179081146188]]],[[[111.69811784238377,7.646751598785839],[111.7450777730984,7.705428727957422],[111.72217755997212,7.731716081826292],[111.66826060248496,7.685478504039084],[111.69811784238377,7.646751598785839]]],[[[112.6167352524742,5.463962393602927],[112.63557719998315,5.516302392823979],[112.57905135745628,5.562774679127873],[112.6167352524742,5.463962393602927]]],[[[112.50281393907389,16.467801781408355],[112.57064495010613,16.539153170480997],[112.49469740783927,16.495497386377338],[112.50281393907389,16.467801781408355]]],[[[114.50556802121801,8.113586838474959],[114.59195110364368,8.12250576210904],[114.5922409797592,8.16005912477885],[114.50556802121801,8.113586838474959]]],[[[111.55115065181393,7.5261114212090625],[111.60796637045632,7.593707474014726],[111.55926718304855,7.604034648748925],[111.55115065181393,7.5261114212090625]]],[[[113.93567157810102,8.020172848833797],[113.90088644423832,7.965485764445881],[113.96639844634637,7.946474374594287],[113.93567157810102,8.020172848833797]]],[[[117.7945024279349,10.755231193779654],[117.8318964468373,10.805693524867216],[117.79769106520565,10.84136921940354],[117.7945024279349,10.755231193779654]]],[[[111.57607999774885,7.770912404112909],[111.6155031494599,7.8422637931855546],[111.54941139512079,7.809404600849469],[111.57607999774885,7.770912404112909]]],[[[111.99089271906138,16.308904115611703],[112.07002889859899,16.35138635713193],[111.99813962194943,16.35255989971536],[111.99089271906138,16.308904115611703]]],[[[114.50962628683533,10.724014961060371],[114.55890522647412,10.780110296548404],[114.5351353850013,10.795366350133017],[114.50962628683533,10.724014961060371]]],[[[111.99060284294586,8.049041996386215],[112.00857516210824,8.094810157140051],[111.95031006288824,8.108188542591172],[111.9303086109172,8.060073296670474],[111.99060284294586,8.049041996386215]]],[[[115.528830709012,9.93398609389417],[115.5444840192502,9.870849502905546],[115.57752989641976,9.91919945734293],[115.528830709012,9.93398609389417]]],[[[114.25656443798428,10.240280708169836],[114.30816238654727,10.3027131736084],[114.23975162328398,10.25671030433788],[114.25656443798428,10.240280708169836]]],[[[113.68145022478788,8.975201803230492],[113.71478597807297,9.021908798051072],[113.6402878163837,8.99139669088185],[113.68145022478788,8.975201803230492]]],[[[114.64180979551352,8.846816244603067],[114.67833418606935,8.88319606468945],[114.61340193619233,8.88319606468945],[114.64180979551352,8.846816244603067]]],[[[114.72355486009084,16.18239622511777],[114.79863277401114,16.216663668553974],[114.70036477084905,16.201172906452676],[114.72355486009084,16.18239622511777]]],[[[112.65383939526106,5.3552923503771535],[112.68659539631508,5.407867058114892],[112.60861872123957,5.389559793813358],[112.65383939526106,5.3552923503771535]]],[[[112.71442350340524,5.063784372652726],[112.67413072334762,5.12246150182431],[112.64891150129718,5.0616719960025485],[112.71442350340524,5.063784372652726]]],[[[111.73551186128617,16.470618283608587],[111.76218046391422,16.472026534708704],[111.78189203976974,16.522019448762897],[111.73957012690347,16.55370509851555],[111.76102095945214,16.497140345994143],[111.73551186128617,16.470618283608587]]],[[[112.53325093120375,8.848459204219871],[112.63557719998315,8.820528890734199],[112.59412491546345,8.861133464120933],[112.53325093120375,8.848459204219871]]],[[[115.23866471737409,8.365429076879394],[115.17750085699888,8.387961094481284],[115.19025540608186,8.357214278795373],[115.23866471737409,8.365429076879394]]],[[[114.6661593892174,9.927179546910265],[114.6818126994556,9.981162505748122],[114.61775007792517,9.9781112950312],[114.6661593892174,9.927179546910265]]],[[[114.63949078658935,11.425324008919139],[114.65775298186725,11.524136294444087],[114.61601082123204,11.517329747460183],[114.63949078658935,11.425324008919139]]],[[[115.97350067022333,9.323978659026386],[115.92248247389139,9.313182067258815],[115.9392952885917,9.271638659805333],[115.97350067022333,9.323978659026386]]],[[[113.85653539856341,9.994071474165871],[113.8681304431843,10.125038826476846],[113.83943270774759,9.996418559332735],[113.85653539856341,9.994071474165871]]],[[[114.22206918023713,8.715144766742034],[114.21801091461981,8.786730864331364],[114.18989293141414,8.766311223379654],[114.22206918023713,8.715144766742034]]],[[[111.70304573634766,7.887797245422704],[111.68275440826109,7.937555450960207],[111.63434509696884,7.908686303407788],[111.70304573634766,7.887797245422704]]],[[[113.02256181420552,19.47582613126042],[113.02401119478313,19.530513215648334],[112.9886463086894,19.527931421964784],[113.02256181420552,19.47582613126042]]],[[[116.71993166769346,16.29904635791088],[116.74341163305077,16.362417657416188],[116.69065418002569,16.347396312348263],[116.71993166769346,16.29904635791088]]],[[[115.41751828065141,13.931306841579135],[115.41896766122903,13.978717961949773],[115.35751392473827,13.950318231430726],[115.41751828065141,13.931306841579135]]],[[[114.72471436455292,10.323836940110171],[114.7412373031377,10.37641164784791],[114.69949514250249,10.375942230814537],[114.72471436455292,10.323836940110171]]],[[[111.67985564710587,8.627129072984658],[111.7088432586581,8.673366650771866],[111.65782506232617,8.678999655172337],[111.67985564710587,8.627129072984658]]],[[[115.50535074365469,8.492641092923389],[115.55028154156065,8.463302528337596],[115.55491955940902,8.525030868226104],[115.50535074365469,8.492641092923389]]],[[[116.76138395221315,11.431661138869671],[116.73413559735405,11.51615620487675],[116.7294975795057,11.477898716656878],[116.76138395221315,11.431661138869671]]],[[[112.28830561358734,16.96937388156705],[112.23409877998466,16.999181863186216],[112.21757584139988,16.96233262606646],[112.28830561358734,16.96937388156705]]],[[[114.98589274463859,7.477761466771677],[115.00995246222695,7.527519672309181],[114.94531008846545,7.510620659107764],[114.98589274463859,7.477761466771677]]],[[[112.34715046503838,16.913747963112385],[112.329178145876,16.96421029419995],[112.29758164928406,16.964679711233323],[112.34715046503838,16.913747963112385]]],[[[116.31323547761556,8.88695140095643],[116.3022201852257,8.91910646774246],[116.27033381251825,8.887655526506489],[116.31323547761556,8.88695140095643]]],[[[113.78986389199326,7.601218146548689],[113.82725791089564,7.646282181752466],[113.76493454605833,7.63830209218513],[113.78986389199326,7.601218146548689]]],[[[111.78653005761811,16.030774523338398],[111.82479370486706,16.073022056341937],[111.75696269383482,16.063633715674484],[111.78653005761811,16.030774523338398]]],[[[114.90066916667502,7.951403253444701],[114.91052495460278,8.009376257066226],[114.86588403281232,7.976517064730138],[114.90066916667502,7.951403253444701]]],[[[114.92704789318755,10.843716304570403],[114.9563253808553,10.903801684842104],[114.9096553262562,10.874697828772998],[114.92704789318755,10.843716304570403]]],[[[116.07118892115437,10.067065822855321],[116.06626102719049,10.130906539394005],[116.04220130960213,10.092649051174131],[116.07118892115437,10.067065822855321]]],[[[112.55180300259718,5.619574140165966],[112.55731064879211,5.67825126933755],[112.52426477162255,5.688343735555062],[112.55180300259718,5.619574140165966]]],[[[112.66978258161478,4.998300696497239],[112.61847450916733,5.0487630275848],[112.63731645667627,5.00651549458126],[112.66978258161478,4.998300696497239]]],[[[113.22837385622641,8.068757511787869],[113.2788123003273,8.112648004408213],[113.25649183943207,8.118281008808683],[113.22837385622641,8.068757511787869]]],[[[112.61702512858972,4.944083029142695],[112.63731645667627,4.987738813246353],[112.59963256165838,4.995249485780316],[112.61702512858972,4.944083029142695]]],[[[114.4444041608428,16.048377662089873],[114.51745294195442,16.058470128307384],[114.46092709942756,16.06903201155827],[114.4444041608428,16.048377662089873]]],[[[112.56426767556465,9.51902143639273],[112.56281829498704,9.555870673512484],[112.50397344353598,9.527470942993437],[112.56426767556465,9.51902143639273]]],[[[114.85081047480516,7.187896448664054],[114.86356502388814,7.2432876586020285],[114.81602534094247,7.194468287131271],[114.85081047480516,7.187896448664054]]],[[[112.9393673690506,4.992902400613453],[112.9483535286318,5.049232444618173],[112.90690124411209,5.039374686917347],[112.9393673690506,4.992902400613453]]],[[[114.67920381441591,7.564134200912248],[114.72036622282009,7.6082594020492795],[114.67398604433652,7.612014738316261],[114.67920381441591,7.564134200912248]]],[[[114.72993213463232,11.433773515519848],[114.7165978333183,11.493389478758175],[114.69137861126785,11.448560152071085],[114.72993213463232,11.433773515519848]]],[[[113.99944432351595,8.79212916021515],[113.97335547311891,8.843295616852771],[113.95045525999265,8.832029608051828],[113.99944432351595,8.79212916021515]]],[[[115.45172366228306,9.348388344761764],[115.45201353839857,9.418566191250978],[115.42331580296187,9.37678807528081],[115.45172366228306,9.348388344761764]]],[[[114.21047413561624,16.041101698072595],[114.30323449258339,16.035938110705494],[114.30207498812129,16.05940896237413],[114.21047413561624,16.041101698072595]]],[[[112.55876002936972,5.760399250177767],[112.54832448921091,5.823066424133018],[112.5248445238536,5.802177366147935],[112.55876002936972,5.760399250177767]]],[[[112.22627212486555,15.696549595577057],[112.25496986030225,15.73668475193042],[112.19873389389093,15.715795693945337],[112.22627212486555,15.696549595577057]]],[[[112.24917233799181,16.753676754732307],[112.25728886922644,16.779964108601177],[112.20598079677899,16.79780195586934],[112.24917233799181,16.753676754732307]]],[[[112.58484887976672,5.0743462559036105],[112.59731355273419,5.1210532507241915],[112.55499163986792,5.115185537807033],[112.58484887976672,5.0743462559036105]]],[[[114.69282799184546,8.216154460266885],[114.68732034565053,8.186815895681093],[114.73746891363591,8.191275357498135],[114.69282799184546,8.216154460266885]]],[[[110.47773939603456,7.782647829947226],[110.50788651204888,7.807292224199291],[110.48121790942083,7.82912011625112],[110.47773939603456,7.782647829947226]]],[[[114.08611728205713,10.904271101875477],[114.10756811460578,10.93619146014482],[114.07452223743624,10.941589756028604],[114.08611728205713,10.904271101875477]]],[[[117.30026365096926,11.028901324235921],[117.29533575700538,11.079128946806795],[117.26026074702716,11.064342310255556],[117.30026365096926,11.028901324235921]]],[[[117.28055207511373,10.30599909284201],[117.29562563312089,10.344960706611941],[117.25388347248568,10.322663397526739],[117.28055207511373,10.30599909284201]]],[[[113.9211777723249,8.840479114652537],[113.93567157810102,8.871225930338447],[113.88929139961743,8.864654091871229],[113.9211777723249,8.840479114652537]]],[[[111.60390810483901,16.440575593472737],[111.58767504236974,16.49291559269379],[111.57376098882467,16.449494517106817],[111.60390810483901,16.440575593472737]]],[[[114.8125468275562,8.117342174741939],[114.80327079185949,8.162640918462401],[114.77312367584517,8.11593392364182],[114.8125468275562,8.117342174741939]]],[[[116.48049399627197,9.139732473427614],[116.48658139469794,9.185735342698134],[116.44947725191108,9.170244580596837],[116.48049399627197,9.139732473427614]]],[[[116.64862214327495,10.51981855154326],[116.6468828865818,10.494000614707764],[116.70456823357077,10.494704740257824],[116.64862214327495,10.51981855154326]]],[[[112.2451140723745,3.8606685161185745],[112.25989775426615,3.8991607128551333],[112.21757584139988,3.8815575741036583],[112.2451140723745,3.8606685161185745]]],[[[112.04394004820197,3.8381364985166866],[112.05611484505391,3.8630156012854378],[112.00712578153063,3.8648932694189284],[112.04394004820197,3.8381364985166866]]],[[[115.29895894940276,10.203900888083453],[115.28649427643529,10.173154072397544],[115.32620730426186,10.205778556216945],[115.29895894940276,10.203900888083453]]],[[[117.68608876072955,11.018339440985034],[117.66666706098954,11.05706634623828],[117.65217325521343,11.026554239069057],[117.68608876072955,11.018339440985034]]],[[[113.60666218698312,6.922910533325182],[113.59187850509147,6.9632803981952325],[113.57593531873775,6.922206407775123],[113.60666218698312,6.922910533325182]]],[[[116.73674448239376,9.030593013168467],[116.74573064197494,9.058523326654141],[116.69558207398958,9.050777945603492],[116.73674448239376,9.030593013168467]]],[[[117.38084921108448,10.065422863238517],[117.34954259060805,10.106496853658625],[117.35012234283911,10.064953446205145],[117.38084921108448,10.065422863238517]]],[[[110.63688138345634,7.987078947981024],[110.63427249841665,8.041531323852254],[110.60615451521097,7.992946660898181],[110.63688138345634,7.987078947981024]]],[[[112.49179864668405,5.000882490180788],[112.49469740783927,5.035619350650366],[112.46049202620763,5.036792893233797],[112.49179864668405,5.000882490180788]]],[[[112.36889117370256,8.910187544108378],[112.38048621832345,8.948679740844938],[112.34135294272792,8.92802539137654],[112.36889117370256,8.910187544108378]]],[[[114.35541219337742,10.72542321216049],[114.34758553825831,10.73246446766108],[114.3151194133198,10.697727607191503],[114.35541219337742,10.72542321216049]]],[[[114.19163218810726,9.352613098062118],[114.18989293141414,9.393452379965542],[114.16264457655504,9.386176415948263],[114.19163218810726,9.352613098062118]]],[[[112.92516343939,7.829354824767806],[112.92748244831418,7.869255272604484],[112.88892892494971,7.855642178636676],[112.92516343939,7.829354824767806]]],[[[112.19525538050465,8.853388083070286],[112.2216341070172,8.880379562489214],[112.20134277893062,8.88953319463998],[112.19525538050465,8.853388083070286]]],[[[112.27323205558017,8.854796334170402],[112.2839574718545,8.887655526506489],[112.24076593064166,8.878267185839036],[112.27323205558017,8.854796334170402]]],[[[115.29200192263022,8.512826025358413],[115.25373827538127,8.51165248277498],[115.2670725766953,8.47902799895558],[115.29200192263022,8.512826025358413]]],[[[114.71630795720279,9.719227801126173],[114.68963935457472,9.74316806982818],[114.67688480549174,9.709370043425347],[114.71630795720279,9.719227801126173]]],[[[112.67268134277,16.390347970901864],[112.65528877583867,16.428605459121734],[112.64166459840911,16.387531468701624],[112.67268134277,16.390347970901864]]],[[[114.9160326007977,16.005191295019586],[114.91400346798903,16.055418917590462],[114.89139313097829,16.038285195872362],[114.9160326007977,16.005191295019586]]],[[[112.86110081785955,8.891880279806843],[112.86863759686314,8.910187544108378],[112.82051816168642,8.920749427359262],[112.86110081785955,8.891880279806843]]],[[[111.54506325338795,16.44386151270635],[111.54013535942408,16.46240348552457],[111.49027666755423,16.43916734237262],[111.54506325338795,16.44386151270635]]],[[[116.4886105275066,9.783537934698229],[116.50455371386033,9.805600535266745],[116.46773944718899,9.81921362923455],[116.4886105275066,9.783537934698229]]],[[[115.78305206232513,10.439313530319847],[115.79812562033229,10.465600884188717],[115.7711671415887,10.472876848205994],[115.78305206232513,10.439313530319847]]],[[[111.72652570170496,16.562389313632945],[111.71203189592885,16.596187340035776],[111.68565316941631,16.589380793051873],[111.72652570170496,16.562389313632945]]],[[[116.16655816316123,9.59905704058277],[116.156992251349,9.564554888629878],[116.19322676578929,9.580749776281236],[116.16655816316123,9.59905704058277]]],[[[111.48360951689722,8.52268378305924],[111.50477047333035,8.55272647319509],[111.47027521558319,8.546154634727873],[111.48360951689722,8.52268378305924]]],[[[113.6634779056255,9.21225740508369],[113.69275539329325,9.227748167184988],[113.67565270247744,9.246055431486521],[113.6634779056255,9.21225740508369]]],[[[115.80073450537199,10.506909583125513],[115.77812416836124,10.542819986178522],[115.76942788489558,10.523104470776868],[115.80073450537199,10.506909583125513]]],[[[116.09698789543586,10.786682135015623],[116.09843727601347,10.82916437653585],[116.0766965673493,10.80663235893396],[116.09698789543586,10.786682135015623]]],[[[113.61912685995057,10.22455523755185],[113.6336206657267,10.245444295536934],[113.60637231086758,10.259057389504743],[113.61912685995057,10.22455523755185]]],[[[112.9651663433321,8.405094816199385],[112.98110952968582,8.430912753034882],[112.95125228978702,8.438892842602218],[112.9651663433321,8.405094816199385]]],[[[112.56281829498704,5.9535643594106205],[112.55006374590405,5.97985171327949],[112.53064204616405,5.952390816827188],[112.56281829498704,5.9535643594106205]]],[[[113.83247568097505,7.3852863111972615],[113.79711079488132,7.379418598280103],[113.82435914974042,7.363693127662119],[113.83247568097505,7.3852863111972615]]],[[[113.96871745527056,15.807566723969693],[113.96610857023086,15.84113004185584],[113.93393232140788,15.837139997072171],[113.96871745527056,15.807566723969693]]],[[[112.2593180020351,3.938826452175124],[112.28047895846822,3.94868420987595],[112.25496986030225,3.9745021467114467],[112.2593180020351,3.938826452175124]]],[[[117.19938676276746,10.586710478798866],[117.180254939143,10.621916756301815],[117.16923964675314,10.595159985399572],[117.19938676276746,10.586710478798866]]],[[[112.38135584667002,5.616522929449044],[112.35874550965927,5.642575574801227],[112.35352773957987,5.612532884665376],[112.38135584667002,5.616522929449044]]],[[[117.21359069242806,10.715330745942978],[117.1828638241827,10.743730476462023],[117.17996506302747,10.723780252543685],[117.21359069242806,10.715330745942978]]],[[[113.22025732499179,6.323230273191598],[113.22634472341775,6.286381036071843],[113.23938914861625,6.327220317975264],[113.22025732499179,6.323230273191598]]],[[[114.10930737129891,8.07955410355544],[114.11858340699564,8.117107466225253],[114.09655282221593,8.100208453023836],[114.10930737129891,8.07955410355544]]],[[[112.90284297849479,16.778321148984375],[112.8886390488342,16.78888303223526],[112.86660846405448,16.757666799515974],[112.90284297849479,16.778321148984375]]],[[[114.61456144065443,15.634586547171864],[114.60296639603354,15.65218968592334],[114.57716742175204,15.627310583154587],[114.61456144065443,15.634586547171864]]],[[[115.0093727099959,11.06481172728893],[115.01661961288397,11.090160247091053],[114.98879150579381,11.096966794074957],[115.0093727099959,11.06481172728893]]],[[[115.43549059981379,8.32341625239254],[115.44476663551052,8.356510153245313],[115.41693852842036,8.331161633443191],[115.43549059981379,8.32341625239254]]],[[[116.58890766347734,9.72462609700996],[116.54774525507315,9.74574986351173],[116.56281881308033,9.72063605222629],[116.58890766347734,9.72462609700996]]],[[[117.63825920166835,10.624263841468679],[117.66318854760328,10.645622316487135],[117.64318709563223,10.653837114571157],[117.63825920166835,10.624263841468679]]],[[[114.12003278757325,15.98007748373415],[114.13307721277175,15.995802954352133],[114.1090174951834,16.012936676070236],[114.12003278757325,15.98007748373415]]],[[[113.8692899476464,15.463484038507527],[113.88552301011563,15.492822603093318],[113.85653539856341,15.481556594292375],[113.8692899476464,15.463484038507527]]],[[[116.85124554802509,10.47052976303913],[116.86892799107196,10.49423532322445],[116.84167963621286,10.495174157291196],[116.85124554802509,10.47052976303913]]],[[[114.28294316449683,9.69951228572452],[114.28381279284339,9.74058627614463],[114.26960886318278,9.705614707158364],[114.28294316449683,9.69951228572452]]],[[[111.20532844599573,15.773533989050174],[111.21605386227006,15.803341970669338],[111.19170426856618,15.791606544835021],[111.20532844599573,15.773533989050174]]],[[[112.49092901833748,5.735520147409016],[112.4938277794927,5.776124720795751],[112.46802880521122,5.740449026259428],[112.49092901833748,5.735520147409016]]],[[[112.69645118424285,16.333548509863768],[112.67297121888554,16.36100940631607],[112.66717369657508,16.333548509863768],[112.69645118424285,16.333548509863768]]],[[[112.20858968181868,8.82874368881822],[112.22743162932764,8.827804854751474],[112.21960497420854,8.857612836370638],[112.20858968181868,8.82874368881822]]],[[[114.01741664267831,15.411848164836533],[113.98929865947265,15.435319016505167],[113.97799349096728,15.420062962920554],[114.01741664267831,15.411848164836533]]],[[[113.73710643896818,15.595624933401933],[113.75304962532192,15.612523946603348],[113.71971387203683,15.615105740286898],[113.73710643896818,15.595624933401933]]],[[[116.44744811910242,9.763353002263205],[116.45063675637317,9.791987441298936],[116.42773654324691,9.802549324549823],[116.44744811910242,9.763353002263205]]],[[[113.89711805473654,15.652659102956711],[113.91567012612997,15.687161254909602],[113.88929139961743,15.67589524610866],[113.89711805473654,15.652659102956711]]],[[[115.74159977780542,10.512073170492611],[115.73754151218812,10.542115860628462],[115.71667043187051,10.53906464991154],[115.74159977780542,10.512073170492611]]],[[[117.46230439954627,11.067393520972479],[117.48114634705522,11.088986704507622],[117.46433353235491,11.091803206707858],[117.46230439954627,11.067393520972479]]],[[[114.4536801965395,15.59773731005211],[114.46237648000518,15.578021794650457],[114.48759570205561,15.59515551636856],[114.4536801965395,15.59773731005211]]],[[[114.78587822492815,15.885724660026243],[114.75747036560696,15.890888247393342],[114.76384764014844,15.870703314958316],[114.78587822492815,15.885724660026243]]],[[[112.88197189817717,9.536155158110832],[112.90371260684134,9.551645920212131],[112.89617582783777,9.563616054563134],[112.88197189817717,9.536155158110832]]],[[[114.246418773941,15.431094263204812],[114.2594631991395,15.448932110472974],[114.24467951724787,15.458789868173799],[114.246418773941,15.431094263204812]]],[[[114.59195110364368,11.31454158904319],[114.5768775456365,11.338716566261882],[114.5661521293622,11.324399346744016],[114.59195110364368,11.31454158904319]]],[[[115.71435142294632,10.480622229256642],[115.70536526336514,10.515124381209533],[115.69637910378394,10.490010569924095],[115.71435142294632,10.480622229256642]]],[[[111.53143907595842,9.266240363921547],[111.54013535942408,9.287364130423317],[111.51781489852885,9.272812202388764],[111.53143907595842,9.266240363921547]]],[[[112.74138198214882,16.65486446920736],[112.72543879579509,16.68091711455954],[112.72340966298643,16.657680971407597],[112.74138198214882,16.65486446920736]]],[[[112.35555687238852,16.84169244848968],[112.32598950860525,16.84004948887288],[112.33555542041748,16.822915767154775],[112.35555687238852,16.84169244848968]]],[[[114.34439690098756,11.0584745973384],[114.32352582066996,11.069975314656029],[114.31309028051115,11.053076301454613],[114.34439690098756,11.0584745973384]]],[[[111.60651698987871,16.5288259957468],[111.62275005234795,16.550184470765256],[111.59695107806647,16.537979627897567],[111.60651698987871,16.5288259957468]]],[[[115.85870972847647,10.829868502085908],[115.86015910905408,10.849584017487562],[115.83783864815885,10.84770634935407],[115.85870972847647,10.829868502085908]]],[[[114.26786960648965,15.525447086912719],[114.2774355183019,15.541876683080762],[114.25482518129115,15.547040270447862],[114.26786960648965,15.525447086912719]]],[[[114.55919510258965,9.869441251805426],[114.55049881912399,9.894789771607552],[114.54296204012039,9.873431296589095],[114.55919510258965,9.869441251805426]]],[[[115.73899089276573,10.441660615486711],[115.72652621979827,10.473580973756054],[115.71869956467916,10.447293619887184],[115.73899089276573,10.441660615486711]]],[[[113.03734549609716,9.659377129371158],[113.03183784990225,9.67979677032287],[113.01241615016224,9.677684393672692],[113.03734549609716,9.659377129371158]]],[[[111.66478208909871,16.558633977365965],[111.66739097413841,16.578349492767614],[111.65086803555363,16.567318192483356],[111.66478208909871,16.558633977365965]]],[[[114.46672462173801,9.891269143857256],[114.4768702857813,9.902065735624827],[114.46121697554308,9.914505287009202],[114.46672462173801,9.891269143857256]]],[[[114.86385490000367,10.815316574051355],[114.86269539554158,10.837144466103185],[114.84965097034308,10.81766365921822],[114.86385490000367,10.815316574051355]]],[[[109.17590576122356,19.674389536377056],[109.16141195544745,19.662419402026053],[109.18431216857371,19.66312352757611],[109.17590576122356,19.674389536377056]]],[[[116.16626828704571,10.6101813304675],[116.16829741985437,10.648673527204057],[116.15931126027317,10.61581433486797],[116.16626828704571,10.6101813304675]]],[[[114.55687609366547,9.93140430021062],[114.57050027109503,9.943609143078309],[114.54846968631531,9.944547977145053],[114.55687609366547,9.93140430021062]]],[[[114.37106550361563,10.17338878091423],[114.37396426477085,10.18301183009837],[114.34410702487205,10.183246538615055],[114.37106550361563,10.17338878091423]]],[[[114.49803124221442,9.90394340375832],[114.50556802121801,9.92037299992636],[114.49252359601951,9.922720085093225],[114.49803124221442,9.90394340375832]]],[[[116.60601035429316,9.717584841509368],[116.59644444248093,9.735892105810903],[116.5883279112463,9.733310312127353],[116.60601035429316,9.717584841509368]]],[[[114.2632315886413,9.817570669617748],[114.26728985425862,9.83799031056946],[114.25221629625145,9.827897844351945],[114.2632315886413,9.817570669617748]]],[[[110.48121790942083,18.655519865441676],[110.49368258238829,18.67077591902629],[110.48034828107427,18.674765963809957],[110.48121790942083,18.655519865441676]]],[[[114.40005311516786,11.452315488338067],[114.39947336293682,11.468510375989425],[114.38208079600548,11.461234411972148],[114.40005311516786,11.452315488338067]]],[[[114.80298091574397,11.141326703728675],[114.80674930524576,11.151184461429501],[114.78413896823501,11.149072084779323],[114.80298091574397,11.141326703728675]]],[[[114.4652752411604,9.825081342151709],[114.45715870992578,9.841980355353126],[114.45194093984637,9.823907799568278],[114.4652752411604,9.825081342151709]]],[[[114.52991761492189,9.922954793609911],[114.52238083591831,9.943374434561623],[114.51397442856816,9.93398609389417],[114.52991761492189,9.922954793609911]]],[[[116.92748296640748,9.448139464353456],[116.9355994976421,9.463160809421382],[116.91733730236419,9.457058387987537],[116.92748296640748,9.448139464353456]]],[[[114.59050172306607,9.870614794388858],[114.5858637052177,9.888217933140334],[114.5768775456365,9.874604839172527],[114.59050172306607,9.870614794388858]]],[[[112.89849483676194,9.571126727097095],[112.90110372180165,9.590372825465376],[112.88718966825657,9.590372825465376],[112.89849483676194,9.571126727097095]]],[[[114.37251488419324,11.07959836384017],[114.38295042435203,11.091333789674486],[114.36410847684309,11.09344616632466],[114.37251488419324,11.07959836384017]]],[[[114.30294461646787,11.375800511898323],[114.29598758969533,11.391056565482934],[114.2942483330022,11.378617014098559],[114.30294461646787,11.375800511898323]]],[[[114.2606227036016,9.760771208579655],[114.25598468575325,9.780721432497993],[114.2501871634428,9.770394257763794],[114.2606227036016,9.760771208579655]]],[[[111.47056509169872,17.06137962010809],[111.46940558723662,17.074523297042525],[111.45404215311393,17.074523297042525],[111.47056509169872,17.06137962010809]]],[[[114.34033863537024,9.74504573796167],[114.35541219337742,9.75466878714581],[114.34497665321861,9.761005917096341],[114.34033863537024,9.74504573796167]]],[[[114.0339395812631,10.030216585735566],[114.02988131564578,10.014960532150955],[114.0469840064616,10.018246451384563],[114.0339395812631,10.030216585735566]]],[[[115.36534057985739,10.243566627403444],[115.37693562447828,10.256475595821193],[115.36331144704872,10.258118555437997],[115.36534057985739,10.243566627403444]]],[[[114.40092274351443,9.7891709390987],[114.40208224797652,9.805600535266745],[114.39164670781771,9.79691632014935],[114.40092274351443,9.7891709390987]]],[[[114.23105533981831,11.055423386621476],[114.2322148442804,11.06668939542242],[114.21627165792668,11.066924103939106],[114.23105533981831,11.055423386621476]]],[[[114.28236341226577,11.047208588537455],[114.29279895242459,11.049555673704319],[114.28236341226577,11.06222993360538],[114.28236341226577,11.047208588537455]]],[[[109.37302151977877,18.22670740545574],[109.37099238697013,18.24407583569053],[109.36345560796654,18.22952390765598],[109.37302151977877,18.22670740545574]]],[[[111.71898892270139,16.20351999161954],[111.70536474527184,16.21572483448723],[111.70217610800108,16.203754700136226],[111.71898892270139,16.20351999161954]]],[[[114.36410847684309,11.394577193233228],[114.37135537973114,11.406547327584232],[114.35628182172398,11.404434950934055],[114.36410847684309,11.394577193233228]]],[[[111.70275586023213,16.454892812990604],[111.70159635577005,16.445269763806465],[111.71609016154616,16.44667801490658],[111.70275586023213,16.454892812990604]]],[[[114.57658766952099,10.407862589083878],[114.5844143246401,10.41865918085145],[114.5702103949795,10.419832723434881],[114.57658766952099,10.407862589083878]]],[[[110.56528198292233,19.13502936503186],[110.57484789473456,19.140897077949017],[110.56905037242412,19.150050710099784],[110.56528198292233,19.13502936503186]]],[[[112.95675993598195,9.633089775502288],[112.96603597167865,9.641539282102997],[112.95038266144044,9.639426905452819],[112.95675993598195,9.633089775502288]]],[[[110.4809280333053,18.67664363194345],[110.4757102632259,18.69049143442794],[110.47310137818621,18.6757047978767],[110.4809280333053,18.67664363194345]]],[[[114.51136554352846,9.861695870754778],[114.51078579129741,9.874839547689213],[114.50440851675592,9.869441251805426],[114.51136554352846,9.861695870754778]]],[[[114.53571513723233,10.70429944565872],[114.54064303119623,10.711105992642622],[114.53194674773054,10.717208414076467],[114.53571513723233,10.70429944565872]]],[[[113.00574899950522,9.649049954636958],[113.00719838008283,9.660081254921216],[112.99734259215506,9.660315963437903],[113.00574899950522,9.649049954636958]]]]}},{"type":"Feature","properties":{"adcode":"500000","name":"重庆市"},"geometry":{"type":"Polygon","coordinates":[[[109.57970319014623,31.728549536353828],[109.37939879432028,31.706956352818686],[109.27504339273221,31.720569446786495],[109.27040537488386,31.802013302076652],[109.07879726252357,31.934388905487744],[108.98487740109431,31.98203473437507],[108.89095753966507,31.99048424097578],[108.78486288138387,32.050100204214104],[108.72775728662597,32.10948145893575],[108.6697820635215,32.104787288602026],[108.50455267767373,32.20406899116034],[108.36483238999195,32.17754692877479],[108.4483167112624,32.078265226216466],[108.3448309380209,32.07333634736605],[108.3228003532412,32.02005751407826],[108.36599189445404,31.99048424097578],[108.26337574955912,31.982504151408442],[108.28308732541464,31.91162217936917],[108.44918633960896,31.790747293275707],[108.53122128030179,31.758826935006365],[108.53209090864836,31.67151536679905],[108.384833841963,31.592418596675756],[108.31613320258418,31.504168194401693],[108.23235900519822,31.509801198802165],[108.21177780099613,31.41404012399414],[108.14945443615882,31.375547927257582],[108.17612303878687,31.326728555786826],[108.01611142301853,31.24692766011347],[108.07292714166091,31.188485239458572],[108.0169810513651,31.116429724835868],[108.04915730018809,31.042965959113044],[107.93088784505494,30.933357081820528],[107.99031244873703,30.911529189768697],[107.84508451486033,30.79487905697559],[107.75899130855018,30.819758159744342],[107.71174150172003,30.89228309140042],[107.63144581772033,30.8152986979273],[107.6065164717854,30.84487197102978],[107.47984060930213,30.840177800696054],[107.42070588173556,30.74817206215501],[107.50969784920093,30.64372677222959],[107.3551938796275,30.46253179734774],[107.32939490534602,30.3773326057906],[107.28301472686243,30.337901574987296],[107.19518226385915,30.193790545741887],[107.01458944388871,30.04193413544583],[106.98125369060364,30.086998170649604],[106.90994416618514,30.027851624444647],[106.72616270894395,30.030433418128197],[106.69775484962275,30.117979694852202],[106.60615399711767,30.23697691281217],[106.63977962651828,30.251998257880096],[106.55281679186156,30.318655476619018],[106.50730624172455,30.292368122750148],[106.43686634565262,30.312553055185173],[106.40932811467798,30.245895836446252],[106.30555246532097,30.239793415012407],[106.260621667415,30.19731117349218],[106.17597784168247,30.234395119128624],[106.16670180598575,30.3069200507847],[106.00002303956039,30.379679690957463],[105.94088831199383,30.37545493765711],[105.81276306893292,30.439765071229164],[105.71304568519324,30.3275744002531],[105.70782791511382,30.25903951338069],[105.62231446103473,30.278989737299025],[105.64057665631265,30.18909637540816],[105.53419212191592,30.170789111106625],[105.6321702489625,30.106244269017886],[105.68521757810308,30.040995301379084],[105.74493205790068,30.036535839562042],[105.70753803899831,29.902517276534144],[105.72927874766248,29.869892792714744],[105.58521031824786,29.826237008611088],[105.57245576916488,29.748313781071225],[105.47360801377175,29.677901226065323],[105.41592266678279,29.690575485966384],[105.37012224053026,29.623448850194094],[105.31736478750518,29.612417549909836],[105.28982655653056,29.548342124854468],[105.33504723055205,29.442253875312243],[105.42432907413294,29.42136481732716],[105.42780758751921,29.321144280702097],[105.51448054606041,29.266457196314178],[105.68724671091174,29.272559617748023],[105.72464072981413,29.100987692050314],[105.79913889150338,28.93786527295331],[105.90349429309143,28.9226092193687],[105.98089121593591,28.98410285074052],[106.04379433300426,28.953590743571294],[106.03335879284546,28.913925004251304],[106.16931069102546,28.924252178985505],[106.25047600337172,28.867922134980784],[106.24670761386993,28.790233615957607],[106.30120432358814,28.71184097138437],[106.30758159812963,28.6426019589619],[106.36845558238933,28.529003036885715],[106.39222542386216,28.57359765505612],[106.47512999290157,28.533227790186068],[106.46237544381859,28.587445457540614],[106.52411905642484,28.679685904598344],[106.46237544381859,28.761599176921873],[106.47339073620843,28.82778697862742],[106.55919406640305,28.757843840654893],[106.55687505747888,28.723576397218686],[106.64209863544245,28.66888931283077],[106.6116616433126,28.553412722621093],[106.55629530524783,28.518675862151518],[106.74181601918215,28.471968867330936],[106.71949555828692,28.53393191573613],[106.86327411158604,28.629458282027468],[106.8824059352105,28.697993168899878],[106.81892306591111,28.75479262993797],[106.9224088391526,28.812765633559493],[106.98937022183827,28.774742853856306],[106.97951443391051,28.85454374952966],[107.06415825964304,28.89890365918338],[107.16909341346214,28.88529056521557],[107.21489383971468,28.775212270889682],[107.32301763080451,28.81229621652612],[107.4134589788475,28.889515318515926],[107.43519968751168,28.95640724577153],[107.35954202136034,29.013206706809623],[107.36997756151914,29.10568186238404],[107.42331476677526,29.13079567366948],[107.40128418199556,29.191115762457866],[107.48447862715048,29.177502668490057],[107.56477431115019,29.222331995177147],[107.58419601089018,29.152154148687934],[107.69231980198003,29.145817018737404],[107.74855576839137,29.20167764570875],[107.80653099149585,29.140653431370303],[107.78044214109883,29.049821235412693],[107.8047917348027,28.98598051887401],[107.86160745344509,28.963917918305494],[107.92595995109107,29.03902464364512],[108.01814055582719,29.040667603261927],[108.06481061042629,29.089252266215997],[108.25033132436062,29.042545271395415],[108.27062265244717,29.095119979133155],[108.31816233539284,28.957580788354964],[108.34425118578986,28.941855317736977],[108.34830945140718,28.819102763510024],[108.38251483303881,28.779437024190035],[108.3291776277827,28.679451196081654],[108.43904067556568,28.635795411978],[108.56455703358687,28.666542227663907],[108.63064878792596,28.62265173504356],[108.56948492755075,28.5292377454024],[108.60340043306687,28.4107099444758],[108.60427006141343,28.3283272551189],[108.66398454121105,28.338654429853097],[108.68456574541312,28.42549658102704],[108.63992482362269,28.472203575847622],[108.71935087927582,28.495909136032942],[108.77703622626477,28.430425459877455],[108.73442443728298,28.22974967811064],[108.8176188824379,28.24876106796223],[108.84109884779522,28.202992907208397],[108.91791601840865,28.22130017150993],[109.000240835217,28.164735418988524],[109.00951687091371,28.203697032758456],[109.08053651921671,28.187032728073724],[109.18605142526684,28.47290770139768],[109.2698256226528,28.49802151268312],[109.31649567725191,28.588619000124044],[109.28315992396685,28.630631824610898],[109.19619708931012,28.605283304808776],[109.18924006253759,28.640254873795037],[109.26663698538206,28.672879357614438],[109.28808781793072,28.75338437883785],[109.23562024102117,28.781549400840213],[109.23040247094177,28.88294348004871],[109.31649567725191,29.0479435672792],[109.22663408143998,29.118356122285103],[109.10604561738268,29.22092374407703],[109.10227722788088,29.37066777772291],[109.04836027039372,29.40657818077592],[109.03067782734685,29.363626522222322],[108.91559700948446,29.329359078786116],[108.93849722261074,29.414792978859943],[108.86052054753522,29.4739395250649],[108.88458026512357,29.63002068866131],[108.84167860002626,29.661706338413968],[108.75645502206268,29.64105198894557],[108.68398599318209,29.71193396098484],[108.65673763832298,29.856044990230252],[108.59267501679254,29.8637903712809],[108.49063862412865,29.715219880218452],[108.43266340102419,29.743150193704125],[108.42338736532747,29.81191978909322],[108.36251338106777,29.822716380860793],[108.38599334642508,29.864025079797585],[108.51904648344986,29.89148597624989],[108.53875805930537,29.99499243210856],[108.52832251914657,30.0853552110328],[108.56426715747133,30.256223011180452],[108.45846237530569,30.359025341489065],[108.39758839104599,30.379679690957463],[108.4225177369809,30.494452155617083],[108.55875951127642,30.47896139351578],[108.68630500210627,30.58997852190842],[108.73645357009164,30.49891161743412],[108.83675070606239,30.5061875814514],[108.95965817904387,30.62847071864498],[109.03763485411939,30.65780928323077],[109.11851029035013,30.633634306012077],[109.07618837748387,30.602418073292796],[109.12517744100714,30.533413769387014],[109.19184894757728,30.54749628038819],[109.2889574462773,30.626358341994802],[109.35765808565608,30.55477224440547],[109.34635291715071,30.48952327676667],[109.43128661899877,30.59842802850913],[109.53100400273848,30.669779417581772],[109.57129678279608,30.651706861796924],[109.65594060852862,30.764366949806366],[109.76957204581339,30.847219056196643],[109.88871112929309,30.90237555761793],[110.00321219492443,30.886884795516632],[110.01335785896771,30.833605962228834],[110.07829010884473,30.804971523193103],[110.146700872108,30.91387627493556],[110.11510437551607,31.082631698433037],[110.18206575820173,31.13051223583705],[110.15278827053397,31.333769811287414],[110.10872710097458,31.414274832510827],[110.05104175398563,31.41098891327722],[109.96436879544443,31.510270615835537],[109.84464995973369,31.553926399939197],[109.71478545997967,31.558385861756236],[109.75217947888206,31.602745771409953],[109.73014889410234,31.69662917808449],[109.57970319014623,31.728549536353828]]]}},{"type":"Feature","properties":{"adcode":"510000","name":"四川省"},"geometry":{"type":"Polygon","coordinates":[[[105.49679810301353,32.91288871155307],[105.40809601166369,32.92180763518715],[105.3886743119237,32.83754727769676],[105.42287969355533,32.735683781454895],[105.28750754760638,32.65682171984828],[105.21416889037923,32.66503651793231],[105.1089438604446,32.59626692254321],[105.02777854809833,32.65259696654793],[104.9042913228858,32.60518584617729],[104.8266045239258,32.66503651793231],[104.73616317588282,32.638045038513376],[104.70282742259775,32.67630252673325],[104.63818504883625,32.66527122644899],[104.58107945407835,32.724183064137264],[104.45440359159507,32.7509398350395],[104.29787048921298,32.832853107363036],[104.27439052385567,32.88800960878432],[104.30308825929238,32.95419741048987],[104.3680205091694,32.947390863505966],[104.42396659946522,33.016864584445116],[104.33062649026701,33.04549902348086],[104.37990542990582,33.10863561446948],[104.29989962202164,33.30485193441925],[104.38338394329207,33.30109659815227],[104.37236865090223,33.34991596962303],[104.29352234748015,33.332547539388244],[104.21989381413746,33.40554188807769],[104.15322230756732,33.54378520440594],[104.1659768566503,33.61466717644521],[104.03611235689627,33.688835067718095],[103.86624495320015,33.688835067718095],[103.76391868442076,33.65738412648213],[103.63115542351152,33.72568430483785],[103.52506076523032,33.69000861030153],[103.54738122612554,33.74234860952258],[103.51810373845778,33.81182233046174],[103.43085102768555,33.7453998202395],[103.3305538917148,33.743756860622696],[103.15025094785989,33.82261892222931],[103.18387657726048,33.904062777519464],[103.11691519457482,33.95217802344016],[103.15720797463243,34.00592627376133],[103.11662531845928,34.03643838093056],[103.1763397982569,34.08173712465102],[103.1206835840766,34.11248394033693],[103.12213296465421,34.164823939557984],[102.97052775623601,34.198387257444125],[102.95690357880646,34.29649541741902],[102.85863557564437,34.305883758086466],[102.69485557037423,34.19979550854424],[102.59629769109662,34.15308851372367],[102.65369316197005,34.119055778804146],[102.46411418241841,34.07422645211706],[102.4380253320214,34.08830896311824],[102.38700713568946,33.974475332525365],[102.31453810680887,33.995364390510446],[102.20641431571903,33.96367874075779],[102.18641286374798,33.93152367397177],[102.26612879551664,33.83458905658031],[102.23656143173335,33.80290340682765],[102.34004720497484,33.7231025111543],[102.31395835457782,33.669119552316445],[102.34642447951633,33.60668708687788],[102.44324310210081,33.574297311575165],[102.45947616457006,33.47994448786726],[102.39367428634648,33.407184847694495],[102.25598313147336,33.4121137265449],[102.18641286374798,33.32926162015463],[102.21569035141573,33.25016485003134],[102.14177194195753,33.27621749538352],[102.08350684273753,33.19946781042709],[101.93682952828321,33.189610052726266],[101.8666795083268,33.1065232378193],[101.82319809099843,33.12295283398734],[101.82957536553994,33.214489155495016],[101.7695710096268,33.27081919949973],[101.87566566790798,33.31682206877025],[101.92291547473813,33.4517794658649],[101.88291257079605,33.578991481908886],[101.76667224847158,33.54073399368902],[101.76522286789397,33.44872825514798],[101.69942098967039,33.43933991448053],[101.64753316499187,33.325036866854276],[101.73913401749695,33.2696456569163],[101.67652077654412,33.20322314669407],[101.63187985475366,33.10370673561906],[101.49331907153397,33.22364278764578],[101.39099280275457,33.214019738461644],[101.3811370148268,33.15487319225669],[101.29475393240114,33.26424736103252],[101.18257187569398,33.27222745059986],[101.11474086466174,33.1975901422936],[101.16720844157129,33.09948198231871],[101.18402125627159,32.9879954368927],[101.12720553762921,32.99104664760962],[101.130973927131,32.92814476513769],[101.23677870929667,32.82909777109605],[101.22054564682742,32.72394835562058],[101.15735265364353,32.661750598698696],[101.07473796071966,32.68404790778389],[100.92603151345668,32.60189992694368],[100.88805774232324,32.635228536313136],[100.78254283627311,32.64180037478036],[100.68369508087997,32.676771943766624],[100.7190599669737,32.62419723602888],[100.65673660213639,32.59931813326013],[100.6686215228728,32.525384950503934],[100.57470166144356,32.55472351508973],[100.46947663150894,32.696018042134895],[100.39497846981968,32.7561034224066],[100.33236522886685,32.72066243638697],[100.23960487189969,32.72512189820401],[100.2111970125785,32.6084717654109],[100.08626040678834,32.67160835639952],[100.1349595941961,32.71808064270341],[100.10974037214567,32.86266108898219],[100.02596617475969,32.901857411268814],[100.0390105999582,32.931900101404665],[99.95291739364805,32.95396270197318],[99.87783947972775,33.045733731997544],[99.85522914271701,32.94950324015614],[99.76536754690508,32.94269669317224],[99.78797788391583,32.869937052999475],[99.76478779467404,32.782625484792156],[99.70942145660925,32.76009346719027],[99.60216729386597,32.78356431885891],[99.54825033637881,32.847405035397585],[99.37809305656718,32.90326566236894],[99.26388186705137,32.88284602141722],[99.23373475103703,32.98752601985933],[99.17807853685673,33.04667256606429],[98.85457679193377,33.15510790077337],[98.75746829323377,33.28255462533405],[98.77746974520481,33.375499197941835],[98.7360174606851,33.40929722434467],[98.74297448745764,33.47900565380051],[98.65340276776124,33.54331578737256],[98.66470793626661,33.5890839481264],[98.58267299557377,33.73389910292187],[98.49281139976183,33.770983048558314],[98.4806366029099,33.8244965903628],[98.40729794568273,33.869795334083264],[98.43947419450572,34.01273282074524],[98.40208017560333,34.087839546084865],[98.21105181547408,34.08056358206758],[98.09857988265139,34.12468878320462],[98.04379329681767,34.117412819187344],[97.9484240548108,34.19627488079395],[97.81044302382216,34.2091838492117],[97.7852238017717,34.17069165247514],[97.66173657655918,34.116708693637285],[97.70231923273231,34.06131748369931],[97.63129958442933,33.920727082204195],[97.59738407891321,33.93152367397177],[97.38751377127501,33.885990221734616],[97.36780219541949,33.82684367552966],[97.40577596655291,33.795862151327064],[97.43476357810516,33.68273264628425],[97.40461646209083,33.62851497892971],[97.45273589726754,33.58110385855907],[97.5260745544947,33.57570556267528],[97.51042124425649,33.52266143790417],[97.5559317943935,33.46539255983271],[97.62753119492754,33.46328018318253],[97.7539171812953,33.41164430951153],[97.70173948050126,33.36141668694066],[97.62289317707918,33.34170117153901],[97.57535349413351,33.22293866209572],[97.48665140278366,33.170129245841295],[97.484622269975,33.11215624221977],[97.54317724531052,33.038223059463576],[97.52172641276186,32.99010781354288],[97.37301996549888,32.95818745527353],[97.3849048862353,32.78239077627547],[97.42258878125321,32.70775346796921],[97.54375699754156,32.62419723602888],[97.60810949518753,32.615043603878114],[97.73043721593798,32.529844412320976],[97.92407446110693,32.48900513041755],[98.08640508579946,32.40075472814349],[98.1956883813514,32.36249723992362],[98.30120328740153,32.125676346587106],[98.42932853046244,32.01442450967778],[98.41396509633975,31.835107202929425],[98.54788786171109,31.716579402002825],[98.5545550123681,31.657667564314554],[98.71108811475018,31.517546579852816],[98.83718422500242,31.43891922676289],[98.8861732885257,31.378364429457818],[98.77196209900988,31.25185653896388],[98.6931157955878,31.334473936837473],[98.6464457409887,31.341515192338065],[98.60296432366033,31.258897794464474],[98.63658995306093,31.181913400991355],[98.7099286102881,31.120419769619534],[98.7360174606851,31.051884882747125],[98.805877604526,30.98241116180797],[98.77399123181854,30.911529189768697],[98.96328033525465,30.735732510770635],[98.90704436884332,30.700995650301056],[98.93081421031614,30.529423724603344],[98.96443983971675,30.453847582230345],[98.96878798144958,30.25950893041406],[98.98936918565167,30.15389009790521],[99.0441557714854,30.081834583282504],[99.06589648014958,29.93490705183686],[99.01255927489346,29.814736291293457],[98.99197807069137,29.66006337879716],[99.05024316991137,29.568292348772804],[99.06560660403406,29.30354114195062],[99.11314628697973,29.22420966331064],[99.13024897779555,28.94819244768751],[99.10734876466927,28.803142584375355],[99.12908947333345,28.693064290049463],[99.17952791743434,28.587914874573986],[99.17344051900838,28.40648519117545],[99.28185418621375,28.3008663586666],[99.30533415157106,28.233270305860934],[99.39113748176568,28.168960172288877],[99.41490732323852,28.291243309482457],[99.39200711011225,28.32245954220174],[99.43548852744061,28.398505101608112],[99.40244265027106,28.4468550560455],[99.4030224025021,28.550596220420857],[99.46157737783763,28.552239180037663],[99.53085776944746,28.684145366415382],[99.6166610996421,28.745638997787204],[99.62477763087672,28.816520969826474],[99.71232021776447,28.84046123852848],[99.72130637734567,28.758782674721637],[99.91958164036298,28.60246680260854],[99.98567339470208,28.531115413535893],[99.9949494303988,28.47173415881425],[100.07350585770536,28.42901720877734],[100.05640316688954,28.372687164772618],[100.17177386086745,28.326214878468722],[100.18655754275909,28.25603703197951],[100.15090278054984,28.2097994541923],[100.02886493591492,28.18609389400698],[100.08510090232626,28.034002775194235],[100.19409432176268,27.941762328136505],[100.17206373698298,27.914301431684205],[100.29468133384894,27.87228860719735],[100.31033464408715,27.727942869435257],[100.37497701784864,27.757516142537735],[100.4315028603755,27.868298562413685],[100.54107603204295,27.8147850206092],[100.67847731080056,27.926506274551894],[100.71934984308922,27.86149201542978],[100.70746492235281,27.801641343674763],[100.75471472918295,27.77253748760566],[100.78920998693012,27.68663417049846],[100.83066227144981,27.686399461981775],[100.85327260846056,27.600026727841204],[100.91269721214265,27.518348164034357],[100.96197615178146,27.405922784541605],[101.01879187042384,27.34677623833665],[101.04024270297249,27.224258392626382],[101.07618734129727,27.19609337062402],[101.16257042372294,27.20196108354118],[101.13387268828622,27.026399113059803],[101.2643169402713,26.95716010063733],[101.26866508200413,26.90552422696634],[101.36316469566442,26.887921088214863],[101.39737007729606,26.846847097794754],[101.38693453713725,26.726441628734666],[101.46462133609725,26.789343511206603],[101.49853684161337,26.737003511985552],[101.44867814974353,26.603689074507713],[101.39418144002532,26.567074545904646],[101.45708455709368,26.499243784582294],[101.50897238177218,26.50018261864904],[101.6127480311292,26.41686109522539],[101.66115734242143,26.352550961653336],[101.59535546419785,26.30795634348293],[101.62840134136741,26.22792073929289],[101.68927532562711,26.245054461010994],[101.80754478076022,26.165488273854326],[101.7968193644859,26.11526065128345],[101.862911118825,26.05634881359518],[101.91682807631217,26.1126788575999],[102.10582730363276,26.070666033113046],[102.24409821073694,26.215950604941888],[102.34816373620947,26.248105671727917],[102.3928046579999,26.30091508798234],[102.54122122914737,26.343162620985883],[102.61977765645393,26.34715266576955],[102.60064583282946,26.256555178328625],[102.67427436617214,26.2089093494413],[102.74007624439572,26.274393025596787],[102.99690648274854,26.3771953559054],[102.98792032316736,26.483753022480997],[103.03024223603362,26.48985544391484],[103.02618397041631,26.66612153994628],[102.96357072946347,26.84215292746103],[102.89631947066228,26.91326960801699],[102.86965086803423,27.030154449326783],[102.9119727809005,27.14375337140297],[102.88124591265512,27.30053866054944],[102.93980088799064,27.408504578225156],[102.98502156201212,27.37095121555534],[103.05314244915989,27.412494623008822],[103.10850878722466,27.40357569937474],[103.21750220666108,27.567167535505117],[103.2786660670363,27.565289867371625],[103.2760571819966,27.629365292426996],[103.39113799985898,27.712452107333956],[103.4963630297936,27.815254437642572],[103.5001314192954,27.91406672316752],[103.5610054035551,27.96452905425508],[103.514335348956,27.96898851607212],[103.48389835682615,28.03681927739447],[103.42824214264584,28.049258828778846],[103.46853492270345,28.12600851373528],[103.57318020040704,28.235382682511112],[103.63840232639957,28.265425372646963],[103.71869801039927,28.204870575341886],[103.8679842098933,28.304152277900208],[103.85812842196553,28.387473801323857],[103.78131125135211,28.5292377454024],[103.83667758941688,28.59354787897446],[103.84624350122911,28.669124021347457],[103.94219249546703,28.6048138877754],[104.12945246609448,28.641663124895157],[104.2294597259497,28.639316039728293],[104.24743204511209,28.667246353213965],[104.31207441887358,28.618661690259895],[104.37236865090223,28.652694425179416],[104.42135771442551,28.630397116094212],[104.35294695116224,28.55881101850488],[104.24453328395686,28.52665595171885],[104.25207006296044,28.411179361509177],[104.31526305614432,28.31095882488411],[104.34541017215865,28.33982797243653],[104.46280999894522,28.24946519351229],[104.39758787295268,28.201584656108277],[104.44831619316909,28.17858322147302],[104.44889594540014,28.120610217851493],[104.37439778371089,28.055830667246063],[104.29729073698194,28.046677035095296],[104.38164468659895,27.97086618420561],[104.56774515276432,27.845297127778423],[104.73935181315356,27.904913091016752],[104.76428115908848,27.886840535231904],[104.88515949926132,27.91664851685107],[104.96922357276281,28.019685555676368],[104.9729919622646,28.065453716430206],[105.0428521061055,28.101833536516587],[105.18315214601833,28.058177752412927],[105.17909388040101,28.000204748791404],[105.26489721059563,28.001847708408206],[105.28171002529594,27.947395332536978],[105.22895257227086,27.8971677099661],[105.28286952975802,27.819948607976297],[105.30490011453773,27.708696771066975],[105.43708362321593,27.77887461755619],[105.50491463424817,27.77230277908897],[105.59796486733084,27.721371030968037],[105.62086508045712,27.669265740263672],[105.7800070678789,27.722309865034784],[106.02002449153143,27.75070959555383],[106.06031727158904,27.78075228568968],[106.18989189522755,27.75775085105442],[106.338308466375,27.823469235726595],[106.29830556243292,27.903974256950008],[106.32468428894545,27.957018381721117],[106.24148984379053,28.01522609385933],[106.26294067633918,28.070617303797302],[106.20322619654158,28.137978648086282],[106.0843769891774,28.164500710471838],[105.97219493247025,28.11755900713457],[105.88987011566189,28.123192011535043],[105.8565343623768,28.171776674489113],[105.8875511067377,28.241015686911584],[105.82058972405204,28.308846448233933],[105.73623577443502,28.308846448233933],[105.72753949096935,28.274813713314416],[105.63448925788667,28.326214878468722],[105.6414462846592,28.43324196207769],[105.606371274681,28.44544680494538],[105.63130062061592,28.521961781385126],[105.74493205790068,28.619365815809953],[105.87943457550307,28.59777263227481],[105.88784098285322,28.67147110651432],[105.93219202852815,28.684614783448755],[105.96175939231144,28.763946262088737],[106.10408856503292,28.633917743844506],[106.16119415979082,28.639316039728293],[106.19105139968963,28.57782240835647],[106.28700039392754,28.54144258827009],[106.32758305010067,28.483469584648567],[106.36845558238933,28.529003036885715],[106.30758159812963,28.6426019589619],[106.30120432358814,28.71184097138437],[106.24670761386993,28.790233615957607],[106.25047600337172,28.867922134980784],[106.16931069102546,28.924252178985505],[106.03335879284546,28.913925004251304],[106.04379433300426,28.953590743571294],[105.98089121593591,28.98410285074052],[105.90349429309143,28.9226092193687],[105.79913889150338,28.93786527295331],[105.72464072981413,29.100987692050314],[105.68724671091174,29.272559617748023],[105.51448054606041,29.266457196314178],[105.42780758751921,29.321144280702097],[105.42432907413294,29.42136481732716],[105.33504723055205,29.442253875312243],[105.28982655653056,29.548342124854468],[105.31736478750518,29.612417549909836],[105.37012224053026,29.623448850194094],[105.41592266678279,29.690575485966384],[105.47360801377175,29.677901226065323],[105.57245576916488,29.748313781071225],[105.58521031824786,29.826237008611088],[105.72927874766248,29.869892792714744],[105.70753803899831,29.902517276534144],[105.74493205790068,30.036535839562042],[105.68521757810308,30.040995301379084],[105.6321702489625,30.106244269017886],[105.53419212191592,30.170789111106625],[105.64057665631265,30.18909637540816],[105.62231446103473,30.278989737299025],[105.70782791511382,30.25903951338069],[105.71304568519324,30.3275744002531],[105.81276306893292,30.439765071229164],[105.94088831199383,30.37545493765711],[106.00002303956039,30.379679690957463],[106.16670180598575,30.3069200507847],[106.17597784168247,30.234395119128624],[106.260621667415,30.19731117349218],[106.30555246532097,30.239793415012407],[106.40932811467798,30.245895836446252],[106.43686634565262,30.312553055185173],[106.50730624172455,30.292368122750148],[106.55281679186156,30.318655476619018],[106.63977962651828,30.251998257880096],[106.60615399711767,30.23697691281217],[106.69775484962275,30.117979694852202],[106.72616270894395,30.030433418128197],[106.90994416618514,30.027851624444647],[106.98125369060364,30.086998170649604],[107.01458944388871,30.04193413544583],[107.19518226385915,30.193790545741887],[107.28301472686243,30.337901574987296],[107.32939490534602,30.3773326057906],[107.3551938796275,30.46253179734774],[107.50969784920093,30.64372677222959],[107.42070588173556,30.74817206215501],[107.47984060930213,30.840177800696054],[107.6065164717854,30.84487197102978],[107.63144581772033,30.8152986979273],[107.71174150172003,30.89228309140042],[107.75899130855018,30.819758159744342],[107.84508451486033,30.79487905697559],[107.99031244873703,30.911529189768697],[107.93088784505494,30.933357081820528],[108.04915730018809,31.042965959113044],[108.0169810513651,31.116429724835868],[108.07292714166091,31.188485239458572],[108.01611142301853,31.24692766011347],[108.17612303878687,31.326728555786826],[108.14945443615882,31.375547927257582],[108.21177780099613,31.41404012399414],[108.23235900519822,31.509801198802165],[108.31613320258418,31.504168194401693],[108.384833841963,31.592418596675756],[108.53209090864836,31.67151536679905],[108.53122128030179,31.758826935006365],[108.44918633960896,31.790747293275707],[108.28308732541464,31.91162217936917],[108.26337574955912,31.982504151408442],[108.36599189445404,31.99048424097578],[108.3228003532412,32.02005751407826],[108.3448309380209,32.07333634736605],[108.4483167112624,32.078265226216466],[108.36483238999195,32.17754692877479],[108.50455267767373,32.20406899116034],[108.46570927819374,32.272603878032754],[108.30569766242539,32.23458109832957],[108.2372868991621,32.27635921429973],[108.17612303878687,32.22237625546188],[108.03669262722062,32.2167432510614],[107.97205025345912,32.14797365567231],[107.88595704714898,32.2167432510614],[107.82972108073764,32.224488632112056],[107.74594688335168,32.33926109677167],[107.70159583767675,32.33433221792126],[107.68043488124361,32.394652306709645],[107.60042907335944,32.41648019876148],[107.52709041613227,32.38620280010894],[107.45201250221197,32.41976611799508],[107.42302489065975,32.53782450188831],[107.37200669432781,32.54862109365588],[107.2943198953678,32.49041338151767],[107.2606942659672,32.40544889847722],[107.16938328957767,32.48290270898371],[107.12242335886303,32.48055562381684],[107.0676367730293,32.539232752988426],[107.10010289796782,32.596971048093266],[107.06183925071886,32.71080467868614],[106.99690700084184,32.72207068748708],[106.8174736853335,32.70657992538578],[106.72761208952156,32.74084736882199],[106.65891145014275,32.691323871801174],[106.45309940812186,32.6582299709484],[106.41802439814366,32.619033648661784],[106.33367044852665,32.67653723524994],[106.17800697449113,32.69554862510152],[106.10872658288127,32.722540104520455],[106.09655178602934,32.79483032765985],[106.02263337657112,32.858905752715216],[105.99132675609471,32.83027131367948],[105.8278366269401,32.827689519995936],[105.77739818283919,32.751409252072875],[105.71507481800188,32.76103230125702],[105.6078206552586,32.70258988060212],[105.56173035289055,32.72746898337087],[105.49679810301353,32.91288871155307]]]}},{"type":"Feature","properties":{"adcode":"520000","name":"贵州省"},"geometry":{"type":"MultiPolygon","coordinates":[[[[109.2698256226528,28.49802151268312],[109.18605142526684,28.47290770139768],[109.08053651921671,28.187032728073724],[109.00951687091371,28.203697032758456],[109.000240835217,28.164735418988524],[108.91791601840865,28.22130017150993],[108.84109884779522,28.202992907208397],[108.8176188824379,28.24876106796223],[108.73442443728298,28.22974967811064],[108.77703622626477,28.430425459877455],[108.71935087927582,28.495909136032942],[108.63992482362269,28.472203575847622],[108.68456574541312,28.42549658102704],[108.66398454121105,28.338654429853097],[108.60427006141343,28.3283272551189],[108.60340043306687,28.4107099444758],[108.56948492755075,28.5292377454024],[108.63064878792596,28.62265173504356],[108.56455703358687,28.666542227663907],[108.43904067556568,28.635795411978],[108.3291776277827,28.679451196081654],[108.38251483303881,28.779437024190035],[108.34830945140718,28.819102763510024],[108.34425118578986,28.941855317736977],[108.31816233539284,28.957580788354964],[108.27062265244717,29.095119979133155],[108.25033132436062,29.042545271395415],[108.06481061042629,29.089252266215997],[108.01814055582719,29.040667603261927],[107.92595995109107,29.03902464364512],[107.86160745344509,28.963917918305494],[107.8047917348027,28.98598051887401],[107.78044214109883,29.049821235412693],[107.80653099149585,29.140653431370303],[107.74855576839137,29.20167764570875],[107.69231980198003,29.145817018737404],[107.58419601089018,29.152154148687934],[107.56477431115019,29.222331995177147],[107.48447862715048,29.177502668490057],[107.40128418199556,29.191115762457866],[107.42331476677526,29.13079567366948],[107.36997756151914,29.10568186238404],[107.35954202136034,29.013206706809623],[107.43519968751168,28.95640724577153],[107.4134589788475,28.889515318515926],[107.32301763080451,28.81229621652612],[107.21489383971468,28.775212270889682],[107.16909341346214,28.88529056521557],[107.06415825964304,28.89890365918338],[106.97951443391051,28.85454374952966],[106.98937022183827,28.774742853856306],[106.9224088391526,28.812765633559493],[106.81892306591111,28.75479262993797],[106.8824059352105,28.697993168899878],[106.86327411158604,28.629458282027468],[106.71949555828692,28.53393191573613],[106.74181601918215,28.471968867330936],[106.55629530524783,28.518675862151518],[106.6116616433126,28.553412722621093],[106.64209863544245,28.66888931283077],[106.55687505747888,28.723576397218686],[106.55919406640305,28.757843840654893],[106.47339073620843,28.82778697862742],[106.46237544381859,28.761599176921873],[106.52411905642484,28.679685904598344],[106.46237544381859,28.587445457540614],[106.47512999290157,28.533227790186068],[106.39222542386216,28.57359765505612],[106.36845558238933,28.529003036885715],[106.32758305010067,28.483469584648567],[106.28700039392754,28.54144258827009],[106.19105139968963,28.57782240835647],[106.16119415979082,28.639316039728293],[106.10408856503292,28.633917743844506],[105.96175939231144,28.763946262088737],[105.93219202852815,28.684614783448755],[105.88784098285322,28.67147110651432],[105.87943457550307,28.59777263227481],[105.74493205790068,28.619365815809953],[105.63130062061592,28.521961781385126],[105.606371274681,28.44544680494538],[105.6414462846592,28.43324196207769],[105.63448925788667,28.326214878468722],[105.72753949096935,28.274813713314416],[105.73623577443502,28.308846448233933],[105.82058972405204,28.308846448233933],[105.8875511067377,28.241015686911584],[105.8565343623768,28.171776674489113],[105.88987011566189,28.123192011535043],[105.97219493247025,28.11755900713457],[106.0843769891774,28.164500710471838],[106.20322619654158,28.137978648086282],[106.26294067633918,28.070617303797302],[106.24148984379053,28.01522609385933],[106.32468428894545,27.957018381721117],[106.29830556243292,27.903974256950008],[106.338308466375,27.823469235726595],[106.18989189522755,27.75775085105442],[106.06031727158904,27.78075228568968],[106.02002449153143,27.75070959555383],[105.7800070678789,27.722309865034784],[105.62086508045712,27.669265740263672],[105.59796486733084,27.721371030968037],[105.50491463424817,27.77230277908897],[105.43708362321593,27.77887461755619],[105.30490011453773,27.708696771066975],[105.29997222057384,27.61410923884238],[105.24083749300728,27.578668252822748],[105.2579401838231,27.517409329967613],[105.23040195284847,27.43948610242775],[105.18025338486311,27.397003860907525],[105.06807132815594,27.42282179774302],[104.86863656067655,27.294436239115594],[104.84283758639505,27.345837404269904],[104.74949747719685,27.349123323503512],[104.60658855224432,27.310631126766953],[104.53991704567417,27.3287036825518],[104.4949862477682,27.414372291142314],[104.34888868554492,27.4695287925636],[104.24511303618792,27.338561440252626],[104.2567080808088,27.31250879490044],[104.1711946267297,27.266740634146608],[104.11090039470105,27.341377942452862],[104.01785016161836,27.380339556222793],[104.01321214377,27.432679555443848],[103.93088732696165,27.44793560902846],[103.90160983929388,27.350296866086943],[103.80160257943866,27.270730678930274],[103.7100017269336,27.14539633101977],[103.62564777731659,27.120751936767707],[103.65463538886883,27.06817722902997],[103.60013867915062,27.062778933146184],[103.63028579516495,27.017010772392346],[103.67260770803121,27.054798843578848],[103.73000317890464,27.022174359759447],[103.77435422457957,26.93674045968562],[103.773484596233,26.871726200563508],[103.71985751486136,26.85435777032872],[103.72333602824763,26.74780010375312],[103.77116558730881,26.720104498784135],[103.74652611748942,26.628333468759777],[103.81348750017509,26.53656243873542],[103.86334619204493,26.515908089267022],[104.04857702986374,26.50910154228312],[104.11872704982015,26.641477145694214],[104.31033516218045,26.616128625892088],[104.37729654486611,26.651569611911725],[104.41961845773238,26.71470620290035],[104.48513045984043,26.58280001652263],[104.55383109921924,26.59430073384026],[104.66108526196253,26.439158404310593],[104.68137659004908,26.37250118557167],[104.59006561365953,26.321100020417365],[104.53962716955864,26.25608576129525],[104.52629286824461,26.11713831941694],[104.46976702571774,26.051654643261454],[104.43469201573954,25.929840923101246],[104.42802486508253,25.821875005425532],[104.36222298685895,25.733389894634783],[104.32656822464969,25.76624908697087],[104.31033516218045,25.656640209678354],[104.33410500365328,25.6043002104573],[104.41787920103924,25.587870614289255],[104.41787920103924,25.49680370981496],[104.5547007275658,25.527550525500867],[104.54919308137089,25.397287298739954],[104.63441665933446,25.368418151187534],[104.66050550973148,25.285096627763885],[104.70514643152192,25.299883264315124],[104.816168983767,25.26491169532886],[104.8071828241858,25.160935822436812],[104.74398983100193,25.21304111314118],[104.6697815454282,25.07080775202926],[104.71181358217893,25.001568739606792],[104.53788791286551,24.817087845491333],[104.52774224882222,24.73470515613443],[104.62774950867745,24.66358847557847],[104.74051131761566,24.623688027741792],[104.83761981631565,24.678844529163083],[104.90139256173057,24.758176007803062],[105.0312570614846,24.79126990865584],[105.0379242121416,24.87740793427972],[105.12836556018459,24.962841834353547],[105.20808149195325,24.99851752888987],[105.26141869720936,24.934442103834503],[105.42461895024846,24.93373797828444],[105.4962183507825,24.810750715540802],[105.60318263741024,24.807464796307194],[105.82493786578488,24.70583600858201],[105.93856930306964,24.72813331766721],[106.01944473930038,24.635658162092795],[106.04176520019561,24.683773408013497],[106.13336605270068,24.734470447617742],[106.20264644431053,24.855345333711206],[106.1414825839353,24.956504704403017],[106.21192248000725,24.984669726405375],[106.30352333251231,24.977863179421472],[106.43889547846126,25.021988380558504],[106.57919551837409,25.087237348197306],[106.68789906169499,25.182059588938582],[106.7215246910956,25.164221741670424],[106.88907308586752,25.187692593339055],[106.91690119295767,25.251298601361054],[106.99284873522453,25.24308380327703],[107.0079222932317,25.357856267936647],[106.96183199086363,25.442586042460416],[107.06705702079826,25.515580391149864],[107.06154937460335,25.560409717836954],[107.23663454837885,25.595615995339905],[107.22880789325976,25.55430729640311],[107.31750998460959,25.501263171631997],[107.31345171899228,25.405267388307287],[107.41838687281138,25.388837792139245],[107.42621352793049,25.28744371293075],[107.47491271533825,25.29753617914826],[107.46737593633466,25.217031157924847],[107.58854415262303,25.265146403845545],[107.61782164029077,25.306689811299027],[107.70333509436989,25.2041221895071],[107.75899130855018,25.23486900519301],[107.78768904398689,25.148026854019065],[107.86624547129347,25.143802100718712],[108.13669988707584,25.24425734586046],[108.15148356896748,25.378980034438417],[108.19090672067853,25.45971976417852],[108.2216335889239,25.43202415920953],[108.3033786535012,25.527785234017554],[108.34570056636747,25.537642991718382],[108.4251266220206,25.43765716361],[108.48368159735612,25.45971976417852],[108.62137275222926,25.31161869014944],[108.58397873332686,25.425452320742313],[108.68282648872,25.624954559925698],[108.7616727921421,25.63903707092688],[108.80689346616357,25.528489359567615],[108.85095463572299,25.558532049703466],[108.94574412549879,25.559705592286896],[109.01908278272595,25.515110974116492],[109.0843049087185,25.55242962826962],[109.02690943784506,25.63762881982676],[109.07357949244417,25.720480926217036],[109.04024373915908,25.741135275685433],[108.941975735997,25.679406935796926],[108.89095753966507,25.71555204736662],[109.00777761422057,25.795352943039976],[109.07502887302178,25.779392763905307],[109.12923570662446,25.80849661997441],[109.14112062736088,25.7451253204691],[109.20199461162058,25.791597606772996],[109.20257436385162,25.741604692718806],[109.28924732239281,25.717429715500113],[109.33678700533848,25.734798145734903],[109.3306996069125,25.82140558839216],[109.42317008776415,25.91599312061675],[109.41911182214685,25.97326199868822],[109.47882630194445,26.033816795993292],[109.44636017700594,26.103994642482505],[109.50085688672415,26.10117814028227],[109.43186637122983,26.247636254694545],[109.47186927517191,26.30232333908246],[109.33649712922296,26.266647644546136],[109.26837624207519,26.33612136548529],[109.32490208460206,26.435168359526923],[109.3733113958943,26.46051687932905],[109.4069370252949,26.543838402752698],[109.35012130665251,26.660723244062492],[109.28373967619788,26.696868355632187],[109.41476368041401,26.72738046280141],[109.50491515234145,26.770801538388383],[109.50955317018982,26.883931043431197],[109.43418538015399,26.891441715965158],[109.55535359644236,26.957864226187393],[109.51535069250028,27.062309516112812],[109.45389695600952,27.085545659264756],[109.46839076178564,27.13647740738569],[109.41244467148982,27.155958214270658],[109.25967995860952,27.13014027743516],[109.23793924994536,27.152437586520364],[109.15851319429223,27.06817722902997],[109.09618982945491,27.074279650463815],[109.077927634177,27.119813102700963],[108.88139162785282,27.005040638041343],[108.78979077534775,27.090943955148543],[108.88168150396834,27.11277184720037],[108.92342366460358,27.167224223071603],[108.90197283205492,27.21275767530875],[109.0999582189567,27.34020439986943],[109.1388016184367,27.42423004884314],[109.20605287723788,27.460140451896148],[109.28953719850833,27.424464757359825],[109.29243595966355,27.480090675814488],[109.45824509774235,27.569984037705353],[109.46839076178564,27.680531749064617],[109.37678990928057,27.72958582905206],[109.32809072187281,27.79483479669086],[109.29591447304983,27.959130758371295],[109.37389114812535,28.03752340294453],[109.29243595966355,28.034002775194235],[109.3628758557355,28.25603703197951],[109.3927330956343,28.27129308556412],[109.26808636595968,28.312367075984227],[109.28431942842893,28.376677209556284],[109.25359256018356,28.432537836527633],[109.2698256226528,28.49802151268312]]],[[[109.550715578594,26.73888118011904],[109.57448542006684,26.738646471602355],[109.5933273675758,26.763056157337733],[109.550715578594,26.73888118011904]]]]}},{"type":"Feature","properties":{"adcode":"530000","name":"云南省"},"geometry":{"type":"Polygon","coordinates":[[[105.30490011453773,27.708696771066975],[105.28286952975802,27.819948607976297],[105.22895257227086,27.8971677099661],[105.28171002529594,27.947395332536978],[105.26489721059563,28.001847708408206],[105.17909388040101,28.000204748791404],[105.18315214601833,28.058177752412927],[105.0428521061055,28.101833536516587],[104.9729919622646,28.065453716430206],[104.96922357276281,28.019685555676368],[104.88515949926132,27.91664851685107],[104.76428115908848,27.886840535231904],[104.73935181315356,27.904913091016752],[104.56774515276432,27.845297127778423],[104.38164468659895,27.97086618420561],[104.29729073698194,28.046677035095296],[104.37439778371089,28.055830667246063],[104.44889594540014,28.120610217851493],[104.44831619316909,28.17858322147302],[104.39758787295268,28.201584656108277],[104.46280999894522,28.24946519351229],[104.34541017215865,28.33982797243653],[104.31526305614432,28.31095882488411],[104.25207006296044,28.411179361509177],[104.24453328395686,28.52665595171885],[104.35294695116224,28.55881101850488],[104.42135771442551,28.630397116094212],[104.37236865090223,28.652694425179416],[104.31207441887358,28.618661690259895],[104.24743204511209,28.667246353213965],[104.2294597259497,28.639316039728293],[104.12945246609448,28.641663124895157],[103.94219249546703,28.6048138877754],[103.84624350122911,28.669124021347457],[103.83667758941688,28.59354787897446],[103.78131125135211,28.5292377454024],[103.85812842196553,28.387473801323857],[103.8679842098933,28.304152277900208],[103.71869801039927,28.204870575341886],[103.63840232639957,28.265425372646963],[103.57318020040704,28.235382682511112],[103.46853492270345,28.12600851373528],[103.42824214264584,28.049258828778846],[103.48389835682615,28.03681927739447],[103.514335348956,27.96898851607212],[103.5610054035551,27.96452905425508],[103.5001314192954,27.91406672316752],[103.4963630297936,27.815254437642572],[103.39113799985898,27.712452107333956],[103.2760571819966,27.629365292426996],[103.2786660670363,27.565289867371625],[103.21750220666108,27.567167535505117],[103.10850878722466,27.40357569937474],[103.05314244915989,27.412494623008822],[102.98502156201212,27.37095121555534],[102.93980088799064,27.408504578225156],[102.88124591265512,27.30053866054944],[102.9119727809005,27.14375337140297],[102.86965086803423,27.030154449326783],[102.89631947066228,26.91326960801699],[102.96357072946347,26.84215292746103],[103.02618397041631,26.66612153994628],[103.03024223603362,26.48985544391484],[102.98792032316736,26.483753022480997],[102.99690648274854,26.3771953559054],[102.74007624439572,26.274393025596787],[102.67427436617214,26.2089093494413],[102.60064583282946,26.256555178328625],[102.61977765645393,26.34715266576955],[102.54122122914737,26.343162620985883],[102.3928046579999,26.30091508798234],[102.34816373620947,26.248105671727917],[102.24409821073694,26.215950604941888],[102.10582730363276,26.070666033113046],[101.91682807631217,26.1126788575999],[101.862911118825,26.05634881359518],[101.7968193644859,26.11526065128345],[101.80754478076022,26.165488273854326],[101.68927532562711,26.245054461010994],[101.62840134136741,26.22792073929289],[101.59535546419785,26.30795634348293],[101.66115734242143,26.352550961653336],[101.6127480311292,26.41686109522539],[101.50897238177218,26.50018261864904],[101.45708455709368,26.499243784582294],[101.39418144002532,26.567074545904646],[101.44867814974353,26.603689074507713],[101.49853684161337,26.737003511985552],[101.46462133609725,26.789343511206603],[101.38693453713725,26.726441628734666],[101.39737007729606,26.846847097794754],[101.36316469566442,26.887921088214863],[101.26866508200413,26.90552422696634],[101.2643169402713,26.95716010063733],[101.13387268828622,27.026399113059803],[101.16257042372294,27.20196108354118],[101.07618734129727,27.19609337062402],[101.04024270297249,27.224258392626382],[101.01879187042384,27.34677623833665],[100.96197615178146,27.405922784541605],[100.91269721214265,27.518348164034357],[100.85327260846056,27.600026727841204],[100.83066227144981,27.686399461981775],[100.78920998693012,27.68663417049846],[100.75471472918295,27.77253748760566],[100.70746492235281,27.801641343674763],[100.71934984308922,27.86149201542978],[100.67847731080056,27.926506274551894],[100.54107603204295,27.8147850206092],[100.4315028603755,27.868298562413685],[100.37497701784864,27.757516142537735],[100.31033464408715,27.727942869435257],[100.29468133384894,27.87228860719735],[100.17206373698298,27.914301431684205],[100.19409432176268,27.941762328136505],[100.08510090232626,28.034002775194235],[100.02886493591492,28.18609389400698],[100.15090278054984,28.2097994541923],[100.18655754275909,28.25603703197951],[100.17177386086745,28.326214878468722],[100.05640316688954,28.372687164772618],[100.07350585770536,28.42901720877734],[99.9949494303988,28.47173415881425],[99.98567339470208,28.531115413535893],[99.91958164036298,28.60246680260854],[99.72130637734567,28.758782674721637],[99.71232021776447,28.84046123852848],[99.62477763087672,28.816520969826474],[99.6166610996421,28.745638997787204],[99.53085776944746,28.684145366415382],[99.46157737783763,28.552239180037663],[99.4030224025021,28.550596220420857],[99.40244265027106,28.4468550560455],[99.43548852744061,28.398505101608112],[99.39200711011225,28.32245954220174],[99.41490732323852,28.291243309482457],[99.39113748176568,28.168960172288877],[99.30533415157106,28.233270305860934],[99.28185418621375,28.3008663586666],[99.17344051900838,28.40648519117545],[99.17952791743434,28.587914874573986],[99.12908947333345,28.693064290049463],[99.10734876466927,28.803142584375355],[99.13024897779555,28.94819244768751],[99.11314628697973,29.22420966331064],[98.97458550376003,29.207545358625907],[98.96675884864092,29.133142758836343],[99.01458840770212,29.043014688428787],[98.92385718354362,28.977765720789986],[98.91690015677108,28.890688861099356],[98.96994748591166,28.83177702341109],[98.83892348169556,28.80548966954222],[98.81544351633823,28.950304824337685],[98.767034205046,29.009216662025956],[98.70384121186213,28.96673442050573],[98.63021267851944,28.976122761173183],[98.68123087485138,28.732495320852767],[98.5945579163102,28.68367594938201],[98.6348506963678,28.537217834969738],[98.74558337249735,28.32504133588529],[98.71108811475018,28.232566180310876],[98.6232556517469,28.169194880805563],[98.53629281709019,28.180695598123194],[98.39541302494632,28.108874792017176],[98.37773058189944,28.249699902028976],[98.28931836666513,28.39686214199131],[98.20496441704812,28.35836994525475],[98.26380926849916,28.2424239380117],[98.16641089368363,28.21120770529242],[98.13539414932274,28.144315778036813],[98.15916399079558,28.086577482931975],[98.13249538816751,27.98940815702383],[98.18264395615289,27.942701162203253],[98.17858569053558,27.835674078594284],[98.22235698397945,27.811264392858906],[98.22235698397945,27.714329775467448],[98.29975390682392,27.63241650314392],[98.3200452349105,27.519286998101105],[98.37715082966841,27.511072200017082],[98.42903865434691,27.553319733020622],[98.43135766327109,27.658234439979413],[98.53194467535735,27.623732288026524],[98.55745377352332,27.648611390795274],[98.59658704911885,27.569749329188667],[98.70384121186213,27.561534531104645],[98.68702839716182,27.487366639831762],[98.70529059243974,27.368838838905162],[98.74036560241794,27.3287036825518],[98.69456517616541,27.201491666507806],[98.7139868759054,27.079677946347598],[98.76268606331317,27.055737677645592],[98.73340857564541,27.005040638041343],[98.76355569165973,26.806711941441392],[98.74935176199914,26.697103064148873],[98.77949887801347,26.624812841009483],[98.75746829323377,26.571064590688312],[98.72964018614363,26.351846836103274],[98.68326000766004,26.312650513816656],[98.73108956672124,26.173468363421662],[98.66441806015108,26.091320382581443],[98.64731536933526,26.147415718069478],[98.5725273315305,26.121128364200608],[98.61774800555199,25.97232316462147],[98.68152075096691,25.94228047448562],[98.70529059243974,25.89064460081463],[98.6400684664472,25.803802449640685],[98.55281575567497,25.849805318911205],[98.47367957613736,25.78479105978909],[98.45570725697497,25.690438236081185],[98.39860166221706,25.601953125290436],[98.2994640307084,25.555480838986544],[98.24815595826095,25.61134146595789],[98.17017928318543,25.625189268442384],[98.18061482334423,25.559940300803582],[98.12843712255021,25.511590346366198],[98.15394622071618,25.46793456226254],[98.13336501651409,25.385786581422323],[98.10060901546007,25.393766670989656],[98.06205549209558,25.31044514756601],[98.01712469418962,25.310679856082697],[97.94610504588663,25.22149061974189],[97.8382711309123,25.273361201929568],[97.77768702276813,25.12526012790049],[97.72753845478276,25.046867483327254],[97.72985746370694,24.911205960682555],[97.79739859862364,24.850181746344106],[97.70029009992365,24.843140490843517],[97.57303448520933,24.7713196847375],[97.55274315712276,24.48755708806372],[97.53129232457411,24.44131951027651],[97.67014298390933,24.454697895727634],[97.71478390569978,24.37419287450422],[97.66405558548335,24.300259691748025],[97.76609197814723,24.261767495011465],[97.72579919808962,24.222571172724848],[97.75217792460217,24.165771711686755],[97.72869795924484,24.11483996356582],[97.65593905424873,24.06602059209506],[97.62811094715858,24.007108754406794],[97.52752393507231,23.930124360933675],[97.64405413351231,23.853374675977243],[97.7643527214541,23.91510301586575],[97.88986907947529,24.0052310862733],[98.03944515508483,24.074000681662397],[98.21626958555349,24.116952340216],[98.54324984386272,24.130565434183804],[98.59194903127049,24.081276645679676],[98.71369699978989,24.128922474567002],[98.83834372946451,24.129861308633746],[98.89255056306719,24.106859873998484],[98.72529204441078,23.974249562070707],[98.68152075096691,23.908531177398533],[98.70123232682242,23.786717457238325],[98.79312305544302,23.779676201737736],[98.81341438352959,23.69799763793089],[98.883564403486,23.60200185460618],[98.8006598344466,23.536987595484064],[98.82877781765227,23.474789838562184],[98.87138960663407,23.48793351549662],[98.92066854627286,23.361190916486],[98.87254911109615,23.330209392283404],[98.93574210428002,23.314953338698793],[98.89052143025853,23.179761233087465],[99.05691032056839,23.154647421802025],[99.10387025128301,23.090806705263343],[99.1893837053621,23.103011548131033],[99.25721471639434,23.077897736845593],[99.32127733792478,23.134462489367],[99.43258976628539,23.083061324212693],[99.51520445920926,23.0743771090953],[99.51114619359194,23.001852177439222],[99.55897575265314,22.91665298588208],[99.52708937994568,22.899049847130605],[99.45056208544777,22.93613379276705],[99.45317097048748,22.84905693307642],[99.39577549961405,22.8253513728911],[99.38476020722419,22.765265992619398],[99.31721907230748,22.731467966216563],[99.38476020722419,22.576560345203582],[99.37751330433613,22.50896429239792],[99.24967793739077,22.38785469778777],[99.27750604448092,22.361802052435586],[99.23489425549913,22.254305551793244],[99.15488844761495,22.16370806435232],[99.21895106914539,22.114184567331503],[99.3499750733615,22.096816137096717],[99.46766477626359,22.133430665699784],[99.52332099044389,22.10033676484701],[99.63985118888388,22.10550035221411],[99.71405947445761,22.042363761225484],[99.76072952905672,22.070763491744533],[99.8627659217206,22.028985375774365],[99.87407109022597,22.06982465767779],[99.97117958892596,22.055976855193293],[99.99668868709193,21.972655331769644],[99.94335148183582,21.82502367477394],[99.99002153643492,21.7071999993974],[100.04828663565492,21.676922600744863],[100.12771269130805,21.703209954613733],[100.16800547136566,21.666360717493976],[100.10713148710596,21.58749865588737],[100.1297418241167,21.507228343180643],[100.20452986192149,21.514034890164545],[100.23293772124268,21.472256774194378],[100.29786997111968,21.48117569782846],[100.34975779579818,21.531872737432707],[100.42918385145131,21.541730495133535],[100.47063613597102,21.471787357161006],[100.56397624516923,21.4530106758261],[100.72775625043937,21.520606728631765],[100.88341972447489,21.684198564762138],[101.01386397645996,21.70978179308095],[101.09068114707338,21.77620430330318],[101.11503074077727,21.692882779879533],[101.1530045119107,21.669881345244274],[101.21938614236532,21.49971767064668],[101.14662723736922,21.39597650627132],[101.24721424945547,21.293643592996077],[101.22315453186712,21.228159916840593],[101.28547789670444,21.18145292202001],[101.3953409444874,21.22956816794071],[101.5402790022486,21.25327372812603],[101.60434162377905,21.232384670140945],[101.6078201371653,21.176524043169596],[101.66898399754054,21.1988213522548],[101.71246541486889,21.146011936000374],[101.7684115051647,21.159625029968183],[101.83131462223307,21.25515139625952],[101.74319228311427,21.29998072294661],[101.72550984006739,21.352790139201034],[101.76754187681814,21.514034890164545],[101.75217844269545,21.5886721984708],[101.82580697603814,21.620357848223456],[101.77913692143903,21.643124574342032],[101.74725054873157,21.733956770299642],[101.7759482841683,21.824084840707194],[101.6997108657859,21.901069234180312],[101.70260962694113,21.93322430096634],[101.6063707565877,21.9665529103358],[101.62434307575009,22.012790488123006],[101.57303500330262,22.122399365415525],[101.59390608362024,22.162769230285576],[101.5469461529056,22.240223040792067],[101.61970505790173,22.279419363078684],[101.66666498861636,22.38081344228718],[101.6750713959665,22.4800951448455],[101.7643532395474,22.508260166847858],[101.8588528532077,22.392783576638184],[101.90349377499814,22.438786445908704],[102.02292273459335,22.456624293176866],[102.26294015824588,22.416254428306818],[102.25395399866468,22.459675503893788],[102.32352426639007,22.558018372385362],[102.41744412781931,22.64087047877564],[102.3875868879205,22.678893258478826],[102.46208504960975,22.7669089522362],[102.50875510420886,22.781460880270753],[102.57252784962378,22.712691284881657],[102.61137124910378,22.733815051383427],[102.69253656145005,22.705884737897755],[102.78587667064826,22.628900344424636],[102.83573536251811,22.62725738480783],[102.9328438612181,22.489483485512952],[103.02937260768705,22.44794007805947],[103.07836167121033,22.45310366542657],[103.08039080401899,22.510372543498036],[103.18242719668287,22.558018372385362],[103.15778772686346,22.594163483955057],[103.19344248907272,22.650258819443092],[103.2838838371157,22.68569980546273],[103.32388674105779,22.811972987439976],[103.43896755892018,22.760806530802355],[103.45838925866018,22.66082070269398],[103.5299886591942,22.59651056912192],[103.57984735106405,22.6638719134109],[103.56274466024823,22.70048644201397],[103.64072133532375,22.79765576792211],[103.76826682615359,22.690159267279768],[103.8227635358718,22.61833846117375],[103.96422308024673,22.50567837316431],[104.01234251542344,22.52422034598253],[104.03872124193597,22.72207962554911],[104.11872704982015,22.80915648523974],[104.24743204511209,22.845536305326124],[104.27004238212282,22.74132572391739],[104.36628125247626,22.69203693541326],[104.5947036315079,22.848587516043047],[104.73587329976729,22.829341417674765],[104.77065843362998,22.901162223780783],[104.84138820581744,22.930031371333204],[104.79993592129775,23.113104014348544],[104.86921631290758,23.125778274249605],[104.88197086199057,23.171546435003442],[104.94226509401923,23.15441271328534],[105.08169550558549,23.264725716127916],[105.18460152659594,23.282094146362706],[105.23446021846578,23.265899258711347],[105.25475154655236,23.338424190367427],[105.32055342477594,23.39123360662185],[105.40722638331712,23.28937011037998],[105.44780903949025,23.29030894444673],[105.50085636863085,23.205813878439645],[105.54462766207473,23.187506614138112],[105.53071360852965,23.24524490924295],[105.5831811854392,23.31049387688175],[105.6918847287601,23.367058629403157],[105.68521757810308,23.399917821739244],[105.79710975869472,23.473381587462068],[105.83769241486786,23.529242214433417],[105.9898773755171,23.493566519897094],[106.00611043798637,23.452492529476984],[106.06785405059262,23.49051530918017],[106.13771419443351,23.576888043320743],[106.11568360965381,23.602940688672923],[106.16003465532873,23.72428499179976],[106.13307617658515,23.80033055120613],[106.19395016084485,23.839761582009437],[106.13075716766099,23.962279427719704],[106.0832174847153,23.992322117855554],[106.0455335896974,24.090899694863815],[105.9962546500586,24.12821834901694],[105.89740689466547,24.111554044332212],[105.88639160227561,24.042784448943117],[105.78435520961173,24.032691982725602],[105.75739673086815,24.07447009869577],[105.64376529358339,24.033865525309036],[105.6231840893813,24.131738976767238],[105.52462621010369,24.129391891600374],[105.47998528831324,24.021895390958033],[105.41534291455176,24.030814314592114],[105.3124368935413,24.120472967966293],[105.25620092712997,24.0636735069282],[105.17445586255265,24.160138707286283],[105.24170712135384,24.207549827656923],[105.16517982685593,24.282421844479863],[105.19648644733235,24.331475924467306],[105.10807423209803,24.36902928713712],[105.10546534705833,24.41644040750776],[105.03299631817774,24.442962469893317],[104.96603493549206,24.40869502645711],[104.75007722942789,24.458453231994614],[104.70021853755804,24.42230812042492],[104.72369850291535,24.348140229152037],[104.6970299002873,24.320209915666364],[104.60687842835983,24.37912175335463],[104.54745382467775,24.522998074083358],[104.51759658477894,24.538958253218027],[104.48918872545775,24.657720762661313],[104.52774224882222,24.73470515613443],[104.53788791286551,24.817087845491333],[104.71181358217893,25.001568739606792],[104.6697815454282,25.07080775202926],[104.74398983100193,25.21304111314118],[104.8071828241858,25.160935822436812],[104.816168983767,25.26491169532886],[104.70514643152192,25.299883264315124],[104.66050550973148,25.285096627763885],[104.63441665933446,25.368418151187534],[104.54919308137089,25.397287298739954],[104.5547007275658,25.527550525500867],[104.41787920103924,25.49680370981496],[104.41787920103924,25.587870614289255],[104.33410500365328,25.6043002104573],[104.31033516218045,25.656640209678354],[104.32656822464969,25.76624908697087],[104.36222298685895,25.733389894634783],[104.42802486508253,25.821875005425532],[104.43469201573954,25.929840923101246],[104.46976702571774,26.051654643261454],[104.52629286824461,26.11713831941694],[104.53962716955864,26.25608576129525],[104.59006561365953,26.321100020417365],[104.68137659004908,26.37250118557167],[104.66108526196253,26.439158404310593],[104.55383109921924,26.59430073384026],[104.48513045984043,26.58280001652263],[104.41961845773238,26.71470620290035],[104.37729654486611,26.651569611911725],[104.31033516218045,26.616128625892088],[104.11872704982015,26.641477145694214],[104.04857702986374,26.50910154228312],[103.86334619204493,26.515908089267022],[103.81348750017509,26.53656243873542],[103.74652611748942,26.628333468759777],[103.77116558730881,26.720104498784135],[103.72333602824763,26.74780010375312],[103.71985751486136,26.85435777032872],[103.773484596233,26.871726200563508],[103.77435422457957,26.93674045968562],[103.73000317890464,27.022174359759447],[103.67260770803121,27.054798843578848],[103.63028579516495,27.017010772392346],[103.60013867915062,27.062778933146184],[103.65463538886883,27.06817722902997],[103.62564777731659,27.120751936767707],[103.7100017269336,27.14539633101977],[103.80160257943866,27.270730678930274],[103.90160983929388,27.350296866086943],[103.93088732696165,27.44793560902846],[104.01321214377,27.432679555443848],[104.01785016161836,27.380339556222793],[104.11090039470105,27.341377942452862],[104.1711946267297,27.266740634146608],[104.2567080808088,27.31250879490044],[104.24511303618792,27.338561440252626],[104.34888868554492,27.4695287925636],[104.4949862477682,27.414372291142314],[104.53991704567417,27.3287036825518],[104.60658855224432,27.310631126766953],[104.74949747719685,27.349123323503512],[104.84283758639505,27.345837404269904],[104.86863656067655,27.294436239115594],[105.06807132815594,27.42282179774302],[105.18025338486311,27.397003860907525],[105.23040195284847,27.43948610242775],[105.2579401838231,27.517409329967613],[105.24083749300728,27.578668252822748],[105.29997222057384,27.61410923884238],[105.30490011453773,27.708696771066975]]]}},{"type":"Feature","properties":{"adcode":"540000","name":"西藏自治区"},"geometry":{"type":"Polygon","coordinates":[[[89.70927522331826,36.09318911265291],[89.5130290931096,36.140834941540234],[89.36055425634483,36.23307538859797],[89.28576621854006,36.2358918907982],[89.2292403760132,36.29292606035298],[89.12720398334932,36.251382652899494],[89.09676699121947,36.283068302652154],[88.96864174815857,36.315223369438186],[88.92689958752335,36.36099153019201],[88.84312539013739,36.360052696125265],[88.78080202530008,36.292221934802924],[88.71442039484545,36.35559323430823],[88.61412325887471,36.39197305439461],[88.58455589509143,36.4609773583004],[88.4715042100377,36.481631707768784],[88.36338041894786,36.45839556461685],[88.23467542365591,36.467079779734235],[88.13640742049382,36.42952641706442],[87.96740964514429,36.43210821074797],[87.9676995212598,36.40722910797922],[87.78130917897892,36.376717000810004],[87.73029098264698,36.3851665074107],[87.56245271175952,36.34010247220694],[87.46302520413535,36.35981798760858],[87.45693780570937,36.41098444424621],[87.3601191831249,36.42107691046371],[87.29692618994102,36.357705610958405],[87.19662905397027,36.35324614914137],[87.14213234425208,36.293395477386355],[87.00241205657028,36.30207969250374],[86.89022999986312,36.26217924466707],[86.86095251219537,36.300436732886936],[86.7644237657264,36.298089647720076],[86.69804213527179,36.24504552294897],[86.49831749167687,36.19904265367845],[86.43773338353269,36.226972967164116],[86.36323522184344,36.163836376175496],[86.27656226330225,36.17228588277621],[86.18438165856614,36.13144660087278],[86.19655645541808,36.03239960683115],[86.14234962181538,35.99766274636157],[86.07828700028494,35.86223593223356],[85.9469731199533,35.7791491173266],[85.80899208896466,35.779853242876655],[85.65129948212048,35.731268579922585],[85.61245608264048,35.65381476941609],[85.37185890675691,35.700756472753355],[85.2811276825984,35.788068040960674],[85.1463352888805,35.74370813130696],[85.05270530356677,35.75309647197441],[84.72398578856439,35.61344490454604],[84.56890206675992,35.58950463584404],[84.44483508931634,35.551012439107474],[84.45121236385783,35.47449746266773],[84.17293129295635,35.35855145542468],[84.09234573284112,35.363480334275096],[84.0621986168268,35.41112616316242],[83.90189712494293,35.40431961617851],[83.8795766640477,35.36723567054207],[83.67956214433727,35.36394975130847],[83.61549952280681,35.336488854856164],[83.44795112803489,35.383195849676746],[83.358669284454,35.37826697082633],[83.23924032485877,35.424269840096855],[83.17778658836802,35.389532979627276],[83.11546322353071,35.40079898842822],[82.96878590907639,35.54232822399008],[82.98067082981281,35.60922015124569],[82.94965408545191,35.67916328921821],[82.79428048753192,35.690898715052526],[82.7316672465791,35.63808929879811],[82.6076002691355,35.698409387586494],[82.41251364338895,35.70967539638744],[82.31047725072507,35.54303234954014],[82.2681553378588,35.55218598169091],[82.1695974585812,35.48670230553542],[82.03103667536149,35.45478194726608],[82.04987862287045,35.34916311475723],[81.92900028269761,35.27335226386754],[81.79623702178837,35.27593405755109],[81.6930411246624,35.24025836301477],[81.51099892411435,35.23603360971441],[81.44055902804241,35.33343764413924],[81.36345198131346,35.35409199360764],[81.21358602958838,35.32475342902185],[81.09821533561049,35.40643199282869],[81.03038432457825,35.384369392260176],[81.0167601471487,35.31630392242114],[80.85674853138035,35.34235656777332],[80.68746087991528,35.33789710595629],[80.65963277282512,35.39305360737757],[80.51179595390872,35.39234948182751],[80.4390370489126,35.44727127473212],[80.3691769050717,35.38765531149379],[80.31323081477588,35.38648176891036],[80.27061902579409,35.293067779269194],[80.35526285152663,35.21303217507915],[80.2564150961335,35.204582668478444],[80.23467438746933,35.14989558409053],[80.11814418902932,35.06939056286711],[80.02828259321738,35.03981728976464],[80.0349497438744,34.90485989267],[79.9416096346762,34.81684419891262],[79.8963889606547,34.73399209252234],[79.9053751202359,34.685876846601644],[79.79203355906665,34.47956806043436],[79.62796367768098,34.44905595326513],[79.5453489847571,34.47792510081756],[79.48650413330606,34.44717828513164],[79.14097180360339,34.436616401880755],[79.00878829492518,34.40164483289449],[79.03545689755325,34.334283488605514],[78.97371328494697,34.31597622430398],[78.92066595580638,34.15731326702402],[78.87225664451414,34.167171024724844],[78.74818966707056,34.09910555488581],[78.66847373530192,34.09511551010214],[78.64992166390847,34.03714250648062],[78.7383338791428,33.997242058643934],[78.76094421615355,33.91298170115354],[78.75485681772759,33.7867085191763],[78.77543802192967,33.73976681583903],[78.68354729330908,33.677334350400464],[78.75050867599474,33.625229059696096],[78.73601487021863,33.56373542832428],[78.83776138676699,33.43018628232976],[78.94472567339474,33.38089749382563],[79.0337176408601,33.31048493881973],[79.0711116597625,33.22951050056294],[79.14068192748786,33.196886016743534],[79.13546415740846,33.12130987437054],[79.17575693746608,32.988464853926075],[79.24909559469323,32.942227276138865],[79.22851439049114,32.78591140402577],[79.29808465821651,32.73052019408779],[79.2693869227798,32.675598401183194],[79.3056214372201,32.600961092876936],[79.24068918734308,32.51341481615293],[79.12966663509802,32.47069786611602],[79.10067902354578,32.372120289107755],[78.98878684295414,32.36484432509048],[78.97052464767623,32.33081159017097],[78.81515104975624,32.42704208201236],[78.75717582665176,32.55988710245683],[78.77514814581414,32.61387006129468],[78.7331161090634,32.70564109131904],[78.61600615839237,32.62771786377918],[78.41802077149057,32.56387714724049],[78.39570031059534,32.52843616122085],[78.47077822451564,32.429858584212596],[78.45831355154819,32.37798800202492],[78.50933174788013,32.30029948300174],[78.42758668330282,32.214161457377855],[78.45135652477565,32.14210594275515],[78.50063546441446,32.151728991939294],[78.59629458253684,32.03273177397932],[78.76761136681057,31.941899578021708],[78.65571918621893,31.820555274894872],[78.75485681772759,31.680668998949816],[78.79572935001623,31.680668998949816],[78.84239940461534,31.613072946144154],[78.72905784344609,31.522710167219913],[78.72297044502011,31.48210559383318],[78.78935207547474,31.446429899296856],[78.75601632218967,31.3563018288893],[78.78964195159027,31.307482457418544],[78.8768946623625,31.30255357856813],[78.98646783402995,31.178158064724375],[78.97110439990728,31.11689914186924],[79.01052755161831,31.046956003896714],[79.09111311173353,31.000483717592818],[79.18097470754547,31.020433941511158],[79.21518008917711,30.96081797827283],[79.32736214588428,30.97490048927401],[79.31431772068576,31.02207690112796],[79.40099067922696,31.0746516088657],[79.43026816689472,31.025832237394944],[79.50012831073562,31.03193465882879],[79.60158495116845,30.932183539237094],[79.66593744881442,30.98311528735803],[79.74855214173829,30.94391896507141],[79.82449968400516,30.855903271314038],[79.88682304884247,30.859658607581018],[79.95436418375918,30.782439505591213],[80.04074726618485,30.60805107769327],[80.1320582425744,30.56181349990606],[80.21409318326724,30.588335562291615],[80.31641945204663,30.569324172440023],[80.3407690457505,30.533179060870328],[80.50425917490513,30.489288568249982],[80.54368232661618,30.45361287371366],[80.60455631087588,30.473563097632],[80.7149991108899,30.419345430277456],[80.80196194554661,30.33179915355345],[80.90457809044153,30.30504238265121],[80.9338555781093,30.269601396631572],[81.02864506788511,30.252232966396786],[81.10720149519167,30.094743551700255],[81.09821533561049,30.05132247611328],[81.15879944375466,30.011422028276606],[81.25590794245466,30.02198391152749],[81.29243233301048,30.103662475334335],[81.25938645584093,30.15318597235515],[81.33301498918361,30.152716555321778],[81.3924395928657,30.20200534382591],[81.42403608945764,30.305277091167895],[81.42316646111107,30.421692515444317],[81.55795885482898,30.373342561006933],[81.56404625325494,30.423100766544437],[81.6243404852836,30.44657161821307],[81.76087213569464,30.389302740141602],[81.86812629843791,30.37803673134066],[82.00059968323166,30.32546202360292],[82.10176644754895,30.34916758378824],[82.13017430687015,30.30504238265121],[82.11046273101462,30.230405074344954],[82.2084408580612,30.152716555321778],[82.17568485700717,30.07127270003162],[82.24148673523075,30.07385449371517],[82.40381735992328,30.02081036894406],[82.50730313316477,29.950867230971532],[82.55948083395879,29.9600208631223],[82.62470295995132,29.841727770712385],[82.68934533371282,29.854636739130132],[82.73369637938774,29.813562748710027],[82.69456310379222,29.76779458795619],[82.7551472119364,29.768029296472875],[82.834283391474,29.692453154099876],[82.94704520041222,29.712872795051588],[82.95458197941579,29.67062526204805],[83.0180648487152,29.671564096114793],[83.09053387759579,29.611713424359777],[83.12589876368952,29.631898356794803],[83.25605313955907,29.582844276807357],[83.27315583037489,29.51149288773471],[83.32533353116892,29.506329300367614],[83.37751123196294,29.429344906894496],[83.41751413590504,29.42253835991059],[83.44331311018652,29.313398899651446],[83.5427406178107,29.20613710752579],[83.65637205509547,29.175390291839882],[83.71724603935517,29.243690470195606],[83.79174420104442,29.24979289162945],[83.82015206036561,29.301194056783757],[83.98045355224949,29.32912437026943],[84.01755769503636,29.289928047982812],[84.09292548507217,29.298142846066835],[84.13263851289874,29.241578093545428],[84.20017964781545,29.240639259478684],[84.16365525725963,29.184309215473963],[84.20539741789486,29.121172624485336],[84.19061373600321,29.048882401345946],[84.24800920687665,29.036677558478257],[84.22163048036411,28.929885183385974],[84.32830489087634,28.863697381680428],[84.40396255702768,28.861115587996878],[84.44106669981456,28.767936306872404],[84.48686712606708,28.73859774228661],[84.62774691821096,28.733903571952887],[84.69789693816737,28.641663124895157],[84.85703892558917,28.573128238022747],[84.9819755313793,28.593078461941086],[85.05734332141513,28.67851236201491],[85.18430906001393,28.645418461162137],[85.18372930778288,28.54214671382015],[85.10662226105393,28.46469290331366],[85.11415904005752,28.347808062003864],[85.20402063586945,28.341470932053333],[85.27446053194139,28.284906179531927],[85.37533742014318,28.27950788364814],[85.44461781175302,28.335603219136175],[85.59506351570914,28.30133577569997],[85.63506641965122,28.272701336664237],[85.6799972175572,28.381136671373326],[85.71942036926824,28.368697119988948],[85.75188649420674,28.234209139927678],[85.84899499290674,28.176705553339527],[85.89943343700763,28.052544748012455],[85.97741011208315,27.994337035874246],[85.94929212887749,27.940588785553075],[86.05161839765688,27.902096588816516],[86.12379755042195,27.927210400101952],[86.08234526590226,28.009593089458857],[86.0829250181333,28.089159276615526],[86.12321779819091,28.090567527715642],[86.18148289741092,28.171072548939055],[86.22525419085478,27.98001981635638],[86.33511723863776,27.96570259683851],[86.41135465702015,27.90937255283379],[86.50962266018225,27.957957215787864],[86.56382949378492,28.10535416426688],[86.64064666439836,28.069913178247244],[86.71920309170493,28.103007079100017],[86.7603655001091,28.035411026294355],[86.86675003450581,28.02273676639329],[86.93487092165357,27.96194726057153],[87.03429842927774,27.948099458087036],[87.11633336997058,27.844123585194993],[87.22648629386909,27.820183316492987],[87.2940274287858,27.844123585194993],[87.44534276108848,27.82558161237677],[87.57694651753563,27.861961432463154],[87.61492028866907,27.809856141758786],[87.7331897438022,27.808682599175356],[87.78710670128936,27.898810669582907],[87.85783647347682,27.943639996269997],[87.87319990759951,27.91195434651734],[87.97175778687712,27.8903611629822],[88.0375596651007,27.903504839916632],[88.1036514194398,27.86853327093037],[88.14481382784398,27.961243135021473],[88.24511096381472,27.972743852339104],[88.25931489347532,27.93941524296964],[88.36453992340994,27.99198995070738],[88.4068618362762,27.9814280674565],[88.50194120216754,28.044564658445122],[88.55237964626843,28.03048214744394],[88.56339493865829,28.08493452331517],[88.63441458696127,28.11239541976747],[88.67847575652067,28.069678469730558],[88.76138032556008,28.072494971930794],[88.8393570006356,28.013348425725837],[88.84080638121321,27.9281492341687],[88.8808092851553,27.895055333315927],[88.83964687675112,27.709400896617034],[88.85037229302544,27.672316950980594],[88.76978673291022,27.564820450338253],[88.80631112346605,27.4094434122919],[88.91414503844037,27.330346642168603],[88.90921714447649,27.27495543223063],[88.97878741220185,27.21393121789218],[89.07096801693797,27.250780455011938],[89.06951863636036,27.28340493883134],[89.15039407259111,27.320723592984464],[89.17967156025887,27.38104368177285],[89.09502773452633,27.47422296289733],[89.10401389410752,27.53172654948548],[89.16053973663439,27.577729418756],[89.12372546996305,27.61504807290913],[89.22692136708902,27.72747345240188],[89.23764678336335,27.792018294490624],[89.36722140700185,27.87111506461392],[89.4715768085899,28.012174883142407],[89.46085139231558,28.03423748371092],[89.60897808734751,28.16708250415539],[89.7202905157081,28.172950217072547],[89.79391904905079,28.24453631466188],[89.9029124684872,28.183277391806744],[89.97886001075406,28.19078806434071],[90.03161746377913,28.140560441769832],[90.10205735985107,28.14267281842001],[90.12292844016869,28.19196160692414],[90.22380532837047,28.145254612103557],[90.29511485278897,28.15745945497125],[90.37628016513524,28.067096676047008],[90.51802958562568,28.064749590880144],[90.60064427854957,28.02743093672702],[90.70123129063583,28.077658559297895],[90.89167989853404,27.9504465432539],[90.97835285707522,27.941762328136505],[90.96298942295255,27.90444367398338],[91.02937105340716,27.86078788987972],[91.11575413583283,27.850460715145523],[91.1659027038182,27.968049682005375],[91.25286553847491,27.97415210343922],[91.33432072693671,28.06568842494689],[91.46070671330446,28.007715421325365],[91.4818676697376,27.94551766440349],[91.62013857684177,27.86853327093037],[91.54651004349908,27.81971389945961],[91.610282788914,27.821356859076417],[91.64245903773698,27.765730940621754],[91.62013857684177,27.696726636715972],[91.56709124770117,27.653305561129002],[91.564772238777,27.574443499522392],[91.62245758576594,27.514592827767377],[91.74188654536117,27.465538747779934],[91.83493677844385,27.492999644232235],[91.94972772019071,27.467416415913423],[92.01408021783668,27.476100631030818],[92.11553685826951,27.291619736915358],[92.03060315642145,27.168867182688405],[92.03611080261638,27.061840099079436],[92.12220400892653,26.962088979487746],[92.10539119422623,26.85693956401227],[92.29062203204504,26.896135886298886],[92.4120801244489,26.90669776954977],[92.57267149244831,26.94918001107],[92.67731677015189,26.951292387720173],[92.80660151767486,26.896135886298886],[92.90892778645426,26.91561669318385],[93.09531812873516,26.880175707164216],[93.248952469962,26.91115723136681],[93.5220157707841,26.933689248968697],[93.61593563221334,26.95223122178692],[93.84377825901393,27.05667651171234],[93.85015553355542,27.177081980772428],[93.97857065273183,27.31649883968411],[94.27018602494735,27.578668252822748],[94.51107307694645,27.59556726602416],[94.88153475258405,27.74226008895312],[95.0038624733345,27.825816320893455],[95.06531620982523,27.83919470634458],[95.27924478308074,27.936129323736033],[95.35026443138374,28.03893165404465],[95.36997600723926,28.110752460150668],[95.43635763769387,28.162623042338346],[95.53868390647328,28.18679801955704],[95.68304221200341,28.259088242696432],[95.87551995271028,28.296641605366244],[95.98364374380013,28.199472279458103],[96.27178060262938,28.231862054760814],[96.29699982467982,28.144081069520126],[96.39555770395742,28.124600262635163],[96.45585193598609,28.15276528463752],[96.50368149504727,28.06756609308038],[96.57180238219503,28.065923133463578],[96.68369456278667,27.955375422104314],[96.79065884941443,27.932139278952366],[96.81703757592697,27.89599416738267],[96.96719340376757,27.86078788987972],[97.00197853763024,27.8096214332421],[97.04719921165173,27.821591567593103],[97.05270685784666,27.744607174119984],[97.16778767570904,27.81408089505914],[97.23706806731889,27.881676947864804],[97.31156622900815,27.915005557234263],[97.3834555056577,27.882850490448238],[97.3822960011956,27.97743802267283],[97.41041398440127,28.018512013092938],[97.37562885053859,28.067331384563694],[97.30895734396844,28.0638107568134],[97.3576565313762,28.161918916788288],[97.35823628360725,28.241485103944957],[97.46491069411948,28.271527794080807],[97.5066528547547,28.31612241225121],[97.4820133849353,28.382310213956757],[97.52114666053083,28.445681513462066],[97.50810223533232,28.49614384454963],[97.56984584793858,28.54402438195364],[97.6646353377144,28.53393191573613],[97.73710436659499,28.470560616230816],[97.74898928733141,28.38066725433995],[97.79478971358395,28.332552008419253],[97.90697177029111,28.366350034822087],[98.0182841986517,28.25979236824649],[98.02813998657946,28.191022772857394],[98.08843421860811,28.198533445391355],[98.13539414932274,28.144315778036813],[98.16641089368363,28.21120770529242],[98.26380926849916,28.2424239380117],[98.20496441704812,28.35836994525475],[98.28931836666513,28.39686214199131],[98.37773058189944,28.249699902028976],[98.39541302494632,28.108874792017176],[98.53629281709019,28.180695598123194],[98.6232556517469,28.169194880805563],[98.71108811475018,28.232566180310876],[98.74558337249735,28.32504133588529],[98.6348506963678,28.537217834969738],[98.5945579163102,28.68367594938201],[98.68123087485138,28.732495320852767],[98.63021267851944,28.976122761173183],[98.70384121186213,28.96673442050573],[98.767034205046,29.009216662025956],[98.81544351633823,28.950304824337685],[98.83892348169556,28.80548966954222],[98.96994748591166,28.83177702341109],[98.91690015677108,28.890688861099356],[98.92385718354362,28.977765720789986],[99.01458840770212,29.043014688428787],[98.96675884864092,29.133142758836343],[98.97458550376003,29.207545358625907],[99.11314628697973,29.22420966331064],[99.06560660403406,29.30354114195062],[99.05024316991137,29.568292348772804],[98.99197807069137,29.66006337879716],[99.01255927489346,29.814736291293457],[99.06589648014958,29.93490705183686],[99.0441557714854,30.081834583282504],[98.98936918565167,30.15389009790521],[98.96878798144958,30.25950893041406],[98.96443983971675,30.453847582230345],[98.93081421031614,30.529423724603344],[98.90704436884332,30.700995650301056],[98.96328033525465,30.735732510770635],[98.77399123181854,30.911529189768697],[98.805877604526,30.98241116180797],[98.7360174606851,31.051884882747125],[98.7099286102881,31.120419769619534],[98.63658995306093,31.181913400991355],[98.60296432366033,31.258897794464474],[98.6464457409887,31.341515192338065],[98.6931157955878,31.334473936837473],[98.77196209900988,31.25185653896388],[98.8861732885257,31.378364429457818],[98.83718422500242,31.43891922676289],[98.71108811475018,31.517546579852816],[98.5545550123681,31.657667564314554],[98.54788786171109,31.716579402002825],[98.41396509633975,31.835107202929425],[98.42932853046244,32.01442450967778],[98.30120328740153,32.125676346587106],[98.1956883813514,32.36249723992362],[98.08640508579946,32.40075472814349],[97.92407446110693,32.48900513041755],[97.73043721593798,32.529844412320976],[97.53100244845858,32.52820145270417],[97.44722825107262,32.58922566704262],[97.33504619436546,32.51646602686985],[97.38171624896455,32.50003643070181],[97.34693111510188,32.43478746306301],[97.3912821607768,32.42305203722869],[97.41505200224964,32.29771768931819],[97.29330403373024,32.29302351898446],[97.26373666994695,32.18646585240887],[97.30721808727532,32.08084701990002],[97.18604987098695,32.057376168231386],[97.16604841901591,32.026864061062156],[96.97502005888666,32.0691115940657],[96.94342356229473,31.991423075042523],[96.78978922106786,32.02170047369506],[96.72340759061323,32.01559805226121],[96.810950177501,31.899886753534854],[96.76456999901741,31.822902360061736],[96.83993778905324,31.722212406403298],[96.77326628248309,31.675740120099405],[96.61499392340787,31.7393461281214],[96.5674542404622,31.71446702535265],[96.43729986459265,31.796849714709552],[96.38570191602966,31.92570469037035],[96.25206902677385,31.932276528837566],[96.176121484507,31.777603616341274],[96.25177915065834,31.699210971768036],[96.2059787244058,31.600633394759775],[96.14974275799446,31.618471242027937],[96.14684399683922,31.689587922583897],[96.04393797582878,31.733947832237615],[95.97146894694819,31.820320566378186],[95.89842016583655,31.819147023794756],[95.8239220041473,31.683250792633366],[95.7708746750067,31.7548368902227],[95.61695045766432,31.78628783145867],[95.56564238521686,31.74192792180495],[95.45288057627866,31.804595095760202],[95.36852662666163,31.92969473515402],[95.39490535317418,32.003862626426894],[95.45317045239418,32.00973033934406],[95.43954627496463,32.15970908150663],[95.3679468744306,32.182475807625195],[95.31171090801925,32.15125957490592],[95.2618522161494,32.214161457377855],[95.24011150748522,32.32259679208694],[95.10531911376732,32.26133786923181],[95.09604307807061,32.324709168737115],[95.25808382664762,32.35146593963936],[95.22242906443836,32.39136638747604],[95.07372261717538,32.37822271054161],[94.98704965863419,32.425164413878875],[94.92298703710375,32.41155131991106],[94.89081078828076,32.47421849386632],[94.84964837987658,32.46670782133235],[94.7551487662163,32.53500799968808],[94.6102107084551,32.67653723524994],[94.53078465280197,32.5997875502935],[94.47222967746644,32.61199239316119],[94.43338627798644,32.563642438723804],[94.39396312627541,32.59603221402652],[94.36729452364735,32.52303786533707],[94.19539798714257,32.51646602686985],[94.13829239238467,32.43408333751295],[94.04988017715034,32.47234082573282],[93.85450367528826,32.47985149826678],[93.82290717869633,32.549090510689254],[93.71710239653065,32.58030674340854],[93.64579287211215,32.570918402741086],[93.61622550832887,32.52632378457068],[93.5144789917805,32.477973830133294],[93.46172153875544,32.55777472580665],[93.38142585475575,32.52632378457068],[93.30750744529753,32.57866378379173],[93.24083593872739,32.66527122644899],[93.06575076495187,32.628187280812554],[93.0182110820062,32.7389697006885],[92.87269327201396,32.698834544335135],[92.82486371295278,32.72981606853773],[92.67934590296053,32.762440552357134],[92.63702399009426,32.72230539600377],[92.35497452969099,32.76502234604068],[92.26714206668771,32.723478938587206],[92.19786167507787,32.75751167350672],[92.22887841943876,32.84364969913061],[92.14684347874594,32.8866013576842],[91.95639487084773,32.82158709856209],[91.89349175377937,32.90866395825272],[91.5815850534773,33.040570144630436],[91.4949120949361,33.111217408153024],[91.42940009282805,33.071082251799666],[91.22503743138476,33.14360718345574],[91.13285682664865,33.07577642213339],[91.06995370958029,33.115207452936694],[90.80268793106866,33.116380995520124],[90.70123129063583,33.138208887571956],[90.48382420399405,33.26870682284955],[90.40497790057196,33.263777943999145],[90.32033407483942,33.32550628388765],[90.24206752364839,33.42830861419627],[90.08901293465257,33.47172968978323],[90.07857739449376,33.533927446705114],[90.00639824172869,33.55833713244049],[89.98146889579377,33.61584071902865],[90.00610836561316,33.691651569918335],[89.90465172518034,33.74117506693915],[89.93827735458093,33.805250491994514],[89.83595108580153,33.87049945963332],[89.7927595445887,33.86650941484965],[89.69391178919557,33.961801072624304],[89.63303780493587,34.052633268581914],[89.69246240861796,34.131260621671835],[89.75478577345527,34.12633174282142],[89.83595108580153,34.26340151656625],[89.85856142281227,34.36104025950776],[89.82058765167885,34.42863631231342],[89.79623805797496,34.628607968530176],[89.72434878132542,34.66592662268331],[89.73072605586691,34.73399209252234],[89.79420892516632,34.74455397577323],[89.86319944066064,34.81097648599546],[89.8031950847475,34.916595318504314],[89.71188410835795,34.921054780321356],[89.66550392987438,34.88960383908538],[89.58057022802632,34.89993101381958],[89.55882951936213,34.939831461656254],[89.59158552041617,35.088871369752084],[89.5104202080699,35.139803117873015],[89.44722721488603,35.226645269046955],[89.52665327053916,35.275699349034404],[89.49563652617826,35.36277620872504],[89.68289649680571,35.41699387607957],[89.76290230468989,35.48294696926844],[89.70318782489228,35.50970374017068],[89.70927522331826,35.583402214410185],[89.75826428684154,35.58551459106037],[89.74521986164302,35.75779064230814],[89.79971657136123,35.84932696381581],[89.54694459862571,35.857541761899824],[89.42084848837348,35.919974227338386],[89.41505096606303,36.04507386673221],[89.47302618916751,36.02254184913032],[89.63013904378064,36.048359785965815],[89.70927522331826,36.09318911265291]]]}},{"type":"Feature","properties":{"adcode":"610000","name":"陕西省"},"geometry":{"type":"Polygon","coordinates":[[[107.26388290323796,37.099149815170534],[107.31374159510781,36.913964795505024],[107.43577943974273,36.88978981828633],[107.48157986599526,36.913964795505024],[107.53085880563407,36.828296186914514],[107.66188280985018,36.830643272081375],[107.82537293900481,36.78604865391097],[107.90103060515614,36.74520937200755],[107.93262710174808,36.65883663786697],[107.98306554584897,36.66094901451716],[108.05350544192092,36.59429179577823],[108.15409245400718,36.55978964382534],[108.20279164141493,36.57762749109351],[108.34454106190537,36.55579959904168],[108.39584913435284,36.450180766532824],[108.49121837635971,36.4213116189804],[108.51759710287224,36.462855026433886],[108.6089080792618,36.43868004921519],[108.65470850551432,36.213594581713],[108.7063064540773,36.15186624182449],[108.6465919742797,35.94414920455708],[108.58194960051821,35.95025162599093],[108.4938272613994,35.87068543883426],[108.52252499683613,35.82233548439687],[108.51382871337046,35.65170239276591],[108.61470560157224,35.55781898609138],[108.6039801852979,35.49069235031909],[108.63354754908119,35.39986015436148],[108.57528244986119,35.29189423668576],[108.44222931283642,35.27358697238422],[108.34048279628806,35.30198670290328],[108.23583751858449,35.261382129516534],[108.17351415374718,35.300578451803155],[107.96277421776242,35.242605448181635],[107.737250599886,35.31231387763747],[107.64825863242064,35.2414319055982],[107.71348075841317,35.178060606092885],[107.71840865237704,35.11281163845409],[107.84508451486033,34.98231370317649],[107.67057909331585,34.95156688749057],[107.5688325767675,34.96893531772537],[107.49375466284721,34.907676394870236],[107.41113996992333,34.93584141687259],[107.28475398355556,34.93959675313957],[107.24793971688422,34.88326670913485],[107.18735560874005,34.88326670913485],[107.17141242238631,34.93607612538928],[107.08155082657439,34.980436035043],[107.08097107434332,35.018224106229496],[106.8966098648711,35.096382042286045],[106.82124207483528,35.08112598870143],[106.7308007267923,35.10436213185338],[106.61427052835231,35.07291119061741],[106.55571555301678,35.092391997502375],[106.47889838240336,34.98090545207637],[106.50614673726247,34.89594096903592],[106.5739777482947,34.79079155356044],[106.44440312465619,34.69643872985253],[106.42150291152993,34.655130030915736],[106.30932085482277,34.57978859705942],[106.32932230679381,34.518764382720974],[106.44846139027351,34.53167335113872],[106.56818022598425,34.485201064834826],[106.62151743124036,34.41103317356195],[106.71427778820753,34.37254097682539],[106.70123336300901,34.28405586603464],[106.64441764436663,34.24791075446494],[106.52295955196276,34.297199542969075],[106.48585540917588,34.25471730144885],[106.55310666797709,34.22796053054661],[106.578036013912,34.14323075602284],[106.49687070156574,34.112718648853615],[106.46121593935649,33.958984570424064],[106.40642935352275,33.911573450053424],[106.4588969304323,33.82872134366315],[106.48005788686544,33.71183650235336],[106.57252836771708,33.63649506849704],[106.55513580078573,33.532049778571626],[106.46556408108933,33.52641677417115],[106.44411324854067,33.61818780419551],[106.34352623645441,33.58791040554297],[106.28526113723441,33.61044242314486],[106.18264499233948,33.54566287253943],[106.12698877815919,33.5994111228606],[105.95596187000098,33.59659462066037],[105.84059117602308,33.50130296288572],[105.81972009570546,33.38254045344243],[105.6997113838792,33.392632919659945],[105.74725106682487,33.28771821270115],[105.85856349518546,33.23443937941335],[105.91885772721412,33.243593011564116],[105.92610463010217,33.02766117621269],[105.86436101749592,32.947390863505966],[105.82000997182098,32.95912628934028],[105.72232172088995,32.90678629011923],[105.58868883163413,32.88073364476705],[105.49679810301353,32.91288871155307],[105.56173035289055,32.72746898337087],[105.6078206552586,32.70258988060212],[105.71507481800188,32.76103230125702],[105.77739818283919,32.751409252072875],[105.8278366269401,32.827689519995936],[105.99132675609471,32.83027131367948],[106.02263337657112,32.858905752715216],[106.09655178602934,32.79483032765985],[106.10872658288127,32.722540104520455],[106.17800697449113,32.69554862510152],[106.33367044852665,32.67653723524994],[106.41802439814366,32.619033648661784],[106.45309940812186,32.6582299709484],[106.65891145014275,32.691323871801174],[106.72761208952156,32.74084736882199],[106.8174736853335,32.70657992538578],[106.99690700084184,32.72207068748708],[107.06183925071886,32.71080467868614],[107.10010289796782,32.596971048093266],[107.0676367730293,32.539232752988426],[107.12242335886303,32.48055562381684],[107.16938328957767,32.48290270898371],[107.2606942659672,32.40544889847722],[107.2943198953678,32.49041338151767],[107.37200669432781,32.54862109365588],[107.42302489065975,32.53782450188831],[107.45201250221197,32.41976611799508],[107.52709041613227,32.38620280010894],[107.60042907335944,32.41648019876148],[107.68043488124361,32.394652306709645],[107.70159583767675,32.33433221792126],[107.74594688335168,32.33926109677167],[107.82972108073764,32.224488632112056],[107.88595704714898,32.2167432510614],[107.97205025345912,32.14797365567231],[108.03669262722062,32.2167432510614],[108.17612303878687,32.22237625546188],[108.2372868991621,32.27635921429973],[108.30569766242539,32.23458109832957],[108.46570927819374,32.272603878032754],[108.50455267767373,32.20406899116034],[108.6697820635215,32.104787288602026],[108.72775728662597,32.10948145893575],[108.78486288138387,32.050100204214104],[108.89095753966507,31.99048424097578],[108.98487740109431,31.98203473437507],[109.07879726252357,31.934388905487744],[109.27040537488386,31.802013302076652],[109.27504339273221,31.720569446786495],[109.37939879432028,31.706956352818686],[109.57970319014623,31.728549536353828],[109.635069528211,31.818208189728008],[109.57883356179967,31.89613141726787],[109.62492386416773,31.95973742528987],[109.58144244683936,32.030384688812454],[109.61100981062265,32.07803051769978],[109.60347303161907,32.2047731167104],[109.48752258541012,32.295605312668016],[109.49563911664475,32.38784575972574],[109.57999306626175,32.51576190131979],[109.63477965209549,32.54017158705517],[109.62115547466593,32.59931813326013],[109.7243513717919,32.60776763986084],[109.81740160487459,32.57772494972499],[109.88871112929309,32.59509337995978],[110.02930104532145,32.54510046590559],[110.20119758182622,32.63781032999669],[110.14901988103219,32.6805272800336],[110.13510582748711,32.81055579827783],[109.98755888468622,32.88707077471757],[109.86494128782026,32.915001088203255],[109.78435572770503,32.8849583980674],[109.76087576234772,32.91077633490289],[109.79653052455697,33.06850045811611],[109.68173958281011,33.11778924662025],[109.56868789775638,33.11708512107019],[109.43737401742474,33.15252610708982],[109.51853932977102,33.243593011564116],[109.60579204054325,33.23303112831323],[109.61999597020385,33.272931576149915],[109.7075385570916,33.23467408793004],[109.86465141170473,33.25016485003134],[109.97770309675846,33.20087606152721],[110.15771616449786,33.212846195878214],[110.20960398917637,33.16285328182402],[110.46614435141367,33.1872629675594],[110.52730821178889,33.25673668849855],[110.5818049215071,33.23678646458022],[110.59571897505216,33.17106807990804],[110.70529214671963,33.095961354568416],[110.71949607638022,33.1323411746548],[110.81660457508022,33.15534260929006],[110.81573494673366,33.19477364009336],[110.9186409677441,33.21026440219466],[110.98821123546946,33.253920186298316],[111.03140277668231,33.36986619354137],[111.00444429793873,33.437227537830346],[111.02676475883395,33.485342783751044],[111.0000961562059,33.576644396742026],[110.8745797981847,33.63297444074675],[110.81834383177335,33.686722691067914],[110.81167668111635,33.75314520129015],[110.70645165118171,33.83576259916374],[110.60557476297993,33.8536004464319],[110.58528343489337,33.90077685828585],[110.67166651731904,33.9498309382733],[110.58847207216411,34.10732035296983],[110.63775101180292,34.162007437357744],[110.43628711151487,34.2418083330311],[110.42295281020083,34.28921945340174],[110.49687121965904,34.323721605354635],[110.47136212149307,34.40962492246183],[110.40556024326949,34.42112563977946],[110.35831043643935,34.51101900167033],[110.37164473775337,34.60067765504451],[110.30294409837457,34.608892453128526],[110.23395358288025,34.66686545675005],[110.25337528262024,34.764973616724944],[110.23453333511128,34.93584141687259],[110.33280133827337,35.04803208784866],[110.36961560494471,35.140976660456445],[110.36439783486531,35.25293262291583],[110.41628565954382,35.34869369772385],[110.53629437137008,35.47567100525116],[110.59948736455397,35.571901497092554],[110.60818364801963,35.64771234798225],[110.57223900969487,35.7016953068201],[110.54615015929784,35.87537960916799],[110.50585737924024,35.880073779501714],[110.51136502543517,35.97231422655945],[110.44150488159426,36.163366959142124],[110.46817348422232,36.247157899599145],[110.45425943067724,36.329775297472736],[110.48643567950023,36.41826040826348],[110.49165344957964,36.582086952910544],[110.41831479235248,36.67996040436874],[110.44643277555815,36.727136816222696],[110.38208027791218,36.764924887409194],[110.41860466846799,36.85575708336681],[110.4200540490456,36.95480407740844],[110.37251436609995,37.01794066839706],[110.45889744852562,37.04798335853292],[110.53368548633038,37.144448558891],[110.68181218136232,37.282222458185885],[110.68558057086412,37.35357384725853],[110.63050410891486,37.36366631347603],[110.64499791469098,37.4399465813991],[110.73572913884948,37.44956963058324],[110.78964609633664,37.55730083974227],[110.7113795451456,37.69671769865394],[110.75080269685665,37.7387305231408],[110.6647094905465,37.79482585862884],[110.5870226915865,37.92274200022288],[110.51716254774561,37.9534888159088],[110.49426233461934,38.08774208745338],[110.51629291939904,38.20720872244672],[110.56644148738441,38.28395840740315],[110.64702704749963,38.30531688242161],[110.74674443123934,38.37220880967722],[110.77544216667604,38.44449903281661],[110.87284054149157,38.460459211951274],[110.91516245435784,38.57757876177776],[110.87371016983813,38.62311221401491],[111.0000961562059,38.83505400458267],[111.00560380240081,38.92987624532395],[110.97400730580887,38.97141965277743],[111.13025053207544,39.06154772318499],[111.15720901081902,39.14862458287561],[111.24156296043603,39.299307450588245],[111.11836561133902,39.3652605437771],[111.05140422865335,39.44529614796714],[111.13778731107902,39.523219375507],[111.12271375307185,39.582365921711954],[111.01864822759933,39.56969166181089],[110.95371597772231,39.51758637110653],[110.87805831157097,39.50678977933896],[110.73456963438738,39.34883094760906],[110.68210205747783,39.267621800835585],[110.59455947059008,39.27818368408647],[110.51774229997665,39.38192484846182],[110.4238224385474,39.37793480367816],[110.38005114510352,39.30916520828906],[110.23279407841815,39.423233547398624],[110.1426426064907,39.454215071601226],[110.13046780963876,39.391547897645964],[110.20612547579009,39.281469603320076],[110.0313301781301,39.213404133481035],[109.95915102536503,39.210352922764116],[109.90088592614504,39.27043830303582],[109.8655210400513,39.24180386400009],[109.9548028836322,39.19110682439583],[109.65710011299072,38.98174682751163],[109.68086995446355,38.93644808379116],[109.55245483528714,38.80595014851356],[109.50375564787937,38.829890417215566],[109.32055394286922,38.66864566625206],[109.35765808565608,38.62381633956497],[109.24605578117998,38.60175373899645],[109.11851029035013,38.4703169696521],[109.04720076593162,38.432528898465605],[108.9405263554194,38.213780560913946],[108.94661375384536,38.167073566093364],[109.06198444782328,38.09384450888723],[109.06401358063192,38.02671787311493],[108.9289313107985,37.9225072917062],[108.8706662115785,38.02883024976511],[108.78950089923222,38.04572926296653],[108.8239961569794,37.9825926719779],[108.79471866931164,37.944569892274714],[108.78805151865461,37.70117716047099],[108.76109303991103,37.67747160028567],[108.60137130025821,37.65681725081727],[108.52919214749313,37.69084998573679],[108.33004725612926,37.63146873101515],[108.23409826189135,37.665032048901296],[108.12887323195673,37.62090684776426],[108.0106037768236,37.66174612966768],[107.97755789965404,37.786611060544814],[107.64506999514988,37.864299579567984],[107.5960809316266,37.78731518609487],[107.4923052822696,37.76431375145961],[107.46592655575705,37.68662523243643],[107.32562651584422,37.58311877657776],[107.34301908277556,37.52092101965589],[107.28069571793824,37.481959405885945],[107.2514182302705,37.33362362334019],[107.30214655048691,37.233403086715114],[107.25779550481198,37.22424945456436],[107.33374304707885,37.15876577840886],[107.26388290323796,37.099149815170534]]]}},{"type":"Feature","properties":{"adcode":"620000","name":"甘肃省"},"geometry":{"type":"Polygon","coordinates":[[[104.28453618789895,37.42727232149804],[104.17960103407985,37.40685268054632],[103.93581522092553,37.570913933710074],[103.67173807968464,37.78496810092801],[103.39751527440048,37.86148307736775],[103.34765658253062,38.05699527176746],[103.36070100772913,38.08656854486995],[103.54999011116524,38.1595628935594],[103.46389690485509,38.351085043175445],[103.41171920406107,38.40459858497994],[103.85928792642763,38.64634835716686],[104.03205409127897,38.891853465620756],[104.16916549392104,38.93902987747471],[104.20018223828194,39.08384503227019],[104.17409338788492,39.15425758727608],[104.0442288881309,39.296725656904684],[104.08742042934374,39.41924350261496],[103.94306212381359,39.45867453341826],[103.84769288180672,39.460786910068435],[103.3421489363357,39.3291154322074],[103.00995090794706,39.098631668821426],[102.60238508952258,39.172799560094305],[102.45396851837513,39.25494754093452],[102.28178210575484,39.1918109499459],[101.82957536553994,39.091355704804144],[102.0713320458856,38.89044521452064],[101.93740928051426,38.81205256994741],[101.77333939912859,38.65878790855123],[101.64753316499187,38.685309970936785],[101.603761871548,38.648226025300346],[101.55767156917994,38.71300557590577],[101.30576922479099,38.788112301245405],[101.33098844684145,38.84749355596705],[101.23793821375875,38.85875956476799],[101.19648592923906,38.94818350962548],[101.22663304525338,39.02117785831493],[101.1193788825101,38.975174989044405],[100.96168627566593,38.943724047808445],[100.96429516070563,39.000288800329855],[100.82863313864115,39.027514988265466],[100.86660690977459,39.109662969105685],[100.8381990504534,39.20659758649714],[100.82979264310325,39.40398744903034],[100.60716778638206,39.3875578528623],[100.49672498636804,39.39976269572999],[100.49788449083013,39.480267716953406],[100.32366894540118,39.508198030439075],[100.3109143963182,39.60794915003076],[100.26221520891043,39.67671874541986],[100.11437838999402,39.704649058905545],[100.03495233434089,39.75534609850979],[99.90363845400925,39.78750116529581],[99.82015413273881,39.86213847360207],[99.67782496001732,39.88842582747094],[99.5079575563212,39.882558114553774],[99.70449356264538,39.96611434649411],[99.74971423666688,40.006014794330795],[99.85841777998776,40.01845434571517],[99.92682854325105,40.06422250646901],[99.95436677422566,40.150125823576204],[100.00596472278865,40.199179903563646],[100.16800547136566,40.27663371407013],[100.16800547136566,40.540211378308896],[100.2410542524773,40.61766518881538],[100.2358364823979,40.715773348790265],[100.1062618587594,40.87420159755354],[100.05524366242746,40.906591372856255],[99.67173756159134,40.93170518414169],[99.56448339884807,40.845801867034496],[99.17315064289286,40.85706787583544],[99.17170126231525,40.74605074744281],[99.10068161401226,40.675168775403534],[99.0403873819836,40.69253720563832],[98.98386153945674,40.78172644197913],[98.78993441817227,40.70450733998932],[98.80210921502422,40.60686859704781],[98.68847777773944,40.69159837157157],[98.66789657353735,40.7718686842783],[98.56933869425974,40.74605074744281],[98.62731391736422,40.67704644353702],[98.3435252002678,40.56720285772782],[98.33222003176243,40.9178573816572],[98.24960533883856,40.93804231409223],[97.9716141440526,41.09670527137219],[97.62898057550515,41.439144997217554],[97.61419689361351,41.47646365137068],[97.84638766214692,41.65507683256898],[97.4999857040977,42.24231754131819],[97.2359085628568,42.67230354388755],[97.17184594132635,42.79458668108113],[96.97762894392636,42.754216816211084],[96.74833693654816,42.75679860989463],[96.3848322876831,42.72534766865867],[96.15698966088252,42.618085876533016],[96.02248714328013,42.5392238149264],[95.97784622148968,42.43524794203435],[96.06509893226192,42.41271592443246],[96.040169586327,42.32493493919178],[96.1775708650846,42.216264895966006],[96.07611422465177,42.14796471761028],[96.13785783725804,42.05243835131894],[96.11205886297654,41.98014812817955],[96.03350243566997,41.92053216494122],[95.85696788131685,41.849180775868575],[95.67666493746194,41.8280570093668],[95.5699905269497,41.79378956593061],[95.33837951064731,41.649209119651815],[95.29634747389657,41.56494876216142],[95.13575610589717,41.77125754832872],[94.86095354838196,41.66704696691998],[94.7487714916748,41.536783740159066],[94.53310366172614,41.504628673373034],[94.18264343805959,41.26710365448646],[94.00929752097721,41.11360428457361],[93.80609436399602,40.87607926568704],[93.81971854142557,40.79275774226339],[93.7591344332814,40.66390276660259],[93.50491307996828,40.64747317043454],[92.9274798578477,40.57189702806154],[92.90573914918352,40.31019703195628],[92.79529634916949,40.15317703429312],[92.74427815283755,39.86753676948585],[92.6387632467874,39.513831034839555],[92.52513180950264,39.36925058856076],[92.33845159110622,39.23734440218304],[92.35584415803757,39.06366009983516],[92.40686235436951,39.037372745966294],[92.49382518902621,39.10191758805503],[92.68949156700383,39.11412243092272],[92.95936623055516,39.16552359607702],[93.06604064106739,39.15073695952579],[93.1141600762441,39.17913669004483],[93.12488549251843,39.12210252049006],[93.19648489305246,39.045587544050306],[93.18315059173844,38.929172119773895],[93.28083884266948,38.89373113375426],[93.46346079544857,38.91602844283945],[93.73043669784468,38.9237738238901],[93.88291153460946,38.82613508094859],[93.75478629154856,38.807358399613676],[93.86001132148319,38.7245062932234],[93.9716136259593,38.724741001740085],[94.36961353257152,38.76159023885985],[94.51194270529301,38.441682530616376],[94.52904539610884,38.3604733838429],[94.72703078301062,38.38887311436194],[94.85399652160942,38.3912201995288],[94.97139634839598,38.43041652181543],[95.16822223083568,38.386291320678396],[95.26735986234434,38.29733679285428],[95.31721855421418,38.32010351897286],[95.50592790541924,38.29592854175415],[95.70507279678313,38.39474082727911],[95.83580692488371,38.34404378767486],[95.85609825297028,38.28395840740315],[96.06393942779982,38.17223715346046],[96.26337419527923,38.14501096552485],[96.33903186143057,38.255089259850735],[96.43295172285981,38.28020307113617],[96.66543236750877,38.222230067514644],[96.62600921579772,38.35554450499248],[96.68717307617294,38.41445634268075],[96.6593449690828,38.481113561419676],[96.77616504363831,38.503645579021565],[96.79442723891623,38.6078561604303],[96.92777025205652,38.55481203565918],[97.05531574288636,38.59306952387905],[97.0518372295001,38.68014638356969],[97.00864568828726,38.70267840117158],[96.98922398854725,38.88575104418692],[96.93414752659801,38.970950235744056],[96.9715415455004,39.10309113063846],[97.01241407778905,39.14158332737502],[96.96197563368816,39.197678662863055],[97.01038494498039,39.21176117386423],[97.34548173452427,39.17467722822779],[97.49157929674755,39.07962027896983],[97.68521654191649,39.00521767918026],[97.68521654191649,38.96954198464394],[97.81160252828425,38.939264585991396],[97.91769718656543,38.87894449720301],[98.01161704799469,38.85875956476799],[98.093362112572,38.78482638201179],[98.24699645379886,38.88129158236988],[98.23656091364005,38.92283498982336],[98.28583985327886,39.032913284149245],[98.39947129056362,39.02399436051516],[98.44237295566094,38.96343956321009],[98.58789076565317,38.930345662357325],[98.74268461134213,39.08548799188699],[98.81196500295198,39.08689624298711],[98.95632330848213,38.98456332971186],[99.10416012739853,38.94982646924228],[99.0635774712254,38.90523185107189],[99.2177915646833,38.79444943119593],[99.34939532113046,38.73671113609109],[99.44360505867523,38.60926441153042],[99.65492474689106,38.442856073199806],[99.7708751931,38.4069456701468],[99.81435661042836,38.3672799308268],[99.93842358787194,38.341227285474616],[100.07495523828297,38.28513194998659],[100.127132939077,38.22880190598187],[100.18365878160387,38.241710874399615],[100.0804628844779,38.40506800201331],[99.99929757213164,38.46750046745187],[100.06075130862237,38.51984046667292],[100.23815549132208,38.44191723913306],[100.25960632387073,38.36422872010988],[100.29729021888863,38.388168988811884],[100.32221956482357,38.324328272273206],[100.42976360368237,38.272222981568845],[100.48107167612983,38.28607078405334],[100.59412336118356,38.242884416983046],[100.62021221158057,38.26635526865168],[100.755294481414,38.23537374444908],[100.81848747459787,38.161440561692885],[100.91037820321847,38.17810486637762],[100.92139349560833,38.08539500228652],[100.8860286095146,38.05370935253386],[101.07502783683518,37.941518681557795],[101.15793240587458,37.86735079028492],[101.27417272819906,37.836369266082315],[101.35388865996771,37.78966227126173],[101.45650480486263,37.86664666473486],[101.59709472089098,37.82768505096492],[101.65738895291963,37.73192397615689],[101.7878332049047,37.69601357310388],[101.81392205530173,37.653531331583665],[101.92900287316411,37.72159680142269],[101.99683388419635,37.725821554723055],[102.03335827475216,37.6270092691981],[102.12727813618142,37.542748911707704],[102.1011892857844,37.48148998885257],[102.19539902332917,37.41905752341401],[102.4264302874005,37.30733626947132],[102.48788402389125,37.22307591198093],[102.60209521340707,37.17120532979324],[102.64035886065602,37.09985394072059],[102.48527513885155,37.07849546570215],[102.5026677057829,37.01747125136369],[102.44875074829574,36.96865187989293],[102.55948342442528,36.9193630913888],[102.5855722748223,36.8696048858513],[102.6971745792984,36.79520228606174],[102.60006608059841,36.70929896895454],[102.62818406380408,36.65226479939976],[102.72181404911781,36.61471143672995],[102.83863412367333,36.338928929623506],[103.022125704799,36.25725036581666],[103.0687957593981,36.20702274324577],[102.98502156201212,36.194113774828025],[102.93980088799064,36.106098081070655],[102.88008640819302,36.08333135495208],[102.96617961450318,36.044839158215524],[102.9406705163372,35.92771960838904],[102.94849717145631,35.83688741243143],[102.78210828114646,35.86223593223356],[102.68355040186886,35.76929135962577],[102.80529837038826,35.559696654224865],[102.74152562497333,35.494212978069385],[102.6905074286414,35.531296923705824],[102.5844127703602,35.54256293250677],[102.52933630841095,35.5815245462767],[102.40063131311902,35.409717912062305],[102.31308872623126,35.435301140381114],[102.2759845834444,35.305742039170255],[102.36845506429603,35.261382129516534],[102.40468957873632,35.18040769125975],[102.30932033672947,35.129475943138814],[102.29308727426022,35.07150293951729],[102.09278287843425,34.988181416093646],[102.02147335401574,34.90204339046976],[101.91595844796561,34.87528661956752],[101.91885720912083,34.62602617484663],[101.97277416660799,34.54951119840689],[102.15394673880948,34.50914133353683],[102.16873042070111,34.45750545986584],[102.25743251205097,34.35705021472409],[102.18641286374798,34.356111380657346],[102.13771367634021,34.2727898572337],[102.06553452357514,34.29367891521878],[102.06176613407335,34.23171586681359],[101.95596135190769,34.10990214665338],[101.8939278631859,34.13595479200556],[101.7617443545077,34.124219366171246],[101.7359453802262,34.08126770761765],[101.65333068730233,34.15050672004011],[101.53680048886233,34.21364331102874],[101.48926080591666,34.19768313189407],[101.22721279748443,34.30048546220269],[101.19155803527518,34.33780411635581],[101.0518377475934,34.32700752458824],[101.00110942737697,34.36761209797498],[100.89211600794056,34.375357479025624],[100.8239951207928,34.32137452018777],[100.76544014545728,34.17608994835892],[100.80631267774594,34.15613972444059],[100.88197034389728,34.03456071279707],[100.99560178118205,33.89209264316846],[101.15271463579518,33.84491623131451],[101.18894915023547,33.79210681506008],[101.16083116702981,33.720755425987434],[101.1776439817301,33.65597587538201],[101.23185081533279,33.6869573995846],[101.3849054043286,33.646587534714556],[101.49853684161337,33.70479524685277],[101.58781868519426,33.670293094899876],[101.62376332351904,33.50059883733566],[101.71594392825516,33.49707820958536],[101.76667224847158,33.54073399368902],[101.88291257079605,33.578991481908886],[101.92291547473813,33.4517794658649],[101.87566566790798,33.31682206877025],[101.7695710096268,33.27081919949973],[101.82957536553994,33.214489155495016],[101.82319809099843,33.12295283398734],[101.8666795083268,33.1065232378193],[101.93682952828321,33.189610052726266],[102.08350684273753,33.19946781042709],[102.14177194195753,33.27621749538352],[102.21569035141573,33.25016485003134],[102.18641286374798,33.32926162015463],[102.25598313147336,33.4121137265449],[102.39367428634648,33.407184847694495],[102.45947616457006,33.47994448786726],[102.44324310210081,33.574297311575165],[102.34642447951633,33.60668708687788],[102.31395835457782,33.669119552316445],[102.34004720497484,33.7231025111543],[102.23656143173335,33.80290340682765],[102.26612879551664,33.83458905658031],[102.18641286374798,33.93152367397177],[102.20641431571903,33.96367874075779],[102.31453810680887,33.995364390510446],[102.38700713568946,33.974475332525365],[102.4380253320214,34.08830896311824],[102.46411418241841,34.07422645211706],[102.65369316197005,34.119055778804146],[102.59629769109662,34.15308851372367],[102.69485557037423,34.19979550854424],[102.85863557564437,34.305883758086466],[102.95690357880646,34.29649541741902],[102.97052775623601,34.198387257444125],[103.12213296465421,34.164823939557984],[103.1206835840766,34.11248394033693],[103.1763397982569,34.08173712465102],[103.11662531845928,34.03643838093056],[103.15720797463243,34.00592627376133],[103.11691519457482,33.95217802344016],[103.18387657726048,33.904062777519464],[103.15025094785989,33.82261892222931],[103.3305538917148,33.743756860622696],[103.43085102768555,33.7453998202395],[103.51810373845778,33.81182233046174],[103.54738122612554,33.74234860952258],[103.52506076523032,33.69000861030153],[103.63115542351152,33.72568430483785],[103.76391868442076,33.65738412648213],[103.86624495320015,33.688835067718095],[104.03611235689627,33.688835067718095],[104.1659768566503,33.61466717644521],[104.15322230756732,33.54378520440594],[104.21989381413746,33.40554188807769],[104.29352234748015,33.332547539388244],[104.37236865090223,33.34991596962303],[104.38338394329207,33.30109659815227],[104.29989962202164,33.30485193441925],[104.37990542990582,33.10863561446948],[104.33062649026701,33.04549902348086],[104.42396659946522,33.016864584445116],[104.3680205091694,32.947390863505966],[104.30308825929238,32.95419741048987],[104.27439052385567,32.88800960878432],[104.29787048921298,32.832853107363036],[104.45440359159507,32.7509398350395],[104.58107945407835,32.724183064137264],[104.63818504883625,32.66527122644899],[104.70282742259775,32.67630252673325],[104.73616317588282,32.638045038513376],[104.8266045239258,32.66503651793231],[104.9042913228858,32.60518584617729],[105.02777854809833,32.65259696654793],[105.1089438604446,32.59626692254321],[105.21416889037923,32.66503651793231],[105.28750754760638,32.65682171984828],[105.42287969355533,32.735683781454895],[105.3886743119237,32.83754727769676],[105.40809601166369,32.92180763518715],[105.49679810301353,32.91288871155307],[105.58868883163413,32.88073364476705],[105.72232172088995,32.90678629011923],[105.82000997182098,32.95912628934028],[105.86436101749592,32.947390863505966],[105.92610463010217,33.02766117621269],[105.91885772721412,33.243593011564116],[105.85856349518546,33.23443937941335],[105.74725106682487,33.28771821270115],[105.6997113838792,33.392632919659945],[105.81972009570546,33.38254045344243],[105.84059117602308,33.50130296288572],[105.95596187000098,33.59659462066037],[106.12698877815919,33.5994111228606],[106.18264499233948,33.54566287253943],[106.28526113723441,33.61044242314486],[106.34352623645441,33.58791040554297],[106.44411324854067,33.61818780419551],[106.46556408108933,33.52641677417115],[106.55513580078573,33.532049778571626],[106.57252836771708,33.63649506849704],[106.48005788686544,33.71183650235336],[106.4588969304323,33.82872134366315],[106.40642935352275,33.911573450053424],[106.46121593935649,33.958984570424064],[106.49687070156574,34.112718648853615],[106.578036013912,34.14323075602284],[106.55310666797709,34.22796053054661],[106.48585540917588,34.25471730144885],[106.52295955196276,34.297199542969075],[106.64441764436663,34.24791075446494],[106.70123336300901,34.28405586603464],[106.71427778820753,34.37254097682539],[106.62151743124036,34.41103317356195],[106.56818022598425,34.485201064834826],[106.44846139027351,34.53167335113872],[106.32932230679381,34.518764382720974],[106.30932085482277,34.57978859705942],[106.42150291152993,34.655130030915736],[106.44440312465619,34.69643872985253],[106.5739777482947,34.79079155356044],[106.50614673726247,34.89594096903592],[106.47889838240336,34.98090545207637],[106.55571555301678,35.092391997502375],[106.61427052835231,35.07291119061741],[106.7308007267923,35.10436213185338],[106.82124207483528,35.08112598870143],[106.8966098648711,35.096382042286045],[107.08097107434332,35.018224106229496],[107.08155082657439,34.980436035043],[107.17141242238631,34.93607612538928],[107.18735560874005,34.88326670913485],[107.24793971688422,34.88326670913485],[107.28475398355556,34.93959675313957],[107.41113996992333,34.93584141687259],[107.49375466284721,34.907676394870236],[107.5688325767675,34.96893531772537],[107.67057909331585,34.95156688749057],[107.84508451486033,34.98231370317649],[107.71840865237704,35.11281163845409],[107.71348075841317,35.178060606092885],[107.64825863242064,35.2414319055982],[107.737250599886,35.31231387763747],[107.96277421776242,35.242605448181635],[108.17351415374718,35.300578451803155],[108.23583751858449,35.261382129516534],[108.34048279628806,35.30198670290328],[108.44222931283642,35.27358697238422],[108.57528244986119,35.29189423668576],[108.63354754908119,35.39986015436148],[108.6039801852979,35.49069235031909],[108.61470560157224,35.55781898609138],[108.51382871337046,35.65170239276591],[108.52252499683613,35.82233548439687],[108.4938272613994,35.87068543883426],[108.58194960051821,35.95025162599093],[108.6465919742797,35.94414920455708],[108.7063064540773,36.15186624182449],[108.65470850551432,36.213594581713],[108.6089080792618,36.43868004921519],[108.51759710287224,36.462855026433886],[108.49121837635971,36.4213116189804],[108.39584913435284,36.450180766532824],[108.34454106190537,36.55579959904168],[108.20279164141493,36.57762749109351],[108.15409245400718,36.55978964382534],[108.05350544192092,36.59429179577823],[107.98306554584897,36.66094901451716],[107.93262710174808,36.65883663786697],[107.90103060515614,36.74520937200755],[107.82537293900481,36.78604865391097],[107.66188280985018,36.830643272081375],[107.53085880563407,36.828296186914514],[107.48157986599526,36.913964795505024],[107.43577943974273,36.88978981828633],[107.31374159510781,36.913964795505024],[107.26388290323796,37.099149815170534],[107.17749982081229,37.14092793114071],[106.95922310582394,37.112528200621654],[106.90182763495051,37.151020397358224],[106.8913920947917,37.10008864923728],[106.77167325908096,37.15759223582543],[106.72355382390424,37.120977707222366],[106.6012261031538,37.12708012865622],[106.66238996352902,37.017236542847],[106.6389099981717,36.962549458459094],[106.57107898713947,36.93720093865697],[106.65398355617887,36.81139717371309],[106.62760482966632,36.73535161430672],[106.51020500287977,36.71587080742175],[106.4887541703311,36.63137574141467],[106.4406347351544,36.62480390294745],[106.45165002754425,36.55978964382534],[106.36381756454097,36.57668865702675],[106.45078039919768,36.496887761353406],[106.51861141022992,36.47787637150181],[106.48817441810007,36.39924901841189],[106.48237689578963,36.28259888561878],[106.55542567690127,36.292221934802924],[106.76761499346364,36.21265574764625],[106.83428650003378,36.22157467128034],[106.95313570739796,36.09201557006948],[106.91429230791798,35.96527297105885],[106.94154066277707,35.94109799384016],[106.85022968638752,35.89110507978597],[106.90936441395408,35.77140373627594],[106.7308007267923,35.688551629885666],[106.52180004750068,35.742299880206836],[106.42990931888008,35.68878633840235],[106.474260364555,35.57565683335954],[106.435416965075,35.5247250852386],[106.50034921495201,35.417932710146324],[106.46933247059113,35.3118444606041],[106.3629479361944,35.270535761667304],[106.35946942280813,35.23861540339796],[106.17539808945142,35.436474682964544],[106.11916212304008,35.374511634559354],[106.06611479389949,35.48904939070228],[105.89856639912756,35.54843064542392],[105.84580894610248,35.493039435485954],[105.81247319281741,35.57612625039292],[105.70927729569144,35.65287593534934],[105.72058246419681,35.72657440958885],[105.66608575447862,35.7514535123576],[105.57042663635622,35.71249189858767],[105.45012804841443,35.74769817609062],[105.41099477281891,35.82491727808043],[105.38142740903564,35.79417046239452],[105.32809020377951,35.951659877091046],[105.33997512451593,36.033807857931265],[105.51071215655861,36.14717207149076],[105.45679519907145,36.22321763089714],[105.47389788988727,36.291517809252866],[105.3965009670428,36.36897161975935],[105.39447183423414,36.43069995964785],[105.31765466362071,36.53655350067339],[105.27765175967862,36.522470989672215],[105.19909533237205,36.70507421565418],[105.30634949511534,36.74098461870719],[105.3304092127037,36.80153941601226],[105.23648935127444,36.89659636527023],[105.1880800399822,36.89166748641982],[105.16170131346966,36.99470452524511],[104.95125125360042,37.03976856044889],[104.95125125360042,37.07802604866876],[104.77355719478521,37.24607734661619],[104.63528628768103,37.20148272844578],[104.61818359686521,37.296070260670376],[104.71094395383237,37.32916416152315],[104.67065117377476,37.4106080168133],[104.43324263516193,37.44581429431625],[104.28453618789895,37.42727232149804]],[[106.00582056187083,35.48247755223507],[105.96320877288905,35.4268516337804],[105.91335008101919,35.45126131951578],[106.00582056187083,35.48247755223507]]]}},{"type":"Feature","properties":{"adcode":"630000","name":"青海省"},"geometry":{"type":"Polygon","coordinates":[[[101.76667224847158,33.54073399368902],[101.71594392825516,33.49707820958536],[101.62376332351904,33.50059883733566],[101.58781868519426,33.670293094899876],[101.49853684161337,33.70479524685277],[101.3849054043286,33.646587534714556],[101.23185081533279,33.6869573995846],[101.1776439817301,33.65597587538201],[101.16083116702981,33.720755425987434],[101.18894915023547,33.79210681506008],[101.15271463579518,33.84491623131451],[100.99560178118205,33.89209264316846],[100.88197034389728,34.03456071279707],[100.80631267774594,34.15613972444059],[100.76544014545728,34.17608994835892],[100.8239951207928,34.32137452018777],[100.89211600794056,34.375357479025624],[101.00110942737697,34.36761209797498],[101.0518377475934,34.32700752458824],[101.19155803527518,34.33780411635581],[101.22721279748443,34.30048546220269],[101.48926080591666,34.19768313189407],[101.53680048886233,34.21364331102874],[101.65333068730233,34.15050672004011],[101.7359453802262,34.08126770761765],[101.7617443545077,34.124219366171246],[101.8939278631859,34.13595479200556],[101.95596135190769,34.10990214665338],[102.06176613407335,34.23171586681359],[102.06553452357514,34.29367891521878],[102.13771367634021,34.2727898572337],[102.18641286374798,34.356111380657346],[102.25743251205097,34.35705021472409],[102.16873042070111,34.45750545986584],[102.15394673880948,34.50914133353683],[101.97277416660799,34.54951119840689],[101.91885720912083,34.62602617484663],[101.91595844796561,34.87528661956752],[102.02147335401574,34.90204339046976],[102.09278287843425,34.988181416093646],[102.29308727426022,35.07150293951729],[102.30932033672947,35.129475943138814],[102.40468957873632,35.18040769125975],[102.36845506429603,35.261382129516534],[102.2759845834444,35.305742039170255],[102.31308872623126,35.435301140381114],[102.40063131311902,35.409717912062305],[102.52933630841095,35.5815245462767],[102.5844127703602,35.54256293250677],[102.6905074286414,35.531296923705824],[102.74152562497333,35.494212978069385],[102.80529837038826,35.559696654224865],[102.68355040186886,35.76929135962577],[102.78210828114646,35.86223593223356],[102.94849717145631,35.83688741243143],[102.9406705163372,35.92771960838904],[102.96617961450318,36.044839158215524],[102.88008640819302,36.08333135495208],[102.93980088799064,36.106098081070655],[102.98502156201212,36.194113774828025],[103.0687957593981,36.20702274324577],[103.022125704799,36.25725036581666],[102.83863412367333,36.338928929623506],[102.72181404911781,36.61471143672995],[102.62818406380408,36.65226479939976],[102.60006608059841,36.70929896895454],[102.6971745792984,36.79520228606174],[102.5855722748223,36.8696048858513],[102.55948342442528,36.9193630913888],[102.44875074829574,36.96865187989293],[102.5026677057829,37.01747125136369],[102.48527513885155,37.07849546570215],[102.64035886065602,37.09985394072059],[102.60209521340707,37.17120532979324],[102.48788402389125,37.22307591198093],[102.4264302874005,37.30733626947132],[102.19539902332917,37.41905752341401],[102.1011892857844,37.48148998885257],[102.12727813618142,37.542748911707704],[102.03335827475216,37.6270092691981],[101.99683388419635,37.725821554723055],[101.92900287316411,37.72159680142269],[101.81392205530173,37.653531331583665],[101.7878332049047,37.69601357310388],[101.65738895291963,37.73192397615689],[101.59709472089098,37.82768505096492],[101.45650480486263,37.86664666473486],[101.35388865996771,37.78966227126173],[101.27417272819906,37.836369266082315],[101.15793240587458,37.86735079028492],[101.07502783683518,37.941518681557795],[100.8860286095146,38.05370935253386],[100.92139349560833,38.08539500228652],[100.91037820321847,38.17810486637762],[100.81848747459787,38.161440561692885],[100.755294481414,38.23537374444908],[100.62021221158057,38.26635526865168],[100.59412336118356,38.242884416983046],[100.48107167612983,38.28607078405334],[100.42976360368237,38.272222981568845],[100.32221956482357,38.324328272273206],[100.29729021888863,38.388168988811884],[100.25960632387073,38.36422872010988],[100.23815549132208,38.44191723913306],[100.06075130862237,38.51984046667292],[99.99929757213164,38.46750046745187],[100.0804628844779,38.40506800201331],[100.18365878160387,38.241710874399615],[100.127132939077,38.22880190598187],[100.07495523828297,38.28513194998659],[99.93842358787194,38.341227285474616],[99.81435661042836,38.3672799308268],[99.7708751931,38.4069456701468],[99.65492474689106,38.442856073199806],[99.44360505867523,38.60926441153042],[99.34939532113046,38.73671113609109],[99.2177915646833,38.79444943119593],[99.0635774712254,38.90523185107189],[99.10416012739853,38.94982646924228],[98.95632330848213,38.98456332971186],[98.81196500295198,39.08689624298711],[98.74268461134213,39.08548799188699],[98.58789076565317,38.930345662357325],[98.44237295566094,38.96343956321009],[98.39947129056362,39.02399436051516],[98.28583985327886,39.032913284149245],[98.23656091364005,38.92283498982336],[98.24699645379886,38.88129158236988],[98.093362112572,38.78482638201179],[98.01161704799469,38.85875956476799],[97.91769718656543,38.87894449720301],[97.81160252828425,38.939264585991396],[97.68521654191649,38.96954198464394],[97.68521654191649,39.00521767918026],[97.49157929674755,39.07962027896983],[97.34548173452427,39.17467722822779],[97.01038494498039,39.21176117386423],[96.96197563368816,39.197678662863055],[97.01241407778905,39.14158332737502],[96.9715415455004,39.10309113063846],[96.93414752659801,38.970950235744056],[96.98922398854725,38.88575104418692],[97.00864568828726,38.70267840117158],[97.0518372295001,38.68014638356969],[97.05531574288636,38.59306952387905],[96.92777025205652,38.55481203565918],[96.79442723891623,38.6078561604303],[96.77616504363831,38.503645579021565],[96.6593449690828,38.481113561419676],[96.68717307617294,38.41445634268075],[96.62600921579772,38.35554450499248],[96.66543236750877,38.222230067514644],[96.43295172285981,38.28020307113617],[96.33903186143057,38.255089259850735],[96.26337419527923,38.14501096552485],[96.06393942779982,38.17223715346046],[95.85609825297028,38.28395840740315],[95.83580692488371,38.34404378767486],[95.70507279678313,38.39474082727911],[95.50592790541924,38.29592854175415],[95.31721855421418,38.32010351897286],[95.26735986234434,38.29733679285428],[95.16822223083568,38.386291320678396],[94.97139634839598,38.43041652181543],[94.85399652160942,38.3912201995288],[94.72703078301062,38.38887311436194],[94.52904539610884,38.3604733838429],[94.51194270529301,38.441682530616376],[94.36961353257152,38.76159023885985],[93.9716136259593,38.724741001740085],[93.86001132148319,38.7245062932234],[93.75478629154856,38.807358399613676],[93.88291153460946,38.82613508094859],[93.73043669784468,38.9237738238901],[93.46346079544857,38.91602844283945],[93.28083884266948,38.89373113375426],[93.18315059173844,38.929172119773895],[93.19648489305246,39.045587544050306],[93.12488549251843,39.12210252049006],[93.1141600762441,39.17913669004483],[93.06604064106739,39.15073695952579],[92.95936623055516,39.16552359607702],[92.68949156700383,39.11412243092272],[92.49382518902621,39.10191758805503],[92.40686235436951,39.037372745966294],[92.37787474281727,38.998176423679666],[92.25612677429787,39.00099292587991],[92.17293232914295,38.9615618950766],[91.96306202150474,38.93058037087401],[91.8769688151946,38.88246512495331],[91.7111596771158,38.868852030985494],[91.44737241199043,38.81322611253084],[91.28649116787551,38.7451606426918],[90.99313653896687,38.69352476902081],[90.72152261872239,38.65714494893443],[90.62122548275165,38.6662985810852],[90.60963043813075,38.59635544311267],[90.4559960969039,38.549883156808775],[90.42150083915674,38.490971319120504],[90.29975287063733,38.50082907682133],[90.11104351943227,38.48205239548642],[90.12611707743943,38.3999044146462],[90.17713527377137,38.39685320392928],[90.13568298925168,38.34028845140787],[90.27888179031973,38.23795553813264],[90.3510609430848,38.2332613677989],[90.35975722655047,38.29991858653783],[90.52933475413106,38.31963410193947],[90.51484094835494,38.20720872244672],[90.51802958562568,37.73098514209015],[90.6490535898418,37.70258541157111],[90.78616499248389,37.64273473981609],[90.88211398672179,37.573261018876934],[90.8615327825197,37.53336057104026],[90.9522640066782,37.477734652585596],[91.07372209908209,37.47562227593542],[91.13169732218657,37.32540882525616],[91.19141180198417,37.273068826035114],[91.18851304082895,37.20523806471276],[91.27547587548565,37.163694657259285],[91.30417361092238,37.01254237251328],[91.12966818937791,37.005266408496],[90.99139728227374,36.91490362957177],[90.85225674682299,36.915138338088454],[90.7577571331627,36.82571439323095],[90.70934782187045,36.68348103211903],[90.73949493788479,36.585607580660835],[91.03284956679343,36.531624621822985],[91.05140163818686,36.429995834097795],[91.02531278778986,36.32320345900551],[91.06792457677165,36.301140858436995],[91.04821300091612,36.23964722706518],[91.09691218832387,36.21711520946329],[91.12329091483642,36.110792251404376],[91.08009937362358,36.0882602338025],[90.97371483922686,36.1053939555206],[90.92588528016567,36.03193018979778],[90.84008194997105,36.01831709582997],[90.7734104434009,36.08779081676913],[90.65659036884539,36.13567135417314],[90.4806355667233,36.13238543493952],[90.2356902491069,36.161489291008635],[90.126986705786,36.208900411379275],[90.14321976825525,36.23988193558186],[90.03857449055167,36.27579233863487],[90.00871725065286,36.1877766448775],[89.93566846954123,36.13121189235609],[89.94088623962062,36.067840592850786],[89.79102028789556,36.07136122060108],[89.70927522331826,36.09318911265291],[89.63013904378064,36.048359785965815],[89.47302618916751,36.02254184913032],[89.41505096606303,36.04507386673221],[89.42084848837348,35.919974227338386],[89.54694459862571,35.857541761899824],[89.79971657136123,35.84932696381581],[89.74521986164302,35.75779064230814],[89.75826428684154,35.58551459106037],[89.70927522331826,35.583402214410185],[89.70318782489228,35.50970374017068],[89.76290230468989,35.48294696926844],[89.68289649680571,35.41699387607957],[89.49563652617826,35.36277620872504],[89.52665327053916,35.275699349034404],[89.44722721488603,35.226645269046955],[89.5104202080699,35.139803117873015],[89.59158552041617,35.088871369752084],[89.55882951936213,34.939831461656254],[89.58057022802632,34.89993101381958],[89.66550392987438,34.88960383908538],[89.71188410835795,34.921054780321356],[89.8031950847475,34.916595318504314],[89.86319944066064,34.81097648599546],[89.79420892516632,34.74455397577323],[89.73072605586691,34.73399209252234],[89.72434878132542,34.66592662268331],[89.79623805797496,34.628607968530176],[89.82058765167885,34.42863631231342],[89.85856142281227,34.36104025950776],[89.83595108580153,34.26340151656625],[89.75478577345527,34.12633174282142],[89.69246240861796,34.131260621671835],[89.63303780493587,34.052633268581914],[89.69391178919557,33.961801072624304],[89.7927595445887,33.86650941484965],[89.83595108580153,33.87049945963332],[89.93827735458093,33.805250491994514],[89.90465172518034,33.74117506693915],[90.00610836561316,33.691651569918335],[89.98146889579377,33.61584071902865],[90.00639824172869,33.55833713244049],[90.07857739449376,33.533927446705114],[90.08901293465257,33.47172968978323],[90.24206752364839,33.42830861419627],[90.32033407483942,33.32550628388765],[90.40497790057196,33.263777943999145],[90.48382420399405,33.26870682284955],[90.70123129063583,33.138208887571956],[90.80268793106866,33.116380995520124],[91.06995370958029,33.115207452936694],[91.13285682664865,33.07577642213339],[91.22503743138476,33.14360718345574],[91.42940009282805,33.071082251799666],[91.4949120949361,33.111217408153024],[91.5815850534773,33.040570144630436],[91.89349175377937,32.90866395825272],[91.95639487084773,32.82158709856209],[92.14684347874594,32.8866013576842],[92.22887841943876,32.84364969913061],[92.19786167507787,32.75751167350672],[92.26714206668771,32.723478938587206],[92.35497452969099,32.76502234604068],[92.63702399009426,32.72230539600377],[92.67934590296053,32.762440552357134],[92.82486371295278,32.72981606853773],[92.87269327201396,32.698834544335135],[93.0182110820062,32.7389697006885],[93.06575076495187,32.628187280812554],[93.24083593872739,32.66527122644899],[93.30750744529753,32.57866378379173],[93.38142585475575,32.52632378457068],[93.46172153875544,32.55777472580665],[93.5144789917805,32.477973830133294],[93.61622550832887,32.52632378457068],[93.64579287211215,32.570918402741086],[93.71710239653065,32.58030674340854],[93.82290717869633,32.549090510689254],[93.85450367528826,32.47985149826678],[94.04988017715034,32.47234082573282],[94.13829239238467,32.43408333751295],[94.19539798714257,32.51646602686985],[94.36729452364735,32.52303786533707],[94.39396312627541,32.59603221402652],[94.43338627798644,32.563642438723804],[94.47222967746644,32.61199239316119],[94.53078465280197,32.5997875502935],[94.6102107084551,32.67653723524994],[94.7551487662163,32.53500799968808],[94.84964837987658,32.46670782133235],[94.89081078828076,32.47421849386632],[94.92298703710375,32.41155131991106],[94.98704965863419,32.425164413878875],[95.07372261717538,32.37822271054161],[95.22242906443836,32.39136638747604],[95.25808382664762,32.35146593963936],[95.09604307807061,32.324709168737115],[95.10531911376732,32.26133786923181],[95.24011150748522,32.32259679208694],[95.2618522161494,32.214161457377855],[95.31171090801925,32.15125957490592],[95.3679468744306,32.182475807625195],[95.43954627496463,32.15970908150663],[95.45317045239418,32.00973033934406],[95.39490535317418,32.003862626426894],[95.36852662666163,31.92969473515402],[95.45288057627866,31.804595095760202],[95.56564238521686,31.74192792180495],[95.61695045766432,31.78628783145867],[95.7708746750067,31.7548368902227],[95.8239220041473,31.683250792633366],[95.89842016583655,31.819147023794756],[95.97146894694819,31.820320566378186],[96.04393797582878,31.733947832237615],[96.14684399683922,31.689587922583897],[96.14974275799446,31.618471242027937],[96.2059787244058,31.600633394759775],[96.25177915065834,31.699210971768036],[96.176121484507,31.777603616341274],[96.25206902677385,31.932276528837566],[96.38570191602966,31.92570469037035],[96.43729986459265,31.796849714709552],[96.5674542404622,31.71446702535265],[96.61499392340787,31.7393461281214],[96.77326628248309,31.675740120099405],[96.83993778905324,31.722212406403298],[96.76456999901741,31.822902360061736],[96.810950177501,31.899886753534854],[96.72340759061323,32.01559805226121],[96.78978922106786,32.02170047369506],[96.94342356229473,31.991423075042523],[96.97502005888666,32.0691115940657],[97.16604841901591,32.026864061062156],[97.18604987098695,32.057376168231386],[97.30721808727532,32.08084701990002],[97.26373666994695,32.18646585240887],[97.29330403373024,32.29302351898446],[97.41505200224964,32.29771768931819],[97.3912821607768,32.42305203722869],[97.34693111510188,32.43478746306301],[97.38171624896455,32.50003643070181],[97.33504619436546,32.51646602686985],[97.44722825107262,32.58922566704262],[97.53100244845858,32.52820145270417],[97.73043721593798,32.529844412320976],[97.60810949518753,32.615043603878114],[97.54375699754156,32.62419723602888],[97.42258878125321,32.70775346796921],[97.3849048862353,32.78239077627547],[97.37301996549888,32.95818745527353],[97.52172641276186,32.99010781354288],[97.54317724531052,33.038223059463576],[97.484622269975,33.11215624221977],[97.48665140278366,33.170129245841295],[97.57535349413351,33.22293866209572],[97.62289317707918,33.34170117153901],[97.70173948050126,33.36141668694066],[97.7539171812953,33.41164430951153],[97.62753119492754,33.46328018318253],[97.5559317943935,33.46539255983271],[97.51042124425649,33.52266143790417],[97.5260745544947,33.57570556267528],[97.45273589726754,33.58110385855907],[97.40461646209083,33.62851497892971],[97.43476357810516,33.68273264628425],[97.40577596655291,33.795862151327064],[97.36780219541949,33.82684367552966],[97.38751377127501,33.885990221734616],[97.59738407891321,33.93152367397177],[97.63129958442933,33.920727082204195],[97.70231923273231,34.06131748369931],[97.66173657655918,34.116708693637285],[97.7852238017717,34.17069165247514],[97.81044302382216,34.2091838492117],[97.9484240548108,34.19627488079395],[98.04379329681767,34.117412819187344],[98.09857988265139,34.12468878320462],[98.21105181547408,34.08056358206758],[98.40208017560333,34.087839546084865],[98.43947419450572,34.01273282074524],[98.40729794568273,33.869795334083264],[98.4806366029099,33.8244965903628],[98.49281139976183,33.770983048558314],[98.58267299557377,33.73389910292187],[98.66470793626661,33.5890839481264],[98.65340276776124,33.54331578737256],[98.74297448745764,33.47900565380051],[98.7360174606851,33.40929722434467],[98.77746974520481,33.375499197941835],[98.75746829323377,33.28255462533405],[98.85457679193377,33.15510790077337],[99.17807853685673,33.04667256606429],[99.23373475103703,32.98752601985933],[99.26388186705137,32.88284602141722],[99.37809305656718,32.90326566236894],[99.54825033637881,32.847405035397585],[99.60216729386597,32.78356431885891],[99.70942145660925,32.76009346719027],[99.76478779467404,32.782625484792156],[99.78797788391583,32.869937052999475],[99.76536754690508,32.94269669317224],[99.85522914271701,32.94950324015614],[99.87783947972775,33.045733731997544],[99.95291739364805,32.95396270197318],[100.0390105999582,32.931900101404665],[100.02596617475969,32.901857411268814],[100.10974037214567,32.86266108898219],[100.1349595941961,32.71808064270341],[100.08626040678834,32.67160835639952],[100.2111970125785,32.6084717654109],[100.23960487189969,32.72512189820401],[100.33236522886685,32.72066243638697],[100.39497846981968,32.7561034224066],[100.46947663150894,32.696018042134895],[100.57470166144356,32.55472351508973],[100.6686215228728,32.525384950503934],[100.65673660213639,32.59931813326013],[100.7190599669737,32.62419723602888],[100.68369508087997,32.676771943766624],[100.78254283627311,32.64180037478036],[100.88805774232324,32.635228536313136],[100.92603151345668,32.60189992694368],[101.07473796071966,32.68404790778389],[101.15735265364353,32.661750598698696],[101.22054564682742,32.72394835562058],[101.23677870929667,32.82909777109605],[101.130973927131,32.92814476513769],[101.12720553762921,32.99104664760962],[101.18402125627159,32.9879954368927],[101.16720844157129,33.09948198231871],[101.11474086466174,33.1975901422936],[101.18257187569398,33.27222745059986],[101.29475393240114,33.26424736103252],[101.3811370148268,33.15487319225669],[101.39099280275457,33.214019738461644],[101.49331907153397,33.22364278764578],[101.63187985475366,33.10370673561906],[101.67652077654412,33.20322314669407],[101.73913401749695,33.2696456569163],[101.64753316499187,33.325036866854276],[101.69942098967039,33.43933991448053],[101.76522286789397,33.44872825514798],[101.76667224847158,33.54073399368902]]]}},{"type":"Feature","properties":{"adcode":"640000","name":"宁夏回族自治区"},"geometry":{"type":"MultiPolygon","coordinates":[[[[107.64506999514988,37.864299579567984],[107.48911664499884,37.94410047524134],[107.40621207595944,37.94785581150832],[107.4354895636272,37.99526693187896],[107.32330750692005,38.08985446410355],[107.18503659981587,38.15416459767562],[107.02792374520274,38.11614181797242],[106.7774707813914,38.1698900682936],[106.54122174724067,38.26799822826848],[106.47918825851887,38.31986881045616],[106.59629820918991,38.390516073978745],[106.6452872727132,38.47289876333565],[106.65920132625828,38.600814904929706],[106.6997839824314,38.71417911848921],[106.8226914554129,38.83880934084965],[106.95371545962901,38.9444281733585],[106.96299149532572,39.047465212183795],[106.86008547431528,39.091355704804144],[106.7864569409726,39.24415094916695],[106.79457347220722,39.34742269650894],[106.74587428479947,39.38779256137899],[106.66934699030156,39.353759826459466],[106.59832734199858,39.374648884444554],[106.50382772833828,39.26949946896907],[106.42845993830247,39.28663319068717],[106.27714460599978,39.273489513752736],[106.28323200442574,39.14299157847513],[106.14554084955262,39.154961712826136],[106.08466686529292,39.06741543610214],[106.08379723694635,39.00474826214689],[105.96784679073741,38.900537680738154],[105.98900774717053,38.854769519984316],[105.89276887681712,38.78553050756186],[105.90233478862935,38.72896575504045],[105.8487077072577,38.64001122721632],[105.87102816815292,38.59025302167882],[105.81740108678129,38.3604733838429],[105.86233188468725,38.29663266730422],[105.82145935239859,38.22058710789784],[105.77652855449264,38.20955580761358],[105.76116512036995,38.12130540533953],[105.84059117602308,38.00395114699636],[105.79653000646368,37.957244152175775],[105.80348703323622,37.87181025210195],[105.76928165160457,37.81970496139759],[105.65738947101293,37.76924263031002],[105.56984688412518,37.70070774343762],[105.36606397491295,37.714790254438796],[105.15851267619892,37.657756084884014],[105.02140127355683,37.57936344031077],[104.86399854282818,37.566454471893024],[104.8019650541064,37.538524158407355],[104.41642982046163,37.51106326195506],[104.40454489972521,37.46435626713448],[104.28453618789895,37.42727232149804],[104.43324263516193,37.44581429431625],[104.67065117377476,37.4106080168133],[104.71094395383237,37.32916416152315],[104.61818359686521,37.296070260670376],[104.63528628768103,37.20148272844578],[104.77355719478521,37.24607734661619],[104.95125125360042,37.07802604866876],[104.95125125360042,37.03976856044889],[105.16170131346966,36.99470452524511],[105.1880800399822,36.89166748641982],[105.23648935127444,36.89659636527023],[105.3304092127037,36.80153941601226],[105.30634949511534,36.74098461870719],[105.19909533237205,36.70507421565418],[105.27765175967862,36.522470989672215],[105.31765466362071,36.53655350067339],[105.39447183423414,36.43069995964785],[105.3965009670428,36.36897161975935],[105.47389788988727,36.291517809252866],[105.45679519907145,36.22321763089714],[105.51071215655861,36.14717207149076],[105.33997512451593,36.033807857931265],[105.32809020377951,35.951659877091046],[105.38142740903564,35.79417046239452],[105.41099477281891,35.82491727808043],[105.45012804841443,35.74769817609062],[105.57042663635622,35.71249189858767],[105.66608575447862,35.7514535123576],[105.72058246419681,35.72657440958885],[105.70927729569144,35.65287593534934],[105.81247319281741,35.57612625039292],[105.84580894610248,35.493039435485954],[105.89856639912756,35.54843064542392],[106.06611479389949,35.48904939070228],[106.11916212304008,35.374511634559354],[106.17539808945142,35.436474682964544],[106.35946942280813,35.23861540339796],[106.3629479361944,35.270535761667304],[106.46933247059113,35.3118444606041],[106.50034921495201,35.417932710146324],[106.435416965075,35.5247250852386],[106.474260364555,35.57565683335954],[106.42990931888008,35.68878633840235],[106.52180004750068,35.742299880206836],[106.7308007267923,35.688551629885666],[106.90936441395408,35.77140373627594],[106.85022968638752,35.89110507978597],[106.94154066277707,35.94109799384016],[106.91429230791798,35.96527297105885],[106.95313570739796,36.09201557006948],[106.83428650003378,36.22157467128034],[106.76761499346364,36.21265574764625],[106.55542567690127,36.292221934802924],[106.48237689578963,36.28259888561878],[106.48817441810007,36.39924901841189],[106.51861141022992,36.47787637150181],[106.45078039919768,36.496887761353406],[106.36381756454097,36.57668865702675],[106.45165002754425,36.55978964382534],[106.4406347351544,36.62480390294745],[106.4887541703311,36.63137574141467],[106.51020500287977,36.71587080742175],[106.62760482966632,36.73535161430672],[106.65398355617887,36.81139717371309],[106.57107898713947,36.93720093865697],[106.6389099981717,36.962549458459094],[106.66238996352902,37.017236542847],[106.6012261031538,37.12708012865622],[106.72355382390424,37.120977707222366],[106.77167325908096,37.15759223582543],[106.8913920947917,37.10008864923728],[106.90182763495051,37.151020397358224],[106.95922310582394,37.112528200621654],[107.17749982081229,37.14092793114071],[107.26388290323796,37.099149815170534],[107.33374304707885,37.15876577840886],[107.25779550481198,37.22424945456436],[107.30214655048691,37.233403086715114],[107.2514182302705,37.33362362334019],[107.28069571793824,37.481959405885945],[107.34301908277556,37.52092101965589],[107.32562651584422,37.58311877657776],[107.46592655575705,37.68662523243643],[107.4923052822696,37.76431375145961],[107.5960809316266,37.78731518609487],[107.64506999514988,37.864299579567984]]],[[[106.00582056187083,35.48247755223507],[105.91335008101919,35.45126131951578],[105.96320877288905,35.4268516337804],[106.00582056187083,35.48247755223507]]]]}},{"type":"Feature","properties":{"adcode":"650000","name":"新疆维吾尔自治区"},"geometry":{"type":"Polygon","coordinates":[[[96.3848322876831,42.72534766865867],[96.36077257009474,42.897623719906434],[95.90885570599535,43.237951069101626],[95.87580982882581,43.27902505952173],[95.85551850073924,43.41445187364974],[95.73377053221984,43.59470801446484],[95.6218783516282,43.85194854875307],[95.52274072011954,44.004978501632564],[95.32301607652462,44.02586755961765],[95.37171526393239,44.225369798801026],[95.40968903506582,44.29390468567344],[94.997485198793,44.250953027119834],[94.91400087752255,44.303293026340896],[94.72963966805032,44.33896872087722],[94.60673219506883,44.449751140753165],[94.48701335935809,44.50349939107434],[94.36004762075929,44.51500010839197],[94.3252624868966,44.58541266339786],[94.21481968688258,44.66756064423808],[93.73362533511543,44.859786919404186],[93.71333400702886,44.894523779873765],[93.52375502747722,44.9576603708624],[93.43563268835842,44.95320090904535],[93.16807703373127,45.01328628931705],[92.98313607202799,45.00108144644936],[92.88370856440382,45.04497193906971],[92.5413648719719,45.01821516816747],[92.48686816225369,45.00014261238262],[92.31497162574891,45.02666467476817],[92.23989371182861,45.013051580800365],[92.09640503464504,45.079474091022604],[91.80334028185192,45.081117050639406],[91.5595544686976,45.070320458871834],[91.42795071225044,45.15364198229548],[91.3731641264167,45.109047364125075],[91.2421401222006,45.13345704986045],[91.12358079095193,45.214196779600556],[90.99313653896687,45.216074447734044],[90.8795051016821,45.189317676831806],[90.87515695994927,45.278506913172606],[90.80413731164627,45.28977292197355],[90.76993193001464,45.42778152978512],[90.67021454627493,45.48692807599008],[90.67688169693196,45.60193524916639],[90.71398583971882,45.72609605449345],[90.8473288528591,45.88734080545696],[91.02241402663462,46.02347174513504],[91.01400761928448,46.125804658410274],[90.89602804026687,46.31052026104243],[90.96820719303194,46.363329677296846],[91.07372209908209,46.55414770136284],[91.01458737151552,46.58465980853207],[91.05285101876447,46.71492303529298],[90.94095883817283,46.824766621102185],[90.9545830156024,46.87851487142336],[90.90385469538597,46.95643809896322],[90.76181539878002,46.99211379349954],[90.560931250723,47.20593325220079],[90.48759259349583,47.319297465760286],[90.522087851243,47.38172993119886],[90.46759114152479,47.40449665731744],[90.46788101764031,47.4976759384419],[90.4003398827236,47.54438293326248],[90.34874193416061,47.67206436633985],[90.13017534305675,47.7262820336944],[90.07248999606779,47.7915310013332],[90.08234578399555,47.86992364590644],[89.96030793936063,47.884710282457675],[89.95798893043646,47.838472704670465],[89.76638081807616,47.82884965548632],[89.72579816190303,47.89832337642548],[89.6452126017878,47.91240588742666],[89.54462558970154,48.038444360887226],[89.29620175869886,48.01943297103563],[89.220254216432,47.97976723171564],[89.06314136181888,47.98774732128297],[88.93762500379768,48.1093263329265],[88.84428489459947,48.111438709576674],[88.63905260480963,48.18044301348246],[88.57585961162576,48.293572518525266],[88.60600672764008,48.33558534301213],[88.50310070662964,48.41233502796855],[88.44628498798726,48.39003771888335],[88.35381450713561,48.46397090163954],[88.19670165252248,48.491901215125225],[88.1088691895192,48.54330238027953],[87.98219332703593,48.56818148304828],[88.09727414489831,48.71323134636043],[87.96538051233563,48.77237789256539],[87.82913873804011,48.79843053791757],[87.7552203285819,48.924469011378136],[87.90653566088459,48.97798255318261],[87.83783502150578,49.040649727137875],[87.86682263305802,49.11129699066046],[87.79029533856011,49.18311779676648],[87.50505724088609,49.14415618299654],[87.43287808812102,49.0763254216742],[87.11024597154461,49.155891608830856],[87.0829976166855,49.13359429974565],[86.88704136259238,49.131716631612164],[86.83399403345179,49.050272776322004],[86.73398677359657,48.995585691934096],[86.74181342871566,48.912968294060505],[86.81805084709805,48.83199385580372],[86.75021983606581,48.780592690649414],[86.77225042084552,48.719803184827654],[86.63629852266553,48.628501571836665],[86.58354106964045,48.54025116956261],[86.40642676305627,48.478522829674105],[86.31018789270284,48.48955412995835],[86.22177567746851,48.432285251886896],[85.91479687113032,48.436510005187245],[85.78754125641599,48.417498615335646],[85.71594185588197,48.36069915429756],[85.68695424432973,48.27902059049072],[85.59187487843839,48.198280860750614],[85.52984138971661,48.02882131170308],[85.54984284168765,47.97976723171564],[85.61622447214228,47.54391351622911],[85.68347573094346,47.44181531147056],[85.68231622648138,47.232455314586346],[85.5492630894566,47.115805181793235],[85.53708829260466,47.05548509300485],[85.2150359282593,47.05337271635467],[85.07183712719124,46.932967247294584],[85.00980363846946,46.92827307696086],[84.92921807835424,46.863024109322055],[84.84602363319931,46.95690751599659],[84.7474657539217,47.00807397263421],[84.51092684365544,46.9721635695812],[84.44164645204559,47.00713513856746],[84.19293274492739,47.003379802300486],[84.12973975174351,46.971224735514454],[83.99320810133247,46.99140966794948],[83.91784031129666,46.968173524797535],[83.77261237741995,47.02520769435232],[83.57056872490085,47.06111809740533],[83.36417693064891,47.17753352168175],[83.2566328917901,47.17448231096482],[83.14010269335012,47.23785361047014],[83.02531175160325,47.22189343133546],[82.989656989394,47.06557755922236],[82.9351602796758,47.015584645168175],[82.87225716260744,46.82265424445201],[82.82413772743072,46.773834872981254],[82.72500009592207,46.492888778507705],[82.51773867332358,46.16030681036317],[82.45570518460178,45.97723416734783],[82.34149399508597,45.941089055778136],[82.3316382071582,45.76740475343024],[82.26264769166387,45.618364845334426],[82.27772124967105,45.538798658177754],[82.54469715206716,45.4247303190682],[82.59687485286118,45.34680709152833],[82.58441017989372,45.222880994717954],[82.4791851499591,45.17852108506423],[82.29076567486955,45.244239469736414],[82.11539062497852,45.210676151850265],[82.0492988706394,45.25597489557073],[81.92407238873373,45.23226933538541],[81.78203309212778,45.3850645797482],[81.63506590155794,45.35901193439602],[81.46200986059107,45.2648938192048],[81.40519414194868,45.278506913172606],[81.07821388363944,45.183215255397954],[80.93037706472303,45.158336152629204],[80.89704131143796,45.12993642211016],[80.75384251036989,45.15927498669595],[80.59006250509975,45.104822610824726],[80.48396784681856,45.127354628426616],[80.3938163748911,45.04731902423657],[80.32859424889857,45.070320458871834],[80.19206259848752,45.032062970651964],[80.10509976383082,45.05365615418711],[79.89088131445978,44.91330046120868],[79.96132121053172,44.881849519972704],[80.0013241144738,44.79406853473202],[80.16655350032156,44.84546969988632],[80.19901962526006,44.75698458909558],[80.34279817855916,44.68844970222317],[80.4028025344723,44.62343544310106],[80.34656656806095,44.480263247922394],[80.4039620389344,44.289914640889776],[80.39584550769976,44.10778083194117],[80.44309531452991,44.08172818658899],[80.46135750980783,43.97047634967967],[80.50976682110006,43.89607374989011],[80.51875298068126,43.81392576904989],[80.75181337756125,43.490732141572806],[80.73210180170572,43.38722568571413],[80.68340261429796,43.32995680764266],[80.77239458176334,43.306485955974026],[80.79065677704124,43.138199949509925],[80.64832760431975,43.14594533056058],[80.43063064156244,43.062389098620244],[80.37381492292006,43.02319277633363],[80.59296126625497,42.889643630339094],[80.4016430300102,42.83167062671757],[80.25815435282664,42.823455828633556],[80.2601834856353,42.780269461563265],[80.17582953601828,42.67183412685418],[80.16423449139738,42.612452872132536],[80.27351778694931,42.503782828906765],[80.21090454599648,42.466698883270325],[80.23351488300723,42.3486404993771],[80.2784456809132,42.317658975174496],[80.28192419429946,42.230816824000556],[80.16771300478365,42.20312121903157],[80.13524687984514,42.15031180277714],[80.18858408510127,42.0824810414548],[80.1282898530726,42.03319225295067],[79.91523090816366,42.04258059361811],[79.84942902994008,42.01418086309907],[79.76507508032307,41.892367142938866],[79.64100810287948,41.88673413853839],[79.54679836533472,41.83392472228397],[79.46418367241084,41.84988490141863],[79.34997248289503,41.79308544038054],[79.32185449968935,41.8092803280319],[79.20271541620966,41.72314230240802],[79.13575403352398,41.724081136474766],[79.02734036631861,41.66000571141939],[78.95023331958966,41.649209119651815],[78.80848389909922,41.55955046627764],[78.7032588691646,41.54969270857681],[78.64818240721534,41.47059593845351],[78.57629313056579,41.481392530221086],[78.38149638093475,41.39267271091366],[78.1591614003291,41.37812078287911],[78.12930416043028,41.22978500033334],[78.04292107800461,41.19762993354732],[77.9014615336297,41.18378213106281],[77.79913526485029,41.10139944170592],[77.82319498243865,41.05469244688534],[77.68985196929836,41.00775074354807],[77.46693723646165,40.997892985847244],[77.4092518894727,41.03403809741694],[77.30257747896046,41.00610778393127],[77.16517620020285,41.00845486909813],[77.08575014454972,41.06173370238592],[76.99878730989302,41.07182616860344],[76.88022797864436,41.028639801533146],[76.84660234924377,40.97606509379541],[76.75674075343183,40.95212482509341],[76.7265936374175,40.825147517566094],[76.64455869672466,40.762010926577474],[76.6709374232372,40.69042482898814],[76.53672478175034,40.50782160300618],[76.53817416232795,40.46463523593589],[76.33844951873303,40.34070913912551],[76.27409702108707,40.43858259058371],[76.17235050453871,40.381548421028924],[75.97813350713872,40.38178312954561],[75.9262456824602,40.29728806353853],[75.83638408664828,40.3132482426732],[75.70246132127694,40.28156259292055],[75.66680655906768,40.36230232266065],[75.72710079109633,40.47496241067009],[75.64709498321216,40.51321989888996],[75.63260117743604,40.62400231876592],[75.54042057269993,40.64512608526768],[75.41722322360292,40.556640974476935],[75.34678332753097,40.53457837390842],[75.23778990809457,40.450318016418024],[75.10299751437665,40.44257263536737],[74.96472660727248,40.46228815076903],[74.83747099255815,40.520730571423925],[74.79340982299875,40.44304205240074],[74.9090703930922,40.34516860094254],[74.87863340096234,40.32803487922445],[74.70470773164891,40.347985103142776],[74.68209739463816,40.28531792918753],[74.58382939147607,40.27006187560292],[74.4403407142925,40.139094523291945],[74.34613097674773,40.09074456885456],[74.26844417778773,40.12266492712391],[74.038862294294,40.09496932215491],[73.94639181344237,40.02573030973244],[73.97219078772386,39.995687619596595],[73.85768972209252,39.84031058155024],[73.84174653573879,39.754407264443046],[73.90493952892267,39.7431412556421],[73.94871082236655,39.59433605606296],[73.88348869637402,39.540587805741794],[73.86406699663401,39.476512380686415],[73.59998985539313,39.4546844886346],[73.55071091575432,39.35305570090941],[73.54114500394208,39.26973417748576],[73.61709254620895,39.23945677883323],[73.6501384233785,39.16270709387679],[73.71333141656238,39.11341830537266],[73.73420249687999,39.02493319458192],[73.81449818087968,39.04042395668321],[73.8431959163164,38.95499005660939],[73.76753825016506,38.94301992225839],[73.69912748690177,38.85218772630077],[73.76434961289432,38.773325664694156],[73.75072543546476,38.72098566547311],[73.80522214518297,38.605039658230055],[73.89421411264834,38.577813470294444],[73.91769407800565,38.536504771357656],[74.0788651982361,38.54213777575812],[74.06292201188236,38.5872018109619],[74.13857967803371,38.67545221323596],[74.41773037728176,38.64846073381703],[74.63078932219071,38.605039658230055],[74.71340401511458,38.54448486092498],[74.78645279622621,38.538382439491144],[74.8600813295689,38.48557302323671],[74.86529909964831,38.41093571493046],[74.79109081407458,38.33629840662421],[74.82123793008891,38.09759984515421],[74.87457513534503,38.03094262641528],[74.92385407498382,38.02789141569836],[74.92559333167696,37.83308334684871],[75.00704852013875,37.77299796657701],[74.89283733062294,37.65986846153419],[74.94211627026174,37.55589258864214],[75.02936898103397,37.502613755354346],[75.07603903563307,37.51082855343837],[75.1514068256689,37.423047568197674],[75.11517231122859,37.316020484588705],[74.93284023456502,37.282222458185885],[74.91225903036293,37.238331965565536],[74.81428090331637,37.217677616097134],[74.74644989228413,37.28433483483606],[74.66644408439996,37.239505508148966],[74.524404787794,37.246312055132876],[74.46121179461011,37.14679564405786],[74.57426347966384,37.035309098631856],[74.70354822718681,37.09163914263658],[74.73630422824085,37.02826784313126],[74.84935591329457,37.056198156616944],[74.89515633954711,36.93720093865697],[74.93081110175636,36.98156084831068],[75.1696690209468,37.01606300026357],[75.17691592383487,36.984377350510925],[75.40620793121306,36.95433466037507],[75.45113872911904,36.725493856605894],[75.53520280262052,36.77313968549322],[75.64158733701724,36.77196614290979],[75.78739502312499,36.72103439478886],[75.94015973600528,36.603914844962375],[75.93291283311723,36.5708209441096],[76.00973000373065,36.475059869301575],[76.02973145570171,36.39455484807816],[75.98798929506648,36.35089906397451],[76.06277733287125,36.24434139739891],[76.00799074703752,36.22955476084766],[76.01349839323245,36.168061129475845],[75.93291283311723,36.13473252010638],[75.9662485864023,36.04155323898192],[76.09205482053902,36.022307140613634],[76.16220484049543,35.91082059518763],[76.14684140637274,35.835948578364686],[76.21032427567214,35.82397844401368],[76.35903072293512,35.85730705338314],[76.43149975181572,35.85143934046599],[76.5465805696781,35.919974227338386],[76.59383037650825,35.90166696303686],[76.56687189776467,35.822804901430246],[76.59209111981511,35.77163844479263],[76.6929680080169,35.74605521647382],[76.77210418755452,35.65428418644946],[76.84109470304884,35.668836114484016],[76.96197304322168,35.591382303977525],[77.06140055084585,35.595607057277874],[77.18894604167569,35.519092080838135],[77.30141797449838,35.54350176657351],[77.37910477345837,35.475201588217786],[77.5063603881727,35.482712260751754],[77.69014184541388,35.450322485449036],[77.81681770789716,35.52050033193825],[77.90291091420731,35.466517373100395],[78.0000194129073,35.49491710361944],[78.13771056778043,35.49186589290252],[78.01364359033686,35.36254150020835],[78.01016507695059,35.23392123306424],[78.05364649427895,35.18697952972697],[78.05857438824283,35.11539343213764],[78.11596985911626,35.10811746812036],[78.1203180008491,35.04474616861505],[78.19829467592461,34.96940473475874],[78.17597421502938,34.92856545285532],[78.23221018144073,34.87810312176775],[78.20873021608342,34.71732778783762],[78.25887878406878,34.70747003013679],[78.27453209430699,34.621566713029594],[78.5516536607464,34.56687962864167],[78.56034994421206,34.51735613162086],[78.70441837362668,34.52580563822157],[78.7525378088034,34.44858653623176],[78.86993763558996,34.401879541411176],[78.88935933532996,34.35751963175746],[78.95632071801563,34.38850115596006],[79.03545689755325,34.334283488605514],[79.00878829492518,34.40164483289449],[79.14097180360339,34.436616401880755],[79.48650413330606,34.44717828513164],[79.5453489847571,34.47792510081756],[79.62796367768098,34.44905595326513],[79.79203355906665,34.47956806043436],[79.9053751202359,34.685876846601644],[79.8963889606547,34.73399209252234],[79.9416096346762,34.81684419891262],[80.0349497438744,34.90485989267],[80.02828259321738,35.03981728976464],[80.11814418902932,35.06939056286711],[80.23467438746933,35.14989558409053],[80.2564150961335,35.204582668478444],[80.35526285152663,35.21303217507915],[80.27061902579409,35.293067779269194],[80.31323081477588,35.38648176891036],[80.3691769050717,35.38765531149379],[80.4390370489126,35.44727127473212],[80.51179595390872,35.39234948182751],[80.65963277282512,35.39305360737757],[80.68746087991528,35.33789710595629],[80.85674853138035,35.34235656777332],[81.0167601471487,35.31630392242114],[81.03038432457825,35.384369392260176],[81.09821533561049,35.40643199282869],[81.21358602958838,35.32475342902185],[81.36345198131346,35.35409199360764],[81.44055902804241,35.33343764413924],[81.51099892411435,35.23603360971441],[81.6930411246624,35.24025836301477],[81.79623702178837,35.27593405755109],[81.92900028269761,35.27335226386754],[82.04987862287045,35.34916311475723],[82.03103667536149,35.45478194726608],[82.1695974585812,35.48670230553542],[82.2681553378588,35.55218598169091],[82.31047725072507,35.54303234954014],[82.41251364338895,35.70967539638744],[82.6076002691355,35.698409387586494],[82.7316672465791,35.63808929879811],[82.79428048753192,35.690898715052526],[82.94965408545191,35.67916328921821],[82.98067082981281,35.60922015124569],[82.96878590907639,35.54232822399008],[83.11546322353071,35.40079898842822],[83.17778658836802,35.389532979627276],[83.23924032485877,35.424269840096855],[83.358669284454,35.37826697082633],[83.44795112803489,35.383195849676746],[83.61549952280681,35.336488854856164],[83.67956214433727,35.36394975130847],[83.8795766640477,35.36723567054207],[83.90189712494293,35.40431961617851],[84.0621986168268,35.41112616316242],[84.09234573284112,35.363480334275096],[84.17293129295635,35.35855145542468],[84.45121236385783,35.47449746266773],[84.44483508931634,35.551012439107474],[84.56890206675992,35.58950463584404],[84.72398578856439,35.61344490454604],[85.05270530356677,35.75309647197441],[85.1463352888805,35.74370813130696],[85.2811276825984,35.788068040960674],[85.37185890675691,35.700756472753355],[85.61245608264048,35.65381476941609],[85.65129948212048,35.731268579922585],[85.80899208896466,35.779853242876655],[85.9469731199533,35.7791491173266],[86.07828700028494,35.86223593223356],[86.14234962181538,35.99766274636157],[86.19655645541808,36.03239960683115],[86.18438165856614,36.13144660087278],[86.27656226330225,36.17228588277621],[86.36323522184344,36.163836376175496],[86.43773338353269,36.226972967164116],[86.49831749167687,36.19904265367845],[86.69804213527179,36.24504552294897],[86.7644237657264,36.298089647720076],[86.86095251219537,36.300436732886936],[86.89022999986312,36.26217924466707],[87.00241205657028,36.30207969250374],[87.14213234425208,36.293395477386355],[87.19662905397027,36.35324614914137],[87.29692618994102,36.357705610958405],[87.3601191831249,36.42107691046371],[87.45693780570937,36.41098444424621],[87.46302520413535,36.35981798760858],[87.56245271175952,36.34010247220694],[87.73029098264698,36.3851665074107],[87.78130917897892,36.376717000810004],[87.9676995212598,36.40722910797922],[87.96740964514429,36.43210821074797],[88.13640742049382,36.42952641706442],[88.23467542365591,36.467079779734235],[88.36338041894786,36.45839556461685],[88.4715042100377,36.481631707768784],[88.58455589509143,36.4609773583004],[88.61412325887471,36.39197305439461],[88.71442039484545,36.35559323430823],[88.78080202530008,36.292221934802924],[88.84312539013739,36.360052696125265],[88.92689958752335,36.36099153019201],[88.96864174815857,36.315223369438186],[89.09676699121947,36.283068302652154],[89.12720398334932,36.251382652899494],[89.2292403760132,36.29292606035298],[89.28576621854006,36.2358918907982],[89.36055425634483,36.23307538859797],[89.5130290931096,36.140834941540234],[89.70927522331826,36.09318911265291],[89.79102028789556,36.07136122060108],[89.94088623962062,36.067840592850786],[89.93566846954123,36.13121189235609],[90.00871725065286,36.1877766448775],[90.03857449055167,36.27579233863487],[90.14321976825525,36.23988193558186],[90.126986705786,36.208900411379275],[90.2356902491069,36.161489291008635],[90.4806355667233,36.13238543493952],[90.65659036884539,36.13567135417314],[90.7734104434009,36.08779081676913],[90.84008194997105,36.01831709582997],[90.92588528016567,36.03193018979778],[90.97371483922686,36.1053939555206],[91.08009937362358,36.0882602338025],[91.12329091483642,36.110792251404376],[91.09691218832387,36.21711520946329],[91.04821300091612,36.23964722706518],[91.06792457677165,36.301140858436995],[91.02531278778986,36.32320345900551],[91.05140163818686,36.429995834097795],[91.03284956679343,36.531624621822985],[90.73949493788479,36.585607580660835],[90.70934782187045,36.68348103211903],[90.7577571331627,36.82571439323095],[90.85225674682299,36.915138338088454],[90.99139728227374,36.91490362957177],[91.12966818937791,37.005266408496],[91.30417361092238,37.01254237251328],[91.27547587548565,37.163694657259285],[91.18851304082895,37.20523806471276],[91.19141180198417,37.273068826035114],[91.13169732218657,37.32540882525616],[91.07372209908209,37.47562227593542],[90.9522640066782,37.477734652585596],[90.8615327825197,37.53336057104026],[90.88211398672179,37.573261018876934],[90.78616499248389,37.64273473981609],[90.6490535898418,37.70258541157111],[90.51802958562568,37.73098514209015],[90.51484094835494,38.20720872244672],[90.52933475413106,38.31963410193947],[90.35975722655047,38.29991858653783],[90.3510609430848,38.2332613677989],[90.27888179031973,38.23795553813264],[90.13568298925168,38.34028845140787],[90.17713527377137,38.39685320392928],[90.12611707743943,38.3999044146462],[90.11104351943227,38.48205239548642],[90.29975287063733,38.50082907682133],[90.42150083915674,38.490971319120504],[90.4559960969039,38.549883156808775],[90.60963043813075,38.59635544311267],[90.62122548275165,38.6662985810852],[90.72152261872239,38.65714494893443],[90.99313653896687,38.69352476902081],[91.28649116787551,38.7451606426918],[91.44737241199043,38.81322611253084],[91.7111596771158,38.868852030985494],[91.8769688151946,38.88246512495331],[91.96306202150474,38.93058037087401],[92.17293232914295,38.9615618950766],[92.25612677429787,39.00099292587991],[92.37787474281727,38.998176423679666],[92.40686235436951,39.037372745966294],[92.35584415803757,39.06366009983516],[92.33845159110622,39.23734440218304],[92.52513180950264,39.36925058856076],[92.6387632467874,39.513831034839555],[92.74427815283755,39.86753676948585],[92.79529634916949,40.15317703429312],[92.90573914918352,40.31019703195628],[92.9274798578477,40.57189702806154],[93.50491307996828,40.64747317043454],[93.7591344332814,40.66390276660259],[93.81971854142557,40.79275774226339],[93.80609436399602,40.87607926568704],[94.00929752097721,41.11360428457361],[94.18264343805959,41.26710365448646],[94.53310366172614,41.504628673373034],[94.7487714916748,41.536783740159066],[94.86095354838196,41.66704696691998],[95.13575610589717,41.77125754832872],[95.29634747389657,41.56494876216142],[95.33837951064731,41.649209119651815],[95.5699905269497,41.79378956593061],[95.67666493746194,41.8280570093668],[95.85696788131685,41.849180775868575],[96.03350243566997,41.92053216494122],[96.11205886297654,41.98014812817955],[96.13785783725804,42.05243835131894],[96.07611422465177,42.14796471761028],[96.1775708650846,42.216264895966006],[96.040169586327,42.32493493919178],[96.06509893226192,42.41271592443246],[95.97784622148968,42.43524794203435],[96.02248714328013,42.5392238149264],[96.15698966088252,42.618085876533016],[96.3848322876831,42.72534766865867]]]}},{"type":"Feature","properties":{"adcode":"710000","name":"台湾省"},"geometry":{"type":"MultiPolygon","coordinates":[[[[121.51187373339388,22.08109066647873],[121.57158821319149,22.00363685597224],[121.56781982368972,22.085784836812458],[121.51187373339388,22.08109066647873]]],[[[120.360485802539,22.322136313115596],[120.38802403351363,22.343964205167424],[120.36106555477005,22.346545998850974],[120.360485802539,22.322136313115596]]],[[[120.27178371118916,22.61340958232334],[120.26279755160796,22.61387899935671],[120.30164095108796,22.567406713052815],[120.27178371118916,22.61340958232334]]],[[[121.49245203365389,22.675607339245218],[121.47274045779837,22.647442317242856],[121.50520658273688,22.63617630844191],[121.49245203365389,22.675607339245218]]],[[[119.4433177730262,23.204640335856215],[119.41085164808769,23.2152022191071],[119.42302644493964,23.19220078447184],[119.4433177730262,23.204640335856215]]],[[[119.3462092743262,23.3079120831982],[119.33606361028292,23.327627598599854],[119.31548240608083,23.324811096399618],[119.3462092743262,23.3079120831982]]],[[[119.49810435885993,23.390294772555105],[119.49056757985635,23.353210826918666],[119.50825002290321,23.358843831319138],[119.49810435885993,23.390294772555105]]],[[[120.09553903295155,23.51539441194892],[119.99987991482917,23.467983291578282],[120.06278303189752,23.480422842962657],[120.09553903295155,23.51539441194892]]],[[[119.56738475046978,23.575245083703937],[119.57434177724232,23.50764903089827],[119.64304241662111,23.55905019605258],[119.6557969657041,23.60716544197328],[119.56738475046978,23.575245083703937]]],[[[119.52274382867932,23.64213701095954],[119.50216262447725,23.630636293641913],[119.50332212893933,23.57876571145423],[119.52274382867932,23.64213701095954]]],[[[119.58767607855634,23.672883826645453],[119.59579260979098,23.635330463975638],[119.60999653945157,23.648239432393385],[119.58767607855634,23.672883826645453]]],[[[120.16539917679245,23.71794786184923],[120.15641301721125,23.73836750280094],[120.15351425605603,23.717478444815857],[120.16539917679245,23.71794786184923]]],[[[119.62217133630351,23.743531090168037],[119.60999653945157,23.755970641552416],[119.59782174259962,23.741418713517863],[119.62217133630351,23.743531090168037]]],[[[120.39874944978796,24.0585099195611],[120.41933065399004,24.0859708160134],[120.37903787393243,24.085266690463342],[120.3657035726184,24.060387587694592],[120.39874944978796,24.0585099195611]]],[[[121.96205134080014,24.835629818309553],[121.95567406625865,24.849712329310734],[121.94233976494462,24.83774219495973],[121.96205134080014,24.835629818309553]]],[[[121.6339115780288,25.239797884043423],[121.61854814390612,25.276647121163176],[121.53332456594254,25.29542380249808],[121.45128962524971,25.248482099160817],[121.41679436750255,25.169150620520835],[121.33533917904076,25.12526012790049],[121.25910176065838,25.12150479163351],[121.05705810813927,25.040999770410096],[120.90777190864526,24.820843181758313],[120.91183017426258,24.765686680337026],[120.82892560522316,24.67321152476261],[120.7231208230575,24.60538076344026],[120.68746606084824,24.5239369081501],[120.52774432119541,24.313403368682458],[120.4886110455999,24.20520274249006],[120.379907502279,24.094655031130795],[120.43440421199722,24.08996086079707],[120.40744573325364,24.056632251427608],[120.37150109492885,24.039733238226194],[120.2451151085611,23.823331985841392],[120.1738055841426,23.80033055120613],[120.17641446918229,23.698701763480948],[120.1439483442438,23.64941297497682],[120.16337004398379,23.392876566238655],[120.09669853741363,23.287492442246492],[120.0688704303235,23.184690111937876],[120.08394398833065,23.123900606116116],[120.03872331430917,23.06358051732773],[120.17351570802707,22.97134007027],[120.19699567338438,22.849761058626477],[120.2488834980629,22.730294423633133],[120.2503328786405,22.656595949393623],[120.32512091644527,22.530322767416376],[120.58484991595333,22.372129227169786],[120.6364478645163,22.312747972448143],[120.71761317686257,22.094469051929853],[120.68572680415511,22.027107707640873],[120.73935388552675,21.919845915515218],[120.76602248815482,21.959276946318525],[120.85994234958406,21.89684448087996],[120.84544854380795,21.98767667683757],[120.89936550129511,22.03367954610809],[120.89095909394496,22.307584385081043],[120.97647254802405,22.55379361908501],[121.03415789501301,22.66715783264451],[121.12633849974912,22.718558997798816],[121.19996703309181,22.798594601988857],[121.40172080949539,23.12953361051659],[121.39737266776255,23.20745683805645],[121.46578343102584,23.322464011232753],[121.51448261843359,23.488872349563366],[121.5495576284118,23.71794786184923],[121.61130124101807,23.93364498868397],[121.64695600322732,24.009455839573658],[121.61883802002166,24.087848484146893],[121.66347894181209,24.136198438584277],[121.67478411031746,24.208488661723667],[121.74087586465657,24.258716284294543],[121.791604184873,24.41385861382421],[121.87363912556582,24.534498791400985],[121.81856266361658,24.793147576789327],[121.8356653544324,24.869662553229073],[121.92668645470641,24.969413672820764],[122.00263399697327,25.00297699070691],[121.95016642006372,25.01964129539164],[121.92059905628045,25.113289993549486],[121.70667048302494,25.166099409803913],[121.6339115780288,25.239797884043423]]],[[[122.11800469095118,25.498211960915075],[122.09336522113179,25.502671422732117],[122.10640964633029,25.4686386878126],[122.11800469095118,25.498211960915075]]],[[[122.0884373271679,25.641853573127115],[122.06263835288641,25.62730164509256],[122.08292968097297,25.61321913409138],[122.0884373271679,25.641853573127115]]],[[[123.50448215149473,25.725879222100822],[123.50796066488098,25.758034288886847],[123.44128915831084,25.752635993003064],[123.50448215149473,25.725879222100822]]],[[[123.5430356748592,25.777515095771815],[123.53752802866427,25.790189355672876],[123.52970137354517,25.780096889455365],[123.5430356748592,25.777515095771815]]],[[[123.70275741451204,25.91810549726693],[123.68536484758067,25.94298460003568],[123.66275451056994,25.917166663200184],[123.70275741451204,25.91810549726693]]],[[[124.5807921684293,25.912003075833084],[124.56281984926693,25.944627559652485],[124.53876013167857,25.90707419698267],[124.5807921684293,25.912003075833084]]]]}},{"type":"Feature","properties":{"adcode":"810000","name":"香港特别行政区"},"geometry":{"type":"MultiPolygon","coordinates":[[[[114.22670719808548,22.543701152867495],[114.14757101854786,22.54158877621732],[114.04379536919086,22.50427012206419],[113.91422074555236,22.420948598640543],[113.93712095867863,22.35922025875204],[114.11075675187652,22.366496222769314],[114.1698914794431,22.29303245704649],[114.19656008207116,22.320258644982104],[114.27395700491563,22.262520349877267],[114.28555204953652,22.39560007883842],[114.34439690098756,22.347484832917722],[114.39773410624369,22.436204652225154],[114.3214966878613,22.48056456187887],[114.28555204953652,22.424703934907523],[114.17829788679325,22.44488886734255],[114.30700288208519,22.483146355562422],[114.22670719808548,22.543701152867495]]],[[[114.04785363480818,22.346311290334288],[113.93277281694579,22.281531739728862],[113.89711805473654,22.291154788913],[113.84204159278728,22.208302682522724],[113.97335547311891,22.24069245782544],[113.98697965054848,22.21229272730639],[114.04785363480818,22.346311290334288]]],[[[114.21482227734907,22.224262861657394],[114.25569480963772,22.212762144339763],[114.23482372932011,22.28411353341241],[114.1388747350822,22.290215954846254],[114.1377152306201,22.248437838876086],[114.17887763902428,22.244213085575733],[114.21482227734907,22.224262861657394]]],[[[114.12119229203533,22.233885910841536],[114.11829353088011,22.180137660520366],[114.13162783219414,22.206190305872546],[114.12119229203533,22.233885910841536]]],[[[113.89566867415893,22.29373658259655],[113.93393232140788,22.29045066336294],[113.93335256917683,22.323779272732402],[113.89566867415893,22.29373658259655]]],[[[114.10756811460578,22.363210303535705],[114.07887037916908,22.358516133201977],[114.09191480436758,22.326126357899263],[114.10756811460578,22.363210303535705]]],[[[114.30555350150757,22.37564985492008],[114.3035243686989,22.351709586218075],[114.32729421017174,22.351005460668016],[114.30555350150757,22.37564985492008]]],[[[114.03306995291653,22.215813355056685],[114.0171267665628,22.20102671850545],[114.03364970514758,22.20337380367231],[114.03306995291653,22.215813355056685]]],[[[114.27395700491563,22.16488160693575],[114.2643910931034,22.180372369037052],[114.24989728732727,22.1658204410025],[114.27395700491563,22.16488160693575]]],[[[114.29569771357981,22.258765013610287],[114.28033427945712,22.245151919642478],[114.2983065986195,22.247733713326028],[114.29569771357981,22.258765013610287]]],[[[114.16264457655504,22.228957031991122],[114.15945593928429,22.245151919642478],[114.14525200962369,22.24491721112579],[114.16264457655504,22.228957031991122]]],[[[114.35976033511025,22.48643227479603],[114.35802107841712,22.46671675939438],[114.36671736188279,22.472819180828225],[114.35976033511025,22.48643227479603]]],[[[114.32613470570965,22.340678285933816],[114.31569916555085,22.338096492250266],[114.33048284744248,22.328004026032755],[114.32613470570965,22.340678285933816]]]]}},{"type":"Feature","properties":{"adcode":"820000","name":"澳门特别行政区"},"geometry":{"type":"MultiPolygon","coordinates":[[[[113.57332643369804,22.1658204410025],[113.55013634445625,22.112072190681328],[113.59245825732252,22.129205912399428],[113.57332643369804,22.1658204410025]]],[[[113.553324981727,22.21557864654],[113.53477291033357,22.20736384845598],[113.53158427306282,22.179433534970304],[113.5585427518064,22.187178916020954],[113.553324981727,22.21557864654]]]]}},{"type":"Feature","properties":{"adcode":"100000_JD","name":"南海诸岛"},"geometry":{"type":"MultiPolygon","coordinates":[[[[122.51865306,23.46078502],[122.79861399,24.57367379],[122.77921829,24.57855302],[122.49925737,23.46566424],[122.51865306,23.46078502]]],[[[121.17202617,20.8054593],[121.90938804,21.68743347],[121.89404403,21.70026162],[121.15668216,20.81828744],[121.17202617,20.8054593]]],[[[119.47366172,18.00707291],[120.02569734,19.02403788],[120.00812005,19.0335793],[119.45608443,18.01661433],[119.47366172,18.00707291]]],[[[119.0726757,15.04098494],[119.0526757,16.04388528],[119.0521839,15.00781004],[119.0726757,15.04098494]]],[[[118.68646749,11.18959191],[118.52518702,10.91547751],[118.70409227,11.18010771],[118.98894963,11.98573108],[118.68646749,11.18959191]]],[[[115.54466883,7.14672265],[116.2504858,7.979279],[116.23523025,7.99221221],[115.52941328,7.15965587],[115.54466883,7.14672265]]],[[[112.30705249,3.53487257],[111.79132585,3.39736822],[112.52147408,3.5785908],[112.85206367,3.73256867],[112.30705249,3.53487257]]],[[[108.26055972,6.08912451],[108.29013305,6.01266273],[108.21679964,6.53816468],[108.24433543,7.07703297],[108.19897125,6.95268198],[108.19679674,6.53760583],[108.26055972,6.08912451]]],[[[110.12822847,11.36894451],[110.07246741,11.24270688],[110.25854422,11.60358735],[110.32822801,11.94571326],[110.33227398,12.24038351],[110.28485499,11.78705054],[110.12822847,11.36894451]]],[[[109.82951587,15.22896754],[109.8648092,15.15722425],[109.78974541,15.45068337],[109.69066131,15.67432448],[109.30888011,16.20725797],[109.67264555,15.66561455],[109.82951587,15.22896754]]]]}}]}