{"type":"FeatureCollection","features":[{"type":"Feature","properties":{"adcode":"440000","name":"广东省"},"geometry":{"type":"MultiPolygon","coordinates":[[[[110.59021132885724,20.37851508643606],[110.59224046166591,20.371943247968844],[110.56296297399814,20.333451051232284],[110.55368693830142,20.333451051232284],[110.56702123961546,20.354574817734054],[110.573978266388,20.371473830935468],[110.59021132885724,20.37851508643606]]],[[[110.41251727004203,20.612988894605706],[110.42150342962321,20.604539388005],[110.41715528789038,20.59163041958725],[110.4081691283092,20.610876517955532],[110.41251727004203,20.612988894605706]]],[[[110.36236870205666,20.682932032578236],[110.37193461386889,20.673308983394097],[110.36787634825158,20.666737144926877],[110.34903440074262,20.68269732406155],[110.36236870205666,20.682932032578236]]],[[[116.72225067661763,20.708045843863673],[116.72630894223495,20.69795337764616],[116.7063074902639,20.705464050180122],[116.71181513645882,20.710627637547223],[116.72225067661763,20.708045843863673]]],[[[110.42672119970263,20.703586382046634],[110.42990983697337,20.680819655928058],[110.4200540490456,20.68903445401208],[110.41193751781098,20.679646113344628],[110.40237160599875,20.68199319851149],[110.399182968728,20.691381539178945],[110.40845900442471,20.709219386447106],[110.41773504012143,20.710392929030537],[110.42672119970263,20.703586382046634]]],[[[116.76515234171495,20.77423364556922],[116.81559078581584,20.782917860686613],[116.84109988398181,20.781040192553125],[116.85588356587346,20.78244844365324],[116.88168254015494,20.77822369035289],[116.90255362047256,20.764845304901765],[116.90777139055196,20.758508174951235],[116.9213955679815,20.72940431888213],[116.92951209921614,20.678941987794566],[116.92748296640748,20.668849521577055],[116.91327903674687,20.63974566550795],[116.90052448766389,20.621907818239787],[116.88284204461704,20.606651764655176],[116.85878232702868,20.59163041958725],[116.82138830812629,20.586232123703464],[116.79153106822748,20.585058581120034],[116.76602197006152,20.59045687700382],[116.74515088974391,20.603365845421568],[116.74428126139733,20.6148665627392],[116.7541370493251,20.620968984173043],[116.78747280261017,20.615570688289257],[116.82370731705046,20.622377235273163],[116.84457839736808,20.630826741873868],[116.87037737164957,20.653358759475758],[116.88574080577226,20.685748534778472],[116.88400154907913,20.716730058981067],[116.87675464619106,20.736210865866035],[116.86834823884092,20.74090503619976],[116.82689595432122,20.744190955433368],[116.80544512177255,20.74090503619976],[116.79327032492063,20.74794629170035],[116.7645725894839,20.746303332083546],[116.75645605824928,20.752875170550762],[116.76544221783047,20.760620551601413],[116.76515234171495,20.77423364556922]]],[[[110.59166070943485,20.94909149050054],[110.6090532763662,20.940876692416516],[110.63050410891486,20.9394684413164],[110.63717125957187,20.93101893471569],[110.63514212676321,20.916232298164452],[110.62238757768023,20.9120075448641],[110.62267745379575,20.90050682754647],[110.61601030313874,20.887597859128718],[110.60876340025068,20.887832567645404],[110.6049950107489,20.87468889071097],[110.5907910810883,20.867882343727068],[110.56180346953604,20.871168262960676],[110.56180346953604,20.890414361328954],[110.5548464427635,20.88830198467878],[110.54904892045306,20.90308862123002],[110.56296297399814,20.910129876730608],[110.56441235457575,20.917405840747882],[110.57513777085009,20.922569428114983],[110.5791960364674,20.937121356149536],[110.59166070943485,20.94909149050054]]],[[[110.24525875138562,20.96434754408515],[110.20380646686591,20.94439732016681],[110.20032795347964,20.94650969681699],[110.20322671463487,20.972562342169173],[110.2087343608298,20.982654808386684],[110.22525729941458,20.974205301785975],[110.2449688752701,20.972327633652487],[110.24525875138562,20.96434754408515]]],[[[115.92712049173974,20.99579848532112],[115.9392952885917,21.00166619823828],[115.94973082875049,21.002370323788337],[115.98277670592005,20.969276422935565],[115.9964008833496,20.95096915863403],[115.99437175054095,20.92538593031522],[115.982196953689,20.92280413663167],[115.9653841389887,20.92210001108161],[115.94886120040394,20.93101893471569],[115.93494714685886,20.94838736495048],[115.92683061562423,20.966694629252014],[115.92248247389139,20.98429776800349],[115.92712049173974,20.99579848532112]]],[[[110.44353401440293,21.055649157076136],[110.44266438605635,21.063159829610097],[110.43135921755098,21.063159829610097],[110.42092367739218,21.07137462769412],[110.42759082804919,21.078650591711394],[110.44817203225128,21.062690412576725],[110.46875323645337,21.061986287026667],[110.51020552097307,21.077477049127964],[110.52411957451815,21.075364672477786],[110.53194622963724,21.06926225104394],[110.541802017565,21.06879283401057],[110.55020842491516,21.061986287026667],[110.54615015929784,21.035933641674482],[110.5299170968286,20.994624942737687],[110.52643858344231,20.97655238695284],[110.52817784013546,20.932427185815808],[110.52324994617157,20.92538593031522],[110.50614725535576,20.92585534734859],[110.4977408480056,20.94322377758338],[110.50121936139188,20.95026503308397],[110.46730385587576,20.996267902354493],[110.45657843960143,20.99838027900467],[110.43396810259068,20.99509435977106],[110.40845900442471,21.00283974082171],[110.38526891518293,20.994390234221],[110.36004969313248,20.99697202790455],[110.34584576347189,20.995329068287745],[110.30584285952979,20.972327633652487],[110.25453478708233,20.958949248201364],[110.2554044154289,20.97467471881935],[110.27395648682233,20.996033193837807],[110.28149326582592,21.01551400072277],[110.29743645217965,21.032647722440874],[110.31598852357308,21.02654530100703],[110.31656827580412,21.05142440377578],[110.32062654142143,21.054475614492702],[110.31482901911099,21.068558125493883],[110.32236579811456,21.07395642137767],[110.36729659602054,21.07325229582761],[110.37860176452591,21.08733480682879],[110.39628420757278,21.09437606232938],[110.40729949996262,21.09508018787944],[110.42295281020083,21.082640636495064],[110.41309702227306,21.07137462769412],[110.41773504012143,21.058230950759686],[110.43164909366651,21.0528326548759],[110.44353401440293,21.055649157076136]]],[[[110.42295281020083,21.103529694480148],[110.41947429681457,21.098600815629734],[110.39541457922621,21.10728503074713],[110.40932863277129,21.112683326630915],[110.42295281020083,21.103529694480148]]],[[[116.03930254844691,21.11244861811423],[116.05292672587646,21.08991660051234],[116.0610432571111,21.067149874393767],[116.06278251380422,21.042740188658385],[116.05060771695229,21.029831220240638],[116.03553415894513,21.02278996474005],[116.01234406970333,21.025606466940285],[115.9848058387287,21.03804601832466],[115.94886120040394,21.066915165877077],[115.93987504082273,21.085222430178614],[115.93900541247618,21.100009066729854],[115.94567256313319,21.113152743664287],[115.96074612114035,21.12629642059872],[115.99582113111856,21.129347631315643],[116.01988084870692,21.126531129115406],[116.03930254844691,21.11244861811423]]],[[[110.44121500547874,21.164319200301907],[110.43715673986142,21.150940814850788],[110.41918442069904,21.152818482984276],[110.42411231466292,21.164553908818593],[110.44121500547874,21.164319200301907]]],[[[110.5339753624459,21.11362216069766],[110.52904746848202,21.11995929064819],[110.51948155666979,21.11737749696464],[110.51136502543517,21.147889604133866],[110.50179911362292,21.145777227483688],[110.49368258238829,21.155400276667827],[110.48411667057606,21.14413426786688],[110.45860757241009,21.15399202556771],[110.45049104117547,21.164553908818593],[110.45049104117547,21.171595164319186],[110.43077946531994,21.170186913219066],[110.43077946531994,21.1833305901535],[110.45049104117547,21.18473884125362],[110.46469497083606,21.193188347854328],[110.46324559025845,21.203046105555153],[110.47860902438113,21.200933728904975],[110.49165344957964,21.213138571772664],[110.4977408480056,21.213138571772664],[110.50701688370232,21.202341980005095],[110.51513341493694,21.1833305901535],[110.53194622963724,21.194596598954444],[110.5429615220271,21.194361890437758],[110.55397681441696,21.20140314593835],[110.57890616035186,21.201872562971722],[110.58325430208471,21.194596598954444],[110.60151649736261,21.19811722670474],[110.61224191363695,21.209148526988997],[110.62006856875605,21.20961794402237],[110.62035844487157,21.194127181921072],[110.59948736455397,21.16478861733528],[110.5765871514277,21.105642071130323],[110.56818074407755,21.09508018787944],[110.54499065483576,21.090855434579087],[110.53310573409934,21.092263685679203],[110.5339753624459,21.11362216069766]]],[[[112.88834917271866,21.614724843822984],[112.89965434122404,21.60744887980571],[112.88660991602552,21.598999373205],[112.87385536694254,21.602520000955295],[112.86544895959238,21.61308188420618],[112.87646425198224,21.616837220473162],[112.88834917271866,21.614724843822984]]],[[[111.83667862560347,21.60228529243861],[111.84334577626049,21.602050583921923],[111.85291168807272,21.61120421607269],[111.85552057311243,21.62082726525683],[111.84827367022436,21.636318027358126],[111.83464949279482,21.639369238075048],[111.83899763452766,21.651104663909365],[111.85204205972616,21.6522782064928],[111.87552202508347,21.643359282858718],[111.89175508755272,21.645236950992206],[111.92277183191362,21.665891300460604],[111.93059848703273,21.658380627926643],[111.93900489438286,21.64453282544215],[111.94944043454169,21.64969641280925],[111.96306461197122,21.64969641280925],[111.9691520103972,21.644767533958834],[111.9833559400578,21.65603354275978],[111.99321172798555,21.65532941720972],[112.00480677260646,21.646645202092326],[112.01669169334286,21.64500224247552],[112.01930057838257,21.636787444391498],[112.0079954098772,21.621766099323573],[111.99611048914079,21.623643767457065],[111.9665431253575,21.60979596497257],[111.94741130173301,21.60744887980571],[111.94103402719153,21.614020718272926],[111.9172641857187,21.60744887980571],[111.89842223820975,21.596652288038136],[111.86334722823153,21.568017849002402],[111.84885342245542,21.572477310819444],[111.80769101405124,21.556986548718147],[111.80914039462886,21.572242602302758],[111.83030135106198,21.582569777036955],[111.82595320932914,21.591723409187722],[111.83667862560347,21.60228529243861]]],[[[112.46049202620763,21.672697847444507],[112.45411475166614,21.665656591943918],[112.4509261143954,21.652043497976113],[112.44078045035211,21.6522782064928],[112.43208416688643,21.658850044960015],[112.43179429077091,21.666360717493976],[112.4459982204315,21.674810224094685],[112.45962239786107,21.68983156916261],[112.46049202620763,21.672697847444507]]],[[[111.79870485447003,21.70015874389681],[111.80392262454944,21.691709237296102],[111.79725547389242,21.68020851997847],[111.7902984471199,21.678800268878355],[111.78826931431124,21.694056322462966],[111.79870485447003,21.70015874389681]]],[[[112.66108629814912,21.687484483995746],[112.65325964303001,21.686780358445688],[112.63441769552105,21.67762672629492],[112.63151893436583,21.654390583142973],[112.64311397898672,21.644767533958834],[112.65557865195419,21.644767533958834],[112.65152038633687,21.634675067741323],[112.62919992544165,21.635848610324754],[112.62775054486404,21.625756144107243],[112.60861872123957,21.616602511956476],[112.57847160522525,21.616837220473162],[112.5715145784527,21.62387847597375],[112.53759907293659,21.60979596497257],[112.53846870128315,21.597356413588194],[112.52716353277778,21.59759112210488],[112.53325093120375,21.61284717568949],[112.52629390443121,21.61754134602322],[112.53933832962971,21.635848610324754],[112.55499163986792,21.636318027358126],[112.56832594118195,21.6471146191257],[112.56861581729748,21.656972376826523],[112.55615114433002,21.662135964193624],[112.58455900365121,21.675514349644743],[112.58745776480643,21.694056322462966],[112.60398070339122,21.70391408016379],[112.61905426139836,21.705791748297283],[112.64485323567986,21.717057757098225],[112.65354951914554,21.708842959014206],[112.66456481153539,21.699219909830063],[112.66108629814912,21.687484483995746]]],[[[112.79008116955657,21.57740618966986],[112.78341401889955,21.57740618966986],[112.7709493459321,21.56895668306915],[112.75906442519567,21.576936772636483],[112.77152909816314,21.589845741054233],[112.76689108031479,21.59524403693802],[112.7526871506542,21.58609040478725],[112.7489187611524,21.593601077321214],[112.75500615957836,21.609561256455883],[112.74573012388166,21.610969507556003],[112.73123631810553,21.60604062870559],[112.72746792860374,21.615663677889728],[112.74399086718851,21.63537919329138],[112.7477592566903,21.650400538359307],[112.7619631863509,21.6522782064928],[112.77587723989598,21.64828816170913],[112.78341401889955,21.667299551560724],[112.7735582309718,21.678096143328293],[112.75877454908016,21.687953901029122],[112.74833900892135,21.686545649929002],[112.74080222991776,21.672932555961196],[112.72949706141239,21.67011605376096],[112.72282991075538,21.679973811461785],[112.70514746770851,21.684198564762138],[112.7126842467121,21.69875049279669],[112.704857591593,21.7020364120303],[112.72311978687091,21.715180088964736],[112.72109065406224,21.720578384848523],[112.7373237165315,21.72879318293254],[112.75384665511628,21.732313810682836],[112.75558591180942,21.71823129968166],[112.76805058477687,21.724099012598817],[112.77123922204763,21.7346608958497],[112.78109500997539,21.742640985417037],[112.77268860262524,21.75202932608449],[112.77500761154941,21.76165237526863],[112.79616856798253,21.757897039001648],[112.80138633806195,21.769632464835965],[112.80892311706552,21.766346545602357],[112.83124357796075,21.778551388470046],[112.84950577323866,21.772918384069573],[112.86805784463209,21.76986717335265],[112.87240598636492,21.760244124168512],[112.86023118951299,21.745222779100587],[112.84718676431447,21.74099802580023],[112.8266055601124,21.742875693933723],[112.81906878110881,21.733722061782956],[112.80573447979478,21.707904124947458],[112.79935720525329,21.691005111746044],[112.79935720525329,21.680443228495157],[112.80805348871897,21.67645318371149],[112.80834336483449,21.666595426010662],[112.81588014383806,21.658380627926643],[112.79790782467568,21.642185740275284],[112.78834191286344,21.622939641907006],[112.79211030236523,21.610734799039317],[112.80573447979478,21.60017291578843],[112.81037249764314,21.591019283637664],[112.79008116955657,21.57740618966986]]],[[[113.16576061527357,21.874781880311442],[113.16692011973566,21.867505916294167],[113.17909491658762,21.863515871510497],[113.18982033286193,21.873843046244698],[113.19706723574998,21.86586295667736],[113.17996454493417,21.856709324526594],[113.16141247354074,21.859291118210145],[113.14749841999566,21.851076320126122],[113.13648312760581,21.836993809124944],[113.1309754814109,21.852719279742928],[113.13213498587298,21.871495961077834],[113.14546928718701,21.86539353964399],[113.16576061527357,21.874781880311442]]],[[[113.01067689346911,21.867036499260795],[113.00400974281209,21.870791835527776],[113.01908330081926,21.881119010261973],[113.03879487667477,21.88463963801227],[113.04459239898523,21.87055712701109],[113.03879487667477,21.85764815859334],[113.02459094701418,21.85788286711003],[113.01618453966404,21.852953988259614],[113.01067689346911,21.867036499260795]]],[[[113.12111969348314,21.900130400113568],[113.12314882629178,21.912569951497943],[113.1309754814109,21.916090579248237],[113.13387424256612,21.933693717999713],[113.14459965884043,21.940030847950243],[113.1518465617285,21.93181604986622],[113.15068705726641,21.92289712623214],[113.13329449033506,21.912569951497943],[113.12111969348314,21.900130400113568]]],[[[113.72377213765415,21.95692986115166],[113.73681656285265,21.953643941918052],[113.7463824746649,21.94284735015048],[113.7385558195458,21.932050758382907],[113.72290250930759,21.925713628432376],[113.71507585418848,21.926652462499124],[113.71188721691775,21.938622596850127],[113.7127568452643,21.953409233401366],[113.72377213765415,21.95692986115166]]],[[[113.7011618006434,21.948949771584324],[113.67884133974819,21.94167380756705],[113.6776818352861,21.95176627378456],[113.68608824263625,21.96397111665225],[113.70174155287445,21.959746363351897],[113.7011618006434,21.948949771584324]]],[[[113.77247132506191,21.99471793233816],[113.77305107729296,21.98016600430361],[113.7605864043255,21.96537936775237],[113.75391925366847,21.967491744402544],[113.73826594343026,21.994248515304786],[113.77247132506191,21.99471793233816]]],[[[114.16815222274997,21.996126183438278],[114.16235470043952,21.986737842770825],[114.15017990358757,21.982747797987155],[114.13713547838907,21.98697255128751],[114.16496358547921,22.00175918783875],[114.16815222274997,21.996126183438278]]],[[[114.18322578075713,22.012321071089634],[114.21163364007832,22.01138223702289],[114.21801091461981,22.00762690075591],[114.2101842595007,21.996360891954964],[114.1777181345622,21.99284026420467],[114.17539912563802,22.002698021905495],[114.18322578075713,22.012321071089634]]],[[[113.71710498699714,22.02922008429105],[113.7243518898852,22.01912761807354],[113.71188721691775,22.01067811147283],[113.7011618006434,22.01067811147283],[113.69565415444848,22.03039362687448],[113.70782895130043,22.03250600352466],[113.71710498699714,22.02922008429105]]],[[[114.22409831304577,22.030863043907857],[114.24873778286519,22.039547259025248],[114.27772539441742,22.051986810409627],[114.29917622696607,22.052456227443],[114.30149523589026,22.063018110693882],[114.31569916555085,22.06630402992749],[114.30236486423682,22.044241429358976],[114.29192932407801,22.03884313347519],[114.27888489887951,22.039312550508562],[114.26178220806369,22.030863043907857],[114.25453530517564,22.03133246094123],[114.23163509204936,22.024291205440637],[114.22409831304577,22.030863043907857]]],[[[114.04147636026667,22.1125416077147],[114.0481435109237,22.104561518147364],[114.04872326315474,22.090948424179558],[114.02988131564578,22.094234343413166],[114.02321416498877,22.100102056330325],[114.03249020068549,22.110429231064522],[114.04147636026667,22.1125416077147]]],[[[113.89103065631056,22.11324573326476],[113.88175462061385,22.115592818431622],[113.88552301011563,22.124981159099075],[113.89827755919862,22.121695239865467],[113.89103065631056,22.11324573326476]]],[[[113.83247568097505,22.133195957183098],[113.82348952139385,22.12099111431541],[113.81595274239027,22.12404232503233],[113.81334385735056,22.136012459383334],[113.81827175131446,22.14704375966759],[113.83102630039744,22.14258429785055],[113.83247568097505,22.133195957183098]]],[[[113.58086321270162,22.204077929222372],[113.57158717700491,22.204077929222372],[113.572746681467,22.214639812473255],[113.58521135443445,22.212527435823077],[113.58086321270162,22.204077929222372]]],[[[113.80174881272967,22.420713890123857],[113.80667670669355,22.422826266774035],[113.81769199908341,22.408743755772853],[113.80580707834699,22.402406625822323],[113.78667525472251,22.42118330715723],[113.80174881272967,22.420713890123857]]],[[[113.65246261323566,22.437612903325274],[113.6594196400082,22.417193262373562],[113.64666509092521,22.411090840939718],[113.64492583423207,22.39747774697191],[113.63304091349565,22.39630420438848],[113.6246345061455,22.387385280754398],[113.61303946152461,22.39301828515487],[113.6092710720228,22.404753710989187],[113.61303946152461,22.426112186007643],[113.62956240010938,22.426581603041015],[113.6388384358061,22.438551737392018],[113.65246261323566,22.437612903325274]]],[[[114.63311351204786,22.472819180828225],[114.6377515298962,22.468125010494497],[114.64963645063263,22.47000267862799],[114.64702756559294,22.457328418726924],[114.62122859131144,22.455920167626807],[114.62180834354248,22.471880346761477],[114.63311351204786,22.472819180828225]]],[[[113.63680930299745,22.71832428928213],[113.64579546257863,22.710109491198107],[113.67101468462909,22.669974334844746],[113.68116034867236,22.6483811513096],[113.69565415444848,22.582897475154112],[113.68956675602251,22.580550389987252],[113.67275394132221,22.602143573522394],[113.66782604735833,22.612705456773277],[113.6594196400082,22.64274814690913],[113.65478162215983,22.650258819443092],[113.61912685995057,22.687108056562845],[113.59129875286042,22.704007069764263],[113.58260246939476,22.721610208515738],[113.59419751401566,22.721610208515738],[113.60869131979177,22.71503837004852],[113.62666363895416,22.727477921432897],[113.63680930299745,22.71832428928213]]],[[[114.94646959292754,22.731467966216563],[114.94965823019828,22.728651464016327],[114.94559996458098,22.71128303378154],[114.92907702599621,22.72090608296568],[114.92791752153411,22.727712629949583],[114.93632392888426,22.735223302483547],[114.94646959292754,22.731467966216563]]],[[[117.13039624727314,23.440757103642667],[117.13416463677493,23.429960511875095],[117.13068612338867,23.424092798957936],[117.13996215908537,23.416582126423975],[117.13735327404568,23.403203740972852],[117.12112021157643,23.392407149205283],[117.11242392811076,23.403203740972852],[117.10053900737434,23.399213696189186],[117.09706049398807,23.408836745373325],[117.0753197853239,23.412122664606933],[117.0469119260027,23.40343844948954],[117.03357762468866,23.407193785756522],[117.02198258006777,23.418225086040778],[116.99270509240002,23.420337462690956],[116.9692251270427,23.418225086040778],[116.94168689606808,23.425031633024684],[116.94139701995255,23.433481139625393],[116.94951355118718,23.44568598249308],[116.98024041943256,23.463289121244557],[116.99502410132419,23.459533784977573],[117.00314063255883,23.446155399526454],[117.01270654437106,23.43747118440906],[117.0237218367609,23.437236475892373],[117.04198403203881,23.45530903167722],[117.05068031550448,23.471503919328576],[117.07126151970658,23.47643279817899],[117.07879829871015,23.463523829761243],[117.08778445829135,23.46023791052763],[117.10111875960538,23.467279166028224],[117.10749603414688,23.479249300379227],[117.12546835330926,23.480422842962657],[117.12778736223345,23.471503919328576],[117.12025058322986,23.463523829761243],[117.14228116800956,23.450614861343492],[117.13039624727314,23.440757103642667]]],[[[117.07560966143942,23.57383683260382],[117.07792867036359,23.561866698252818],[117.06488424516508,23.56468320045305],[117.06140573177882,23.57383683260382],[117.07560966143942,23.57383683260382]]],[[[117.03908527088359,23.577826877387487],[117.03386750080419,23.566326160069856],[117.02140282783674,23.57055091337021],[117.01879394279703,23.578531002937545],[117.03908527088359,23.577826877387487]]],[[[113.9394399676028,25.44469841911059],[113.9562527823031,25.456903261978283],[114.00263296078668,25.44094308284361],[113.97741373873623,25.41723752265829],[113.98002262377594,25.40644093089072],[113.99625568624519,25.40080792649025],[114.00698110251952,25.390011334722676],[114.01828627102489,25.386960124005753],[114.02959143953026,25.395409630606462],[114.03799784688042,25.393766670989656],[114.02437366945085,25.3775717833383],[114.03220032456997,25.371938778937828],[114.03828772299593,25.36020335310351],[114.02959143953026,25.339314295118427],[114.02176478441116,25.333681290717955],[114.02872181118369,25.323588824500444],[114.0469840064616,25.315608734933107],[114.04118648415115,25.30974102201595],[114.02814205895265,25.310679856082697],[114.0208951560646,25.305046851682224],[114.02176478441116,25.292842008814535],[114.01103936813684,25.28274954259702],[114.01567738598519,25.27312649341288],[114.02495342168191,25.27007528269596],[114.02408379333534,25.25857456537833],[114.0350990857252,25.253880395044604],[114.0507523959634,25.281106582980218],[114.07452223743624,25.280871874463532],[114.1116263802231,25.30598568574897],[114.1235113009595,25.30786335388246],[114.13452659334936,25.31490460938305],[114.14235324846847,25.310914564599383],[114.15046977970309,25.316312860483166],[114.16177494820846,25.317016986033227],[114.17452949729145,25.309271604982577],[114.1867042941434,25.321007030816894],[114.1997487193419,25.314669900866363],[114.20815512669205,25.304342726132163],[114.22148942800608,25.298240304698318],[114.2307654637028,25.303638600582104],[114.25888344690847,25.294015551397965],[114.26786960648965,25.30528156019891],[114.28961031515384,25.30152622393193],[114.29627746581085,25.307393936849085],[114.30120535977474,25.33602837588482],[114.31048139547144,25.342130797318664],[114.33309173248219,25.33720191846825],[114.34990454718249,25.329925954450975],[114.36381860072757,25.33016066296766],[114.37541364534846,25.31865994565003],[114.38092129154339,25.326170618183994],[114.39512522120398,25.329456537417602],[114.39773410624369,25.33720191846825],[114.41889506267682,25.339549003635113],[114.42556221333383,25.34870263578588],[114.4264318416804,25.36090747865357],[114.43193948787533,25.36654048305404],[114.43454837291503,25.380622994055223],[114.44266490414965,25.389307209172618],[114.4536801965395,25.390715460272734],[114.45802833827233,25.382970079222087],[114.47600065743472,25.373347030037948],[114.48179817974517,25.379449451471793],[114.50382876452488,25.386725415489067],[114.5015097556007,25.40385913720717],[114.51658331360787,25.40573680534066],[114.52440996872696,25.417941648208352],[114.53339612830815,25.421696984475332],[114.54586080127561,25.416533397108232],[114.55136844747054,25.40878801605758],[114.5623837398604,25.407849181990837],[114.5806459351383,25.40127734352362],[114.59687899760755,25.388133666589187],[114.59340048422129,25.363723980853806],[114.60702466165084,25.36231572975369],[114.62122859131144,25.339314295118427],[114.62006908684936,25.334150707751327],[114.63253375981681,25.326874743734052],[114.65369471624994,25.330630080001033],[114.6635505041777,25.328752411867544],[114.67485567268308,25.315843443449793],[114.68761022176606,25.326170618183994],[114.69775588580934,25.318190528616658],[114.7102205587768,25.318425237133344],[114.72674349736158,25.288147838480807],[114.738628418098,25.27758595522992],[114.7412373031377,25.26162577609525],[114.73312077190307,25.241440843660225],[114.73225114355651,25.22782774969242],[114.72036622282009,25.2367466733265],[114.70703192150606,25.22383770490875],[114.70007489473352,25.22524595600887],[114.68992923069024,25.213979947207925],[114.69630650523173,25.2041221895071],[114.69079885903682,25.198489185106627],[114.67427592045203,25.198019768073255],[114.67978356664696,25.175957167504738],[114.6986255141559,25.166099409803913],[114.71572820497173,25.1663341183206],[114.73109163909442,25.15412927545291],[114.73051188686338,25.143802100718712],[114.73486002859622,25.13042371526759],[114.72529411678397,25.118688289433273],[114.7128294438165,25.118453580916587],[114.70558254092845,25.110238782832564],[114.6919583634989,25.10671815508227],[114.67224678764337,25.110238782832564],[114.65920236244486,25.101554567715173],[114.66123149525353,25.093105061114464],[114.65340484013441,25.08230846934689],[114.63978066270488,25.07925725862997],[114.63804140601174,25.073858962746183],[114.61775007792517,25.076440756429733],[114.59919800653174,25.087941473747364],[114.59195110364368,25.079022550113283],[114.57484841282786,25.083951428963697],[114.55687609366547,25.08183905231352],[114.55107857135502,25.06705241576228],[114.53542526111681,25.052031070694355],[114.53745439392547,25.041234478926782],[114.5339758805392,25.029499053092465],[114.52180108368725,25.023161923141934],[114.50991616295084,25.027621384958977],[114.50904653460427,25.00814057807401],[114.49281347213503,25.00368111625697],[114.4768702857813,25.009783537690815],[114.4510713114998,24.996874569273064],[114.45078143538427,24.979740847554964],[114.43338886845294,24.974342551671178],[114.4159963015216,24.975046677221236],[114.41802543433025,24.959086498086567],[114.39715435401264,24.95697412143639],[114.39077707947115,24.952749368136036],[114.38990745112457,24.93890156565154],[114.39715435401264,24.930452059050833],[114.3954150973195,24.920829009866694],[114.3849795571607,24.913787754366105],[114.3965746017816,24.90580766479877],[114.40063286739891,24.898062283748118],[114.39860373459025,24.880459144996642],[114.38324030046756,24.864968382895345],[114.37135537973114,24.862386589211795],[114.36845661857592,24.853232957061028],[114.3577312023016,24.84619170156044],[114.35048429941354,24.829057979842336],[114.33657024586847,24.81098542405749],[114.34294752040995,24.80253591745678],[114.33743987421502,24.793147576789327],[114.32671445794071,24.788453406455602],[114.32700433405623,24.781646859471696],[114.33888925479263,24.7713196847375],[114.32816383851832,24.74949179268567],[114.31251052828011,24.74432820531857],[114.304683873161,24.734470447617742],[114.28091403168816,24.73282748800094],[114.27163799599145,24.717571434416328],[114.27424688103116,24.707713676715503],[114.25047703955832,24.70020300418154],[114.22554769362338,24.702315380831717],[114.1997487193419,24.690814663514086],[114.18380553298817,24.697855919014675],[114.16380408101713,24.694100582747694],[114.18061689571742,24.669925605529002],[114.1675724705189,24.65654722007788],[114.17076110778966,24.64833242199386],[114.18641441802788,24.656077803044507],[114.19482082537802,24.65537367749445],[114.22293880858369,24.64176058352664],[114.2385921188219,24.647158879410426],[114.25308592459803,24.646454753860368],[114.26004295137055,24.633780493959307],[114.27453675714668,24.633780493959307],[114.285262173421,24.622514485158362],[114.28584192565205,24.602329552723337],[114.29714709415742,24.589655292822275],[114.29540783746428,24.582379328805],[114.3035243686989,24.576276907371152],[114.3177282983595,24.582848745838373],[114.32381569678549,24.578623992538017],[114.33338160859772,24.58683879062204],[114.35860083064816,24.588247041722155],[114.36149959180338,24.580032243638136],[114.37193513196219,24.574868656271036],[114.37541364534846,24.564072064503463],[114.38555930939174,24.558439060102994],[114.38382005269861,24.538488836184655],[114.39831385847472,24.530743455134004],[114.40208224797652,24.52018157188312],[114.3980239823592,24.50938498011555],[114.40990890309563,24.499292513898038],[114.41686592986815,24.49905780538135],[114.42411283275622,24.487791796580407],[114.43773701018577,24.501404890548212],[114.44614341753592,24.50234372461496],[114.46556511727593,24.51384444193259],[114.47339177239502,24.52792695293377],[114.50006037502308,24.544356549101813],[114.51484405691473,24.5497548449856],[114.52412009261144,24.56195968785329],[114.53049736715293,24.561255562303227],[114.5403531550807,24.546938342785364],[114.55948497870517,24.540366504318143],[114.57050027109503,24.545295383168558],[114.5858637052177,24.5394276702514],[114.59427011256786,24.55562255790276],[114.60383602438009,24.56735798373707],[114.62122859131144,24.580032243638136],[114.63485276874098,24.573929822204292],[114.65949223856039,24.586604082105353],[114.67862406218487,24.544121840585127],[114.69456724853859,24.54083592135152],[114.70123439919561,24.53097816365069],[114.7139889482786,24.55796964306962],[114.72123585116665,24.553979598285952],[114.73283089578754,24.56759269225376],[114.7281928779392,24.57932811808808],[114.73138151520993,24.587777624688783],[114.7244244884374,24.593880046122628],[114.72761312570816,24.615238521141087],[114.7450056926395,24.62063681702487],[114.758050117838,24.612187310424165],[114.77254392361411,24.6098402252573],[114.77834144592457,24.616412063724518],[114.7942846322783,24.604911346406887],[114.80298091574397,24.603268386790084],[114.82066335879082,24.59200237798914],[114.83109889894965,24.603033678273395],[114.84414332414815,24.606084888990317],[114.85544849265352,24.597870090906298],[114.8487813419965,24.58425699693849],[114.86211564331053,24.565480315603583],[114.87487019239352,24.569939777420622],[114.88124746693501,24.582848745838373],[114.88936399816964,24.585899956555295],[114.8928425115559,24.605146054923573],[114.89806028163531,24.61171789339079],[114.89487164436457,24.628147489558835],[114.89748052940426,24.64058704094321],[114.90385780394575,24.6476282964438],[114.90356792783024,24.660771973378235],[114.90791606956307,24.668282645912196],[114.92820739764963,24.669690897012316],[114.93632392888426,24.652322466777527],[114.94820884962067,24.65584309452782],[114.95922414201053,24.668986771462258],[114.97516732836426,24.676028026962847],[114.98444336406098,24.674854484379416],[114.99922704595261,24.68330399098012],[115.00270555933889,24.67579331844616],[115.03285267535321,24.683069282463435],[115.03951982601023,24.691518789064144],[115.0392299498947,24.701141838248283],[115.06879731367799,24.70700955116544],[115.08242149110754,24.6957435423645],[115.09053802234217,24.677201569546277],[115.1001039341544,24.670160314045688],[115.13430931578606,24.684477533563555],[115.1427157231362,24.69245762313089],[115.18068949426963,24.701141838248283],[115.1803996181541,24.71099959594911],[115.19286429112157,24.714520223699406],[115.22098227432724,24.72954156876733],[115.23054818613949,24.727194483600467],[115.24011409795172,24.734939864651118],[115.25634716042097,24.73212336245088],[115.26504344388664,24.752073586369217],[115.27576886016097,24.757471882253004],[115.30417671948216,24.761461927036674],[115.31577176410306,24.750900043785787],[115.33461371161201,24.750900043785787],[115.35548479192963,24.737521658334668],[115.35925318143141,24.74174641163502],[115.35867342920037,24.763104886653476],[115.36823934101261,24.777187397654657],[115.38273314678872,24.774136186937735],[115.38795091686814,24.784228653155246],[115.40302447487528,24.79760703860637],[115.43838936096901,24.775309729521165],[115.44476663551052,24.768972599570635],[115.46969598144544,24.76662551440377],[115.47665300821797,24.753716545986023],[115.4925961945717,24.743154662735137],[115.49143669010962,24.736348115751234],[115.50187223026842,24.72813331766721],[115.50332161084603,24.718979685516445],[115.52100405389291,24.719918519583192],[115.52390281504813,24.71545905776615],[115.5157862838135,24.70395834044852],[115.55144104602275,24.68658991021373],[115.54999166544513,24.67438506734604],[115.55491955940902,24.661476098928294],[115.55260055048484,24.65208775826084],[115.55694869221767,24.640821749459896],[115.57347163080246,24.61617735520783],[115.59463258723558,24.61875914889138],[115.60187949012365,24.628851615108893],[115.62651895994304,24.615473229657773],[115.64883942083827,24.617350897791262],[115.65347743868662,24.61054435080736],[115.66768136834722,24.607727848607123],[115.68072579354573,24.588247041722155],[115.68304480246991,24.57322569665423],[115.67289913842663,24.56829681780382],[115.67956628908364,24.550458970535658],[115.69753860824602,24.549285427952224],[115.7088437767514,24.540366504318143],[115.74797705234693,24.548816010918852],[115.7853710712493,24.571582737037428],[115.80305351429618,24.56242910488666],[115.80624215156692,24.569939777420622],[115.8189967006499,24.562194396369975],[115.83522976311916,24.56759269225376],[115.83551963923469,24.587777624688783],[115.82769298411557,24.599278342006414],[115.8175473200723,24.60162542717328],[115.80972066495319,24.61429968707434],[115.79580661140811,24.623453319225106],[115.7943572308305,24.63166811730913],[115.78247231009408,24.63424991099268],[115.78624069959588,24.650914215677407],[115.77725454001468,24.66617026926202],[115.76131135366094,24.667109103328766],[115.77580515943707,24.680487488779885],[115.79232809802184,24.677201569546277],[115.79986487702543,24.688232869830536],[115.79638636363916,24.708652510782247],[115.78855970852005,24.702550089348403],[115.76565949539378,24.71170372149917],[115.76681899985587,24.728837443217273],[115.75174544184871,24.737521658334668],[115.75261507019528,24.75324712895265],[115.7604417253144,24.766390805887085],[115.77319627439738,24.7764832721046],[115.75899234473678,24.795729370472877],[115.76768862820245,24.803709460040213],[115.76826838043348,24.817557262524705],[115.77435577885946,24.82295555840849],[115.77203676993528,24.833517441659378],[115.78334193844066,24.842201656776773],[115.77928367282334,24.852059414477598],[115.7891394607511,24.865437799928717],[115.80363326652721,24.864264257345287],[115.79928512479438,24.88210210461345],[115.80421301875826,24.89360282193108],[115.81580806337917,24.909797709582435],[115.8332006303105,24.90956300106575],[115.84537542716244,24.902756454081846],[115.85320208228154,24.89360282193108],[115.86160848963169,24.892429279347645],[115.85465146285915,24.867550176578895],[115.86856551640423,24.873417889496054],[115.88740746391318,24.872009638395937],[115.90132151745826,24.890786319730843],[115.88016056102512,24.900409368914982],[115.88132006548722,24.9173083821164],[115.87407316259916,24.937258606034735],[115.88740746391318,24.940779233785033],[115.897843004072,24.935615646417933],[115.90335065026692,24.926696722783852],[115.91378619042572,24.927166139817224],[115.92161284554483,24.921767843933438],[115.9369762796675,24.923410803550244],[115.96074612114035,24.915665422499593],[115.97581967914752,24.91848192469983],[115.97929819253378,24.90510353924871],[115.99408187442542,24.89876640929818],[116.0146630786275,24.908154749965632],[116.02248973374661,24.898296992264804],[116.0352442828296,24.890786319730843],[116.03872279621586,24.878112059829782],[116.04712920356602,24.864498965861973],[116.05756474372481,24.86262129772848],[116.06278251380422,24.853232957061028],[116.07872570015795,24.85628416777795],[116.08829161197019,24.840793405676653],[116.0935093820496,24.854171791127776],[116.14829596788333,24.84736524414387],[116.15119472903855,24.8537023740944],[116.17177593324064,24.870836095812503],[116.17612407497347,24.879050893896526],[116.18713936736333,24.88139797906339],[116.19786478363766,24.859100669978186],[116.21496747445347,24.84806936969393],[116.21728648337765,24.832813316109316],[116.22888152799854,24.829292688359022],[116.24308545765913,24.834456275726122],[116.24540446658332,24.82553735209204],[116.22714227130541,24.802770625973466],[116.24714372327645,24.79619878750625],[116.26134765293705,24.80300533449015],[116.28047947656154,24.80183179190672],[116.29497328233765,24.804883002623644],[116.3138152298466,24.81990434769157],[116.34512185032301,24.834456275726122],[116.34570160255407,24.85957008701156],[116.35729664717496,24.87177492987925],[116.37526896633734,24.879755019446584],[116.3915020288066,24.88069385351333],[116.38686401095825,24.871305512845876],[116.39440078996182,24.854875916677834],[116.40280719731197,24.854171791127776],[116.41411236581735,24.843375199360203],[116.39556029442392,24.833282733142692],[116.37323983352869,24.825772060608728],[116.37005119625795,24.808638338890624],[116.37932723195466,24.799719415256543],[116.3941109138463,24.797137621572993],[116.40222744508094,24.781177442438324],[116.4146921180484,24.769442016604007],[116.40976422408451,24.749961209719043],[116.43585307448153,24.734470447617742],[116.43991134009883,24.71874497699976],[116.45208613695078,24.717571434416328],[116.46368118157167,24.722265604750053],[116.48252312908062,24.721092062166623],[116.49730681097228,24.700437712698225],[116.49701693485675,24.67438506734604],[116.50397396162928,24.667813228878824],[116.51151074063287,24.652322466777527],[116.5002055721275,24.623688027741792],[116.52484504194689,24.607727848607123],[116.54629587449554,24.615473229657773],[116.56542769812003,24.625565695875284],[116.57006571596838,24.634954036542737],[116.58253038893585,24.63988291539315],[116.59122667240152,24.656781928594565],[116.59992295586719,24.651148924194096],[116.62804093907286,24.64575062831031],[116.63093970022808,24.650914215677407],[116.67181223251674,24.66358847557847],[116.68659591440837,24.66358847557847],[116.6958719501051,24.65912901376143],[116.70282897687764,24.667343811845452],[116.73529510181615,24.669690897012316],[116.74515088974391,24.658894305244743],[116.7631232089063,24.66945618849563],[116.77500812964271,24.681191614329947],[116.7970387144224,24.680487488779885],[116.81066289185196,24.657486054144627],[116.80660462623464,24.647863004960485],[116.79153106822748,24.637535830226287],[116.79327032492063,24.625565695875284],[116.78167528029972,24.61570793817446],[116.7709498640254,24.597165965356236],[116.7567459343648,24.585430539521923],[116.76254345667525,24.567123275220386],[116.75239779263197,24.560316728236483],[116.75210791651644,24.550224262018972],[116.77065998790988,24.53684587656785],[116.7761676341048,24.52346749111673],[116.79616908607585,24.500700764998154],[116.81298190077614,24.494128926530937],[116.82863521101434,24.499527222414724],[116.83936062728867,24.48826121361378],[116.85559368975794,24.4638515278784],[116.8460277779457,24.455402021277692],[116.8384909989421,24.45681027237781],[116.83356310497823,24.44718722319367],[116.84196951232838,24.431461752575686],[116.86342034487703,24.410807403107288],[116.86892799107196,24.394612515455933],[116.87878377899972,24.397663726172855],[116.88979907138958,24.388744802538774],[116.89733585039315,24.37607054263771],[116.89008894750509,24.367386327520315],[116.89472696535344,24.35236498245239],[116.90255362047256,24.34673197805192],[116.90516250551227,24.334057718150856],[116.91501829344001,24.322791709349914],[116.90719163832091,24.312229826099028],[116.9095106472451,24.289228391463766],[116.93472986929554,24.287350723330277],[116.93270073648688,24.26786991644531],[116.93415011706449,24.244633773293362],[116.92864247086956,24.223275298274906],[116.95125280788031,24.219754670524612],[116.9677757464651,24.200508572156334],[116.97299351654449,24.20309036583988],[116.99328484463106,24.185017810055033],[116.9886468267827,24.17562946938758],[116.94400590499225,24.14558677925173],[116.93125135590927,24.131034851217176],[116.93067160367823,24.119768842416235],[116.92313482467463,24.107329291031856],[116.92603358582986,24.068367677261925],[116.93588937375762,24.055458708844178],[116.94777429449405,24.053815749227372],[116.94690466614747,24.04067207229294],[116.93878813491284,24.03151844014217],[116.97183401208241,24.007578171440166],[116.97705178216181,23.998189830772713],[116.9703846315048,23.991383283788807],[116.96719599423405,23.975423104654137],[116.97531252546867,23.964157095853192],[116.97560240158418,23.942329203801364],[116.96951500315822,23.93035906945036],[116.95125280788031,23.924960773566575],[116.95502119738211,23.907122926298413],[116.97096438373583,23.898673419697705],[116.96893525092719,23.890223913097],[116.97241376431344,23.872620774345524],[116.95791995853733,23.872620774345524],[116.9602389674615,23.861589474061265],[116.96893525092719,23.858538263344343],[116.98777719843613,23.865579518844932],[116.99879249082599,23.86252830812801],[117.01618505775733,23.843047501243046],[117.01937369502807,23.83248561799216],[117.0286497307248,23.82802615617512],[117.02720035014718,23.81910723254104],[117.01618505775733,23.81136185149039],[117.02806997849375,23.797514049005898],[117.02893960684031,23.786248040204953],[117.04285366038539,23.752215305285432],[117.04720180211822,23.737428668734193],[117.04778155434926,23.71912140443266],[117.0454625454251,23.702691808264618],[117.0857553254827,23.66678140521161],[117.09677061787255,23.665607862628175],[117.12575822942478,23.6531683112438],[117.14199129189404,23.656219521960722],[117.15532559320806,23.641432885409483],[117.17068902733075,23.64049405134274],[117.18344357641374,23.631105710675286],[117.18866134649315,23.61983970187434],[117.16199274386508,23.609043110106768],[117.1466293097424,23.59871593537257],[117.12720761000239,23.577357460354115],[117.12343922050061,23.565152617486426],[117.11010491918657,23.56609145155317],[117.09561111341046,23.562101406769504],[117.08807433440688,23.55130481500193],[117.07647928978598,23.55341719165211],[117.08430594490508,23.563040240836248],[117.07908817482569,23.577357460354115],[117.08691482994479,23.584398715854704],[117.07213114805315,23.606930733456593],[117.0741602808618,23.620074410391027],[117.03270799634211,23.62242149555789],[117.02024332337464,23.613267863407124],[117.00719889817614,23.622186787041205],[116.98777719843613,23.630166876608538],[116.97386314489106,23.615614948573988],[116.95907946299943,23.609512527140144],[116.9628478525012,23.598011809822513],[116.97589227769971,23.596603558722393],[116.97067450762032,23.583694590304646],[116.96081871969255,23.576418626287367],[116.95994909134598,23.565856743036484],[116.98516831339643,23.558815487535895],[116.99908236694151,23.5672649941366],[117.01792431445045,23.563274949352934],[117.01792431445045,23.552713066102047],[116.99966211917254,23.54614122763483],[116.99560385355524,23.540742931751044],[116.98951645512926,23.50858786496502],[116.96574661365644,23.513282035298744],[116.93733875433523,23.522670375966197],[116.92429432913673,23.539569389167614],[116.9187866829418,23.554356025718853],[116.91182965616926,23.552243649068675],[116.89037882362061,23.555529568302283],[116.88284204461704,23.54825360428501],[116.89559659370002,23.544028850984656],[116.86892799107196,23.498495398747504],[116.85936207925971,23.479249300379227],[116.87443563726688,23.468922125645026],[116.87240650445823,23.463054412727868],[116.85153542414062,23.463054412727868],[116.85240505248719,23.45272723799367],[116.86371022099256,23.44639010804314],[116.85617344198897,23.43371584814208],[116.85704307033555,23.42385809044125],[116.8486366629854,23.417755669007406],[116.83414285720927,23.39780544508907],[116.82863521101434,23.386539436288125],[116.80486536954152,23.39569306843889],[116.81704016639345,23.374804010453808],[116.7981982188845,23.356496746152274],[116.78689305037912,23.334434145583757],[116.7761676341048,23.32457638788293],[116.76631184617705,23.332791185966954],[116.7567459343648,23.306269123581398],[116.7709498640254,23.29148248703016],[116.77210936848749,23.25932742024413],[116.78254490864629,23.238673070775732],[116.79906784723107,23.242193698526027],[116.79993747557762,23.233978900442008],[116.79066143988092,23.21191629987349],[116.77703726245136,23.21661047020722],[116.7776170146824,23.226233519391357],[116.7567459343648,23.23045827269171],[116.7477597747836,23.242428407042716],[116.74660027032152,23.257215043593952],[116.72659881835047,23.265429841677975],[116.73790398685584,23.247591994409813],[116.71500377372958,23.244306075176205],[116.7022492246466,23.238673070775732],[116.67876925928928,23.2203658064742],[116.66137669235793,23.197599080355623],[116.6622463207045,23.186802488588054],[116.64891201939048,23.166148139119656],[116.63644734642301,23.164739888019536],[116.62891056741944,23.174597645720365],[116.6312295763436,23.18070006715421],[116.61006861991046,23.18187360973764],[116.60369134536899,23.196190829255507],[116.57905187554958,23.18375127787113],[116.55122376845944,23.15699450696889],[116.5378894671454,23.13211540420014],[116.53383120152809,23.115451099515408],[116.53730971491436,23.103011548131033],[116.55122376845944,23.091745539330088],[116.54658575061107,23.060764015127493],[116.55499215796122,23.045273253026192],[116.55412252961466,23.03330311867519],[116.56426819365794,23.019455316190697],[116.55499215796122,23.01217935217342],[116.55789091911645,23.00513809667283],[116.54455661780241,22.997862132655555],[116.54252748499377,23.00725047332301],[116.53093244037287,23.00513809667283],[116.51730826294332,22.992229128255083],[116.513249997326,22.974860698020294],[116.50455371386033,22.956084016685388],[116.50426383774482,22.94364446530101],[116.48455226188929,22.936368501283734],[116.474406597846,22.94669567601793],[116.45730390703018,22.949512178218168],[116.44309997736958,22.94176679716752],[116.42106939258989,22.935899084250362],[116.4083148435069,22.938480877933912],[116.39556029442392,22.931909039466692],[116.38077661253227,22.92885782874977],[116.35555739048183,22.937072626833793],[116.32627990281406,22.951155137834974],[116.32367101777436,22.959604644435682],[116.31207597315347,22.962186438119232],[116.29497328233765,22.95983935295237],[116.27265282144242,22.952798097451776],[116.25526025451109,22.94364446530101],[116.21728648337765,22.916887694398767],[116.19699515529109,22.896702761963745],[116.17003667654751,22.867129488861266],[116.13148315318303,22.837321507242102],[116.11727922352243,22.836147964658668],[116.09437901039615,22.819718368490626],[116.08597260304602,22.827698458057963],[116.07814594792691,22.847413973459613],[116.05901412430244,22.849995767143163],[116.03872279621586,22.848587516043047],[116.01611245920512,22.84060742647571],[116.00132877731349,22.832392628391688],[115.99292236996334,22.835209130591924],[115.97234116576124,22.820891911074057],[115.9549485988299,22.802349938255837],[115.93436739462781,22.810095319306487],[115.92161284554483,22.80540114897276],[115.90422027861348,22.79202276352164],[115.89117585341498,22.799298727538915],[115.8761022954078,22.796247516821992],[115.84653493162453,22.773950207736792],[115.81957645288095,22.742968683534194],[115.80015475314096,22.75047935606816],[115.79522685917706,22.761510656352414],[115.80247376206512,22.768551911853006],[115.7995750009099,22.78732859318791],[115.80247376206512,22.7943698486885],[115.7955167352926,22.80422760638933],[115.78826983240452,22.823708413274293],[115.77058738935767,22.839668592408966],[115.74304915838303,22.849291641593105],[115.72623634368274,22.85140401824328],[115.69898798882363,22.85069989269322],[115.70043736940124,22.867833614411325],[115.69492972320633,22.875344286945285],[115.68449418304752,22.87769137211215],[115.65840533265052,22.876283121012033],[115.63434561506216,22.869711282544817],[115.6169530481308,22.862435318527538],[115.60854664078066,22.86548652924446],[115.60216936623917,22.853046977860085],[115.59434271112006,22.849995767143163],[115.57318175468693,22.833331462458432],[115.55897782502633,22.817371283323762],[115.56042720560394,22.80915648523974],[115.5444840192502,22.79390043165513],[115.53955612528634,22.78052204620401],[115.52593194785678,22.77277666515336],[115.5314395940517,22.766674243719514],[115.52158380612394,22.753765275301767],[115.53230922239828,22.736631553583663],[115.53636748801559,22.72278375109917],[115.548252408752,22.71691603818201],[115.56274621452812,22.740856306884016],[115.55433980717797,22.746019894251116],[115.55839807279528,22.75423469233514],[115.57984890534394,22.742968683534194],[115.58622617988544,22.743672809084252],[115.59840097673737,22.75470410936851],[115.59695159615976,22.734988593966857],[115.58622617988544,22.73358034286674],[115.57202225022485,22.721375499999052],[115.56274621452812,22.70870124009799],[115.55839807279528,22.6861692224961],[115.57608051584215,22.674433796661784],[115.5598474533729,22.66246366231078],[115.55781832056425,22.66880079226131],[115.5444840192502,22.671852002978234],[115.53694724024663,22.669504917811373],[115.52216355835499,22.675137922211842],[115.5120178943117,22.687108056562845],[115.49462532738036,22.686638639529473],[115.46882635309888,22.703772361247577],[115.44737552055022,22.700721150530654],[115.43780960873798,22.701894693114085],[115.42186642238426,22.689220433213023],[115.40128521818215,22.691802226896574],[115.38041413786455,22.690393975796457],[115.37635587224723,22.698843482397162],[115.36273169481768,22.703302944214204],[115.35142652631231,22.7119871593316],[115.33954160557589,22.732641508799997],[115.34939739350365,22.743672809084252],[115.34823788904157,22.75611236046863],[115.3978067047959,22.747662853867922],[115.40476373156842,22.74907110496804],[115.42621456411709,22.766439535202828],[115.41374989114962,22.787798010221284],[115.3966472003338,22.78944096983809],[115.38012426174902,22.77582787587028],[115.36910896935917,22.7772361269704],[115.36852921712813,22.764561867069336],[115.36012280977798,22.76315361596922],[115.34041123392245,22.78357325692093],[115.32069965806693,22.792257472038326],[115.30127795832693,22.794604557205187],[115.27200047065918,22.792257472038326],[115.25663703653649,22.787563301704598],[115.24301285910694,22.78732859318791],[115.23373682341023,22.80422760638933],[115.24910025753292,22.81432007260684],[115.2659130722332,22.820187785524],[115.26852195727291,22.82793316657465],[115.2801170018938,22.833331462458432],[115.28562464808873,22.853516394893457],[115.29403105543888,22.85163872675997],[115.31229325071678,22.86173119297748],[115.30910461344604,22.871119533644933],[115.28185625858694,22.8579758567105],[115.27634861239201,22.84060742647571],[115.27055109008157,22.839903300925652],[115.25634716042097,22.82276957920755],[115.23112793837052,22.832157919875],[115.21576450424783,22.83473971355855],[115.19779218508545,22.83286204542506],[115.17431221972814,22.82206545365749],[115.16474630791589,22.804462314906015],[115.16967420187979,22.79648222533868],[115.18358825542485,22.794839265721876],[115.1893857777353,22.783807965437617],[115.17924011369202,22.77840966955383],[115.16938432576426,22.788267427254656],[115.15402089164157,22.797186350888737],[115.15547027221919,22.810095319306487],[115.14068659032753,22.813381238540096],[115.11604712050814,22.808217651172995],[115.10184319084755,22.7995334360556],[115.0818417388765,22.798829310505543],[115.05517313624844,22.789910386871462],[115.04589710055171,22.789206261321404],[115.04299833939649,22.76315361596922],[115.04763635724485,22.75047935606816],[115.02763490527381,22.748601687934666],[115.01777911734605,22.738978638750527],[115.01517023230635,22.728651464016327],[115.02937416196696,22.723018459615854],[115.0325627992377,22.716681329665324],[115.02705515304277,22.706588863447813],[115.00473469214754,22.705884737897755],[114.9873421252162,22.69391460354675],[114.9574848853174,22.69720052278036],[114.95081773466038,22.70729298899787],[114.9537164958156,22.73052913214982],[114.95168736300695,22.740386889850644],[114.93632392888426,22.751418190134903],[114.90385780394575,22.74907110496804],[114.89226275932486,22.756347068985317],[114.87776895354875,22.760337113768983],[114.86762328950546,22.758694154152177],[114.88501585643681,22.744376934634314],[114.88588548478336,22.7291208810497],[114.89516152048009,22.719967248898932],[114.90733631733202,22.71949783186556],[114.91661235302874,22.725130836266032],[114.92588838872545,22.715273078565207],[114.9511076107759,22.70212940163077],[114.9537164958156,22.695322854646868],[114.96560141655202,22.69321047799669],[114.96850017770726,22.67865854996214],[114.93922269003949,22.657769491977056],[114.92617826484098,22.643686980975875],[114.90530718452337,22.60941953753967],[114.90008941444397,22.590408147688077],[114.90037929055948,22.577968596303702],[114.91197433518039,22.572100883386543],[114.91748198137532,22.561539000135657],[114.9044375561768,22.55168124243483],[114.88907412205411,22.558487789418734],[114.88559560866784,22.56975379821968],[114.89226275932486,22.577733887787016],[114.88936399816964,22.58571397735435],[114.87487019239352,22.596979986155294],[114.85805737769323,22.602143573522394],[114.84008505853083,22.602847699072452],[114.82298236771501,22.600500613905588],[114.80269103962846,22.59134698175482],[114.79776314566456,22.598388237255413],[114.78819723385233,22.600031196872216],[114.76819578188127,22.597449403188666],[114.7568906133759,22.589234605104647],[114.75080321494994,22.59909236280547],[114.73514990471173,22.60824599495624],[114.74152717925323,22.614817833423455],[114.74674494933262,22.64016635322558],[114.73225114355651,22.65307532164333],[114.73254101967203,22.65941245159386],[114.75051333883442,22.68992455876308],[114.73804866586696,22.708231823064615],[114.73920817032905,22.731233257699877],[114.74326643594637,22.743438100567566],[114.75920962230009,22.75845944563549],[114.77660218923143,22.762214781902475],[114.7905162427765,22.776297292903653],[114.80674930524576,22.7772361269704],[114.82124311102189,22.78545092505442],[114.82530137663919,22.79390043165513],[114.80443029632158,22.810799444856546],[114.79486438450934,22.827698458057963],[114.78442884435054,22.816667157773704],[114.77544268476935,22.81948365997394],[114.77602243700039,22.8046970234227],[114.7684856579968,22.788502135771342],[114.73572965694277,22.777470835487087],[114.72239535562875,22.784512090987675],[114.71253956770099,22.795543391271934],[114.68905960234368,22.792257472038326],[114.68732034565053,22.780287337687323],[114.67166703541233,22.777705544003773],[114.64238954774457,22.768082494819634],[114.63804140601174,22.75423469233514],[114.58296494406248,22.732876217316683],[114.58296494406248,22.72677379588284],[114.55977485482069,22.72724321291621],[114.57050027109503,22.713864827465088],[114.5754281650589,22.69250635244663],[114.55107857135502,22.69579227168024],[114.53861389838755,22.713395410431716],[114.52933786269085,22.71057890823148],[114.53281637607711,22.69907819091385],[114.54209241177384,22.69344518651338],[114.53600501334786,22.68429155436261],[114.52238083591831,22.68053621809563],[114.5160035613768,22.684056845845923],[114.51107566741294,22.668566083744626],[114.49716161386786,22.65495298977682],[114.50962628683533,22.646972900209484],[114.52469984484249,22.65565711532688],[114.53629488946338,22.650258819443092],[114.56789138605532,22.65237119609327],[114.57426866059681,22.660585994177293],[114.5922409797592,22.657065366426995],[114.58847259025741,22.64087047877564],[114.5780370500986,22.629135052941322],[114.57890667844518,22.619512003757183],[114.54006327896516,22.59392877543837],[114.52151120757173,22.59017343917139],[114.50817690625772,22.592989941371627],[114.49948062279203,22.580315681470566],[114.5015097556007,22.568110838602877],[114.49861099444547,22.55754895535199],[114.518322570301,22.55238536798489],[114.52469984484249,22.566937296019443],[114.54354179235145,22.571396757836485],[114.54875956243085,22.56904967266962],[114.56528250101562,22.548160614684537],[114.60673478553531,22.53900698253377],[114.60383602438009,22.53126160148312],[114.6209387151959,22.51741379899863],[114.62122859131144,22.509668417947978],[114.61079305115263,22.499341243213777],[114.58325482017801,22.49417765584668],[114.57832692621412,22.48713640034609],[114.56441287266905,22.484319898145852],[114.55745584589651,22.47798276819532],[114.54093290731174,22.483381064079108],[114.5261492254201,22.471410929728105],[114.52817835822876,22.463900257194144],[114.51542380914577,22.45193012284314],[114.5029591361783,22.45052187174302],[114.49484260494367,22.455920167626807],[114.49658186163681,22.465073799777574],[114.48179817974517,22.470941512694733],[114.48701594982458,22.489483485512952],[114.47860954247443,22.494412364363367],[114.47629053355024,22.509199000914606],[114.48585644536249,22.52492447153259],[114.48672607370905,22.535486354783476],[114.47716016189682,22.548864740234595],[114.46759425008457,22.551446533918146],[114.45918784273442,22.569519089702993],[114.44237502803412,22.572100883386543],[114.43280911622189,22.577029762236958],[114.43367874456845,22.589234605104647],[114.42614196556488,22.601908865005708],[114.41483679705951,22.605194784239316],[114.4096190269801,22.612236039739905],[114.38845807054696,22.614817833423455],[114.3693262469225,22.61012366308973],[114.34323739652547,22.598857654288786],[114.32671445794071,22.605194784239316],[114.31222065216458,22.600970030938964],[114.2994661030816,22.591581690271507],[114.30207498812129,22.584071017737546],[114.29656734192638,22.573274425969974],[114.27946465111054,22.58876518807127],[114.27337725268458,22.583366892187488],[114.28845081069176,22.566937296019443],[114.27453675714668,22.56646787898607],[114.26584047368101,22.575856219653524],[114.24583902170995,22.557079538318618],[114.24178075609265,22.559661332002168],[114.22670719808548,22.543701152867495],[114.2177210385043,22.555905995735184],[114.19713983430219,22.556844829801932],[114.1893131791831,22.554028327601696],[114.16032556763085,22.561539000135657],[114.14989002747205,22.550742408368087],[114.14757101854786,22.54158877621732],[114.13626585004249,22.542997027317437],[114.1235113009595,22.538772274017084],[114.1116263802231,22.52938393334963],[114.10669848625922,22.534312812200042],[114.0884362909813,22.53642518885022],[114.07829062693801,22.529853350383004],[114.0817691403243,22.517883216032],[114.06466644950848,22.516944381965253],[114.05654991827384,22.50427012206419],[114.04379536919086,22.50427012206419],[114.03451933349415,22.507086624264428],[114.02640280225953,22.519526175648803],[114.00350258913325,22.529149224832942],[113.9887189072416,22.529618641866318],[113.98553026997087,22.523046803399097],[113.94987550776162,22.521873260815667],[113.94755649883743,22.49112644512976],[113.93103356025266,22.4800951448455],[113.91653975447653,22.482207521495678],[113.90320545316251,22.4749315574784],[113.89421929358132,22.465777925327632],[113.89595855027446,22.4577978357603],[113.88697239069324,22.44629711844267],[113.87131908045504,22.4749315574784],[113.86291267310489,22.498871826180405],[113.86291267310489,22.516240256415195],[113.88088499226728,22.525863305599334],[113.8861027623467,22.5350169377501],[113.88349387730699,22.542997027317437],[113.87015957599296,22.544405278417557],[113.86755069095325,22.529853350383004],[113.85798477914102,22.52492447153259],[113.84754923898221,22.558018372385362],[113.83160605262847,22.580785098503938],[113.83334530932161,22.587356936971155],[113.82464902585593,22.602612990555766],[113.81595274239027,22.60871541198961],[113.8072564589246,22.605898909789374],[113.79856017545893,22.6260838422244],[113.78580562637595,22.649319985376348],[113.7684130594446,22.674433796661784],[113.75391925366847,22.690159267279768],[113.75160024474431,22.717150746698696],[113.75681801482371,22.73733567913372],[113.74870148358909,22.7342844684168],[113.72261263319206,22.752591732718333],[113.71130746468668,22.743907517600938],[113.66695641901177,22.745315768701058],[113.657100631084,22.761275947835728],[113.61854710771954,22.75845944563549],[113.6078216914452,22.744376934634314],[113.57216692923595,22.74132572391739],[113.55709337122879,22.750009939034783],[113.55013634445625,22.74202984946745],[113.56318076965476,22.732641508799997],[113.57506569039117,22.717385455215386],[113.58579110666551,22.696026980196926],[113.60492293028997,22.68499567991267],[113.64434608200102,22.63969693619221],[113.6492739759649,22.616930210073633],[113.65855001166162,22.600500613905588],[113.64840434761834,22.592051107304883],[113.65623100273744,22.581489224053996],[113.63449029407326,22.56271254271909],[113.61274958540909,22.59533702653849],[113.59535701847774,22.609654246056355],[113.57593531873775,22.59768411170535],[113.56868841584969,22.582193349604054],[113.59448739013118,22.584071017737546],[113.61477871821774,22.568345547119563],[113.62115599275924,22.554028327601696],[113.62231549722132,22.52633272263271],[113.62550413449208,22.505443664647625],[113.59274813343804,22.50121891134727],[113.58637085889654,22.52797568224951],[113.58521135443445,22.55238536798489],[113.57100742477385,22.56459021085258],[113.579413832124,22.540649942150573],[113.57999358435505,22.52750626521614],[113.58666073501206,22.495820615463483],[113.57767457543088,22.48643227479603],[113.57042767254282,22.46906384456124],[113.58086321270162,22.466951467911066],[113.57999358435505,22.427051020074387],[113.56781878750311,22.416019719790132],[113.56231114130819,22.416254428306818],[113.56463015023238,22.391140617021378],[113.57216692923595,22.392079451088126],[113.60637231086758,22.38269111042067],[113.62405475391446,22.37306806123653],[113.62057624052818,22.353821962868253],[113.61332933764012,22.348658375501152],[113.59941528409504,22.35006662660127],[113.59071900062938,22.347250124401036],[113.59042912451386,22.337392366700207],[113.59883553186401,22.3289428600995],[113.5985456557485,22.31439093206495],[113.58782023947415,22.317207434265182],[113.57477581427565,22.30335963178069],[113.57332643369804,22.291389497429687],[113.57883407989297,22.264632726527445],[113.58550123054998,22.26111209877715],[113.59158862897596,22.24961138145952],[113.58492147831893,22.23435532787491],[113.56405039800131,22.234120619358222],[113.553324981727,22.21557864654],[113.53506278644909,22.213466269889825],[113.53477291033357,22.20736384845598],[113.52201836125059,22.17333111353646],[113.53042476860072,22.16957577726948],[113.54781733553207,22.142819006367237],[113.54607807883895,22.10878627144772],[113.5469477071855,22.09634672006334],[113.55477436230461,22.090713715662872],[113.55129584891833,22.07663120466169],[113.53941092818192,22.084141877195652],[113.5208588567885,22.08179479202879],[113.50433591820371,22.07217174284465],[113.50114728093297,22.06254869366051],[113.49303074969833,22.060905734043708],[113.4782470678067,22.07733533021175],[113.48375471400163,22.079447706861927],[113.46752165153237,22.096112011546655],[113.43215676543863,22.169341068752793],[113.40925655231237,22.169106360236107],[113.4136046940452,22.159248602535282],[113.39563237488282,22.14469667450073],[113.37823980795147,22.133430665699784],[113.36287637382878,22.14727846818428],[113.37737017960491,22.09212196676299],[113.39621212711387,22.09517317747991],[113.41505407462282,22.06841640657767],[113.3901247286879,22.02922008429105],[113.39041460480342,22.015606990323242],[113.39824125992251,22.01067811147283],[113.3770803034894,22.001524479322065],[113.36983340060132,21.990493179037806],[113.36200674548223,21.988850219421],[113.34461417855088,22.006922775205847],[113.32809123996611,22.00880044333934],[113.31185817749684,22.002698021905495],[113.29214660164133,22.01067811147283],[113.29475548668103,22.023821788407265],[113.28055155702043,22.032740712041345],[113.2799718047894,22.05621156370998],[113.2709856452082,22.061844568110452],[113.26924638851506,22.04259846974217],[113.25620196331656,22.041659635675426],[113.25359307827685,22.03250600352466],[113.23938914861625,22.02405649692395],[113.2501145648906,22.01654582438999],[113.24953481265953,22.004575690038987],[113.26286911397358,21.95387865043474],[113.27446415859447,21.94214322460042],[113.28403007040671,21.918202955898415],[113.27678316751864,21.909284032264335],[113.27765279586521,21.89731389791333],[113.26170960951148,21.874781880311442],[113.23793976803864,21.889333808345995],[113.22895360845746,21.90576340451404],[113.2190978205297,21.902242776763742],[113.21474967879686,21.923601251782202],[113.23272199795925,21.945663852350716],[113.22489534284014,21.951531565267874],[113.20866228037089,21.93275488393297],[113.20257488194491,21.941439099050363],[113.2153294310279,21.95810340373509],[113.19677735963447,21.95129685675119],[113.19242921790163,21.958338112251777],[113.17648603154791,21.963501699618877],[113.15416557065268,21.989789053487748],[113.1570643318079,21.994248515304786],[113.12807672025568,22.031567169457915],[113.10865502051567,22.0592627744269],[113.10575625936045,22.070528783227847],[113.10633601159148,22.10151030743044],[113.11561204728821,22.126858827232567],[113.11619179951924,22.149390844834453],[113.10430687878284,22.18483183085409],[113.1051765071294,22.202904386638938],[113.12575771133149,22.21956869132367],[113.12314882629178,22.222385193523905],[113.09995873705,22.205486180322488],[113.08720418796702,22.226609946824258],[113.08372567458073,22.217925731706863],[113.08604468350492,22.199383758888644],[113.08459530292731,22.169106360236107],[113.07242050607536,22.155727974784984],[113.0831459223497,22.14633963411753],[113.05908620476134,22.11840932063186],[113.03038846932463,22.13882896158357],[113.01531491131746,22.1177051950818],[113.02604032759179,22.10550035221411],[113.01792379635717,22.084376585712338],[113.01415540685537,22.04846618265933],[113.01647441577956,22.032036586491287],[113.02662007982283,22.001524479322065],[113.02140230974342,21.971247080669528],[113.02864921263149,21.96279757406882],[113.02922896486254,21.950358022684444],[113.01647441577956,21.937918471300065],[113.00574899950522,21.936744928716635],[112.98980581315149,21.92031533254859],[112.98284878637895,21.89215031054623],[112.96110807771478,21.88323138691215],[112.9576295643285,21.873373629211326],[112.9277723244297,21.86727120777748],[112.9277723244297,21.855535781943164],[112.90719112022762,21.852249862709556],[112.89733533229986,21.856239907493222],[112.88979855329627,21.86914887591097],[112.89124793387388,21.877833091028364],[112.88487065933239,21.887690848729193],[112.86805784463209,21.89332385312966],[112.86197044620613,21.91210053446457],[112.84602725985239,21.91210053446457],[112.85791218058881,21.934867260583143],[112.83008407349865,21.95434806746811],[112.82689543622791,21.94801093751758],[112.78167476220642,21.942377933117108],[112.75761504461806,21.928295422115927],[112.74312123884195,21.912569951497943],[112.74978838949896,21.894966812746468],[112.73790346876254,21.888160265762565],[112.73181607033658,21.89473210422978],[112.71471337952076,21.885578472079015],[112.71094499001896,21.891915602029545],[112.69094353804792,21.86539353964399],[112.6880447768927,21.850137486059378],[112.67615985615629,21.852249862709556],[112.66253567872673,21.839340894291805],[112.65789766087838,21.827840176974174],[112.64978112964374,21.823850132190508],[112.64630261625747,21.810002329706013],[112.64514311179539,21.78723560358744],[112.62456190759329,21.790286814304363],[112.6260112881709,21.775500177753123],[112.61354661520345,21.76611183708567],[112.60571996008434,21.76798950521916],[112.59354516323239,21.761417666751942],[112.5700651978751,21.761182958235256],[112.56484742779568,21.754845828284726],[112.54397634747806,21.765173003018923],[112.5416573385539,21.775969594786496],[112.52629390443121,21.774326635169693],[112.5068722046912,21.78207201622034],[112.46802880521122,21.804838742338916],[112.44570834431599,21.80906349563927],[112.4291854057312,21.818217127790035],[112.41903974168793,21.842861522042103],[112.41845998945689,21.86961829294434],[112.41556122830167,21.89285443609629],[112.41817011334136,21.908814615230963],[112.42570689234495,21.92055004106528],[112.44918685770226,21.932520175416283],[112.4639705395939,21.93275488393297],[112.4923783989151,21.943551475700538],[112.47788459313898,21.951062148234502],[112.46194140678524,21.953643941918052],[112.44802735324018,21.935571386133205],[112.43063478630881,21.928999547665985],[112.41585110441719,21.918907081448474],[112.4083143254136,21.90505927896398],[112.39903828971688,21.935571386133205],[112.38918250178912,21.95810340373509],[112.38222547501658,21.967022327369172],[112.38396473170972,21.97359416583639],[112.37294943931988,21.990023762004434],[112.37381906766643,22.00128977080538],[112.38657361674942,22.013729322189754],[112.37497857212853,22.027577124674245],[112.37381906766643,22.012321071089634],[112.36570253643181,22.006453358172475],[112.36657216477838,21.99025847052112],[112.37381906766643,21.982747797987155],[112.38222547501658,21.954113358951425],[112.3862837406339,21.934632552066457],[112.39440027186853,21.91655999628161],[112.40367630756523,21.876190131411562],[112.40396618368077,21.849198651992634],[112.41382197160853,21.8205642129569],[112.413532095493,21.794042150571343],[112.41034345822226,21.7879397291375],[112.41527135218614,21.774326635169693],[112.40135729864107,21.735599729916448],[112.38106597055449,21.72973201699929],[112.36222402304554,21.728089057382483],[112.34077319049689,21.71940484226509],[112.32569963248972,21.718466008198344],[112.32454012802764,21.713067712314558],[112.29265375532017,21.705557039780594],[112.251491346916,21.70391408016379],[112.24453432014346,21.7123635867645],[112.24221531121927,21.729966725515975],[112.22366323982584,21.739120357666742],[112.21438720412914,21.733017936232898],[112.20800992958763,21.74569219613396],[112.19786426554435,21.745222779100587],[112.19235661934943,21.75648878790153],[112.19931364612196,21.763999460435492],[112.19554525662018,21.792633899471227],[112.18250083142166,21.805308159372288],[112.15380309598496,21.806716410472404],[112.13322189178287,21.803430491238796],[112.10916217419451,21.796623944254893],[112.07437704033183,21.783245558803774],[112.04394004820197,21.78676618655407],[112.03234500358107,21.790756231337735],[112.02190946342228,21.786296769520696],[112.05321608389869,21.77456134368638],[112.03466401250526,21.770101881869337],[111.9937914802166,21.75508053680141],[111.9769786655163,21.74428394503384],[111.95697721354526,21.727384931832425],[111.9303086109172,21.71682304858154],[111.91668443348765,21.705557039780594],[111.90769827390645,21.704383497197163],[111.89784248597869,21.695229865046397],[111.85986871484526,21.6797391029451],[111.84624453741571,21.686545649929002],[111.83522924502586,21.685841524378944],[111.83059122717751,21.67387139002794],[111.81087965132198,21.712598295281186],[111.82131519148078,21.724333721115503],[111.83696850171899,21.73278322771621],[111.83320011221721,21.741702151350292],[111.82392407652048,21.73865094063337],[111.82247469594287,21.750386366467687],[111.80392262454944,21.733956770299642],[111.79870485447003,21.744753362067215],[111.80276312008735,21.75343757718461],[111.7917478276975,21.755549953834784],[111.78942881877333,21.77503076071975],[111.76913749068676,21.763295334885434],[111.75986145499004,21.776439011819868],[111.74304864028974,21.764468877468865],[111.70826350642706,21.757427621968276],[111.72507632112735,21.7346608958497],[111.74217901194318,21.73020143403266],[111.76044120722108,21.721517218915267],[111.78537055315601,21.714710671931364],[111.78797943819572,21.710251210114322],[111.78681993373363,21.68396385624545],[111.78276166811631,21.661901255676938],[111.77551476522825,21.651574080942737],[111.75841207441243,21.643593991375404],[111.76855773845571,21.62763381224073],[111.77667426969035,21.627399103724045],[111.78189203976974,21.618949597123336],[111.7491360387157,21.61871488860665],[111.72594594947392,21.613551301239553],[111.69695833792169,21.60017291578843],[111.68275440826109,21.589611032537547],[111.6726087442178,21.576232647086425],[111.6699998591781,21.532811571499455],[111.65666555786407,21.529760360782532],[111.64478063712767,21.51943318604833],[111.63434509696884,21.529290943749157],[111.63144633581362,21.540322244033415],[111.6181120344996,21.54126107810016],[111.61666265392199,21.534454531116257],[111.59260293633363,21.532811571499455],[111.57289136047811,21.524831481932118],[111.54390374892587,21.50746305169733],[111.53868597884647,21.511453096480995],[111.54796201454317,21.524362064898746],[111.52419217307035,21.52530089896549],[111.50882873894767,21.519902603081704],[111.48940703920766,21.508167177247387],[111.47462335731602,21.502768881363604],[111.47230434839184,21.51121838796431],[111.45665103815364,21.519667894565018],[111.4653473216193,21.52905623523247],[111.45520165757603,21.54642466546726],[111.45143326807423,21.5612113020185],[111.44360661295514,21.555813006134713],[111.43462045337392,21.541730495133535],[111.44940413526558,21.531872737432707],[111.42099627594439,21.521076145665138],[111.41287974470976,21.53257686298277],[111.40012519562677,21.533280988532827],[111.3966466822405,21.52412735638206],[111.41374937305632,21.52154556269851],[111.38650101819721,21.51121838796431],[111.36852869903484,21.500656504713426],[111.33954108748259,21.471787357161006],[111.31171298039244,21.451837133242666],[111.30214706858021,21.441275249991783],[111.286493758342,21.434703411524566],[111.27808735099185,21.422733277173563],[111.26562267802439,21.422733277173563],[111.25750614678975,21.43446870300788],[111.27634809429871,21.439162873341605],[111.28562412999543,21.448551214009058],[111.27866710322289,21.459113097259944],[111.29403053734558,21.480706280795086],[111.27228982868141,21.49901354509662],[111.26011503182946,21.491033455529287],[111.24330221712916,21.49150287256266],[111.2256197740823,21.508636594280762],[111.2061980743423,21.51426959868123],[111.2009803042629,21.50042179619674],[111.22069188011841,21.500656504713426],[111.23199704862378,21.492441706629403],[111.23228692473931,21.480002155245028],[111.21344497723035,21.48305336596195],[111.19257389691275,21.47929802969497],[111.16010777197424,21.46826672941071],[111.13836706331006,21.46451139314373],[111.12822139926678,21.469205563477455],[111.11517697406828,21.467327895343967],[111.1012629205232,21.460990765393436],[111.08734886697812,21.473665025294498],[111.08734886697812,21.480236863761714],[111.07256518508649,21.48892107887911],[111.07952221185903,21.510983679447623],[111.0702461761623,21.516147266814723],[111.04879534361365,21.51779022643153],[111.03662054676171,21.516147266814723],[111.02937364387364,21.525770315998862],[111.00792281132499,21.50488125801378],[110.9974872711662,21.489859912945853],[111.04154844072559,21.477185653044792],[111.05459286592409,21.48680870222893],[111.06299927327424,21.484931034095442],[111.0844501058229,21.467562603860653],[111.02879389164261,21.451133007692608],[111.00531392628528,21.436581079658055],[110.99284925331783,21.426253904923858],[110.98096433258141,21.429539824157466],[110.94936783598948,21.4152226046396],[110.93748291525306,21.419916774973327],[110.92704737509425,21.417569689806463],[110.91023456039395,21.407477223588952],[110.88907360396081,21.3877617081873],[110.8577669834844,21.386588165603868],[110.84211367324619,21.392221170004337],[110.83138825697186,21.387526999670612],[110.82588061077695,21.395272380721263],[110.81515519450261,21.39926242550493],[110.80298039765067,21.398088882921495],[110.7968929992247,21.402783053255224],[110.77022439659663,21.39597650627132],[110.75428121024291,21.382832829336884],[110.74355579396858,21.384241080437004],[110.74152666115992,21.376260990869667],[110.7308012448856,21.369923860919137],[110.70355289002649,21.341054713366717],[110.677753915745,21.306787269930513],[110.66963738451038,21.291531216345902],[110.65659295931187,21.257967898459757],[110.6299243566838,21.22698637425716],[110.6157204270232,21.220649244306628],[110.58789231993308,21.218771576173136],[110.5597743367274,21.222996329473492],[110.53745387583217,21.210791486605803],[110.52556895509576,21.207974984405567],[110.51281440601278,21.216424491006276],[110.48904456453994,21.22111866134],[110.47715964380352,21.21102619512249],[110.45599868737038,21.20633202478876],[110.45020116505994,21.190841262687464],[110.43338835035964,21.18990242862072],[110.42730095193366,21.197647809671366],[110.44034537713218,21.220414535789942],[110.44092512936322,21.234497046791123],[110.43164909366651,21.247875432242243],[110.42556169524053,21.267121530610524],[110.43222884589755,21.28707175452886],[110.4484619083668,21.29998072294661],[110.4458530233271,21.30960377213075],[110.42643132358711,21.299511305913235],[110.42324268631636,21.3070219784472],[110.42266293408531,21.326268076815477],[110.42759082804919,21.33072753863252],[110.42179330573875,21.3671073587189],[110.39831334038143,21.382832829336884],[110.38584866741397,21.384006371920318],[110.39628420757278,21.365699107618784],[110.40932863277129,21.334013457866128],[110.41251727004203,21.307960812513944],[110.41628565954382,21.300215431463297],[110.41367677450413,21.29035767376247],[110.39860321649695,21.27228511797762],[110.38932718080024,21.266886822093834],[110.40671974773159,21.256090230326265],[110.40932863277129,21.243415970425204],[110.42208318185428,21.238721800091476],[110.4238224385474,21.225578123157042],[110.41657553565935,21.211730320672547],[110.41541603119725,21.196474267087936],[110.40758937607815,21.183800007186875],[110.40266148211427,21.166900993985458],[110.40382098657636,21.146011936000374],[110.38700817187606,21.13146000796582],[110.37628275560172,21.14296072528345],[110.36004969313248,21.133102967582627],[110.35367241859097,21.117142788447953],[110.34468625900979,21.110570949980737],[110.32990257711815,21.105876779647012],[110.32381517869217,21.115969245864523],[110.26699946004979,21.09038601754571],[110.24786763642533,21.086865389795417],[110.24033085742172,21.073487004344297],[110.23627259180442,21.05072027822572],[110.22873581280083,21.037341892774602],[110.22148890991278,21.03405597354099],[110.2191699009886,21.04907731860892],[110.21337237867814,21.057526825209624],[110.22032940545068,21.101652026346656],[110.21308250256263,21.114326286247717],[110.19771906843994,21.10845857333056],[110.20670522802114,21.097427273046303],[110.2101837414074,21.07325229582761],[110.19974820124861,21.060578035926547],[110.20061782959516,21.04907731860892],[110.19308105059159,21.044148439758505],[110.18786328051218,21.029831220240638],[110.17481885531367,21.00800332818881],[110.17829736869994,21.000023238621473],[110.16641244796352,20.983358933936742],[110.16931120911875,20.96645992073533],[110.16206430623069,20.940876692416516],[110.16322381069278,20.92092646849818],[110.16757195242562,20.904027455296763],[110.17684798812233,20.883842522861737],[110.18902278497427,20.866474092626948],[110.19163167001398,20.85426924975926],[110.19858869678652,20.845115617608492],[110.23105482172502,20.85567750085938],[110.24815751254084,20.843942075025062],[110.26352094666353,20.838543779141276],[110.28729078813636,20.846289160191926],[110.29859595664173,20.841125572824826],[110.30874162068503,20.847697411292042],[110.32352530257666,20.84793211980873],[110.34497613512531,20.828451312923765],[110.35106353355128,20.827747187373703],[110.37860176452591,20.81460351043927],[110.3849790390674,20.81976709780637],[110.38555879129845,20.7934797439375],[110.3928056941865,20.76461059638508],[110.38584866741397,20.716730058981067],[110.37280424221547,20.70710700979693],[110.36178894982561,20.70968880348048],[110.34062799339247,20.733159655149112],[110.33685960389069,20.755691672751],[110.3267139398474,20.743721538399996],[110.32990257711815,20.73128198701562],[110.32497468315427,20.724710148548404],[110.33483047108203,20.708045843863673],[110.33338109050442,20.699361628746278],[110.31772778026621,20.693259207312433],[110.2994655849883,20.677768445211136],[110.31279988630233,20.666971853443563],[110.32149616976801,20.678003153727822],[110.32758356819397,20.67753373669445],[110.33656972777516,20.666737144926877],[110.3499040290892,20.66744127047694],[110.35338254247546,20.654062885025816],[110.36787634825158,20.650776965792208],[110.38613854352948,20.666267727893505],[110.39483482699517,20.658287638326172],[110.39367532253307,20.649603423208777],[110.40613999550054,20.6491340061754],[110.41628565954382,20.66016530645966],[110.42933008474233,20.661338849043094],[110.43773649209248,20.667206561960253],[110.44469351886501,20.65969588942629],[110.46179620968084,20.674717234494214],[110.47078236926203,20.659461180909602],[110.4846964228071,20.618387190489493],[110.48614580338472,20.587170957770212],[110.4652747230671,20.586936249253526],[110.45657843960143,20.581772661886426],[110.44237450994083,20.582242078919798],[110.4432441382874,20.592569253654],[110.43773649209248,20.60383526245494],[110.43889599655456,20.616509522356004],[110.43483773093726,20.630357324840496],[110.4238224385474,20.637633288857774],[110.39976272095905,20.622846652306535],[110.39599433145725,20.60524351355506],[110.40411086269188,20.59116100255388],[110.41309702227306,20.583180912986542],[110.42295281020083,20.58411974705329],[110.43628711151487,20.5719149041856],[110.45049104117547,20.56299598055152],[110.46672410364471,20.57942557671956],[110.47223174983964,20.57754790858607],[110.48846481230889,20.560648895384656],[110.50382824643157,20.530606205248805],[110.51049539708859,20.523564949748213],[110.52180056559396,20.49680817884597],[110.53194622963724,20.47779678899438],[110.52469932674919,20.461367192826337],[110.5183220522077,20.428038583456875],[110.50556750312471,20.422405579056406],[110.47976852884321,20.398700018871086],[110.47020261703098,20.381331588636296],[110.46730385587576,20.36889203725192],[110.44353401440293,20.34330880893311],[110.43773649209248,20.32922629793193],[110.41454640285068,20.31584791248081],[110.40642987161606,20.30599015477998],[110.37425362279308,20.30857194846353],[110.35483192305307,20.29331589487892],[110.35367241859097,20.28697876492839],[110.34120774562352,20.284162262728152],[110.3319317099268,20.2696103346936],[110.30903149680054,20.25998728550946],[110.29076930152263,20.264212038809813],[110.28207301805696,20.253415447042244],[110.27569574351546,20.255293115175736],[110.26989822120501,20.26702854101005],[110.25018664534949,20.26468145584319],[110.24786763642533,20.27219212837715],[110.23482321122681,20.27665159019419],[110.2232281666059,20.27031446024366],[110.20119758182622,20.270549168760347],[110.19163167001398,20.26209966215964],[110.18931266108979,20.247547734125085],[110.17916699704651,20.242384146757985],[110.1516287660719,20.242384146757985],[110.12351078286622,20.2369858508742],[110.11452462328502,20.26374262177644],[110.1000308175089,20.263977330293127],[110.08002936553785,20.26890620914354],[110.06959382537906,20.274304505027327],[110.06205704637547,20.290499392678683],[110.04234547051995,20.29261176932886],[110.03944670936473,20.281345760527916],[110.02263389466444,20.278763966844366],[110.01045909781249,20.282754011628036],[110.01393761119876,20.268671500626855],[110.00379194715548,20.269140917660227],[109.98813863691726,20.290264684161997],[109.97654359229637,20.28885643306188],[109.97799297287398,20.280876343494544],[109.96175991040474,20.267497958043425],[109.94146858231817,20.24261885527467],[109.93219254662145,20.228301635756804],[109.91943799753847,20.223372756906393],[109.92088737811608,20.239802353074435],[109.91769874084534,20.248017151158457],[109.91885824530742,20.262803787709696],[109.93364192719906,20.281345760527916],[109.93451155554563,20.298714190762706],[109.92407601538682,20.342369974866365],[109.90349481118473,20.359503696584465],[109.88871112929309,20.357860736967663],[109.87624645632562,20.3829745482531],[109.880884474174,20.38743401007014],[109.87363757128593,20.399404144421144],[109.89247951879489,20.403628897721497],[109.89769728887428,20.41067015322209],[109.89856691722085,20.423109704606464],[109.9081328290331,20.430150960107053],[109.94842560909069,20.40480244030493],[109.9716156983325,20.402690063654752],[109.97538408783427,20.39705705925428],[109.96349916709786,20.389546386720315],[109.97683346841188,20.364197866918193],[109.98697913245518,20.37076970538541],[109.98118161014473,20.38109688011961],[109.99364628311218,20.38931167820363],[109.9965450442674,20.397526476287652],[110.01161860227458,20.406445399921733],[110.01248823062114,20.419823785372856],[109.9924867786501,20.44704997330847],[109.98060185791368,20.43860046670776],[109.9756739639498,20.45667302249261],[109.96233966263577,20.466296071676748],[109.95451300751667,20.443998762591548],[109.94436734347339,20.43977400929119],[109.94610660016653,20.456907731009295],[109.93770019281638,20.47263320162728],[109.94001920174055,20.486246295595087],[109.92755452877309,20.48460333597828],[109.92552539596443,20.466296071676748],[109.93393180331458,20.45456064584243],[109.92581527207994,20.44071284335794],[109.91972787365398,20.447988807375214],[109.91856836919189,20.461601901343023],[109.91306072299696,20.47451086976077],[109.90146567837607,20.490705757412126],[109.89334914714145,20.49516521922917],[109.88117435028951,20.489532214828696],[109.87102868624623,20.49375696812905],[109.86668054451339,20.504788268413307],[109.85044748204413,20.50032880659627],[109.82551813610921,20.5083088961636],[109.81682185264354,20.537178043716022],[109.82551813610921,20.547270509933533],[109.83943218965429,20.55149526323389],[109.81798135710562,20.597732841021095],[109.79450139174833,20.629183782257066],[109.78087721431876,20.637398580341088],[109.76783278912026,20.638337414407832],[109.76290489515637,20.629183782257066],[109.74870096549577,20.630592033357182],[109.74145406260772,20.638102705891146],[109.74667183268713,20.650307548758835],[109.7373957969904,20.66345122569327],[109.74783133714922,20.677768445211136],[109.76116563846324,20.679646113344628],[109.76493402796504,20.692555081762375],[109.77768857704802,20.69537158396261],[109.78609498439818,20.691381539178945],[109.79450139174833,20.680584947411372],[109.803197675214,20.685044409228414],[109.80870532140892,20.701943422429828],[109.81595222429698,20.71485239084758],[109.79971916182771,20.71485239084758],[109.79479126786384,20.710392929030537],[109.79624064844145,20.689973288078825],[109.76928216969787,20.709219386447106],[109.74638195657161,20.743017412849937],[109.7542086116907,20.75381400461751],[109.76406439961846,20.78878557360377],[109.75971625788563,20.805919295321875],[109.75478836392176,20.81202171675572],[109.72609062848504,20.80732754642199],[109.71449558386414,20.81460351043927],[109.68260921115669,20.85473866679263],[109.67478255603757,20.86835176076044],[109.66666602480295,20.900272119029783],[109.66492676810981,20.934070145432614],[109.66898503372713,20.957775705617934],[109.67971045000147,20.974909427336037],[109.6840585917343,20.996267902354493],[109.69043586627578,21.01293220703922],[109.70116128255012,21.02067758808987],[109.71043731824682,21.059404493343116],[109.70608917651398,21.07325229582761],[109.68000032611698,21.109632115913993],[109.67594206049966,21.122071667298368],[109.693334627431,21.150471397817412],[109.7075385570916,21.16666628546877],[109.7347869119507,21.19154538823752],[109.74145406260772,21.18215704757007],[109.75246935499757,21.19037184565409],[109.76899229358236,21.212434446222606],[109.7747898158928,21.234966463824495],[109.77305055919966,21.261723234726738],[109.7658036563116,21.27111157539419],[109.77189105473758,21.27627516276129],[109.77536956812384,21.295755969646255],[109.77015179804444,21.329084579015714],[109.75739724896145,21.34715713480056],[109.77189105473758,21.354667807334526],[109.78348609935847,21.33776879413311],[109.8020381707519,21.351381888100917],[109.82030036602981,21.351381888100917],[109.8318954106507,21.346922426283875],[109.83595367626802,21.352086013650975],[109.86610079228234,21.358423143601506],[109.91682911249876,21.358423143601506],[109.91045183795727,21.368985026852393],[109.90204543060712,21.37344448866943],[109.90117580226055,21.385179914503748],[109.9107417140728,21.406303681005518],[109.90842270514861,21.414987896122913],[109.92407601538682,21.41921264942327],[109.93016341381279,21.425315070857113],[109.92088737811608,21.432356326357702],[109.91798861696086,21.444326460708705],[109.90929233349519,21.455123052476278],[109.91972787365398,21.46568493572716],[109.91422022745905,21.47155264864432],[109.8965377844122,21.456296595059708],[109.87537682797907,21.455827178026336],[109.86436153558921,21.45230655027604],[109.83015615395757,21.452071841759356],[109.81276358702623,21.457939554676514],[109.79276213505518,21.47037910606089],[109.79797990513458,21.477655070078164],[109.79508114397936,21.503942423947034],[109.78609498439818,21.51685139236478],[109.79276213505518,21.531403320399335],[109.77855820539459,21.535862782216377],[109.76928216969787,21.545955248433888],[109.75652762061489,21.570364934169266],[109.74986046995787,21.574589687469622],[109.75015034607338,21.585151570720505],[109.73942492979907,21.603693543538725],[109.73913505368354,21.619653722673398],[109.75073009830444,21.630450314440967],[109.75073009830444,21.637256861424873],[109.76174539069429,21.66025829606013],[109.76174539069429,21.67011605376096],[109.77044167415997,21.675514349644743],[109.77594932035488,21.66823838562747],[109.78087721431876,21.6471146191257],[109.79102287836204,21.63279739960783],[109.80290779909846,21.631389148507715],[109.8058065602537,21.647818744675757],[109.8176914809901,21.641012197691854],[109.83537392403697,21.639369238075048],[109.84175119857846,21.647818744675757],[109.87160843847727,21.65603354275978],[109.88059459805847,21.65086995539268],[109.89450865160353,21.652512915009485],[109.91161134241935,21.671759013377763],[109.91045183795727,21.685137398828886],[109.9005960500295,21.68983156916261],[109.9107417140728,21.708138833464144],[109.9211772542316,21.70860825049752],[109.91885824530742,21.731140268099406],[109.93219254662145,21.73606914694982],[109.92842415711965,21.75320286866792],[109.93596093612324,21.771510132969457],[109.93190267050593,21.79357273353797],[109.93190267050593,21.81610475113986],[109.94291796289578,21.827370759940802],[109.94668635239756,21.85201515419287],[109.96958656552383,21.868914167394284],[109.98321074295339,21.876190131411562],[109.98292086683787,21.882292552845406],[110.00031343376921,21.882996678395465],[110.02031488574025,21.873373629211326],[110.03393906316981,21.872434795144578],[110.04988224952353,21.859291118210145],[110.06582543587726,21.86328116299381],[110.08234837446204,21.871965378111206],[110.08756614454144,21.88651730614576],[110.09655230412264,21.872904212177954],[110.1026397025486,21.885109055045643],[110.1168436322092,21.904589861930607],[110.12872855294562,21.90247748528043],[110.13481595137159,21.886752014662445],[110.146700872108,21.899895691596882],[110.16380356292382,21.899426274563506],[110.19279117447607,21.90247748528043],[110.20728498025218,21.895905646813212],[110.20583559967457,21.889803225379367],[110.22873581280083,21.88135371877866],[110.2542449109668,21.88323138691215],[110.26555007947218,21.896609772363274],[110.27946413301726,21.894966812746468],[110.28584140755875,21.91397820259806],[110.30816186845396,21.90904932374765],[110.31946703695934,21.89543622977984],[110.32903294877158,21.892385019062917],[110.36497758709635,21.89215031054623],[110.38729804799158,21.896375063846584],[110.3928056941865,21.908814615230963],[110.38526891518293,21.91914178996516],[110.38092077345009,21.932520175416283],[110.36874597659815,21.935571386133205],[110.37367387056203,21.943551475700538],[110.38671829576055,21.952705107851305],[110.37193461386889,21.970777663636152],[110.34845464851159,21.978992461720175],[110.35454204693755,21.990727887554492],[110.35686105586173,22.014668156256498],[110.34323687843218,22.041659635675426],[110.34932427685814,22.048935599692705],[110.34874452462711,22.064661070310688],[110.35454204693755,22.078274164278493],[110.35309266635994,22.088366630496008],[110.3461356395874,22.099632639296953],[110.36149907371009,22.099632639296953],[110.36062944536351,22.126858827232567],[110.32961270100262,22.145400800050787],[110.32265567423009,22.154554432201554],[110.32207592199904,22.16323864731895],[110.34381663066323,22.198679633338585],[110.37135486163785,22.16840223468605],[110.3890373046847,22.17333111353646],[110.38642841964501,22.182015328653854],[110.3939651986486,22.18952600118782],[110.40613999550054,22.193046628938113],[110.40527036715397,22.205720888839174],[110.41367677450413,22.21182331027302],[110.42701107581814,22.20971093362284],[110.4510707934065,22.189056584154446],[110.45309992621516,22.18365828827066],[110.47976852884321,22.162065104735515],[110.47976852884321,22.155023849234926],[110.48730530784681,22.1451660915341],[110.5067270075868,22.148217302251023],[110.52643858344231,22.157840351435162],[110.52643858344231,22.170984028369595],[110.5339753624459,22.17520878166995],[110.5455704070668,22.19586313113835],[110.5560059472256,22.199383758888644],[110.57977578869844,22.18858716712107],[110.59137083331933,22.189760709704505],[110.59919748843845,22.18225003717054],[110.59426959447455,22.16628985803587],[110.60209624959367,22.158075059951848],[110.61369129421456,22.162769230285576],[110.62499646271993,22.151972638518004],[110.6374611356874,22.155727974784984],[110.65137518923247,22.170279902819537],[110.67427540235875,22.175678198703324],[110.67137664120351,22.192342503388055],[110.66268035773784,22.203139095155624],[110.65224481757903,22.206190305872546],[110.64615741915307,22.215813355056685],[110.64325865799785,22.230834700124614],[110.64934605642381,22.242804834475617],[110.68268180970888,22.251958466626384],[110.6907983409435,22.262050932843895],[110.68616032309515,22.267918645761053],[110.69717561548501,22.277541694945192],[110.70297313779545,22.27449048422827],[110.716597315225,22.29819604441359],[110.72500372257515,22.298665461446962],[110.73514938661843,22.28481765896247],[110.7566002191671,22.27965407159537],[110.77950043229336,22.283878824895723],[110.78413845014171,22.295848959246726],[110.77428266221395,22.29960429551371],[110.76500662651725,22.320962770532166],[110.74384567008411,22.33340232191654],[110.74442542231515,22.354760796934997],[110.73659876719606,22.363914429085764],[110.72529359869068,22.36931272496955],[110.71572768687844,22.36297559501902],[110.70529214671963,22.373537478269903],[110.7087706601059,22.38926294888789],[110.70297313779545,22.409682589839598],[110.70848078399038,22.416958553856876],[110.7087706601059,22.435969943708468],[110.70587189895068,22.447235952509413],[110.68760970367276,22.452399539876513],[110.68847933201934,22.460379629443846],[110.67804379186052,22.477043934128577],[110.68616032309515,22.48267693852905],[110.70384276614202,22.469298553077927],[110.72036570472679,22.463900257194144],[110.73891777612022,22.469767970111302],[110.74065703281336,22.481033978912244],[110.73398988215635,22.49018761106301],[110.73398988215635,22.502392453930703],[110.74674443123934,22.522107969332353],[110.75891922809127,22.521873260815667],[110.75312170578081,22.535486354783476],[110.75399133412739,22.561069583102284],[110.75949898032232,22.57233559190323],[110.75573059082052,22.58500985180429],[110.76558637874828,22.592051107304883],[110.7722535294053,22.589938730654705],[110.78703721129693,22.576325636686896],[110.79486386641605,22.56013074903554],[110.80298039765067,22.5659984619527],[110.80385002599724,22.57749917927033],[110.80964754830768,22.582897475154112],[110.82501098243037,22.586887519937783],[110.8279097435856,22.59228581582157],[110.8447225582859,22.58594868587104],[110.85428847009814,22.591816398788193],[110.87515955041575,22.585479268837663],[110.88327608165037,22.587826354004527],[110.89458125015574,22.598857654288786],[110.8925521173471,22.61716491859032],[110.92472836617007,22.61129720567316],[110.93690316302201,22.611062497156475],[110.949657712105,22.616226084523575],[110.95719449110857,22.627492093324516],[110.95574511053096,22.635941599925225],[110.97574656250201,22.645329940592678],[110.99284925331783,22.634298640308423],[111.0067633068629,22.6483811513096],[111.02212674098558,22.654014155710072],[111.05053460030678,22.650728236476464],[111.05488274203961,22.666453707094448],[111.06879679558469,22.66973962632806],[111.0844501058229,22.69250635244663],[111.07778295516589,22.71128303378154],[111.05169410476887,22.729590298083075],[111.05633212261722,22.7342844684168],[111.08387035359186,22.733345634350055],[111.09401601763514,22.744376934634314],[111.11459722183723,22.746019894251116],[111.12648214257365,22.740386889850644],[111.13865693942559,22.739213347267214],[111.16735467486231,22.744142226117628],[111.17663071055901,22.739213347267214],[111.19721191476111,22.743438100567566],[111.19808154310766,22.75306114975171],[111.21431460557693,22.751183481618217],[111.23460593366349,22.771837831086614],[111.23576543812558,22.783807965437617],[111.24909973943961,22.789206261321404],[111.25199850059484,22.797186350888737],[111.26620243025543,22.79202276352164],[111.26852143917961,22.802349938255837],[111.28591400611094,22.811268861889918],[111.28562412999543,22.820891911074057],[111.30794459089066,22.854220520443516],[111.31519149377871,22.85398581192683],[111.32272827278229,22.86431298666103],[111.33461319351872,22.870415408094875],[111.35432476937424,22.892712717180075],[111.35490452160528,22.908907604831434],[111.36534006176409,22.917826528465515],[111.37026795572797,22.92768428616634],[111.36997807961245,22.9403585460674],[111.3604121678002,22.952093971901718],[111.35838303499155,22.970635944719938],[111.38968965546796,22.983310204621002],[111.39809606281811,22.9936373793552],[111.38853015100588,22.99997450930573],[111.38447188538856,23.008658724423125],[111.39200866439214,23.015934688440403],[111.40940123132349,23.022271818390934],[111.4186772670202,23.035650203842053],[111.42882293106348,23.039170831592347],[111.42853305494796,23.04996742335992],[111.4212861520599,23.056539261827137],[111.41925701925125,23.067570562111396],[111.40795185074587,23.071795315411748],[111.38853015100588,23.07109118986169],[111.3720072124211,23.0847042838295],[111.36852869903484,23.092449664880146],[111.36997807961245,23.114277556931977],[111.37606547803841,23.125778274249605],[111.37142746019006,23.144554955584514],[111.36620969011065,23.149014417401553],[111.39374792108528,23.161688677302614],[111.38708077042827,23.172015852036814],[111.37896423919364,23.169434058353264],[111.37954399142468,23.200884999589235],[111.38302250481095,23.21449809355704],[111.3720072124211,23.21825342982402],[111.37171733630558,23.22811118752485],[111.3615716722623,23.238673070775732],[111.36707931845723,23.26519513316129],[111.35461464548976,23.27294051421194],[111.34388922921542,23.27458347382874],[111.3473677426017,23.290543652963414],[111.35490452160528,23.29336015516365],[111.37229708853661,23.307442666164828],[111.37403634522975,23.314953338698793],[111.3589627872226,23.32410697084956],[111.3566437782984,23.329739975250032],[111.36244130060886,23.352271992851918],[111.36939832738139,23.35860912280245],[111.37316671688319,23.37269163380363],[111.38534151373513,23.380671723370966],[111.38737064654379,23.39311127475534],[111.37867436307812,23.401326072839364],[111.38418200927305,23.416112709390603],[111.38592126596618,23.43418526517545],[111.39084915993006,23.44122652067604],[111.3876605226593,23.450380152826806],[111.39403779720081,23.45976849349426],[111.39432767331633,23.471738627845262],[111.42331528486855,23.46868741712834],[111.42563429379274,23.478779883345855],[111.43375082502737,23.483239345162893],[111.44940413526558,23.5020160264978],[111.45549153369154,23.502954860564547],[111.46998533946766,23.530650465533533],[111.47578286177811,23.560693155669384],[111.48447914524378,23.56468320045305],[111.4833196407817,23.59496059910559],[111.48042087962648,23.6050530653231],[111.48187026020409,23.629228042541794],[111.49723369432677,23.632279253258716],[111.51114774787183,23.628523916991735],[111.53578721769125,23.634861046942266],[111.54564300561901,23.64354526205966],[111.55926718304855,23.636034589525696],[111.57492049328675,23.645892347226525],[111.59028392740944,23.644953513159777],[111.60274860037691,23.639320508759308],[111.61057525549602,23.64166759392617],[111.60970562714945,23.659974858227702],[111.61985129119273,23.67875153956261],[111.63202608804468,23.680863916212786],[111.63434509696884,23.693772884630537],[111.66014407125034,23.702691808264618],[111.66130357571242,23.720764364049465],[111.6285475746584,23.724989117349818],[111.61666265392199,23.728744453616798],[111.61231451218916,23.736255126150763],[111.623329804579,23.74845996901845],[111.62303992846347,23.79164633608874],[111.63405522085333,23.7939934212556],[111.6491287788605,23.825913779524942],[111.64999840720705,23.83647566277583],[111.66101369959691,23.837179788325887],[111.67086948752467,23.826617905075],[111.68623292164736,23.818872524024354],[111.6920304439578,23.839761582009437],[111.70942301088914,23.839996290526123],[111.71724966600826,23.825913779524942],[111.73870049855691,23.82286256880802],[111.74739678202258,23.815351896274056],[111.7671083578781,23.81277010259051],[111.78624018150258,23.81394364517394],[111.79203770381302,23.818168398474292],[111.80363274843393,23.812300685557133],[111.81029989909094,23.832250909475473],[111.8201556870187,23.834832703159023],[111.81609742140138,23.85994651444446],[111.81899618255662,23.873794316928954],[111.80827076628228,23.882009115012977],[111.80769101405124,23.89139745568043],[111.81725692586348,23.91392947328232],[111.83088110329302,23.91369476476563],[111.8410267673363,23.907122926298413],[111.8500129269175,23.91627655844918],[111.85291168807272,23.925664899116633],[111.84537490906914,23.938339159017698],[111.84972305080197,23.951248127435445],[111.86131809542287,23.949135750785267],[111.87407264450586,23.940451535667872],[111.89262471589929,23.9503092933687],[111.90711852167541,23.946788665618406],[111.91697430960318,23.958054674419348],[111.91900344241182,23.971198351353785],[111.93639600934317,23.985280862354962],[111.92885923033958,24.0000674989062],[111.91842369018079,24.00663933737342],[111.91523505291003,24.042315031909745],[111.90132099936497,24.050999247027136],[111.89262471589929,24.073061847595653],[111.88334868020257,24.080103103096242],[111.8850879368957,24.091369111897187],[111.87639165343003,24.10216570366476],[111.87378276839033,24.128687766050312],[111.88392843243362,24.165302294653383],[111.86769536996437,24.17633359493764],[111.86537636104018,24.184313684504975],[111.87001437888856,24.201212697706392],[111.87059413111959,24.21858112794118],[111.87436252062139,24.232428930425673],[111.90798815002198,24.224214132341654],[111.9187135662963,24.23900076889289],[111.93697576157422,24.238766060376204],[111.93581625711212,24.246511441426854],[111.94915055842615,24.255899782094307],[111.95320882404346,24.267635207928624],[111.960165850816,24.268339333478682],[111.96944188651273,24.258716284294543],[111.98451544451989,24.26341045462827],[111.98654457732854,24.28265655299655],[111.99726999360287,24.282421844479863],[112.01002454268585,24.29744318954779],[112.02451834846198,24.29932085768128],[112.02625760515511,24.31410749423252],[112.03930203035361,24.321383458249795],[112.04104128704674,24.33053709040056],[112.05408571224525,24.34156839068482],[112.05669459728496,24.36902928713712],[112.05553509282286,24.389448928088832],[112.04365017208644,24.390387762155576],[112.0366931453139,24.39649018358942],[112.03640326919839,24.412450362724094],[112.018430950036,24.44343188692669],[112.01234355161003,24.448830182810475],[111.99871937418048,24.45094255946065],[111.98103693113362,24.467372155628695],[111.97842804609391,24.479342289979698],[111.98741420567511,24.4964760116978],[112.00335739202885,24.501639599064898],[111.99900925029601,24.51314031638253],[112.00219788756675,24.524406325183474],[112.00074850698914,24.538958253218027],[111.99350160410108,24.55210193015246],[111.97379002824556,24.562898521920033],[111.97089126709034,24.5772157414379],[111.9471214256175,24.593645337605942],[111.93320737207242,24.598104799422984],[111.93262761984138,24.617116189274576],[111.92277183191362,24.63424991099268],[111.93262761984138,24.645281211276938],[111.94828093007959,24.65161834122747],[111.94161377942257,24.658659596728057],[111.93900489438286,24.67790569509634],[111.93146811537929,24.68424282504687],[111.94683154950198,24.697386501981303],[111.9549480807366,24.7232044388168],[111.96480386866436,24.72907215173396],[111.98103693113362,24.73024569431739],[111.9911825951769,24.736113407234548],[112.00480677260646,24.732592779484253],[112.01727144557391,24.743154662735137],[112.02567785292406,24.74690999900212],[112.02915636631033,24.75841071631975],[112.02857661407928,24.774136186937735],[112.05292620778317,24.79244345123927],[112.06162249124884,24.804648294106958],[112.07582642090944,24.80652596224045],[112.09118985503213,24.81990434769157],[112.08974047445452,24.825772060608728],[112.10916217419451,24.83398685869275],[112.12249647550854,24.84501815897701],[112.13438139624495,24.847599952660556],[112.1427878035951,24.840089280126595],[112.15525247656257,24.84666111859381],[112.16510826449033,24.865672508445403],[112.15757148548674,24.871305512845876],[112.1596006182954,24.88773510901392],[112.16974628233868,24.92951322498409],[112.16597789283689,24.932329727184324],[112.13612065293809,24.940779233785033],[112.13293201566734,24.950167574452486],[112.12249647550854,24.954627036269525],[112.11466982038942,24.970117798370822],[112.11756858154466,24.995231609656262],[112.1285838739345,24.999925779989987],[112.14887520202107,25.03114201270927],[112.14249792747958,25.041703895960154],[112.14626631698138,25.04851044294406],[112.14684606921242,25.064235913562044],[112.15757148548674,25.075736630879675],[112.16568801672136,25.10484048694878],[112.17003615845421,25.108830531732448],[112.16916653010765,25.13300550895114],[112.17989194638196,25.145914477368887],[112.18105145084405,25.164925867220482],[112.18713884927003,25.171732414204385],[112.18105145084405,25.186988467788996],[112.1894578581942,25.19003967850592],[112.21467708024466,25.18675375927231],[112.22569237263451,25.190743804055977],[112.24134568287272,25.188631427405802],[112.25004196633839,25.17572245898805],[112.25120147080048,25.164221741670424],[112.27526118838884,25.16891591200415],[112.27902957789061,25.161405239470188],[112.29526264035988,25.159762279853382],[112.30830706555838,25.178069544154916],[112.32685913695181,25.1783042526716],[112.35671637685061,25.19567268290639],[112.36628228866286,25.190978512572663],[112.3683114214715,25.178538961188288],[112.38686349286495,25.16445645018711],[112.38193559890107,25.1560069435864],[112.39787878525479,25.142159141101907],[112.40570544037391,25.142159141101907],[112.42019924615002,25.15788461171989],[112.42599676846046,25.181120754871838],[112.44280958316077,25.186284342238938],[112.45063623827987,25.176426584538113],[112.44425896373838,25.16375232463705],[112.45237549497301,25.154363983969596],[112.491218894453,25.14966981363587],[112.49817592122554,25.139107930384984],[112.51324947923271,25.140516181485104],[112.5210761343518,25.135822011151376],[112.53325093120375,25.137699679284868],[112.55962965771629,25.126433670483923],[112.5909362781927,25.12925017268416],[112.60890859735508,25.137464970768182],[112.61789475693628,25.135352594118004],[112.6260112881709,25.1440368092354],[112.65615840418523,25.135822011151376],[112.66572431599747,25.114698244649606],[112.67442059946315,25.113994119099548],[112.6906536619324,25.09826864848156],[112.69239291862553,25.089819141880856],[112.70688672440164,25.086063805613872],[112.71761214067598,25.051561653660983],[112.70775635274822,25.04334685557696],[112.7100753616724,25.02856021902572],[112.71877164513808,25.01189591434099],[112.72833755695031,25.01189591434099],[112.73674396430046,25.000395197023362],[112.74138198214882,24.985139143438747],[112.73674396430046,24.980914390138395],[112.73790346876254,24.96119887473674],[112.75123777007659,24.959086498086567],[112.77529748766494,24.95110640851923],[112.7799355055133,24.9447692785687],[112.77558736378046,24.926696722783852],[112.782544390553,24.920594301350008],[112.77413798320285,24.901582911498412],[112.78805203674793,24.89360282193108],[112.81472063937598,24.89853170078149],[112.83124357796075,24.897123449681374],[112.83936010919538,24.900644077431668],[112.86776796851657,24.900174660398296],[112.87037685355628,24.91003241809912],[112.87878326090643,24.915430713982907],[112.90632149188104,24.92364551206693],[112.93212046616253,24.91848192469983],[112.9535712987112,24.926931431300538],[112.96951448506493,24.922002552450124],[112.98516779530314,24.92880909943403],[112.98922606092046,24.943830444501955],[113.00227048611896,24.946177529668816],[113.0066186278518,24.95251465961935],[112.99734259215506,24.960494749186683],[113.00342999058105,24.965658336553783],[113.0042996189276,24.98490443492206],[112.98052977745478,25.0048546588404],[112.98632729976522,25.021518963525132],[112.97589175960641,25.029029636059093],[112.97357275068224,25.036540308593057],[112.98342853861,25.048979859977432],[112.99212482207568,25.05179636217767],[112.9976324682706,25.061419411361808],[112.99444383099984,25.069164792412458],[113.01067689346911,25.084655554513756],[113.0042996189276,25.08934972484748],[112.98284878637895,25.120096540533392],[112.96429671498552,25.13816909631824],[112.9602384493682,25.145445060335515],[112.96632584779418,25.157649903203204],[112.9651663433321,25.16680353535397],[113.00458949504313,25.192386763672783],[113.02401119478313,25.194029723289585],[113.02893908874702,25.199897436206744],[113.02256181420552,25.213979947207925],[113.00951738900702,25.217031157924847],[113.00053122942582,25.23533842222638],[112.99212482207568,25.24003259256011],[112.98748680422732,25.25012505877762],[112.97154361787358,25.248482099160817],[112.95560043151985,25.257166314278212],[112.94632439582313,25.24895151619419],[112.92922170500731,25.253880395044604],[112.90632149188104,25.24824739064413],[112.89849483676194,25.241440843660225],[112.88718966825657,25.248482099160817],[112.86805784463209,25.25012505877762],[112.86052106562852,25.258105148344956],[112.86660846405448,25.27312649341288],[112.86110081785955,25.279933040396784],[112.84950577323866,25.313261649766243],[112.8564628000112,25.321476447850266],[112.84660701208344,25.335089541818075],[112.85327416274046,25.33790604401831],[112.86544895959238,25.329456537417602],[112.87385536694254,25.337671335501625],[112.89095805775835,25.33907958660174],[112.89762520841538,25.311853398666127],[112.90516198741895,25.30340389206542],[112.9173367842709,25.299179138765066],[112.92719257219866,25.325466492633936],[112.93965724516613,25.329456537417602],[112.94400538689897,25.338844878085055],[112.95965869713717,25.343069631385408],[112.96226758217686,25.349406761335942],[112.9770512640685,25.356682725353217],[112.98980581315149,25.350580303919372],[113.00458949504313,25.355743891286473],[113.01618453966404,25.347763801719136],[113.02198206197448,25.363723980853806],[113.0364758677506,25.368418151187534],[113.06198496591657,25.384847747355575],[113.07560914334611,25.386255998455695],[113.07444963888403,25.393297253956284],[113.08488517904283,25.39939967539013],[113.08720418796702,25.4205234418919],[113.10662588770701,25.424044069642196],[113.11590192340373,25.417472231174976],[113.12749696802462,25.417941648208352],[113.12053994125208,25.440708374326924],[113.11242341001746,25.44986200647769],[113.11648167563477,25.460658598245264],[113.13938188876104,25.481078239196975],[113.14720854388014,25.482955907330464],[113.14430978272492,25.49469133316478],[113.16228210188731,25.492344247997917],[113.16402135858044,25.482721198813778],[113.1738771465082,25.471689898529522],[113.18315318220492,25.47873115403011],[113.19967612078969,25.484129449913898],[113.20634327144671,25.505253216415667],[113.23649038746103,25.518866310383473],[113.24315753811806,25.517458059283356],[113.2501145648906,25.50454909086561],[113.26402861843566,25.508539135649276],[113.27794267198074,25.49680370981496],[113.29127697329477,25.511590346366198],[113.30432139849327,25.49422191613141],[113.30837966411059,25.46277097489544],[113.30693028353298,25.446576087244082],[113.31794557592283,25.452678508677927],[113.33243938169895,25.45244380016124],[113.36084724102014,25.434840661409766],[113.36664476333058,25.407849181990837],[113.38345757803089,25.40761447347415],[113.39041460480342,25.400338509456876],[113.40142989719327,25.404328554240543],[113.41795283577804,25.397287298739954],[113.42114147304879,25.378980034438417],[113.43882391609566,25.362550438270375],[113.44520119063715,25.362550438270375],[113.45679623525805,25.373347030037948],[113.46839127987894,25.370295819321026],[113.47418880218939,25.380388285538537],[113.48549397069476,25.37639824075487],[113.51158282109176,25.372173487454514],[113.50781443158999,25.365601648987298],[113.51448158224699,25.356917433869903],[113.52926526413864,25.370530527837712],[113.53825142371983,25.370530527837712],[113.54086030875953,25.35973393607014],[113.55361485784252,25.352457972052864],[113.57506569039117,25.347998510235822],[113.57854420377744,25.340018420668486],[113.57303655758253,25.318894654166716],[113.5843417260879,25.317251694549913],[113.6052128064055,25.328048286317483],[113.63478017018878,25.33391599923464],[113.65043348042698,25.331099497034405],[113.6594196400082,25.339549003635113],[113.67565270247744,25.336732501434877],[113.68695787098281,25.35644801683653],[113.70261118122102,25.3552744742531],[113.71855436757475,25.361846312720317],[113.72927978384908,25.351753846502803],[113.73768619119923,25.36607106602067],[113.74841160747356,25.36395868937049],[113.75768764317027,25.34236550583535],[113.75739776705475,25.33227303961784],[113.77537008621714,25.33720191846825],[113.79508166207266,25.331099497034405],[113.81682237073684,25.33344658220127],[113.83015667205086,25.34870263578588],[113.82812753924222,25.359264519036767],[113.8359541943613,25.36865285970422],[113.86204304475834,25.372877613004572],[113.870739328224,25.3827353707054],[113.87827610722758,25.40127734352362],[113.87682672664997,25.411839226774504],[113.88552301011563,25.417002814141604],[113.87827610722758,25.436953038059944],[113.88204449672938,25.440238957293552],[113.90842322324191,25.446341378727396],[113.93480194975444,25.441177791360296],[113.9394399676028,25.44469841911059]]]]}},{"type":"Feature","properties":{"adcode":"810000","name":"香港特别行政区"},"geometry":{"type":"MultiPolygon","coordinates":[[[[114.22670719808548,22.543701152867495],[114.21801091461981,22.54276231880075],[114.2087348789231,22.53384339516667],[114.21627165792668,22.525628597082648],[114.23366422485802,22.531965727033178],[114.24178075609265,22.548160614684537],[114.25830369467742,22.547691197651165],[114.26699997814309,22.53642518885022],[114.26149233194818,22.526567431149395],[114.27917477499503,22.52867980779957],[114.28149378391922,22.519995592682175],[114.29076981961592,22.508494875364548],[114.30294461646787,22.499575951730467],[114.32178656397681,22.504739539097564],[114.3252650773631,22.50051478579721],[114.30700288208519,22.483146355562422],[114.26294171252579,22.462257297577338],[114.2568543140998,22.45380779097663],[114.2475782784031,22.45521604207675],[114.23105533981831,22.47234976379485],[114.21337289677146,22.473288597861597],[114.19742971041772,22.452868956909885],[114.18119664794847,22.45193012284314],[114.17829788679325,22.44488886734255],[114.19684995818668,22.438551737392018],[114.21337289677146,22.427051020074387],[114.21366277288698,22.41085613242303],[114.22090967577503,22.410152006872973],[114.2243881891613,22.42259155825735],[114.23801236659085,22.436908777775216],[114.26757973037414,22.433388150024918],[114.27192787210697,22.419070930507054],[114.28555204953652,22.424703934907523],[114.278595022764,22.444419450309177],[114.29221920019353,22.458501961310358],[114.30004585531265,22.454042499493315],[114.3084522626628,22.470941512694733],[114.3214966878613,22.48056456187887],[114.32729421017174,22.460614337960536],[114.3371499980995,22.462961423127396],[114.34149813983234,22.444419450309177],[114.35396281279981,22.431745190408115],[114.35483244114637,22.45052187174302],[114.36961612303801,22.45521604207675],[114.36961612303801,22.43784761184196],[114.39773410624369,22.436204652225154],[114.39744423012816,22.423999809357465],[114.38671881385383,22.420948598640543],[114.37541364534846,22.41085613242303],[114.37657314981055,22.39818187252197],[114.39077707947115,22.386446446687653],[114.39077707947115,22.370955684586352],[114.38295042435203,22.37377218678659],[114.37309463642428,22.354291379901625],[114.34439690098756,22.347484832917722],[114.33106259967354,22.363914429085764],[114.33483098917533,22.373537478269903],[114.31801817447503,22.38339523597073],[114.30758263431622,22.385507612620906],[114.28555204953652,22.39560007883842],[114.27656588995532,22.391375325538064],[114.27250762433802,22.364618554635822],[114.26497084533443,22.371190393103042],[114.25540493352219,22.357577299135233],[114.26815948260517,22.351240169184702],[114.26555059756548,22.344198913684114],[114.27221774822249,22.322605730148968],[114.29511796134875,22.3118091383814],[114.3035243686989,22.31040088728128],[114.31222065216458,22.298430752930276],[114.30236486423682,22.287634161162707],[114.28758118234518,22.287868869679393],[114.2930888285401,22.27589873532839],[114.28178366003473,22.270969856477976],[114.27395700491563,22.262520349877267],[114.2643910931034,22.275429318295014],[114.26786960648965,22.289042412262823],[114.26033282748608,22.301247255130512],[114.24352001278578,22.285756493029215],[114.23975162328398,22.286225910062587],[114.22206918023713,22.30594142546424],[114.2154020295801,22.30335963178069],[114.19656008207116,22.320258644982104],[114.1919220642228,22.31439093206495],[114.19308156868487,22.302655506230632],[114.17713838233115,22.29373658259655],[114.1698914794431,22.29303245704649],[114.16003569151533,22.30711496804767],[114.16003569151533,22.31556447464838],[114.14583176185474,22.328004026032755],[114.14380262904608,22.31814626833193],[114.12930882326995,22.31744214278187],[114.11974291145772,22.348658375501152],[114.11075675187652,22.366496222769314],[114.07974000751562,22.369078016452864],[114.06814496289473,22.363210303535705],[114.06031830777565,22.366261514252628],[114.02988131564578,22.355464922485055],[114.0197356516025,22.35663846506849],[114.00930011144371,22.365087971669197],[114.00002407574698,22.361802052435586],[113.97654411038967,22.38151756783724],[113.97248584477236,22.370720976069666],[113.9562527823031,22.372833352719844],[113.94726662272191,22.35968967578541],[113.93712095867863,22.35922025875204],[113.91509037389892,22.37518043788671],[113.9200182678628,22.381048150803867],[113.9121916127437,22.403345459889067],[113.90146619646937,22.406631379122675],[113.91422074555236,22.420948598640543],[113.93770071090967,22.42634689452433],[113.95741228676519,22.45005245470965],[113.97828336708281,22.459440795377102],[113.98495051773982,22.472115055278163],[113.9924872967434,22.477278642645263],[113.99886457128488,22.489248776996266],[114.01161912036787,22.48643227479603],[114.01016973979026,22.475870391545147],[114.03306995291653,22.4800951448455],[114.03422945737861,22.498402409147033],[114.04379536919086,22.50427012206419],[114.05654991827384,22.50427012206419],[114.06466644950848,22.516944381965253],[114.0817691403243,22.517883216032],[114.07829062693801,22.529853350383004],[114.0884362909813,22.53642518885022],[114.10669848625922,22.534312812200042],[114.1116263802231,22.52938393334963],[114.1235113009595,22.538772274017084],[114.13626585004249,22.542997027317437],[114.14757101854786,22.54158877621732],[114.14989002747205,22.550742408368087],[114.16032556763085,22.561539000135657],[114.1893131791831,22.554028327601696],[114.19713983430219,22.556844829801932],[114.2177210385043,22.555905995735184],[114.22670719808548,22.543701152867495]]],[[[114.04785363480818,22.346311290334288],[114.0559701660428,22.334341155983285],[114.05307140488758,22.319789227948732],[114.05510053769623,22.310635595797965],[114.03683834241832,22.306410842497613],[114.02843193506817,22.312043846898085],[114.0171267665628,22.309931470247907],[114.01509763375415,22.29702250183016],[114.02263441275772,22.283174699345665],[114.02147490829563,22.26697981169431],[114.01422800540757,22.265336852077503],[114.00379246524878,22.272378107578092],[113.99799494293833,22.26862277131111],[114.01161912036787,22.251958466626384],[114.0017633324401,22.249141964426148],[113.99480630566758,22.239753623758695],[114.01741664267831,22.226375238307572],[114.00060382797803,22.214639812473255],[113.98697965054848,22.21229272730639],[113.97335547311891,22.24069245782544],[113.92610566628878,22.225671112757514],[113.93074368413713,22.210415059172902],[113.9121916127437,22.206425014389232],[113.8991471875452,22.21440510395657],[113.89827755919862,22.22215048500722],[113.88320400119147,22.21956869132367],[113.86784056706878,22.202904386638938],[113.85363663740819,22.201965552572194],[113.84204159278728,22.208302682522724],[113.84146184055624,22.233885910841536],[113.85247713294609,22.233181785291475],[113.851317628484,22.24327425150899],[113.86146329252728,22.24702958777597],[113.86494180591356,22.258999722126973],[113.87334821326371,22.26862277131111],[113.88436350565355,22.269796313894545],[113.89711805473654,22.291154788913],[113.9159600022455,22.292797748529804],[113.93277281694579,22.281531739728862],[113.93654120644757,22.29068537187963],[113.94726662272191,22.29702250183016],[113.97074658807922,22.300543129580454],[114.02031540383355,22.333167613399855],[114.02727243060608,22.33293290488317],[114.04785363480818,22.346311290334288]]],[[[114.21482227734907,22.224262861657394],[114.2217793041216,22.21557864654],[114.21830079073533,22.209476225106155],[114.22322868469922,22.19586313113835],[114.21163364007832,22.196567256688407],[114.2101842595007,22.21862985725692],[114.20032847157294,22.216752189123433],[114.19829933876429,22.23294707677479],[114.17887763902428,22.244213085575733],[114.17192061225175,22.22966115754118],[114.1661230899413,22.233181785291475],[114.16409395713265,22.245386628159164],[114.1377152306201,22.248437838876086],[114.11626439807145,22.274725192744956],[114.11916315922667,22.281531739728862],[114.1388747350822,22.290215954846254],[114.17974726737086,22.280592905662115],[114.19018280752965,22.285052367479157],[114.19482082537802,22.292797748529804],[114.21453240123354,22.292093622979746],[114.22815657866309,22.283174699345665],[114.23482372932011,22.28411353341241],[114.25743406633086,22.26181622432721],[114.25047703955832,22.242100708925555],[114.2501871634428,22.227548780891002],[114.25569480963772,22.212762144339763],[114.2426503844392,22.20806797400604],[114.24178075609265,22.21816044022355],[114.23018571147175,22.23177353419136],[114.21482227734907,22.224262861657394]]],[[[114.12119229203533,22.233885910841536],[114.13162783219414,22.206190305872546],[114.15017990358757,22.21182331027302],[114.12785944269234,22.178729409420246],[114.11829353088011,22.180137660520366],[114.12235179649743,22.202904386638938],[114.11974291145772,22.21816044022355],[114.10756811460578,22.211353893239647],[114.10321997287295,22.21816044022355],[114.12119229203533,22.233885910841536]]],[[[113.89566867415893,22.29373658259655],[113.8979876830831,22.301247255130512],[113.89305978911922,22.31087030431465],[113.93335256917683,22.323779272732402],[113.93567157810102,22.320962770532166],[113.95857179122729,22.320962770532166],[113.95915154345832,22.310635595797965],[113.9420488526425,22.3118091383814],[113.93393232140788,22.29045066336294],[113.9159600022455,22.295379542213354],[113.89566867415893,22.29373658259655]]],[[[114.10756811460578,22.363210303535705],[114.11771377864906,22.331055236749677],[114.11394538914728,22.327534608999382],[114.09191480436758,22.326126357899263],[114.09278443271414,22.338331200766955],[114.08437802536399,22.3444336222008],[114.07887037916908,22.358516133201977],[114.0884362909813,22.362740886502333],[114.10756811460578,22.363210303535705]]],[[[114.30555350150757,22.37564985492008],[114.31743842224398,22.377996940086945],[114.32062705951473,22.36039380133547],[114.32729421017174,22.351005460668016],[114.3214966878613,22.342086537033936],[114.31164089993354,22.34302537110068],[114.3035243686989,22.351709586218075],[114.30700288208519,22.357577299135233],[114.30555350150757,22.37564985492008]]],[[[114.03306995291653,22.215813355056685],[114.03364970514758,22.20337380367231],[114.02147490829563,22.195628422621663],[114.0171267665628,22.20102671850545],[114.03306995291653,22.215813355056685]]],[[[114.27395700491563,22.16488160693575],[114.26091257971711,22.160187436602026],[114.24989728732727,22.1658204410025],[114.2643910931034,22.180372369037052],[114.27105824376041,22.177086449803443],[114.27395700491563,22.16488160693575]]],[[[114.29569771357981,22.258765013610287],[114.2983065986195,22.247733713326028],[114.28729130622966,22.23998833227538],[114.28033427945712,22.245151919642478],[114.28468242118996,22.25454026030993],[114.29569771357981,22.258765013610287]]],[[[114.16264457655504,22.228957031991122],[114.14525200962369,22.24491721112579],[114.15945593928429,22.245151919642478],[114.16264457655504,22.228957031991122]]],[[[114.35976033511025,22.48643227479603],[114.36671736188279,22.472819180828225],[114.35802107841712,22.46671675939438],[114.35396281279981,22.48150339594562],[114.35976033511025,22.48643227479603]]],[[[114.32613470570965,22.340678285933816],[114.33048284744248,22.328004026032755],[114.32004730728369,22.32659577493264],[114.31569916555085,22.338096492250266],[114.32613470570965,22.340678285933816]]]]}},{"type":"Feature","properties":{"adcode":"820000","name":"澳门特别行政区"},"geometry":{"type":"MultiPolygon","coordinates":[[[[113.57332643369804,22.1658204410025],[113.58753036335864,22.165116315452437],[113.58868986782073,22.14704375966759],[113.5805733365861,22.138359544550198],[113.59245825732252,22.129205912399428],[113.572746681467,22.12357290799896],[113.57042767254282,22.112072190681328],[113.55013634445625,22.112072190681328],[113.55187560114939,22.14469667450073],[113.53941092818192,22.16253452176889],[113.55216547726491,22.1658204410025],[113.57332643369804,22.1658204410025]]],[[[113.553324981727,22.21557864654],[113.56086176073057,22.210180350656216],[113.56231114130819,22.19961846740533],[113.5585427518064,22.187178916020954],[113.54926671610968,22.181780620137168],[113.53158427306282,22.179433534970304],[113.53477291033357,22.20736384845598],[113.53506278644909,22.213466269889825],[113.553324981727,22.21557864654]]]]}}]}