{"type":"Topology","arcs":[[[51172,29625],[-52,41],[-87,4],[-61,-13],[-66,17],[-69,46],[-58,17],[-73,-21]],[[50706,29716],[-31,50],[-31,6],[-16,21],[-6,34],[2,63],[-119,64],[-126,43],[-41,127],[-42,87],[7,234],[-18,20],[-83,3],[-6,108],[-19,57],[-121,91],[-124,156],[-52,200],[-3,63],[-31,62],[-12,65],[-50,90],[-42,132],[-34,76],[-4,23],[8,53]],[[49712,31644],[47,-22],[45,9],[25,-15],[29,-41],[33,-8],[34,26],[47,-8],[59,-41],[49,-8],[59,36],[101,196],[77,198],[42,72],[114,102],[87,57],[18,48],[10,170],[9,21],[91,93],[48,34],[59,23],[161,1]],[[50956,32587],[3,-147],[7,-7],[194,-13],[61,-68],[48,-15],[61,-94],[73,-9],[96,-62],[25,-39],[50,-14],[-17,-76],[2,-67],[20,-94],[-3,-364],[9,-122],[-26,-161],[-45,-61],[4,-59],[27,-25],[5,-20],[-17,-125],[13,-74],[43,-138],[-4,-49],[-77,-233],[-44,-63],[-4,-127],[-30,-82],[19,-70],[-243,-439],[-34,-45]],[[49712,31644],[-40,70],[-39,40],[-159,28],[-217,-71]],[[49257,31711],[-223,362],[-75,96],[-27,146],[-14,135],[0,664],[0,631],[480,6],[-19,82],[6,72],[20,94],[-8,133],[3,211],[18,101],[-19,234]],[[49399,34678],[27,-9],[14,-59],[45,-20],[11,-25],[7,-55],[-15,-51],[11,-20],[34,-9],[36,37],[150,62],[8,-11],[-9,-74],[16,-95],[39,-57],[26,4],[99,-64],[138,-36],[55,3],[31,29],[23,124],[27,16],[9,-11],[10,-78],[45,-71],[27,-110],[10,-14],[17,-17],[51,-8],[135,-102],[33,-140],[30,-11],[14,-28],[46,-127],[5,-40],[17,-27],[46,-13],[85,65],[19,-22],[5,-50],[17,-18],[13,7],[5,30],[0,533],[-70,-32],[-5,-84],[-14,-5],[-88,36],[-52,100],[-89,135],[-24,107],[-7,37],[46,299],[23,58],[1,52],[-9,67],[5,248],[-6,67],[-15,74],[-34,103],[0,22],[68,92],[46,100],[11,37],[4,49],[-9,46],[449,128]],[[51042,35852],[34,-123],[34,-54],[77,-4],[45,-47],[5,-40],[29,-46],[35,3],[24,-17],[6,-49],[45,-9],[22,-23],[52,-13],[13,-25],[104,-85]],[[51567,35320],[15,-50],[4,-45],[18,-6],[8,15],[22,-10],[13,-59],[25,-44],[-10,-78],[53,-86],[6,-68],[26,-71],[-1,-17],[-47,-84],[-29,-13],[-20,-35],[29,-116],[-27,-108],[-9,-6],[-1,-52],[15,-33],[3,-35],[0,-86],[-12,-99],[21,-85],[42,-18],[-28,-62],[-91,-61],[-18,-77],[13,-42],[-8,-142],[-28,-102],[-23,-41],[-21,-17],[31,-43],[-8,-32],[25,-25],[30,-90],[38,36],[13,-32]],[[51636,33301],[-403,-247],[-210,-106],[-107,-75],[5,-84],[24,-74],[11,-128]],[[56451,46739],[-122,-78],[-61,-77],[-22,-54],[-15,-94],[11,-86],[-1,-46],[-113,-95],[-35,-45],[-69,-48],[-192,-83],[-87,-82],[-64,-10],[-134,-83],[-73,-80],[-29,-83],[-64,-95],[-94,-23],[-70,22],[-86,-83],[-55,-86],[-104,-50],[-46,-36],[-69,-22],[-73,4],[-68,-13],[-64,-24],[-63,-120],[-56,-30],[-30,-80],[-69,-22],[-33,23],[-63,-65],[-86,-27],[-90,60],[-35,-20],[-3,61],[-59,188],[12,187],[-12,73],[-35,66],[1,85],[-21,122],[4,32],[-24,114],[3,54],[-19,85],[-48,44],[10,40],[21,-26],[3,26],[-20,145],[30,165],[-10,149]],[[53960,46618],[57,78],[17,50],[15,11],[4,54],[-16,57],[10,115],[19,27],[-12,26],[1,14],[55,69],[43,-20],[28,-46],[50,-17],[58,32],[240,12],[63,-47],[31,-8],[187,-31],[102,16],[60,-138],[40,-2],[73,72],[33,147],[143,311],[211,186],[711,182]],[[56183,47768],[182,-743],[17,-14],[69,-272]],[[53909,46149],[-7,-9],[-2,17],[12,49],[6,-28],[-9,-29]],[[53950,45449],[-16,-14],[11,35],[14,6],[-9,-27]],[[53957,45566],[-7,-7],[-15,23],[16,26],[9,-24],[-3,-18]],[[56615,44981],[103,12],[79,-49],[-24,-31],[-35,-15],[-34,-38],[-99,-18],[-30,10],[-68,83],[28,58],[25,23],[25,-4],[30,-31]],[[68798,43997],[3,-73],[-10,-50],[3,-22],[-7,-14],[-16,94],[-25,56],[12,-1],[21,25],[10,1],[9,-16]],[[69745,48869],[-40,-5],[-42,-57],[-55,-36],[-13,-101],[-46,-46],[-22,22],[-46,-22],[-49,22],[17,-116],[-49,-91],[6,-59],[-14,-45],[-85,-131],[-25,-2],[-19,-21],[-41,-154],[-6,-129],[-18,-72],[-19,-31],[-4,-40],[65,-204],[43,-81],[42,-42],[63,-120],[-10,-32],[5,-67],[-30,19],[4,-8],[35,-36],[53,-130],[93,-136],[15,-70],[89,-111],[-2,-15],[63,-91],[8,-35],[47,4],[44,-105],[14,-1],[4,-44],[27,-51],[44,-126],[59,-91],[29,-165],[35,-125],[0,-71],[53,-306],[-4,-40],[-10,40],[1,-116],[9,-61],[-4,-76],[37,-141],[5,-156],[-26,66],[-29,-46],[21,-112],[-23,11],[2,-150],[10,-52],[-3,-20],[-8,44],[-11,-43],[-2,-33],[10,-49],[-16,-54],[-23,-4],[-13,-112],[-40,-9],[-29,-51],[-36,-19],[-68,-97],[-43,-17],[-23,-77],[-37,-9],[-142,-132],[-16,32],[-26,12],[-12,25],[-7,46],[-15,-114],[-11,-8],[-21,22],[-21,45],[-29,-31],[32,-9],[9,-30],[-5,-35],[-71,1],[64,-46],[14,-19],[0,-15],[-31,-55],[0,-39],[-15,-18],[-35,35],[-76,124],[11,-35],[79,-141],[13,-46],[2,-33],[-21,-36],[-26,-1],[-42,52],[-67,126],[-23,17],[79,-179],[12,-40],[-9,-46],[-162,-133],[-43,-128],[-51,-76],[-54,-20],[-29,7],[30,65],[-18,24],[6,353],[14,92],[46,37],[-2,42],[-14,31],[-37,21],[-17,38],[-34,-14],[-12,16],[-5,26],[-40,63]],[[68886,44005],[33,46],[70,8],[47,74],[3,14],[-9,67],[6,11],[65,-29],[22,46],[84,17],[24,-55],[21,9],[39,-38],[16,-1],[-8,55],[7,51],[-74,112],[-1,150],[18,8],[19,46],[95,-31],[4,114],[69,14],[16,32],[40,11],[68,99],[29,7],[15,-26],[28,46],[11,76],[-19,215],[32,179],[-3,37],[-64,265],[8,106],[21,36],[10,42],[11,45],[-4,24]],[[69635,45887],[1,73],[-11,48],[18,34],[24,86],[-21,60],[-69,100],[-28,80],[55,66],[1,40],[-43,40],[-36,64],[-34,32],[-19,71],[-27,-28],[-20,18],[-27,69],[-11,133],[-18,21],[-38,94],[-64,87],[-76,142],[-16,42],[-9,65],[-31,75],[-31,16],[-53,94],[-6,40],[14,68],[-37,33],[-67,33],[-147,172],[-46,32],[-7,16],[1,16],[32,35],[9,27],[-12,72],[4,12],[55,5],[80,-29],[37,59],[18,66],[27,50],[0,28],[-19,52],[-36,2],[-20,74],[-60,29],[40,50],[12,40],[-57,77],[-60,54],[-53,-37],[-22,-22],[-19,-41],[-19,-9],[-41,37],[-88,49],[-61,164],[24,133],[0,49],[-25,23],[-7,32],[-19,-57],[-19,-1],[-19,100],[-23,24],[-74,143],[-13,41]],[[68329,49250],[26,39],[41,106],[16,18],[87,-71],[37,-61],[37,41],[1,22],[45,78],[41,-80],[30,85],[78,-106],[12,20],[16,73],[21,21],[17,4],[21,-43],[18,-3],[37,44],[39,8],[26,39],[8,82],[9,16],[99,92],[54,-72],[12,-47],[35,-19],[37,-47],[29,6],[9,17],[36,-3],[31,-49],[64,22],[58,-56],[-19,-62],[-29,-29],[-8,-31],[1,-70],[20,-23],[4,-21],[3,-115],[15,9],[59,-33],[22,-57],[28,-34],[23,-2],[19,-45],[20,14],[9,-19],[41,7],[29,18],[52,-64]],[[69416,43248],[-12,8],[22,28],[-1,-28],[-9,-8]],[[69550,43999],[-21,-26],[-1,22],[28,26],[-6,-22]],[[69477,48565],[-3,-8],[-21,30],[6,28],[18,-50]],[[69655,48741],[-35,-55],[-13,1],[17,77],[31,-23]],[[69635,48614],[-29,-10],[36,57],[-7,-47]],[[69517,48535],[-10,-2],[-20,36],[11,19],[27,-22],[-8,-31]],[[28864,43447],[-29,-14],[8,32],[31,18],[11,-7],[-21,-29]],[[28131,44321],[8,-57],[-25,-50],[-33,-1],[-26,33],[-14,-8],[-44,18],[13,30],[32,15],[25,-35],[20,-2],[6,29],[27,44],[11,-16]],[[27800,44222],[-12,-9],[-36,23],[7,16],[20,0],[21,-30]],[[28821,43329],[-15,-9],[-2,44],[37,54],[16,-33],[-3,-20],[-33,-36]],[[29059,43189],[45,-106],[-4,-25],[-29,-25],[-16,-61],[-35,-26],[-49,-73],[-32,-6],[-24,-73],[-26,-49],[27,-94],[-6,-48],[12,-24],[57,-3],[6,-25],[-7,-39],[-11,-26],[-78,-77],[-37,8],[-16,-24],[-51,-16],[-14,-47],[13,-62],[6,-102],[-64,-120],[157,-323]],[[28883,41723],[17,-17],[17,-94],[-18,-54],[-55,-61],[-24,-67],[-24,-13],[-43,5],[-21,-37],[-27,-13],[-18,-50],[-65,-40],[-80,-43],[-63,26],[-48,-51],[-25,-10],[-13,-152],[-22,-35],[-27,1],[-90,153],[-45,-22],[-31,21],[-89,-5],[-41,86],[-93,6],[-36,59],[-16,1],[-7,-20],[36,-96],[109,-186],[0,-168],[44,-176],[7,-57],[-9,-75],[30,-22],[129,-17],[-1,-83],[-9,-29],[-140,-99],[-26,-137],[-21,-39],[-24,-33],[-44,-1],[-60,-87],[-21,2],[-69,-66],[-39,-77],[-23,-27],[-28,-78],[-20,-2],[-1,27],[9,41],[-10,37],[-28,25],[-31,-21],[-61,-66],[-69,-8],[-128,200]],[[27398,39979],[-2,59],[-24,106],[-1,35],[-35,140],[0,44],[-20,77],[1,50],[-87,132],[-12,45],[-36,17],[-22,-17],[5,44],[117,188],[10,41],[-45,120],[-25,34],[-15,42],[-29,147],[-7,112],[-10,23],[12,274],[-5,60],[9,46],[22,32],[13,49],[3,66],[13,54],[25,43],[8,42],[-10,67],[-21,27],[-70,21],[-20,-21],[-129,-37],[-64,0],[-48,18],[-38,-6],[-43,-37],[-21,21],[-17,-10],[-170,363],[-63,9],[-65,48],[-19,3],[-67,-42],[-28,-3],[-120,20],[-65,-19],[-28,19],[-19,28],[-30,120],[-45,19],[-19,48],[7,194],[21,53],[-8,88],[-6,41],[-60,108],[-32,211],[-40,11],[-12,46],[-12,9],[-32,-29],[-35,-11],[-7,11],[87,261],[33,307],[44,152],[59,121],[48,36],[70,206],[102,48],[52,38]],[[26321,44641],[-23,-47],[-17,-15],[-93,-41],[-21,-25],[3,-68],[27,-98],[46,-77],[-21,-9],[10,-70],[22,-48],[1,-30],[-17,-93],[-71,-147],[-38,-128],[29,-77],[5,-39],[52,-95],[-5,-37],[10,-51],[13,-27],[16,-11],[20,0],[72,49],[37,83],[8,156],[-7,56],[-44,136],[-30,53],[-26,118],[-12,108],[20,25],[-2,56],[50,16],[107,91],[67,23],[76,49],[33,64],[11,5],[40,-38],[19,13],[8,30],[-11,57],[-91,-21],[-22,115],[20,93],[48,35],[35,-55],[24,-165],[12,-49],[19,-37],[97,17],[43,-25],[55,-13],[104,-119],[18,-93],[13,-30],[-13,-31],[7,-53],[15,-52],[23,-34],[64,-9],[179,43],[35,18],[180,9],[34,-25],[4,-44],[58,-95],[47,-13],[128,-69],[67,12],[161,158],[85,-4],[25,24],[-32,24],[-71,9],[-22,-16],[-12,41],[103,12],[91,-9],[74,29],[59,-1],[60,19],[111,-22],[88,18],[-10,-26],[-76,-21],[-35,-38],[-76,7],[-54,-14],[17,-11],[0,-39],[15,-8],[23,-48],[6,-40],[-8,-43],[-11,-19],[22,6],[12,21],[0,43],[12,-7],[9,-11],[47,-172],[10,5],[14,39],[17,-27],[-1,69],[19,-2],[41,-46],[42,-104],[-8,80],[34,1],[9,34],[68,-115],[72,-33],[53,-86],[-12,-42],[-31,-22],[-13,-26],[-24,-137],[-30,-106],[-90,-2],[76,-82],[27,35],[38,2],[57,43],[78,-20],[34,36],[42,-5],[36,-30]],[[46607,57805],[-2,3],[2,0],[0,-3]],[[83979,32945],[15,-145],[28,8],[11,34],[4,53],[22,2],[-5,-17],[3,-43],[15,-27],[17,-135],[0,-19],[-26,-42],[-38,2],[-27,-25],[-16,1],[0,28],[-31,71],[4,85],[-29,159],[10,91],[10,2],[33,-83]],[[84140,32389],[18,-10],[3,-21],[35,-43],[9,1],[8,-23],[15,-12],[15,-48],[-18,-29],[-37,8],[-20,-33],[-19,8],[-24,176],[-8,17],[-24,-17],[-16,33],[12,85],[13,3],[20,-17],[18,-78]],[[84391,32089],[7,-6],[-4,-18],[-33,20],[-34,-7],[-14,50],[2,23],[16,19],[40,-72],[20,-9]],[[84355,32283],[-28,-4],[-39,13],[-22,38],[32,21],[24,44],[33,-112]],[[84391,31755],[24,-63],[9,-5],[-14,-44],[-66,7],[13,15],[-7,18],[-29,-2],[28,69],[42,5]],[[84261,32678],[-16,-20],[-41,13],[37,61],[42,13],[-22,-67]],[[84334,32444],[-8,19],[-14,107],[9,96],[27,-188],[-3,-28],[-11,-6]],[[84328,32725],[-4,-28],[-10,32],[-3,145],[5,1],[12,-92],[0,-58]],[[84094,32552],[-5,-12],[-25,29],[5,27],[28,-10],[-3,-34]],[[84182,33193],[-10,-23],[-27,8],[-7,6],[2,37],[23,24],[23,-19],[-4,-33]],[[84159,33348],[-9,-1],[-15,53],[4,18],[18,17],[18,-46],[-3,-26],[-13,-15]],[[84742,30596],[-9,-24],[-29,17],[3,22],[19,3],[16,-18]],[[84644,30879],[-13,-48],[-22,11],[-32,65],[8,58],[22,7],[5,-57],[32,-36]],[[84606,31142],[-11,-21],[-10,2],[-63,49],[0,72],[7,28],[17,12],[14,-6],[8,-42],[19,-16],[-13,-15],[23,-31],[9,-32]],[[60777,57959],[22,15],[43,-34],[4,-19],[-91,-58],[-13,-47],[-41,-21],[-43,-66],[-66,-68],[5,-24],[65,-45],[53,16],[22,-81],[19,-17],[61,-32],[46,0],[22,-13],[7,96],[19,-15],[21,11],[4,75],[15,16],[9,-38],[22,-18],[16,-44],[5,-51],[69,-9],[6,-65],[42,7],[72,-76],[50,-12],[30,8],[36,-22],[-88,-70],[-41,-55],[-49,23],[-8,-15],[9,-35],[-12,-27],[-25,10],[-5,13],[-25,-7],[-42,-79],[-64,-46],[-15,28],[-27,-3],[-52,34],[-84,-21]],[[60780,57078],[-74,-17],[-12,6],[-17,48],[-39,26],[3,31],[89,117],[-27,25],[4,27],[-62,86],[-26,-63],[-141,-103],[-72,61],[-14,-13],[-11,-19],[1,-39],[-26,-30],[23,-105],[-2,-13],[-18,-4],[13,-39],[-78,11],[-78,-25],[3,-16],[69,3],[11,-21],[-41,-17],[-3,-16],[19,-47],[-9,-10],[-13,9],[-10,-30],[-24,1],[-13,-89],[-29,-43],[-181,37],[-42,-28],[-28,-40],[-17,-109],[70,-38],[11,-59],[85,-5],[22,-25],[4,-16],[-25,-97],[10,-86],[13,-40],[50,-75],[-13,-78],[-50,-87],[-67,-152],[-3,-106],[-10,-32]],[[60005,55734],[-14,24],[-37,4],[-7,13],[-48,-25],[-30,11],[-31,44],[-58,16],[-74,-10]],[[59706,55811],[1,192],[24,64],[-13,34],[-58,27],[-88,75],[-27,11],[-31,-18],[-29,5],[-240,227],[-75,97],[-36,-10],[-107,102],[-52,83],[-248,262],[-26,156],[-18,60],[-27,32],[-23,62],[-46,180],[-63,64],[-35,16],[-27,-10],[-14,-25],[-21,-3],[-91,26],[-100,-11],[-88,77],[-5,34],[16,52],[-15,72],[8,15],[23,4],[-23,46],[-40,29],[10,104],[-30,37],[-122,12],[-19,15],[-28,67],[-69,22],[-70,95],[-14,-42],[-13,-8],[-52,11],[-27,-26],[65,-97],[13,-47],[-18,-4],[-28,61],[-61,25],[-20,-29],[-32,-101],[-105,-15],[-22,-14],[-79,-117],[13,-178],[24,-44],[-24,-38],[-252,25]],[[57152,57552],[0,805],[-1,805],[625,246],[594,-509],[37,-99],[201,-297],[295,60],[299,-34],[112,72],[89,-130],[54,-47],[74,-190],[72,50],[-21,-432],[118,-5],[25,-219],[26,-138],[25,-17],[223,20],[17,-10],[32,15],[43,-74],[-16,-96],[59,-68],[50,-20],[18,6],[7,16],[-11,46],[7,49],[37,73],[61,71],[13,26],[5,45],[22,26],[52,28],[8,23],[64,57],[71,36],[33,29],[78,113],[17,1],[23,-20],[32,59],[56,35]],[[60706,57384],[-8,28],[-17,6],[25,-34]],[[60840,56926],[-47,1],[8,43],[-17,20],[-3,22],[10,28],[18,-32],[37,-14],[-13,-30],[7,-38]],[[60979,56951],[-7,-19],[-20,17],[29,22],[-2,-20]],[[30668,24655],[-24,-47],[-15,-73],[-51,-103],[-10,-57],[-54,-60],[-39,-67],[-25,2],[-22,-29],[-130,-88],[-82,16],[-32,39],[-73,14],[-46,-15],[-62,-43],[-32,3],[-33,18],[-18,37],[-95,43],[-77,99],[-90,2],[-69,-13],[-32,74],[-106,174],[-10,84],[18,235],[35,24],[31,71],[3,32],[-29,185]],[[29499,25212],[19,65],[0,32],[-11,28],[2,87],[-7,28],[35,68],[9,37],[4,47],[-16,36],[39,131],[6,40],[-7,57],[21,51],[-2,64],[-13,53],[10,42],[44,88],[10,47]],[[29642,26213],[14,-32],[82,-10],[22,61],[22,15],[48,1],[159,-228],[32,-66],[11,-26],[-1,-106],[31,4],[16,15],[50,81],[57,-85],[27,-79],[20,-24],[20,-15],[13,15],[34,-49],[75,-41],[53,-114],[36,-48],[72,-42],[39,-47],[39,-151],[57,-78],[32,-19],[26,-50],[-87,-145],[-11,-45],[0,-212],[38,-38]],[[83068,41777],[2,-22],[-17,18],[15,4]],[[77052,43607],[-19,-36],[12,57],[17,19],[7,-20],[-17,-20]],[[80322,42662],[-19,0],[15,19],[4,-19]],[[80379,42700],[-6,0],[2,15],[11,-3],[-7,-12]],[[81937,42429],[-32,-6],[-5,36],[-8,10],[1,17],[13,15],[26,-12],[10,-25],[-5,-35]],[[84679,41998],[-11,-13],[15,63],[20,30],[-24,-80]],[[85149,42532],[27,-9],[17,-24],[-35,15],[-9,18]],[[85034,42571],[30,-22],[41,10],[-39,-18],[-33,17],[-15,21],[3,7],[13,-15]],[[78884,47665],[-8,-16],[-7,36],[15,-7],[0,-13]],[[78885,46603],[-13,-1],[-7,18],[16,1],[4,-18]],[[78776,45648],[-12,-21],[-15,23],[19,11],[8,-13]],[[78901,47366],[-12,-10],[19,51],[7,-16],[-14,-25]],[[78894,46075],[0,-12],[-16,8],[7,40],[26,22],[-17,-58]],[[78873,46004],[-10,-22],[-9,48],[10,13],[5,-1],[4,-38]],[[27890,47476],[-19,-4],[-25,21],[33,2],[11,-19]],[[27934,47486],[-16,-11],[-15,6],[9,13],[22,-8]],[[27909,47241],[20,-19],[25,0],[-26,-20],[-49,-1],[1,30],[29,10]],[[78650,45254],[-10,-1],[-12,24],[-1,51],[34,43],[12,42],[9,-3],[16,-20],[-39,-70],[-9,-66]],[[2246,33153],[-10,-4],[-13,21],[32,24],[29,-4],[-17,-6],[-21,-31]],[[27579,47526],[14,-7],[-6,18],[6,0],[107,-39],[2,-61],[-85,-117],[-66,-12],[-40,2],[-25,16],[-63,0],[-31,-17],[-72,20],[6,101],[-22,61],[22,31],[3,28],[24,10],[211,-20],[15,-14]],[[27749,47378],[-31,1],[-4,12],[23,13],[44,-14],[-32,-12]],[[27156,47358],[-14,11],[0,13],[21,-2],[-7,-22]],[[11444,64216],[-33,-7],[-15,25],[25,100],[45,-49],[22,-47],[-44,-22]],[[11436,64093],[-27,6],[-34,36],[4,22],[28,27],[47,-3],[19,-15],[-10,-55],[-27,-18]],[[11065,64962],[-2,-11],[-33,1],[-33,16],[-13,30],[31,10],[50,-46]],[[8448,65886],[-8,-11],[-32,11],[38,28],[2,-28]],[[8582,65658],[-12,-2],[41,61],[51,28],[-80,-87]],[[7745,65767],[-13,-14],[-48,8],[10,27],[37,17],[40,-27],[-26,-11]],[[6776,65897],[-11,-2],[26,64],[18,-14],[-33,-48]],[[4764,63695],[-3,-35],[-42,33],[37,10],[8,-8]],[[4998,63535],[-14,2],[-10,36],[18,-8],[6,-30]],[[4961,63613],[-1,-35],[-24,-6],[-5,29],[10,1],[13,44],[7,-33]],[[3340,62987],[-10,20],[33,33],[-23,-53]],[[967,62150],[-21,-10],[-27,20],[3,22],[45,-32]],[[2068,67333],[3,-10],[100,-14],[39,4],[78,41],[62,-3],[42,-27],[26,-55],[95,-27],[17,-26],[203,-27],[-11,-42],[-22,-19],[-124,0],[-76,-94],[-34,72],[-90,33],[-20,38],[-37,29],[-102,41],[-52,1],[-82,-47],[-56,6],[-39,32],[-7,23],[18,99],[24,11],[45,-39]],[[3358,65906],[22,-21],[49,5],[27,-14],[4,-108],[20,-18],[9,-50],[-85,-10],[-38,-18],[-11,-37],[-28,22],[-88,22],[-124,63],[-72,87],[44,12],[101,-8],[13,35],[74,38],[28,-8],[55,8]],[[6564,64784],[2,-24],[66,35],[45,-10],[-13,-54],[18,-25],[42,-13],[5,-17],[-47,-53],[-129,19],[-13,-13],[52,-7],[25,-47],[-49,-11],[-41,-36],[-54,-6],[-76,-64],[-35,-12],[20,-9],[1,-31],[-27,-45],[-66,-35],[-10,19],[67,74],[-50,26],[-25,-12],[17,44],[-51,9],[-33,-20],[34,-5],[13,-35],[-18,-41],[-19,4],[-39,51],[-17,74],[-33,56],[8,49],[33,49],[62,35],[40,6],[21,-9],[5,-33],[49,-87],[29,-23],[-27,61],[-10,84],[36,2],[-1,10],[-51,56],[15,32],[36,3],[50,-61],[24,29],[42,-1],[11,51],[-14,20],[16,6],[76,-33],[-12,-32]],[[12104,63936],[-30,-103],[27,-156],[-43,-119]],[[12058,63558],[-88,-112]],[[11970,63446],[-66,17],[-48,153],[15,38],[57,32],[-26,16],[-15,167],[-51,99],[-3,16],[26,40],[-181,-93],[-21,-101],[-28,-49],[-41,29],[-13,67],[49,77],[39,101],[71,21],[-82,15],[-32,61],[-39,18],[-30,43],[-13,46],[-28,11],[-3,51],[-37,13],[-39,43],[-6,71],[-21,-4],[-134,55],[7,72],[-25,95],[-26,39],[11,23],[12,0],[106,-57],[-97,92],[-5,25],[6,21],[77,-1],[-88,20],[-24,-36],[-16,1],[-75,100],[-3,95],[41,101],[-17,-9],[-64,-116],[-67,58],[-43,8],[-27,31],[-41,84],[-10,52],[-35,34],[-48,174],[-9,79],[-11,-45],[-18,-4],[21,-44],[-25,-3],[28,-50],[79,-327],[-7,-42],[-52,5],[-35,52],[-30,16],[-79,-5],[9,77],[-44,108],[53,33],[-26,3],[-21,-13],[-32,76],[6,-100],[-24,-24],[-55,35],[-28,42],[-102,41],[10,-44],[-27,-26],[44,3],[64,-32],[19,-30],[30,-17],[-18,-37],[63,-7],[40,-65],[-5,-39],[-92,-16],[-36,-36],[-227,147],[-5,20],[-72,70],[-39,68],[-79,64],[-45,12],[5,23],[-89,31],[-215,127],[-7,8],[46,28],[24,39],[-17,66],[17,46],[16,1],[28,-35],[10,-116],[16,91],[57,7],[-62,25],[-46,52],[-21,3],[-96,-93],[-73,-35],[-49,-7],[-103,17],[-136,68],[28,44],[-9,35],[-20,15],[-9,-44],[-54,-21],[-213,51],[-96,5],[-208,-37],[-83,1],[14,30],[-23,29],[-111,33],[-62,48],[18,87],[33,59],[-135,-126],[-158,43],[54,75],[-115,5],[-8,32],[-16,6],[-61,-21],[-17,13],[44,36],[-60,37],[9,69],[76,26],[-72,6],[-70,-53],[-26,-12],[-52,8],[-40,-36],[-50,35],[-22,-37],[-56,-9],[-28,35],[61,109],[-72,-59],[-53,-1],[-29,-19],[-2,-14],[46,11],[-33,-78],[-52,-11],[73,-67],[-12,-40],[-49,-8],[-32,-34],[126,38],[17,-3],[21,-36],[-53,-41],[-4,-98],[-33,-20],[-23,-59],[-78,-18],[-61,14],[-29,24],[-35,-16],[-31,48],[-49,-148],[-28,66],[-20,-28],[-1,-52],[-49,20],[9,-41],[-56,-54],[-34,7],[-36,-21],[-29,13],[-17,-60],[-43,-37],[-20,-41],[-60,23],[3,-28],[-47,4],[-61,-26],[-29,1],[-52,33],[16,53],[47,33],[71,24],[85,112],[-10,8],[-87,-61],[-76,22],[-22,36],[29,90],[82,125],[20,84],[-11,113],[222,132],[22,-1],[57,-39],[63,13],[54,-5],[135,-33],[-16,26],[-109,26],[-112,77],[38,27],[38,57],[99,59],[-25,2],[-63,-13],[-68,-84],[-121,-9],[-14,18],[-19,0],[-81,-45],[-82,-68],[-75,-27],[-46,-54],[8,-45],[-60,-32],[-66,-67],[-9,-25],[11,-28],[-68,-63],[-45,-12],[-72,26],[87,-75],[2,-56],[-24,-33],[-110,-35],[45,-21],[-17,-37],[-65,-22],[0,31],[-12,4],[-58,-41],[11,-14],[-35,-46],[-81,-64],[-22,-91],[11,-16],[115,-35],[58,-35],[22,-33],[-27,-56],[-43,-44],[-60,-30],[-38,-41],[-16,-56],[-49,-27],[20,-7],[-10,-57],[-78,-18],[-4,-27],[-102,-17],[-34,-59],[-107,-65],[-46,-73],[-53,-10],[-14,-42],[-45,0],[-47,-39],[-10,-14],[19,-54],[-18,-44],[-29,-17],[-9,-24],[-36,-2],[-87,-78],[-73,-17],[-34,-68],[-70,5],[-51,-41],[36,-14],[-117,-37],[-33,-54],[40,-5],[26,-46],[-55,-59],[-12,53],[-9,1],[-48,-87],[-178,-77],[-11,-51],[-22,-30],[-4,87],[-23,7],[-146,-90],[-30,-43],[-31,7],[-35,-30],[-30,13],[-50,-47],[-68,-16],[-24,12],[9,51],[17,19],[42,-6],[-38,30],[-39,3],[-33,-24],[-21,-76],[-80,-110],[-23,2],[-26,-31],[-27,-9],[-17,11],[10,13],[-19,44],[-12,15],[-21,2],[3,-92],[-14,-17],[-46,-19],[-32,40],[-30,8],[-2,-65],[-50,-34],[14,124],[39,32],[51,1],[181,229],[112,82],[116,50],[9,-3],[-10,-16],[7,-10],[71,17],[-1,-23],[-25,-12],[0,-11],[49,-59],[14,8],[-3,37],[13,6],[26,2],[39,-25],[35,-5],[-4,26],[-41,31],[-15,31],[58,135],[125,108],[121,56],[89,85],[5,-29],[54,-9],[3,106],[82,114],[116,101],[26,9],[49,-29],[18,10],[-27,15],[-30,61],[20,163],[14,39],[87,24],[-71,26],[-9,73],[16,36],[56,61],[61,41],[-15,16],[56,159],[-81,-113],[-254,-115],[-27,12],[-49,91],[19,65],[84,-9],[-83,49],[-22,-7],[-40,-63],[-32,19],[8,-31],[-20,-80],[21,-87],[-4,-35],[-39,-16],[-32,29],[-90,141],[-52,52],[-61,-40],[-56,38],[-51,63],[-110,-78],[-104,-32],[-28,-57],[-95,-25],[-95,14],[70,32],[32,34],[-15,97],[35,41],[-37,0],[-23,-15],[-22,31],[-10,60],[36,63],[11,71],[-100,258],[-44,47],[69,144],[43,36],[-43,-4],[-80,-128],[-52,-55],[38,-31],[6,-31],[-17,-60],[-39,2],[-35,-32],[-83,-33],[-111,-20],[-55,3],[-58,39],[3,43],[-82,67],[-46,68],[-34,2],[-63,46],[8,39],[-79,17],[82,87],[28,59],[23,8],[118,-53],[13,-20],[-26,-58],[90,76],[25,-9],[40,-68],[49,33],[26,40],[-49,28],[-68,14],[77,22],[-39,29],[-60,-46],[-108,2],[-76,27],[-87,1],[-15,14],[75,64],[-51,-7],[-15,15],[3,28],[-19,-18],[-18,8],[-16,12],[18,34],[-29,-28],[3,-46],[-45,-2],[-30,87],[-42,16],[-11,29],[27,39],[-12,19],[-28,7],[-32,-19],[-14,17],[-4,46],[87,19],[-51,23],[-14,24],[112,29],[-27,40],[5,61],[124,164],[47,27],[58,-17],[-20,37],[37,12],[24,44],[-49,-37],[-13,78],[11,51],[30,45],[71,4],[-34,43],[28,38],[73,21],[40,-7],[79,-53],[-29,-48],[56,39],[53,-26],[82,30],[34,41],[45,25],[82,116],[41,2],[34,-36],[113,7],[58,13],[40,26],[67,75],[11,40],[-50,189],[-57,64],[-40,19],[-25,-3],[18,41],[54,-5],[63,28],[23,45],[-4,32],[-67,75],[-81,-57],[-71,9],[-27,-32],[-113,-57],[-91,-103],[-23,-2],[-17,62],[-79,60],[-24,-20],[31,-32],[30,-6],[-23,-42],[-82,55],[-55,17],[-144,-2],[-94,-34],[-17,10],[-52,-33],[-282,57],[-44,19],[-38,44],[16,87],[-33,12],[-91,89],[40,-9],[56,8],[19,41],[42,11],[38,-5],[-8,11],[-302,59],[-142,64],[-24,40],[38,39],[4,-29],[81,34],[42,44],[81,8],[79,76],[84,41],[45,11],[50,-21],[91,4],[17,16],[-68,34],[16,32],[79,40],[93,13],[147,65],[177,13],[22,-18],[-62,0],[29,-20],[-31,-67],[2,-40],[-34,-31],[82,-58],[127,-3],[69,10],[72,-21],[91,9],[67,-12],[29,4],[87,100],[62,-27],[22,9],[18,-22],[-20,63],[-103,32],[-69,-16],[-21,18],[7,36],[-74,87],[-31,18],[-36,1],[-18,30],[-16,39],[60,24],[26,-13],[30,-51],[27,-8],[-8,-51],[34,-47],[78,-44],[105,16],[122,-54],[102,21],[-8,66],[-24,18],[-68,-3],[-53,29],[-46,-8],[-84,-44],[-111,64],[-5,46],[62,77],[-24,18],[-59,13],[-103,-13],[-5,37],[-42,-38],[-101,4],[-129,33],[-45,41],[-54,123],[-44,57],[-306,192],[-139,49],[-66,53],[-134,36],[58,28],[-24,-22],[19,-6],[45,28],[49,163],[-7,39],[282,-1],[180,23],[105,45],[80,58],[91,95],[16,98],[35,65],[259,251],[29,-32],[-75,-42],[261,62],[212,126],[38,-10],[-35,-42],[24,-11],[-21,-50],[45,-1],[10,-23],[13,96],[32,-9],[71,21],[-87,2],[-52,46],[-29,0],[97,67],[89,40],[30,-8],[-36,-35],[21,-14],[62,23],[91,-1],[33,18],[139,9],[142,78],[131,123],[76,39],[18,-5],[-42,-24],[24,-22],[199,-48],[17,-27],[-55,-55],[-83,-30],[42,-37],[25,-3],[71,26],[99,89],[54,-7],[66,-42],[-27,-40],[143,-41],[67,33],[102,6],[64,19],[108,-25],[71,2],[63,-31],[-49,-34],[-9,-35],[18,-15],[31,-2],[23,-25],[98,1],[-42,-47],[174,-15],[136,40],[94,-33],[98,33],[146,-4],[141,-37],[50,-43],[81,16],[67,-23],[40,-37],[155,-21],[77,10],[223,-14],[152,-66],[140,-12],[49,25],[162,27],[95,-5],[33,12],[124,-36],[99,-72],[145,-44],[71,-51],[98,-1]],[[9445,69968],[0,-1025],[0,-1024],[0,-1025],[0,-1024],[116,-36],[17,36],[116,-52],[72,64],[145,7],[-26,-114],[34,-40],[82,-40],[18,-54],[252,-242],[26,-103],[-9,-33],[20,-6],[152,109],[56,0],[27,57],[1,78],[28,-1],[25,33],[-19,32],[94,25],[111,57],[103,-93],[-5,-61],[31,-67],[122,-89],[35,-82],[115,-84],[102,-129],[-5,-33],[288,-498],[-26,-53],[74,-23],[-17,-74],[58,-28],[10,-89],[60,4],[119,-85],[83,-28],[22,-34],[42,-15],[16,-47],[48,-18],[28,12],[18,-41],[0,-56]],[[4002,63539],[23,-73],[60,-41],[12,-23],[-66,29],[-55,-48],[-142,-10],[-71,-77],[-31,-10],[-56,6],[-20,55],[4,28],[44,37],[55,94],[50,-3],[113,65],[48,1],[32,-30]],[[11309,63785],[6,-20],[-89,-100],[3,63],[-24,37],[24,18],[44,-7],[26,16],[10,-7]],[[11785,63582],[26,-77],[-24,-7],[-28,9],[4,38],[-12,17],[-27,-4],[7,105],[38,-23],[16,-58]],[[11598,64033],[-5,-73],[-37,-6],[-29,13],[-11,43],[-51,9],[-9,53],[24,19],[53,113],[15,-5],[61,-107],[-11,-59]],[[11872,63761],[-25,-97],[-25,-27],[-31,28],[-26,3],[-6,58],[-18,-30],[-29,-18],[-29,-58],[-21,109],[48,75],[6,107],[86,54],[66,-99],[4,-105]],[[11294,64425],[16,-14],[9,15],[17,-1],[48,-32],[10,-22],[-1,-89],[-18,-25],[-72,92],[42,-96],[0,-51],[-14,-13],[-65,-6],[-36,14],[-12,138],[-72,93],[27,26],[121,-29]],[[11416,63500],[6,-5],[16,19],[38,-14],[-22,-92],[-24,11],[-49,64],[-59,141],[-40,15],[-3,41],[32,10],[49,-49],[56,-141]],[[8139,65935],[5,-12],[66,-5],[-125,-60],[-21,59],[35,32],[40,-14]],[[7814,65656],[-27,-6],[-6,13],[25,51],[105,105],[37,76],[39,-11],[15,-19],[-7,-16],[-80,-78],[-44,-81],[-57,-34]],[[7833,65935],[-1,-43],[-31,-76],[-24,53],[23,71],[8,-9],[17,22],[8,-18]],[[7767,66100],[-45,2],[3,38],[34,-7],[8,-33]],[[6537,64478],[-36,-13],[-33,-42],[-20,23],[22,58],[91,-14],[-24,-12]],[[6664,65074],[-37,25],[58,34],[9,-21],[-30,-38]],[[6481,64796],[-13,-9],[-55,55],[10,7],[32,-17],[26,-36]],[[5918,63907],[-10,-14],[-18,1],[-14,17],[35,41],[7,-45]],[[6132,64176],[-22,-7],[10,36],[52,43],[13,-1],[-12,-34],[-41,-37]],[[6246,64211],[-29,10],[2,14],[25,17],[26,-3],[-1,-25],[-23,-13]],[[4678,63685],[32,29],[-7,-32],[23,-54],[-30,-11],[-22,8],[-23,-15],[-12,73],[29,41],[13,-11],[-3,-28]],[[4287,63480],[-22,11],[-11,26],[41,22],[8,-22],[-16,-37]],[[4225,63284],[-21,-9],[-22,10],[-19,18],[-2,23],[42,-15],[22,-27]],[[4875,63603],[-86,-90],[18,50],[-5,38],[17,5],[52,60],[-2,-22],[14,-17],[-8,-24]],[[3429,63140],[-52,-8],[-8,51],[48,16],[48,-47],[-36,-12]],[[3497,63169],[-13,1],[-10,49],[25,14],[35,-38],[-37,-26]],[[4621,65114],[-36,-3],[-15,43],[35,30],[66,26],[-50,-96]],[[1758,65938],[52,-28],[34,3],[37,-44],[-40,14],[-58,-1],[-106,72],[7,33],[30,17],[15,-44],[29,-22]],[[2383,64504],[-25,-21],[-23,8],[-7,21],[66,17],[-11,-25]],[[2497,62603],[-8,-24],[-62,6],[-3,11],[41,23],[32,-16]],[[2244,62487],[-15,-14],[-7,22],[35,43],[18,-6],[-2,-33],[-29,-12]],[[1825,62351],[-38,1],[37,50],[37,-25],[-36,-26]],[[2481,64263],[50,-3],[18,-15],[-38,-21],[-32,28],[2,11]],[[899,62141],[-15,-26],[-16,47],[9,9],[22,-30]],[[963,62233],[-5,-13],[-24,14],[-10,23],[7,18],[30,-7],[14,-23],[-12,-12]],[[691,62108],[-123,-17],[-4,10],[100,46],[36,54],[11,-12],[-20,-81]],[[86844,62195],[-15,-7],[-9,30],[8,12],[24,-19],[-8,-16]],[[87056,61957],[-42,0],[-152,119],[63,-12],[66,-64],[65,-43]],[[85669,62390],[-78,20],[6,14],[56,29],[29,-4],[-13,-59]],[[10906,64577],[35,-85],[49,-192],[-2,-183],[-12,-37],[-41,47],[-32,86],[24,70],[-33,-9],[-34,29],[-1,43],[-29,-10],[-12,9],[4,49],[28,41],[-34,24],[-8,47],[-20,26],[-11,-2],[-39,-92],[-36,-10],[11,39],[-14,79],[9,16],[39,17],[43,78],[25,0],[91,-80]],[[10976,64933],[107,-8],[66,-119],[35,-107],[-25,18],[-62,149],[-27,15],[6,-70],[80,-133],[4,-39],[-13,-18],[15,-43],[-45,-23],[-39,-67],[-62,-46],[-19,22],[-6,45],[32,126],[-42,68],[-29,193],[-35,121],[59,-84]],[[10722,64969],[34,-43],[-6,-39],[-19,-8],[19,-21],[65,58],[44,-12],[51,-36],[-4,-87],[-32,-10],[-31,10],[-26,-21],[21,-15],[66,-4],[25,-60],[-14,-47],[-153,81],[-11,-6],[-2,-75],[-18,-27],[-53,12],[-40,100],[-93,87],[-26,43],[13,55],[35,20],[11,34],[44,-53],[12,43],[35,4],[39,28],[14,-11]],[[11246,64134],[88,-9],[29,-55],[-3,-45],[82,-42],[38,-44],[41,-91],[62,-90],[-82,49],[-29,-53],[52,5],[62,-71],[-11,-43],[49,3],[7,-10],[-1,-177],[-21,-40],[-30,10],[-43,82],[-44,13],[-17,80],[-20,-2],[0,-44],[-19,8],[-82,123],[4,14],[35,15],[-30,48],[12,37],[-14,10],[-50,-2],[-17,36],[-45,1],[-31,41],[24,23],[41,-17],[41,53],[-11,43],[-20,8],[-76,-41],[-14,10],[-3,15],[54,64],[-15,31],[7,54]],[[11143,64355],[16,-30],[23,2],[22,-57],[-7,-22],[-10,5],[-11,-13],[-23,-199],[-11,-12],[-17,14],[-14,-24],[-16,0],[-14,55],[13,93],[26,18],[-49,54],[2,17],[-25,46],[2,51],[24,34],[32,7],[37,-39]],[[6680,65019],[9,-3],[16,27],[28,-22],[18,5],[11,-28],[26,-1],[-3,-28],[-20,-29],[-10,-8],[-19,11],[-20,29],[-16,-19],[7,-33],[-56,-14],[-14,27],[-21,-44],[-59,-30],[-110,41],[98,92],[49,-8],[1,29],[-17,31],[55,13],[47,-38]],[[2915,62822],[-74,-47],[-57,-86],[-141,-92],[71,93],[4,46],[21,34],[13,13],[48,0],[14,11],[-4,56],[27,39],[52,25],[59,-21],[-9,-53],[-24,-18]],[[3242,63065],[10,-21],[49,64],[34,-29],[-77,-90],[0,-11],[51,7],[7,-9],[-11,-10],[-120,-97],[-74,-20],[-89,-58],[-36,-7],[-27,18],[-6,10],[24,21],[43,10],[96,58],[29,75],[29,0],[21,-23],[16,30],[-69,24],[-19,20],[-3,26],[19,30],[89,28],[11,-4],[3,-42]],[[1561,62292],[48,-18],[81,-7],[-106,-17],[-91,3],[-37,25],[12,11],[35,-11],[33,17],[25,-3]],[[1289,62247],[-130,-18],[-20,13],[240,85],[11,23],[-42,21],[64,45],[30,-23],[7,-15],[-9,-38],[-30,-20],[14,-29],[-135,-44]],[[825,62174],[1,-15],[37,-6],[-4,-37],[-14,5],[-63,-51],[-16,20],[-30,-31],[21,81],[34,22],[9,64],[24,-2],[12,-16],[-11,-34]],[[514,62079],[-11,-15],[-33,25],[-5,8],[19,11],[4,21],[-41,36],[-10,15],[7,10],[52,6],[37,-34],[38,-6],[-31,-21],[-26,-56]],[[87123,62190],[-20,-11],[-23,7],[-11,37],[30,22],[37,-27],[-13,-28]],[[86563,62181],[-21,-19],[-19,28],[66,50],[10,40],[26,-3],[-19,-68],[-43,-28]],[[85448,62676],[42,-14],[28,7],[81,-64],[-86,-16],[-35,-27],[-39,19],[-13,39],[-55,23],[45,31],[32,2]],[[5914,47775],[-11,-21],[-13,2],[-49,45],[-6,24],[4,112],[-38,161],[55,116],[-17,67],[4,41],[10,7],[154,-124],[27,-51],[5,-57],[18,-7],[9,-38],[36,-53],[-11,-30],[-49,-60],[-62,-25],[-55,-67],[-11,-42]],[[5519,48740],[121,-26],[-9,-22],[-27,-21],[-39,18],[-65,7],[10,51],[9,-7]],[[5695,48617],[6,-8],[44,16],[70,-85],[-28,-49],[-49,-21],[-24,3],[-7,6],[-11,80],[-15,-5],[-17,14],[-19,35],[-1,21],[9,33],[18,4],[24,-44]],[[5377,48846],[19,1],[3,-35],[18,-31],[-40,-17],[-25,32],[-14,-7],[-4,23],[-10,-5],[9,-22],[-31,1],[-32,74],[-8,42],[36,7],[25,40],[14,4],[40,-107]],[[4996,49055],[-22,-25],[-35,15],[-44,58],[15,43],[36,36],[55,-1],[12,-51],[-17,-75]],[[4800,49015],[-5,-20],[-8,3],[3,41],[29,52],[13,-4],[-8,-43],[-24,-29]],[[5607,48547],[-15,-13],[-15,6],[-19,68],[26,7],[15,-11],[18,-32],[-10,-25]],[[25501,59166],[772,2],[24,84],[23,39],[46,-11],[33,32],[25,-33],[8,4],[16,59],[26,10],[-3,54],[68,82],[3,28],[27,45],[-2,67],[14,85],[44,83],[14,117],[185,331],[47,-16],[0,-67],[28,-28],[26,-3],[109,49],[5,13],[30,0],[103,-115],[10,-506],[-9,-88],[50,-47],[40,-7],[2,-32],[-17,-25],[16,-42],[-11,-45],[26,-44],[12,-9],[16,20],[30,-14]],[[27337,59238],[11,-79],[-6,-45],[22,-8],[7,-17],[-50,-67],[-41,9],[-47,-22],[-10,-30],[-13,-7],[-46,6],[-16,-53],[-14,4],[-22,-35],[-15,47],[-31,11],[-31,-31],[-19,28],[-17,-56],[-3,-53],[-19,22],[-48,13],[25,45],[-21,5],[8,51],[-21,-37],[-27,-23],[1,-37],[-26,-78],[-1,-32],[-17,-26],[-21,-23],[-29,6],[-43,-45],[-9,38],[-8,-43],[-8,-2],[-7,49],[-19,-62],[-15,26],[-3,-61],[-16,21],[-25,-14],[3,29],[-24,-8],[-50,-72],[16,-20],[-77,-121],[-29,-95],[-22,-28],[-24,-107],[23,-68],[27,1],[3,-21],[-53,-31],[-52,-97],[74,-45],[29,-83],[-9,-23],[26,-21],[8,-60],[22,-20],[32,-12],[71,42],[-27,90],[-15,14],[-5,-12],[-11,24],[32,-5],[31,-52],[7,-124],[-110,-22],[-61,-41],[-2,77],[-9,3],[-66,-73],[-25,-5],[-22,-21],[-9,66],[14,46],[-30,-28],[-29,50],[7,-41],[-16,-30],[-4,-79],[-19,-33],[-59,-21],[-39,5],[-81,-22],[-26,9],[-26,-16],[-108,4],[-24,-30],[-136,-85],[-98,-119],[28,133],[-2,51],[-21,35],[12,-50],[-2,-97],[-24,-70],[-39,-47],[-19,-52],[6,-32],[46,-12],[13,10],[6,-23],[3,-31],[-29,-237],[4,90],[-47,-166],[-18,-34],[-18,5],[4,-27],[-10,-44],[-42,-41],[0,-20],[-46,-107],[-39,-23],[14,85],[-37,29],[-21,-1],[-52,58],[-42,65],[0,50],[25,82],[65,35],[19,50],[-24,-39],[-55,-28],[-45,-83],[3,-72],[39,-86],[5,-83],[50,-120],[24,-18],[-10,-64],[-14,-18],[27,-5],[9,-67],[-9,-26],[0,19],[-10,-2],[-11,-66],[-15,-5],[-32,-78],[-58,-190],[2,-32],[-27,-19],[-28,-40],[-29,-119],[-15,49],[5,59],[21,96],[41,89],[15,58],[-47,8],[14,51],[-33,36],[16,40],[1,44],[-26,-31],[-5,18],[-15,-23],[-39,36],[-13,33],[-8,25],[8,46],[16,9],[48,-8],[-4,10],[-10,-1],[-38,60],[-15,6],[-16,-27],[10,47],[32,15],[-5,28],[-12,12],[-22,-15],[4,44],[31,-8],[12,40],[1,18],[-21,-26],[-4,56],[20,54],[19,23],[48,4],[-31,15],[32,44],[-24,-3],[3,35],[-25,-10],[-9,-57],[-28,-23],[-8,26],[-7,-51],[-13,36],[-22,-79],[-36,20],[34,-63],[2,-23],[-13,-19],[-20,15],[15,-52],[-10,-89],[9,-92],[26,-72],[-11,-3],[-33,33],[-25,77],[2,-33],[6,-37],[57,-81],[18,-56],[-2,-23],[-27,38],[-76,39],[-24,55],[-6,-43],[-27,67],[-18,-1],[-19,-20],[-19,5],[3,59],[49,103],[-3,49],[-3,-49],[-52,-78],[-13,-89],[10,-19],[54,2],[35,-70],[86,-45],[19,-37],[50,-51],[-19,-96],[-36,3],[-82,123],[-27,58],[-41,31],[45,-58],[91,-160],[59,-43],[-15,-18],[24,-15],[1,-60],[-33,12],[2,-37],[-15,-12],[-20,16],[-54,86],[36,-80],[69,-76],[10,-43],[-28,-27],[-49,67],[-7,35],[-18,-2],[-73,44],[-59,4],[140,-68],[9,-55],[32,-38],[4,-28],[21,-3],[38,28],[59,-18],[59,-300],[54,-179],[-67,198],[-33,170],[-11,-81],[30,-91],[12,-68],[-16,28],[-64,45],[0,-58],[-30,19],[11,-32],[-38,8],[-23,-47],[-19,-5],[-30,26],[-13,67],[2,-118],[89,-3],[37,17],[33,-9],[-3,-122],[20,13],[5,76],[30,28],[10,-1],[13,-50],[-3,-86],[-80,-117],[-17,-11],[-77,19],[-10,48],[-11,11],[-8,-1],[-6,-34],[-26,-9],[-72,42],[16,-31],[92,-56],[20,-26],[-23,-51],[-5,-35],[-37,-37],[-20,7],[-50,66],[23,-57],[18,-24],[38,-13],[69,21],[23,-23],[-19,-41],[-18,-29],[-46,-11],[-7,-20],[-97,1],[-39,-46],[-15,7],[-13,49],[0,-61],[8,-29],[-90,-106],[-27,-59],[-16,-92],[-6,101],[-4,-78],[-11,-35],[-95,3],[-41,-20],[-64,-66],[-72,-139],[-14,-71],[-10,30],[3,41],[-14,-40],[13,-57],[-11,-22],[-35,-40],[-41,-18],[-7,-41],[-46,-53],[-31,10],[10,-36],[-12,-27],[-19,-20],[-51,-19],[-32,-34],[-50,15],[-15,-10],[38,-39],[-3,-31],[-22,-28],[-7,2],[-10,45],[-15,-25],[-22,48],[1,-37],[25,-64],[-15,-33],[-22,-12],[-18,-74],[-46,-29],[11,-40],[-32,-37],[7,-41],[-22,-31],[21,-4],[-29,-70],[-21,-8],[22,-39],[-18,-40],[-19,12],[-18,-174],[64,-442],[85,-326],[91,-247],[-10,-26],[-5,-68],[31,-162],[-10,14],[-27,107],[1,151],[-6,-2],[-15,-76],[-9,52],[11,51],[-19,23],[-2,44],[-16,11],[22,-165],[126,-515],[25,-54],[18,-120],[2,-105],[-20,-323],[-8,20],[-35,-114],[-16,-126],[-28,-44],[-18,1],[-43,-33],[-31,8],[-36,-19],[-24,3],[-13,39],[7,36],[9,4],[32,-42],[7,18],[-10,21],[-32,24],[-57,160],[-4,43],[-50,27],[-35,40],[-23,71],[-14,127],[-22,24],[31,86],[-22,-24],[-12,-35],[-17,0],[-9,67],[3,82],[13,31],[-41,-11],[0,-42],[-15,3],[-27,39],[-21,54],[-43,149],[-23,44],[19,11],[49,108],[6,40],[-9,17],[-18,-11],[-15,35],[-13,11],[-10,-8],[19,-40],[-3,-42],[-12,-26],[-13,7],[-7,-11],[-25,60],[45,281],[2,176],[-28,72],[-127,175],[-97,208],[-85,78],[-65,-17],[-11,-16],[-6,-53],[-41,-4],[-61,-55],[-21,2],[-34,-25],[-70,-18],[-14,7],[-9,32],[0,32],[19,-45],[5,8],[-10,52],[-78,108],[13,-2],[3,13],[-12,18],[14,43],[-33,-19],[-4,-33],[-101,72],[-68,29],[52,13],[28,-10],[-10,26],[-22,12],[-46,2],[-57,-41],[-126,-28],[19,25],[33,15],[5,31],[-8,30],[-18,-30],[-11,17],[-13,0],[-3,-38],[-23,-50],[-47,-20],[-7,7],[13,37],[-42,-56],[-93,-15],[52,26],[-16,51],[-16,19],[0,49],[-21,58],[-30,-144],[-135,-5],[-52,26],[-77,-36],[-23,6],[-30,-54],[-35,-25],[-89,45],[-22,36],[-19,8],[-24,5],[-26,-45],[-20,-60],[58,-49],[44,13],[24,30],[20,-1],[18,21],[17,-12],[0,-12],[-36,-49],[17,-33],[27,-12],[11,5],[6,38],[17,25],[22,-5],[12,-99],[-43,-22],[-15,-20],[8,-12],[-30,-10],[-9,-25],[11,-35],[39,-52],[65,-38],[16,1],[15,-38],[25,-20],[-2,-26],[-21,-19],[-11,-36],[-20,28],[-34,-44],[6,39],[-22,54],[-43,48],[-41,13],[-7,36],[-14,19],[-68,35],[4,-25],[22,-22],[-1,-41],[-11,-68],[-27,-34],[-22,66],[-19,17],[-29,3],[-21,-13],[-22,-53],[-18,-8],[-130,69],[2,14],[11,4],[20,-5],[-22,60],[-1,47],[-20,-22],[-44,18],[-39,84],[-37,2],[-16,38],[-30,-16],[-29,-44],[19,-36],[-6,-11],[-43,-16],[-100,18],[-122,80],[-126,-4],[-31,-20],[-14,37],[18,18],[9,44],[-17,13],[-25,-73],[13,-55],[-51,-8],[-160,-126],[3,15],[54,57],[-19,9],[-42,-9],[13,47],[-4,42],[-22,1],[-14,-33],[-32,11],[7,-75],[25,-70],[-60,-89],[-4,-39],[-29,-51],[-140,-142],[-93,-66],[54,63],[-87,11],[0,-12],[-19,-16],[-30,54],[-16,-3],[28,-97],[25,-14],[-34,-39],[-28,-12],[-23,36],[-8,-89],[-8,-11],[-13,-16],[-10,29],[-20,-27],[-34,-8],[4,-36],[26,14],[-10,-47],[-24,-47],[-19,-11],[-30,7],[-13,-15],[34,-72],[-36,-151],[-21,-6],[-59,63],[18,-75],[50,-21],[3,-53],[-20,-66],[30,-211],[53,-183],[16,-1],[1,-46]],[[20067,50820],[-33,-8],[-23,-31],[-51,49],[-52,26],[-68,9],[-47,21],[-51,50],[-50,22],[-18,28],[-83,47],[-29,138],[-55,130],[4,49],[-17,75],[6,55],[-5,36],[-60,80],[-33,60],[-54,134],[-44,68],[-9,76],[-53,140],[-26,108],[-24,50],[-63,96],[-5,26],[-64,76],[-19,48],[-14,15],[-17,-2],[-15,16],[-44,-12],[-58,6],[-67,33],[-18,-3],[-11,-25],[-21,-17],[-34,-7],[-29,-48],[-24,-87],[-14,-100],[-16,-12],[-32,-64],[-19,-20],[-22,2],[-98,90],[-108,78],[-26,42],[-45,41],[-24,45],[-43,137],[0,63],[-38,138],[-35,87],[-71,70],[-182,259],[-30,23],[-72,139],[-428,5],[0,-197],[-685,-2],[-459,259],[-460,260],[27,90],[-582,-79]],[[15227,53701],[-2,50],[-11,17],[-15,-10],[-5,120],[-13,71],[-36,86],[-149,187],[-44,16],[-7,-21],[-28,14],[4,50],[-28,70],[-79,3],[-75,39],[-22,22],[-8,41],[-82,71],[-26,-8],[-82,30],[-104,1],[-40,48],[5,101],[-9,60],[7,56],[-6,20],[-48,39],[-7,28],[6,40],[-9,26],[-30,25],[-28,55],[-35,30],[-15,51],[-78,158],[-51,78],[-10,106],[31,70],[-4,52],[-18,38],[-69,23],[-56,95],[-3,73],[-22,74],[-3,101],[31,7],[4,-58],[49,-68],[23,-10],[-76,211],[17,21],[55,18],[90,-7],[46,10],[-24,12],[-62,-4],[-36,22],[-30,-26],[-58,35],[-22,-16],[4,-119],[-13,-5],[-100,101],[-16,-29],[5,104],[25,-46],[-8,33],[-33,47],[-18,63],[-41,38],[-100,163],[-4,89],[-25,113],[10,64],[-13,114],[-66,141],[-53,68],[-11,105],[21,97],[7,12],[8,-19],[8,33],[-8,2],[22,85],[-2,82],[16,133],[-22,113],[-20,31],[8,86],[-34,60],[-16,113],[3,89],[-32,101],[47,232],[36,35],[-22,-6],[34,124],[12,281],[12,40],[-3,155],[32,350],[-4,247],[-11,35],[19,-17],[58,1],[37,17],[29,-30],[43,0],[-59,51],[-44,-1],[-10,14],[-50,-14],[-16,14],[-27,-9],[7,143],[24,-76],[14,100],[-45,37],[-10,52],[66,44],[-65,31],[-7,-35],[-57,309],[-70,138],[-11,178],[178,-93],[165,-21],[32,15],[45,-36],[28,7],[19,22],[30,-113],[-29,-63],[-11,24],[-55,-105],[-22,-73],[9,-17],[44,27],[-35,-4],[4,35],[107,156],[5,40],[13,-3],[2,-66],[-25,-33],[3,-34],[-14,-2],[28,-65],[-5,-75],[-17,-5],[-14,15],[-15,-43],[-14,52],[-23,-20],[-26,-66],[52,3],[27,-16],[24,25],[15,48],[29,16],[16,26],[-11,180],[39,100],[-43,76],[5,-44],[-29,33],[-1,30],[29,18],[-2,11],[-32,51],[-31,24],[10,14],[32,4],[-4,71],[-12,48],[-22,-6],[-8,13],[-25,87]],[[13856,60914],[438,0],[516,0],[517,0],[516,0],[516,0],[517,0],[516,0],[413,0],[516,0],[517,0],[619,0],[517,0],[573,0],[2,165],[52,-9],[21,-19],[12,-132],[24,-86],[20,-28],[137,-37],[49,-23],[12,-25],[23,-11],[59,16],[21,24],[93,-2],[120,-77],[20,-70],[17,0],[11,23],[31,4],[41,-16],[35,-45],[83,-62],[31,1],[84,59],[30,7],[19,-4],[23,-42],[158,6],[24,-45],[22,-9],[31,9],[77,-9],[44,11],[160,107],[57,17],[848,-615],[24,-115],[52,-79],[39,26],[61,12],[15,-139],[27,-62],[87,14],[36,-54],[-30,-78],[252,-206],[100,-778],[-65,-218],[-33,-197],[-78,-105],[-50,-37],[-19,-69],[2,-73],[27,-63],[83,-69],[60,0],[282,234],[249,69],[293,191],[30,47],[-27,47],[-10,39],[2,76],[-27,82],[109,70],[460,1],[86,188],[68,81],[8,27],[67,50],[169,211],[78,46],[36,0]],[[26033,57405],[-17,-28],[15,-3],[81,58],[20,-14],[48,20],[-105,-73],[-207,-105],[-171,-37],[24,23],[-6,14],[-12,-1],[-13,-23],[-21,-8],[-4,25],[37,67],[44,34],[11,-14],[2,19],[16,17],[49,11],[45,-6],[37,15],[99,12],[85,70],[-57,-73]],[[27080,58872],[-29,-5],[-2,-31],[-23,19],[0,31],[27,40],[15,-8],[12,-46]],[[25627,57202],[-12,-2],[12,43],[29,14],[-3,-27],[-26,-28]],[[26518,57576],[-67,-21],[-11,14],[52,43],[22,-19],[4,-17]],[[26341,57627],[-26,-10],[16,66],[12,15],[-2,-71]],[[26646,57528],[-18,-8],[-43,17],[41,18],[5,30],[15,-57]],[[25276,55157],[-4,-9],[-16,48],[17,-15],[3,-24]],[[25298,54887],[-35,-8],[37,25],[14,128],[-6,87],[12,-90],[-13,-125],[-9,-17]],[[25066,54625],[-6,-5],[22,55],[56,80],[-72,-130]],[[23726,51036],[-9,-11],[-17,8],[-14,45],[21,-39],[19,-3]],[[23714,51079],[0,-25],[-20,91],[11,-16],[9,-50]],[[24127,50461],[-49,-82],[31,85],[24,38],[1,27],[23,23],[-30,-91]],[[21363,52372],[-9,-7],[-40,38],[-3,16],[32,14],[29,-32],[-9,-29]],[[20099,51671],[-6,-1],[14,50],[30,52],[4,-19],[-42,-82]],[[20159,51781],[-9,-2],[11,23],[85,79],[-2,-19],[-85,-81]],[[20016,51407],[-7,-25],[21,123],[40,112],[17,19],[-46,-123],[-25,-106]],[[20577,52216],[-13,-4],[64,90],[14,-1],[-65,-85]],[[20060,50907],[-3,-20],[-52,310],[3,165],[9,-174],[43,-281]],[[14457,54354],[-33,4],[18,17],[15,-21]],[[14668,54000],[-26,4],[-8,23],[24,-1],[10,-26]],[[14931,53830],[-30,5],[-28,75],[8,10],[50,-90]],[[14521,54308],[-30,0],[-21,42],[44,5],[21,-23],[-14,-24]],[[14560,54379],[49,-23],[27,11],[5,-11],[-63,-27],[-19,12],[-8,32],[9,6]],[[14932,54074],[12,-32],[-36,2],[-11,42],[-17,9],[-2,14],[54,-35]],[[13858,60774],[3,-10],[-17,-10],[-16,16],[3,-31],[-27,26],[26,25],[28,-16]],[[13802,60699],[6,-15],[-37,18],[-5,43],[11,3],[25,-49]],[[13908,60548],[12,-58],[5,24],[33,-42],[-4,-27],[-42,31],[-16,69],[-29,33],[28,69],[14,-10],[7,-29],[-38,-29],[24,-12],[6,-19]],[[26310,57624],[-6,-8],[2,45],[4,-37]],[[25640,56833],[-28,-66],[34,95],[-6,-29]],[[25349,56047],[-11,-7],[68,187],[-9,-51],[-48,-129]],[[23896,50246],[-11,-6],[-10,50],[24,-29],[-3,-15]],[[24065,50357],[-7,-3],[12,18],[-5,-15]],[[23966,50275],[-11,-10],[-11,7],[50,22],[-28,-19]],[[23875,53016],[-10,-107],[-5,75],[15,32]],[[23840,50224],[-16,-5],[13,18],[4,26],[7,-33],[-8,-6]],[[24174,51397],[4,-32],[-50,192],[-15,92],[61,-252]],[[23787,50200],[-6,5],[17,8],[-11,-13]],[[22066,52465],[-13,-24],[17,41],[-4,-17]],[[22146,52685],[-24,4],[-15,17],[39,-21]],[[22264,52701],[-59,-5],[50,15],[9,-10]],[[21985,52627],[1,-20],[-29,11],[38,46],[-10,-37]],[[22081,52506],[-7,-14],[7,67],[-9,56],[13,-54],[-4,-55]],[[23030,52434],[-24,-16],[-26,12],[28,-3],[64,46],[-42,-39]],[[13841,60131],[-6,-9],[-8,18],[6,21],[8,-30]],[[13952,60214],[-11,-18],[-7,16],[-10,-14],[5,57],[23,-41]],[[13927,60302],[-2,-9],[-17,19],[6,37],[10,-9],[3,-38]],[[13848,60668],[-24,11],[9,42],[15,-53]],[[26975,58812],[-20,-6],[3,29],[17,-23]],[[37234,13833],[1,-25],[-47,34],[12,14],[24,0],[10,-23]],[[34608,15748],[24,-21],[19,14],[54,-12],[24,-35],[-10,-32],[26,6],[22,-26],[30,25],[37,-58],[24,-75],[43,0],[-4,-69],[27,-23],[-69,-45],[-40,38],[-54,108],[-63,29],[-37,56],[-29,-1],[-119,81],[-32,-4],[-15,14],[1,25],[16,15],[-96,15],[154,11],[36,-34],[31,-2]],[[61151,36210],[-15,-26],[-5,45],[-14,31],[19,-17],[5,-42],[6,38],[-7,39],[12,-18],[-1,-50]],[[42216,32431],[-22,-2],[2,20],[16,23],[11,-3],[1,-26],[-8,-12]],[[40116,35948],[-9,-1],[-4,14],[8,27],[19,-23],[-14,-17]],[[12524,28751],[-3,-7],[-10,18],[3,21],[10,-32]],[[28336,47429],[-38,-23],[1,13],[31,31],[11,-3],[-5,-18]],[[29342,16973],[36,-26],[66,3],[12,-22],[-7,-20],[-27,-2],[2,-27],[58,-39],[8,-2],[-13,53],[8,18],[68,14],[41,-58],[-26,-7],[-11,-22],[41,-23],[-11,-32],[-76,-25],[-45,-43],[-84,-32],[7,-71],[-116,40],[-15,-5],[31,-67],[-23,-13],[-44,2],[-13,-49],[-61,77],[0,25],[27,46],[-8,20],[75,83],[49,22],[-9,85],[51,59],[-8,37],[17,1]],[[28994,16889],[35,-8],[54,41],[31,-26],[79,15],[18,23],[29,-30],[-158,-238],[-79,-7],[-25,-67],[-38,-24],[-43,3],[-67,57],[48,49],[42,-3],[85,79],[-9,24],[-54,-17],[-20,19],[82,33],[-64,67],[-15,56],[13,1],[56,-47]],[[28816,16747],[35,-3],[-18,-67],[-20,2],[-27,45],[30,23]],[[29441,16649],[2,-39],[-27,31],[11,13],[14,-5]],[[29036,16918],[-33,0],[-7,50],[26,4],[24,-15],[-10,-39]],[[29140,16552],[-20,-5],[-7,48],[27,-21],[0,-22]],[[23887,47923],[8,-9],[13,15],[37,-7],[6,-19],[-72,-12],[-4,43],[7,4],[5,-15]],[[24224,48080],[-35,-18],[10,17],[25,1]],[[24262,48082],[-20,-4],[29,27],[11,-4],[-20,-19]],[[27917,53595],[-21,-14],[-11,6],[47,47],[-15,-39]],[[27999,47535],[-11,-3],[3,24],[25,2],[-17,-23]],[[27950,47508],[-24,4],[11,13],[25,-2],[-12,-15]],[[28024,47656],[4,-15],[-33,19],[29,-4]],[[26239,48981],[-41,12],[-4,23],[43,-5],[8,-20],[-6,-10]],[[26186,49014],[-18,11],[-16,23],[2,14],[19,1],[13,-49]],[[26076,49019],[28,-24],[18,-1],[-46,-16],[0,41]],[[28543,46779],[-2,-26],[-16,9],[7,45],[11,-28]],[[43106,61019],[2,-22],[-55,-3],[4,40],[49,-15]],[[42986,61134],[-8,-29],[-23,10],[24,24],[7,-5]],[[42526,63190],[-49,-56],[-41,7],[20,66],[67,80],[11,-6],[10,-55],[-18,-36]],[[42948,62067],[-18,-19],[-57,-18],[-68,-62],[-73,7],[-80,78],[-83,-10],[35,40],[-45,10],[-27,26],[-52,-2],[-73,-49],[-54,35],[-18,68],[-15,8],[42,51],[171,88],[57,57],[41,95],[-17,7],[-7,22],[9,42],[-19,50],[4,42],[-61,-8],[-80,-40],[11,38],[57,53],[33,58],[111,69],[39,-2],[53,19],[25,2],[55,-38],[-16,59],[24,14],[36,-53],[40,2],[-39,18],[-37,71],[2,32],[32,65],[-26,18],[1,57],[31,24],[8,95],[-72,-21],[-59,78],[-39,71],[-5,42],[30,91],[48,59],[56,20],[-124,-2],[-99,-73],[-42,-1],[-30,30],[-63,-39],[-73,38],[-23,-68],[-54,74],[-9,56],[13,11],[15,-10],[92,224],[-12,43],[-40,44],[5,77],[15,29],[54,-1],[-63,49],[11,47],[-31,-57],[-40,-18],[-33,-44],[2,79],[54,73],[-100,-104],[6,-99],[-41,-166],[-22,-28],[-29,16],[28,136],[35,56],[-28,5],[3,106],[18,86],[35,116],[49,106],[-112,-99],[-52,13],[-25,57],[-40,12],[24,20],[38,7],[35,32],[-31,22],[30,25],[35,62],[7,57],[-22,45],[-34,19],[-2,39],[54,35],[-24,11],[-16,42],[33,93],[63,-1],[14,12],[33,-11],[-62,83],[18,74],[80,11],[-18,36],[1,63],[14,34],[23,9],[28,-6],[23,-28],[54,26],[14,-25],[284,60],[50,-6],[-14,-99],[-24,-39],[-189,-158],[-11,-47],[43,-15],[-53,-62],[-14,-43],[65,9],[112,48],[89,-16],[233,13],[27,-11],[23,-28],[22,-52],[-59,-103],[-58,-174],[-81,-132],[-44,-34],[-65,-15],[-64,-38],[103,16],[56,-36],[-5,-28],[-23,-22],[-51,-4],[-48,-50],[-45,-23],[-103,30],[44,-35],[135,-28],[51,32],[58,1],[110,-54],[119,-146],[56,-239],[46,-141],[19,-22],[117,-66],[73,-98],[69,-71],[-29,-42],[77,-181],[-45,16],[-48,40],[-94,-5],[88,-14],[103,-99],[34,-58],[21,-77],[-14,-34],[-61,-77],[56,-42],[25,7],[43,62],[120,-4],[52,-15],[94,-74],[21,-77],[1,-48],[-38,-153],[-43,-55],[-24,-17],[-20,6],[10,-55],[-42,-26],[-35,10],[-49,-34],[35,-18],[7,-19],[-9,-33],[-113,-46],[43,1],[21,-36],[49,-11],[127,1],[-4,-79],[-86,-60],[-20,-53],[-46,4],[-21,-21],[-116,-54],[-99,22],[-141,-21],[-152,58],[19,-34],[-44,-32],[-124,-10],[16,-42],[-18,-11],[-76,15],[-20,-17],[-83,47],[-54,5],[-98,-37],[-20,-37],[-24,-99],[-23,-36],[-27,-5],[-97,72],[-151,-60],[-56,-54],[-17,-42],[-26,-7],[-24,27],[-27,9],[-45,-23],[-8,35],[20,29],[56,21],[184,233],[14,88],[55,22],[26,71],[84,18],[171,-11],[170,235],[-57,-52]],[[42578,62811],[36,-7],[-79,-75],[-43,55],[-4,55],[26,15],[35,-1],[29,-42]],[[42977,65401],[-27,0],[14,26],[48,3],[-35,-29]],[[43342,65963],[-30,40],[18,51],[21,-2],[3,-13],[-14,-17],[2,-59]],[[43278,65974],[5,-31],[12,8],[19,-30],[26,12],[-36,-192],[-24,-56],[-14,14],[16,106],[-8,16],[-38,-7],[-5,21],[-34,7],[-6,20],[42,4],[28,18],[-18,60],[-29,11],[50,50],[15,0],[-1,-31]],[[43407,66094],[-12,-56],[-21,1],[-1,54],[22,10],[12,-9]],[[42828,65210],[-28,-6],[-28,56],[30,-2],[26,-48]],[[42885,65187],[-26,35],[34,2],[-8,-37]],[[42854,65313],[-3,-11],[75,-21],[-8,-22],[-17,-7],[-32,21],[-50,-6],[-10,33],[-21,-13],[5,70],[37,2],[26,-16],[-2,-30]],[[42934,65382],[-21,-11],[-11,37],[-37,19],[-7,19],[16,6],[39,-47],[20,-6],[1,-17]],[[41994,64241],[-15,4],[24,30],[21,2],[-30,-36]],[[42358,63744],[-30,-1],[-25,15],[-15,60],[19,40],[16,3],[22,-22],[13,-95]],[[42195,64136],[-129,-22],[3,20],[28,8],[11,58],[-42,27],[6,26],[44,15],[38,-48],[45,-20],[-4,-64]],[[42110,63955],[18,-104],[-8,-16],[-53,-22],[5,73],[-50,-34],[7,49],[22,28],[15,-7],[44,33]],[[42149,63904],[-18,-3],[-7,37],[39,36],[-14,8],[7,23],[52,32],[-59,-133]],[[42093,65021],[-31,-77],[-55,-42],[37,-7],[-6,-24],[-135,-119],[-24,28],[55,48],[-49,35],[18,21],[-22,12],[-2,45],[17,21],[31,-20],[39,2],[-13,50],[131,88],[9,-61]],[[42074,64408],[-16,-5],[-22,28],[27,15],[15,-18],[-4,-20]],[[42106,64645],[2,-84],[17,-13],[96,-14],[-6,-24],[-61,-67],[-16,3],[-5,65],[-31,-8],[-39,9],[-29,55],[-56,15],[-21,35],[14,24],[15,-6],[14,11],[-8,24],[58,18],[5,28],[27,-7],[24,-64]],[[41849,64723],[28,-25],[-22,-41],[-34,0],[-47,30],[11,23],[64,13]],[[41839,64474],[-32,7],[-7,109],[34,-4],[5,-112]],[[41798,64408],[-29,-2],[3,20],[29,-3],[-3,-15]],[[42089,63148],[-105,-14],[1,46],[-38,22],[-18,51],[-32,34],[-47,-46],[12,-27],[-42,-47],[-68,5],[-17,19],[-43,12],[-7,30],[-57,57],[0,28],[89,51],[-38,45],[42,6],[45,25],[42,114],[38,28]],[[41846,63587],[29,-19],[37,59],[60,4],[54,21],[84,-10],[23,-32],[12,-50],[65,-93],[1,-27],[-40,-32],[0,-18],[34,14],[37,-5],[28,-71],[-4,-26],[-45,48],[4,-74],[23,-5],[-11,-43],[-54,-16],[-27,-64],[-19,-17],[-48,17]],[[43336,61658],[-44,-44],[-76,33],[61,47],[59,-36]],[[57229,50684],[16,-35],[6,-259]],[[57251,50390],[-78,-105],[-23,52],[11,22],[-4,20],[-20,8],[-29,-46],[2,-101],[-9,-64],[9,-62],[-11,-47],[41,-12],[14,-67],[-106,-31],[-20,-22],[16,-53],[-81,-344],[-3,-145]],[[56960,49393],[-20,-36],[-617,136],[-233,502],[-6,91]],[[56084,50086],[9,23],[14,-39],[25,2],[6,-78],[12,-28],[67,-18],[32,11],[96,70],[92,-4],[74,-21],[114,-13],[84,45],[60,47],[63,192],[22,41],[85,102],[103,199],[101,130],[34,118]],[[57177,50865],[21,-7],[-6,-156],[26,-29],[11,11]],[[57226,50503],[-2,28],[-10,1],[-6,-40],[18,11]],[[56511,50074],[-18,-2],[-16,16],[34,23],[19,30],[8,-18],[-15,-39],[-12,-10]],[[56338,50088],[-8,27],[11,11],[7,-19],[-10,-19]],[[56655,50038],[0,-14],[-31,-4],[-40,15],[49,39],[22,-36]],[[56785,50155],[-8,-8],[-23,20],[15,16],[16,-28]],[[52850,60081],[-163,-7],[-49,-70],[-71,-18],[-61,-71],[-26,22],[-31,0],[-68,-46],[-62,4],[-47,-19],[-104,-106],[-47,-93],[-46,-28],[64,76],[3,40],[-15,31],[-40,-76],[-52,-34],[2,-89],[35,-111]],[[52072,59486],[-14,-2],[-35,27],[-2,44],[-26,37],[-57,-4],[-23,42],[-32,17],[-47,2],[-54,45],[-35,5],[-2,-32],[-14,-22]],[[51731,59645],[-40,-17],[-55,52],[-63,-23],[-35,3],[-78,-21],[-107,78],[-49,9],[-13,19],[52,17],[4,29],[-72,18],[-38,36],[195,-34],[53,61],[-55,-22],[-55,14],[-20,20],[-24,62],[-1,87],[-25,77],[-19,24],[38,-126],[-10,-121],[-23,-7],[-60,14],[8,49],[-39,-65],[-64,-2],[-83,-32],[-34,-124],[-35,-71],[-71,-105],[-96,-59],[-33,10],[-14,-14],[-6,-54],[16,-26],[14,-86],[-5,-37]],[[50789,59278],[-33,49],[-40,21],[-44,-7],[-80,-50],[-27,9],[-5,-33],[-75,25],[-32,24],[-26,45]],[[50427,59361],[24,22],[46,8],[-2,65],[57,82],[3,37],[50,49],[15,56],[-19,81],[7,42],[55,29],[5,-63],[12,6],[12,32],[21,-13],[16,8],[38,-25],[22,22],[32,-43],[58,12],[13,20],[-50,51],[4,81],[-15,46],[-74,59],[-3,37],[-11,19],[6,79],[-38,25],[-60,71],[18,124],[-4,47],[-17,37],[-36,-14],[-13,8],[-36,74],[-59,13],[-16,-26],[-10,24],[-20,-1],[2,30],[-14,12],[-49,8],[-2,17],[-63,52],[-65,28],[-35,-28],[-17,8],[-26,-27],[-92,7],[-56,-56]],[[50041,60593],[-75,-25],[-7,-39],[-28,-53],[-169,-36],[-72,-39],[-23,-33],[-23,-10],[-21,-3],[-76,94],[-23,7],[-74,-18],[-123,38],[-63,-1],[-50,41],[-15,1],[-21,-35],[-43,-26]],[[49135,60456],[-5,36],[-21,35],[-45,11],[-15,31],[-42,22],[-23,66],[-29,0]],[[48955,60657],[2,71],[37,52],[59,169]],[[49053,60949],[66,-22],[10,18],[-35,47],[6,55],[-20,107],[14,29],[80,128],[163,210],[64,14],[28,53],[1,38],[-28,74],[31,26],[-3,12],[-26,30],[-30,81],[-48,81],[4,37],[-19,54]],[[49311,62021],[1,40],[24,14],[66,-22],[73,80],[20,41],[219,31],[159,-11],[114,-30],[14,-14],[167,-27],[37,-68],[74,3],[22,-13],[2,-42],[39,50],[37,-14],[41,21],[101,-28],[12,-38],[20,-10],[15,33],[75,52],[59,-107],[50,22],[147,19],[36,-34],[6,-32],[51,-27],[22,39],[-25,106],[54,131],[79,80],[33,-12],[31,24],[101,-2]],[[51287,62276],[51,-23],[36,1],[39,28],[20,69],[17,16],[90,-24],[116,44],[109,-4],[45,-41],[46,-119],[69,-87],[-4,-28],[-63,-17],[20,-54],[7,-84],[11,-10],[-15,-37],[67,-8],[65,-30],[74,15],[22,-62],[38,-8],[0,-41],[31,-97],[-12,-52],[5,-31],[43,-75],[20,-10],[53,40],[54,-12],[47,-57],[46,0],[29,-31],[34,37],[90,26],[52,29],[19,-3],[39,-52],[29,-81],[83,-83],[24,9],[8,38],[20,11],[46,-38],[48,-5],[65,-56],[27,-3],[35,16],[31,-50],[39,-6],[77,-68],[61,11],[12,-9],[-6,-63],[17,-28],[-4,-51],[-53,-83],[-50,-24],[16,-41],[58,-28],[3,-13],[-24,-12],[-27,6],[-21,-30],[-15,-65],[46,-21],[14,-80],[-11,-25],[27,-15],[-44,-134],[1,-33],[-11,-19],[-19,-2],[-183,6],[-19,-7],[-44,-75],[-66,-25],[-20,-22],[-21,-105],[20,-19],[-20,-45],[4,-36]],[[51348,59692],[33,-22],[-109,26],[-33,20],[-13,50],[31,-44],[91,-30]],[[51806,39004],[-371,0],[-379,3],[-51,-33],[-21,1]],[[50984,38975],[-37,-3],[-62,-129],[-42,-45],[-11,8],[-14,51],[-60,-23]],[[50758,38834],[-4,181],[21,193],[-4,41],[21,237],[14,29],[38,146],[2,141],[59,67],[13,57],[20,36],[38,24],[113,194],[75,159],[5,44],[-24,55],[-23,7],[-29,51],[-32,-1],[-24,24],[10,97],[18,74],[-1,38],[-21,48],[18,106],[19,55],[-3,24],[-14,12]],[[51063,40973],[22,62],[54,67],[17,0],[63,-47],[16,0],[61,54],[35,-85],[47,-39],[14,39],[34,43],[122,40],[38,36],[38,-46],[81,-9],[118,204]],[[51823,41292],[38,-145],[13,-8],[-5,-25],[66,-71],[-9,-105],[12,-109],[18,-19],[16,-85],[37,-47],[17,-87],[13,-13],[9,-48],[-5,-28],[19,-156],[4,-126],[-3,-57],[-44,-115],[4,-60],[-48,-39],[-29,-50],[-17,-76],[-34,-80],[-27,-35],[-30,-136],[-23,-53],[-9,-515]],[[59706,55811],[-101,29],[-83,68],[-30,-45],[-21,-95],[-112,-5],[-67,-47],[-73,-347],[-38,-50],[-64,-50],[-20,-44],[-36,0],[-135,-67],[-42,-6],[-5,-11],[15,-62],[-21,-48],[-7,-54],[-89,-84],[-19,-9],[-35,8],[-38,-35],[-23,52],[-55,67],[-88,-5],[-19,11],[-48,75],[-20,-4]],[[58432,55053],[-3,109],[-24,48],[15,53],[0,41],[-9,43],[-2,124],[-12,31],[-188,-2],[-68,142],[-27,35],[-94,60],[-26,32],[-21,36],[-16,77],[-118,76],[-40,-14],[-24,16],[-28,-22],[-28,4],[-51,59],[-31,21],[-152,63],[-11,68],[-28,38],[-182,15],[-28,-26],[-13,-48],[-168,8],[-48,-21],[-74,-65],[-42,-55],[-49,-135],[-123,-60],[-67,5]],[[56652,55809],[-22,256],[11,447],[-35,68],[-5,47],[-21,2],[-34,40],[-34,15],[-32,-10],[-11,-23],[-8,73],[27,78],[37,-32],[52,4],[-5,27],[-27,27],[-5,35],[9,70],[-20,22],[-101,13],[-9,-41],[20,-53],[-56,123],[-14,72],[-3,79],[51,280],[49,-93],[45,-19],[46,21],[23,-5],[36,-67],[25,-8],[79,32],[44,-12],[-14,62],[13,16],[42,-17],[34,18],[9,34],[-5,52],[-27,54],[-74,75],[-46,68],[-60,250],[-10,12],[-44,8],[-82,-24],[-30,6],[-47,-52],[-37,-116],[16,-26],[-13,-136],[5,-62],[-58,144],[-28,110]],[[56308,57753],[91,123],[45,38],[153,66],[105,16],[135,-112],[43,-50],[96,-222],[44,-71],[27,-14],[105,25]],[[56457,56448],[-2,-20],[-20,130],[8,19],[10,-1],[-9,-25],[13,-103]],[[49884,57033],[-55,-14],[-18,14],[18,26],[43,18],[14,-26],[-2,-18]],[[53648,57638],[76,-37],[25,28],[69,-4],[61,-21],[30,57],[40,4],[17,-38],[79,-81],[1,-31],[12,-17],[48,-9],[9,-31]],[[54115,57458],[19,-45],[28,-33],[22,-91],[-13,-64],[-24,-41],[34,-138],[-11,-18],[82,-49],[69,12],[66,-67],[50,-81]],[[54437,56843],[12,-23]],[[54449,56820],[-56,52],[-32,-45],[-16,-107],[-13,-12],[-51,4],[-24,-12],[13,-70],[24,-32],[-8,-66],[6,-26],[25,-43],[6,-197],[37,-23],[-58,-187],[3,-12],[27,-4],[62,-71],[-11,-22],[7,-98],[53,-64],[-7,-65]],[[54436,55720],[-38,15],[-79,-86],[-8,2],[-11,30],[-3,87],[-18,23],[-25,5],[-43,-40],[-39,2],[-38,8],[-103,53],[-38,-18],[-39,20],[-77,-106],[-24,-9]],[[53853,55706],[-11,53],[-26,29],[-35,-40],[-132,-51],[-60,-9],[-75,18],[-61,-5],[-167,-119],[-160,-63],[-142,5],[-79,74],[-61,17],[-183,-113],[-89,4],[-30,46],[-69,20],[-15,-45],[-14,-107],[24,-97],[-39,-6],[-25,-22],[-6,-73],[-36,-29],[-11,-46],[-64,37]],[[52287,55184],[16,35],[-35,137],[17,42],[74,111],[-2,65],[-32,45],[-94,-82],[-8,-31],[-22,-24],[-35,-10],[-166,106],[-98,-93],[-84,-136],[-63,-49],[-42,-17],[-143,-21],[-33,-26],[-63,28],[-38,37],[-86,153],[-189,126],[-145,19],[-15,-30],[-6,-119],[-27,-112],[-14,-12],[-38,29],[-131,-66],[-83,44],[-30,29],[-19,32],[-26,130],[-16,9],[-18,-18],[-19,1],[-81,56],[-44,4],[-26,-55],[-43,-23],[-1,16],[17,35],[-68,-6],[-35,-27],[-49,16],[3,15],[39,18],[91,20],[57,86],[-216,-4],[-21,-19],[-3,45],[12,21],[57,16],[-3,37],[-35,41],[-38,21],[-17,94],[-20,24],[3,13],[35,16],[7,69],[-5,42],[-70,37],[-16,-3],[-17,36],[-30,26],[-25,-21],[-70,56],[13,41],[17,-1],[4,32],[-14,53],[1,27],[15,7],[18,-5],[18,-31],[2,-61],[19,-36],[13,36],[32,-20],[58,19],[11,16],[-43,-2],[-15,15],[-34,100],[35,29],[25,48],[-48,33],[9,68],[-41,77],[55,98],[-3,15],[-17,5],[-173,-42],[-3,45],[13,39],[6,146],[32,15],[40,75],[63,89],[67,-1],[26,24],[40,2],[11,-35],[35,-25],[61,4],[29,23],[-28,44],[9,13],[26,1],[27,-11],[-14,-47],[8,-5],[79,15],[82,-12],[92,6],[11,15],[-64,48],[41,43],[215,46],[1,10],[-118,22],[-60,56],[-17,31],[12,74],[13,19],[42,3],[145,-34],[103,21],[112,-50],[108,11],[22,21],[27,71],[152,118],[54,62],[260,126],[197,-23],[135,-3],[62,46],[36,-15],[-8,-60],[21,-43],[21,-28],[63,-42],[88,35],[32,-13],[31,-113],[54,-66],[26,-5],[33,39],[32,4],[52,-38],[18,-40],[169,-46],[35,-34],[114,-34],[43,6],[71,35],[139,39],[93,-54],[77,-18],[33,8],[103,64],[32,37],[64,31],[80,71],[23,41]],[[50379,57836],[-6,-50],[51,-132],[36,-39],[172,-103],[-25,-97],[-42,-15],[-147,47],[-60,-40],[-43,10],[-60,-18],[-17,-58],[-42,-67],[-118,-83],[-107,-164],[-30,-21],[13,56],[-1,49],[47,57],[66,43],[17,37],[-166,-7],[-16,51]],[[49901,57292],[17,10],[54,89],[0,125],[65,50],[6,21],[-11,88],[-63,50]],[[49969,57725],[10,38],[36,10],[17,54],[74,19],[31,29],[68,10],[58,-70],[84,29],[32,-8]],[[46381,53985],[-12,-236],[19,-52],[-7,-49],[-165,-146],[-52,-66],[-32,-85],[-49,-22],[-39,-97],[35,-229],[-10,-69],[-78,-174],[-91,-69]],[[45900,52691],[-115,807],[-172,207],[-30,168],[-24,56],[-92,94],[-56,247],[3,109],[57,76],[22,68],[69,68],[30,74],[7,107],[28,99],[-18,87],[0,111],[-17,64],[25,248],[-12,39],[-23,27],[40,50],[18,56],[38,32],[-6,46]],[[45672,55631],[60,26],[77,87],[132,63],[36,-13],[-13,-43],[11,-34],[16,21],[-5,32],[51,-2],[27,-20],[-2,-75],[35,-74],[-10,-37],[29,-21],[26,26],[13,38],[47,23],[45,56],[25,6],[17,-87],[-38,-57],[-41,-110],[-38,-32],[-28,-42],[-12,-65],[7,-63],[21,-64],[23,-38],[23,-12],[54,-60],[9,-131],[19,-42],[-104,-246],[-38,-59],[-101,-116],[-19,-61],[2,-37],[27,-90],[35,-54],[36,-28],[63,11],[3,-77],[42,9],[14,41],[31,-28],[16,-85],[26,-26],[3,-10],[-16,-17],[32,-17],[16,7],[25,-19]],[[46326,54674],[-37,-32],[7,28],[24,33],[6,-29]],[[46248,54222],[-24,-16],[-33,23],[6,66],[43,2],[23,-31],[5,-17],[-20,-27]],[[28880,44342],[-13,-4],[1,17],[23,30],[45,21],[-5,-27],[-51,-37]],[[28818,43884],[-39,-25],[-178,-3],[60,53],[7,23],[32,11],[5,147],[-42,50],[68,35],[110,18],[-28,-74],[-1,-82],[17,-70],[-11,-83]],[[1172,30165],[20,18],[-19,-59],[-43,46],[-7,22],[11,18],[-1,-14],[40,-21],[-10,-4],[9,-6]],[[1464,31274],[-9,-26],[-19,26],[25,32],[11,-10],[-8,-22]],[[1232,30108],[-1,-66],[-14,44],[15,22]],[[43812,44260],[-27,-124],[-6,-141],[138,-171],[4,-188],[9,-90],[9,-34],[35,-65],[8,-38],[6,-900],[-23,-2],[13,-50],[4,-117],[35,-81],[8,-57],[-40,-20],[3,-15]],[[43988,42167],[-76,-30],[-30,-26]],[[43882,42111],[-1,25],[-32,25],[-16,51],[-18,4],[-42,55],[-8,56],[-43,118],[-1,39],[17,41],[10,141],[-30,35],[-2,49],[25,80],[-5,183],[4,28],[21,41],[0,22],[-17,55],[-49,76],[-10,46],[28,41],[-6,115],[15,124],[-29,41],[-36,-28],[-6,16],[10,47],[17,15],[-19,18],[14,19],[14,264],[-40,44],[-73,123],[23,153],[-19,41]],[[43578,44314],[134,-54],[2,-16],[98,16]],[[74025,35875],[-16,-75],[-18,16],[34,59]],[[73885,35274],[-8,57],[-16,39],[-2,35],[34,10],[12,29],[0,36],[-12,17],[-31,-27],[-9,5],[-5,9],[2,40]],[[73850,35524],[25,36],[37,93],[49,32],[102,36],[198,14],[84,63],[60,-25],[20,-23],[-93,-127],[-60,-29],[-43,-57],[-79,-37],[-52,-56],[-26,-3],[-105,-64],[-82,-103]],[[73635,35349],[39,37],[60,29]],[[73734,35415],[-8,-54],[-31,-50],[-47,5],[-13,33]],[[68445,44560],[-4,-46],[-14,19],[9,34],[9,-7]],[[68401,44697],[1,-11],[-31,7],[-6,75],[10,-4],[26,-67]],[[67428,42906],[-2,-33],[-10,1],[-15,-23],[-8,65],[14,106],[7,-25],[21,-11],[-9,-53],[2,-27]],[[67843,48347],[-1,-26],[6,-6],[18,42],[25,20],[27,-64],[22,-27],[5,-39],[-35,-146],[5,-49],[23,-40],[27,-23],[29,6],[27,31],[27,11],[59,-27],[-3,-97],[20,-104],[1,-49],[-29,-158],[-29,-77],[22,-68],[2,-63],[-57,-245],[11,-19],[36,-27],[15,9],[60,96],[66,75],[22,63],[10,14],[14,-9],[17,16],[38,57],[11,-3],[75,-96],[23,-9],[11,-17],[4,-41],[16,-4],[-1,12],[31,42],[45,17],[15,19],[23,85],[32,36],[-7,30],[28,22],[29,-2],[100,-54],[12,10],[116,-272],[76,-103],[18,-71],[-17,-183],[1,-103],[17,-80],[50,-100],[5,-34],[87,-76],[-8,-42],[6,-27],[54,-57],[5,-19],[-6,-74],[-25,-55],[-6,-46],[0,-56],[14,-86],[-17,-176],[-33,-50],[-38,-31]],[[69069,45730],[-26,-52],[-18,12],[-8,49],[-46,27],[-89,-26],[-44,12],[-60,-17],[-58,7],[-34,21],[-98,-39],[-40,-35],[-30,-51],[-43,-129],[-45,-80],[5,-15],[-4,-17],[-52,-12],[-1,-119],[32,-119],[9,-152],[62,-107],[-12,-74],[8,-73],[47,-168]],[[68524,44573],[-5,-1],[-29,81],[-7,54],[-41,84],[-13,-41],[-48,63],[-20,61],[-7,-27],[-48,88],[-48,47],[-27,22],[-67,-31],[-86,24],[-33,-23],[-14,14],[-8,27],[24,314],[-74,39],[-13,21],[-17,-24],[-72,-13],[-28,-19],[-25,-38],[-7,-48],[15,-32],[9,-55],[-30,-156],[10,-147],[-4,-80],[-37,-103],[-9,-82],[-42,-126],[-27,-158],[-7,-93],[-49,-140],[-11,-80],[-18,-29],[8,-64],[-9,-193],[31,-140],[-8,-66],[34,-22],[80,44],[27,-12],[17,-76],[20,-230],[34,-71],[8,35],[16,-36],[12,-68],[43,-363],[22,-94],[-26,24],[-14,114],[-24,4],[10,41],[-2,31],[-14,26],[-24,-20],[1,-57],[63,-180],[16,-12],[24,7],[50,-80],[54,-58],[69,20],[47,-19],[29,-48],[44,-123],[74,-102]],[[68323,42178],[-12,-63],[-28,-52],[-15,-67],[-21,-21],[-27,0],[-29,57],[-73,-52],[-16,-53],[-19,-14],[-32,59],[3,33],[20,48],[-5,126],[-44,1],[-29,94],[-9,9],[-21,-14],[-69,44],[-20,59],[-20,-5],[-15,-101]],[[67842,42266],[-60,135],[-42,56],[6,100],[-13,20],[-16,1],[-12,28],[11,61],[-39,-10],[-19,17],[-23,108],[-19,43],[-26,0],[-8,21],[2,54],[-19,33],[-45,42],[-20,86],[-30,39],[-20,-12],[-19,-61],[-28,21],[-16,86],[1,151],[20,88],[11,142],[30,118],[16,121],[35,155]],[[67500,43909],[15,105],[-2,101],[104,195],[70,222],[23,33],[10,41],[-22,135],[-14,44],[-17,125],[3,32],[-45,84],[-11,97],[-12,31],[-5,32],[17,56],[-9,212],[-50,146],[-88,136],[-78,199],[-11,71],[-2,100],[63,67],[25,5],[0,176],[9,123],[54,57],[12,25],[5,50],[-12,29],[-36,-50],[-7,11],[-44,177],[-9,107],[-64,115],[-114,244],[8,61],[-26,155],[-26,3],[-18,28],[-18,69],[34,-8],[56,39],[-10,151],[2,28],[22,59],[3,144],[42,85],[6,42],[23,6],[31,-32],[32,0],[95,35],[37,1],[17,39],[9,79],[12,25],[30,7],[34,-16],[36,32],[4,16],[-10,77],[63,-17],[41,44],[16,-4],[40,-43]],[[67832,43692],[-3,-7],[-9,14],[-10,36],[14,-1],[8,-42]],[[67831,43644],[-4,-55],[-23,-17],[-7,24],[2,36],[32,12]],[[67732,42301],[-5,-3],[-9,36],[12,51],[11,-63],[-9,-21]],[[67473,42920],[-3,-8],[-13,85],[19,-23],[-3,-54]],[[67404,43409],[-14,-4],[6,39],[6,4],[2,-39]],[[67590,42770],[7,-53],[-16,34],[1,39],[8,-20]],[[51042,35852],[-106,433],[-24,73],[-26,54],[-96,131],[-41,133],[-15,126],[31,133],[-69,361],[20,197]],[[50716,37493],[76,-3],[55,65],[49,97],[29,103],[27,53],[11,62],[50,74],[-1,32],[40,31],[5,70],[-8,58],[-84,48],[-2,22],[12,57],[-12,23],[31,106]],[[50994,38391],[60,16],[7,11],[12,86],[-3,43],[-11,34],[-2,177],[-25,72],[-19,14],[-30,69],[-9,34],[2,21],[8,7]],[[51806,39004],[18,0],[18,-17],[329,-333],[541,-546],[10,-88],[-19,-94],[3,-22],[22,-13],[21,-58],[345,-447]],[[53094,37386],[-59,-362],[-39,-157],[-3,-85],[16,-114],[26,-54],[35,-45],[25,-56],[14,-57],[45,-28],[18,-64],[-6,-43],[-41,-96],[-15,-77],[-1,-118],[11,18],[24,-29],[3,-88],[-25,-101],[-8,-88],[17,-121],[27,-62],[-9,-36],[46,-109],[-4,-95],[39,-222],[-14,-37],[33,-10],[29,-60],[25,1],[73,-86],[19,-48]],[[53395,34857],[-115,-157],[-42,-40],[-62,-29],[-58,-63],[-37,-19],[-44,0],[-47,-27],[-73,-81],[-43,45],[-33,14],[-63,-7],[-8,-10],[-14,-72],[-25,-44],[-44,-41],[-41,-15],[-38,10],[-57,52],[-26,-1],[-48,-50],[-38,-14],[-51,4],[-28,16],[-4,27],[-23,32],[-41,35],[-31,1],[-37,-56],[-16,-9],[-147,11]],[[52061,34369],[-5,50],[-11,30],[-10,19],[-19,4],[-40,115],[0,39],[15,87],[-8,73],[-13,44],[-3,125],[-11,92],[-49,131],[-56,85],[-23,18],[-11,-30],[1,-41],[-16,-5],[-46,31],[-67,-4],[-22,39],[-49,10],[-37,44],[-14,-5]],[[53160,36736],[19,-92],[-3,-18],[-20,-12],[-13,47],[-10,-8],[-17,38],[-17,2],[-15,44],[6,40],[-4,66],[19,35],[10,57],[11,-39],[3,-61],[16,-72],[15,-27]],[[53249,37293],[-2,-153],[-26,-83],[-24,33],[13,111],[-7,82],[26,-7],[20,17]],[[53212,35947],[-13,-6],[-13,24],[74,125],[-20,-110],[-15,-5],[-13,-28]],[[60780,57078],[-3,-23],[-73,-46],[-5,-36],[-16,-20],[-10,-2],[-16,43],[-117,68],[-106,-47],[-15,-33],[2,-44],[-11,-4],[-30,25],[-7,-22],[-12,-69],[17,-103],[40,3],[33,18],[86,-9],[44,2],[8,12],[18,-18],[62,19],[26,-10],[30,-66],[16,-8],[50,7],[15,36],[98,48],[11,-21],[-3,-33],[55,-25],[-1,-51],[13,-12],[64,32],[45,-63],[31,56],[50,18],[132,-7],[30,6],[57,38],[40,-5]],[[61428,56732],[-6,-97],[47,-114],[-26,-50],[26,-109],[16,-19],[38,-10],[25,53],[36,0],[57,-27],[72,-61],[6,-24],[-15,-57],[0,-36],[40,-184],[-11,-75],[49,-66],[6,-29],[-56,-67]],[[61732,55760],[-56,71],[-32,-5],[-43,16],[-21,-2],[-23,-38],[-101,-42],[-23,3],[-6,10],[21,29],[1,40],[-58,23],[-24,-4],[-118,-85],[-33,-42],[-25,-63],[-72,-20],[-49,-36],[-86,-91],[-33,1],[-16,16],[-16,49],[-24,124],[36,343],[-7,10],[-66,-6],[13,110],[-19,60],[-49,49],[-42,16],[-35,-14],[-29,-39],[-48,-114],[-49,-66],[9,-114],[-15,-36],[-17,-16],[-18,1],[-25,23],[-29,5],[-80,-25],[-18,-29],[-5,-39],[4,-84],[-27,-40],[-9,-3],[-86,99],[-21,-28],[-37,-6],[-30,-33],[-39,-19],[-21,-22],[-9,-33],[-12,4],[-35,-32],[-27,10],[-30,40],[-18,48]],[[60718,56896],[-34,-15],[-19,41],[52,-17],[1,-9]],[[53853,55706],[-2,-21],[-136,-203],[-90,-36],[-29,-58],[-12,-136],[26,-115],[0,-75],[-33,-154],[-5,-228],[-51,-149],[-12,-18],[-60,-24],[-464,-421]],[[52985,54068],[-473,-462],[-109,31],[-36,47],[-39,17],[-40,79],[-26,9]],[[52262,53789],[24,92],[-25,152],[14,55]],[[52275,54088],[47,74],[-23,36],[11,37],[26,35],[66,3],[-21,38],[18,37],[25,20],[31,72],[-20,93],[-42,30],[25,49],[-12,20],[-21,9],[-8,-20],[-69,-2]],[[52308,54619],[-22,140],[14,121],[-10,86],[-34,66],[19,122],[12,30]],[[45901,60270],[25,-25],[-24,-85]],[[45902,60160],[-12,-76],[2,-16],[23,-2]],[[45915,60066],[64,-22],[8,-30],[62,-38],[52,58],[16,-9],[9,-43]],[[46126,59982],[-13,-88],[8,-50],[-39,6],[-18,25],[-27,-10],[-11,-51],[17,-52],[4,-55],[-21,0],[-24,54],[-73,-29],[-27,5],[-24,77],[-30,6],[-11,-9],[-2,-83],[-60,-119],[11,-61],[-6,-13],[-17,-7],[-43,73],[10,35],[-42,15],[-45,59],[-9,88],[-12,0],[-67,-77],[7,-48],[-32,-63],[-49,-42],[-61,25],[-99,-43],[-26,20]],[[45295,59570],[-60,105],[11,48],[-15,62],[-79,6],[-26,-16],[-24,-33],[12,-29],[-45,-46],[-28,2],[-1,28],[31,28],[6,44],[-13,35],[23,66],[60,63],[11,85],[51,35],[81,129],[-24,31],[16,26],[41,17],[16,-25],[34,0],[19,9],[18,41],[29,20]],[[45439,60301],[75,-13],[66,19],[62,-5],[25,12],[2,13],[-27,0],[-12,15],[8,19],[33,20],[37,-33],[25,1],[12,-21],[74,7],[82,-65]],[[48215,64790],[-20,-11],[-12,-30],[-32,-16],[-5,-98],[28,-37],[-30,-16],[-21,-52],[-54,-35],[-33,-81],[-47,-25],[34,71],[-44,83],[12,29],[-4,95],[97,121],[45,14],[20,-14],[9,30],[14,6],[43,-34]],[[47598,64113],[-13,-23],[-11,2],[-5,142],[53,135],[24,11],[72,195],[22,-11],[-16,-18],[1,-31],[-67,-177],[-60,-225]],[[46353,65316],[20,-56],[17,-7],[24,14],[38,160],[-28,132],[37,46],[23,74],[58,21],[77,85],[24,151],[-66,193],[-5,49],[100,25],[42,128],[-69,82],[-107,79],[36,248],[-45,134],[-2,143],[27,36],[-53,128],[51,88],[-9,45],[150,177],[99,33],[184,-27],[43,70],[-15,128],[-104,51],[113,160],[88,155],[38,216],[-22,147],[120,17],[108,61],[-15,80],[237,248],[8,44],[-75,119],[17,34],[63,21],[31,33],[48,117],[131,92],[144,-61],[63,103],[-4,144],[34,11],[182,-27],[222,-60],[65,54],[-65,28],[65,57],[27,77],[-3,23],[-53,53],[122,7]],[[48589,69699],[66,-25],[6,-32],[261,-169],[208,-68],[59,-48],[20,-53],[33,-3],[78,-77],[-34,-35],[10,-114],[-21,-67],[68,-17],[10,-41],[-36,-42],[3,-46],[84,-139],[-29,-102],[-40,-43],[-1,-99],[13,-28],[38,-18],[60,-151]],[[49445,68282],[-64,-10],[-49,21],[-114,-19],[-28,-22],[-86,59],[-51,-34],[-33,30],[-28,-48],[-8,-68],[-40,6],[15,-25],[-56,-9],[8,-28],[-17,-20],[-76,-7],[-11,-21],[21,-43],[-48,24],[40,-83],[-106,-139],[92,-152],[-13,-36],[-108,-89],[-62,-136],[-135,-90],[-70,-22],[-47,-65],[-53,20],[-2,-37],[-34,23],[-29,-57],[-49,-48],[-52,9],[10,-22],[-61,-13],[-18,-50],[-46,-14],[-7,-16],[46,-3],[-10,-41],[-52,-20],[-19,-27],[-23,1],[5,20],[-35,-1],[-11,23],[17,-72],[-18,-28],[33,-25],[-49,-43],[-28,-1],[-18,-22],[-18,0],[-39,25],[-9,-35],[14,-41],[49,-44],[-30,-30],[-32,-131],[21,-80],[-65,18],[5,-30],[-21,-35],[2,-85],[15,-31],[1,-158],[18,-61],[-6,-49],[26,-26],[56,-6],[17,-40],[71,24],[50,-80],[96,-68],[-5,-44],[61,-32],[16,-23],[33,-87],[-5,-31],[-168,-140],[-76,-35],[4,-13],[37,-6],[34,23],[30,1],[27,17],[13,-6],[14,-30],[-50,-16],[-31,-79],[-201,-110],[-26,-34],[-90,-56],[-160,5],[-25,-12],[43,-16],[96,-7],[33,-40],[-66,-26],[29,-97],[-17,-23],[-1,-106],[-24,-3],[-10,-44],[23,-136],[-42,-104],[12,-86],[-43,-157],[-48,-91],[-37,-122],[-41,-43],[-49,27],[-72,-16],[-132,5],[-17,-12],[10,-44],[-24,-6],[-23,13],[-38,-32],[-46,-63],[-3,-46],[34,-88],[-41,-57],[-89,14],[-117,-37],[-106,29],[14,31],[8,117],[-122,238],[57,-25],[23,13],[-35,77],[48,5],[16,28],[-9,45],[-40,20],[-35,70],[-37,36],[-65,141],[-24,96],[-22,-9],[-21,111],[-34,17],[-8,112],[-37,12],[-25,51],[-4,98],[-24,17],[-20,-5],[5,47],[-30,225],[12,39],[24,4],[23,-22]],[[48234,64828],[-4,-28],[-13,2],[-11,21],[23,30],[47,-8],[-42,-17]],[[48055,65313],[-16,-3],[6,20],[27,16],[-17,-33]],[[48098,65506],[-6,-15],[0,39],[12,10],[19,-6],[-25,-28]],[[51332,28066],[27,-26],[-4,-115],[15,-105],[2,-140]],[[51372,27680],[-29,10],[-11,-156],[2,-58],[-118,4],[-47,25],[-51,56],[-44,140],[-21,12],[2,154],[98,250],[31,38],[19,4],[110,-103],[19,10]],[[30478,41791],[-42,-75],[-29,-76],[-7,-77],[13,-112],[-4,-68],[11,-99],[13,-27],[-2,-38],[23,-67],[35,-58],[26,-65],[-1,-75],[-47,-136],[8,-63],[-6,-77],[-50,-156],[-21,-20],[-12,-32],[-19,-7]],[[30367,40463],[-20,14],[-6,36],[-37,3],[-22,43],[-3,22],[-22,-22],[-29,0],[-37,-25],[-10,-22],[-84,-15],[-55,50],[-9,-10],[-6,-46],[-26,-40],[-3,-18],[16,-10],[38,-86],[-3,-67],[-22,-20],[-112,44]],[[29915,40294],[-20,27],[-34,14],[-55,157],[-42,164],[-22,37],[-26,230],[-60,-11],[-23,19],[-1,53],[-44,70],[-18,79],[-30,64],[-6,43],[0,31],[25,78],[26,139],[-18,67],[9,27],[41,48],[92,13],[5,37],[25,39],[-2,17],[-15,6],[-10,39],[30,93]],[[29742,41874],[3,-8],[31,180],[21,23],[122,-24],[56,-23],[71,-40],[10,-42],[-2,85],[19,31],[44,10],[65,-14],[56,17],[76,-2],[116,-34],[73,-45],[2,-87],[-27,-110]],[[51063,40973],[-19,58],[-14,9],[-28,-9],[-6,13],[-13,80],[-76,64],[-78,151],[-22,68],[-25,46],[-30,21],[-20,-10],[-21,-50],[-38,-46],[-18,-2],[-52,43],[-51,8],[-72,-79],[-58,11],[-51,80],[-46,49],[-31,88],[-41,54],[-22,62]],[[50231,41682],[-35,79],[-7,120],[-20,70],[-102,120],[-32,9],[-19,22],[-50,170],[13,79],[-47,64],[-32,76],[-35,48],[-123,117],[-25,42],[-24,57],[14,40],[2,33],[-11,37],[-47,68],[-37,76],[-28,24],[-108,43],[-21,34],[-6,41],[10,64],[-7,20],[-11,6]],[[49443,43241],[16,44],[77,52],[4,53],[24,75],[6,92],[27,61],[0,109],[53,122],[5,80],[11,25],[35,16],[17,-5],[125,45],[14,-7],[15,-104],[61,-89],[92,-192],[26,-19],[101,57],[195,-5],[28,-98],[13,-22],[193,-1],[-2,58],[34,59],[64,55],[56,22],[31,67],[1,63],[96,93],[114,-131],[68,-109],[114,30],[137,256],[34,122],[119,188],[-20,99],[-1,173],[-64,130],[161,1],[-4,94],[116,-3],[-15,-121],[-4,-109],[-11,-38],[23,-331],[-10,-46],[59,-41],[21,-44],[108,-162],[13,-56],[1,-84],[-16,-63],[-6,-93],[5,-20],[45,0]],[[51848,43589],[6,-344],[-7,-57],[-29,-45],[-163,-3],[-12,-18],[-56,-217],[19,-33],[36,-28],[106,-39],[57,-71],[29,-62],[11,-62],[52,-98],[49,-46],[19,-52],[36,-53],[60,-269],[6,-82],[24,-81],[45,-79]],[[52136,41850],[-313,-558]],[[49443,43241],[-114,29],[-23,14],[-11,22],[4,56],[-16,22],[-5,53],[31,65],[7,34],[5,212],[-81,247],[-84,160],[-25,73]],[[49131,44228],[19,120],[-4,67],[-18,25],[-16,3],[-46,75],[-9,39],[6,140],[-4,19],[-22,16],[-20,173],[6,36],[-15,50],[-29,22],[-74,-14],[-12,9],[-13,40],[20,92],[20,50],[41,44],[17,51],[-2,62],[-27,113],[-1,31],[17,48],[88,110],[-22,54],[-16,116],[21,37],[49,39],[2,56],[21,65],[40,72],[10,65],[-9,97],[41,75],[86,4],[35,15],[83,-19],[6,8],[3,872],[-1,782]],[[49402,47987],[0,219],[242,3],[0,874]],[[49644,49083],[371,0],[370,-1],[370,0],[370,0],[41,3],[23,82],[10,6],[16,-4],[5,-20],[-12,-66],[681,0],[635,0]],[[52524,49083],[14,-180],[37,-114],[43,-95],[0,-31],[-26,29],[-2,-54],[21,-186],[-10,-71],[1,-120],[17,-144],[-3,-92],[27,-215],[27,-119],[31,-45],[31,-11],[47,-60],[68,-135],[19,17],[12,-30],[59,-64],[8,-29]],[[52945,47334],[-45,-80],[-12,-47],[-29,-58],[-109,-52],[-62,-62],[-33,-115],[-58,-9],[-39,8],[-7,-113],[-23,-77],[7,-144],[-25,-133],[-32,-117],[-38,-209],[-23,-52],[23,-383]],[[52440,45691],[-19,-118],[1,-64],[-14,-95],[-43,-155],[-13,-78],[-8,-147],[-4,-14],[-70,-18],[-37,-27],[-101,-292],[-34,-61],[-36,-237],[-8,-181],[-38,-52],[-48,59],[-35,-40],[-21,-57],[-16,-57],[8,-148],[-36,-148],[-20,-172]],[[62963,43664],[-16,-5],[-12,29],[1,21],[7,3],[20,-48]],[[62940,43409],[7,-33],[-38,57],[31,-24]],[[62965,43743],[66,-7],[30,-68],[81,-121],[44,-122],[10,-51],[20,-16],[44,-119],[7,-68],[26,-15],[9,-18],[12,-124],[59,-161],[4,-43],[37,-112],[10,-61],[-3,-170],[-23,-126],[-32,-82],[-80,-97],[-141,-99],[-55,-13],[-56,27],[-41,62],[-57,297],[-36,593],[9,49],[0,-108],[8,-13],[7,14],[10,158],[22,123],[-3,91],[33,86],[8,50],[4,51],[-7,110],[56,-49],[26,7],[-10,30],[-31,27],[-51,17],[-16,21],[-6,19],[6,31]],[[43981,56391],[-46,0],[7,42],[15,-24],[23,-5],[1,-13]],[[44356,56881],[23,-15],[38,9],[13,-7],[3,-27],[-53,-137],[-41,-37],[-66,36],[-24,69],[-17,6],[-32,-34],[-32,41],[1,18],[100,106],[91,51],[9,-4],[-8,-16],[8,-15],[-13,-44]],[[44634,56904],[-103,51],[-3,46],[50,5],[40,-19],[23,-59],[-7,-24]],[[43944,56499],[-8,-27],[-45,21],[30,77],[52,18],[15,-36],[-44,-53]],[[43160,58466],[20,-44],[73,-29],[-12,-82],[21,-7],[18,28],[3,-18],[27,-17],[58,-31],[42,-5],[43,-61],[69,11],[63,-60],[58,14],[13,-12],[64,-3],[28,2],[15,68],[158,-68],[19,-41]],[[43940,58111],[5,-70],[63,29]],[[44008,58070],[37,-20],[42,-45],[40,29],[110,-35],[4,23],[54,27],[77,-11]],[[44372,58038],[23,-62],[-34,-14],[-4,-41],[19,-23],[5,-73],[-59,-78],[-168,-131],[-55,-79],[-254,-99],[-77,-104],[19,-9],[23,-36],[-41,-40],[-30,-6],[-56,-130],[-107,-194],[-61,-156],[0,-46],[30,-155],[41,-75],[46,-29],[11,-29],[-61,-76],[-80,-65],[-34,-53],[-7,-50],[-23,-22],[-9,-70],[-32,-97],[-2,-26],[25,-35],[-25,-22],[-122,-9],[-76,-76],[-38,-68],[-34,-125],[-42,-75],[-18,-14],[-29,33],[-36,5],[-34,-11],[-18,-25],[-29,-15],[-87,19],[-68,-22],[-97,21],[-130,-16],[-17,-8],[-58,-85],[-63,-2],[-57,-34],[-38,-83],[-8,-44],[-20,7],[-5,-34],[-39,-21],[-44,28],[-37,41],[-20,2],[-44,105],[-11,75],[-28,17],[-6,40],[20,53],[27,29],[-25,-3],[-19,-33],[-23,53],[-95,105],[5,37],[-27,-35],[-48,5],[-56,-13]],[[41801,55737],[-24,178],[15,62],[62,122],[40,17],[15,63],[-36,-3],[-57,121],[15,113],[57,84],[12,65],[-11,23],[-31,12],[-33,89],[-7,56],[-27,31],[-22,55],[102,9],[19,14],[15,36],[19,99],[-33,64],[54,76],[-10,44],[4,147],[-19,114],[33,31],[21,46],[70,71],[46,68],[-8,31],[-15,18],[-57,13],[-4,88],[-14,30],[-100,4],[-28,13],[-12,-11],[-4,-27],[-47,-26],[-70,23],[-55,-1],[-56,-32],[-18,37],[23,53],[-20,51],[-12,2],[-79,-37],[-45,-49]],[[41469,57824],[-18,-6],[-7,8],[-2,70],[48,74],[-31,4],[21,56],[-20,25],[0,75],[-53,-20],[-1,30],[26,60],[-27,6],[-47,72],[14,86],[73,70],[51,-7],[31,8],[70,45],[-10,44],[8,18],[61,50],[37,6],[37,25],[25,-17],[22,6],[59,-63],[48,-18],[39,14],[199,4],[56,21],[44,-27],[85,-13],[192,-60],[51,0],[103,36],[27,-9],[41,18],[136,-64],[41,36],[65,-18],[65,-37],[84,7],[48,27]],[[39639,51880],[-21,-100],[-30,-52],[-28,-11],[-33,62],[-27,84],[15,16],[70,10],[57,69],[47,8],[2,-21],[-52,-65]],[[40273,52113],[-17,-29],[-18,11],[8,63],[43,46],[27,11],[18,41],[10,-17],[-14,-84],[-57,-42]],[[40156,51788],[-33,-50],[-38,20],[33,13],[30,38],[55,215],[12,15],[23,-2],[7,-67],[-24,-145],[-65,-37]],[[39865,51778],[2,-119],[-11,-28],[-30,-28],[-36,16],[-24,46],[0,46],[21,31],[9,39],[69,-3]],[[39432,51724],[-21,7],[-12,35],[16,37],[31,-21],[6,-19],[1,-13],[-21,-26]],[[39262,51631],[-23,-72],[-43,50],[29,3],[28,36],[9,-17]],[[39275,51930],[-6,-3],[-34,119],[17,38],[32,1],[17,-54],[-7,-68],[-19,-33]],[[74264,56001],[8,8],[0,51],[103,161],[49,13],[180,-2],[32,22],[50,116]],[[74686,56370],[59,-196],[105,-219],[68,-176],[20,-95],[14,-139],[-10,-46],[3,-73],[-13,-64],[3,-119],[13,-20],[28,19],[-37,-242],[-50,-139],[-33,-25],[-68,-13],[-37,11],[-32,-8],[-22,-37],[6,-64],[-85,28],[-14,38],[-40,-24],[-38,-5],[-18,-29],[25,-46],[-7,-28],[-20,-13],[-26,66],[-29,-8],[-4,-35],[22,-52],[-37,-71],[-37,37],[21,51],[-3,40],[-53,-65],[-32,-73],[-17,5],[-17,27],[-35,-47],[-7,-38],[-13,-2],[-12,79],[-36,42],[-16,36],[9,21],[54,-10],[-13,26],[29,30],[-41,-1],[-32,145],[17,28],[32,124],[29,31],[-30,15],[0,18],[55,54],[9,45],[-26,22],[11,40],[-37,67],[2,136],[-14,95],[-24,-19],[-51,18],[-4,35],[13,44],[66,59],[22,6],[26,-26],[24,-6],[21,-54],[25,50],[-26,17],[-30,95],[11,45],[-34,66],[2,46],[-23,72],[17,29]],[[74774,54694],[-22,-28],[-39,57],[44,63],[13,2],[4,-94]],[[74611,54697],[-3,-43],[-17,-2],[-10,27],[-17,-13],[-10,61],[20,20],[30,-18],[7,-32]],[[74167,54506],[-15,-7],[-15,19],[3,20],[30,52],[24,-8],[9,-20],[-11,-32],[-25,-24]],[[74237,55981],[-1,-58],[-23,9],[-13,65],[10,22],[27,-38]],[[74293,54494],[4,-21],[-19,4],[-9,37],[11,3],[13,-23]],[[74546,54613],[-2,-14],[-13,21],[12,22],[3,-29]],[[74212,55436],[-4,-28],[-15,18],[-5,63],[16,-19],[8,-34]],[[74152,54664],[-3,-11],[-10,3],[-26,67],[17,21],[22,-37],[0,-43]],[[75301,55868],[-11,-13],[-14,27],[22,19],[8,-11],[-5,-22]],[[74190,54003],[-21,-4],[-18,43],[8,24],[34,41],[86,39],[50,-15],[7,-31],[-14,-45],[-70,-46],[-62,-6]],[[51172,29625],[59,-384],[4,-89],[61,-180],[45,-250],[0,-513],[-16,-62],[7,-81]],[[51372,27680],[58,-10],[129,6]],[[51559,27676],[-9,-101],[-46,-231],[-30,-260],[-60,-185],[-63,-96],[-60,-42],[-107,-193],[-40,-94],[-36,-136],[-35,-74],[-98,-282],[-45,-112],[-77,-154],[-118,-155],[-152,-271],[-241,-333],[-190,-205],[-112,-82],[-45,-23],[-106,22],[-45,-12],[-37,-49],[-3,-71],[-16,-10],[-98,32],[-40,-6],[-43,-85],[-56,-3],[-100,50],[-117,30],[-27,4],[-77,-43],[-83,8],[-46,24],[-44,0],[-75,-26],[-110,-134],[-58,0],[-49,-15],[-87,18],[-52,-32],[-59,-10],[-124,-142],[-93,15],[-59,64],[-23,-4],[8,54],[-21,35],[-23,-2],[-12,30],[-65,-7],[-5,113],[-14,11],[-53,-2],[-17,-36],[0,-78],[-13,22],[-18,98],[5,59],[27,22],[-8,75],[-42,129],[-25,28],[-20,66],[-20,25],[-8,46],[-20,37],[-6,59],[11,34],[16,18],[18,-29],[21,11],[31,43],[18,64],[-4,168],[-24,167],[-129,316],[-80,252],[-38,151],[-58,306],[-51,172],[-71,172]],[[47578,26901],[43,57],[32,15],[28,142],[15,26],[29,17],[23,-22],[13,-52],[38,-30],[6,-37],[-9,-65],[24,-86],[128,-50],[31,-27],[178,2],[78,-31],[21,16],[8,24],[-2,31],[10,19],[41,31],[14,39],[32,31],[50,24],[24,-1],[0,841],[0,769]],[[48433,28584],[89,-111],[21,-51],[87,-337],[6,-109],[-46,-123],[4,-130],[10,-35],[14,-12],[31,17],[49,-18],[93,8],[46,-9],[22,20],[23,57],[43,18],[20,25],[31,84],[92,112],[68,296],[17,38],[26,26],[50,19],[30,-10],[68,-63],[54,-73],[73,-14],[33,-48],[101,-33],[30,2],[31,26],[52,-1],[56,18],[34,48],[79,376],[118,58],[53,96],[53,68],[37,235],[38,79],[61,61],[25,8],[35,65],[27,9],[3,21],[39,51],[1,20],[67,129],[41,44],[39,9],[72,40],[26,38],[16,51],[29,29],[56,8]],[[50554,26250],[88,80],[10,96],[37,59],[24,130],[-22,79],[-84,91],[-80,131],[-95,-52],[-66,-75],[-54,-29],[-107,-254],[-58,-47],[18,-94],[55,-140],[-2,-38],[10,-30],[25,-22],[63,-103],[74,-14],[17,47],[3,33],[61,132],[83,20]],[[52763,18869],[-10,-8],[-49,7],[-6,17],[23,37],[26,-6],[24,-28],[-8,-19]],[[53653,38700],[-2,54],[-132,307],[-2,986],[-1,629],[91,170],[131,340]],[[53738,41186],[34,70],[202,82],[39,104],[26,36],[111,92],[98,43],[231,-18],[359,695],[376,657]],[[55214,42947],[233,638],[0,792]],[[55447,44377],[109,37],[61,47],[114,34],[86,88],[41,94],[38,18],[112,-67],[-9,-76],[-32,-141],[13,-298],[-11,-73],[-15,-20],[38,16],[1,33],[43,-36],[5,-22],[-1,-16],[-43,19],[-68,-41],[-7,-37],[-16,-238],[-2,-123],[-34,-82],[-11,-58],[-51,-116],[-35,-147],[-44,-136],[-61,-103],[-22,-133],[-22,-84],[-105,-303],[-35,-162],[-10,-102],[-97,-299],[-101,-237],[-62,-199],[-266,-531],[-200,-356],[-55,-72],[-219,-219],[-142,-184],[-73,-125],[-76,-108],[-281,-517],[-82,-183],[-58,-103],[-60,-200],[-49,-116]],[[55214,42947],[-242,0],[-344,213],[-371,221],[-98,154],[-33,18],[-44,101],[-29,119],[-28,20],[-55,121],[-45,174],[65,175]],[[53990,44263],[78,220]],[[54068,44483],[48,-68],[46,-136],[53,-110],[74,-102],[56,-53],[134,3],[96,93],[116,82],[156,-45],[25,5],[99,79],[62,76],[43,33],[74,-27],[74,11],[134,80],[25,1],[64,-28]],[[82270,35714],[-12,-6],[-17,16],[-8,15],[4,23],[10,9],[11,-16],[12,-41]],[[84023,34330],[-29,-5],[-15,38],[26,5],[18,-38]],[[83831,34728],[-40,-9],[-16,-32],[-21,3],[-6,26],[-1,13],[12,-2],[5,25],[12,13],[28,5],[34,-14],[-7,-28]],[[82485,34272],[-17,-15],[-16,8],[-11,11],[-10,34],[-20,21],[-65,37],[-4,37],[3,10],[19,-9],[90,-89],[31,-45]],[[82720,35224],[2,-63],[-19,35],[-9,-13],[-7,16],[1,74],[-12,71],[10,-7],[34,-113]],[[82149,35444],[-29,6],[-8,16],[22,35],[24,-16],[2,-28],[-11,-13]],[[82386,35500],[21,-5],[37,-58],[-9,-18],[-23,5],[-6,20],[-35,19],[-3,20],[18,17]],[[81803,35831],[16,-36],[17,-80],[-3,-28],[-12,-1],[-4,-18],[-17,39],[-23,11],[-16,24],[-7,76],[-50,-2],[-12,-25],[-17,8],[-4,22],[3,23],[23,22],[4,29],[22,48],[15,9],[26,-18],[3,-70],[9,-22],[27,-11]],[[81909,35576],[-11,16],[14,48],[10,-53],[-13,-11]],[[81887,35637],[-24,-35],[-17,12],[-15,29],[8,46],[21,25],[26,-13],[7,-8],[-16,-22],[10,-34]],[[81713,35624],[-14,6],[-29,59],[5,20],[35,43],[8,-24],[-19,-77],[14,-27]],[[81543,35970],[-5,-6],[-14,31],[1,27],[-25,43],[-2,29],[14,29],[38,-53],[22,-12],[-29,-88]],[[81523,35861],[-3,-10],[-13,54],[7,50],[11,-60],[-2,-34]],[[81660,35889],[-31,-4],[-21,46],[1,33],[15,30],[20,6],[20,-37],[3,-33],[-7,-41]],[[81338,36332],[-25,-10],[-15,14],[15,51],[31,-31],[-6,-24]],[[81775,35604],[-1,-15],[-13,4],[-31,24],[-1,10],[30,1],[16,-24]],[[82285,35379],[53,-70],[93,4],[66,-73],[13,-45],[17,-10],[10,-23],[7,-42],[-42,-29],[-40,15],[-39,33],[-113,12],[-24,29],[-32,85],[1,97],[14,18],[16,-1]],[[82316,35703],[0,-10],[-32,36],[-25,45],[-70,49],[-15,25],[-85,71],[-84,123],[-7,48],[-27,46],[68,-26],[90,-131],[22,-3],[56,-52],[100,-131],[-12,-34],[21,-56]],[[81737,36230],[7,-15],[-19,-27],[-24,15],[-6,22],[-52,8],[-48,63],[-50,118],[-49,65],[-9,21],[-1,34],[6,12],[31,-14],[39,-54],[64,-56],[18,-28],[10,-69],[11,-20],[35,-53],[37,-22]],[[82527,35799],[60,-131],[-13,-82],[52,-71],[12,-75],[12,-26],[0,-55],[26,-75],[0,-53],[-11,9],[-31,86],[-36,37],[-41,67],[-25,84],[-26,150],[12,36],[-30,73],[2,20],[37,6]],[[82761,34891],[30,-26],[18,4],[26,-18],[20,10],[44,-112],[0,-29],[21,-21],[-60,0],[-82,47],[-60,66],[0,33],[-10,16],[-3,41],[-46,15],[2,54],[42,-15],[58,-65]],[[48955,60657],[-89,-30],[-76,94],[-93,-20],[-49,17],[-91,-8],[-38,-101],[-105,-73],[-66,41],[-15,-5],[-24,-44],[-134,-27],[-29,-22],[-10,-27],[6,-37],[-13,-29],[-233,-8],[-30,18],[-77,79],[-42,7]],[[47747,60482],[-14,15],[-54,152],[21,93]],[[47700,60742],[45,106],[12,8],[72,-14],[66,26],[38,49],[42,29],[18,84],[49,35],[56,67],[57,9]],[[48155,61141],[26,-5],[7,-45],[44,2],[25,48],[46,38],[46,-83],[35,-16],[-5,-73],[39,7],[34,-17],[26,59],[48,30],[62,3],[61,-34],[32,11],[19,34],[136,-2],[60,-30],[19,-20],[13,-39],[125,-60]],[[47595,59822],[-48,15],[-20,-22],[-2,-49],[-39,-1],[-33,-41],[-72,-33],[-10,-27],[18,-40],[-4,-82],[-91,-56],[19,-32],[-17,-36],[13,-49],[-23,-11],[-70,25],[-39,-9],[-54,78],[-48,-77],[-69,-1],[-23,13],[-27,-35],[-64,21],[-9,18]],[[46883,59391],[34,31]],[[46917,59422],[38,12],[-37,64],[-34,22],[8,66],[-26,5],[-7,15],[37,74],[-51,15],[-10,22],[5,25],[68,63],[5,25]],[[46913,59830],[205,-52],[51,43],[32,47],[79,16],[54,-5],[77,35],[48,-14],[5,54],[28,27]],[[47492,59981],[46,-3],[24,-95],[33,-61]],[[68775,40026],[-36,-29],[-41,27],[13,42],[27,11],[35,-24],[8,-12],[-6,-15]],[[41104,43161],[-19,-130],[-38,-27],[-13,-24],[-18,-137],[-56,-97],[-95,-133],[-58,-143]],[[40807,42470],[-54,80],[-183,130],[13,69],[-18,53],[7,39],[-22,-23],[-31,6],[-37,45],[-26,143],[-15,25],[-31,6],[-30,94],[3,26],[42,-28],[42,69],[5,21],[-3,11],[-12,-18],[-32,5],[-23,-21],[-11,52],[5,64],[33,6],[3,11],[-23,7],[-29,39],[-5,27]],[[40375,43408],[14,10],[26,-10],[24,25],[17,69],[31,17],[18,32],[48,145],[14,69],[18,16],[36,14],[33,-25],[53,22],[3,30],[154,2],[17,-8],[124,-291],[-13,-96],[31,-16],[3,-84],[25,-79],[-31,-69],[-20,-85],[37,-9],[40,73],[27,1]],[[40561,42702],[-4,-12],[-16,29],[-83,42],[23,22],[58,7],[25,-24],[-3,-64]],[[57046,37386],[1,-41],[-39,78],[17,22],[21,-59]],[[49093,58830],[-18,-19],[-8,-52],[-42,-30],[-13,-99],[45,-143],[52,-44],[22,-45],[28,-28],[-8,-40],[-57,-93],[-36,-3],[-22,-15],[-8,-94],[22,-55],[0,-27],[-25,-49],[-19,-7]],[[49006,57987],[-25,19],[-46,-23],[-36,8],[-82,-33]],[[48817,57958],[-11,35],[22,26],[35,124],[-88,36],[3,35],[-40,36],[-44,78],[-51,36],[-11,38],[-43,-27],[9,-43],[-9,-29],[-36,-36],[-1,-41],[-30,-14]],[[48522,58212],[-1,29],[-18,18],[-78,65],[-80,40],[-48,74],[-48,47],[-6,36]],[[48243,58521],[26,26],[36,-13],[11,36],[-2,26],[-59,115],[15,12],[59,-3],[9,25],[-60,80],[-45,34],[-8,25],[3,54],[39,93],[14,81],[-27,15],[-56,-20]],[[48198,59107],[-3,15],[22,10],[3,21],[-9,71],[17,7],[1,19],[41,-13],[20,3],[3,17],[-17,25],[-57,30],[-22,28],[1,29],[14,21],[-36,38],[7,24],[-26,79],[13,13],[3,29]],[[48173,59573],[27,12],[17,25],[15,-13],[31,7],[35,27],[27,39],[20,7],[132,-12],[20,-15]],[[48497,59650],[28,-58],[54,-47],[31,-59],[16,7],[5,-124],[55,-64],[99,-56],[14,-20],[-17,-50],[-16,-11],[43,-47],[-42,-17],[1,-16],[39,-16],[28,-35],[94,-39],[16,-34],[26,8],[37,50],[35,13],[35,-24],[22,-35],[-43,-13],[-14,-46],[50,-87]],[[40620,45933],[23,-71],[-10,-83],[51,-110],[-1,-102],[15,-43],[-6,-39],[-14,-23],[-3,-45],[39,-82],[4,-35],[11,-21],[18,34],[30,-11],[20,-87],[39,-100],[-15,-169],[17,-34],[-2,-33]],[[40836,44879],[-45,9],[-56,-17],[-57,5],[-60,-30],[-26,5],[-14,16],[-19,0],[-64,33],[-32,35],[-20,-24],[-12,6],[-4,20],[4,34],[-5,9],[-157,17]],[[40269,44997],[-355,3],[-92,-83],[-64,-23],[-73,8],[-92,-47],[-46,2]],[[39547,44857],[-18,52],[6,23],[51,35],[24,-11],[2,13],[-37,46],[-19,-41],[-17,-16],[-8,37],[4,173]],[[39535,45168],[27,40],[198,0],[4,74],[128,32],[33,70],[172,-126],[47,-15],[97,44],[5,32],[-7,31],[-30,28],[-41,-3],[-43,-21],[-19,7],[-40,49],[-48,23],[-41,51],[-42,12],[-39,-10],[-38,-27],[-20,-62],[-255,0]],[[39583,45397],[-6,45],[-38,66],[-5,29],[8,24],[28,35],[-42,-16],[-2,39],[-42,136],[-26,35],[-21,69],[-44,39],[-17,-3],[-7,-31],[-22,45],[95,73],[73,163],[66,193],[9,46]],[[39590,46384],[23,161],[9,8],[40,135],[17,7],[50,-25],[47,-3],[35,10],[25,22],[96,21],[2,17],[22,1],[8,14],[49,-14],[61,4],[57,-33],[52,-71],[53,-118],[14,-5],[13,16],[10,-2],[7,-19],[43,4],[24,-33],[15,-38],[34,-156],[25,-20],[6,-27],[20,-2],[16,-23],[16,-49],[1,-43],[30,-49],[46,-40],[21,-28],[12,-38],[31,-35]],[[53960,46618],[-24,160],[-36,57],[-2,41],[-39,71],[-21,137],[-59,102],[-73,95],[-59,163],[-18,85],[-49,99],[-28,178],[-49,178],[-29,69],[-8,47],[-35,30],[-32,75],[-97,119],[-48,12],[-38,43],[-27,56],[-30,96],[-52,104],[-44,147],[14,54],[-1,38],[-39,159],[11,140],[15,84],[-8,87],[-15,47],[2,31],[-17,15],[-13,34],[14,0],[-35,73],[-22,113],[-59,178],[-42,87],[-90,120],[-24,1],[-26,38],[-41,8],[-88,231],[21,62],[-28,145],[-56,153],[-38,48],[-21,126],[-38,29],[-65,215],[-96,208],[-22,83],[-44,76],[-38,132],[-59,132],[-25,23],[-86,19],[-24,-29],[-2,37],[40,157],[5,94],[36,277]],[[52059,52307],[271,-67],[99,129],[55,148],[12,15],[173,56],[44,147],[80,75],[-247,434],[485,221],[44,57]],[[53075,53522],[297,-82],[412,-376],[250,-332],[384,-491],[404,-61],[42,14]],[[54864,52194],[218,-46],[22,-67],[15,-92],[21,-42],[187,5]],[[55327,51952],[44,-180],[45,-104],[5,-41],[-8,-34],[26,-42],[80,-59],[-15,-24],[56,-113],[32,-13],[44,-86],[65,-55],[39,-73],[-30,16],[-4,-9],[5,-67],[38,-53],[7,-43],[-14,-90],[-30,4],[12,-66],[38,-148],[52,-87],[25,-148],[60,-130]],[[55899,50307],[12,-48],[27,-47],[31,-4],[42,19]],[[56011,50227],[17,-19],[18,3],[2,-17],[-27,-84],[63,-24]],[[56960,49393],[110,-308],[-161,-879],[-400,-242],[-326,-196]],[[52532,50567],[-44,66],[-46,30],[-7,19],[8,19],[13,-30],[39,-27],[50,-63],[-13,-14]],[[53764,46769],[18,-3],[-9,21],[8,20],[27,-41],[-3,-61],[-21,44],[-26,-8],[-39,55],[-7,30],[20,20],[7,24],[-6,24],[13,-4],[8,-25],[0,-82],[10,-14]],[[52458,50712],[-13,9],[1,34],[9,19],[3,-62]],[[45393,40130],[-9,-12],[-14,27],[20,42],[9,-16],[-6,-41]],[[45207,39496],[-24,-33],[-9,9],[-13,70],[14,50],[24,26],[15,2],[15,-34],[0,-37],[-22,-53]],[[46618,58683],[-14,-3],[-7,18],[11,20],[15,4],[-5,-39]],[[1857,33542],[27,-42],[11,-55],[-12,-52],[-26,13],[-49,-8],[-59,121],[26,-3],[82,26]],[[2070,33287],[-67,0],[-44,19],[-28,42],[-5,22],[46,22],[61,-32],[10,-28],[25,-15],[2,-30]],[[28778,45209],[-7,-7],[-17,30],[2,34],[31,31],[1,-68],[-10,-20]],[[28766,45138],[-12,-2],[9,3],[-2,9],[11,15],[-6,-25]],[[28740,45006],[-5,2],[8,16],[-3,-18]],[[28846,45500],[-13,-45],[-27,28],[-3,37],[19,63],[21,36],[3,-119]],[[28450,46947],[-12,-10],[-11,13],[3,30],[19,-12],[1,-21]],[[28426,46998],[-6,-7],[-11,27],[-34,24],[3,20],[8,8],[20,-22],[20,-50]],[[50994,38391],[-35,38],[-42,-15],[-28,-31],[-35,35],[-11,-1],[-15,-165],[-41,-34],[-74,-6],[-10,7],[-13,52],[-47,34],[-10,-3],[-12,-51]],[[50621,38251],[-22,16],[-7,21],[-8,82],[4,21],[62,90],[-1,147],[17,61],[37,88],[55,57]],[[52072,59486],[62,-126],[48,-57],[24,-2],[67,39],[44,-13],[38,36],[29,2],[69,-28],[-30,-71],[-14,-73],[-40,-17],[-87,-10],[-47,43],[-26,7],[-23,-9],[-28,-52],[-49,-36],[-16,-41],[-49,9],[-41,-7],[-60,-38],[-46,-80],[-50,-50],[-40,-16],[-37,5],[-74,68],[39,155],[-14,83],[-39,40],[-32,-8],[-18,11],[-65,67],[-35,5],[-39,-14],[-25,33],[153,152],[34,7],[93,79],[-17,66]],[[75246,57982],[-39,102]],[[75207,58084],[14,14],[-2,25],[-13,22],[-20,5],[-4,18],[37,37],[55,20],[34,-2],[30,22],[4,59],[22,46],[20,103],[-3,40],[-15,17],[-2,87],[9,130],[10,31],[-40,229],[-29,90],[3,19],[24,29],[36,4],[53,28],[32,44],[18,53],[48,54],[30,-37],[232,-94],[43,45],[0,83],[18,76],[61,48],[18,121],[33,33],[15,50],[-2,31],[39,47],[10,52],[-9,58],[38,94],[11,104],[32,78],[-8,76],[30,49],[46,15],[14,16],[51,101],[-45,135],[28,82],[-28,49],[-66,23],[-109,-44],[-91,-77],[-78,4],[-90,-73],[-16,3],[-56,-102],[-79,1],[-88,-16],[-55,1],[-23,18],[-35,2],[-77,-16],[-10,8],[-11,58],[-44,77],[-5,48],[22,94],[-61,114],[16,75],[-16,38],[-86,14],[-39,35],[-59,100],[-62,54],[-9,29],[-28,0],[-18,-16],[-15,11],[-44,-1],[-31,32],[-29,7],[-11,13],[-1,36],[-15,10],[-114,-18],[-57,5],[-70,45],[-39,57],[-14,76],[24,102],[-62,62],[-7,46],[10,73],[-10,38],[-92,172],[-29,178],[-24,26],[-2,60],[-46,98],[-41,191],[-35,69],[-43,39],[7,57],[-42,58],[-35,9],[-19,66],[-25,2],[-114,69],[-41,-14],[-6,-19],[-17,2],[-42,34],[-42,8],[-59,61],[-16,-4],[-133,82],[-17,-9],[-55,13],[-38,-5],[-47,-20],[-107,-18],[-43,12],[-226,-74],[-102,-14],[-68,-49],[-147,-169],[-13,-30],[6,-38],[25,-13],[85,6],[32,-21],[11,-32],[-12,-43],[4,-42],[19,-42],[1,-47],[-17,-55],[-41,-54],[-66,-55],[-41,-54],[-24,-78],[-38,-68],[-16,-70],[-57,-107],[-16,-70],[-24,-31],[-44,-100],[33,-22],[11,-33],[-5,-55],[-16,-39],[-27,-23],[-95,-22],[-73,-52],[-141,-145],[-42,10],[-54,32],[-55,7],[-137,87]],[[71854,61278],[-32,42],[-81,40],[-20,0],[-101,-57],[-70,7],[-37,23],[-66,83],[-63,42],[-108,18],[-175,-117],[-99,-92],[-26,-80],[-61,-40],[-26,-8],[-49,11],[-101,-47],[-157,-35],[-23,5],[-151,-93],[-20,-2],[-49,36],[-26,-2],[-29,-20],[-233,72],[-151,-5],[-50,32],[-107,113],[-12,129],[-166,18],[-46,42],[-24,49],[-56,51],[-119,-4],[-83,44],[-119,30],[-70,-37],[-153,-36],[-69,-60],[-24,-7],[-67,10],[-41,-17],[-80,27],[-35,40],[-116,42],[-51,61],[-33,8],[-11,18],[7,58],[-25,49],[-14,212],[-11,18],[-131,49],[-46,-6],[-221,120],[-132,13],[-49,51],[-76,23],[-90,48],[-34,36],[-22,-70],[-39,-68],[-70,-37],[-32,-92],[-45,-25],[-22,-45],[-8,-80],[-18,-49],[-3,-30],[31,-57],[19,-92],[27,-33],[33,-16],[-7,-101],[-36,-98],[-24,-28],[-36,-30],[-64,-15],[-12,-30],[-44,-45],[-36,-4],[-54,66],[-67,13],[-27,-15],[-23,18],[-46,-8],[-60,43],[-32,-17],[-20,23],[-15,0],[-65,-44],[-33,13],[-66,-3],[-44,48],[-77,-9],[-63,87],[-25,146],[-278,21],[-22,23],[-17,54],[-39,0],[-10,-30],[-27,-10],[-66,77],[-14,-6],[-25,-65],[-94,-3],[-87,-76],[-8,-23],[-95,-24],[-63,-47],[-26,-37],[-33,-4],[-71,-42],[-41,-10],[-12,-11],[-7,-37],[-56,-16],[-24,-20],[2,-81],[-63,-46],[-36,6],[-16,-42],[-42,-25],[-26,29],[-16,-40],[-48,16],[-107,-15],[-14,-31],[-5,-55],[-43,-39],[-30,-2]],[[64862,60988],[-72,-17],[-24,-20],[-23,4]],[[64743,60955],[-21,57],[-57,31],[-45,88],[-24,31],[-21,2],[-3,21],[28,37],[0,24],[-14,12],[-15,-4],[-104,-118],[-50,0],[-10,22],[-136,33],[-19,-11],[-15,7],[-56,122],[-3,73],[-36,13],[-56,49],[-69,16],[-16,22],[-20,102],[-56,111],[-55,49],[-87,48],[-48,-3],[-34,-40],[-62,-2],[-37,-54],[-28,-18],[-41,6],[-55,-14],[-40,24],[-113,-11],[-19,95],[-64,-5],[-13,10],[14,98],[-39,-1],[-22,40],[-34,5],[-70,-48],[-5,-104],[-50,-15],[-32,-31],[-5,-36],[-20,7],[-125,315],[-389,778],[-327,318],[-22,69],[57,-3],[44,130],[-83,-46],[-55,-11],[-139,-86],[-62,-11],[-15,-53],[-38,-33],[-41,-29],[-52,-1],[-93,-78],[-12,-63],[-12,-7],[-34,39],[-85,19],[-53,-19],[-57,-56],[-29,65],[5,48],[22,46],[68,51],[8,50],[-23,11],[-57,-46],[-37,-2],[-27,10],[-49,55],[-71,12],[-14,-19],[5,-41],[-33,-24],[-11,10],[-4,69],[-49,89],[-19,-7],[-10,-34],[-15,-11],[-28,6],[-51,-18],[-83,-9],[-58,23],[-10,22],[24,45],[8,103],[-67,232],[-41,78],[-61,-11],[-28,-30],[-46,-22],[-167,85],[-125,15],[-64,-36],[-45,-45],[-78,-20],[10,-47],[-22,-33],[-79,-15],[-33,-31],[-227,-59],[-129,-31],[-65,-3],[-10,14],[-50,-32],[-56,2],[-58,-47],[-19,-67],[-17,-10],[-39,25],[-67,-20],[-46,14],[-63,-16],[-85,-49],[-31,4],[-74,-27],[-54,-5],[-29,-29],[-106,-16],[-33,-25],[-111,-4],[-27,-25],[-144,45],[-46,-37],[-7,-93],[-33,-57],[65,-31],[55,13],[15,-25],[-33,-30],[-41,-4],[-16,-48],[8,-22],[112,-26],[86,-52],[16,-45],[-26,-27],[-139,23],[-85,-11],[-60,-99],[-7,-31],[54,-148],[-79,-82],[-59,-11],[-87,-65],[-9,-19],[9,-19],[52,-24],[26,-27],[19,-54],[123,-50],[10,-20],[84,-21],[47,-52],[7,-41],[-48,-162],[-39,-38],[-69,-34],[-73,-14],[-52,6],[-33,11],[-56,64],[-25,-22],[-35,-95],[-70,-39],[1,39],[-18,16],[-137,33],[-82,121],[-45,41],[-126,12],[-45,-73],[-52,-16],[-63,65],[-41,12],[-95,-37],[-31,18],[-84,-77],[-23,-58],[-61,-49],[-27,-8],[-79,36],[-119,121],[-55,31],[-23,-29],[15,-29],[10,-96],[-3,-30],[-20,-25],[-20,22],[-12,85],[-68,115],[-45,52],[-65,40],[-37,65],[-47,36],[-73,-8],[-53,14],[-60,-6],[-18,13],[-40,74],[-27,13],[-52,-16],[-96,-83],[-64,-4],[-18,52],[-26,23],[-90,36],[-132,-192],[-76,-41],[-27,-28],[-78,-21],[-43,-102],[-125,-110],[-44,5],[53,-263],[-20,-37],[-79,-43],[-24,12],[-153,228],[-25,16],[-42,-25],[-32,-61],[0,-70],[-73,-90],[-25,-68],[-21,-145],[52,-73],[3,-22],[-17,-49],[-62,-102],[-23,-101],[12,-71],[83,-56],[15,-23],[13,-46],[-6,-79],[26,-68],[22,-22],[46,27],[152,-26],[14,-15],[94,-171],[98,-239],[-2,-21],[-16,-9],[-79,22],[-14,-25],[10,-41],[167,-118]],[[55518,59750],[3,-19],[-29,-5],[-11,-41],[-96,-45],[11,-83],[-58,17],[-80,-87],[-79,-32],[-32,10],[-12,-13],[-4,-32],[-41,42],[16,-65],[-10,-33],[-18,-15],[-15,-89],[-65,-176],[-20,26],[-11,-41],[-49,-55],[-11,-68],[11,-35],[65,-35],[69,-105],[29,-141],[9,-99],[24,123],[20,22],[-33,-165],[1,-127],[-12,-81],[41,-58],[18,-40],[5,-57],[85,-143],[74,-176],[45,-48]],[[55358,57781],[-44,-106],[-81,-63],[-47,-107],[-17,-7],[-114,37],[-14,14],[-14,62],[-15,26],[-32,32],[-63,99],[-15,7],[-28,-13],[-8,31],[-27,9]],[[54839,57802],[-52,43],[-63,20],[-76,74],[21,119],[-5,10],[-35,16],[-53,-2],[-44,63],[-70,36],[-24,-61],[-31,52],[-34,6],[-132,-80],[-32,2],[-22,20],[14,38],[-3,19],[-168,106],[-21,27],[-2,18],[-56,34],[-47,-6],[-36,30],[-89,-15],[-114,13],[-54,50],[-67,18],[-105,70],[-31,-10],[-90,26],[-15,-8],[-26,-58]],[[53277,58472],[-112,135],[-45,74],[-149,171],[-129,58],[-80,122],[-36,-16],[-51,15],[-34,40],[-36,81],[-140,78],[-2,15],[78,46],[-53,36],[35,24],[84,-68],[13,18],[92,28],[6,49],[-15,5],[1,29],[55,103],[23,88],[19,21],[15,-14],[1,-36],[25,70],[75,-2],[-100,133],[-40,5],[-36,101],[49,-8],[63,37],[66,-16],[-15,65],[202,101],[5,27],[-24,72],[-41,1],[-23,-42],[-92,-11],[51,49],[-44,-10],[-23,-28],[-65,-37]],[[51287,62276],[-45,93],[10,102],[-22,38],[-2,29],[11,27],[-74,113],[39,78],[60,2],[44,-41],[71,-7],[69,53],[10,26],[57,29],[1,36],[-58,56],[-10,31],[6,33],[-61,39],[-108,12],[17,97],[-102,72],[-53,113],[-26,17],[18,58],[-85,70],[7,58],[36,59],[-4,38],[-36,62],[21,52],[2,76],[-68,42],[-41,53],[-54,25],[-72,0],[-110,-70],[-31,43],[5,68],[-83,37],[-58,-35],[-56,65],[-67,-15],[-33,38]],[[50412,64048],[13,51],[-24,125],[-23,24],[-39,111],[-51,-3],[19,91],[28,61],[-1,44],[-70,60],[-7,34],[-38,9]],[[50219,64655],[12,61],[34,58],[51,18],[6,13],[-25,28],[-42,125],[7,94],[-23,155],[78,116],[34,99],[61,42],[-33,48]],[[50379,65512],[12,31],[-12,75],[11,25],[18,2],[49,-41],[44,68],[56,-18],[48,9],[49,75],[126,-19],[110,-36],[12,36],[-47,31],[-62,74],[-158,-2],[-62,62],[-41,18],[-37,73],[32,-21],[7,52],[-34,29],[-81,-47],[-92,-15]],[[50327,65973],[147,158],[205,172],[106,113],[363,409],[84,178],[-6,30],[-80,111],[-184,130],[-104,101],[53,30],[71,95],[3,79],[-30,36],[-69,37],[-16,33],[-13,51],[32,38],[-11,52],[-70,18],[-44,71],[5,32],[45,30],[4,16],[-4,26],[-49,20],[26,38],[3,60],[22,42],[-25,24],[92,25],[2,20],[-48,160],[-203,351],[43,89],[169,198],[11,53],[-156,172],[-159,56],[-52,131],[73,154],[-16,12],[-61,2],[-10,14],[134,52]],[[50610,69692],[59,33],[43,88],[108,27],[61,32],[23,89],[105,-45],[60,2],[15,50],[-13,58]],[[51071,70026],[164,-38],[29,10],[30,42],[21,7],[29,-10],[-3,64],[248,-102],[-3,-42],[-20,-11],[-178,32],[-21,-18],[58,-35],[11,-33],[151,-4],[-5,-45],[67,27],[48,0],[-31,-121],[-45,-36],[71,26],[60,79],[132,2],[190,-41],[40,5],[27,19],[138,-36],[454,-220],[169,-147],[97,-13],[179,-111],[61,-6],[-18,45],[15,-5],[138,-139],[142,-53],[41,-195],[54,-25],[-20,-130],[-21,-38],[-161,-166],[-102,-65],[-197,-73],[-154,-28],[-182,12],[-222,77],[-148,13],[-209,41],[-166,94],[-83,-26],[-21,27],[13,17],[-74,23],[-61,2],[-72,34],[-27,-9],[-81,35],[-73,78],[20,28],[-128,29],[-123,3],[75,-21],[72,-47],[-9,-39],[96,-85],[78,-18],[8,-65],[107,-39],[-16,-26],[-56,-24],[182,-46],[70,-42],[71,-77],[22,-38],[-2,-43],[-39,-113],[-51,-50],[97,-180],[7,-81],[29,-20],[-23,-21],[3,-64],[40,-53],[60,-34],[36,-7],[52,14],[37,-19],[84,-64],[53,-82],[261,-83],[46,35],[81,25],[25,34],[-2,28],[-26,100],[-52,34],[-75,-10],[-60,15],[-135,150],[-24,42],[2,41],[29,-2],[32,23],[23,81],[63,9],[93,-37],[117,-101],[98,-9],[31,-29],[124,-34],[124,-63],[47,3],[22,50],[50,35],[36,6],[49,-13],[9,11],[-40,96],[-117,154],[-12,43],[17,65],[124,68],[88,92],[93,26],[97,45],[178,174],[94,-43],[153,-3],[77,-42],[25,-30],[-27,-56],[47,15],[26,-7],[63,-58],[-2,99],[95,191],[-14,117],[-33,71],[-53,29],[-53,10],[-18,28],[107,325],[-4,114],[-9,31],[-185,124],[-18,28],[34,3],[140,-57],[249,13],[107,-14],[90,-29],[192,-224],[1,-53],[-281,-40],[-143,-123],[-9,-28],[9,-27],[151,-73],[78,-129],[25,-16],[75,-5],[47,-19],[244,57],[38,20],[61,210],[-8,57],[189,49],[43,-7],[11,22],[-44,63],[14,10],[49,-19],[48,7],[188,86],[186,111],[155,36],[159,60],[33,-3],[37,-32],[-24,-37],[33,-15],[19,5],[66,33],[13,25],[-42,48],[-50,7],[82,54],[271,116],[167,-2],[-168,-37],[42,-28],[-52,-92],[39,-42],[3,-45],[-25,-23],[-33,9],[-84,-26],[-20,-34],[171,-17],[123,29],[59,-48],[34,8],[15,75],[120,85],[63,4],[89,32],[139,-14],[123,-28],[254,147],[15,-24],[28,36],[171,39],[12,-48],[64,-69],[-63,-54],[-3,-75],[152,-41],[32,20],[15,33],[-6,103],[143,10],[108,113],[-18,69],[-47,-15],[-120,210],[26,28],[68,17],[85,68],[209,-37],[208,-9],[177,-30],[201,-61],[179,-92],[-8,-34],[33,10],[170,-61],[19,-24],[146,-56],[142,-33],[35,-52],[141,-106],[155,-87],[33,15],[78,96],[76,168],[-53,2],[-39,-17],[-53,22],[-103,118],[-27,107],[-93,45],[-135,49],[-41,-62],[-22,82],[29,120],[35,-4],[41,45],[-22,49],[33,228],[-34,43],[-78,-18],[-29,10],[-9,36],[44,71],[-37,-10],[-13,17],[67,89],[152,57],[176,118],[82,145],[104,288],[85,125],[54,12],[20,-2],[-12,-35],[22,-6],[427,13],[104,-41],[42,4],[83,-18],[89,-43],[-14,-152],[-44,-145],[-71,-139],[-89,-65],[-11,-40],[51,-65],[122,-69],[30,-82],[-1,-222],[-56,-80],[31,-211],[4,-135],[-21,-145],[12,-81],[57,-68],[178,-105],[11,-41],[-110,-131],[8,-92],[-25,-90],[-29,-31],[-86,-48],[-181,-254],[-43,-29],[-73,9],[45,-88],[-3,-34],[-48,2],[-98,-61],[-51,-13],[-83,37],[14,28],[60,34],[-27,4],[-33,-25],[-39,-5],[-98,70],[-33,-13],[-126,6],[-50,-18],[44,-92],[53,-29],[70,-12],[68,-37],[86,-25],[247,7],[135,-49],[37,3],[61,34],[23,101],[224,107],[109,83],[69,183],[168,155],[-6,135],[-86,152],[46,144],[132,49],[238,50],[85,1],[67,-88],[91,-80],[31,-55],[2,-232],[-18,-71],[145,-91],[279,8],[-20,18],[-68,4],[-235,50],[-13,112],[31,79],[80,31],[-83,282],[-45,1],[-199,93],[-156,51],[-140,2],[-89,-54],[-58,-11],[-109,24],[-94,-13],[-34,12],[-15,24],[28,97],[-80,126],[4,42],[62,164],[124,176],[-186,280],[-119,100],[142,175],[198,67],[122,65],[24,51],[-8,126],[-66,115],[38,18],[51,0],[52,-24],[57,-95],[-3,-54],[36,-71],[-83,-137],[-30,-11],[-6,-64],[62,-69],[-9,-53],[-45,-46],[12,-38],[189,-54],[153,-8],[45,-32],[16,23],[144,-5],[116,-80],[61,-25],[50,-8],[101,10],[34,30],[-68,-12],[-52,8],[-49,41],[-42,79],[-74,25],[-103,-5],[-254,105],[-29,19],[-68,138],[94,42],[109,12],[165,-84],[55,-3],[99,31],[11,20],[-53,62],[-57,9],[-69,-18],[-20,16],[15,36],[37,4],[83,56],[62,21],[290,2],[129,-69],[196,-59],[22,-52],[195,-111],[102,-4],[164,25],[55,-7],[60,-35],[-76,-109],[-145,-70],[-20,-115],[24,-84],[-42,-91],[14,-89],[9,65],[81,152],[67,28],[34,-26],[10,-35],[-5,-103],[-27,-76],[-58,-83],[43,-49],[54,-6],[-2,81],[103,30],[39,32],[19,56],[-38,96],[-104,149],[92,179],[1,75],[-81,83],[-135,22],[-79,65],[-54,84],[-73,28],[-168,27],[-66,43],[-41,98],[45,104],[-21,33],[-60,27],[-20,64],[-7,55],[48,51],[-3,41],[299,40],[418,4],[289,42],[112,-18],[60,6],[40,38],[237,31],[73,-3],[33,-27],[-291,-145],[-8,-25],[6,-48],[208,-97],[9,9],[-180,97],[-8,47],[106,50],[180,20],[109,86],[-87,30],[-155,160],[-138,31],[44,47],[52,12],[65,-16],[56,-39],[81,17],[-195,97],[-154,26],[22,42],[43,-5],[35,38],[109,-58],[94,42],[92,71],[12,32],[-80,26],[-49,-2],[17,44],[40,10],[121,-27],[201,70],[56,35],[140,44],[69,-5],[143,58],[198,26],[115,0],[89,32],[136,12],[404,71],[19,20],[-113,-16],[-28,15],[-40,-24],[-56,25],[-26,-20],[-43,-1],[20,72],[32,-21],[37,32],[94,-20],[110,31],[98,-7],[17,19],[112,-17],[131,10],[120,-24],[-102,-83],[22,-9],[185,59],[22,-7],[-25,-44],[93,18],[114,45],[36,-24],[41,43],[60,5],[181,68],[218,-59],[50,-35],[-41,-78],[-38,-21],[24,-2],[75,58],[-7,90],[-247,151],[16,13],[171,-17],[181,3],[126,20],[53,-21],[60,1],[70,-17],[21,20],[-184,31],[42,65],[-44,52],[17,73],[48,17],[80,74],[265,137],[126,51],[104,2],[110,43],[194,-34],[36,-25],[83,-20],[98,-10],[84,-59],[-79,-17],[-84,-50],[-287,-60],[350,0],[16,-44],[27,-1],[78,20],[136,-13],[57,8],[82,-18],[36,-28],[-191,-156],[-62,7],[7,-33],[65,1],[35,-15],[80,19],[137,-1],[43,21],[31,65],[37,9],[111,-8],[177,13],[148,-17],[119,20],[223,-31],[95,-36],[75,-54],[-37,-44],[86,24],[78,-22],[43,-112],[-34,-33],[39,2],[67,33],[13,18],[-39,28],[69,6],[71,-158],[71,13],[-70,-155],[-20,-2],[7,26],[-30,24],[-64,9],[-121,60],[-32,7],[-10,-9],[67,-41],[55,-72],[49,21],[20,-4],[27,-34],[90,-36],[-27,-70],[-167,-121],[-178,-71],[-78,-50],[-138,-36],[-98,-48],[-126,-36],[-36,-38],[-93,-25],[17,-27],[-24,-40],[-73,-35],[-105,-25],[-212,-148],[-106,-31],[-119,-1],[-144,-127],[-118,-11],[-124,-152],[-129,-80],[136,26],[187,132],[152,17],[156,-2],[129,41],[16,19],[179,30],[59,48],[74,-15],[52,8],[246,114],[-36,21],[-152,-31],[-93,16],[-10,24],[49,57],[95,38],[192,-34],[19,50],[101,-11],[-78,-26],[42,-62],[181,-52],[157,16],[35,40],[-26,55],[48,-21],[93,-117],[-63,-82],[81,-50],[-4,-130],[-84,-96],[7,-27],[38,-49],[85,-9],[12,8],[-101,37],[-20,29],[80,109],[4,79],[79,49],[-84,39],[-7,31],[84,12],[49,23],[183,9],[126,43],[281,-12],[197,-34],[276,-4],[102,-23],[16,-25],[-116,-7],[-20,-43],[13,-52],[129,-57],[112,-23],[79,-38],[205,1],[97,-19],[182,14],[33,-4],[35,-28],[56,-7],[119,11],[-61,29],[28,25],[132,-32],[112,104],[-73,104],[-4,45],[45,58],[74,-17],[54,38],[126,17],[261,-101],[-4,-33],[158,45],[22,-19],[-13,-49],[64,-26],[115,93],[172,-28],[131,-66],[-5,-29],[79,-2],[73,-31],[6,-35],[46,1],[-12,-30],[-110,-66],[101,-10],[52,-42],[5,-31],[-106,-52],[-96,-22],[32,-17],[138,-5],[39,-21],[32,-54],[0,-65],[-31,-32],[-85,-6],[-274,155],[-18,-9],[28,-46],[125,-96],[134,-146],[50,31],[1,56],[21,-16],[61,-78],[-55,2],[-69,-16],[-26,-19],[20,-27],[51,-4],[152,-207],[187,-100],[32,-2],[22,32],[64,-94],[33,-2],[66,38],[115,164],[31,18],[-7,46],[54,129],[103,124],[37,-69],[79,-71],[135,-76],[100,-24],[145,4],[27,32],[51,24],[81,12],[49,29],[128,5],[249,-90],[199,-124],[9,16],[-32,25],[60,36],[54,8],[-96,25],[32,62],[45,31],[70,-14],[35,31],[27,-2],[104,-81],[187,21],[-70,91],[7,81],[-88,29],[68,20],[50,67],[83,18],[-138,15],[-46,-27],[-61,0],[-9,73],[112,73],[206,-2],[152,41],[-26,57],[-78,56],[14,20],[24,1],[122,-15],[50,-30],[131,-30],[353,-10],[407,-56],[256,-56],[-5,-40],[-186,5],[-61,13],[-106,-4],[-45,-34],[-102,-20],[31,-29],[42,-8],[138,37],[434,16],[-56,-75],[-118,-79],[-26,0],[54,85],[-43,1],[-71,37],[-23,-69],[23,-56],[-85,-22],[-83,16],[-18,-76],[48,-25],[149,22],[65,27],[288,228],[276,-7],[267,-65],[111,-75],[13,-42],[-33,-24],[-201,-20],[-31,-36],[11,-11],[129,-11],[87,-28],[49,-39],[131,4],[16,-29],[-138,-100],[211,67],[43,-2],[105,-38],[124,-116],[-80,-18],[181,-65],[311,20],[299,68],[138,2],[72,25],[191,-1],[328,-24],[318,-109],[110,-81],[49,-129],[-67,-193],[25,-38],[261,-78],[30,-223],[66,-50],[8,-34],[-51,-110],[-67,-51],[61,11],[63,114],[48,36],[-20,130],[13,78],[153,102],[250,45],[72,-10],[109,19],[52,-7],[85,-49],[302,-11],[53,-16],[204,-20],[196,105],[55,-6],[71,-66],[37,-134],[244,-83],[25,-71],[48,-58],[224,17],[111,96],[1,40],[-101,196],[-102,19],[83,101],[-4,110],[502,-61],[174,-63],[39,53],[123,-32],[203,-7],[275,17],[243,-109],[114,-15],[131,-51],[221,-48],[25,-40],[78,-16],[176,-121],[0,-1716],[-42,-15],[-92,-93],[-72,-17],[-109,-66],[-43,-13],[-57,31],[-130,19],[-138,131],[-72,29],[-62,-19],[-52,15],[-17,-11],[74,-18],[94,-3],[45,-60],[-37,-33],[-58,27],[-97,3],[-89,46],[-68,-51],[-93,-26],[-72,-3],[-133,-41],[273,43],[92,54],[46,-27],[25,-61],[-51,-52],[89,42],[54,-25],[27,4],[51,37],[91,20],[1,-140],[62,-61],[87,-37],[20,6],[24,57],[37,-45],[23,-59],[-6,-51],[48,-20],[20,-131],[-71,-27],[6,-14],[46,-7],[13,-15],[-7,-53],[16,-3],[10,21],[2,43],[31,-86],[113,-87],[4,-30],[-35,-31],[29,-54],[32,-9],[14,-77],[-95,-96],[-14,-65],[-267,99],[-176,23],[12,80],[-20,-14],[-41,18],[-16,-6],[-14,-52],[54,-29],[-7,-13],[-111,-25],[-90,-70],[-257,-107],[-18,-29],[-96,-42],[-20,4],[-49,-54],[-90,-13],[-77,-51],[-48,16],[-119,-135],[-67,27],[-12,-15],[24,-54],[-9,-8],[-33,9],[-36,-54],[-46,-10],[0,-46],[-115,-87],[-46,-9],[-189,-141],[-83,-38],[-62,-206],[-48,9],[-41,35],[-23,67],[-65,96],[-95,69],[-106,-14],[-79,13],[-79,-8],[-221,-74],[-63,-43],[-168,-198],[-20,-3],[-13,57],[53,222],[-42,-3],[-58,-53],[-127,-67],[-32,-31],[-48,-15],[-3,-68],[-13,-37],[-16,-7],[-24,-2],[-18,15],[-27,54],[-35,28],[-36,-1],[-64,-71],[6,38],[-54,23],[-41,-4],[-92,-108],[-23,-114],[1,-95],[-46,-76],[-18,8],[-17,-15],[16,-41],[-9,-15],[-125,-122],[-75,-114],[-44,-163],[19,-69],[38,-39],[52,-23],[-5,-26],[19,21],[13,61],[32,19],[119,-49],[19,-20],[-9,-67],[-99,-123],[3,-211],[3,-28],[29,-39],[30,8],[51,-23],[-3,-54],[22,-146],[-70,-82],[-18,-5],[-32,14],[-51,73],[20,43],[44,30],[35,54],[-39,-20],[-50,6],[-44,-40],[9,-61],[-107,-74],[-75,-191],[-12,-70],[14,-127],[72,-140],[6,-59],[-92,-96],[-24,-7],[-80,2],[-40,34],[-87,-25],[-169,-155],[-37,-79],[-19,-98],[28,-102],[-15,-75],[26,-46],[5,-64],[-19,-2],[-42,46],[-45,4],[-154,-84],[-50,-61],[-43,62],[-23,-8],[-10,-33],[31,-15],[12,-21],[-31,-108],[3,-107],[-39,-128],[-55,-123],[-68,-90],[-71,-55],[-10,-31],[-155,-176],[-24,-17],[-19,113],[-31,38],[-5,29],[-8,234],[-30,261],[-33,51],[-29,106],[-39,384],[-80,492],[-15,211],[39,318],[64,273],[21,38],[160,162],[29,60],[31,78],[-7,65],[-38,58],[9,14],[38,22],[56,-23],[57,10],[52,96],[75,-15],[57,18],[15,-7],[43,67],[184,156],[92,125],[62,142],[122,117],[48,67],[74,35],[144,175],[74,55],[76,137],[156,85],[63,54],[92,8],[87,51],[-38,48],[16,37],[66,57],[27,45],[-8,33],[-41,18],[20,79],[33,31],[13,146],[32,109],[95,78],[127,-26],[21,-16],[1,32],[49,0],[-5,20],[-85,10],[-61,24],[-91,59],[-263,-68],[-21,-42],[14,-36],[-34,-49],[-8,-92],[-27,-70],[-2,-44],[60,-40],[-42,-56],[-22,-12],[-33,70],[-25,3],[-13,-25],[-74,4],[-358,-338],[-36,-61],[-69,-6],[-75,-44],[13,85],[37,84],[-47,10],[-73,-46],[-23,7],[39,75],[-16,71],[88,156],[15,108],[-31,4],[-152,-81],[-63,86],[-25,7],[-156,-52],[-51,6],[-64,-31],[-66,18],[-80,2],[-93,-54],[-98,-86],[-12,-91],[-139,-121],[-82,-138],[-181,-134],[-95,-123],[-33,-93],[-36,-22],[-6,-77],[-29,-56],[16,-20],[35,-1],[54,26],[94,-40],[48,-39],[-2,-75],[-81,-1],[-29,-20],[-60,33],[-51,-47],[-57,-15],[-77,65],[-81,-4],[-21,-54],[-47,-4],[-63,-69],[-59,13],[-62,33],[-37,-14],[-19,-39],[-93,-18],[-91,3],[-50,91],[93,36],[117,-2],[66,28],[-22,24],[-55,2],[-35,17],[-76,89],[-33,16],[-76,11],[-51,-55],[-51,20],[-32,-6],[45,28],[-248,93],[-53,-4],[-87,-57],[34,-62],[-68,-6],[-31,25],[-21,-36],[8,-33],[35,11],[19,-13],[-13,-38],[-45,-11],[-57,2],[-57,66],[-92,-11],[-46,-43],[-42,-9],[-115,42],[-57,3],[-64,37],[-23,-12],[-41,-91],[-54,-22],[-29,12],[-43,77],[-48,17],[-260,-16],[-149,15],[-83,-29],[-81,11],[-148,-57],[-134,-105],[-102,-154],[-62,-53],[-87,-49],[-48,-50],[-26,-39],[-57,-175],[-108,-55],[-48,-76],[-45,-26],[-42,-55],[-64,-30],[-52,-76],[-74,-54],[-107,-147],[-35,-86],[-93,-129],[-28,-12],[-46,-60],[-143,-123],[-81,-51],[-69,-99],[-103,-84],[-51,-20],[-67,-75],[-12,-45],[11,-48],[144,-64],[229,16],[5,-74],[-33,-229],[9,-55],[20,-10],[20,25],[32,4],[33,-11],[25,89],[-39,45],[11,23],[57,44],[70,1],[-37,-56],[-42,-24],[69,-58],[51,-10],[-12,-19],[-34,-16],[-31,-70],[-72,-56],[8,-14],[117,6],[52,19],[73,54],[31,80],[36,22],[10,-6],[0,-56],[-78,-129],[49,6],[51,91],[9,55],[4,154],[-14,33],[10,10],[151,-56],[93,37],[115,-99],[40,-104],[83,-95],[77,-45],[2,-18],[49,-52],[38,-18],[7,-48],[-18,-38],[-36,-36],[-82,32],[60,-83],[41,-26],[-3,-127],[-28,-50],[10,-30],[76,-82],[-24,-54],[-5,-60],[-57,-84],[-48,-47],[-22,-91],[-37,-80],[-4,-79],[-36,-110],[-11,-111],[14,-182],[22,-22],[-40,-74],[14,-138],[-51,-238],[17,-39],[-37,-84],[-13,-109],[-42,-88],[-152,-191],[-90,-221],[-100,-143],[-47,-137],[-13,-88],[-31,-36],[-25,-92],[-102,-190],[-131,-186],[-83,-98],[-83,-153],[-51,-68],[-26,-78],[-65,-50],[-83,-177],[-12,-59],[-54,-66],[-31,-70],[-271,-253],[-73,-52],[-30,-1],[-103,-57],[-25,11],[-15,38],[-32,-7],[-37,36],[-33,-1],[-23,16],[-43,-12],[2,189],[-68,-85],[-39,-11],[35,81],[-18,10],[-53,-43],[-79,-167],[-25,-22],[-32,-64],[-97,20],[-12,-7],[30,-58],[-25,-87],[-10,-10]],[[78926,58489],[12,-1],[3,-14],[-12,-2],[-3,17]],[[79041,58562],[-20,2],[9,10],[11,-12]],[[76818,63591],[-30,-76],[-21,-1],[-16,16],[-45,-2],[68,60],[44,3]],[[80066,65308],[-19,-5],[-10,21],[48,46],[15,-28],[-34,-34]],[[72721,71475],[-62,-20],[-52,0],[-37,35],[79,19],[72,-34]],[[73758,71808],[-43,11],[-7,23],[22,7],[54,-24],[-26,-17]],[[69332,73717],[-59,6],[8,20],[71,3],[25,30],[45,-2],[19,-31],[-52,-1],[-57,-25]],[[69610,73295],[-28,0],[-8,20],[24,26],[29,0],[46,-35],[-63,-11]],[[67230,73013],[-39,-4],[-21,17],[10,34],[50,-47]],[[67052,72837],[-24,-1],[-4,27],[34,43],[42,-23],[-48,-46]],[[67847,74334],[-54,-5],[37,43],[56,-13],[-39,-25]],[[62184,71631],[-126,13],[-37,21],[41,14],[122,-48]],[[63626,71914],[-23,-16],[-69,33],[48,13],[44,-30]],[[64122,72075],[-11,-26],[-78,24],[70,25],[47,2],[-28,-25]],[[64581,72304],[20,-8],[77,9],[17,-19],[-48,-48],[-129,9],[-32,19],[17,19],[78,19]],[[57960,75075],[-144,4],[-21,20],[107,17],[58,-41]],[[49,69656],[79,-12],[47,-38],[98,-31],[81,-74],[-52,32],[15,-50],[144,-53],[19,-44],[-9,-26],[63,32],[-140,100],[205,-119],[-27,-23],[12,-8],[44,10],[27,-10],[472,-239],[28,-101],[-35,-40],[53,4],[37,32],[37,-39],[-21,-112],[37,-77],[3,-59],[-37,-70],[61,-9],[41,-29],[27,-85],[45,48],[30,9],[16,-39],[-12,-68],[71,90],[-36,38],[-66,26],[-9,23],[41,25],[14,39],[-20,72],[-62,42],[-43,4],[-7,19],[161,6],[50,17],[126,-33],[-40,-50],[-6,-45],[22,-5],[20,11],[-4,56],[55,-22],[78,-8],[30,12],[-117,36],[-2,13],[178,-43],[59,3],[57,-18],[106,-112],[205,-146],[9,-10],[-31,-31],[73,20],[26,-41],[-12,-14],[113,-12],[12,-37],[-25,-26],[-42,15],[-38,-11],[-92,-62],[-5,-92],[-25,-15],[-82,19],[-101,63],[4,-25],[65,-54],[20,-35],[-13,-17],[-87,10],[-107,-16],[-12,20],[-79,17],[-37,39],[-84,5],[55,-30],[49,-51],[-16,-20],[45,2],[-18,-79],[-86,-11],[91,-19],[18,-70],[-92,-61],[-98,-13],[-21,-27],[21,9],[48,-20],[-30,-38],[5,-33],[101,-37],[22,-31],[-2,-26],[-81,-1],[-13,38],[-27,12],[-14,-87],[-12,-14],[-64,-3],[-25,29],[17,38],[-5,43],[-67,-77],[-30,0],[-66,37],[-77,83],[-61,35],[-113,42],[-87,-5],[-111,91],[0,98],[-17,52],[-41,52],[-110,34],[-123,29],[-105,-49],[-223,-3],[-28,42],[6,65],[-70,55],[-36,73],[46,-8],[39,80],[15,90],[-83,-94],[-57,19],[-9,63],[-13,-27],[-35,-12],[3,-54],[-70,-15],[-16,24],[-26,-124],[15,-42],[88,-73],[3,-53],[-86,-145],[-71,-52],[0,107],[0,108],[0,107],[0,107],[0,107],[0,108],[0,107],[0,107],[0,107],[0,108],[0,107],[0,107],[0,107],[0,108],[0,107],[0,107],[49,-19]],[[55085,74878],[110,-18],[133,-3],[58,-39],[-1,-37],[-155,15],[-82,43],[-97,-70],[-38,1],[-33,-20],[-80,-1],[-40,-37],[-91,-13],[-41,54],[-80,-14],[-178,32],[53,18],[406,45],[156,44]],[[55771,74910],[127,-6],[219,-99],[-180,-65],[-270,-18],[-63,-54],[-188,-10],[-32,-23],[68,-15],[5,-45],[-96,14],[-48,-44],[-53,17],[-104,-23],[-25,13],[83,45],[-20,11],[-61,3],[-95,-29],[-63,1],[-84,52],[304,100],[122,18],[54,-27],[112,3],[38,134],[250,47]],[[60007,72855],[-155,-57],[-205,-55],[-489,-115],[-146,-23],[-386,-105],[-109,-48],[-63,-2],[-154,-108],[-107,-27],[-9,-16],[52,-11],[11,-18],[-102,-65],[-80,-4],[-18,-60],[-105,36],[-49,-90],[-27,-10],[-95,15],[20,-119],[-43,-43],[-163,-50],[26,-72],[-28,-36],[-108,31],[56,-79],[-99,-68],[-41,-60],[-130,-30],[-95,21],[-118,5],[-131,42],[-58,-2],[-113,-43],[-41,57],[17,27],[-107,98],[151,75],[63,10],[169,202],[192,33],[-46,20],[-69,6],[-19,32],[80,74],[142,70],[-38,25],[-83,-5],[-46,54],[55,30],[129,-42],[74,64],[-7,47],[58,14],[126,-19],[43,73],[75,38],[-8,31],[87,25],[112,59],[280,56],[20,37],[39,12],[79,6],[81,-17],[27,22],[-5,49],[41,22],[89,7],[218,-30],[122,3],[361,62],[118,46],[195,42],[74,73],[69,33],[117,45],[199,39],[202,-34],[94,-64],[17,-35],[-10,-60],[-179,-126],[-96,-20]],[[56993,71570],[198,-22],[70,-24],[-58,-74],[-16,-99],[-97,-18],[-26,-73],[-51,-22],[-11,-62],[38,-82],[-53,-125],[42,-29],[139,-229],[99,-105],[107,-79],[143,-59],[34,-28],[-116,-61],[-121,25],[-33,36],[-30,2],[-31,-8],[73,-53],[-15,-12],[-86,40],[-14,-17],[-35,13],[-35,-14],[-27,33],[-153,-11],[-45,5],[-54,28],[-11,-27],[-65,28],[-229,57],[55,18],[-6,60],[20,15],[45,-7],[-5,25],[63,-10],[15,9],[-137,75],[7,16],[-51,3],[-22,26],[22,57],[-121,-15],[-119,18],[-117,-27],[-59,22],[-44,54],[-16,125],[33,60],[74,36],[88,-10],[100,91],[62,145],[-76,16],[-18,14],[12,24],[81,48],[110,7],[-30,25],[1,92],[122,48],[109,-5],[146,47],[125,-36]],[[66973,74975],[55,-52],[159,-51],[70,-6],[41,-28],[-4,-29],[-153,-20],[-48,-51],[95,-93],[-29,-22],[-30,-14],[-632,-51],[-167,-50],[-53,0],[-352,74],[-27,19],[-110,21],[-27,39],[90,52],[165,24],[166,113],[-162,-4],[28,39],[157,71],[358,46],[78,58],[156,4],[176,-89]],[[67251,74573],[83,-60],[-95,-75],[6,-39],[100,61],[70,-8],[59,74],[169,-16],[127,-51],[58,-53],[-67,-66],[-25,-133],[-34,-21],[-120,7],[115,-71],[72,-15],[27,-59],[-118,-56],[-249,-20],[-207,17],[-181,69],[-112,14],[-134,-7],[-64,43],[-123,-20],[-90,33],[-104,120],[-112,22],[-118,3],[-48,16],[80,60],[154,54],[75,82],[155,68],[71,-29],[52,33],[161,-4],[367,27]],[[68512,74176],[-114,-183],[130,97],[206,40],[70,-59],[87,-22],[1,-37],[44,-19],[60,8],[64,-15],[40,-140],[-138,-70],[-108,-2],[-140,-34],[-173,-1],[-50,-30],[-44,16],[-342,-14],[-271,-95],[-58,-8],[-83,8],[-52,27],[177,132],[96,182],[50,19],[81,-4],[-24,48],[47,99],[35,35],[84,22],[12,42],[56,9],[44,-46],[60,-4],[-17,51],[54,27],[154,-44],[14,-15],[-52,-20]],[[77513,72675],[83,-14],[38,-58],[65,-14],[31,30],[10,116],[121,75],[62,-12],[225,-108],[125,-21],[121,22],[380,-122],[25,-25],[-81,-17],[-53,-33],[-19,-22],[38,-42],[-115,-73],[-94,-25],[-206,31],[-107,97],[1,91],[62,38],[-11,35],[-95,4],[-59,-13],[-53,-13],[27,-118],[101,-114],[124,-71],[-159,-66],[-45,13],[-72,62],[-417,-63],[-142,51],[-86,-121],[-55,-13],[-244,61],[-99,93],[-112,50],[-66,89],[8,17],[75,-7],[-5,175],[21,15],[85,-10],[-50,66],[15,20],[51,26],[49,6],[56,38],[173,36],[273,-162]],[[79147,72475],[64,-3],[106,33],[226,-12],[11,-62],[28,-16],[73,-3],[46,15],[247,-19],[104,-52],[38,24],[32,1],[-42,-93],[-77,-34],[-177,-41],[-315,11],[-162,70],[-117,17],[-107,51],[-134,37],[47,124],[47,44],[51,-32],[11,-60]],[[86913,70483],[-16,-2],[-35,78],[8,46],[50,55],[160,95],[109,40],[0,-239],[-85,-41],[-120,-9],[-71,-23]],[[78170,63281],[52,-111],[-14,-152],[74,-218],[25,-146],[-1,-153],[-14,-59],[-15,-16],[-11,-157],[33,-149],[2,-49],[37,-71],[4,-75],[15,-23],[69,-422],[56,-170],[71,-313],[22,-57],[61,-79],[7,-101],[-43,111],[-118,155],[-77,28],[-85,-9],[-67,-40],[-19,-42],[-109,-452],[-4,-147],[45,-125],[47,-57],[68,-231],[40,5],[25,-24],[23,-171],[-36,-146],[-20,196],[-17,37],[-110,20],[-33,46],[-27,-4],[-42,-64],[-48,-204],[-32,-76],[-27,42],[-32,192],[9,107],[41,195],[-18,196],[53,187],[-12,121],[-65,202],[38,143],[29,216],[3,284],[-21,181],[34,161],[0,99],[-49,130],[-69,94],[21,24],[-34,63],[-1,149],[34,124],[13,104],[4,107],[-12,132],[34,51],[43,18],[43,-40],[50,18],[14,40],[-18,22],[11,29],[30,9],[3,24],[-12,3],[16,70],[-90,169],[52,-1],[16,11],[19,49],[16,-10]],[[272,70812],[127,-21],[53,-28],[146,-89],[2,-42],[-73,-43],[-386,-66],[-141,33],[0,84],[0,94],[0,61],[75,17],[70,-5],[70,13],[57,-8]],[[52269,68009],[10,-45],[-19,-45],[-53,52],[-8,25],[49,20],[21,-7]],[[53939,68675],[-57,15],[-2,22],[39,-2],[20,-35]],[[56407,70719],[42,-56],[28,-10],[-35,-80],[18,-22],[-24,-6],[-69,93],[-46,31],[-30,-5],[-42,20],[11,31],[53,13],[52,-13],[1,21],[41,-17]],[[84292,63356],[10,-23],[-143,124],[-11,27],[17,0],[19,-26],[70,-47],[38,-55]],[[82519,70481],[-52,-1],[-13,50],[28,-4],[37,-45]],[[82700,69639],[-1,42],[-78,50],[6,98],[-20,31],[7,28],[96,74],[27,-20],[-2,-40],[-17,-28],[-40,-10],[-6,-20],[11,-115],[30,-60],[-13,-30]],[[80622,72804],[-24,-16],[-55,25],[58,23],[21,-32]],[[79717,73039],[-181,-5],[77,44],[166,15],[-62,-54]],[[77007,70782],[-60,-38],[-61,27],[-47,-12],[-49,32],[53,22],[130,4],[34,-35]],[[69678,73684],[-52,-32],[-34,18],[-224,18],[40,12],[224,10],[46,-26]],[[70836,73022],[44,-48],[-31,-27],[-137,78],[76,-4],[27,11],[21,-10]],[[66974,72872],[14,-25],[-58,-4],[-12,-39],[-240,40],[17,33],[52,-17],[46,19],[88,-10],[30,15],[63,-12]],[[66914,73200],[-18,-15],[-86,-7],[-42,20],[-100,-1],[305,82],[8,-34],[-67,-45]],[[65274,73271],[-52,-2],[-38,19],[34,32],[81,5],[12,-25],[-37,-29]],[[61677,71380],[-116,45],[-20,20],[24,38],[97,6],[88,-26],[-53,-13],[-20,-70]],[[61881,71636],[-39,-11],[55,48],[114,8],[-52,-44],[-78,-1]],[[63829,71905],[-33,-14],[-144,23],[81,26],[88,-13],[25,-14],[-17,-8]],[[59905,69915],[-20,-38],[-52,10],[41,47],[27,-1],[4,-18]],[[59715,70358],[2,-18],[-39,51],[8,68],[29,-101]],[[60553,68588],[-43,-6],[-47,33],[-44,66],[9,16],[139,-24],[8,-56],[-22,-29]],[[55717,74536],[-20,-6],[-100,43],[79,31],[89,-5],[14,-14],[-62,-49]],[[56045,74479],[6,-10],[-237,1],[-88,25],[205,49],[77,-19],[37,-46]],[[55887,74962],[-57,0],[-35,25],[52,29],[70,-8],[16,-19],[-46,-27]],[[57031,74623],[-69,-20],[-52,12],[63,31],[58,-23]],[[56773,74711],[-33,-23],[-113,24],[16,56],[128,-28],[2,-29]],[[58051,74484],[-87,-14],[-100,27],[20,30],[132,28],[62,-15],[26,-39],[-53,-17]],[[57792,74960],[75,-92],[-17,-23],[-139,-6],[-84,12],[-46,42],[-83,11],[-47,45],[48,13],[59,-6],[96,37],[138,-33]],[[55216,59378],[-4,-8],[-12,41],[7,37],[9,-70]],[[55768,69764],[-10,-60],[-14,-5],[-17,39],[-113,-117],[-174,-51],[-59,-5],[-55,32],[-39,103],[10,100],[23,34],[104,65],[92,7],[229,-111],[23,-31]],[[58943,74810],[-90,6],[-117,48],[18,13],[127,50],[237,14],[52,77],[119,10],[123,-44],[31,-73],[-216,-77],[-284,-24]],[[57631,74557],[-38,-8],[-113,24],[-62,147],[340,-13],[119,-21],[69,-32],[-208,-11],[-35,-51],[-72,-35]],[[58651,74869],[-22,-95],[-96,-14],[-152,-73],[-188,33],[-152,-28],[-87,62],[73,107],[122,14],[44,-21],[50,2],[270,39],[122,-12],[16,-14]],[[58402,74920],[-76,-9],[-181,30],[123,39],[211,7],[27,-24],[-104,-43]],[[56557,74584],[-161,-5],[-124,18],[-32,22],[113,24],[42,36],[115,0],[38,-34],[89,-24],[-80,-37]],[[57419,74657],[-23,-123],[-284,7],[51,112],[256,4]],[[57596,75181],[12,-18],[139,-18],[31,-20],[-171,-22],[38,-50],[-59,-37],[-77,-15],[-153,45],[-75,-28],[-77,22],[-115,-16],[-61,54],[76,8],[91,-12],[227,105],[151,10],[23,-8]],[[56847,74992],[182,-42],[169,4],[74,-13],[296,-91],[-28,-16],[-185,-40],[-226,-16],[-186,55],[-108,-6],[-33,19],[-113,14],[-5,25],[78,14],[85,93]],[[59010,75208],[-185,0],[-189,31],[167,18],[222,-14],[-15,-35]],[[57713,75255],[-91,-2],[52,51],[273,12],[23,-42],[-257,-19]],[[66042,74365],[-129,0],[-188,66],[-61,31],[-13,33],[38,22],[229,6],[395,-61],[-48,-39],[-223,-58]],[[65771,75003],[-83,-33],[-302,21],[-18,25],[41,19],[251,-6],[90,-7],[21,-19]],[[77746,71873],[-146,-33],[-54,36],[-20,78],[22,24],[159,16],[46,-14],[-7,-107]],[[78031,71828],[109,-41],[171,-102],[29,-48],[-3,-100],[-268,9],[-181,26],[-226,62],[-66,-8],[-88,-32],[-58,-3],[-25,31],[169,25],[51,36],[119,132],[205,21],[62,-8]],[[76520,72492],[-49,-13],[-71,4],[60,199],[50,-66],[63,-38],[-45,-37],[-8,-49]],[[76580,71836],[-18,-13],[-174,139],[-4,23],[58,-15],[100,-57],[53,-46],[-15,-31]],[[77003,63588],[21,-18],[35,3],[8,-11],[-27,-19],[-33,-89],[-58,-55],[-14,-4],[-48,96],[-56,-36],[10,44],[39,55],[35,79],[88,-45]],[[84574,69937],[-69,-4],[-138,40],[-128,69],[11,35],[80,47],[39,4],[247,-59],[10,-45],[-21,-4],[-31,-83]],[[83226,65126],[-40,-41],[-11,30],[36,28],[37,69],[14,57],[-6,37],[107,36],[76,57],[14,-2],[21,-110],[-11,-37],[-81,-21],[-156,-103]],[[83956,63476],[-1,-63],[-44,58],[-20,5],[-37,43],[-58,111],[-58,46],[44,25],[83,-17],[-11,-31],[4,-34],[38,-70],[60,-73]],[[81088,61054],[-23,-19],[-25,11],[0,38],[52,117],[18,-8],[-24,-71],[2,-68]],[[81474,61644],[-19,-8],[-38,40],[50,57],[28,-8],[-2,-40],[-19,-41]],[[81357,61488],[-31,-44],[-67,-24],[-29,-46],[-37,23],[-6,89],[26,-2],[26,33],[60,14],[22,36],[28,88],[28,32],[23,7],[1,-93],[-44,-113]],[[80912,60825],[-10,-22],[-10,7],[31,65],[24,-5],[-35,-45]],[[81290,61716],[-22,-5],[-21,45],[25,9],[17,-11],[1,-38]],[[80674,60375],[-11,-25],[-17,10],[23,35],[5,-20]],[[80408,59996],[-45,-49],[-15,1],[-7,18],[-2,10],[36,7],[73,106],[30,14],[-70,-107]],[[79848,59446],[-36,-23],[-23,1],[53,108],[32,16],[40,64],[94,84],[49,-2],[-77,-86],[-10,-35],[-75,-66],[-47,-61]],[[79584,59304],[-82,-45],[-84,-99],[-31,-14],[-31,8],[-23,-62],[-61,-69],[-25,-54],[-27,-10],[-48,-56],[8,48],[51,66],[3,45],[22,39],[45,39],[82,108],[28,15],[-3,33],[12,36],[10,-2],[22,-51],[65,9],[70,89],[23,16],[26,-5],[6,-65],[-12,-17],[-46,-2]],[[79127,58614],[-7,-12],[-18,10],[3,32],[49,21],[15,-14],[3,-11],[-45,-26]],[[79005,58944],[36,-32],[51,7],[-13,-29],[-19,1],[-34,-42],[-44,-15],[-48,-62],[-36,-72],[-44,-42],[-7,-79],[-28,32],[5,58],[69,89],[89,187],[23,-1]],[[71056,72049],[-31,-56],[-116,-78],[-164,30],[-111,48],[-34,35],[91,5],[49,81],[211,-30],[80,-17],[25,-18]],[[62061,74350],[30,-15],[23,12],[216,-38],[56,-24],[-228,-4],[-3,22],[-117,16],[-24,29],[47,2]],[[62976,74875],[-224,-16],[-30,16],[58,49],[143,7],[115,-11],[35,-10],[-20,-26],[-77,-9]],[[60711,71477],[-71,-20],[-82,-5],[-29,21],[18,120],[37,37],[192,31],[70,-29],[87,-72],[9,-48],[-231,-35]],[[62397,71125],[-118,-4],[-67,15],[123,109],[48,29],[42,0],[128,-34],[21,-32],[-177,-83]],[[62849,71314],[-150,13],[-60,43],[128,107],[92,-77],[-10,-86]],[[63496,72496],[12,-30],[-42,-5],[-17,-41],[-28,31],[-50,-12],[-38,34],[51,37],[53,-18],[-4,38],[61,8],[2,-42]],[[58235,70092],[-2,-91],[-55,-17],[-140,14],[-32,64],[-87,25],[-47,-13],[-77,85],[-39,79],[12,22],[66,50],[61,12],[143,-115],[197,-115]],[[48670,63669],[-88,-130],[98,-35],[46,14],[12,145]],[[48738,63663],[37,5],[40,-36],[125,-57],[120,-2],[15,-39],[48,-44],[-35,-135],[20,-90]],[[49108,63265],[-393,15],[-373,30]],[[48342,63310],[62,76],[21,51],[7,75],[32,16],[70,-3],[30,20],[92,128]],[[48656,63673],[14,-4]],[[50789,59278],[-17,-122],[-19,-61],[-123,-37],[8,18],[-8,56],[11,21],[-28,8],[-21,-32],[8,-48],[-19,-41],[-10,-66],[20,4],[-59,-122],[3,-137],[-17,-106]],[[50518,58613],[-51,1],[-79,34],[-40,72],[-35,-13],[-17,18],[-59,10],[-82,64],[-145,-36],[-66,-34],[-69,-60],[-27,-45],[-78,-42],[-82,6],[-177,48],[-49,-14],[-243,49],[-74,-18],[-12,14],[0,36],[39,57],[-79,70]],[[48497,59650],[64,26],[26,-15],[23,17],[12,32],[68,-1],[20,17],[17,48],[18,9],[-3,33],[16,53],[43,42],[-1,38],[39,76],[2,35],[30,41],[20,73],[31,40],[1,48],[70,98],[49,20],[28,-4],[65,80]],[[50041,60593],[41,-2],[47,-44],[41,-86],[45,-140],[31,-45],[36,-86],[38,-49],[21,-50],[52,-60],[41,-148],[1,-83],[-30,-137],[-5,-72],[15,-143],[-21,-21],[33,-66]],[[55899,50307],[10,43],[-17,127],[-3,117],[26,74],[32,161],[25,44],[38,31],[30,-62],[38,-48],[7,-53],[-21,-112],[30,-207],[-44,-168],[-39,-27]],[[41801,55737],[-21,-5],[-83,-71],[-26,-1],[-47,32],[-112,19],[-34,-20],[-26,1],[-21,-27],[-16,7],[45,175],[5,132],[-21,100],[19,98],[-2,51],[-17,64],[51,-10],[-32,41],[-100,-30],[3,40],[-12,51],[38,18],[18,22],[10,24],[-5,44],[15,42],[35,35],[-39,-27],[-44,-120],[-54,-20],[-28,15],[-1,30],[30,196],[-5,40],[55,90],[75,251],[-12,27],[4,35],[24,153],[21,64],[6,146],[-35,208],[-1,40],[13,20],[-22,3],[-10,27],[2,29],[25,48]],[[39431,53848],[33,-23],[30,11],[58,-37],[-35,-48],[-44,6],[-50,46],[-4,18],[12,27]],[[37533,55641],[-32,-8],[-9,24],[28,12],[13,-28]],[[36053,56713],[-10,-21],[-25,15],[5,46],[15,10],[15,-18],[0,-32]],[[37037,56378],[-55,8],[-14,16],[-6,30],[30,16],[33,-5],[20,-22],[-8,-43]],[[36867,56340],[-12,-5],[-64,34],[-53,54],[129,-83]],[[36658,56327],[-25,-2],[-24,34],[35,17],[22,-38],[-8,-11]],[[36778,56295],[19,-18],[-40,-12],[-54,11],[-18,23],[-5,25],[10,15],[26,0],[62,-44]],[[37383,56027],[113,-2],[-3,-32],[-60,-21],[-71,21],[-24,27],[-3,30],[15,7],[33,-30]],[[48155,61141],[-6,45],[-51,64],[-8,53],[-52,22],[-10,-7],[-62,52],[-42,-27],[-11,5],[-49,58],[-10,18],[29,17],[7,16],[-8,33],[-70,-23],[-63,54],[-66,22],[26,-84],[-85,-59],[-74,116],[-30,25],[36,34],[15,32],[-33,36],[-67,-19],[-14,25],[-53,31],[-91,31],[-23,65],[-64,24],[-3,-56],[-42,-12]],[[47181,61732],[38,103],[12,70],[-26,92],[-44,26],[3,46],[-33,89],[37,110],[-12,12],[-6,62],[-30,48],[15,74],[-25,51],[-94,102],[3,24],[56,76],[10,41],[-37,232]],[[47048,62990],[78,-40],[-6,81],[-83,21]],[[47037,63052],[-1,35]],[[47036,63087],[42,-11],[219,94],[218,66],[90,115],[79,19],[91,59],[141,38],[116,9],[106,-67],[10,-23],[-88,49],[56,-138],[40,-26],[34,-9],[105,16],[47,32]],[[49108,63265],[14,17],[17,-2],[30,-19],[6,-19],[80,-46],[20,-25],[7,-89]],[[49282,63082],[28,-149],[63,-214],[14,-149],[-17,-47],[-106,-65],[-57,-100],[103,-81],[13,-27],[-6,-102],[-20,-43],[-1,-40],[15,-44]],[[72924,47601],[37,-23],[82,-82],[62,-35],[24,-5],[22,19],[26,70],[18,6],[11,-19],[12,-60],[-5,-38],[-28,-75],[-6,-175],[20,-100],[37,-56],[5,-57],[27,-23],[-23,-132],[-48,-171],[-22,-109],[-39,-12],[-45,-35],[-47,-64],[-8,-46],[11,-69],[-52,-151],[1,-25],[70,-220],[2,-13],[-16,-24],[0,-44],[33,-181],[36,-65],[40,-32],[32,-7],[4,21],[14,8],[-21,66],[71,76],[33,-1],[55,-30],[19,-27],[33,-100],[-2,-75],[10,-17],[31,-2],[16,39],[2,45],[-11,16],[15,38],[27,-42],[93,-56],[10,-16],[-13,-35],[-48,-7],[-14,-26],[14,-52],[51,-113],[-8,-69],[41,-5],[28,-30],[18,2],[-2,-108],[-18,-98],[-24,13],[-20,41],[17,99],[-8,11],[-44,-19],[-26,6],[-55,54],[-22,4],[-3,76],[-32,99],[-73,76],[-20,53],[-45,75],[-26,10],[-5,-19],[10,-101],[21,-42],[18,-73],[1,-62],[-18,-26],[-20,29],[-5,46],[-29,68],[-73,117],[-72,66],[-21,-1],[-46,-41],[-12,-22],[-1,-35],[-25,-28],[-34,-3],[-26,17],[-22,34],[-18,2],[-22,54],[-27,7],[-22,-43],[-5,169],[17,45],[57,88],[7,29],[-3,38],[-12,31],[-44,27],[-30,45],[-9,-50],[10,-124],[-8,-18],[-28,5],[-11,17],[-7,51],[-20,33],[-8,48],[-27,3],[-14,22],[-11,116],[-25,138],[-10,179],[-29,74],[1,109],[14,31],[48,-62],[31,-60],[43,8],[8,19],[5,49],[-16,78],[-5,107],[4,52],[22,85],[4,184],[-17,115],[55,320],[4,61],[52,42],[27,-8],[42,13]],[[72006,43142],[-22,-32],[9,76],[23,76],[129,231],[34,12],[22,34],[220,441],[49,54],[15,43],[6,49],[-12,70],[10,56],[48,163],[12,-14],[-5,-93],[7,-24],[-8,-41],[39,-199],[-23,-40],[-54,-35],[-21,-33],[-22,-84],[-99,-64],[-7,-23],[5,-42],[-50,-151],[-33,-73],[-72,-68],[-35,-98],[-51,-65],[-51,-38],[-13,-45],[-50,-43]],[[73262,44533],[28,-22],[28,19],[27,-5],[22,-30],[-8,-38],[50,44],[13,-3],[-9,-109],[-25,-74],[-52,-56],[-8,-73],[-23,-10],[-37,-47],[-78,-31],[-59,-78],[-5,22],[11,63],[-7,52],[3,50],[21,99],[13,239],[-9,36],[-43,29],[7,28],[11,19],[16,-1],[63,-54],[50,-69]],[[73416,43415],[-33,-2],[-12,21],[-19,93],[-74,72],[-37,92],[-2,57],[17,61],[59,12],[34,42],[3,87],[-12,96],[34,85],[6,83],[66,47],[62,-31],[14,-62],[-19,-88],[-36,-112],[-11,-88],[-33,-114],[-3,-113],[39,-110],[3,-36],[-22,-67],[-24,-25]],[[73766,44414],[16,-15],[20,6],[23,34],[27,-12],[23,-71],[3,-114],[-6,-72],[36,-66],[8,-78],[17,-66],[-3,-19],[-26,3],[-1,-36],[-38,79],[10,-147],[-60,59],[3,70],[-13,49],[15,106],[-3,44],[-30,79],[-39,-26],[-14,9],[-19,196],[-14,51],[5,21],[53,-61],[7,-23]],[[73927,44933],[17,-36],[2,-54],[39,-31],[13,-27],[-8,-24],[3,-35],[-14,-45],[9,-157],[28,-119],[-9,-37],[13,-2],[19,-30],[11,-40],[-3,-11],[-15,32],[-11,4],[-48,-8],[-48,14],[-19,54],[-29,32],[-29,95],[15,35],[4,56],[-27,4],[-50,108],[-36,25],[-20,33],[-29,110],[-7,72],[65,-19],[142,21],[22,-20]],[[72828,45350],[67,3],[11,-25],[23,-21],[20,22],[77,-132],[4,-18],[-12,-30],[-3,-39],[16,-129],[-32,-94],[-4,-53],[-17,1],[-21,-37],[-29,15],[-8,37],[-39,76],[-6,59],[-30,63],[-2,79],[-21,70],[-41,57],[-13,59],[-29,8],[16,46],[73,-17]],[[74112,43528],[20,-27],[25,7],[0,-66],[28,-76],[3,-47],[-43,-109],[54,-49],[4,-69],[19,-54],[-6,-162],[33,-69],[5,-57],[-2,-131],[-35,-103],[-35,-57],[-19,4],[-6,-17],[12,-52],[-13,-186],[-19,79],[-16,155],[-53,214],[-33,-30],[-11,-69],[-43,-86],[-15,-50],[-5,-46],[50,-99],[20,-105],[-1,-108],[-51,-138],[-27,-28],[-14,14],[-11,55],[6,121],[-8,16],[-14,-10],[-34,-77],[-26,1],[-71,54],[-102,103],[-33,75],[-22,259],[14,52],[36,68],[3,56],[-57,118],[-50,34],[-24,33],[-27,6],[-15,-10],[-4,-63],[-20,-113],[-52,53],[-19,75],[-26,-67],[-36,-8],[-12,85],[-19,23],[-24,-5],[-34,-54],[-81,-302],[-10,-16],[-33,23],[-14,47],[5,55],[29,72],[21,195],[27,60],[35,44],[69,38],[58,10],[20,29],[1,59],[23,55],[60,39],[22,58],[60,-36],[25,-32],[16,-50],[6,-107],[-30,-58],[12,-4],[96,80],[31,121],[19,41],[11,2],[42,-36],[26,17],[14,137],[20,43],[66,-45],[16,69],[41,-15],[29,10],[9,55],[-29,231],[14,39],[12,1],[86,-108],[31,-84]],[[73474,43584],[-10,-12],[-3,29],[21,176],[-4,34],[78,222],[4,39],[49,176],[9,97],[18,39],[3,-153],[-6,-69],[6,-80],[-12,-81],[-12,-37],[-40,-42],[-21,-41],[-50,-236],[-30,-61]],[[73123,47724],[-16,-32],[-8,9],[16,65],[13,8],[11,-23],[-16,-27]],[[73026,47928],[2,-40],[-14,1],[-22,24],[-1,23],[4,8],[31,-16]],[[73132,48368],[-11,-3],[7,42],[21,6],[-17,-45]],[[73112,48551],[-11,-36],[-10,0],[14,61],[7,-25]],[[72938,42106],[14,-32],[16,8],[27,-9],[4,-27],[-28,-31],[-19,32],[-32,-22],[-16,14],[-21,-12],[-13,25],[5,23],[34,39],[29,-8]],[[71950,42897],[-12,-32],[-14,38],[5,68],[21,8],[0,-82]],[[72637,44038],[-30,-13],[-7,42],[22,39],[37,-31],[-22,-37]],[[72682,44775],[22,0],[9,23],[8,-34],[19,-28],[-6,-29],[-74,-2],[-35,84],[5,44],[7,9],[45,-67]],[[72667,44572],[-18,-15],[-5,9],[-20,116],[13,11],[29,-28],[9,-24],[0,-34],[-8,-35]],[[73299,44033],[-27,-21],[-5,29],[5,51],[27,50],[13,8],[8,-38],[-21,-79]],[[73770,43732],[-2,-16],[-26,-1],[-29,-52],[-57,-13],[-45,10],[-16,23],[-13,62],[22,45],[37,35],[27,59],[40,11],[58,-58],[-5,-65],[9,-40]],[[72718,41747],[-14,-39],[-18,20],[-4,-20],[-21,-8],[-14,-31],[-33,-4],[2,27],[81,87],[11,4],[10,-36]],[[73164,42260],[-32,-5],[-21,64],[-15,22],[5,22],[55,34],[64,-61],[-17,-10],[-12,-42],[-27,-24]],[[74125,43723],[-17,32],[2,38],[19,58],[13,-50],[-2,-35],[13,-28],[-9,-14],[-19,-1]],[[74036,43788],[-5,-13],[-43,102],[8,84],[34,57],[4,-21],[-9,-64],[14,-76],[-3,-69]],[[72723,45469],[1,-30],[-41,44],[-1,26],[27,-9],[14,-31]],[[73121,45377],[20,3],[29,-37],[1,-43],[-28,-70],[-43,54],[-3,42],[12,62],[12,-11]],[[73165,44857],[-20,-109],[-13,37],[6,24],[-15,38],[16,45],[3,72],[35,24],[-12,-131]],[[73300,44837],[-12,-10],[-44,74],[12,16],[32,0],[17,-29],[-5,-51]],[[73452,45076],[21,-67],[-76,128],[-19,18],[-4,32],[21,3],[39,-92],[18,-22]],[[73572,44901],[1,-39],[-47,117],[8,19],[22,-28],[16,-69]],[[73558,44828],[46,-52],[32,-89],[1,-94],[-48,71],[-29,17],[2,22],[-30,38],[-19,47],[-14,9],[-13,-10],[-31,-69],[-33,-49],[27,206],[-8,82],[78,-60],[39,-69]],[[73712,45417],[-7,-28],[-19,8],[-17,-24],[-29,33],[-4,25],[20,55],[0,84],[25,42],[20,-57],[26,-33],[-3,-84],[-12,-21]],[[73184,45600],[0,-18],[-53,65],[1,32],[52,-79]],[[73150,46019],[4,-16],[-8,-2],[-11,-31],[12,-59],[-8,-43],[-13,-2],[-6,5],[3,58],[-25,72],[5,32],[32,4],[15,-18]],[[73703,44091],[-7,-2],[11,46],[12,-12],[0,-20],[-16,-12]],[[73937,43817],[1,-21],[-31,57],[-6,40],[23,-17],[13,-59]],[[73369,42690],[2,-21],[-34,-20],[-2,34],[6,15],[12,-14],[10,16],[6,-10]],[[74059,42494],[-4,-25],[-21,73],[7,50],[17,-24],[1,-74]],[[73774,44479],[-31,-2],[-13,20],[-17,58],[37,10],[27,-60],[-3,-26]],[[73822,43450],[-7,-27],[-27,22],[-7,19],[3,22],[21,8],[17,-44]],[[72961,47806],[-1,-30],[-13,16],[-3,22],[7,36],[10,-44]],[[72624,44494],[5,-24],[-7,-34],[-5,-8],[-25,25],[-1,19],[33,22]],[[73567,44388],[15,-58],[-19,0],[-7,42],[11,16]],[[73217,44934],[-12,-12],[-3,24],[7,16],[8,-28]],[[74104,43647],[-5,-11],[-7,23],[11,61],[6,-33],[-5,-40]],[[73833,44524],[-4,-22],[-14,16],[-12,59],[30,-53]],[[72017,43043],[-17,-11],[-1,55],[18,-12],[0,-32]],[[73553,43491],[2,-45],[-22,-14],[-18,12],[-12,27],[1,11],[39,27],[10,-18]],[[26649,37586],[-1,-28],[-20,-14],[-18,20],[-27,-6],[-40,66],[-96,-10],[-42,-78],[-63,-16],[-69,-36],[-79,-15],[-123,-124],[-84,-123],[-45,-24],[-23,-225],[-62,-203],[25,-108],[-1,-53],[-25,-43],[-20,-5],[-43,-45],[-62,-100],[-11,-76],[20,-101],[-59,-30],[1,-56],[-10,-22],[43,-80],[25,-19],[1,-20],[-14,-47],[31,-60],[24,-120],[45,-58],[1,-39],[13,-38],[24,-28],[56,-121],[1,-55],[-58,-128],[96,1],[105,-44],[15,-21],[14,-95],[21,-30],[-2,-71],[9,0],[130,0],[89,17],[146,214],[23,17],[-12,-46],[-2,-34],[8,-37],[-17,-52],[-1,-520],[26,28],[20,-34],[26,-18],[30,8],[63,52],[92,-10]],[[26743,34643],[217,-679],[-19,-47],[1,-34],[-27,-30],[-27,-55],[-1,-270],[-22,-82],[25,-128],[25,-85],[-33,-42],[-2,-49],[-54,-97],[-10,-65],[-20,-21],[-4,-74],[50,-120],[-32,-71],[-29,-106],[49,-223],[21,-32],[21,2],[32,-19],[17,-34],[-46,-60],[3,-73],[-43,-55],[-58,-140],[-16,-8],[-29,-41],[-5,-22],[30,-61],[3,-51]],[[26760,31771],[-43,-64],[-29,-6],[-11,-17],[12,-126],[-30,-94],[-62,-52],[-57,-10]],[[26540,31402],[-127,182],[-96,109],[-24,139],[-163,159],[-87,129],[-79,41],[-146,136],[-80,45],[-101,127],[-55,34],[-44,60],[-133,125],[-41,103],[-30,37],[-33,85],[-97,116],[-58,179],[-28,41],[-2,81],[-19,37],[28,26],[18,127],[-9,63],[-49,114],[-31,126],[-50,130],[-18,78],[-49,77],[-7,29],[-21,20],[-17,174],[-21,58],[-79,107],[-7,116],[-18,81],[-108,328],[-63,315],[-54,175],[-21,101],[-2,54],[-39,93],[-22,86],[-88,164],[-51,182],[-7,54],[-92,231],[-27,52],[-170,162],[-80,98],[-10,51],[4,29],[18,28],[24,-22],[15,9],[11,36],[1,54],[-15,70],[-55,135],[15,61],[-56,157],[13,153],[13,38],[82,154],[23,67],[114,150]],[[24140,37958],[13,-16],[7,-43],[4,-95],[12,-61],[-30,-56],[-33,12],[-13,-14],[-4,-26],[5,-42],[8,-17],[25,-1],[-33,-82],[2,-16],[23,-15],[22,21],[23,46],[14,7],[83,-79],[39,9],[29,-37],[4,-57],[41,-113],[62,-28],[10,10],[14,42],[14,7],[3,63],[53,66],[8,46],[-6,58],[31,148],[32,92],[18,167],[15,-1],[14,-39],[16,10],[-6,51],[78,161],[286,183],[143,189],[126,264],[39,266],[15,-19],[24,6],[-9,108],[6,51],[-1,15],[-39,64],[-16,71],[-34,39],[2,16],[36,-15],[33,6],[13,16]],[[25361,39396],[15,28],[21,-3],[46,-61],[35,-5],[11,-43],[34,-31],[48,-93],[20,-118],[22,-53],[46,-25],[46,-74],[49,-23],[34,-88],[7,-38],[-8,-45],[7,-23],[36,-40],[30,-2],[7,-18],[17,-110],[-11,-56],[4,-31],[40,-27],[12,-23],[31,-5],[45,23],[56,-34],[43,13],[40,33],[17,-1],[43,70],[13,6],[47,-31],[39,-48],[48,9],[21,30],[34,16],[64,-59],[14,-28],[18,-5],[68,-59],[12,-24],[36,-22],[7,-19],[-2,-22],[-160,-452],[50,-37],[46,23],[24,-30],[17,-73],[37,-49],[12,-33]],[[29509,30605],[8,-56],[30,-75],[5,-84],[16,-15],[4,-80],[17,-55],[0,-59],[-16,-74],[5,-23],[-18,-61],[8,-90],[-8,-67],[4,-26],[-13,-59],[7,-28],[33,-14],[24,19],[37,-37],[57,-14],[23,9],[73,-34],[73,16],[27,58],[18,12],[13,-8],[11,-37],[25,-38],[96,-19],[24,-45],[1,-45],[10,-34],[21,-35],[-8,-94],[22,-118],[2,-72],[9,-43],[-5,-72],[19,-46],[10,-116],[31,-23],[50,2],[111,81],[45,-39],[48,-63],[-19,-36],[9,-78],[-42,-332],[5,-25],[-43,-136],[-1,-63]],[[30367,28234],[-15,-321],[-36,-151],[-26,-22],[-7,-25],[-41,-55],[-1,-20],[-70,-34],[-6,-26],[-28,-36],[-16,-91],[-20,-25],[-18,-1],[-39,40],[-52,2],[-36,-52],[-14,-43],[-16,-7],[-18,29],[-22,9],[-28,-12],[-62,26],[-34,-15],[-67,17],[-102,50],[-86,19],[-106,-18],[-9,52],[5,28],[18,21],[27,71],[27,28],[-3,14],[35,86],[-3,109],[23,88],[53,76],[33,136],[44,71],[-4,57],[-13,34],[-44,84],[-33,38],[-43,31],[-55,8],[-38,51],[-49,25],[-112,98],[-171,205],[-53,38],[-36,-3],[-59,22],[-81,47],[-47,44],[-13,44],[-30,44],[-47,43],[-96,121],[-65,137],[-35,113],[-39,76],[-61,65],[-6,24]],[[28421,29698],[91,512],[0,221],[87,222],[38,180],[424,152],[222,5],[221,-233],[9,-79],[-4,-73]],[[80642,37358],[-18,-33],[-37,86],[-14,60],[3,95],[-7,66],[-17,60],[-77,181],[-21,33],[-53,23],[-22,24],[-73,107],[-124,143],[-24,21],[-29,0],[-25,18],[19,12],[0,61],[85,-95],[12,-35],[22,-2],[38,-30],[81,-101],[55,-34],[35,-70],[203,-305],[26,-64],[2,-44],[-22,-54],[-5,-83],[-13,-40]],[[80387,37560],[13,-9],[36,46],[19,-32],[51,-25],[-10,-66],[9,-60],[0,-45],[-12,-40],[-23,-58],[-22,-17],[-37,-4],[-7,-31],[2,-33],[36,-91],[-16,-44],[-51,-47],[-85,6],[-22,-86],[-47,-76],[-45,-41],[-57,-25],[-81,-84],[-199,-12],[-41,72],[-24,21],[-69,-17],[-92,109],[-77,45],[-16,42],[2,55],[21,32],[33,-16],[105,10],[59,-39],[28,-5],[66,30],[48,-3],[32,33],[12,135],[8,46],[11,10],[19,-26],[-21,-50],[-2,-54],[8,-53],[19,-41],[28,-5],[25,27],[28,6],[26,-27],[26,5],[12,17],[28,11],[13,10],[45,136],[46,67],[27,13],[32,-3],[24,24],[-2,108],[-29,148],[12,43],[55,-7],[23,-35]],[[77738,35446],[-1,971],[-27,72],[3,56],[24,117],[0,839],[0,798]],[[77737,38299],[52,-8],[169,-142],[24,-5],[55,-52],[168,-105],[146,-48],[135,-164],[100,-9],[36,-73],[52,-48],[60,-108],[59,-16],[105,-192],[6,-156],[-11,-98],[26,-30],[85,-32],[48,-32],[153,-132],[83,-14],[46,-47],[57,-113],[13,-103],[-2,-49],[-9,-18],[-24,-9],[-86,-8],[-58,9],[-39,-49],[1,-42],[35,-104],[21,-93],[129,-218],[98,-100],[29,-197],[49,-62],[32,-156],[23,-18],[28,1],[74,32],[24,-6],[12,-18],[4,-48],[-15,-99],[15,-40],[51,-39],[95,-19],[35,-25],[-6,-22],[-55,-30],[1,-27],[27,-64],[118,-77],[43,-8],[31,-21],[44,9],[-51,-45],[-47,14],[-8,-14],[19,-39],[38,-40],[-40,-52],[-39,-8],[-74,34],[-16,41],[-47,57],[-198,43],[-69,43],[-54,-15],[-39,28],[-29,9],[-24,-9],[-68,25],[-52,70],[-36,104],[-94,125],[-22,62],[9,82],[-26,-12],[-39,27],[-16,33],[-42,134],[-39,83],[-11,49],[-53,117],[-73,55],[-63,9],[-44,30],[-76,26],[-22,30],[-5,45],[-22,-4],[-63,32],[-15,-13],[-5,-36],[-19,6],[-30,-43],[-20,3],[-60,37],[-58,93],[21,-39],[48,-173],[-24,1],[11,-33],[-13,-5],[-68,19],[-9,-7],[24,-87],[-126,-49],[-46,-1],[-48,18],[-44,-21],[-19,2],[-24,65],[-34,-12],[28,-1],[16,-51],[21,-24],[24,14],[54,-4],[76,-57],[64,-125],[-2,-88],[-175,-160],[-101,69],[-147,-18],[-52,26],[-66,-30],[-38,44]],[[79445,36889],[-10,-3],[-4,20],[-22,17],[-23,54],[3,59],[13,0],[50,-53],[5,-16],[-12,-78]],[[78959,37372],[-16,-14],[-12,10],[-5,29],[4,28],[24,28],[9,-14],[4,-30],[-8,-37]],[[80570,38070],[-6,-39],[-25,55],[23,23],[8,-39]],[[80432,38151],[-3,-22],[-8,1],[-24,54],[5,11],[30,-44]],[[79866,38762],[0,-16],[-22,6],[-31,46],[9,52],[35,-34],[9,-54]],[[80185,35051],[10,0],[32,43],[10,-15],[-16,-104],[-65,44],[-2,42],[-14,13],[-29,114],[67,-101],[-2,-19],[9,-17]],[[80007,35282],[-4,-11],[-14,8],[-39,61],[6,44],[18,24],[27,-25],[11,-58],[-5,-43]],[[80191,35615],[4,-31],[-18,34],[9,69],[-19,20],[10,32],[17,14],[5,-65],[-8,-73]],[[80960,34464],[-4,-24],[-8,8],[-27,-13],[-13,3],[-10,31],[23,-8],[-4,25],[43,-22]],[[78370,35725],[-53,29],[-11,21],[63,-10],[1,-40]],[[79239,37062],[-13,-2],[-28,57],[2,22],[28,29],[19,-27],[3,-57],[-11,-22]],[[79213,38584],[81,-29],[5,13],[4,-28],[-25,-3],[-31,-51],[-68,-3],[-43,18],[-12,-15],[-16,4],[-21,-15],[-4,36],[18,10],[-2,38],[14,19],[100,6]],[[80029,38276],[-66,1],[-29,64],[-20,17],[34,31],[30,9],[49,-38],[6,-31],[-4,-53]],[[80051,35346],[34,-36],[29,5],[22,-41],[4,-68],[-12,-16],[1,18],[-10,3],[-90,13],[17,39],[-17,45],[0,33],[22,5]],[[80560,35516],[44,-3],[9,-26],[25,-19],[11,-17],[-7,-44],[-24,-7],[-36,25],[-20,48],[-30,21],[28,22]],[[80780,34413],[40,-23],[14,-25],[-50,-20],[-8,16],[-34,15],[-6,29],[-17,-10],[9,20],[-22,23],[-7,42],[81,-67]],[[78371,35659],[4,-19],[-86,82],[-11,29],[57,-42],[36,-50]],[[79409,38442],[-8,-23],[-26,9],[13,4],[11,26],[10,-16]],[[80397,38202],[-6,0],[4,53],[13,-12],[2,-31],[-13,-10]],[[80141,34813],[-3,-35],[-24,18],[3,21],[24,-4]],[[80809,37646],[-2,-10],[-14,12],[17,24],[-1,-26]],[[81366,36512],[-10,-48],[-6,15],[-42,-44],[-48,14],[-42,48],[-33,85],[6,51],[-8,45],[-46,43],[-61,122],[-12,81],[7,89],[-2,44],[34,-34],[30,-8],[24,-35],[25,-91],[43,-64],[22,-75],[42,-34],[45,-69],[25,-81],[7,-54]],[[81049,37062],[-5,-4],[-11,56],[-10,89],[22,42],[12,-17],[11,-72],[-7,-72],[-12,-22]],[[24855,43237],[-25,-70],[17,-31],[51,-200],[-36,-59],[-1,-57],[-46,-61],[-11,-11],[-29,65],[-14,4],[5,-71],[-6,-23],[-15,-18],[-17,-94]],[[24728,42611],[-66,138],[-50,156],[-11,70],[33,14],[8,21],[-7,47],[34,61],[23,-44],[69,-67],[-61,84],[-20,76],[-30,-44],[-8,25],[-23,2],[-12,21],[7,-45],[-2,-20],[-8,-2],[-14,41],[-11,79],[-138,162],[-39,10],[-48,-6],[-15,-16],[-16,-29],[-28,-23],[-31,-93],[16,-19],[-91,-108],[-59,-27],[-22,-32],[0,-60],[93,-180],[16,-73],[-25,-30],[-42,-3],[-37,-66],[-99,-24],[-13,25],[-3,70],[-30,120],[-7,83],[-22,-20],[-9,-82],[-6,-20],[-12,1],[-57,42],[-54,183],[-60,34],[-30,3],[-15,-12],[-15,16],[-3,35],[-32,-16],[-76,21],[-24,-8],[-21,-25],[3,-64],[-6,-13]],[[23522,42980],[-8,56],[-28,61],[40,51],[1,79],[-14,46],[8,29],[37,48],[-13,33],[-24,29],[-14,1],[0,171],[34,62],[38,-37],[19,31]],[[23598,43640],[47,-65],[7,-96],[17,-8],[16,10],[4,-10],[-11,-22],[-2,-48],[40,-42],[72,9],[-29,68],[1,12],[45,-53],[40,-84],[46,-20],[71,14],[54,32],[39,60],[32,26],[101,56],[36,59],[30,15],[68,96],[112,-27],[23,-11],[21,-36],[57,3],[46,-13],[102,-75],[61,-73],[33,-79],[78,-101]],[[24486,43069],[-5,-19],[-11,42],[1,48],[19,10],[6,-5],[4,-44],[-14,-32]],[[23831,42656],[-41,17],[-19,36],[-2,24],[11,37],[20,13],[14,-43],[-9,-17],[4,-26],[20,-20],[2,-21]],[[23678,43554],[-2,-21],[-19,37],[15,5],[6,-21]],[[24446,43060],[-11,-19],[-5,18],[8,19],[8,-18]],[[75363,40769],[-8,6],[12,7],[-4,-13]],[[76192,42678],[-14,-9],[-7,33],[2,39],[33,82],[-14,-145]],[[62187,55072],[68,-242]],[[62255,54830],[-11,-52],[-53,-40],[-21,-50],[-25,-22],[-33,9],[-69,-39],[-32,1],[-80,-73],[-62,15],[-65,44],[-57,4],[-158,52],[-82,-49],[-40,-121],[4,-23],[28,-16],[11,-23],[2,-20],[-19,-50],[12,-25],[71,-13],[1,-19],[-8,-26],[-52,-43],[-6,-30],[7,-39],[35,-55],[-8,-54],[-30,-62],[3,-23],[29,-50],[43,-36],[7,-58],[-6,-22],[12,-18],[74,-5],[-5,-66],[11,-50],[25,-15],[48,1],[60,-39],[24,-41],[-2,-28],[-18,-33],[-124,-83],[-45,-57],[-11,-47],[21,-109],[-19,-122],[5,-23],[17,-9],[6,-34],[-71,-62],[-80,-164],[-27,-37],[-4,-36],[12,-57],[-11,-27],[-19,-30],[-103,-70],[-37,-167],[-79,-229],[-136,-122],[-51,-177],[-44,-75],[-19,-94],[-79,-40],[-87,-17],[-75,-51],[-19,-2],[-25,26],[-16,73],[-34,38],[-20,1],[-63,-77],[-60,-165],[-87,-153],[-16,-140],[9,-27],[55,-51],[78,-21],[22,-32],[-4,-127],[-13,-63],[5,-71],[40,-89],[45,-11],[29,11],[19,-18],[1,-106],[55,-158],[41,-165],[-18,-30],[-1,-20],[1,-38],[17,-25],[0,-13],[-39,-24],[-19,-36],[-22,-11],[-33,18],[-8,61],[-14,-3],[-94,-54],[-19,-42],[-52,-12],[-22,4],[-38,44],[-159,8],[-18,-12],[-11,21],[-13,-21],[-1,-131],[-83,-7],[-53,-41]],[[60103,49898],[-11,-45],[-20,41],[-20,-8],[-22,32],[-10,-33],[-37,-7],[-5,48],[-20,-17],[-21,60],[-27,32],[-14,37],[-5,84],[-28,170],[-17,16],[-97,30],[-5,30],[4,130],[-31,67],[-9,46],[-25,40],[-25,12],[-26,-5],[-21,-43],[54,6],[27,-27],[-56,8],[-85,-19],[-49,-28],[-67,8],[-83,-28],[-69,-1],[-29,-54],[-122,65],[-23,31],[-30,-27],[-52,19],[-40,-14],[-14,-24],[-2,-38],[-77,19],[-38,-13],[-85,17],[-22,-4],[-62,-53],[-28,40],[-27,-31],[-44,-10],[-40,3],[-42,21],[5,7]],[[58511,50488],[18,240],[22,41],[21,167],[60,41],[9,22],[27,-5],[18,59],[31,30],[84,37],[90,2],[7,83],[15,18],[-2,87],[15,32],[-33,44],[-61,-15],[-37,14],[12,108],[-17,222],[4,106],[-47,-4],[-51,79],[-112,58],[-65,107],[-69,207],[-5,48],[-115,213]],[[58330,52529],[396,-198],[264,39],[129,-46],[17,30],[54,37],[170,6],[275,135],[20,45],[-16,33],[-2,29],[16,92],[-4,126],[14,85],[12,48],[48,47],[33,77],[24,30],[23,19],[25,-3],[21,-25],[42,-11],[40,8],[69,47],[-1,16],[-33,32],[-5,23],[12,15],[28,4],[67,57],[35,55],[68,-22],[37,22],[45,-69],[21,-5],[52,45],[47,87],[-9,218],[40,109],[0,36],[23,112],[49,33],[53,7],[82,78],[6,35],[-37,110],[-64,122],[5,48],[26,19],[80,-40],[79,-4],[97,43],[9,31],[1,109],[-31,71],[24,30],[55,118],[39,43],[41,95],[-19,46],[14,53],[-7,60],[-13,23],[-29,123],[-52,71],[12,35],[94,138],[36,-2],[12,24],[67,65],[14,29],[23,15],[90,42],[120,17],[158,8],[65,-27],[122,86]],[[61648,55668],[36,6],[48,-37],[40,16],[22,-7],[49,-26],[19,-77],[36,10],[48,-28],[27,-42],[22,-96],[-1,-93],[-16,-35],[2,-18],[38,-28],[26,-76],[91,33],[2,-50],[50,-48]],[[57251,50390],[25,-115],[36,-108],[66,-140],[51,-74],[24,-26],[94,-52],[124,-38],[49,-41],[62,8],[47,-55],[62,-169],[40,-70],[57,-136],[25,-36],[70,-31],[4,-38],[-9,-88],[-104,-316],[-73,-92],[-42,-77],[-50,-134],[-53,-176],[-30,-9],[-34,17],[9,76],[-18,-4],[-16,-8],[-59,-143],[-36,-248],[24,-290],[-33,-26],[-121,-24],[-85,-65],[-41,-73],[-25,-185],[-41,-78],[-27,-16],[-159,-29],[-33,-18],[-54,-113],[-4,-36],[14,-54],[-5,-26],[-51,-124],[-71,-32],[-50,29],[-121,-11],[-27,-39],[-84,-69],[-75,-16],[-52,-33]],[[57177,50865],[20,63],[34,12],[18,53],[8,-2],[-9,-239],[-19,-68]],[[57816,48304],[-19,-4],[0,56],[35,70],[24,80],[16,-72],[-28,-40],[-15,-69],[-13,-21]],[[46353,65316],[-6,30],[-129,35],[-45,89],[-12,165],[-15,-30],[8,-48],[-41,-30],[11,-33],[-3,-71],[-61,-119],[-23,9],[-30,-27],[-29,-5],[-10,31],[-40,40],[-19,-3],[34,-45],[-10,-17],[-84,-50],[21,-22],[-18,-26],[-20,-4],[-174,-191],[-86,-69],[-31,1],[-39,-29],[-99,-26],[-66,12],[-46,-11],[-25,21],[-6,35],[-18,2],[-17,-39],[-34,13],[-9,12],[33,44],[-8,17],[-65,2],[-165,112],[-46,89],[9,109],[14,17],[118,-63],[64,57],[-11,7],[-53,-28],[-51,47],[0,17],[19,38],[-4,50],[112,109],[-33,-6],[-105,-79],[-68,-28],[-49,-54],[-46,-2],[-10,28],[27,148],[15,35],[24,5],[17,25],[72,-22],[23,32],[85,36],[-93,-10],[-17,6],[-8,24],[83,97],[17,65],[50,53],[41,24],[14,-21],[-12,-91],[47,116],[67,42],[-157,-41],[-47,-32],[-61,-86],[-6,-35],[-43,-26],[-50,-81],[-84,-82],[-10,41],[28,108],[-11,29],[7,19],[70,-8],[47,23],[-7,14],[-59,0],[-31,22],[-25,45],[-11,61],[123,106],[-14,2],[-34,-33],[-49,-21],[-31,29],[-17,31],[-9,145],[20,15],[100,-7],[116,27],[105,-15],[46,23],[41,3],[47,-38],[16,-45],[10,5],[-9,55],[122,38],[14,15],[-48,5],[-14,34],[23,59],[-27,-28],[-13,-83],[-25,-7],[-56,-2],[-69,20],[-14,36],[-26,-59],[-27,-9],[-72,15],[-106,-9],[-47,-20],[-31,3],[-53,35],[-20,27],[-5,81],[82,22],[-83,70],[-17,29],[1,73],[13,10],[116,-1],[134,-48],[109,8],[64,28],[-12,7],[-134,-15],[-159,41],[-50,-4],[-26,9],[-15,30],[11,59],[24,12],[28,-16],[43,70],[90,46],[43,-29],[120,25],[27,27],[-134,-27],[-5,18],[57,71],[95,12],[131,-16],[50,-25],[39,9],[9,9],[-40,11],[3,27],[65,22],[70,4],[-12,18],[-154,-26],[-41,17],[-111,-22],[-11,9],[49,91],[109,41],[44,34],[128,-4],[27,-42],[100,-66],[-113,139],[28,55],[75,11],[13,13],[-10,37],[-50,8],[-7,24],[53,44],[64,20],[71,-23],[-14,-41],[2,-16],[17,-2],[41,49],[90,24],[79,-103],[40,28],[138,3],[-20,42],[12,30],[156,79],[-15,31],[-32,10],[69,45],[-37,21],[-95,-56],[32,-34],[-27,-33],[-144,-87],[-69,-25],[-32,4],[-38,78],[-42,-10],[-6,12],[11,39],[60,54],[36,73],[55,42],[79,104],[65,34],[24,36],[71,45],[73,28],[26,31],[-81,-26],[12,66],[34,31],[163,89],[35,-41],[49,6],[99,105],[-121,-68],[-20,25],[-33,2],[-16,15],[-3,36],[37,90],[86,105],[15,42],[31,22],[52,1],[-60,64],[146,36],[69,-1],[87,51],[-14,10],[-115,-30],[-92,-9],[-13,88],[9,47],[21,-1],[5,46],[99,67],[82,0],[-62,25],[-12,24],[55,26],[56,67],[23,-3],[33,21],[32,-7],[73,22],[155,3],[5,20],[-33,5],[-208,6],[76,100],[50,32],[108,-43],[45,-55],[-4,42],[28,33],[-8,10],[-42,-12],[-57,38],[-8,23],[31,35],[-10,13],[-64,-36],[-63,-3],[5,58],[60,65],[55,2],[30,-18],[54,12],[-4,18],[-60,7],[-10,28],[168,71],[27,-89],[46,-64],[-13,53],[33,40],[-32,23],[-14,75],[45,32],[55,7],[81,-22],[146,31],[4,9],[-35,15],[-54,-10],[-150,3],[-17,30],[33,41],[57,25],[59,4],[63,46],[38,89],[39,43],[95,25],[-5,74],[44,64],[93,-65],[52,-4],[14,10],[-71,43],[-2,25],[91,30],[11,44],[39,38],[119,25],[8,-10],[-19,-157],[77,176],[88,53],[15,-34],[-12,-110],[-69,-125],[35,17],[70,75],[61,-9],[-50,75],[22,97],[131,-11],[22,50],[43,4],[121,-86],[-9,82],[-22,28],[-98,47],[-10,26],[44,11],[58,-12],[53,27],[14,-7],[40,14],[25,-19],[24,32],[64,16],[62,-31],[25,-89],[75,-52],[11,16],[-28,38],[11,44],[80,85],[57,35],[34,2],[93,95],[-4,19],[-33,12],[-1,24],[95,76],[26,3],[121,-71],[42,29],[80,-25],[3,-16],[-138,-144],[-15,-72],[-37,-47],[12,-48],[41,12],[50,44],[12,46],[184,194],[67,57],[38,12],[17,-38],[-42,-81],[21,-15],[-15,-99],[98,45],[47,102],[31,26],[57,0],[-75,63],[87,63],[132,-21],[61,-30],[-16,-66],[-104,-64],[25,-6],[52,17],[14,-16],[-19,-183],[100,224],[54,45],[66,-1],[71,-56],[59,-12],[24,-26],[79,25],[42,-36],[-6,-34],[93,-9],[80,-54],[4,-55],[-115,-34],[-50,-32],[-82,-12],[-277,21],[6,-23],[193,-50],[8,-87],[38,-23],[72,-4],[36,63],[27,-12],[19,-49],[13,32],[94,-5]],[[50610,69692],[-32,43],[3,25],[118,130],[-47,87],[-176,66],[-127,105],[-34,1],[-150,-69],[-94,11],[-52,-8],[-110,-97],[-74,-180],[-5,-128],[-41,-45],[-79,-29],[-40,-79],[-35,-21],[-263,93],[-36,-40],[-93,-28],[-43,-3],[-18,14],[-160,20],[-27,59],[-171,184],[-79,0],[-48,-27],[15,-58],[-15,-17],[-95,12],[-13,-14]],[[44796,66214],[-39,-1],[15,48],[13,3],[14,-23],[-3,-27]],[[44826,65873],[1,-52],[-22,4],[-10,20],[0,89],[31,-61]],[[50850,70032],[-46,-13],[17,61],[53,-30],[-24,-18]],[[46493,68204],[-16,-13],[-30,4],[5,34],[42,8],[-1,-33]],[[45646,67345],[-44,9],[115,52],[6,-45],[-77,-16]],[[45557,67201],[-52,6],[-20,27],[65,25],[15,-17],[-8,-41]],[[49272,70478],[-91,-97],[-58,-23],[-41,8],[-24,-19],[-48,-1],[-88,63],[85,0],[18,20],[106,11],[25,-8],[59,46],[46,12],[11,-12]],[[49791,70621],[87,-16],[32,-32],[17,3],[-3,-19],[-134,-15],[-64,40],[65,39]],[[49314,70361],[6,-37],[-22,-24],[-50,-41],[-45,-14],[-16,41],[-21,-11],[-21,14],[6,27],[52,31],[22,-5],[72,49],[17,-30]],[[49411,70369],[-46,-17],[-38,30],[5,56],[21,10],[73,-42],[-15,-37]],[[46954,69360],[60,-8],[-5,-12],[-78,-50],[-47,-5],[-21,-18],[-17,14],[-8,-28],[-40,-11],[-7,40],[25,32],[31,2],[26,37],[81,7]],[[46736,69189],[-36,-23],[33,85],[26,24],[14,-9],[-6,-41],[-31,-36]],[[47278,69657],[46,-69],[-12,-49],[-31,-25],[-80,-2],[-36,29],[-54,-19],[-28,13],[-7,21],[43,47],[60,-12],[17,54],[40,-9],[1,47],[21,1],[20,-27]],[[48382,70216],[35,-7],[42,-32],[-19,-23],[-55,0],[-44,83],[21,4],[20,-25]],[[48627,70160],[-33,-14],[-43,8],[-13,35],[20,21],[71,7],[-2,-57]],[[48258,70150],[21,-24],[38,16],[26,-13],[-66,-87],[-49,-5],[-30,-21],[-54,-80],[-124,-19],[-35,10],[-11,30],[35,4],[29,58],[40,0],[27,20],[12,-14],[3,48],[48,53],[40,11],[20,91],[20,1],[10,-79]],[[46624,68325],[-19,-2],[11,35],[66,14],[-7,-20],[-51,-27]],[[46603,68387],[-23,-3],[4,19],[44,57],[23,-14],[1,-25],[-12,-22],[-37,-12]],[[46315,67871],[-13,-13],[-28,10],[-56,-7],[-22,11],[68,48],[27,-1],[27,-30],[-3,-18]],[[47834,69944],[29,-25],[39,10],[53,-25],[18,-48],[-33,-29],[2,-58],[-93,-16],[-19,16],[-98,-80],[-2,14],[-64,11],[1,10],[38,19],[7,98],[20,16],[67,-8],[3,26],[-35,17],[55,23],[12,29]],[[47411,69490],[37,39],[36,14],[22,70],[43,15],[53,-70],[-7,-36],[-78,-42],[-53,-60],[-52,3],[-19,-23],[-60,-19],[-38,27],[-22,-28],[-36,-12],[-27,11],[-72,-48],[-90,-3],[-1,29],[80,62],[123,18],[77,77],[37,113],[-29,20],[9,54],[100,103],[37,11],[20,-12],[-4,-26],[-73,-84],[28,-128],[-41,-75]],[[41426,70488],[-35,7],[140,78],[43,47],[83,17],[-1,-60],[-153,-44],[-77,-45]],[[48249,72045],[-29,-17],[-44,26],[-29,33],[15,12],[78,2],[23,-27],[-14,-29]],[[50104,73911],[-36,-1],[-65,32],[-1,40],[31,0],[50,-38],[53,-11],[-32,-22]],[[51472,74555],[-230,-16],[-23,12],[392,53],[69,5],[59,-11],[-267,-43]],[[48828,73888],[105,-8],[62,-153],[167,10],[112,-45],[-72,-27],[-9,-42],[138,-51],[48,-4],[86,14],[161,-62],[-187,-43],[-70,-70],[-82,-43],[-98,-7],[-72,-48],[-60,-3],[-31,21],[4,50],[57,31],[2,23],[-70,7],[-82,-30],[-244,-26],[-30,8],[-13,46],[79,24],[32,67],[78,66],[-150,60],[-60,84],[-63,33],[8,40],[-45,-3],[-35,29],[32,16],[302,36]],[[48656,74613],[157,-3],[36,-37],[144,-48],[39,154],[135,32],[74,-21],[-48,-105],[139,9],[64,43],[68,-1],[15,25],[77,-32],[41,6],[255,-55],[248,-7],[70,-44],[12,-66],[-289,-128],[-88,-93],[-121,-28],[-95,11],[-194,-75],[-253,16],[-51,43],[41,37],[-231,-14],[-254,7],[-24,20],[-154,21],[-109,44],[35,19],[163,-1],[70,51],[-160,13],[-175,-22],[-163,15],[-97,43],[-17,30],[145,47],[-124,11],[-103,36],[209,22],[136,-34],[47,21],[-44,9],[-43,65],[139,-46],[14,44],[-47,59],[29,7],[151,-34],[131,-66]],[[47660,74463],[44,22],[61,-8],[149,-61],[29,-42],[-65,-75],[-4,-65],[176,96],[101,-78],[-33,-72],[100,-46],[97,8],[63,-13],[35,-39],[53,9],[12,30],[108,-17],[38,-21],[-64,-34],[196,-81],[19,-25],[-71,-28],[-344,-29],[-150,-127],[-15,-105],[-42,-17],[-93,-7],[-51,-220],[-92,-12],[-168,-196],[23,-35],[-66,-69],[21,-67],[-88,-35],[-58,13],[-221,122],[-103,87],[-183,65],[-77,74],[-13,46],[18,25],[75,7],[77,-24],[54,71],[311,41],[201,7],[-29,44],[-207,-22],[-173,4],[-180,-40],[-124,2],[-72,37],[-27,76],[62,25],[90,-35],[-15,29],[181,35],[84,31],[86,3],[-10,31],[31,12],[295,18],[41,22],[-107,-5],[-68,43],[81,70],[-61,-4],[-142,-71],[-128,-9],[-39,51],[31,80],[-89,-62],[-79,40],[-54,-20],[-8,-81],[50,-33],[-128,-63],[-233,-15],[-117,64],[-99,93],[-95,34],[-29,40],[28,29],[-120,52],[44,15],[188,-31],[13,23],[-80,8],[-29,41],[38,83],[-26,11],[-96,-4],[-14,-58],[-44,-18],[-32,9],[-114,171],[-13,104],[29,18],[84,-36],[24,30],[110,16],[142,-48],[-2,46],[114,-18],[86,25],[142,12],[53,-19],[-33,-45],[-179,-13],[-117,-51],[189,3],[12,-41],[156,-60],[3,106],[134,93],[111,-54],[172,-220],[141,-87],[-128,310],[104,161],[67,-13],[64,-49]],[[46319,73895],[3,-31],[39,3],[98,-49],[70,-89],[-37,-4],[-91,72],[-113,33],[-119,127],[-17,66],[97,-25],[70,-103]],[[48134,74635],[-53,-24],[-88,18],[32,31],[109,-25]],[[50629,74026],[158,-3],[-94,-23],[-197,15],[-111,-25],[-36,10],[151,51],[81,1],[48,-26]],[[74264,56001],[-64,42],[-40,-21],[-21,-38],[-16,56],[-26,1],[-42,49],[-18,-10],[-28,-65],[-32,-37],[-22,-2],[-11,52],[-78,38],[62,55],[-9,11],[-52,-1],[-21,15],[-31,-5],[-21,12],[44,46],[2,47],[45,95],[59,47],[59,9],[-32,27],[-30,-2],[-32,28],[-3,29],[62,182],[-12,105],[-63,27],[-79,74],[-9,-7],[-1,-40],[-23,-16],[-20,77],[-50,51],[3,43]],[[73714,56975],[6,44],[122,156],[26,2],[18,36],[83,49],[43,52],[13,0],[20,39],[63,17],[102,182],[19,16],[27,124],[35,37],[10,-3],[29,28],[25,-18],[41,-92],[123,-40],[79,4],[33,-27],[35,77],[-1,19],[-62,128],[3,39],[64,17],[149,5],[66,79],[5,42],[23,44],[27,10],[24,-23],[20,23],[22,5],[20,144],[29,97],[30,-15],[15,4],[38,-36],[1,-64],[28,-50],[40,-42]],[[75246,57982],[-12,-12],[-44,12],[-53,-52],[-14,-38],[-42,-46],[-32,-82],[-29,-41],[-17,-51],[-1,-44],[19,-45],[2,-39],[-13,-78],[7,-85],[-8,-32],[-89,-58],[-23,-28],[-33,-75],[-99,-76],[-22,-52],[-24,-30],[-50,-41],[-48,-2],[-34,-16],[-24,-44],[-73,-50],[-10,-37],[6,-103],[-6,-37],[-16,10],[-9,-11],[-9,-35],[3,-38],[94,-54],[45,-82],[67,-67],[31,-53]],[[73845,56770],[-13,-13],[-1,23],[22,21],[-8,-31]],[[45363,41379],[-39,-10],[21,58],[24,-18],[-6,-30]],[[46890,45449],[111,-274]],[[47001,45175],[32,-305],[78,-38],[24,-64],[-5,-141],[-9,-44],[5,-60],[-5,-44],[-87,-98],[-53,-25],[-22,-31],[-46,-117],[-40,-118],[-29,-190],[-36,-59],[-17,-207],[-65,-60],[-13,-54],[-23,-213],[-48,-85],[-43,-12],[-42,-138],[-18,-149],[-32,-93],[-2,-61],[-61,-139],[23,-69],[-68,-99],[-7,-84],[-18,-44],[-58,-64],[-32,3],[-23,123],[-66,109],[-32,33],[-12,-11],[-18,-64],[-67,0],[-15,46],[-88,-104],[-29,-100],[-69,-93],[-92,-176],[-15,-60],[-32,-256],[-59,-193]],[[45667,41527],[-10,-14],[-21,10],[-9,29],[-12,5],[-22,44],[-4,-8],[22,-110],[-8,-43],[-119,-15],[-38,1],[-19,16],[-9,41],[-17,-44],[-42,-3],[-51,74],[22,-44],[-3,-45],[-34,-51],[-22,-3],[-13,22],[-11,89],[-13,35],[6,-112],[16,-42],[-55,-14],[-13,59],[-6,-59],[-70,-14],[1,54],[-13,-21],[-2,-40],[-32,-1],[-67,73],[-51,83],[-23,84],[-27,128],[17,-1],[6,11],[-26,18],[0,63],[32,18],[12,42],[-40,-32],[-37,36],[-8,22],[4,17],[43,1],[15,16],[-26,5],[-5,37],[-13,-29],[-25,-17],[-14,17],[-5,55],[-56,114],[-104,141],[-74,27],[-164,7],[73,69],[-8,6],[-70,-32],[-23,-56],[-152,-12]],[[44250,42234],[17,150],[-13,118],[8,38],[-1,144],[8,36],[-16,60],[-8,114],[11,398],[11,116],[65,16],[25,104],[-3,57],[47,94],[-1,49],[7,15],[49,42],[22,110],[-17,58],[17,52],[30,3],[15,83],[-19,71],[-10,137],[-55,138],[1,45],[25,87]],[[44465,44569],[17,28],[-13,55],[7,37],[2,245],[73,107],[22,71],[11,52],[15,177],[66,83],[59,37],[39,12],[101,-1],[29,35],[32,16],[167,-92],[28,-2],[71,-110],[51,-132],[33,-43],[29,-4],[28,38],[45,9],[114,102],[64,-21],[159,-168],[109,-38],[100,-5],[76,142],[28,31],[34,28],[71,27],[117,18],[109,-8],[68,-24],[72,-47],[31,-45],[49,-7],[35,9],[11,44],[35,58],[53,54],[78,54],[31,43],[25,14],[44,1]],[[44465,44569],[-35,68],[-37,33],[-36,84],[-65,109],[-18,7],[-38,-38],[-68,-33],[11,-98],[-6,-44]],[[44173,44657],[-76,180],[-1,31],[32,15],[6,23],[-4,32],[-26,71],[-36,3],[-40,-42],[-54,10],[-114,160],[-26,18],[0,142],[44,-15],[7,12],[-44,48],[-10,37],[-19,26],[-68,40],[-46,118],[-18,73],[7,47],[-53,110],[13,182]],[[43647,45978],[3,23],[14,7],[105,-11],[55,12],[85,127],[412,30],[3,29],[12,9],[107,-31],[4,55],[46,70],[26,14],[14,35],[34,192],[26,73],[14,98],[5,167],[8,14],[-2,941]],[[44618,47832],[369,128],[21,20],[399,610],[584,625],[502,535]],[[46493,49750],[366,-148],[29,-27],[149,-219],[185,165]],[[47222,49521],[47,-471],[2,-175],[28,-48],[75,-201],[-16,-35],[12,-62],[91,-170],[-56,-193],[-33,-687],[-30,-626],[-268,-508],[-136,-343],[-40,-147],[-47,-110],[39,-296]],[[23454,46013],[-29,-78],[-6,-5],[-1,39],[-9,5],[-17,-34],[10,-26],[18,-7],[27,-180],[-22,-81],[-32,-69],[-20,-113],[-18,-184],[13,-164],[-6,-153],[7,-81],[-21,-7],[-7,28],[12,91],[-4,20],[-8,-44],[-31,-48],[25,-94],[-7,-116],[-21,16],[-1,-56],[-14,-31],[30,-16],[13,-80],[-23,-33],[-30,-117],[9,-74],[16,-53],[13,-33],[17,-8]],[[23337,44227],[-4,-35],[-13,-22],[-50,-23],[-60,20],[-44,88],[-34,5],[-35,24],[-16,2],[-51,-47],[-163,107],[-9,-2],[-30,-53]],[[22828,44291],[-21,60],[-32,58],[-123,178],[-69,184],[-23,39],[-66,82],[-82,142],[-50,64],[0,27],[20,34],[10,-1],[29,-53],[21,13],[0,13]],[[22442,45131],[80,13],[12,20],[10,74],[10,19],[35,8],[5,12],[-15,169],[9,28],[98,4],[43,98],[27,24],[14,-37],[48,-53],[12,7],[1,32],[12,22],[25,20],[50,85],[47,53],[-3,45],[7,34],[30,37],[0,34],[13,29],[30,25],[17,-8],[35,-57],[26,-12],[20,5],[15,21],[31,2],[7,22],[21,-12],[20,29],[23,-7],[72,50],[10,-4],[24,44],[29,14],[62,-7]],[[85522,21352],[28,-2],[122,129],[51,28],[13,3],[-12,-29],[-15,-10],[6,-28],[-28,-88],[24,14],[15,61],[16,13],[-6,34],[51,4],[3,-17],[19,1],[-25,-61],[-39,-36],[24,-3],[56,64],[0,-37],[-32,-55],[-32,-23],[-8,-28],[5,-33],[17,-25],[-19,-48],[21,6],[27,-37],[-16,-47],[-79,-123],[0,-36],[-12,-26],[-71,-108],[-48,-142],[-31,-59],[-80,-65],[-41,-59],[-23,-6],[26,-36],[-8,-20],[-42,-28],[40,9],[12,-10],[16,-68],[64,-24],[11,-53],[-12,-34],[-35,-7],[-25,9],[-17,25],[-60,-13],[-6,5],[26,25],[-25,21],[-21,-22],[-11,-36],[-13,-4],[-63,73],[35,-85],[-126,-97],[-52,-8],[-19,-52],[-30,-4],[17,-17],[-40,-267],[-36,0],[33,-29],[-5,-27],[-42,-78],[-12,-69],[-46,-136],[21,-47],[-3,-35],[-86,-30],[-178,-268],[-83,-30],[-59,-5],[-81,29],[-47,-20],[-25,10],[-21,-7],[-13,26],[-2,43],[-32,37],[-84,-2],[-38,76],[-35,20],[-41,-41],[-65,-3],[-89,22],[-5,28],[49,78],[-45,-42],[-19,4],[18,35],[-2,33],[-25,-29],[-29,-4],[-1,58],[112,35],[12,17],[-47,6],[-2,23],[6,19],[40,31],[-62,-5],[2,33],[9,25],[34,1],[-12,43],[69,-44],[-9,41],[27,12],[-47,30],[-2,43],[25,32],[14,-19],[17,5],[-21,37],[6,15],[52,60],[13,-57],[5,81],[22,14],[51,64],[30,-31],[-13,72],[145,206],[47,26],[38,-9],[63,56],[27,-21],[-10,40],[8,19],[84,67],[77,38],[0,34],[18,6],[-12,9],[38,34],[54,81],[15,8],[23,-16],[-5,20],[-18,12],[38,31],[37,-24],[-21,37],[34,21],[17,-31],[2,46],[55,91],[10,-20],[0,-53],[9,36],[-5,47],[39,86],[30,17],[-15,26],[57,266],[12,16],[48,17],[52,79],[35,148],[11,111],[33,83],[89,105],[45,13],[28,-13],[-51,-11],[-7,-54],[15,-46],[54,-33],[31,-189]],[[85715,21534],[-32,-26],[7,56],[37,36],[-12,-66]],[[83979,19434],[-4,-33],[-48,13],[9,25],[28,13],[15,-18]],[[84035,19642],[11,-52],[-31,26],[20,26]],[[84318,18905],[0,-17],[-25,6],[0,-20],[27,-24],[21,4],[0,-40],[-14,-14],[-41,-7],[-26,-27],[-29,1],[-27,-29],[-37,-7],[4,26],[22,25],[6,43],[21,13],[0,25],[15,22],[-9,48],[4,43],[42,3],[46,-74]],[[86110,23543],[1,-24],[-18,9],[-31,42],[-2,36],[12,25],[30,-43],[8,-45]],[[85559,24132],[4,-20],[39,60],[-2,-37],[8,-8],[54,-26],[22,-28],[14,19],[63,-51],[9,-69],[15,-4],[28,27],[54,-146],[-8,-38],[18,-52],[-46,5],[1,-10],[98,-224],[-12,-80],[16,-53],[-10,-16],[-13,-84],[41,-30],[14,25],[23,-26],[62,-36],[20,-94],[38,3],[7,19],[-19,128],[-1,77],[-24,59],[3,24],[15,11],[53,-119],[22,5],[25,-97],[28,-210],[30,-45],[3,-21],[-18,11],[-4,-17],[17,-19],[45,-16],[116,-92],[122,-45],[43,16],[26,26],[40,84],[69,66],[63,-5],[64,-55],[-34,-118],[-19,-212],[-11,-47],[-45,-62],[-26,-12],[-16,-132],[13,-53],[-13,-43],[-30,57],[-64,16],[-55,-18],[-53,-47],[-30,-64],[-3,-82],[6,-21],[35,-30],[-65,-213],[-37,-59],[-19,-65],[-55,-99],[-97,-239],[-163,-175],[-21,17],[-14,68],[-27,12],[-42,-15],[5,80],[-8,8],[-12,-17],[6,-12],[-21,-15],[-21,-1],[-8,17],[92,193],[35,99],[23,146],[-24,76],[-36,71],[-47,41],[-60,20],[-52,75],[-101,59],[-30,36],[-11,47],[4,47],[15,32],[55,47],[79,30],[41,53],[7,25],[29,245],[30,89],[-9,56],[31,40],[-49,155],[10,49],[-15,6],[-29,99],[6,13],[12,-9],[18,-55],[3,28],[14,18],[30,11],[-36,62],[-44,-19],[-30,20],[-23,94],[-46,103],[13,3],[38,-51],[7,16],[4,50],[-22,33],[9,59],[-30,34],[2,-35],[-6,-3],[-52,56],[-30,93],[1,-47],[60,-136],[-5,-22],[-12,-6],[-10,14],[-26,80],[-130,278],[52,98],[-10,3],[-21,-22],[-29,-60],[-15,25],[-10,45],[-11,4],[-27,55],[17,35],[1,48],[-118,246],[82,11],[-19,-47],[74,-175]],[[84568,16436],[13,-23],[-25,-9],[-26,32],[38,0]],[[83852,17196],[5,-37],[-41,10],[-15,20],[-10,-19],[-20,6],[45,56],[7,62],[30,3],[10,-12],[-21,-69],[10,-20]],[[926,20273],[-24,-11],[-26,-44],[-6,46],[-26,-10],[18,-14],[-14,-19],[14,-42],[14,2],[12,-33],[0,-10],[-44,-30],[-20,4],[-8,32],[26,59],[-8,21],[-19,14],[-52,-1],[21,28],[23,-3],[25,21],[94,-10]],[[926,20018],[-11,-4],[-2,42],[18,5],[8,-19],[-13,-24]],[[2470,31079],[-25,-24],[-10,29],[9,36],[18,11],[10,-34],[-2,-18]],[[4907,30130],[-24,5],[2,17],[15,5],[7,-27]],[[45046,61684],[-60,5],[-26,36],[27,47],[17,60],[-6,29],[-45,20],[-32,38],[-40,-11],[-24,8],[-27,29],[-17,54],[-21,-26],[-23,-3],[-23,39],[-29,-30],[-32,23],[-28,-21],[-3,-31],[-36,13]],[[44618,61963],[-53,25],[-45,-15],[-57,20],[-33,38],[24,21],[47,3],[35,-10],[61,-51],[33,7],[-66,54],[44,6],[-58,88],[34,80],[30,29],[66,109],[70,277],[28,-14],[42,23],[72,59],[42,76],[129,61],[182,15],[37,-50],[56,-20]],[[45338,62794],[-2,-124],[-38,-153],[-69,-7],[-11,-16],[-3,-30],[14,-29],[53,-8],[16,-28],[-14,-77],[-61,-55],[-2,-19],[20,-30],[-14,-25],[-54,-25],[-22,2],[-17,-15],[-46,25],[-53,-34],[61,-155],[-30,-99],[13,-34],[-46,-46],[-20,-5],[46,-55],[-13,-68]],[[44618,61963],[-13,-35],[-65,-43],[-78,34],[-36,-17],[-20,57]],[[44406,61959],[58,10],[71,-20],[31,18],[24,-15],[28,11]],[[45030,62871],[-47,-7],[-19,11],[66,-4]],[[44832,62805],[-49,-27],[29,28],[20,-1]],[[44884,62839],[-33,3],[96,20],[-63,-23]],[[44778,62701],[-24,-31],[-19,16],[43,65],[0,-50]],[[44551,62118],[30,-40],[-30,-9],[-32,29],[-21,-7],[-8,14],[22,16],[39,-3]],[[45226,62926],[-23,-2],[39,20],[-16,-18]],[[27076,44765],[-12,-49],[-8,61],[-20,38],[0,19],[36,-31],[4,-38]],[[28351,47110],[-10,-8],[-5,23],[15,-15]],[[26666,44900],[0,-13],[-11,7],[-30,48],[8,29],[33,-71]],[[26944,44728],[-13,-6],[-47,42],[-38,68],[-1,36],[20,-16],[15,-49],[45,-32],[19,-43]],[[64934,51657],[10,-12],[-1,-41],[-30,-149],[-10,-121],[31,-90],[13,-89],[-26,-129],[-15,-21],[-35,24],[-53,-17],[-53,11],[-30,-28],[-48,32],[-18,54],[-76,-53],[-81,61],[-87,33],[-52,-20],[-14,16],[-9,62],[-12,21],[-20,5],[-66,-44],[-25,12],[-9,35],[-32,14],[-81,71],[-19,113],[-125,84],[-47,-25],[-17,-25],[-92,38],[-38,-41],[-135,65],[-14,68],[-55,-1],[-112,106],[-32,-20],[-132,135],[-34,70],[-101,90],[-40,48],[-17,6],[-9,-26],[-15,3],[-84,96],[-5,17],[8,55],[11,46],[25,42],[6,100],[35,134],[36,75],[72,105],[15,14],[24,-3]],[[63214,52663],[25,-56],[16,1],[19,23],[39,108],[55,21],[97,-26],[28,-93],[15,-23],[64,-53],[89,-114],[39,-28],[34,-2],[104,-188],[21,2],[64,39],[40,-25],[31,-135],[138,-155],[66,22],[21,-8],[-17,-96],[8,-25],[70,-17],[65,0],[39,-62],[28,-91],[10,-8],[16,11],[4,66],[14,13],[20,-40],[46,-41],[26,15],[9,53],[33,5],[15,-32],[65,-41],[29,-40],[117,-10],[58,31],[60,-7]],[[84030,39216],[-4,-15],[-8,12],[8,15],[4,-12]],[[49712,31644],[-85,-11],[-28,-20],[-63,-82],[-42,33],[-28,-20],[-58,-57],[-74,-119],[-24,-16],[-73,190],[-19,12],[-293,-87],[-251,-53],[1,-803],[0,-793],[-1,-17],[-241,0],[0,-1217]],[[47578,26901],[-135,203],[-41,82],[-92,254],[-50,263],[-3,52],[10,30],[-6,40],[-10,36],[-31,48],[-9,157],[-21,102],[4,84],[-9,77],[3,143],[-17,107],[-34,105],[-30,152],[-7,404],[-17,137],[8,38],[14,-18],[6,51],[2,45],[-16,111],[-34,114],[-84,185],[-33,129],[-94,244],[-68,320],[-31,69],[-141,483],[-32,77],[-69,123],[-22,87],[-42,118],[-11,110],[3,220]],[[46439,31883],[38,10],[27,25],[24,2],[24,-20],[82,-1],[133,107],[91,-31],[53,-85],[59,-68],[19,-9],[97,9],[419,-1],[545,-4],[22,-19],[56,-114],[57,-44],[102,-9],[64,-20],[134,3],[49,-10],[27,-29],[58,-30],[89,28],[42,-3],[32,-16],[475,157]],[[51636,33301],[45,-121],[60,-122],[14,17],[86,20],[13,15],[56,18],[10,-7],[31,-76],[13,-183],[-4,-123],[-26,-79],[-18,-100],[-27,-54],[0,-26],[38,-84],[3,-74],[27,-31],[98,-193],[36,-33],[7,-28],[-4,-33],[-12,-19],[5,-27],[14,-21],[36,4],[2,135],[-12,75],[-15,34],[30,137],[16,38],[58,15],[38,30],[16,166],[2,114],[-6,67],[21,164],[-6,12],[-5,85],[-145,339],[-82,151],[-14,16],[-46,13],[-23,56],[-20,303],[-30,220],[47,145],[16,94],[10,14],[72,5]],[[53395,34857],[12,-45],[23,-42],[-30,-45],[27,-29],[-20,-43],[-2,-30],[9,-30],[-34,-117],[15,-51],[-8,-91],[24,-153],[-7,-50],[5,-120],[-9,-43],[15,-15],[8,-48],[-7,-83],[-25,-35],[-3,-34],[32,-1],[-4,-135],[7,-36],[-9,-39],[13,-289],[1,-19],[28,-21],[-1,-33],[-18,-44],[2,-65],[19,52],[12,0],[10,-21],[7,-110],[-3,-32],[-32,-60],[-2,-60],[-18,-22],[8,-64],[-22,-92],[-109,-222],[-3,-38],[-28,-70],[-46,-31],[13,-61],[-146,-157],[-39,-79],[-48,-30],[-52,-4],[-127,-84],[-24,-34],[-50,-32],[-144,-152],[-74,-111],[-10,-59],[-87,-171],[-31,-77],[-2,-33],[-18,-10],[-16,32],[-6,-62],[-13,-5],[-14,13],[-66,-66],[-49,-75],[-69,-145],[-101,-139],[-24,-4],[-31,49],[-18,4],[26,-53],[-12,-286],[67,-146],[33,-170],[2,-88],[34,-112],[15,-169],[-3,-158],[16,-25],[9,121],[9,27],[9,-4],[9,-54],[2,-56],[-12,-123],[20,-134],[-19,-97],[-30,-269],[7,-17],[15,-6],[6,29],[9,0],[4,-17],[-12,-106],[-57,-160],[-24,-49],[-40,-48],[-93,-74],[-187,-109],[-118,-84],[-94,-100],[-41,-68],[-16,-78],[-32,-80],[27,-67],[35,-48],[16,79],[10,1],[-17,-335]],[[51985,34177],[-13,19],[-12,-21],[9,-20],[11,-1],[5,23]],[[52003,34135],[9,35],[-18,10],[-5,-41],[14,-4]],[[43057,54827],[21,-58],[82,-96],[-14,-64],[27,-48],[-13,-56],[21,-84],[-2,-173],[20,-94],[-11,-109],[55,-234],[82,-102],[11,-37],[-42,-57],[-5,-29],[9,-72],[-12,-8],[-284,18],[-107,-27],[-10,-11],[-21,-92],[-103,-56],[-63,-3],[-30,-16],[-6,-42],[15,-90],[-11,-72],[51,-57],[-1,-29],[-10,-16],[-77,-22],[-81,-94],[-157,-103],[-51,-131],[-65,-91],[-135,-56],[-115,-4],[-10,-71],[-18,-35],[-132,18],[-84,-100],[-48,-18],[-240,-290],[-1,-453]],[[41492,51563],[-33,0],[11,-85],[-6,-67],[10,-52],[0,-17],[-10,-13],[-50,-14],[-99,-1],[-78,-99],[-20,-5],[-20,0],[-32,27],[-53,-22],[-73,57],[-50,12],[-40,-4],[-114,-56],[19,-60],[-5,-49],[-33,-50],[-40,-98],[-20,-84],[-75,-32],[-8,-18],[-60,-385],[-29,-123],[-49,-66],[-87,-92],[-17,-30],[-60,-184],[-112,-84],[-29,-44],[-31,-122],[-20,-137],[-29,-346],[-99,-197],[5,-48],[-15,-66],[-19,-43],[-22,-22],[-31,-5],[-119,5],[-140,22],[-168,-14],[-65,-21]],[[39477,48831],[17,210],[33,113],[27,50],[41,26],[37,115],[14,105],[25,49],[7,38],[-9,29],[102,304],[-4,22],[-43,-76],[20,77],[76,100],[96,178],[36,30],[33,75],[12,67],[3,153],[11,80],[66,229],[13,104],[14,40],[24,19],[35,51],[52,33],[92,108],[96,403],[33,50],[22,63],[38,28],[79,14],[117,52],[104,80],[30,31],[85,146],[144,154],[69,138],[111,253],[18,66],[11,107],[-7,42],[-29,68],[-20,18],[-5,32],[10,57],[6,253],[32,125],[80,165],[14,68],[10,145],[99,152],[79,146],[51,53],[179,117],[160,144],[35,72],[98,282],[104,442],[73,19],[54,44],[29,-12],[-14,-20],[0,-49],[20,-57],[36,-64],[65,-82],[51,-33],[72,-20],[154,52],[25,-22],[47,-7],[46,11],[35,35],[22,39],[4,-40],[28,-82],[150,-11]],[[41492,51563],[0,-162]],[[41492,51401],[0,-565],[-410,-1],[-398,0],[-1,-1107],[-85,-66],[-60,-21],[-99,-118],[-30,-79],[-1,-58],[15,-84],[19,-510],[-481,0],[-475,-2],[-24,-188],[4,-41]],[[39466,48561],[-13,22],[24,248]],[[48522,58212],[-32,-12],[-5,-20],[-34,3],[-6,-13],[15,-44],[-6,-37]],[[48454,58089],[-67,-31],[-12,22],[-3,48],[-17,-3],[-91,-200],[20,-45],[-5,-88]],[[48279,57792],[-38,35],[-15,49],[-56,83],[-63,56],[3,29],[-31,-5]],[[48079,58039],[-19,56]],[[48060,58095],[26,36],[-19,59],[-2,97],[40,13],[0,43],[12,46],[43,50],[20,-3],[11,-23],[12,3],[2,28],[-21,75],[59,2]],[[71854,61278],[-159,-456],[-50,-90],[-8,-144],[-63,-52],[8,-81],[14,-31],[68,-82],[23,10],[20,35],[38,30],[68,-8],[60,13],[75,-28],[68,-67],[101,147],[92,18],[85,-20],[63,-99],[78,-46],[20,-56],[31,-23],[8,-28],[94,-113],[18,-75],[27,-53],[-8,-82],[-38,-29],[-91,4],[-41,11],[-77,53],[-30,-30],[-100,11],[-58,-22],[-39,-21],[-41,-44],[-17,1],[-30,29],[-26,-1],[-25,-98],[-86,0],[-29,12],[-72,-43],[-11,-36],[-39,-49],[-35,-92],[7,-40],[-10,-25],[-64,-49],[-62,-74],[-125,-30],[-59,-5],[-44,18],[-43,-13],[-34,-82],[-82,-101],[-120,-99],[-130,28],[-83,32],[-26,15],[-45,62],[-92,10],[-33,-8],[-35,-41],[-32,-63],[-53,-201],[49,-114],[56,-75],[23,-53],[1,-46],[-39,-20],[-55,-74],[-131,-68],[-147,-248],[-256,-148],[-158,-9],[-125,13],[-340,-69],[-381,-241],[-35,-54],[-17,-9],[-29,21],[-88,7],[0,96],[-191,-56],[-154,112],[-222,67],[-44,25],[-76,125],[-40,17],[-98,5],[-268,55],[-125,-48],[-548,98],[-199,-31],[-20,92],[-94,121],[-13,31],[-4,47],[-77,250],[-48,37],[5,105],[-72,-8],[-82,40],[-84,73],[-40,56],[-59,13],[-73,99],[-34,19],[-176,40],[-88,-12],[-96,27],[-108,3],[-34,21],[-31,-3],[-64,43],[-42,-9],[-52,144],[12,91],[70,133],[-21,103],[28,130],[-10,80],[-29,90],[-37,22],[-53,123],[-40,162],[-55,39],[-18,59],[-17,3],[-12,-18],[-32,-8],[-34,36],[-19,42],[-19,11],[-37,-2],[-32,-19],[-36,9],[-31,38],[-83,57],[-14,72],[-25,9],[-26,30],[-79,36],[-2,21],[21,46],[-55,37],[-22,40],[31,51],[-14,71]],[[45396,58616],[-15,-7]],[[45381,58609],[9,17],[6,-10]],[[20067,50820],[-5,-90],[-83,-324],[-39,-274],[-18,-276],[-6,-199],[5,-160],[-27,-139],[4,-50],[19,-177],[43,-130],[66,-108],[-23,-127],[-6,36],[12,93],[-50,85],[-40,116],[28,-185],[30,-55],[4,-35],[74,-263],[2,-36],[177,-371],[40,-231],[40,-63],[12,-41],[22,-23],[17,-69],[33,-39],[-36,19],[1,-13],[24,-29],[47,-28],[12,0],[-34,34],[38,-22],[92,-7],[41,-57],[52,-25],[61,-149],[21,-3],[66,12],[154,103],[78,6],[25,-9],[59,20],[28,24],[14,39],[65,27],[113,18],[23,-34],[0,-17],[-15,-16],[7,-15],[27,-25],[65,-6],[22,37],[40,36],[-1,42],[-21,38],[6,41],[-31,-30],[8,25],[117,115],[52,88],[11,166],[49,95],[2,267],[32,198],[41,49],[88,68],[228,61],[100,67],[52,0],[29,21],[30,-5],[128,-58],[55,-11],[21,29],[-6,14],[-26,-9],[-22,12],[4,10],[38,3],[21,17],[22,-12],[30,-57],[21,-18],[2,-82],[11,-37],[-37,-160],[-33,-68],[-39,-54],[-48,-121],[-11,-56],[6,-106],[-6,-16],[-29,-20],[-25,-62],[0,-19],[11,-18],[53,13],[-3,-35],[-11,-26],[-43,-40],[1,-41],[8,-4],[17,31],[11,-1],[1,-13],[-36,-215],[-20,-63],[-7,-91],[-22,-78],[-7,2],[-19,74],[-19,18],[-4,18],[11,89],[-5,49],[-10,-2],[-30,-50],[0,-34],[-24,-75]],[[22210,47538],[-40,2],[-15,-13],[-15,-68],[-54,-143],[-22,-22],[-37,37],[-20,-12],[-7,-69]],[[22000,47250],[-442,1],[-1,-247],[-101,1],[22,-24],[83,-146],[64,-70],[19,-63],[0,-23],[52,-53],[-10,-100],[3,-39],[-312,-2],[-114,-348],[0,-16],[32,-72],[-21,-48],[-6,-64],[6,-56],[-18,-64]],[[21256,45817],[-139,260],[-87,136],[-181,265],[-111,102],[-9,1],[-4,-27],[57,-35],[40,-37],[6,-19],[-114,74],[-46,6],[-5,12],[23,38],[-15,16],[-34,-28],[-1,34],[-16,24],[-9,-1],[-31,-49],[1,-12],[57,-22],[-3,-8],[-81,-15],[-80,-88],[-75,-38],[-107,-86],[-72,-18],[-72,33],[-91,80],[-138,25],[-93,105],[-92,43],[-59,101],[-35,5],[-107,52],[-83,24],[-81,88],[-199,123],[-130,137],[-25,45],[-27,16],[-39,83],[-38,52],[-73,-2],[-117,47],[-179,115],[-63,135],[-51,85],[-120,115],[-129,96],[-41,111],[-43,63],[-47,118],[-22,111],[-24,69],[7,22],[24,27],[40,6],[28,30],[2,39],[-18,37],[-40,10],[-4,14],[66,136],[7,163],[-54,56],[-53,162],[1,149],[-35,131],[-148,250],[-40,110],[-89,190],[-37,59],[-164,200],[57,-49],[8,4],[-4,52],[-74,22],[-32,33],[-14,35],[-2,39],[-64,131],[34,-28],[25,7],[-4,14],[-78,56],[-78,83],[-13,18],[-9,50],[-58,-26],[-10,32],[23,16],[21,47],[0,16],[-29,-40],[-46,-21],[-26,18],[-20,41],[-10,134],[55,119],[20,-23],[-24,45],[-14,78],[-50,78],[-66,-4],[-33,79],[-13,86],[-81,37],[-24,31],[-24,39],[-28,97],[-6,48],[21,92],[-55,23],[-40,-12],[-48,34],[-39,65],[-46,118],[-50,38],[-64,155],[-53,85],[-15,110],[-38,35],[-8,82],[-39,81],[-40,116],[-21,138],[-56,154],[-13,62],[6,64],[-8,48],[3,12],[8,-7],[7,12],[-1,40],[-44,34],[-61,17],[-34,22],[-2,54],[-31,39],[-46,31],[-13,-45],[-35,-8],[-97,99],[-36,19],[-58,55],[23,-45],[12,-67],[-14,-48],[-8,-167],[29,-86],[14,-85],[17,-113],[-4,-118],[24,-95],[36,-55],[7,-29],[47,-42],[103,-161],[51,-116],[11,-77],[28,9],[15,-59],[28,-6],[27,-126],[54,-38],[1,-58],[17,-37],[-3,-51],[15,-42],[3,-74],[44,-74],[54,-59],[11,-77],[23,-70],[45,-48],[-1,-49],[30,-55],[5,-71],[27,-46],[13,3],[-29,77],[-1,47],[7,7],[54,-75],[6,-57],[18,-31],[2,-44],[32,-124],[0,-85],[10,-62],[34,-95],[28,-20],[34,-168],[33,-65],[17,-56],[2,-34],[-14,-88],[19,-109],[27,-55],[30,-14],[14,-36],[16,41],[-6,49],[15,17],[58,-74],[51,-104],[24,-59],[9,-62],[40,-28],[22,-52],[-9,-116],[-10,-24],[-79,-105],[-24,-15],[-20,3],[-19,49],[-23,148],[-44,115],[-65,58],[-98,161],[-93,98],[-64,100],[-29,-6],[-11,56],[-55,74],[-13,89],[17,195],[-3,37],[-11,25],[-1,60],[-13,64],[-49,132],[-68,45],[-88,117],[-24,59],[-9,100],[-28,-68],[-37,2],[-42,-33],[-25,31],[-34,77],[-37,9],[-28,52],[-54,23],[-27,26],[-23,94],[-110,133],[-10,47],[113,-26],[29,6],[36,33],[0,-42],[39,-46],[17,2],[-16,22],[-10,46],[4,39],[-23,-5],[-3,11],[20,35],[22,91],[11,90],[-24,78],[-39,55],[-152,272],[-56,33],[-123,144],[-18,79],[-14,11],[-2,151],[-10,24],[-34,24],[-16,171],[-56,73],[-9,102],[-80,158],[-2,59],[-13,16],[24,10],[1,41],[-55,64],[-16,88],[-36,64],[-16,83]],[[22538,48341],[-12,-14],[-7,48],[10,48],[12,27],[40,12],[2,-12],[-45,-109]],[[17801,48914],[-7,-36],[-19,14],[-8,60],[11,6],[14,-16],[9,-28]],[[16732,47656],[-15,-9],[-21,27],[6,21],[12,15],[18,-54]],[[16816,50400],[7,-48],[-29,34],[-10,49],[25,-17],[7,-18]],[[16189,52175],[-26,20],[-56,92],[-21,46],[-1,70],[19,-5],[22,-33],[10,-64],[42,-16],[11,-110]],[[15701,51744],[-3,-14],[-41,29],[22,52],[-3,53],[10,11],[20,-86],[-5,-45]],[[16420,52154],[-18,-103],[-19,2],[-38,33],[-5,20],[15,120],[11,16],[34,15],[20,-103]],[[14957,52127],[-10,-17],[-28,91],[0,23],[8,11],[13,-3],[0,-22],[16,-39],[1,-44]],[[22593,48751],[4,-21],[-13,38],[9,-17]],[[21389,47628],[-27,-10],[-5,10],[55,44],[13,-8],[-36,-36]],[[17001,50027],[-18,22],[-3,63],[23,-71],[-2,-14]],[[15817,53338],[-23,18],[1,19],[18,-15],[4,-22]],[[16687,50847],[1,-21],[-9,11],[-22,-71],[10,89],[22,16],[-2,-24]],[[16542,50134],[-3,-21],[-73,81],[38,3],[38,-63]],[[16455,50200],[-5,-5],[-20,51],[-3,35],[-30,26],[18,71],[16,146],[6,-27],[-15,-168],[33,-129]],[[57557,30465],[-30,-12],[-35,4],[-16,33],[12,10],[5,77],[24,37],[7,39],[15,26],[20,3],[32,-98],[-2,-50],[-32,-69]],[[39590,46384],[0,197],[17,138],[93,413],[12,150],[-13,278],[-31,211],[-23,66],[-41,57],[-9,34],[35,21],[16,45],[-34,-17],[39,137],[18,194],[-30,82],[-24,104],[-24,25],[-8,-46],[-14,13],[-62,198],[-12,13],[-17,-33],[-12,-103]],[[41492,51401],[455,-485],[479,-519]],[[42426,50397],[-429,0],[41,-645],[42,-654],[76,-1199],[75,-1195],[65,-125],[-37,-345],[-446,0],[-441,0],[-38,13],[-4,66],[-19,-23],[-4,-73],[-120,-37],[-114,29],[-69,-7],[-48,-120],[-13,1],[-123,207],[-11,6],[-63,-93],[-16,-79],[-11,-110],[-17,-47],[-39,-62],[-43,28]],[[39629,48079],[-16,-43],[-9,45],[20,61],[12,7],[-7,-70]],[[47122,55156],[-8,-15],[-23,1],[-21,22],[0,46],[24,-9],[28,-45]],[[47061,55232],[-14,-7],[-18,21],[20,7],[12,-21]],[[42426,50397],[379,-444],[318,-376],[396,-469],[353,-417],[5,-125],[30,-45],[78,-69],[18,-78],[59,-47],[70,-10],[45,-81],[112,-47],[64,-47],[17,-26],[0,-101],[13,-65],[-36,-115],[3,-20],[33,-40],[35,-11],[200,68]],[[43647,45978],[-110,64],[-41,-20],[-11,21],[-21,8],[-54,-13],[-70,-100],[-107,-85],[-49,-52],[-67,-22],[-21,-115],[-13,-12],[-84,46],[-31,-20],[-47,-67],[-23,-54],[-12,-72],[2,-47],[-8,-14],[-72,4],[-13,-165],[-55,-43],[-79,84],[-22,12],[-26,-9],[-24,-33],[-43,-82],[25,-105],[0,-37],[-62,-54],[15,-39],[-2,-107],[-38,-80],[-28,-35],[-98,-47],[-44,-62],[-1,-63],[15,-71],[-5,-64],[-23,-107],[-35,-39],[8,-119],[-16,-151]],[[42257,44012],[-42,3],[-36,-19],[-46,-85],[-39,16],[-11,21],[12,53],[-17,142],[-40,-23],[1,-50],[-34,12],[-22,31],[-8,-34],[4,-82],[-5,-19],[-63,-3],[-10,-39],[6,-34],[-12,-14],[-21,27],[-63,24],[-5,35],[-7,1],[-20,43],[-40,-6],[-37,-83],[-17,-22],[-26,-11]],[[41659,43896],[4,30],[-8,40],[-54,51],[-9,21],[-14,116],[5,64],[-8,42],[-33,25],[-32,-27],[-15,9],[25,74],[34,56],[6,27],[-64,65],[-11,45],[-27,24],[1,110],[-55,210],[-42,35],[-43,-7],[15,-62],[-6,-30],[-31,-12],[-42,-38],[-13,-44],[-10,-5],[-126,80],[-46,-32],[-51,-105],[-14,7],[-48,127],[-18,1],[-49,-80],[-23,-5],[-48,81],[27,90]],[[61375,40859],[-5,-1],[-2,18],[10,9],[-3,-26]],[[61398,41268],[-9,3],[11,33],[-2,-36]],[[68323,42178],[57,-30],[47,-136],[62,-95],[47,-53],[28,-51],[77,-245],[13,-200],[-12,-182],[-14,-92],[3,-42],[19,-66],[-6,-62],[3,-196],[23,-69],[67,-86],[98,-375],[17,-106],[-9,-41],[-18,-10],[-15,21],[-9,51],[-23,41],[2,-74],[-42,10],[-29,-12],[-36,-51],[-17,-2],[-29,95],[-153,136],[-43,82],[-98,90],[-62,88],[-26,55],[-63,48],[-28,57],[-26,31],[14,55],[-13,106],[-45,96],[-22,67],[-42,67],[-33,83],[19,25],[-32,89],[-11,64],[0,122],[-35,172],[-29,239],[5,83],[-7,90],[-55,201]],[[72070,41271],[-30,9],[-42,47],[-43,16],[-124,1],[-18,14],[-24,-27],[-43,24],[-25,-4],[-27,-28],[-39,25],[-19,-41],[-25,-27],[-27,-111],[-5,-134],[5,-82],[-13,-46],[-5,-93],[-10,-42],[-34,-17],[-16,14],[-31,-58],[-8,-23],[-1,-91],[24,-29],[0,-20],[-51,-75],[-44,-44],[-7,-39],[18,-80],[-8,-37],[-23,-19],[-18,-103],[-28,-72],[-31,21],[-117,-29],[-35,-54],[-33,-33],[-27,32],[-13,-3],[-109,58],[-5,50],[-11,8],[-113,-3],[-70,-53],[-26,-129],[-38,-14],[-27,-44],[-49,5],[-30,-12],[-48,21],[-45,3],[-144,-83],[-112,164],[-94,166],[-5,71],[-15,13],[-8,40],[22,57]],[[70146,40331],[22,-74],[35,-41],[60,-29],[57,10],[79,-76],[26,-12],[27,5],[50,-57],[30,-2],[-40,39],[-7,32],[4,33],[26,46],[4,71],[24,105],[-15,25],[0,80],[8,24],[27,-31],[22,8],[0,110],[17,48],[52,48],[95,27],[149,68],[61,40],[111,254],[116,220],[15,78],[-1,55],[20,21]],[[71220,41456],[39,-51],[24,-94],[22,-3],[38,-91],[9,-11],[11,6],[29,58],[9,43],[-7,6],[14,49],[-12,31],[-11,111],[68,80]],[[71453,41590],[0,-91],[19,-132],[45,-17],[9,13],[-12,33],[-3,78],[-31,116]],[[71480,41590],[57,15],[35,50],[15,64],[-27,26],[-11,34],[-1,36],[45,83],[5,-23],[28,-7],[14,1],[19,34],[10,49],[34,69],[19,108],[87,172],[61,199],[7,6],[13,-17],[5,-54],[-15,-97],[30,23],[52,136],[25,-13],[15,-115],[77,-72],[20,-71],[0,-35],[-19,-32],[7,-86],[-7,-27],[-28,-24],[77,24],[45,49],[27,-83],[-44,-33],[10,-36],[41,21],[25,30],[26,-7],[39,-34],[11,-19],[8,-41],[29,-14],[59,-57],[64,-7],[11,-46],[-11,-65],[-22,-26],[-53,-34],[-58,-26],[-29,2],[-41,22],[-30,-13],[-18,-70],[34,-70],[57,-73],[8,-18],[-11,-36],[-131,-57],[-27,6],[-49,35],[-29,-75]],[[68836,40640],[-18,-2],[-4,17],[13,46],[9,-61]],[[67884,41763],[-6,-12],[-18,7],[3,72],[10,9],[23,-25],[-12,-51]],[[67777,42276],[17,-46],[-13,-28],[-10,7],[-19,-21],[-24,67],[25,-3],[24,24]],[[71965,42584],[-14,-23],[-5,64],[21,33],[28,7],[1,-58],[-7,-15],[-24,-8]],[[68133,40752],[-12,-8],[1,28],[9,15],[2,-35]],[[70572,40501],[-7,-6],[-12,16],[-3,133],[8,12],[11,-26],[3,-129]],[[72145,41277],[-57,-7]],[[72088,41270],[3,35],[11,6],[43,-34]],[[55592,33994],[24,-90],[73,-190],[57,-424],[15,-304],[19,-90],[31,-92],[10,-104],[-19,-107],[-27,-100],[-20,-45],[-28,27],[-18,42],[-31,151],[-36,4],[-19,-32],[12,-243],[28,-79],[2,-101],[-7,-51],[-18,-44],[8,-49],[-42,-50],[-35,-136],[-3,-47],[14,-141],[-4,-101],[-28,-191],[-108,-523],[-75,-407],[-62,-391],[-43,-216],[-58,-242],[-32,-262],[-48,-281],[-11,-106],[-45,-150],[-48,-249],[-34,-85],[-74,-74],[-83,-11],[-55,-25],[-134,-131],[-24,-14],[-73,-4],[-22,12],[-73,92],[-113,47],[-22,48],[-54,53],[-30,156],[-58,149],[-6,245],[5,49],[14,44],[-6,47],[-31,150],[-42,85],[-10,41],[-22,179],[6,197],[36,126],[15,127],[72,78],[27,137],[80,213],[26,103],[14,98],[11,216],[-51,155],[-2,146],[-30,104],[-16,95],[-7,212],[-17,98],[9,83],[107,301],[1,182],[12,31],[105,19],[76,99],[12,-6],[17,-33],[35,23],[27,-3],[15,67],[10,11],[111,33],[37,-73],[21,-9],[10,13],[-24,37],[-3,43],[14,50],[21,38],[99,124],[14,5],[13,-11],[8,-91],[17,8],[9,57],[-10,67],[45,91],[18,77],[21,28],[6,-4],[8,-46],[-17,-78],[12,-6],[12,7],[35,109],[25,47],[46,-16],[-37,56],[-9,77],[54,180],[-27,66],[13,64],[24,29],[36,-48],[16,-6],[37,80],[52,49],[42,69],[30,188],[-32,161],[4,14],[24,-8],[7,8],[67,158],[14,0],[11,-20],[13,-49],[42,-86]],[[55303,33586],[0,-16],[-32,7],[-5,54],[16,2],[3,23],[10,3],[10,-49],[-2,-24]],[[55689,32035],[-28,-81],[8,68],[32,97],[9,7],[-21,-91]],[[49006,57987],[58,-91],[61,-49],[26,-96],[15,-15],[-21,-177]],[[49145,57559],[-32,-2],[-15,-67],[-29,-17],[-49,-8],[-53,16],[-46,-12],[-15,-11],[-37,-69],[-49,-35],[-42,16],[-19,-17],[-87,-7]],[[48672,57346],[-8,23],[-46,1],[-8,10],[-13,58],[-21,29],[-19,64],[-10,109],[16,23],[-2,58],[14,73]],[[48575,57794],[32,-8],[7,8],[13,87],[68,43],[20,2],[35,-33],[11,38],[14,15],[42,12]],[[45076,61409],[-2,-39],[23,-52],[29,-33],[40,-18],[-1,-39],[-26,-48],[-8,-64]],[[45131,61116],[-40,20],[-41,-24],[-53,41]],[[44997,61153],[22,47],[-38,71],[5,49],[56,109],[27,-6],[7,-14]],[[48738,63663],[-9,35],[9,48],[-42,157],[-4,113]],[[48692,64016],[147,107],[104,40],[122,-14],[70,10],[22,-7],[18,-25],[37,19],[150,-17],[74,-28],[86,9],[89,55],[15,-5],[40,-87],[144,-42],[102,-91],[48,-64],[75,-36]],[[50035,63840],[-33,-143],[77,-31],[-31,-30],[-11,-32],[-75,4],[-28,-60],[-77,-37],[-33,-88],[1,-67],[-43,-102],[48,-31],[1,-46],[-43,-7],[-15,9],[4,24],[-16,34],[-68,-35],[-33,-35],[-42,5],[-25,-74],[-35,2],[-74,-38],[-31,25],[-110,-17],[-61,12]],[[48656,63673],[28,50],[24,94],[-2,-56],[-36,-92]],[[45902,60160],[20,-72],[-7,-22]],[[46381,53985],[37,-28],[38,-11],[113,-103],[114,-25],[129,50],[61,-40],[72,-14],[78,-36],[86,-87],[161,-53],[22,-34],[22,-67],[1,-83],[33,-137],[50,-102],[101,-71],[160,-21],[137,-59],[117,-67],[29,-33],[58,-33],[116,-158],[65,-55],[45,-11],[41,10],[102,87],[72,137],[24,72],[10,50],[-3,52],[-43,157],[-9,115],[12,79],[36,97],[60,93],[61,65],[107,86],[87,10],[52,61],[49,-13],[84,4],[219,-131],[9,-75],[-5,-51],[43,-51],[124,-24],[81,-66],[134,3],[47,-14],[35,-44],[31,-100]],[[49686,53316],[-72,-141],[6,-120],[23,-124],[-3,-43],[-20,-97],[-43,-112],[67,-447],[0,-788],[0,-787],[0,-787],[0,-787]],[[49402,47987],[-464,415],[-464,415],[-464,415],[-544,486],[-244,-197]],[[46493,49750],[-111,348],[-199,104],[-71,-28],[-34,46],[-33,87],[-22,114],[-6,124],[-134,322],[-7,35],[17,82],[89,95],[6,35],[3,95],[-14,30],[-10,56],[-12,126],[41,199],[-14,113],[-10,226],[6,179],[-9,92],[-40,201],[-80,210],[51,50]],[[41104,43161],[33,16],[12,-6],[8,-34],[68,48],[12,-37],[12,13],[40,-61],[18,-192],[18,-89],[-3,-58],[-20,-68],[49,-17],[35,-71],[38,26],[17,-5],[37,102],[7,71],[12,13],[20,-5],[3,-23],[19,-29]],[[41539,42755],[12,-18],[34,-194],[-1,-41],[-8,-78],[-65,-129],[15,-18],[22,-2],[39,-63],[21,-12],[53,-2],[23,-23],[22,-114],[16,-24],[67,-34],[13,-128],[-7,-32],[0,-67],[-13,-39],[-6,-56],[-15,-12],[-5,-113],[5,-191],[6,-15]],[[41767,41350],[-28,7],[-145,97],[-211,204],[-59,82],[-218,366],[-35,39],[-43,20],[-46,43],[-15,68],[-107,98],[-53,96]],[[52275,54088],[-58,-77],[-6,13],[-11,-9],[-9,-58],[-20,-19],[-73,4]],[[52098,53942],[121,415],[9,95],[38,83],[42,48],[0,36]],[[48692,64016],[-8,83],[14,247],[68,85],[26,133],[65,110],[200,67],[23,-57],[118,-119],[36,-102],[88,-52],[68,16],[110,106],[-15,272]],[[49485,64805],[191,84],[36,-29],[6,23],[124,-79],[47,-13],[75,-104],[39,-25],[18,-6],[104,34],[54,-31],[40,-4]],[[50412,64048],[-28,-5],[-33,-25],[-62,-71],[-16,-50],[-126,14],[-25,-8],[-31,-45],[-56,-18]],[[69635,45887],[-13,-17],[-12,-45],[-30,13],[-45,-77],[-19,4],[-22,-43],[-38,3],[-68,107],[-35,-54],[-32,9],[-14,-46],[-45,-12],[35,-129],[-14,-56],[-39,1],[-40,71],[-51,31],[-44,-20],[-25,39],[-15,64]],[[67843,48347],[15,119],[16,62],[19,29],[58,12],[14,16],[-25,27],[3,31],[19,29],[22,84],[13,27],[41,24],[37,45],[15,43]],[[68090,48895],[14,-20],[-6,-50],[8,-11],[10,-82],[71,17],[40,-37],[23,27],[-19,45],[3,225],[-32,71],[-19,116],[23,32],[12,59],[17,14],[25,-47],[25,23],[19,0],[25,-27]],[[60777,57959],[-13,19],[0,21],[27,52],[5,33],[56,87],[40,22],[23,-7],[59,23],[125,-27],[116,-53],[24,-34],[104,-25],[31,-36],[20,-5],[-17,81],[32,179],[14,20],[66,37],[15,27],[48,0],[15,20],[148,-115],[133,-62],[65,-9],[37,51],[12,3],[162,-9],[116,24],[60,-26],[137,-8],[54,-16],[121,3],[88,-40],[58,1],[19,-49],[54,-80],[120,-30],[69,-98]],[[63020,57933],[9,-57],[-7,-12],[-91,-16],[-18,-43],[-114,-51],[-206,-160],[-20,-20],[-4,-40],[-54,-89],[-74,-9],[-57,-28],[-144,20],[-19,-6],[-20,-19],[-40,-88],[-20,-89],[-24,-56],[-39,-43],[-14,35],[-25,-24],[-37,-2],[-32,-30],[-47,1],[-29,140],[-77,-64],[-31,-11],[-67,13],[-8,-24],[7,-44],[-37,-8],[-65,-76],[-101,-41],[-38,-107],[17,-97],[-20,-39],[-46,-17]],[[54864,52194],[91,194],[58,203],[45,34],[75,8],[82,-50]],[[55215,52583],[6,-64],[33,-116],[-42,20],[-59,-99],[29,-11],[37,8],[13,-13],[32,-165],[38,-95],[25,-96]],[[55286,52426],[-23,-6],[-24,82],[26,79],[39,-86],[-2,-38],[-16,-31]],[[48575,57794],[3,61],[-22,92],[-59,51],[-43,91]],[[85486,40814],[-20,-12],[19,21],[1,-9]],[[85456,40780],[-18,-17],[-5,9],[33,18],[-10,-10]],[[85498,40252],[1,-10],[-21,53],[20,-43]],[[85501,40195],[-9,-2],[8,15],[-1,28],[5,-14],[-3,-27]],[[85502,39887],[13,-18],[-24,-60],[-5,3],[23,53],[-18,27],[11,-5]],[[85859,39091],[-8,-12],[-5,80],[-18,24],[23,-22],[8,-70]],[[85923,38912],[2,-23],[-15,57],[13,-34]],[[85503,40031],[-7,-2],[39,16],[-32,-14]],[[1885,37466],[9,-2],[-9,-4],[-3,7],[8,7],[-5,-8]],[[1329,37394],[3,-9],[-10,17],[7,-8]],[[6065,37651],[-14,18],[16,7],[-2,-25]],[[6834,34429],[-6,-5],[-1,26],[7,-21]],[[5846,36977],[-13,-3],[-3,11],[16,-8]],[[5488,40256],[40,-51],[-17,-3],[-42,24],[-39,50],[12,11],[23,-35],[17,44],[-31,36],[12,-2],[29,-24],[-4,-50]],[[5004,41162],[19,-37],[-4,-18],[-20,8],[13,10],[-12,19],[-6,-15],[-7,11],[17,22]],[[2011,38230],[14,-19],[3,-20],[-17,13],[14,-9],[-8,26],[-14,6],[8,3]],[[52136,41850],[-1,-35],[15,-21],[35,24],[67,-33],[11,-29],[2,-53],[-11,-91],[2,-62],[63,-149],[214,-25],[286,-334],[126,-22],[149,-53],[66,-10],[39,54],[45,119],[223,185],[91,-135],[44,-9],[136,15]],[[53653,38700],[-35,-76],[-29,-34],[-39,-16],[-27,14],[-10,-46],[-15,14],[7,-75],[-5,-33],[-19,-29],[-2,-25],[-41,-64],[-58,-7],[-44,-58],[-10,-58],[3,-87],[-19,-102],[-30,-44],[-31,-99],[-11,-92],[-79,-303],[-28,-64],[-21,7],[-16,-37]],[[53523,38497],[-9,-4],[5,25],[26,32],[11,-7],[-3,-21],[-30,-25]],[[56308,57753],[-8,141],[38,143],[5,56],[-10,90],[-25,26],[-53,-9],[-22,30],[-26,5],[-28,-13],[-15,9],[-48,102],[-21,24],[-77,7],[1,135],[-57,117],[-57,195],[-35,31],[-86,26],[-13,14],[-6,46],[11,53],[27,18],[109,3],[46,-44],[31,-12],[49,17],[40,-4],[-27,31],[-30,7],[-61,85],[-12,48],[8,26],[51,62],[10,47],[30,56],[30,-6],[47,24],[168,3],[117,-37],[41,-6],[29,11],[-28,33],[-60,39],[-15,33],[65,174],[22,98],[-6,97],[-11,27],[26,85],[-25,82],[-37,43],[-105,16],[-34,-42],[-49,-29],[-31,32],[-64,14],[-32,42],[-106,35],[-62,-30],[-82,-70],[-39,-1],[-28,-37],[-102,-87],[-130,-34],[4,-48],[-19,12],[-19,-22],[6,-22]],[[64743,60955],[-66,11],[-39,-9],[-19,-18],[-19,-48],[7,-35],[-10,-71],[-41,-74],[-69,-33],[-125,-30],[-30,-80],[-24,-126],[15,-185],[20,-68],[-3,-36],[-42,-84],[-61,-12],[-53,-56],[-55,-34],[-29,62],[-79,10],[-79,-11],[-73,22],[-126,73],[-25,9],[-15,-10],[-13,-96],[-101,-354],[-58,-247],[2,-33],[69,-42],[3,-57],[-25,-74],[-61,41],[-78,-25],[-38,28],[-7,38],[-16,16],[-204,-96],[-52,-1],[-140,-53],[-45,-54],[30,-38],[63,5],[55,-41],[-25,-26],[-6,-45],[0,-199],[72,-234],[12,-60],[-8,-51],[15,-16],[13,-49],[-8,-27],[-33,12],[-55,-37],[-1,-31],[39,-27],[-2,-17],[-70,-33],[-11,-28],[-10,-47],[24,-172],[-13,-19]],[[55749,59101],[-22,-11],[-24,47],[7,47],[21,16],[-17,-58],[14,-29],[21,-12]],[[55780,59152],[-9,-6],[-5,28],[10,24],[13,3],[-9,-49]],[[56354,59345],[-21,7],[-10,20],[13,24],[12,-5],[6,-46]],[[52985,54068],[69,-385],[-18,-9],[14,-73],[50,20],[11,-47],[-36,-52]],[[52059,52307],[6,88]],[[52065,52395],[23,186],[18,72],[-1,122],[73,312],[-10,43],[12,109]],[[52180,53239],[12,84],[15,41],[-7,96],[10,111],[-5,69]],[[52205,53640],[5,108],[9,18],[43,23]],[[75896,55309],[-11,-16],[-21,5],[-12,24],[4,26],[22,21],[20,-41],[-2,-19]],[[77100,56018],[-29,4],[14,10],[10,51],[0,10],[-18,1],[0,37],[14,36],[48,68],[-12,-105],[29,-5],[-19,-71],[-37,-36]],[[76274,54470],[-26,-38],[-23,3],[-15,37],[40,79],[42,31],[-25,-64],[7,-48]],[[75230,52706],[-28,-10],[-15,11],[-14,53],[27,35],[35,-34],[7,-10],[-12,-45]],[[75312,52764],[-21,-4],[-1,25],[17,57],[2,42],[27,69],[6,-16],[-7,-65],[-23,-108]],[[75100,53568],[-20,-16],[-10,22],[14,21],[-10,24],[8,77],[38,8],[8,-88],[-28,-48]],[[74905,54397],[-16,-17],[-7,27],[7,77],[30,-16],[-14,-71]],[[74931,54499],[-5,-21],[-24,28],[15,66],[-1,37],[30,36],[7,-17],[-1,-48],[-22,-54],[1,-27]],[[74756,53811],[10,-12],[32,2],[14,-48],[-26,-7],[-9,-22],[-14,8],[-11,25],[4,54]],[[75172,53653],[-22,-2],[-12,19],[30,28],[23,-5],[-19,-40]],[[77761,59310],[-9,-28],[-15,86],[20,-7],[4,-51]],[[77815,59216],[-17,-3],[-19,19],[-3,23],[15,18],[28,-30],[-4,-27]],[[77376,57885],[-12,1],[0,51],[30,15],[-18,-67]],[[76133,54556],[-24,-27],[-17,42],[35,6],[11,-5],[-5,-16]],[[77370,54662],[-3,-21],[-13,5],[-5,37],[13,1],[8,-22]],[[74856,53835],[-6,-5],[-14,54],[10,8],[18,71],[10,-56],[7,-5],[-17,-28],[-8,-39]],[[74956,54003],[-29,-21],[22,68],[26,13],[-19,-60]],[[75030,54233],[-17,-18],[-12,14],[10,52],[14,-12],[5,-36]],[[75704,54394],[-7,-18],[-22,6],[20,37],[9,-25]],[[75628,54319],[12,-15],[32,1],[-21,-29],[-37,12],[0,33],[14,-2]],[[75011,53317],[-7,-8],[4,34],[20,31],[2,-20],[-19,-37]],[[78031,51108],[-19,46],[13,-5],[10,-27],[-4,-14]],[[78427,58777],[68,-6],[92,-67],[56,-10],[38,24],[114,154],[7,-3],[-4,-42],[-55,-158],[-6,-46],[9,-45],[49,-157],[35,-11],[46,48],[38,-1],[-51,-42],[-28,-51],[-39,1],[-103,-77],[-70,-23],[-105,11],[-55,-40],[-94,-124],[-37,-79],[-24,-87],[-4,-60],[-19,-36],[-30,9],[-146,104],[-159,140],[-108,-14],[-102,-90],[-67,94],[-55,1],[-32,-54],[-5,-62],[48,-71],[50,-7],[101,-136],[-36,-30],[-45,10],[-38,25],[-41,-63],[-25,-67],[-28,-28],[-30,-14],[-15,4],[-22,63],[27,147],[-12,68],[-39,54],[-15,38],[6,134],[8,29],[54,37],[77,97],[13,42],[-22,51],[-1,60],[23,15],[81,-58],[77,-11],[38,8],[19,35],[9,45],[-3,115],[60,164],[4,108],[24,96],[5,102],[-15,98],[-33,95],[20,107],[39,17],[27,31],[115,-169],[114,-199],[98,-120],[129,-123]],[[75364,54169],[46,-14],[53,36],[27,-22],[4,-44],[-42,-100],[87,-8],[-12,-60],[24,-31],[-9,-32],[24,-24],[-2,-17],[-65,-126],[-18,-56],[-48,-255],[0,-93],[-30,-117],[-64,14],[-9,-26],[15,-53],[-47,-63],[-52,-43],[25,112],[-21,135],[22,20],[-5,36],[-29,5],[-24,-68],[-4,-70],[26,-59],[-14,-39],[-94,50],[-13,50],[36,19],[6,66],[-32,74],[1,141],[31,23],[18,33],[60,175],[-35,17],[17,34],[-5,43],[-26,52],[-14,62],[-35,37],[-27,-32],[11,-40],[1,-71],[36,1],[9,-43],[-5,-23],[-23,-11],[-23,31],[-24,10],[-69,-88],[15,68],[-34,65],[-2,81],[24,-32],[12,-41],[17,-18],[22,0],[-23,75],[-76,94],[7,47],[12,9],[45,-19],[3,24],[-8,27],[60,37],[23,33],[26,0],[22,16],[29,88],[56,41],[30,-4],[27,-21],[26,-87],[28,-31]],[[76135,54456],[33,-18],[34,5],[0,-80],[15,-51],[-5,-35],[15,-12],[-88,-93],[-32,-74],[-15,-85],[-54,89],[-25,19],[-54,8],[-84,-66],[-34,-121],[-31,-44],[-10,-62],[-25,-38],[-16,-1],[-40,4],[17,61],[-52,7],[-1,40],[-16,22],[12,29],[9,74],[-26,16],[2,44],[-92,-40],[148,154],[34,132],[36,45],[14,-3],[34,-71],[15,3],[38,19],[29,-1],[27,19],[15,52],[-10,47],[25,-3],[59,49],[31,4],[68,-44]],[[77799,57575],[10,-9],[45,23],[-14,-136],[8,-163],[8,-49],[44,-60],[37,-80],[47,-219],[-4,-159],[-18,-140],[-31,-41],[-28,-18],[-27,-93],[-19,-157],[-87,-29],[-36,-83],[-8,-87],[26,-212],[-8,-154],[-8,-50],[-43,-68],[-15,-50],[-25,-101],[-13,-119],[12,-75],[61,-147],[-57,-28],[-44,-66],[-11,-50],[1,-56],[-15,-38],[-71,-63],[-34,-60],[-18,6],[-11,19],[10,23],[-4,126],[20,21],[46,105],[-27,36],[-37,-4],[-11,-20],[-5,-51],[-28,-38],[3,-39],[19,-30],[-16,-45],[-10,-3],[-17,44],[-22,25],[-55,-9],[-27,-54],[-12,-139],[-25,-62],[-21,-30],[-14,-4],[-19,35],[10,121],[25,22],[-20,31],[-25,12],[-34,-17],[-79,-154],[-15,-60],[-51,19],[-106,10],[-116,-35],[3,17],[52,36],[-4,30],[-58,-3],[-17,30],[-7,-8],[2,-41],[-17,5],[-5,107],[11,25],[-23,7],[-27,-29],[-38,-134],[20,-39],[64,-68],[-7,-49],[-75,-28],[-52,-36],[-100,-270],[-53,-32],[-59,29],[-26,74],[-41,77],[-12,48],[2,77],[-8,46],[50,56],[25,57],[1,31],[-15,16],[-75,-10],[-74,59],[-37,2],[-82,-25],[-68,-82],[-126,-41],[-74,-57],[-29,12],[-88,-37],[-57,47],[-26,-12],[-19,-43],[-22,-170],[-98,93],[-64,-14],[-59,-31],[-39,32],[-37,-20],[-7,125],[28,58],[84,8],[62,89],[60,49],[98,129],[87,125],[19,49],[54,41],[84,20],[26,-43],[58,23],[89,-2],[56,14],[59,39],[103,15],[71,37],[22,-11],[-8,-57],[23,-29],[85,-10],[54,46],[47,70],[-18,47],[-4,51],[15,55],[21,47],[50,61],[82,166],[12,92],[-7,108],[30,81],[116,61],[4,-37],[-45,-68],[-56,-48],[-5,-24],[22,-40],[6,-83],[26,-28],[29,-9],[24,7],[41,80],[195,117],[76,111],[61,163],[88,72],[28,40],[38,177],[68,166],[27,152],[30,80],[7,93],[-2,55],[-15,46],[-12,14],[-33,-3],[-16,18],[3,17],[17,3],[20,25],[25,104],[-21,148],[25,59],[42,19],[19,31],[16,70],[-7,68],[7,18],[10,12],[58,-15],[13,-133],[17,-27],[12,1],[18,43],[15,4],[44,-25],[26,46],[9,50],[-4,46],[-11,16],[-97,-46],[1,51],[14,75],[18,35],[41,-22],[30,-36]],[[73697,50187],[-14,-69],[-24,-5],[-12,39],[8,15],[22,-5],[22,56],[6,-9],[-8,-22]],[[73599,50084],[-50,3],[0,13],[17,13],[5,29],[40,-22],[-12,-36]],[[73976,50286],[-21,-11],[-21,7],[3,61],[13,-29],[26,-28]],[[74658,51124],[-75,-87],[-20,-6],[9,-50],[-14,-4],[-14,-28],[4,-45],[-19,-24],[-18,-1],[0,46],[18,47],[0,56],[22,14],[31,56],[-13,16],[4,28],[33,-23],[13,11],[38,94],[18,-31],[-17,-69]],[[74837,51592],[-10,-9],[-14,12],[-4,50],[6,24],[11,5],[15,-61],[-4,-21]],[[74947,51805],[-21,-35],[-49,53],[20,15],[18,34],[46,16],[43,52],[5,-37],[-61,-70],[-1,-28]],[[74916,51760],[1,-10],[-24,8],[-9,40],[15,-7],[17,-31]],[[77463,53930],[-16,9],[0,21],[24,-14],[-8,-16]],[[24883,47532],[85,-30],[50,-58],[85,-46],[34,-104],[-22,-15],[-54,-6],[-61,32],[7,11],[-26,4],[-22,-55],[-22,2],[-8,21],[-12,-9],[-21,-73],[-38,53],[-98,18],[-28,63],[-19,12],[-20,56],[-61,19],[-11,30],[4,28],[26,43],[58,8],[25,24],[149,-28]],[[46126,59982],[57,-9],[34,-31],[40,1],[34,70],[27,17],[129,5],[95,42],[7,-9],[-16,-34],[5,-22],[57,-101],[189,-57],[129,-24]],[[46917,59422],[16,17],[-38,63],[-17,0],[-22,-27],[-63,27],[-43,-58],[-65,-41],[-64,-36],[-16,2],[26,34],[-11,1],[-53,-44],[-11,-90],[14,-15],[26,-73],[31,-32],[-14,-54],[-19,-20],[-26,15],[-7,-48],[14,-129],[22,-90],[71,-100],[52,-33],[94,-103],[66,-50],[58,-171],[50,-215],[42,-81],[86,-115],[79,-83],[73,-52],[57,-10],[136,12],[49,-19],[5,-36],[-9,-25],[-57,-60],[-4,-47],[28,-34],[130,-89],[134,-75],[90,-96],[116,-82],[20,-39],[70,-85],[33,-66],[6,-51],[-35,-124],[-30,14],[-34,36],[-52,151],[-113,26],[-34,26],[-19,45],[-36,5],[-25,-24],[-62,-141],[-34,-121],[-2,-49],[18,-48],[55,-27],[71,-86],[2,-107],[12,-61],[-18,-35],[-36,9],[-48,-21],[-33,-40],[-14,-37],[4,-97],[-7,-37],[-64,-70],[-55,-135],[-80,-1],[-19,41],[-1,62],[14,38],[29,18],[21,79],[-7,58],[23,43],[54,20],[3,80],[-25,36],[-20,145],[-41,120],[-39,159],[-26,27],[-70,8],[-83,74],[-6,31],[14,29],[-9,41],[-26,70],[-18,17],[-103,-30],[29,56],[-37,37],[-64,0],[1,25],[-46,114],[-30,47],[-16,8],[-28,-10],[-74,25],[-38,-20],[-59,72],[-52,27],[-135,207],[-65,61],[-41,91],[-83,59],[-37,-15],[-9,12],[19,18],[-4,34],[-55,89],[-33,29],[-23,58],[-47,14],[2,103],[-18,73],[-31,63],[-18,148],[-14,42],[-34,32],[-77,35],[-107,96],[-126,45],[-52,-33],[-133,-206],[-124,-48]],[[45409,58624],[-2,43],[47,95],[-10,36],[-77,-12],[-85,63],[-16,24],[-14,77],[28,73],[17,17],[-9,48],[-62,42],[-25,64],[-1,22],[15,11],[37,-3],[57,45],[16,63],[-86,157],[3,32],[53,49]],[[46112,58226],[9,-27],[-3,-37],[-20,21],[-50,-8],[-1,29],[56,6],[9,16]],[[46970,57282],[-17,2],[1,23],[22,-10],[-6,-15]],[[46513,55552],[-11,-5],[-15,15],[1,27],[19,-9],[6,-28]],[[47367,56193],[-83,-191],[-32,-143],[4,-54],[27,-40],[-13,-15],[29,-68],[0,-18],[-37,-53],[-7,-90],[-54,16],[-28,-6],[-66,39],[-33,76],[-54,58],[-58,-2],[-132,109],[-46,57],[-31,12],[-28,28],[-69,11],[-28,33],[-22,66],[28,102],[28,24],[17,33],[40,-65],[36,21],[2,21],[25,26],[31,0],[15,-4],[8,-24],[98,-64],[63,26],[58,-10],[53,13],[69,53],[79,-6],[92,60],[33,-10],[-14,-21]],[[45927,57360],[42,-168],[-39,-102],[15,-110],[-34,-373],[-19,-11],[-54,34],[-28,-9],[-22,18],[-8,-85],[-14,-35],[-21,-22],[-56,6],[-56,122],[-4,121],[11,35],[1,70],[5,12],[17,-7],[2,46],[-13,26],[-21,9],[0,53],[15,40],[0,71],[-15,26],[-13,66],[-40,66],[-2,52],[10,62],[34,-29],[51,2],[60,43],[43,70],[26,15],[29,50],[14,-24],[41,-23],[39,-58],[-15,-38],[19,-21]],[[45648,56565],[-14,-44],[-15,31],[2,34],[27,-21]],[[45601,57429],[-8,-20],[-11,1],[15,45],[13,10],[5,-9],[-14,-27]],[[52205,53640],[-17,3],[-29,46],[-41,12],[-31,-32],[-26,-132],[8,-108],[-9,-32],[7,-10],[17,9],[18,-9],[19,-30],[-62,-64],[-19,-90],[9,-20],[47,6],[84,50]],[[52065,52395],[-17,-34]],[[52048,52361],[-59,313],[-32,112],[-69,334]],[[51888,53120],[25,37],[1,31],[42,71],[-11,26]],[[51945,53285],[48,136],[31,132],[28,183],[46,206]],[[51888,53120],[-11,50]],[[51877,53170],[68,115]],[[42089,63148],[14,-32],[-36,-3],[-10,-30],[50,-159],[-2,-93],[30,-193],[-35,-82],[-11,-86],[-31,-62],[-29,-25],[34,-43],[-58,-25],[-53,9],[-26,-22],[-19,40],[-9,-37],[-126,-30],[-24,-46],[-60,-25],[-45,-48],[-21,-5],[-35,33],[-29,-1],[18,-42],[-4,-23],[-14,-12],[-79,-33],[-19,-23],[-117,-38],[-40,14],[-67,-24],[-23,3],[30,54],[45,33],[-14,4],[-131,-39],[90,98],[37,22],[-118,-45],[-31,5],[-7,13],[-24,-6],[-9,31],[35,46],[70,46],[8,19],[-116,5],[8,32],[55,33],[47,-20],[40,6],[-33,67],[67,63],[205,58],[-50,33],[-45,-53],[-53,-8],[-40,17],[-49,-33],[-37,-4],[109,111],[17,32],[-16,22],[39,66],[66,24],[24,24],[-51,19],[-91,-5],[-27,42],[-48,-6],[-12,10],[19,22],[-71,8],[9,29],[-16,31],[96,24],[-46,24],[2,30],[79,34],[0,33],[-41,5],[-41,-12],[14,101],[-18,-9],[-11,50],[-28,-14],[1,26],[23,27],[41,-4],[64,18],[59,-4],[41,-39],[35,34],[111,-21],[-19,47],[37,41],[58,29],[24,59],[-79,-15],[-74,32],[94,91],[-4,58],[28,55],[66,21],[61,-4],[-3,28],[24,3],[26,-59],[-24,-66],[43,33],[-9,89],[52,22],[-15,27],[13,2],[84,-56],[-62,-64]],[[41185,63070],[-1,-12],[-27,33],[-49,8],[21,17],[45,-6],[11,-40]],[[54436,55720],[28,-150],[34,-44],[8,-99],[14,-28],[23,-5],[8,-18],[30,-149],[48,-17],[52,-68],[95,0],[25,-22],[-2,-12],[-55,-31],[-10,-29],[-5,-57],[33,-68],[11,-55],[-5,-30],[-52,-44],[-59,-101],[-9,-98],[-34,4],[-15,-74],[26,-87],[-36,-107],[19,-20],[64,-142],[34,4],[-1,-52],[26,-10],[9,-23],[31,-82],[-16,-63],[8,-56],[64,-13],[46,-42],[134,-160],[40,3],[20,-22],[35,-120],[77,-156],[-37,-173],[0,-174],[80,-6],[1,-229],[33,-22],[18,-42],[26,-16],[17,-42],[8,-66],[27,-33]],[[55352,52574],[-22,-11],[-24,9],[-52,36],[-38,-13],[-1,-12]],[[58432,55053],[4,-46],[-22,-89],[-22,-17],[13,-78],[-20,-75],[3,-29],[-30,-64],[-2,-25],[-54,-60],[39,-87],[-59,-5],[-38,-93],[10,-111],[-10,-57],[6,-32],[35,-34],[61,-10],[2,-14],[-86,-161],[0,-35],[65,-355],[-10,-163],[8,-167],[203,-50],[23,-42],[14,-93],[0,-70],[-7,-36],[-228,-426]],[[58511,50488],[-14,-3],[-29,-41],[-181,79],[-19,58],[-18,10],[-27,-55],[-91,31],[-31,-9],[-19,17],[-49,1],[-39,34],[-99,-28],[-60,60],[-65,17],[-79,0],[-65,43],[-34,-17],[-15,32],[-96,29],[-32,108],[-1,53],[-23,93],[-8,135],[-22,99],[-41,81],[-111,48],[-57,-25],[-43,-46],[-71,-26],[-31,-65],[-23,-26],[-32,7],[-129,-123],[-28,1],[-30,36],[-66,47],[-43,15],[-60,-10],[-28,8],[-49,55],[-12,40],[-114,87],[-71,79],[-21,75],[-31,54],[-69,44],[-39,47],[-107,17],[-75,117],[-1,39],[-44,128],[-8,94],[-10,25],[-37,38],[-6,26],[8,59],[-19,23],[-29,14],[-7,28],[1,91],[-117,220],[-23,122],[-22,4],[-104,-79],[-30,44],[-97,89],[-7,18],[12,10],[34,-9],[14,16],[-6,26],[-23,16],[-31,0],[9,-25],[-29,-24],[-7,-30],[7,-91],[-12,-25],[-9,-12],[-39,-3],[-30,-29]],[[54449,56820],[78,-174],[48,-50],[34,-59],[154,-56]],[[54763,56481],[49,16],[42,-3]],[[54854,56494],[16,-1],[72,107],[33,14],[48,70],[70,69],[72,66],[54,15],[79,-124],[-45,-39],[-8,-31],[5,-30],[36,-32],[4,-35],[-12,-17],[-46,-20],[-13,-35],[50,-57],[25,-49],[27,-12],[42,-76],[67,10]],[[55430,56287],[22,-239],[30,-97],[21,-29],[73,-46],[62,-7],[98,-32],[20,-30],[30,-83],[47,-60],[96,-89],[46,-29],[156,-57],[103,4],[383,135],[35,0],[-21,-22],[-36,-12],[22,-16],[49,0],[13,37],[-27,194]],[[57203,51241],[-23,-53],[-34,-43],[-26,13],[-102,-65],[-27,4],[-4,29],[12,-5],[101,72],[5,20],[-6,40],[36,-17],[40,32],[34,9],[16,-22],[-22,-14]],[[73885,35274],[-17,-23],[-9,-44],[-129,-212],[-61,-15],[-77,-71],[-27,-1],[-34,34],[2,24],[24,60],[-28,28],[-2,21],[29,154],[79,120]],[[73734,35415],[32,15],[84,94]],[[77738,35446],[-76,119],[-42,100],[-118,186],[-2,25],[30,94],[-44,-78],[-70,-10],[-63,-28],[-17,10],[-9,26],[-8,55],[-13,-46],[-63,-77],[-10,10],[-9,41],[56,245],[-9,26],[-27,24],[-12,43],[-34,54],[28,22],[48,-12],[28,17],[-31,-5],[-49,28],[-31,29],[-28,59],[-1,11],[64,23],[-33,56],[-7,46],[-63,124],[-34,173],[4,26],[15,20],[-43,16],[11,36],[23,21],[-61,-14],[-6,107],[-42,50],[-12,0],[-19,41],[-110,106],[-6,31],[-21,-20],[-26,29],[-56,13],[-58,33],[-154,126],[-129,39],[-61,-4],[-107,112],[-18,51],[6,54],[44,8],[-31,7],[-51,-25],[-38,30],[-30,-16],[-29,66],[-42,-10],[-17,43],[-44,63],[-11,43],[5,101],[35,85],[-18,5],[-16,-19],[-10,-44],[-2,-78],[-13,-22],[-20,1],[6,-45],[-8,-44],[-22,-51],[-4,-73],[-37,-71],[-68,-15],[-13,17],[-18,47],[-21,107],[29,67],[-10,61],[-19,52],[-98,140],[-71,26],[-20,55],[63,48],[83,-20],[36,-28],[42,58],[33,75],[38,21],[101,-48],[23,-34],[12,77],[37,26],[-1,38],[-26,4],[26,49],[5,35],[-51,-38],[-54,-16],[-64,5],[-63,-25],[-111,24],[-48,-11],[-69,111],[-21,120],[-1,68],[-48,8],[-106,65],[-28,-24],[-30,0],[-14,10],[1,18],[11,44],[35,52],[15,69],[1,67],[132,66],[79,110],[64,43],[56,-2],[56,-25],[150,-135],[121,-8],[33,-46],[-9,-67],[45,-159],[-10,-72],[-27,-85],[12,-207],[9,-50],[65,-229],[7,51],[-2,58],[21,32],[14,-12],[4,-23],[14,-151],[17,-5],[17,16],[3,-87],[15,-63],[29,-36],[52,-16],[57,11],[34,69],[56,84],[38,115],[55,66],[36,136],[110,32],[55,41],[24,35],[-11,81],[165,157],[25,-1],[49,-58],[130,-76],[39,-56],[82,-53],[155,-135],[89,-1],[23,-27],[90,-15],[24,-27],[6,-44],[55,-1]],[[72070,41271],[-19,-17],[-7,-25],[22,-39],[2,-25],[39,-58],[12,-48],[-15,-19],[-20,-4],[-30,41],[-3,-28],[-11,-16],[-96,-2],[27,-14],[44,-72],[9,-28],[-15,-53],[7,-22],[63,-56],[6,-50],[-16,-10],[31,-18],[-14,-27],[35,-34],[25,-90],[43,-98],[-6,-46],[-20,-24],[-19,-43],[-22,-15],[70,-142],[136,-168],[52,-98],[26,-23],[6,-27],[-23,-42],[-33,-21],[-53,-11],[-82,27],[-25,24],[-19,48],[-25,26],[16,-59],[-4,-32],[-10,-26],[-43,-44],[-54,-217],[-14,-245],[21,-101],[3,-95],[-78,-68],[-57,-115],[-22,-16],[-28,18],[-14,61],[-3,-47],[10,-51],[-4,-26],[-48,-64],[-9,-55],[-45,-50],[-14,-32],[36,0],[7,-60],[-7,-57],[-26,-38],[52,-30],[9,-40],[-9,-93],[-19,-12],[-24,7],[-8,-13],[-3,-22],[17,11],[-11,-142],[-10,-25],[-16,-8],[-14,18],[1,-39],[21,-44],[-22,-25],[-26,-73],[-25,-108],[-306,-252],[-16,26],[-5,179],[-19,143],[-20,-46],[-24,16],[-10,15],[-1,20],[11,57],[-26,-55],[-15,3],[-23,33],[-30,-51],[-39,-27],[-22,1],[-17,15],[-6,98],[-20,5],[-45,-27],[-75,137],[-15,-111],[-51,-59],[-39,-34],[-76,34],[-38,-26],[-42,-65],[-23,-10],[-9,8],[0,209],[-15,52],[-16,22],[-17,-38],[-31,1],[-31,17],[-79,-54],[-27,-6],[-15,9],[-9,24],[16,38],[-21,-13],[-26,-36],[-31,57],[-48,-19],[-18,-22],[-11,8],[-39,423],[-5,24],[-28,36],[1,53],[14,44],[3,51],[-13,110],[-10,41],[-37,75],[-25,29],[-56,33],[-29,-3],[-18,30],[3,33],[25,41],[-52,63],[-9,45],[0,56],[18,112],[15,17],[-44,98],[-32,45],[-7,244],[10,97],[42,52],[-29,-6],[16,112],[48,92],[25,95],[61,46]],[[72145,41277],[9,-58],[-45,-22],[-27,52],[6,21]],[[67204,40085],[52,-123],[21,-17],[36,-75],[-14,-152],[-13,-28],[-33,14],[-20,104],[-34,47],[-14,3],[-26,105],[-53,104],[40,0],[27,51],[31,-33]],[[67611,38663],[-22,-2],[-59,76],[-3,32],[-52,149],[18,99],[47,24],[15,-16],[6,-45],[42,-144],[0,-25],[33,-82],[1,-48],[-26,-18]],[[71844,35668],[-31,-91],[18,-29],[-51,-18],[-33,7],[-89,38],[-4,16],[3,20],[39,-10],[11,9],[-3,135],[38,62],[44,40],[59,-34],[18,-24],[4,-22],[-23,-99]],[[71555,35869],[25,-24],[37,-87],[-35,-47],[-55,-44],[-27,-90],[-18,-12],[-13,8],[11,27],[1,31],[-21,55],[-52,63],[-55,22],[-27,51],[-8,42],[1,20],[7,1],[106,-30],[52,53],[71,-39]],[[69278,38711],[28,-87],[11,-141],[38,-121],[110,-47],[-27,-37],[-23,-104],[13,-78],[-29,7],[-72,71],[-60,31],[-15,35],[-7,44],[7,66],[-32,82],[-5,55],[-56,45],[-51,-21],[-51,36],[1,31],[13,25],[44,45],[0,69],[21,35],[30,21],[28,-89],[13,32],[-8,54],[46,13],[28,-38],[5,-34]],[[73428,37448],[4,-119],[-19,44],[-16,-11],[-16,-94],[-4,-77],[2,-21],[17,13],[24,-30],[13,-21],[-4,-27],[-16,-26],[-19,-11],[-17,5],[-38,-116],[-20,16],[-21,-12],[-14,52],[0,24],[44,122],[20,166],[0,94],[23,77],[31,24],[-1,-21],[27,-51]],[[73298,37134],[-20,-53],[-21,3],[-20,21],[-5,-21],[-16,0],[-6,27],[12,80],[16,30],[-15,97],[8,36],[81,64],[9,-24],[5,-114],[-35,-89],[7,-57]],[[69828,41060],[-33,-16],[-20,22],[35,46],[-37,19],[-21,57],[0,27],[59,76],[2,-29],[33,-72],[1,-66],[-19,-64]],[[69801,38129],[-9,-64],[-27,-37],[-19,3],[-9,40],[-20,19],[-9,-33],[-50,-21],[5,37],[-18,90],[11,25],[-2,28],[10,29],[6,73],[42,16],[9,-13],[48,-16],[34,-44],[19,-59],[-21,-73]],[[76383,39157],[70,-16],[19,-20],[35,4],[63,-111],[53,-51],[-17,-34],[-33,-19],[-40,20],[-21,-4],[-18,26],[-23,130],[-24,-26],[-30,42],[-10,-6],[-12,14],[-12,51]],[[76405,38745],[176,-28],[46,-29],[103,-14],[19,-20],[-66,-32],[-95,-9],[-9,15],[-79,47],[-91,37],[-4,33]],[[75276,39441],[52,-16],[61,-48],[15,-61],[-20,-34],[-39,16],[-22,-14],[-48,60],[-30,63],[-15,-2],[4,-25],[30,-65],[20,-3],[13,-20],[-1,-32],[-35,-12],[-12,23],[-3,42],[-33,-31],[-13,44],[-38,2],[-25,23],[12,24],[2,23],[16,13],[17,-11],[17,16],[75,25]],[[74705,40342],[-38,-7],[-9,21],[-10,93],[27,76],[34,44],[32,12],[21,-54],[-16,-110],[-18,-55],[-23,-20]],[[74632,38715],[-22,-23],[-36,12],[-85,-19],[-41,37],[1,24],[15,59],[46,54],[62,-47],[59,-72],[1,-25]],[[74124,38369],[-4,-8],[-15,23],[-18,85],[-10,63],[15,45],[17,-16],[-4,-68],[22,-87],[-3,-37]],[[74116,38658],[75,-14],[-11,-16],[-80,-25],[-116,-11],[-11,1],[-11,42],[33,18],[121,5]],[[73861,38695],[23,-15],[20,21],[10,-9],[2,-29],[15,4],[15,-18],[-1,-29],[-44,-5],[-31,-24],[-42,22],[-76,-50],[-24,1],[-22,64],[13,75],[9,13],[59,10],[74,-31]],[[75401,35937],[-52,1],[2,33],[-8,25],[12,36],[0,43],[13,5],[17,88],[21,21],[45,89],[-1,25],[7,12],[20,10],[14,-11],[9,-25],[-22,-31],[11,-75],[-16,-82],[-60,-107],[-12,-57]],[[74305,36082],[3,-31],[-30,-7],[-28,-23],[-25,-62],[-105,28],[-58,-44],[11,74],[32,67],[57,-19],[36,13],[25,30],[35,16],[28,-39],[19,-3]],[[73766,35875],[6,-27],[36,19],[73,-9],[18,-11],[1,-53],[-8,-12],[-158,-40],[-15,13],[-7,12],[17,40],[-7,19],[9,30],[19,21],[16,-2]],[[75322,38866],[-8,-12],[-30,12],[-15,27],[-27,129],[55,31],[33,-13],[10,-22],[-18,-152]],[[66964,41734],[30,-4],[55,24],[30,-2],[54,-27],[63,12],[24,-13],[87,-143],[22,-95],[60,-108],[6,-41],[-7,-56],[16,-45],[85,-72],[29,-74],[90,-78],[141,-174],[42,-86],[53,-149],[97,-201],[39,-30],[49,-76],[-3,46],[-14,39],[2,45],[26,23],[27,-17],[62,-108],[25,-111],[17,-28],[75,-32],[57,-78],[33,-81],[20,-117],[37,-65],[19,-28],[23,-13],[69,-15],[24,-22],[20,-38],[8,-38],[-14,-33],[-54,-52],[-57,-36],[84,28],[107,103],[34,-15],[47,-84],[28,-106],[-87,-104],[-4,-21],[8,-15],[-10,-39],[22,-24],[4,-22],[-19,-29],[2,-19],[22,-78],[46,-58],[116,-73],[39,7],[38,-290],[-1,-52],[13,-46],[67,-75],[-5,-61],[-43,-86],[-4,-50],[5,-23],[11,-1],[44,79],[23,21],[76,6],[27,-10],[45,-49],[111,-270],[4,-48],[-38,-85],[-14,-89],[2,-51],[19,-45],[-24,-145],[13,-171],[0,-200],[-17,-292],[-16,-62],[-31,8],[-24,55],[-42,54],[-65,-86],[-107,100],[-5,-54],[16,-110],[-20,-5],[-129,227],[-57,134],[-121,138],[-47,74],[-53,55],[-93,140],[-40,80],[-59,162],[-133,190],[-51,157],[-15,35],[-45,61],[-56,149],[-10,46],[2,92],[-89,278],[-48,220],[-104,212],[-46,157],[-105,98],[-19,37],[-88,501],[-49,162],[-123,145],[-70,38],[-23,34],[-27,213],[-48,57],[-102,262],[-41,59],[-67,26],[-19,21],[-52,113],[-59,83],[-99,175],[-36,89],[-54,183],[10,56],[-5,68],[41,28],[56,-9],[51,-41],[45,-72],[26,-25],[87,-29]],[[73332,35668],[-76,-49],[-91,-9],[-62,-50],[-46,-17],[-16,34],[-41,2],[-21,-44],[-33,9],[-38,-17],[-117,58],[-56,-8],[-48,19],[-52,-35],[-24,70],[0,33],[16,89],[22,-7],[64,64],[30,14],[62,7],[34,-35],[63,-20],[105,-93],[25,2],[15,21],[87,31],[72,-74],[14,-2],[27,12],[19,58],[22,29],[60,43],[16,36],[-38,16],[21,41],[17,-6],[15,-20],[7,-78],[-48,-66],[9,-36],[-15,-22]],[[72661,35334],[50,-57],[17,-63],[37,1],[15,-12],[47,-100],[20,-24],[12,-35],[-7,-31],[-25,-44],[-63,-38],[-71,41],[-52,103],[-80,84],[-58,1],[-67,29],[-31,82],[18,35],[64,32],[77,6],[44,-12],[35,34],[18,-32]],[[72232,35797],[12,-17],[11,2],[37,36],[29,-5],[15,-18],[10,-40],[8,37],[24,16],[19,-2],[15,-17],[14,-53],[-1,-45],[22,-47],[-13,-27],[-17,-9],[-25,21],[-38,-14],[2,-18],[20,-15],[-1,-10],[-26,12],[-60,-23],[-12,1],[-7,18],[-5,61],[-46,-73],[-29,-4],[-51,-35],[-31,4],[-83,-49],[-43,-1],[-36,-28],[-66,41],[-4,49],[8,36],[-6,64],[13,58],[29,13],[51,60],[46,-27],[51,1],[14,-15],[5,-33],[16,-21],[23,-56],[40,-7],[32,34],[25,-1],[7,26],[-33,51],[-29,7],[-40,52],[-18,60],[4,24],[40,27],[47,-15],[31,-86]],[[73842,39879],[-47,-74],[-65,-156],[-51,-40],[-112,-32],[-119,9],[-44,70],[-21,3],[-173,-5],[-106,-20],[-79,27],[-122,-25],[-105,38],[-29,-8],[-27,-27],[-38,-78],[-28,-101],[-15,-103],[12,-158],[8,-41],[42,-109],[37,-27],[23,-35],[36,-145],[32,3],[57,-19],[28,30],[31,97],[37,78],[35,48],[14,-4],[25,-38],[57,-3],[30,25],[19,36],[26,16],[147,1],[-14,42],[82,38],[27,-9],[24,-25],[13,-56],[-13,-99],[-19,-10],[-18,11],[-18,41],[-25,16],[-35,-13],[-24,-29],[-72,-167],[-62,-91],[-95,-60],[-34,-75],[-17,-14],[-19,-5],[-43,32],[-9,-19],[-2,-30],[37,-44],[18,-46],[47,-39],[19,-40],[57,-184],[51,-69],[3,-63],[23,-65],[-20,-33],[-16,-151],[19,-32],[25,-20],[35,-63],[8,-18],[-1,-27],[20,-43],[15,-7],[11,20],[12,-5],[13,-72],[-7,-71],[-37,22],[1,-30],[-61,-5],[-87,-52],[-14,-35],[5,-75],[-9,-18],[-29,-7],[-80,39],[-18,34],[-6,44],[13,131],[18,83],[-19,34],[-30,14],[-25,28],[-101,175],[3,51],[36,104],[-1,182],[-15,36],[-27,10],[-54,-10],[-95,-123],[-2,-45],[33,-130],[11,-157],[-13,-63],[-5,-103],[14,-233],[-34,-232],[27,-108],[10,-87],[-29,22],[-87,-16],[-57,-50],[-39,36],[-44,81],[-4,49],[39,191],[-1,59],[19,96],[7,215],[-34,133],[3,77],[-18,35],[-44,0],[-59,-28],[-18,24],[-21,89],[-5,54],[11,100],[-18,91],[75,105],[10,44],[9,106],[36,92],[7,46],[-10,72],[0,111],[48,219],[50,99],[32,-79],[-30,339],[4,16],[12,-2],[12,15],[7,27],[-14,87],[25,91],[30,53],[5,55],[42,74],[10,48],[12,6],[23,-59],[25,-14],[21,16],[36,80],[28,95],[23,26],[29,7],[30,-29],[48,-8],[26,-61],[19,-16],[67,9],[58,-25],[80,-6],[97,-76],[13,2],[16,32],[26,9],[189,-46],[21,5],[83,76],[33,71],[30,20],[16,71],[45,33],[39,89],[10,13],[29,-6],[13,-19],[17,-62],[-28,-54],[-22,-87],[-33,-81]],[[69600,36810],[24,-50],[47,-42],[52,-7],[62,-28],[38,14],[53,-90],[21,-113],[18,-28],[150,-33],[26,3],[24,22],[77,-40],[92,3],[55,-23],[23,22],[15,40],[28,126],[33,41],[33,-5],[51,-110],[39,-6],[48,23],[48,-55],[61,-14],[23,-38],[110,-15],[26,-129],[35,-36],[1,-109],[53,-46],[56,-27],[61,-2],[139,39],[81,-69],[9,-94],[-14,-113],[0,-62],[23,-87],[27,-36],[-2,-37],[-49,29],[-26,39],[-28,-5],[-53,26],[-167,123],[-28,-1],[-111,-53],[-136,38],[-147,8],[-218,68],[-183,141],[-138,54],[-72,0],[-59,17],[-42,-18],[-28,-39],[-130,32],[-53,38],[-37,41],[-63,31],[-158,25],[-43,20],[-11,25],[2,32],[25,81],[-78,55],[-88,36],[-57,-6],[-84,11],[-3,25],[8,22],[23,28],[4,-38],[24,-14],[23,49],[18,88],[13,-12],[19,18],[20,149],[16,44],[34,45],[22,-23],[124,-31],[36,-27],[26,11],[19,29],[8,45],[80,-45]],[[74530,39814],[36,-7],[21,93],[47,50],[-1,70],[16,37],[49,51],[64,24],[7,-90],[-4,-115],[-98,-100],[-10,-31],[1,-32],[33,-41],[52,-39],[11,-19],[9,-65],[29,-24],[21,-39],[-110,78],[-112,35],[-14,-15],[-9,-62],[6,-40],[-6,-68],[22,-131],[27,-104],[40,-108],[41,-71],[-36,10],[-11,36],[-45,36],[-38,124],[-48,80],[-2,121],[7,111],[-38,88],[-4,53],[17,104],[-21,34],[-22,94],[-2,49],[28,95],[-1,46],[24,119],[65,128],[33,27],[-1,-34],[-30,-76],[-5,-50],[30,-58],[0,-162],[-31,-74],[-56,-65],[-5,-34],[24,-39]],[[75020,38187],[56,-49],[95,-5],[46,-62],[25,-115],[25,-12],[21,-66],[-14,-126],[-190,168],[-16,36],[-26,29],[-81,-1],[3,-46],[-13,-9],[-122,56],[-2,37],[-8,6],[-42,-32],[-27,-58],[-30,-7],[-23,15],[-34,76],[-36,37],[-12,-12],[-27,-114],[-12,-27],[-5,5],[7,67],[-13,53],[78,156],[90,10],[54,-6],[48,12],[16,-4],[14,-43],[14,1],[62,63],[13,2],[66,-35]],[[74319,38089],[40,-34],[16,-49],[33,-49],[1,-106],[-36,-17],[-34,-41],[-62,-26],[-114,96],[-39,80],[-7,110],[15,29],[32,-19],[21,20],[60,16],[74,-10]],[[76229,36942],[2,-78],[-10,-29],[9,-44],[1,-53],[-10,-54],[-18,-31],[-48,13],[-69,120],[-1,18],[36,5],[10,77],[-33,56],[10,11],[23,-14],[36,82],[4,38],[15,5],[12,-5],[10,-44],[-3,-18],[13,-10],[11,-45]],[[76178,36619],[-8,-65],[-22,-39],[-22,-74],[-29,-26],[-27,33],[-8,28],[12,130],[21,6],[-17,14],[-2,103],[13,7],[60,-92],[29,-25]],[[77147,35817],[-58,-58],[-103,11],[-45,-14],[-9,11],[45,199],[42,128],[18,33],[52,56],[60,25],[54,-4],[47,-87],[6,-47],[-49,-159],[-60,-94]],[[77234,35766],[-73,8],[-8,27],[28,48],[29,11],[24,-71],[0,-23]],[[68227,40353],[16,-59],[-13,-67],[-28,-32],[-25,7],[-24,74],[2,53],[10,20],[23,-3],[23,29],[16,-22]],[[68401,39877],[-11,-14],[-24,51],[-11,83],[-1,36],[6,22],[25,-22],[20,-49],[-4,-107]],[[68417,40082],[2,-56],[-55,53],[-47,21],[-14,26],[1,21],[4,8],[104,-51],[5,-22]],[[68547,39770],[-5,-17],[-125,65],[-9,15],[13,87],[10,18],[43,-62],[67,-57],[6,-49]],[[68580,39824],[-7,-12],[-12,2],[-48,66],[-45,25],[6,46],[15,2],[51,-42],[17,-23],[23,-64]],[[68609,39680],[-35,3],[12,66],[12,0],[14,-37],[-3,-32]],[[68649,39734],[-5,-6],[-20,56],[10,40],[27,-64],[-12,-26]],[[68788,39960],[16,-19],[12,13],[-18,-77],[-24,10],[-8,25],[6,29],[10,0],[6,19]],[[68924,39976],[2,-33],[13,-16],[4,-24],[-2,-39],[-19,-57],[-18,10],[-5,35],[-13,10],[8,17],[-5,24],[-46,-15],[0,38],[27,34],[34,0],[20,16]],[[68971,39366],[7,-7],[9,22],[39,-62],[-13,-1],[-9,-17],[-52,50],[-32,-16],[-29,25],[12,27],[11,64],[22,-16],[5,-26],[30,-43]],[[68897,39296],[28,-58],[-20,-57],[-5,-7],[-17,13],[-13,-33],[-8,52],[-17,34],[11,34],[15,-8],[26,30]],[[68719,39290],[-32,-15],[-35,11],[4,27],[17,30],[43,-22],[9,-18],[-6,-13]],[[70165,38925],[-48,-45],[-11,3],[-9,16],[12,112],[33,3],[31,-27],[5,-29],[-13,-33]],[[71167,36329],[-46,-3],[-45,-47],[-83,-2],[-88,37],[-9,29],[34,76],[48,8],[220,4],[24,-39],[2,-12],[-48,-27],[-9,-24]],[[76282,38954],[-12,-8],[-13,8],[-13,34],[5,26],[14,18],[13,-18],[4,-23],[9,-1],[-7,-36]],[[74413,39226],[-31,-12],[1,106],[16,11],[24,-13],[-9,-15],[7,-32],[-8,-45]],[[74490,39303],[28,-65],[-19,-63],[13,-34],[36,-2],[18,-51],[-29,-33],[-22,23],[-11,29],[-39,-18],[-6,30],[7,42],[-21,19],[-20,44],[7,71],[11,2],[20,-32],[17,43],[10,-5]],[[75788,36856],[-20,-38],[23,134],[17,27],[26,136],[5,-3],[9,-13],[-13,-100],[-36,-70],[-11,-73]],[[75759,36878],[-15,-42],[-15,15],[0,77],[-13,57],[17,0],[10,-24],[16,-55],[0,-28]],[[74662,37832],[-20,-26],[-12,1],[1,24],[-9,-4],[-32,-37],[-11,12],[-2,20],[22,43],[25,6],[35,33],[16,-2],[-13,-70]],[[74309,41210],[-26,-6],[-2,23],[27,82],[-22,37],[8,90],[14,-5],[12,-25],[14,-83],[-18,-48],[-7,-65]],[[74028,40949],[-6,-14],[-30,25],[2,39],[-15,58],[3,22],[18,-28],[28,-102]],[[75288,35797],[-21,-14],[59,114],[38,-18],[-32,-35],[-33,-15],[-11,-32]],[[75040,35956],[-14,-40],[-16,3],[-29,54],[4,50],[49,-7],[6,-60]],[[74552,35893],[67,-16],[5,-15],[-23,-37],[-49,28],[-9,31],[9,9]],[[75165,38702],[3,-26],[14,-24],[-10,-43],[9,-30],[-19,-5],[-23,-29],[-27,-7],[-10,16],[-50,18],[-36,52],[62,48],[87,30]],[[68387,37041],[-20,-1],[-42,70],[10,16],[11,-1],[42,-34],[8,-17],[-9,-33]],[[67917,38048],[9,-64],[-29,44],[-3,50],[-31,56],[-6,73],[5,15],[11,1],[51,-96],[2,-50],[-9,-29]],[[67863,38241],[-17,-35],[-29,1],[-4,75],[-7,17],[5,37],[6,7],[46,-75],[0,-27]],[[67776,38416],[1,-12],[-59,49],[-16,42],[8,60],[12,4],[16,-20],[38,-123]],[[67440,39210],[-14,-20],[-22,20],[29,134],[-25,98],[22,-7],[31,-105],[-21,-120]],[[66957,40477],[-30,5],[-77,98],[-20,1],[-31,26],[-23,74],[14,13],[8,27],[22,-12],[24,-48],[26,-17],[18,-35],[58,-64],[11,-68]],[[73152,37059],[-15,-11],[-29,50],[-13,41],[16,49],[-2,21],[12,11],[13,-2],[8,-28],[10,-8],[5,-27],[-5,-96]],[[73435,38930],[6,-28],[-9,-24],[10,-44],[24,59],[23,8],[23,-22],[5,-22],[-9,-48],[-15,-23],[-20,-4],[-9,28],[-13,3],[-10,-61],[-15,-18],[-12,27],[14,27],[-8,83],[-63,-124],[-19,68],[5,65],[19,45],[73,5]],[[73109,39264],[10,-19],[-6,-23],[-30,6],[-25,-16],[23,52],[28,0]],[[72785,36683],[-10,-74],[-12,125],[3,134],[7,44],[17,-85],[-5,-144]],[[71538,36388],[-20,-8],[-18,16],[5,40],[42,9],[32,-43],[-30,-1],[-11,-13]],[[71762,37748],[-51,-82],[-8,21],[4,83],[-14,51],[11,106],[13,52],[37,39],[-2,-63],[14,-161],[-7,-26],[3,-20]],[[73372,34662],[-30,4],[-2,39],[7,21],[52,28],[49,79],[26,19],[11,-77],[-26,-21],[-23,-47],[-64,-45]],[[73696,35792],[-34,-88],[-20,-9],[-12,47],[-21,-2],[21,57],[13,0],[10,-20],[31,71],[16,-12],[-4,-44]],[[73608,35817],[-34,-12],[-21,-54],[-17,1],[-18,-64],[-15,15],[-19,-24],[-20,23],[-24,2],[59,92],[-20,18],[33,7],[18,-12],[42,44],[36,-36]],[[73461,35781],[-5,-19],[-66,1],[2,26],[24,36],[21,9],[28,-15],[-4,-38]],[[76222,36573],[-14,-5],[-6,36],[11,9],[12,-22],[-3,-18]],[[68643,39902],[1,-24],[-16,6],[-11,28],[15,28],[11,-38]],[[68741,39794],[1,-13],[-22,25],[2,27],[19,-39]],[[68840,39808],[-15,-12],[-19,39],[3,17],[28,-24],[3,-20]],[[68949,39469],[2,-11],[-22,26],[-26,60],[11,-4],[35,-71]],[[69336,40826],[0,-30],[-17,18],[-4,33],[6,11],[11,-6],[4,-26]],[[69209,40697],[-10,-1],[-3,13],[-4,76],[35,-38],[-18,-50]],[[69966,40716],[-12,-23],[-12,15],[24,49],[0,-41]],[[69982,38733],[-28,-19],[-8,42],[18,12],[19,-11],[-1,-24]],[[69624,38172],[-10,-11],[-6,10],[2,28],[20,-3],[-6,-24]],[[69481,38126],[-17,-4],[-17,35],[13,15],[27,-15],[-6,-31]],[[71304,36317],[-3,-18],[-13,4],[-11,29],[20,7],[7,-22]],[[70894,36896],[-5,-15],[-23,1],[-4,17],[15,32],[10,2],[9,-12],[-2,-25]],[[69086,36533],[-15,-10],[-17,21],[17,30],[17,10],[4,-17],[-6,-34]],[[67168,40353],[-1,-11],[-25,46],[-29,26],[12,7],[33,-14],[9,-22],[1,-32]],[[66690,41990],[-4,-12],[-15,6],[-15,40],[5,7],[29,-13],[0,-28]],[[73529,38696],[-17,-3],[-11,13],[1,64],[10,14],[21,-54],[-4,-34]],[[73443,37640],[-24,-52],[-17,2],[-19,35],[-6,52],[13,21],[45,-7],[9,-19],[-1,-32]],[[73589,38586],[5,-18],[-15,1],[-5,51],[15,-34]],[[73421,38646],[-18,-36],[7,50],[7,6],[4,-20]],[[72528,35612],[-19,2],[4,39],[-6,26],[10,21],[6,49],[9,-20],[16,-4],[2,-16],[-5,-30],[-22,-37],[5,-30]],[[72433,35832],[-10,-1],[-3,18],[4,18],[15,9],[9,-26],[-15,-18]],[[71594,35599],[-7,-15],[-24,39],[19,20],[13,-19],[-1,-25]],[[72090,40881],[-3,-15],[-20,35],[-3,46],[21,2],[11,-13],[-6,-55]],[[73639,36825],[-3,-21],[-17,36],[1,26],[12,-10],[7,-31]],[[73536,37132],[-1,-44],[-10,3],[-9,42],[4,9],[16,-10]],[[72845,36323],[-32,1],[-2,43],[36,-20],[-2,-24]],[[72066,35776],[-16,8],[0,72],[13,14],[29,2],[1,-18],[-27,-78]],[[71791,37925],[-8,-76],[-15,43],[24,61],[-1,-28]],[[74443,39789],[-8,-14],[-8,5],[-3,32],[15,2],[4,-25]],[[76139,38512],[-7,-7],[-3,20],[9,29],[12,-11],[-11,-31]],[[75944,37582],[13,-23],[-70,56],[-3,26],[60,-59]],[[75299,39102],[-18,-38],[-104,-26],[20,40],[79,8],[-1,21],[24,-5]],[[75231,39211],[-39,18],[37,31],[16,-23],[-14,-26]],[[74970,39361],[-10,-2],[-9,26],[-24,29],[-15,48],[56,-80],[2,-21]],[[74463,39440],[-1,-14],[-13,24],[8,55],[6,-65]],[[74455,39724],[-12,-3],[3,48],[14,-5],[-5,-40]],[[74425,39100],[-2,-9],[-32,18],[12,62],[12,-1],[10,-70]],[[74770,37888],[-2,-24],[-23,6],[-8,34],[2,7],[31,-23]],[[74731,37872],[-41,-24],[15,54],[20,-11],[6,-19]],[[74285,41141],[1,-18],[-15,41],[-6,50],[25,-54],[-5,-19]],[[74317,41094],[-13,7],[-5,26],[6,6],[13,-20],[-1,-19]],[[73967,40605],[-2,-10],[-9,52],[7,25],[13,-18],[-10,-25],[1,-24]],[[75559,36286],[-2,-21],[-21,37],[-33,22],[42,5],[14,-43]],[[74757,36295],[-11,-12],[-23,33],[24,29],[11,-20],[-1,-30]],[[74454,36102],[-15,-10],[4,58],[25,-8],[-3,-29],[-11,-11]],[[73485,34927],[-22,-15],[0,32],[17,41],[15,14],[9,-24],[-22,-14],[3,-34]],[[73114,34802],[-13,-6],[-31,20],[40,52],[31,-4],[-4,-35],[-23,-27]],[[76247,36623],[-6,-4],[0,22],[14,30],[8,0],[-16,-48]],[[76211,36484],[-4,-6],[-6,23],[16,38],[9,1],[-15,-56]],[[74592,38156],[-12,-37],[-25,7],[37,30]],[[74500,37990],[5,-19],[-24,12],[-10,19],[16,15],[13,-27]],[[73379,35698],[-8,-26],[-14,7],[11,40],[19,21],[19,4],[15,-16],[-30,-8],[-12,-22]],[[62255,54830],[182,169]],[[62437,54999],[23,-21],[36,14],[-8,-100],[77,-283],[83,-39],[64,-72],[8,-22],[1,-33],[-53,-61],[-6,-33],[13,-89],[5,-136],[75,-120],[5,-23],[-7,-53],[24,-46],[7,-107],[-3,-89],[-23,-10],[-14,-39],[-36,-13],[-36,48],[-17,57],[-70,-18],[-5,-16],[26,-133],[57,-113],[-10,-96],[27,-53],[-18,-64],[7,-16],[-3,-49],[11,-13],[44,15],[9,37],[24,-5],[56,-130],[37,-49],[17,-20],[56,9],[69,-82],[17,4],[11,-14],[-1,-84],[119,-67],[73,-78],[6,-31]],[[64934,51657],[0,28],[8,7],[69,27],[36,36],[55,-38],[11,-61],[-24,-152],[4,-40],[30,-50]],[[65123,51414],[-37,-61],[24,-48],[5,-46],[70,-64],[45,14],[52,-23],[15,-15],[0,-19],[38,-7],[87,23],[20,41],[34,18],[51,-40],[44,-11],[132,8],[34,33],[22,-26],[38,-2],[41,22],[38,1],[18,26],[-20,81],[22,84],[-22,70],[-60,-3],[-36,50],[-4,23],[13,66]],[[65787,51609],[84,-13],[30,34],[36,15],[40,-8],[32,24],[34,48],[-11,32],[14,37],[81,80],[20,32],[32,100],[100,26],[24,18],[51,57],[11,44],[23,7],[43,74],[80,73],[27,-26],[9,-34],[55,-12],[95,-49],[31,50],[0,24],[125,106],[23,-29],[26,-59],[29,1],[-4,-17],[-53,-56],[4,-70],[6,-5],[45,51],[21,11],[36,-126],[-45,-69],[-28,-86],[26,-19],[10,17],[42,24],[42,-41],[49,-13],[23,14],[60,-67]],[[67165,51809],[-5,-57],[9,-25],[-1,-40],[-90,-105],[-21,-49],[6,-65],[49,-121],[0,-21],[-16,-6],[-20,14],[-54,87],[-131,-31],[-31,-19],[-38,-75],[-107,-127],[-81,-70],[-17,-54],[-2,-56],[4,-68],[16,-66],[-29,-56],[-5,-62],[-11,-31],[-39,-79],[-29,-27],[-21,-61],[-7,-45],[30,-34],[8,-39],[-30,-124],[-71,-195],[-39,-195],[-13,-2],[-95,59],[-46,-15],[-33,44],[-8,-4],[-4,-18],[26,-149],[-6,-151],[-10,-111],[-10,-24],[-35,1],[0,-55],[-21,-83],[21,-157],[-3,-56],[-26,-21],[-19,-79],[-27,3],[-20,41],[-20,12],[-14,-53],[-14,-14]],[[66015,49075],[-20,310],[-31,107],[-7,173],[-21,157],[-15,-3],[-8,20],[-26,-19],[-28,3],[2,-79],[-36,-63],[-8,-33],[4,-79],[-19,-44],[-18,-11],[-26,24],[-18,72],[-16,-1],[-1,-54],[-13,13],[-37,244],[17,114],[25,43],[8,33],[38,-1],[49,50],[29,-13],[7,8],[19,71],[27,8],[9,15],[30,159],[0,48],[52,-14],[11,24],[-5,18],[-63,73],[-38,25],[-138,-12],[-45,16],[-207,-9],[-147,60],[-9,36],[7,248],[-37,119],[-21,-12],[2,-50],[-10,-29],[-20,-10],[-24,10],[-44,44],[-19,42],[-10,77],[-12,14],[-16,1],[-7,-16],[14,-39],[-3,-16],[-34,1],[-35,17],[-1,27],[-14,34],[-49,62],[-12,-3],[-6,-26],[22,-30],[1,-30],[-70,-123],[-16,-88],[15,-33],[26,-10],[26,-40],[34,-71],[22,-18],[43,-2],[12,-54],[30,-33],[2,-14],[-15,-29],[-18,-8],[-87,6],[-20,-100],[-15,-35],[-39,15],[-31,-126],[30,-62],[19,-11],[15,8],[27,-40],[59,-27],[20,-23],[-6,-119],[-32,-144],[12,-44],[30,-60],[-9,-63],[5,-17],[49,-29],[-19,-64],[17,-180],[32,-156],[0,-80]],[[65162,49125],[-6,-68],[-19,0],[17,-45],[8,-79],[-35,-1],[-12,41],[-6,-37],[-21,-34],[-12,34],[-1,31],[12,120],[-8,22],[-12,5],[-4,24],[-18,-127],[8,-52],[-4,-24],[-34,-20],[-38,63],[-8,-59],[-32,6],[-16,25],[34,196],[-49,55],[-13,47],[5,-52],[48,-58],[-51,-130],[-30,-43],[-36,-32],[-115,-48],[-24,-19],[-36,-60],[-23,-56],[-4,-57],[23,-159],[9,-19],[-51,-124],[-3,-46],[-61,-62],[-30,-72],[-32,20],[17,-28],[-8,-31],[-171,-99],[-19,2],[15,25],[-1,50],[-12,9],[-11,3],[-51,-60],[-21,-60],[5,-12],[46,37],[16,-9],[1,-14],[-52,-52],[-111,-168],[-19,-70],[-142,-294],[-109,-98],[-111,-202],[-53,-64],[-93,-83],[-57,-78],[-18,-70],[18,-67],[-8,-52],[-16,-46],[-28,-33],[-92,-68],[-88,16],[-28,-12],[-37,-165],[-25,-35],[-12,-54],[-37,3],[-11,45],[-32,12],[-64,-45],[-22,-36],[-47,-169],[-11,-110],[30,-261],[-2,-57],[-14,-60],[47,-318],[-36,100],[-23,-47],[12,-34],[43,-40],[13,-34],[-28,-294],[-21,-104],[-39,-95],[-30,-108],[-25,-181],[10,-57],[-25,-58],[26,11],[12,-62],[-2,-383],[-42,-10],[-33,13],[-34,-11],[-18,-21],[-15,-36],[1,-61],[-63,-155],[-14,-51],[-5,-49],[24,-53],[62,-21],[20,-15],[13,-26],[-48,28],[-56,6],[-136,-72],[-55,-94],[-16,-166],[-16,-56],[-70,-85],[-45,-26],[-16,-23],[-53,29],[-57,75],[-124,258],[-20,113],[-16,33],[-19,94],[-20,208],[24,-44],[8,-125],[20,-2],[-27,169],[-30,45],[-6,27],[1,50],[-68,256],[-48,253],[-48,150],[-51,111],[-28,44],[-61,222],[-43,225],[-24,259],[-41,165],[-29,197],[-105,254],[-15,102],[-21,40],[32,0],[-39,77],[15,37],[-24,-1],[-13,23],[-17,71],[-32,80],[-34,178],[-24,324],[-21,144],[1,42],[-39,208],[-19,210],[-10,29],[6,60],[26,106],[-8,58],[-17,-61],[-16,-17],[-8,45],[2,97],[42,-10],[-48,38],[-8,38],[11,30],[-18,26],[-14,111],[10,108],[42,213],[3,48],[-20,194],[-29,27],[-17,85],[27,44],[-29,-4],[48,69],[73,57],[-66,-28],[-72,5],[12,79],[26,41],[-43,2],[7,80],[62,32],[-53,20],[-32,-13],[-66,10],[29,-36],[-7,-43],[-8,-27],[-36,-48],[-14,-42],[33,-22],[9,-20],[12,-29],[-1,-57],[-58,-165],[-150,-125],[-90,-57],[-35,-11],[-39,11],[-57,44],[-109,149],[-69,143],[-135,213],[-44,90],[-10,40],[4,42],[16,23],[19,-9],[36,-58],[66,54],[25,-2],[18,27],[22,-6],[45,43],[42,10],[63,174],[18,14],[-6,39],[-13,-6],[-23,-60],[-21,14],[-33,-11],[-109,-82],[-104,39],[-102,90],[-42,60],[-54,167],[8,25],[79,98],[-68,-46],[-37,-57],[-27,-9],[-17,114]],[[66334,42436],[-15,-35],[-29,110],[-12,7],[-1,52],[7,21],[33,23],[9,-13],[18,-102],[-10,-63]],[[66296,42667],[-23,-42],[-10,25],[23,41],[10,-24]],[[66152,43058],[8,-16],[-14,3],[-12,24],[8,33],[10,-44]],[[66226,42895],[-19,0],[-14,38],[6,19],[10,5],[14,-31],[3,-31]],[[66248,42974],[-14,-15],[-5,65],[9,23],[9,-4],[-5,-24],[6,-45]],[[66067,43447],[-11,-3],[-6,15],[-1,18],[12,17],[11,-31],[-5,-16]],[[65998,44069],[-7,-15],[-25,11],[-4,89],[23,51],[15,13],[15,-84],[-17,-65]],[[66044,44431],[-12,-9],[-12,11],[10,18],[1,36],[12,-21],[1,-35]],[[66051,44498],[-5,-10],[-8,12],[-22,78],[-11,68],[18,34],[17,106],[27,15],[-2,34],[-15,23],[1,81],[9,56],[-5,49],[17,43],[5,54],[-5,17],[12,83],[0,56],[16,56],[33,26],[4,-63],[-15,-29],[14,-37],[-2,-13],[-14,-58],[-14,-11],[-15,-53],[19,-41],[6,-136],[-14,-38],[-17,-7],[4,-91],[-32,-103],[12,-52],[-8,-103],[-10,-46]],[[66122,44718],[11,-60],[-26,45],[15,15]],[[66050,45081],[-8,-29],[-1,61],[7,10],[5,-5],[-3,-37]],[[61291,43067],[-11,-2],[14,23],[-3,-21]],[[39830,68468],[73,13],[94,54],[62,0],[-76,-43],[-50,-69],[26,-29],[28,-10],[38,6],[16,-27],[-4,-40],[-33,-59],[105,10],[15,-56],[-35,-37],[74,30],[57,-12],[36,-36],[28,7],[12,-13],[-12,-53],[-33,-19],[40,-35],[-28,-36],[48,-30],[-10,-39],[-62,-19],[0,-57],[-46,-53],[-22,-11],[-60,13],[-22,-110],[-110,-77],[-79,-10],[-140,-52],[-196,-137],[-284,-67],[-32,-77],[-32,-18],[-42,15],[7,-25],[-104,-29],[-145,16],[-128,41],[-101,9],[-72,57],[6,27],[26,7],[-13,18],[-57,-30],[-19,24],[-36,5],[-63,37],[11,20],[-14,5],[-72,-38],[-292,-13],[-22,83],[11,29],[46,-41],[78,21],[78,62],[47,74],[50,13],[-44,9],[-74,-37],[-25,0],[37,34],[-24,9],[12,45],[87,49],[-20,9],[-104,-50],[-53,40],[18,45],[-53,30],[-213,12],[-114,-37],[-50,54],[24,23],[139,17],[37,21],[22,-15],[77,35],[46,-9],[171,10],[23,25],[5,36],[-63,-28],[-88,15],[-26,17],[161,109],[-39,20],[-74,-5],[-19,24],[-62,14],[-41,-9],[-21,15],[-242,-76],[-78,35],[-56,6],[-5,11],[55,39],[95,-34],[-38,34],[-20,71],[45,-5],[71,-38],[80,31],[-102,14],[-31,29],[23,16],[52,-2],[-61,61],[10,22],[73,-20],[-40,37],[35,32],[37,-6],[58,-36],[10,-45],[50,0],[22,25],[15,-6],[11,-70],[16,17],[26,1],[0,71],[-122,63],[21,17],[91,6],[-49,32],[-104,0],[42,40],[125,0],[247,-177],[-27,-25],[51,-32],[-16,-67],[-20,-20],[-49,12],[47,-39],[2,-22],[22,-3],[-16,-46],[49,-23],[24,-68],[46,131],[33,31],[30,12],[32,-37],[22,-3],[24,65],[0,137],[36,30],[44,-23],[92,-109],[38,-14],[26,135],[130,47],[138,-131],[33,-66],[10,42],[-52,115],[4,28],[95,-6],[86,-78],[96,105],[76,-35],[86,32],[14,36],[-28,74],[71,33],[64,-4],[66,-68],[2,-32],[39,-25]],[[48173,59573],[-58,-11],[-32,-49],[-42,-19],[-134,16],[-24,17],[-24,38],[-72,36],[-17,35],[-73,78],[-16,37],[-86,71]],[[47492,59981],[39,48],[48,15],[10,51],[-13,10],[-5,34],[11,21],[-5,56],[43,21],[14,39],[-9,32],[-53,28],[41,34],[47,-32],[68,13],[-9,57],[28,74]],[[22442,45131],[1,46],[-19,19],[-21,65],[2,34],[-27,14],[-26,-11],[-25,17]],[[22327,45315],[18,23],[2,14],[-13,16],[17,128],[-21,34],[-46,-4],[-39,47],[-80,-59],[-8,55],[-47,23],[-100,148],[-12,-4],[-46,25]],[[21952,45761],[18,50],[28,33],[2,27],[-14,87],[19,90],[44,35],[177,253]],[[22226,46336],[24,-12],[62,78],[42,14],[20,-1],[32,-52],[49,19],[91,-31],[37,14],[97,-5],[42,44],[60,30],[-13,31],[49,-9],[73,-45],[77,8],[47,31],[79,-46],[21,-36],[16,-3],[16,15],[-23,19],[63,-22],[120,-183],[-50,50],[-33,-12],[3,-40],[41,-3],[41,-76],[41,20],[13,-20],[9,1],[-13,31],[-30,32],[7,1],[67,-56],[19,-71],[32,-38]],[[22664,46620],[-38,-34],[-13,1],[47,49],[44,6],[-40,-22]],[[22797,46657],[-18,-25],[-4,11],[9,23],[22,13],[-9,-22]],[[26210,48084],[17,-101],[-9,-88],[25,-54],[-40,-77],[18,-58],[-2,-53],[-30,-53],[-32,-7],[30,-79],[27,-33],[6,-31],[-7,-102]],[[26213,47348],[-43,65],[-28,19],[-107,-4],[-32,-20],[-59,-10],[-123,43],[-62,-9],[-25,-17],[-19,-30],[-4,-28],[-11,-7],[-48,76],[-81,57],[-14,46],[21,76],[39,17],[89,-39],[42,-4],[23,-19],[195,-38],[22,14],[19,37],[59,10],[6,44],[-72,96],[-40,78],[17,26],[-6,48],[15,88],[-84,74],[-83,21],[-11,28],[9,37],[45,34],[82,19],[58,-12],[101,-68],[94,-21],[13,9]],[[25962,47672],[-4,-31],[-62,37],[-51,46],[3,25],[25,6],[25,-15],[64,-68]],[[25996,48225],[10,-11],[-4,-12],[-78,33],[41,13],[31,-23]],[[29059,43189],[43,-76],[20,-15],[4,17],[18,-7],[113,-126],[94,-149],[73,-148],[8,-32],[-1,-126],[-25,-85],[-7,-149],[-15,-49],[20,26],[6,77],[37,98],[28,12],[77,-40],[90,-148],[17,-51],[47,-27],[28,-41],[10,-35],[5,-93],[-7,-148]],[[29915,40294],[-20,-16],[-12,7],[-54,-18],[-42,18],[-26,40],[-48,-22],[-23,-24],[-33,-80],[-60,-11],[-45,-23],[-13,-56],[-26,-1],[-8,13],[-40,18],[-14,-47],[-26,-19],[4,-40],[-6,-27],[-42,-2],[-24,-32],[-18,-2],[-26,45],[-64,31],[-74,142],[-31,20],[-1,42],[-21,26],[0,163],[-32,39],[-26,144],[6,131],[34,157],[-6,105],[43,49],[31,103],[-46,128],[9,68],[-32,41],[-76,25],[28,91],[10,150],[-21,27],[-15,42],[-25,8],[-22,-26],[-30,-5],[-47,15],[-22,-8]],[[40269,44997],[-1,-35],[15,-50],[-8,-73],[-13,-22],[-22,0],[-23,-21],[-1,-16],[51,-74],[1,-120],[-53,-31],[-76,-2],[-45,-46],[-56,-21],[-23,-45],[-40,-146],[-24,-58]],[[39951,44237],[-12,31],[9,58],[-10,-1],[-20,-47],[-10,-1],[1,55],[-24,-2],[-19,29],[0,51],[10,27],[-30,6],[12,39],[42,33],[44,11],[-12,28],[-26,11],[-44,-32],[-22,48],[9,52],[12,13],[50,-1],[26,19],[6,24],[-27,-18],[-60,7],[-52,-55],[-41,-24],[-30,10],[10,59],[-4,8],[-10,9],[-43,-19],[-33,27],[-13,33],[2,40],[18,41],[-46,-15],[-67,66]],[[39692,44289],[-20,-6],[-10,30],[41,37],[4,-35],[-15,-26]],[[39745,44299],[-3,-11],[-14,1],[6,59],[11,-49]],[[39786,44358],[0,-18],[-13,9],[6,32],[9,15],[14,-7],[-16,-31]],[[39828,44499],[-3,-10],[-14,8],[21,37],[13,7],[-1,-29],[-16,-13]],[[39743,44468],[-11,-14],[-18,19],[14,53],[12,-4],[3,-54]],[[39723,44650],[-13,-53],[-15,5],[-12,46],[40,2]],[[40375,43408],[6,54],[-31,63],[-10,46],[-32,54],[-29,-3],[8,45],[-1,60],[-10,33],[3,34],[-16,-26],[-16,8],[-32,36],[-17,34],[-5,41],[-30,-5],[-63,52],[-44,132],[4,95],[-20,-34],[-24,107],[-27,16],[-9,-11],[-12,-62],[-9,1],[-10,13],[2,46]],[[41659,43896],[-35,-61],[-5,-22],[5,-209],[25,-43],[33,8],[-5,-99],[19,-16],[15,-31],[-39,-45],[-3,-84],[40,-29],[16,-34],[9,-103],[-3,-14],[-11,-1],[-20,41],[-55,12],[-39,-6],[-6,-11],[-5,-89],[28,-32],[22,-5],[8,-11],[2,-29],[-29,-92],[3,-47],[-28,-89],[-48,19],[-14,-19]],[[22000,47250],[-18,-842],[83,-1]],[[22065,46407],[71,-56],[16,38],[-14,44],[88,-97]],[[21952,45761],[-14,6],[-38,-18],[7,-65],[-30,-25],[-19,-47],[-30,-14],[-42,-62],[-14,-30],[2,-43]],[[21774,45463],[-93,72],[-31,12],[-130,-1],[-56,28],[-107,104],[-101,139]],[[28647,44707],[-16,-2],[17,78],[13,23],[13,-6],[-5,-75],[-22,-18]],[[49901,57292],[-7,18],[-37,33],[-87,19],[-42,24],[-18,-4],[-36,27],[-75,-60],[-27,5],[-49,34],[-23,-15],[-36,-56],[-37,-27],[-77,11],[-5,-31],[33,-59],[-12,-27],[9,-27],[40,-5],[44,-35],[31,-79],[-44,58],[-60,34],[-22,4],[-23,-16],[-1,-20],[59,-75],[8,-39],[-13,-26],[-27,25],[-41,88],[-58,18],[-10,-19],[12,-47],[58,-68],[-11,-15],[-56,29],[-17,43],[-4,56],[-100,80],[-11,40],[17,44],[-27,-5],[-44,-37],[3,-56],[-17,-109],[5,-36],[59,-103],[35,-104],[30,-32],[31,-58],[23,-81],[-26,-31],[-16,-1],[-8,14],[10,55],[-41,32],[-17,-11],[-20,-21],[11,-39],[20,-61],[24,3],[-64,-59],[-50,-5],[-6,-11],[109,-54],[28,-33],[28,-3],[28,-59],[49,-16],[28,-60],[68,-34],[14,-59],[9,-160],[-10,-43],[-12,0],[-95,146],[-19,11],[-19,-19],[-55,-14],[-38,-36],[27,-36],[12,-77],[48,-18],[22,-61],[-79,-46],[-15,13],[-1,33],[-19,18],[-59,46],[-12,-19],[10,-66],[21,-44],[50,-192],[-4,-91],[29,-87],[-43,35],[-49,113],[-16,4],[-26,-6],[-29,-93],[0,-53],[-15,13],[-12,16],[0,83],[-35,79],[-16,9],[-21,55],[-30,-17],[-5,-82],[-10,-29],[-38,55],[-37,96],[-1,52],[27,48],[-3,34],[-26,67],[-59,56],[-10,47],[-36,34],[-3,17],[44,59],[23,75],[35,-14],[27,4],[40,67],[31,-3],[71,-58],[75,-33],[59,-58],[30,-10],[-7,41],[55,9],[15,27],[-8,19],[-76,25],[-100,90],[-25,-36],[-86,24],[-119,-40],[-34,73],[-7,-50],[-29,-12],[-17,17],[-29,118],[-29,54],[-23,14],[-2,29],[2,23],[28,6],[53,-20],[9,12],[-8,47],[-47,3],[-35,-12],[-16,11],[-59,96],[-41,32],[-26,96],[-46,71]],[[48439,56845],[31,-20],[28,7],[14,52],[19,3],[-17,77],[23,30],[48,15],[12,15],[37,144],[34,21],[20,57],[-18,67],[2,33]],[[49145,57559],[58,-7],[20,28],[96,1],[59,30],[32,2],[11,29],[80,-1],[24,13],[26,-49],[44,-38],[17,17],[36,-13],[62,-53],[129,38],[34,-8],[51,32],[2,60],[-19,66],[10,23],[23,8],[29,-12]],[[50342,55463],[-5,-7],[-13,30],[19,15],[-1,-38]],[[48587,56264],[3,-50],[17,-10],[22,-45],[-6,-31],[-38,21],[-20,-6],[-17,56],[-24,-24],[13,69],[7,8],[11,-16],[9,6],[11,63],[12,-41]],[[48653,56011],[26,-42],[-21,10],[-21,-29],[-28,34],[-21,49],[18,33],[16,-34],[31,-21]],[[48605,56363],[-32,-11],[9,78],[24,36],[7,-19],[-8,-84]],[[48622,56241],[-12,-5],[-21,71],[19,-13],[14,-53]],[[48457,56724],[6,-24],[-53,37],[-18,54],[-39,62],[0,18],[46,23],[21,-20],[3,-12],[-22,-35],[14,-21],[12,-65],[30,-17]],[[49265,56517],[27,-64],[86,-55],[60,-18],[18,-46],[-3,-35],[21,-106],[20,-25],[49,-7],[7,-10],[-3,-46],[-10,-17],[-43,17],[-36,43],[-5,38],[-36,81],[-68,5],[-26,19],[-9,48],[-88,109],[-54,31],[-23,-14],[-16,13],[94,70],[14,2],[24,-33]],[[49354,56585],[-11,-15],[-17,6],[-17,50],[45,-41]],[[49380,56604],[-11,-5],[11,35],[20,18],[-20,-48]],[[49571,56451],[-33,-9],[6,19],[-25,25],[6,40],[19,-17],[4,-27],[23,-31]],[[49595,57243],[-31,-16],[-32,30],[0,17],[26,47],[23,-4],[14,-24],[0,-50]],[[49298,56064],[-20,-10],[-12,12],[16,27],[16,-29]],[[49178,55303],[-3,-19],[-25,13],[-7,20],[-1,43],[11,28],[35,-60],[-10,-25]],[[50176,54985],[-9,-24],[-16,83],[20,56],[1,27],[16,14],[-16,-84],[18,-65],[-14,-7]],[[50139,55640],[-25,-6],[5,35],[-12,27],[36,-37],[-4,-19]],[[50122,55539],[-8,-1],[9,21],[63,55],[33,-13],[-49,-40],[-28,-3],[-20,-19]],[[49782,55644],[-22,-16],[-23,61],[39,55],[16,-19],[-10,-81]],[[49717,55688],[-20,-34],[-15,4],[-7,16],[10,31],[21,19],[10,-5],[1,-31]],[[49766,55392],[-11,-23],[-16,8],[10,20],[-1,31],[18,-36]],[[49742,55515],[-5,-7],[-25,44],[9,14],[27,-32],[-6,-19]],[[50091,56014],[52,-18],[4,-27],[-51,-28],[-30,26],[-34,9],[14,24],[45,14]],[[49899,55890],[-12,-1],[4,17],[21,31],[64,17],[-35,-46],[-42,-18]],[[49857,55566],[-28,0],[63,65],[15,-15],[-50,-50]],[[50003,55476],[-31,-32],[-15,16],[0,21],[16,-6],[11,11],[-3,14],[22,-24]],[[49493,55911],[-16,-21],[-3,32],[11,33],[14,3],[5,-15],[-11,-32]],[[49513,55809],[-14,-13],[4,30],[-6,16],[14,24],[13,-29],[-11,-28]],[[49537,55555],[-1,-35],[-50,-13],[8,39],[16,-14],[27,23]],[[49635,55875],[-1,-46],[-6,1],[-1,51],[8,-6]],[[49647,55991],[-7,-30],[-60,91],[-3,28],[21,12],[16,-33],[25,-4],[8,-64]],[[49711,55921],[-9,-28],[-15,4],[-39,58],[56,-20],[7,-14]],[[49582,55624],[-11,16],[1,28],[9,1],[11,-33],[-10,-12]],[[49914,56192],[-23,-25],[-26,36],[-4,12],[28,37],[-34,67],[-1,29],[40,12],[36,-26],[0,-105],[-12,-10],[-4,-27]],[[49991,56679],[-4,-26],[33,-43],[16,-54],[-3,-8],[-23,20],[14,-36],[-19,-9],[-75,23],[-12,24],[40,52],[-24,-2],[-25,-43],[-40,19],[-15,26],[16,39],[43,7],[18,12],[0,19],[45,4],[15,-24]],[[49815,57160],[-27,-12],[-30,37],[29,14],[28,-39]],[[49755,56966],[-19,-77],[-23,6],[-3,32],[-16,-29],[-30,10],[-1,65],[43,2],[13,-21],[39,34],[-3,-22]],[[49747,55842],[-23,-3],[1,34],[9,8],[27,-16],[-14,-23]],[[49534,55713],[-24,3],[14,34],[11,-8],[-1,-29]],[[50338,55189],[-24,-8],[-7,20],[10,49],[-10,45],[48,76],[77,39],[-21,-98],[-19,-35],[5,-29],[-29,-7],[-30,-52]],[[49371,55016],[39,-2],[20,28],[17,0],[8,-25],[-22,-18],[17,-16],[19,4],[5,-36],[19,-12],[89,29],[68,-7],[24,-27],[91,-18],[61,19],[6,-10],[-2,-81],[11,-8],[57,40],[34,0],[37,44],[-18,-119],[-19,-11],[-82,3],[-249,-40],[-13,7],[-9,61],[-60,31],[-140,38],[-60,-5],[-10,9],[-11,70],[5,52],[9,14],[16,-23],[10,16],[5,46],[14,-44],[14,-9]],[[43882,42111],[-33,-41],[-24,-81],[-49,-22],[-119,-1],[-93,-83],[-54,-29],[-33,-47],[-45,-33],[-31,-41],[-64,-19],[-106,-63],[-121,-121],[-22,1],[-75,72],[-173,70]],[[42840,41673],[7,17]],[[42847,41690],[16,1]],[[42863,41691],[18,-5],[31,15],[15,123],[-9,73],[-41,19],[-9,30],[-54,320],[-3,160],[60,174],[7,110],[41,209],[43,50],[0,45],[26,26],[-23,259],[-12,69],[-10,30],[-14,9],[0,28],[18,76],[-7,8],[2,79]],[[42942,43598],[-21,116],[7,22],[-9,174],[5,20],[-13,54],[8,31],[-12,10],[-18,60],[1,59],[19,119],[433,5],[83,-9],[18,-27],[32,35],[15,37],[21,-2],[11,35],[56,-23]],[[45439,60301],[-12,6],[-9,29],[21,212],[22,54],[32,156],[73,109],[-1,39],[-127,38],[-21,11],[-18,29],[-100,-17],[-9,29],[-27,12],[-37,-20],[-49,102],[-18,21],[-28,5]],[[45076,61409],[14,49],[46,36],[-6,60],[-33,20],[-9,20],[17,23],[-59,67]],[[45338,62794],[-35,41],[5,45],[32,77],[19,12],[175,4],[38,-65],[-14,-33],[23,-15],[10,5],[22,71],[38,-40],[1,-53],[8,170],[22,41],[68,-17],[74,8],[28,-18],[64,-94],[48,-19],[-37,19],[-77,114],[-59,18],[-36,28],[-3,130],[-31,23],[-33,-8],[-4,26],[5,19],[74,31],[1,30],[-67,112],[-3,48]],[[45694,63504],[57,-2],[85,-39],[87,20],[30,-12]],[[45953,63471],[37,-20],[32,-47],[1,-41],[-38,-48],[66,7],[17,-34],[36,13],[90,-54],[68,28],[12,-43],[-13,-44],[-48,-47],[10,-28],[16,-7],[45,7],[71,-29],[96,88],[77,10],[112,131],[110,-24],[29,-56],[72,-63],[67,6],[24,-59],[11,-73],[38,-38],[57,-16]],[[47181,61732],[-10,-18],[-26,7],[-28,70],[-54,19],[-16,-15],[28,-45],[-114,-61],[-83,-24],[-29,-46],[-15,9],[-33,-20],[-14,-29],[-40,-9],[-18,-37],[-43,11],[-52,-16],[-23,-19],[-43,-74],[-25,47],[-20,6],[28,-89],[74,-89],[-30,-68],[71,-143],[32,-38],[25,1],[54,-75],[48,-43],[15,-36],[36,-8],[64,-85]],[[46940,60815],[-7,-79],[-15,-19],[-12,-9],[-45,26],[-27,-97],[-116,-69],[-33,-42],[47,-95],[-14,-74],[33,-10],[5,-19],[-10,-78],[-49,28],[-9,43],[-21,13],[-49,-14],[-67,35],[-5,-42],[-114,-17],[-78,-42],[-23,-27],[-62,-14],[-15,2],[-26,54],[-105,14],[-17,-82],[-14,-23],[-31,-15],[4,37],[-33,13],[-1,25],[-21,24],[-54,31],[-24,-22],[-31,-1]],[[47037,63052],[-70,4],[-1,51],[-23,28],[1,29],[92,-77]],[[46915,63276],[-1,-44],[-27,25],[-27,-1],[-16,-38],[-13,-2],[-42,35],[-3,96],[39,67],[20,1],[17,-37],[40,-24],[-19,-42],[32,-36]],[[46327,63292],[-37,-1],[-28,22],[7,21],[10,8],[36,-14],[12,-36]],[[45607,63453],[-6,-8],[3,62],[26,66],[11,-2],[-17,-68],[61,-3],[-7,-12],[-62,-8],[-9,-27]],[[45674,63421],[-9,-11],[-36,12],[27,20],[15,-5],[3,-16]],[[53648,57638],[46,82],[14,49],[1,67],[-24,78],[-42,224],[-17,35],[-70,39],[-17,46],[-54,57],[-91,37],[-117,120]],[[54839,57802],[-30,-59],[-25,-9],[-5,-35],[30,-65],[76,-72],[13,-25],[-11,-56],[-22,-31],[-25,-5],[-63,53],[-34,-14],[-58,25],[-23,29],[5,21],[-106,49],[-68,-69]],[[54493,57539],[-46,-14],[8,-21],[-90,-9],[-59,10],[-105,-36],[-86,-11]],[[39535,45168],[-15,121],[37,59],[13,-17],[15,-58],[34,-15],[56,6],[6,44],[177,37],[-34,14],[-137,-23],[-53,-46],[-21,5],[-22,46],[-8,56]],[[46814,40390],[-29,-163],[-3,-62],[21,-123],[-14,-39],[6,-13],[14,-3],[140,78],[80,-22],[14,-20],[16,-89],[30,-96],[1,-40],[-26,-82],[-23,-32],[-35,-6],[-33,-80],[-16,-72],[-6,-172],[9,-18],[42,-12],[33,-68],[38,-19],[27,-45],[-15,-175],[11,-194],[-3,-49],[-10,-29],[5,-53],[-10,-78],[-32,-48],[-12,-79],[-9,-16],[9,-60],[-28,-49],[-22,-11],[-26,11],[-6,16],[4,44],[-23,72],[-12,12],[-28,-62],[-37,-51],[-27,-4],[-88,40],[-48,167],[-19,28],[-30,18],[-39,-45],[12,-80],[-8,-95],[-93,-37],[-27,30],[-54,-22],[-30,23],[-7,-24],[5,-120],[-14,-73],[24,-8],[30,-56],[-18,-63],[7,-22],[53,-62],[-25,-93],[12,-59],[-8,-14],[-39,7],[-44,71],[-66,-75],[-25,-99]],[[46290,37726],[-24,40],[-20,72],[-74,116],[-14,52],[-57,116],[-83,116],[-69,123],[68,-53],[14,17],[-48,47],[-45,12],[-12,21],[-23,89],[-56,115],[10,4],[34,-30],[0,29],[-34,29],[-18,2],[-2,43],[-54,183],[68,-142],[50,15],[-5,19],[-13,20],[-29,-11],[-8,9],[-4,14],[16,69],[-34,-25],[-34,37],[-54,168],[-34,142],[13,-11],[16,-41],[30,9],[12,23],[21,5],[13,23],[39,97],[10,128],[-9,152],[13,24],[14,-63],[14,-17],[25,-5],[54,-46],[4,36],[46,30],[-14,11],[-41,-12],[-56,45],[-53,113],[1,25],[40,24],[11,-2],[4,-29],[15,-7],[2,88],[-13,93],[4,18]],[[45917,39895],[21,19],[21,0],[10,-33],[25,-18],[29,20],[317,-2],[-2,511]],[[46338,40392],[5,59],[51,1],[194,-3],[123,-22],[85,4],[12,-14],[6,-27]],[[45409,58624],[-13,-8]],[[45381,58609],[-47,-32],[-77,-97],[-36,-28],[-14,-49],[-21,-28],[-110,-56],[-21,13],[-54,-1],[-33,35],[-64,22],[-21,51],[-60,10],[-3,34],[-84,-32],[-118,47],[-42,50],[-34,-14],[-31,-44],[-127,-118],[-50,-121],[9,-142],[29,-71]],[[44008,58070],[8,24],[-7,20],[-51,17],[-18,-20]],[[43160,58466],[39,14],[36,55],[34,200],[24,236],[18,45],[23,12],[-19,33],[-22,-43],[14,217],[26,162],[61,-66],[15,-29],[18,-97],[35,-40],[-23,39],[-36,165],[-98,108],[-4,25],[44,-13],[-18,81],[-10,169],[-60,17],[-95,72],[-66,130],[-8,48],[18,51],[-16,33],[-28,22],[22,44],[19,5],[69,-26],[-56,42],[-91,-14],[-37,15],[-6,30],[24,39],[-30,25],[-52,-6],[-7,10],[16,29],[-13,10],[-43,-11],[-25,9],[-23,32],[-69,7],[-15,19],[-95,37],[-100,-7],[-28,64],[-61,32],[12,20],[61,19],[12,18],[-44,26],[-16,26],[81,6],[-36,28],[-79,-2],[-11,38],[10,40],[46,35],[114,38],[84,1],[59,45],[58,13],[55,-22],[76,-112],[59,49],[89,-1],[18,-28],[24,51],[20,-29],[108,9],[-25,20],[-21,47],[-4,174],[-56,126],[-13,46],[3,39],[65,-7],[54,17],[26,-12],[6,-81],[23,-47],[149,-14],[87,-26],[72,46],[68,21],[6,11],[-39,-5],[-36,20],[-5,22],[19,63],[104,71],[74,20],[78,39],[84,111],[-10,18],[7,195],[22,64],[59,47],[148,46]],[[44206,61836],[18,-62],[-1,-35],[40,-54],[19,-17],[65,29],[31,-51],[9,-57],[78,-24],[23,-75],[14,16],[49,-3],[23,-7],[32,-33],[-10,-44],[14,-22],[-11,-54],[54,-12],[42,7],[27,18],[12,42],[28,25],[10,-8],[-17,-77],[12,-20],[6,-55],[34,-5],[66,-44],[55,-73],[69,12]],[[30478,41791],[18,24],[23,115],[17,41],[17,6],[95,-96],[45,-9],[90,-52],[32,-66],[76,-111],[39,-34],[-8,-75],[25,40],[39,-64],[24,-89],[-10,-71],[18,37],[12,87],[12,0],[39,-178],[4,-74]],[[31085,41222],[-28,-29],[-15,-54],[-39,-74],[-42,-148],[-40,-80],[-7,-57],[-48,-177],[-7,-52],[-28,-72],[-41,-43],[-8,-24],[-26,-13],[-53,10],[-26,59],[-42,-38],[-55,25],[-8,20],[-87,-103],[-74,38],[-44,53]],[[45890,58202],[-6,-64],[18,-46],[6,-186],[-37,-89],[-1,-85],[-51,-152],[-70,57],[-21,32],[19,49],[-41,27],[10,48],[-5,24],[-28,2],[19,49],[0,24],[-28,28],[-5,25],[27,29],[-12,26],[-15,6],[36,85],[24,25],[56,24],[23,31],[36,-17],[6,8],[12,133],[13,2],[11,-18],[4,-77]],[[43309,59560],[-9,-38],[-37,67],[-5,35],[51,-64]],[[54537,33755],[-15,-3],[-12,39],[6,48],[-12,37],[11,21],[11,-24],[21,-19],[-10,-99]],[[57108,30091],[-34,-13],[-24,4],[-47,37],[-32,95],[19,67],[34,17],[51,-17],[43,-103],[-10,-87]],[[28863,45795],[-9,-30],[-9,21],[-40,-3],[-6,28],[19,31],[-31,22],[-19,67],[1,19],[21,12],[48,-53],[-1,-30],[15,-32],[11,-52]],[[28742,46556],[-48,-1],[-4,31],[9,27],[-6,32],[14,32],[15,-17],[13,-46],[44,-47],[-37,-11]],[[28678,46458],[-19,-20],[-10,6],[-12,38],[-8,105],[11,23],[47,-36],[-5,-20],[2,-78],[-6,-18]],[[28765,46407],[-20,2],[-1,26],[16,22],[12,-37],[-7,-13]],[[29995,59936],[-22,3],[22,19],[0,-22]],[[29967,59970],[-21,-19],[-7,10],[12,43],[-13,67],[5,13],[19,-12],[-7,-51],[12,-51]],[[930,33599],[-8,14],[11,35],[5,-20],[-8,-29]],[[473,33168],[-27,2],[-9,25],[4,10],[9,-4],[23,-33]],[[28334,47362],[-27,0]],[[28307,47362],[14,20],[13,-5],[0,-15]],[[28377,47277],[-10,20],[18,-6],[-8,-14]],[[6910,32142],[-9,5],[0,32],[16,-21],[-7,-16]],[[7311,31753],[-8,-11],[-10,8],[-4,36],[30,-8],[-8,-25]],[[6924,32046],[-18,6],[4,54],[14,-15],[11,-39],[-11,-6]],[[7430,31690],[35,-21],[6,-33],[-7,-21],[-26,17],[-13,40],[-34,-10],[-23,8],[-14,75],[31,30],[31,-11],[12,-30],[2,-44]],[[9924,35194],[48,-21],[-12,-22],[-48,-23],[-15,7],[-7,26],[34,33]],[[9915,35090],[-18,-34],[0,37],[18,-3]],[[10014,34834],[-9,-7],[0,46],[16,-16],[-7,-23]],[[9670,35538],[-35,-9],[-9,36],[4,22],[44,-1],[3,-32],[-7,-16]],[[9669,35312],[-5,-8],[-11,37],[17,14],[10,-8],[-11,-35]],[[9492,31617],[1,-9],[-12,4],[12,51],[40,32],[-33,-33],[-14,-37],[6,-8]],[[9795,35525],[-16,-4],[3,33],[25,-10],[-12,-19]],[[9522,31388],[3,-16],[-25,23],[-2,13],[24,-20]],[[9487,31471],[1,-12],[-36,69],[35,-57]],[[10585,31316],[-5,-10],[-40,42],[45,-32]],[[10421,31404],[0,-8],[-23,42],[23,-34]],[[10050,30302],[-8,-8],[-8,39],[6,7],[10,-38]],[[9079,32389],[-4,-5],[12,39],[-8,-34]],[[8854,32159],[14,-22],[-40,21],[26,1]],[[8823,32152],[-10,-2],[-23,26],[33,-24]],[[8464,32494],[-1,-20],[-25,63],[26,-43]],[[8359,32286],[-4,-7],[-26,79],[-1,38],[31,-110]],[[83363,30570],[27,-28],[30,12],[130,-175],[53,-38],[45,-74],[16,-63],[53,-82],[155,-162],[93,-138],[61,-60],[15,-76],[-8,-27],[-47,-23],[-49,48],[-25,5],[-13,26],[-58,47],[-19,58],[-40,21],[-46,58],[-100,86],[-98,127],[-65,131],[-49,71],[-69,153],[-3,58],[-29,50],[5,40],[35,-45]],[[84172,29528],[-7,-17],[-17,10],[-5,9],[5,34],[21,-17],[3,-19]],[[82334,30979],[-4,-9],[-2,70],[7,25],[4,-53],[-5,-33]],[[84285,30051],[31,-7],[-4,-75],[-37,-11],[-22,26],[0,26],[-15,57],[42,24],[5,-40]],[[83931,30371],[-13,-4],[15,40],[7,90],[10,-3],[11,-14],[-13,-12],[-4,-47],[5,-5],[-18,-45]],[[84138,30169],[-14,-4],[-17,32],[-34,16],[-15,28],[-9,32],[19,8],[18,44],[-13,17],[-22,3],[3,17],[36,20],[23,-26],[-2,-69],[17,-22],[17,-50],[-7,-46]],[[60351,17920],[31,2],[53,57],[14,2],[-1,-44],[14,-20],[-51,-3],[-7,-26],[33,-32],[55,3],[71,50],[35,0],[27,33],[40,-11],[17,-51],[-17,-56],[-23,-16],[-1,-30],[-21,4],[-32,36],[-60,-3],[-14,-31],[-24,-4],[23,-50],[32,-17],[18,-3],[3,31],[42,-6],[14,-22],[-44,-53],[-50,6],[-41,38],[-33,-21],[-63,38],[-48,15],[-16,-54],[-23,-23],[-43,2],[-6,44],[20,69],[-18,92],[20,30],[-27,43],[15,95],[41,83],[19,-8],[-2,-33],[13,-5],[3,-42],[-25,-69],[4,-28],[33,-12]],[[60374,17942],[-15,-3],[-13,80],[49,-3],[6,-26],[-27,-48]],[[56149,19090],[-34,5],[-9,24],[20,21],[23,-50]],[[48436,65892],[23,1],[42,-40],[-15,-30],[-37,-6],[-2,-38],[-57,-5],[-13,8],[-14,74],[22,7],[1,-32],[16,4],[5,35],[-20,23],[8,16],[16,7],[25,-24]],[[48356,65820],[-19,-23],[-11,5],[4,43],[18,1],[8,-26]],[[48586,65756],[-21,-13],[-30,13],[22,15],[29,-15]],[[50327,65973],[-81,-31],[-63,34],[-61,-31],[-101,-26],[16,80],[-8,13],[-46,-88],[-42,-7],[-41,29],[-19,0],[19,-58],[-22,2],[-45,-34],[-25,28],[-48,-31],[-46,-6],[-27,-24],[-135,-35],[-37,-41],[-25,10],[-150,-34],[-63,9],[-68,-62],[-39,-13],[-14,5],[54,64],[3,22],[-50,34],[-19,48],[-11,3],[-29,-70],[-25,-13],[-44,1],[-5,56],[7,19],[29,12],[-19,23],[17,44],[-79,9],[-98,45],[-12,39],[-46,-27],[-43,28],[-18,163],[37,138],[-2,89],[14,0],[-16,29],[26,18],[-53,141],[-31,33],[23,103],[-7,52],[-38,31],[-15,92],[9,51],[76,92],[4,36],[43,3],[-25,72],[61,15],[24,-12],[102,44],[-18,56],[25,2],[-7,27],[19,-6],[32,39],[1,30],[54,15],[179,154],[25,3],[13,41],[151,167],[68,125],[93,37],[84,-11],[-14,40],[35,25],[-29,59],[23,147],[-26,30],[-98,50],[-39,4],[-23,38],[11,45],[-54,-35],[-60,11]],[[48921,65886],[-17,-2],[-25,22],[2,38],[40,-58]],[[48733,67159],[17,-6],[19,15],[14,-7],[-2,-22],[-12,5],[-27,-24],[-41,55],[37,0],[-5,-16]],[[48965,65901],[44,-7],[14,-23],[-24,-15],[11,-45],[-25,0],[-44,52],[24,38]],[[48790,65970],[-4,-20],[-33,-2],[-18,62],[10,8],[45,-48]],[[48882,65800],[-33,-12],[17,37],[24,2],[-8,-27]],[[48833,65785],[-21,-4],[-14,13],[20,20],[16,-2],[-1,-27]],[[49612,67925],[-36,-14],[-29,9],[0,28],[50,19],[45,-13],[7,-7],[-37,-22]],[[87189,32357],[-37,-59],[-24,-63],[-31,-36],[-14,-48],[1,-48],[66,92],[22,8],[-10,-65],[10,-33],[-52,0],[-72,-28],[-17,16],[-6,23],[-29,2],[-36,-44],[-11,-38],[-30,6],[-20,-29],[-23,-10],[-25,77],[-26,5],[21,73],[25,-19],[29,15],[14,40],[23,25],[97,45],[46,57],[109,43],[0,-7]],[[86772,31829],[0,-19],[76,-103],[-4,-43],[22,-145],[-43,-14],[-7,-12],[-31,2],[-42,-50],[-49,-7],[-121,51],[-33,31],[-14,48],[0,46],[24,19],[12,29],[-2,53],[24,41],[28,34],[49,32],[29,-3],[60,36],[22,-26]],[[6,32025],[-6,-16],[0,24],[0,21],[0,15],[0,17],[34,43],[9,-34],[-11,-37],[-26,-33]],[[87189,32009],[-18,-17],[-7,16],[25,78],[0,-77]],[[86823,31127],[0,-19],[-31,-12],[-18,18],[-30,-51],[-34,-14],[-15,13],[22,28],[13,-3],[25,42],[31,16],[37,-18]],[[245,31564],[-12,-5],[-10,20],[8,10],[14,-25]],[[300,31452],[-3,-8],[-18,22],[21,4],[0,-18]],[[424,31575],[-14,-5],[-12,19],[8,19],[11,-4],[7,-29]],[[253,31873],[-6,-15],[-6,5],[8,36],[-10,14],[2,14],[22,-32],[-10,-22]],[[355,31043],[-15,7],[2,14],[7,2],[-4,-13],[10,-10]],[[48,31142],[1,-13],[-8,6],[-8,-19],[2,25],[13,1]],[[86519,31928],[-12,-8],[6,36],[19,15],[-13,-43]],[[87049,31831],[-8,-11],[-4,60],[15,-7],[-3,-42]],[[87031,31509],[-23,31],[13,39],[13,-53],[-3,-17]],[[86905,31673],[-12,-8],[-7,27],[9,27],[11,2],[5,-27],[-6,-21]],[[17,32210],[-17,-16],[0,22],[24,25],[-7,-31]],[[11,32365],[-11,-8],[0,5],[0,2],[8,11],[5,0],[-2,-10]],[[86492,33962],[-28,6],[27,4],[1,-10]],[[85888,29935],[-9,-3],[-1,9],[10,-6]],[[52440,45691],[38,22],[32,3],[52,-18],[9,7],[17,51],[12,18],[18,3],[23,-36],[37,-94],[16,-3],[76,308],[29,-51],[52,-38],[51,-97],[92,24],[52,64],[12,0],[15,-21],[15,-45],[17,-4],[64,30],[54,-17],[34,-25],[59,6],[20,-11],[73,-90],[72,-50],[73,-164],[58,-104],[98,-138],[45,-133],[44,-48],[59,-134]],[[53858,44906],[-92,-243],[-50,-99],[-6,-119],[8,-190],[38,-17],[146,61],[23,-1],[31,-31],[34,-4]],[[49485,64805],[34,103],[6,68],[15,19],[-5,22],[-46,12],[-25,-40],[-29,-11],[-84,42],[-18,63],[-32,31],[-13,36],[6,25],[36,32],[-43,1],[-17,57],[20,34],[-12,15],[12,33],[-5,39],[70,34],[72,8],[-7,35],[29,2],[50,42],[50,-7],[71,29],[137,-1],[18,17],[-2,35],[270,-37],[85,-45],[222,-17],[29,31]],[[49072,65134],[17,-11],[32,11],[35,-7],[87,-68],[-47,-6],[-96,-90],[-87,-6],[-25,-25],[-28,-85],[-38,-16],[-3,28],[49,70],[-74,47],[-7,18],[17,6],[15,31],[-30,48],[34,6],[19,-14],[22,17],[23,-4],[15,32],[70,18]],[[49147,65224],[-20,-22],[-19,19],[-25,-49],[-29,-8],[-17,10],[-15,66],[-60,15],[-26,20],[99,13],[30,47],[15,3],[18,-32],[45,-10],[24,-69],[-20,-3]],[[49248,65103],[-20,-5],[-48,31],[11,21],[14,9],[41,-13],[2,-43]],[[52945,47334],[74,-254],[29,-149],[27,-157],[19,-234],[18,-120],[30,-59],[21,-111],[17,-4],[13,-31],[22,-105],[15,-39],[8,34],[-7,51],[6,42],[12,25],[43,-60],[11,-80],[29,-60],[82,-35],[62,-84],[91,-54],[117,-279],[142,-173],[24,-84],[13,-81],[30,4],[51,-89],[15,-68],[42,-24],[7,40],[21,-33],[8,-50]],[[54037,45013],[-61,-38],[-24,-88],[-15,-19],[-8,-1],[-46,60],[-7,3],[-18,-24]],[[53301,46491],[8,-42],[-28,25],[13,26],[7,-9]],[[53316,46322],[10,-24],[17,27],[38,-33],[-2,-21],[-103,14],[-7,37],[19,-18],[11,9],[-13,25],[-18,5],[1,19],[13,17],[-10,27],[34,-22],[8,-19],[2,-43]],[[45917,39895],[2,10],[-21,26],[-30,11],[26,130],[33,57],[21,98],[22,60],[-7,62],[5,103]],[[45968,40452],[17,-39],[27,-20],[326,-1]],[[45710,41090],[42,0],[10,-24],[-1,-33],[-58,-177],[-56,18],[-10,29],[8,52],[27,14],[24,111],[14,10]],[[22327,45315],[-6,-6],[4,-44],[-27,-46],[-60,-7],[-100,51],[-23,0],[49,-37],[-6,-5],[-86,43],[-100,86],[-127,35],[-40,54],[-31,24]],[[49686,53316],[18,-53],[38,-9],[124,47],[328,-107],[70,-72],[71,-8],[33,-43],[133,-20],[134,-97],[51,16],[36,27],[121,131],[29,17],[42,-3],[42,87],[43,7],[85,41],[-10,-20],[-77,-46],[33,-5],[73,26],[12,56],[8,5],[26,-7],[80,-57],[20,0],[69,37],[60,-88],[-15,1],[-45,61],[-3,-30],[-26,-53],[58,-31],[22,-57],[26,12],[18,36],[-16,41],[26,-17],[68,-82],[127,43],[16,-36],[44,20],[70,0],[58,22],[71,62]],[[52048,52361],[-41,-90],[-29,-225],[-41,-176],[-11,-149],[-44,-111],[-42,29],[-69,96],[-40,91],[-43,59],[-41,78],[-29,180],[-62,135],[-37,103],[-37,198],[-23,-21],[4,-32],[-31,-97],[9,-43],[49,-93],[9,-61],[-1,-83],[37,-90],[27,-97],[74,-157],[71,-102],[12,-34],[1,-127],[36,-117],[25,-32],[11,-36],[27,-235],[22,-43],[68,-231],[57,-146],[152,-533],[69,-140],[74,-95],[-37,5],[-22,-13],[-9,-62],[5,-147],[42,-218],[52,-90],[77,-49],[45,-103],[100,-130],[10,-44]],[[24140,37958],[40,28],[48,73],[57,253],[-4,42],[-19,56],[-5,127],[-12,-35],[3,-122],[-11,-54],[-15,-14],[-10,10],[5,89],[-29,-76],[-29,-45],[-9,-34],[-40,36],[-57,100],[-37,21],[-23,35],[-7,35],[47,49],[2,63],[-1,49],[-17,83],[8,110],[-24,133],[14,45],[53,34],[17,22],[24,115],[23,-17],[19,2],[-25,16],[-24,94],[39,89],[46,70],[21,71],[5,111],[-15,165],[12,22],[32,11],[40,52],[31,-4],[36,39],[137,64],[17,40],[-8,69]],[[24495,40080],[43,-75],[42,-37],[80,-101],[85,-63],[30,6],[14,-50],[43,-38],[18,-107],[25,-15],[43,-2],[69,-47],[15,-2],[9,13],[57,-16],[17,11],[9,63],[19,19],[9,-4],[49,-41],[46,-85],[25,-27],[39,-12],[37,-44],[43,-30]],[[24187,38140],[-4,-17],[-30,7],[12,106],[35,37],[20,-2],[21,-23],[-25,-41],[-19,-12],[-10,-55]],[[24483,39992],[-13,-4],[-7,21],[23,30],[-3,-47]],[[21716,39104],[-12,0],[-38,42],[2,42],[15,28],[49,14],[20,-26],[-1,-50],[-17,-36],[-18,-14]],[[21938,39043],[-29,-18],[-17,28],[45,73],[33,14],[7,-16],[-39,-81]],[[21452,39241],[-24,-8],[-21,15],[-9,23],[0,47],[46,13],[14,-29],[-6,-61]],[[21695,38855],[-24,18],[11,35],[23,-32],[-10,-21]],[[21489,39454],[15,-28],[8,-81],[49,-85],[4,-78],[38,-69],[-25,-83],[-55,-34],[-69,10],[-16,31],[-3,28],[39,68],[46,37],[6,28],[-19,27],[-12,54],[-29,38],[-15,116],[-10,5],[-19,-16],[-12,22],[26,45],[32,9],[21,-44]],[[21658,39296],[-11,-13],[-46,16],[-14,25],[21,49],[27,-14],[28,-38],[-5,-25]],[[26210,48084],[11,8],[16,50],[27,20],[78,-21],[68,29],[29,-12],[48,-48],[48,-3],[32,-41],[27,-17],[57,15],[16,-36],[4,-51],[13,-47],[20,-29],[101,12],[22,-24],[-22,-31],[-68,2],[-5,-39],[175,-57],[53,-36],[83,-128],[-25,-85],[-29,-28],[-30,-61],[-60,84],[-33,-4],[-49,18],[-59,-10],[-61,12],[-60,-31],[-40,-53],[-72,-16],[-40,53],[-28,4],[-65,-32],[-13,-21],[-6,-68],[-61,-165],[-19,-25],[-20,39],[-27,21],[-10,79],[-23,37]],[[28753,46126],[-23,-10],[-10,76],[-16,55],[6,47],[33,-21],[11,-25],[6,-68],[-7,-54]],[[54037,45013],[57,-150],[14,-78],[-7,-43],[-26,-53],[-55,-62],[-60,-40],[-38,-78],[-29,5],[4,-30],[11,-3],[79,40],[32,0],[29,-9],[20,-29]],[[36340,76066],[233,-27],[123,-30],[351,-26],[300,-51],[-94,-17],[-947,-28],[-460,-32],[-10,-44],[126,4],[375,51],[440,-20],[278,1],[455,41],[158,-124],[133,4],[55,-29],[283,-13],[202,-47],[26,-21],[-8,-38],[-91,-37],[-272,-61],[-181,-16],[-1384,-56],[-75,-46],[19,-44],[64,-7],[413,48],[652,-21],[135,-51],[72,-80],[193,31],[95,105],[131,18],[297,7],[50,-59],[-24,-146],[-120,-111],[-326,-184],[-11,-66],[70,59],[179,47],[290,112],[305,160],[98,0],[18,-56],[168,-6],[243,-44],[323,166],[162,26],[293,-10],[438,-57],[243,-99],[-411,-162],[-78,-22],[-243,-20],[54,-53],[-66,-47],[-167,-19],[-85,-31],[-188,0],[-107,-34],[42,-27],[158,-36],[-134,-77],[-126,-27],[-257,-8],[-329,37],[-175,-108],[20,-104],[173,-17],[-14,-169],[63,-11],[39,-64],[-177,-49],[-79,-98],[-138,-17],[-125,-63],[43,-46],[-192,-335],[5,-36],[36,-25],[174,114],[131,-22],[201,-62],[47,-43],[0,-16],[-41,-8],[-169,54],[-125,-31],[52,-76],[56,-34],[103,-16],[123,-48],[96,25],[112,-9],[34,-108],[-50,-103],[-56,-4],[-321,70],[-102,-3],[-110,-15],[-5,-19],[-158,-68],[-139,46],[-36,0],[-66,-39],[55,-41],[122,-17],[29,-75],[65,-57],[74,-1],[72,15],[78,-28],[111,-9],[59,-43],[-23,-54],[109,-105],[34,-163],[-39,-90],[-65,-10],[-98,66],[-69,3],[-102,-69],[-82,-11],[-98,-48],[-141,43],[130,-69],[172,48],[46,-117],[-59,-67],[43,-8],[61,41],[47,108],[49,19],[55,-19],[109,-153],[60,-35],[11,-64],[-31,-51],[-67,-11],[-147,11],[6,-34],[-102,-30],[-116,-12],[-109,23],[-91,36],[47,104],[-44,37],[-7,-77],[-85,-38],[31,-43],[-34,-63],[49,-32],[269,-21],[159,-41],[-35,-155],[-31,-13],[-220,-14],[-155,-71],[-39,-1],[-214,57],[-128,63],[-96,97],[-71,-59],[-55,-12],[-204,110],[176,-150],[-126,-35],[-85,-60],[-96,-18],[-293,81],[24,-28],[152,-54],[-45,-35],[-130,3],[-72,-17],[52,-31],[38,28],[106,-4],[328,67],[32,38],[51,15],[114,12],[110,-6],[56,-5],[159,-90],[60,-9],[35,-39],[198,-72],[-10,-228],[-50,-24],[-3,-98],[-221,91],[-113,28],[-96,47],[-70,82],[-66,154],[-87,-11],[-64,-39],[-340,-91],[65,-19],[382,101],[39,-140],[-12,-34],[-122,-50],[21,-20],[109,40],[23,-8],[38,-31],[201,-91],[264,-99],[31,-64],[99,-11],[-13,-24],[-119,-83],[6,-51],[15,-59],[29,80],[82,34],[50,-14],[19,-272],[37,-145],[-25,-25],[-77,-11],[-30,13],[-77,-5],[-13,175],[-21,-23],[-20,-138],[-20,-25],[-154,6],[-113,46],[-43,41],[-72,174],[-71,78],[-321,153],[-194,4],[-97,20],[-18,-11],[13,-30],[307,-24],[34,-49],[-10,-80],[-101,-59],[-135,-44],[-150,1],[-134,22],[-123,-4],[98,-43],[-19,-86],[-84,-55],[-158,-56],[128,14],[128,-33],[337,27],[27,-29],[-16,-18],[-152,-44],[-87,-58],[-16,-42],[59,-16],[87,92],[66,18],[82,-9],[63,11],[151,46],[189,-25],[263,-68],[119,-11],[216,5],[18,-8],[-19,-33],[-80,-34],[-101,-24],[-4,-47],[-198,-25],[38,-48],[-7,-16],[-50,-14],[-85,12],[18,-47],[-18,-17],[-108,-53],[-108,-25],[23,-42],[-43,-32],[-66,-20],[-37,-69],[-190,-94],[-456,-100],[-215,-65],[-150,6],[-79,-50],[-29,-2],[-98,25],[27,-58],[-89,-25],[-107,29],[-220,136],[36,-79],[-46,-19],[52,-66],[-3,-32],[-49,-47],[-191,-112],[-46,-81],[-38,-29],[-25,-89],[-143,-227],[-17,-13],[-37,2],[-51,-86],[-135,-81],[-54,5],[-110,79],[57,-132],[-181,-135],[-3,56],[-33,21],[-33,-95],[-65,-3],[-32,38],[-41,-36],[-20,1],[-23,-59],[-61,-11],[-22,-17],[-49,18],[-11,34],[49,64],[3,53],[123,143],[-130,35],[-83,1],[98,-55],[-52,-53],[-42,-103],[-92,46],[19,-39],[55,-36],[3,-56],[-105,-38],[-372,-30],[-5,-14],[149,-80],[-87,-87],[-76,-41],[-101,26],[-52,-12],[-49,9],[29,-102],[75,20],[115,-190],[-72,-60],[-53,-6],[3,-28],[-24,-20],[-95,26],[-98,8],[133,-78],[50,19],[50,-14],[-8,-89],[25,-89],[-54,-44],[-1,-40],[-66,-9],[-2,-45],[-23,-27],[10,-33],[-67,-93],[-111,4],[-80,60],[20,-40],[111,-63],[-2,-25],[-65,-78],[-36,-19],[-214,11],[115,-53],[76,-13],[-21,-45],[10,-30],[-29,-107],[43,-61],[8,-69],[-34,-38],[-68,-7],[-13,-16],[63,-16],[-6,-28],[-72,-243],[-17,-130],[-79,-106],[-74,-2],[-61,25],[-78,8],[-4,-12],[26,-20],[130,-34],[20,-24],[13,-25],[8,-119],[-47,-58],[-72,4],[-82,38],[72,-73],[-60,-19],[-51,8],[12,40],[-49,-14],[-35,13],[-10,41],[54,72],[13,28],[-11,13],[-75,-107],[-19,-5],[-186,81],[3,75],[40,4],[55,32],[29,33],[24,59],[-79,-70],[-72,-27],[-162,75],[-23,71],[64,139],[2,54],[-17,-5],[-17,-48],[-138,-59],[-71,-64],[-85,-15],[-58,27],[-80,-7],[16,-43],[-24,-2],[-45,-1],[-41,20],[-14,17],[9,21],[105,63],[-149,3],[2,58],[-12,21],[-41,27],[-79,13],[-31,108],[-58,29],[23,42],[-28,27],[-17,62],[82,66],[52,18],[-71,14],[-55,-45],[-67,-5],[-11,67],[28,36],[-94,40],[-91,65],[14,46],[-9,63],[54,80],[68,62],[-72,-30],[-73,-68],[-27,54],[-73,64],[-161,241],[-17,51],[21,65],[-23,44],[206,62],[86,10],[20,19],[-55,-2],[12,45],[-69,-39],[-85,-28],[-124,-25],[-30,45],[74,113],[42,43],[96,-1],[-4,38],[87,21],[33,-5],[48,-84],[36,-19],[-28,113],[-42,33],[-53,-6],[-108,191],[58,-177],[-41,-45],[-80,-30],[20,70],[-28,-13],[-26,-24],[-96,-185],[-40,-27],[-41,86],[1,117],[-41,207],[-46,22],[-22,55],[87,49],[136,119],[128,17],[-1,11],[-73,1],[-79,-25],[-152,-115],[-49,0],[-51,57],[-56,-11],[-50,13],[-8,77],[31,91],[-34,0],[-36,31],[324,201],[40,51],[91,47],[70,66],[-43,-12],[-395,-286],[-122,-27],[-19,6],[-4,114],[52,103],[73,46],[19,32],[133,10],[25,14],[-42,12],[-214,7],[-59,27],[-48,66],[21,123],[201,118],[73,28],[69,1],[174,-47],[51,10],[66,-14],[115,-56],[22,8],[-135,73],[1,18],[68,22],[-20,10],[-193,-31],[-140,44],[-154,-35],[-106,-80],[-45,-17],[-32,6],[38,126],[55,58],[49,104],[63,-1],[201,-57],[68,-8],[44,-1],[34,27],[15,45],[46,47],[-1,41],[-60,-11],[-42,-53],[-138,-23],[-121,18],[-19,21],[-146,-6],[83,138],[105,43],[73,-4],[127,-67],[38,-5],[119,27],[45,38],[33,58],[-54,-26],[-53,-8],[40,171],[168,3],[23,15],[-58,34],[-76,-18],[-55,1],[45,89],[21,110],[21,27],[89,31],[-36,62],[50,34],[-35,11],[-88,-16],[-74,24],[-95,-31],[-183,32],[-186,106],[-240,53],[-125,121],[45,39],[43,14],[158,-23],[172,-7],[96,-28],[214,-109],[158,-32],[50,23],[-65,16],[-95,59],[16,116],[-125,68],[156,-16],[27,12],[-87,52],[-165,1],[-115,35],[-115,-9],[-26,58],[54,64],[35,19],[190,42],[47,32],[-103,-18],[-111,18],[-124,-59],[-66,19],[-9,26],[55,31],[25,43],[-46,-8],[-20,92],[-66,70],[-29,59],[38,30],[-66,-19],[32,-81],[80,-105],[-77,-94],[-27,-17],[-31,7],[26,-58],[-12,-29],[-86,-33],[-90,-7],[-156,26],[-63,56],[-18,60],[85,184],[116,107],[-14,17],[-103,-85],[-63,-9],[-13,53],[62,5],[20,18],[-74,44],[35,22],[81,-2],[48,32],[45,56],[0,76],[-31,41],[-50,21],[-14,-24],[-38,-12],[-92,33],[-6,46],[81,39],[17,55],[-38,58],[-71,-33],[-33,53],[-55,23],[33,89],[31,0],[-94,161],[-65,23],[-178,-24],[127,41],[16,26],[-19,66],[112,43],[-149,73],[-78,88],[-150,64],[-107,104],[-76,33],[-9,14],[86,53],[-65,80],[-137,33],[-88,41],[-422,131],[-220,37],[-156,5],[-133,44],[-134,-60],[-28,-3],[-84,47],[-147,-63],[-111,-18],[-49,5],[-73,42],[-63,-8],[-80,-36],[-99,35],[-29,-2],[-15,-27],[92,-77],[-357,40],[-296,116],[-27,29],[150,71],[182,40],[-27,11],[-249,4],[-102,22],[-52,40],[47,71],[-181,-80],[-41,6],[-44,21],[14,26],[-98,44],[-4,20],[71,44],[292,24],[165,-15],[93,65],[111,16],[290,-7],[133,-37],[-16,50],[45,53],[-103,73],[-67,-4],[-174,-65],[-109,3],[-117,31],[-86,-47],[-91,-12],[-151,36],[-36,39],[-47,23],[-52,4],[101,62],[-72,1],[-76,-22],[-132,9],[-92,38],[-123,25],[-159,104],[57,37],[-32,36],[58,53],[199,62],[181,6],[225,62],[238,34],[-9,38],[158,42],[248,37],[310,-2],[60,24],[130,116],[120,247],[149,43],[-63,19],[-332,-52],[-155,24],[-96,-1],[-86,64],[36,71],[165,87],[176,44],[273,139],[193,25],[167,-74],[-49,85],[80,59],[146,-10],[161,-35],[48,8],[82,115],[-25,154],[87,47],[180,36],[198,-23],[291,-115],[355,-113],[-641,282],[132,38],[515,58],[252,9],[50,23],[192,23],[136,-32],[77,-50],[28,-224],[124,95],[5,198],[60,0],[455,-187],[249,-1],[79,11],[-207,89],[-131,115],[-13,33],[231,6],[285,-30],[364,-101],[179,-34],[321,-117],[137,-22],[47,31],[-3,180],[74,47],[-21,46],[-298,120],[119,17],[585,-19],[187,-27],[126,11],[-3,19],[-15,13],[-806,46],[-333,-11],[-83,41],[75,49],[182,-20],[184,49],[399,59],[181,-14],[233,-58],[228,102],[346,-69],[187,-77],[54,71],[-147,42],[-50,50],[50,19],[114,-1],[84,37],[223,-14],[48,31],[279,1],[190,14],[201,-18],[207,31],[734,-15]],[[30823,70097],[167,-61],[35,-88],[-52,-51],[-159,-55],[-196,-47],[-52,3],[-94,62],[6,10],[121,16],[-40,33],[-221,31],[-44,45],[31,104],[30,7],[73,-19],[10,8],[-109,49],[-14,35],[30,54],[81,27],[260,-49],[137,-114]],[[31239,69924],[-45,-11],[-33,90],[-3,54],[62,30],[100,-32],[-56,-41],[-25,-90]],[[30629,70577],[-88,19],[-15,19],[63,68],[28,6],[37,-63],[-25,-49]],[[30270,71344],[-133,-100],[-74,43],[-65,3],[-18,22],[53,28],[116,-1],[75,27],[42,-9],[4,-13]],[[26237,73331],[-86,-4],[-85,17],[-28,34],[97,15],[159,-32],[-57,-30]],[[32729,75417],[-49,-8],[-103,46],[-305,77],[-135,81],[9,55],[211,15],[359,-92],[40,-35],[-27,-139]],[[37435,70524],[9,-37],[-18,-24],[30,-39],[-14,-17],[-123,-35],[-74,-52],[-30,25],[-64,18],[-313,-43],[-26,5],[9,56],[61,52],[2,81],[22,7],[91,-20],[150,4],[194,73],[23,-1],[71,-53]],[[39074,75312],[-25,-14],[-64,6],[-82,39],[-54,33],[24,55],[44,3],[60,-33],[97,-89]],[[39329,74427],[-103,-50],[-151,4],[-90,23],[-26,34],[35,39],[245,50],[124,-11],[17,-39],[-51,-50]],[[38994,73615],[-32,-15],[-45,178],[74,42],[30,-143],[-27,-62]],[[39094,72769],[-28,-12],[-94,182],[7,116],[42,4],[37,-27],[36,-263]],[[39235,72490],[28,-89],[30,-26],[64,4],[25,-51],[-47,-19],[-262,4],[-54,31],[9,108],[53,31],[45,-27],[109,34]],[[39246,73470],[-64,11],[98,91],[32,-7],[10,-34],[-76,-61]],[[34626,68163],[-38,-1],[-12,35],[3,37],[43,12],[23,-26],[-19,-57]],[[32389,66080],[-28,-53],[-27,12],[-14,24],[-57,7],[95,67],[46,15],[-15,-72]],[[31079,70495],[-107,7],[3,43],[33,3],[39,-14],[43,-22],[-11,-17]],[[41990,66530],[-11,-17],[-41,32],[-11,25],[54,-16],[9,-24]],[[41972,66371],[5,-13],[-51,53],[-11,43],[47,-27],[10,-56]],[[41854,66676],[29,-29],[-27,-15],[-49,16],[-10,28],[57,0]],[[41989,66715],[-7,-59],[-40,20],[-4,-9],[28,-74],[-70,63],[-38,84],[51,13],[80,-38]],[[42043,66728],[-12,-31],[-21,8],[-3,66],[36,-43]],[[45694,63504],[-23,102],[23,9],[-13,115],[-117,80],[17,167],[-20,69],[11,205],[28,5],[66,-25],[29,-29],[15,58],[37,47],[43,26],[32,-40],[14,136],[-35,14],[-28,-13],[-54,-127],[-74,-26],[-48,39],[4,42],[81,114],[197,28],[29,25],[99,153],[72,16],[67,51],[18,1],[-36,-53],[-4,-23],[22,-50],[-3,-90],[-55,-107],[-3,-166],[50,-44],[86,1],[20,-35],[-17,-64],[-25,-24],[-52,-18],[-27,33],[-13,-10],[-13,-18],[-33,-152],[-40,5],[-28,-15],[29,-36],[-105,-117],[20,-100],[-53,-99],[46,-7],[22,-24],[1,-62]],[[46639,63891],[-6,-57],[-54,-29],[-26,-53],[14,-24],[27,-12],[7,-44],[-22,-21],[-56,-22],[-10,-163],[-46,-19],[-29,63],[-21,119],[-89,7],[-28,55],[5,60],[-17,59],[-27,19],[-7,34],[83,14],[34,55],[3,28],[37,6],[16,-21],[-1,-79],[31,-13],[28,87],[-17,31],[86,66],[87,-24],[7,-13],[-20,-51],[11,-58]],[[46173,63814],[42,-126],[-8,-83],[-39,-35],[-44,-2],[-110,50],[-32,85],[1,70],[103,42],[53,-24],[34,23]],[[46346,63500],[43,-28],[49,-10],[6,-56],[-75,-22],[-102,63],[6,74],[48,5],[25,-26]],[[46194,63438],[-10,-3],[-17,47],[80,133],[-53,-177]],[[46634,63532],[-46,-2],[-43,-30],[-15,9],[37,66],[48,-21],[19,-22]],[[46662,63808],[-28,-17],[-7,25],[19,29],[16,-37]],[[46134,63480],[-35,5],[-34,46],[69,-51]],[[46031,63497],[-25,-6],[-37,15],[-6,71],[53,-36],[15,-44]],[[46163,63890],[-19,0],[5,92],[28,-50],[-14,-42]],[[46271,64534],[-10,-10],[-33,14],[15,21],[58,6],[-30,-31]],[[47249,63556],[-9,-7],[-40,12],[-49,31],[19,85],[90,-67],[-11,-54]],[[47700,60742],[-16,46],[-83,40],[-16,2],[-27,-27],[-75,7],[-56,48],[-30,-2],[-94,50],[-36,-12],[-23,22],[-23,-6],[-12,-93],[-25,1],[-28,-44],[-3,-32],[-49,11],[-30,-22],[-77,12],[-14,39],[-43,33]],[[51830,54810],[-33,13],[-47,-33],[-36,9],[-12,-17],[-5,44],[-17,27],[-47,5],[-66,-38],[-32,13],[-18,24]],[[51517,54857],[41,4],[15,92],[88,-21],[73,5],[110,52],[32,32],[88,51],[-149,-162],[-8,-40],[23,-60]],[[51830,54810],[11,-34],[-85,-7],[-69,-96],[-85,-34],[-13,-46],[-16,3],[-18,37],[-43,-5],[-59,35],[-32,98],[-3,57],[21,-14],[40,46],[38,7]],[[23774,49594],[64,-20],[76,17],[-3,-12],[31,-32],[33,15],[87,6],[24,-38],[45,-32],[70,-1],[37,-32],[25,8],[-8,-26],[42,-37],[31,-72],[67,-75],[142,-18],[132,-113],[67,-91],[55,-46],[34,-4],[-20,45],[20,-8],[48,-70],[38,-30],[-9,-20],[-45,7],[23,-33],[4,-24],[11,-2],[27,48],[63,-83],[-7,-30],[34,12],[19,-32],[94,-25],[45,-42],[85,-9],[22,-22],[9,-29],[-16,-43],[16,-26],[-35,-11],[-5,-16],[9,-27],[124,0],[79,-28],[37,-34],[53,-82],[31,-25],[37,-1],[16,-15],[7,-26],[-4,-28],[-24,-39],[-92,-10],[-117,-69],[-9,47],[-16,-36],[-17,-14],[-64,-1],[-51,30],[-95,13],[-151,-21],[-53,-21],[-173,-17],[39,100],[82,95],[27,48],[-1,36],[-20,30],[-10,37],[-57,20],[-129,11],[-29,21],[-90,128],[-21,158],[-14,44],[-23,34],[-23,11],[-88,-29],[-41,14],[-134,70],[-78,56],[-61,110],[-4,-26],[-112,-4],[-18,9],[-19,26],[-17,59],[-9,-55],[-15,-15],[-17,-2],[-21,35],[-91,7],[-63,82],[89,48],[7,17],[-5,25],[-33,35],[-218,7],[-155,-204],[-26,-16],[-28,10],[-73,-17],[-31,-100],[-51,-19],[-63,-54],[0,68],[-30,-5],[-52,-40],[-11,13],[2,16],[83,60],[39,2],[11,17],[-13,80],[5,53],[77,126],[190,133],[143,33],[77,48],[60,16],[64,-12]],[[24784,49063],[-10,-13],[-46,51],[-5,22],[69,-15],[-8,-45]],[[24697,49209],[-5,-7],[-32,23],[-23,45],[30,3],[30,-64]],[[24551,49326],[68,-5],[16,-37],[-64,4],[-36,30],[16,8]],[[24733,49140],[-32,17],[-8,15],[11,43],[7,-25],[18,-11],[13,-29],[-9,-10]],[[23599,48897],[-71,-56],[-26,-2],[-26,13],[-28,54],[1,13],[30,-32],[20,19],[-27,87],[23,66],[67,-23],[20,-54],[17,-85]],[[24377,49375],[0,-11],[-42,32],[-26,41],[12,1],[56,-63]],[[48198,59107],[-42,6],[-21,63],[-20,22],[-92,25],[-36,-7],[-34,11],[-30,-29],[-14,0],[-39,38],[-36,-19],[-44,19],[-48,4],[-50,46],[-31,-35],[-63,8],[-57,-91],[-33,28],[-32,52],[-34,11],[-24,-16],[-12,-181],[89,-108],[26,-134],[21,-39],[71,-93],[29,-59],[90,-115],[46,-31],[5,-61],[86,-131],[-2,-21],[-14,-9]],[[47853,58261],[-61,77],[-49,42],[-55,80],[-123,66],[-64,-16],[-35,6],[-10,21],[0,39],[-108,110],[-76,115],[-15,38],[39,14],[45,-8],[-48,49],[-70,96],[-21,46],[3,116],[-13,48],[-74,95],[-57,17],[-19,-78],[-65,-142],[-25,1],[-57,119],[-27,164],[15,15]],[[48079,58039],[-168,160],[-58,17],[-79,58],[-51,20],[42,5],[122,-77],[-13,21]],[[47874,58243],[32,2],[9,-25],[69,-68],[76,-57]],[[47627,58286],[108,-14],[22,-21],[-51,5],[-30,-14],[-38,17],[-11,27]],[[47759,58343],[-125,-1],[-73,40],[35,6],[32,-6],[10,-18],[121,-21]],[[47660,58407],[-72,6],[-16,14],[6,30],[94,-15],[13,-16],[-25,-19]],[[47283,58753],[4,-15],[-44,57],[40,-42]],[[47181,59154],[-29,-9],[-18,30],[-25,5],[-15,19],[29,64],[58,-109]],[[47186,59059],[7,-20],[-44,24],[4,35],[15,-2],[18,-37]],[[47273,58873],[-6,-12],[-61,78],[-41,92],[121,-152],[-13,-6]],[[47273,58692],[3,-11],[-16,4],[-65,115],[78,-108]],[[47317,58715],[16,-33],[-15,7],[-25,42],[24,-16]],[[47103,59015],[-2,-17],[-14,22],[-26,100],[7,53],[-14,55],[11,9],[7,0],[9,-59],[17,-27],[5,-136]],[[47859,58187],[33,-31],[-97,40],[64,-9]],[[42257,44012],[34,-49],[29,3],[39,-35],[26,-86],[6,-50],[83,-95],[24,4],[29,-33],[18,-1],[16,43],[115,76],[138,-10],[31,-62],[26,-29],[41,-114],[12,-1],[18,25]],[[42863,41691],[-36,32],[4,64],[-12,2],[-9,-8],[-26,-90],[-127,40],[-27,31],[-33,8],[-105,-13],[-14,-20],[120,12],[19,-14],[-209,-41],[-17,5],[-13,24],[-63,3],[-21,-26],[64,5],[11,-14],[-122,-18],[-85,-34],[-225,-149],[-141,-129],[-29,-11]],[[42840,41673],[-32,11],[8,14],[31,-8]],[[23522,42980],[-17,49],[-42,74],[-10,103],[-30,34],[-25,23],[-19,-4],[11,-39],[30,-49],[2,-44],[-61,17],[-15,15],[-31,59],[29,83],[-6,101],[-62,106],[-54,45],[-25,37],[-88,46],[-18,35],[4,62],[-18,48],[-75,95],[-42,35],[-15,27],[6,-66],[18,-39],[48,-37],[19,-49],[-42,-67],[-4,-29],[-10,-9],[-48,100],[-75,40],[-14,25],[-28,77],[-13,69],[5,47],[41,104],[-1,48],[-59,67],[38,38],[2,34]],[[23337,44227],[47,-197],[25,-67],[53,-119],[24,-23],[60,-140],[52,-41]],[[49399,34678],[-9,-9],[-7,-40],[-16,-13],[-90,19],[-94,-52],[-124,14],[-60,-62],[-9,2],[-13,31],[-11,101],[6,28],[19,20],[6,40],[-8,190],[-18,95],[-27,78],[-56,118],[-11,55],[4,132],[19,208],[-2,154],[-23,101],[-6,108],[15,194],[-14,47],[-284,16],[-13,15],[-5,27],[13,115],[-173,-29],[-52,-22],[-32,-47],[-11,-59],[-1,-85],[-26,-80],[-7,-137],[-96,-15],[-93,29],[-90,-39],[-44,-37],[-23,18],[-81,-14],[-10,10],[-93,270],[-41,89],[-8,44],[4,42],[-12,56],[-42,138],[-9,64],[-3,135],[-38,87],[-26,29],[-28,15],[-143,1],[-321,-13],[-102,16],[-164,-11],[-57,7]],[[46759,36872],[-15,13],[-35,-8],[-43,-47],[-55,-17],[-34,46],[-24,60]],[[46553,36919],[65,17],[5,10],[4,240],[-17,34],[35,41],[57,106],[59,44]],[[46761,37411],[3,15],[12,-1],[20,-45],[48,-57],[59,51],[14,117],[14,8],[40,-22],[26,30],[75,52],[22,-67],[-20,-59],[9,-42],[2,-66],[12,-14],[60,-8],[17,16],[118,236],[31,27],[50,94],[66,43],[28,73],[38,133],[17,190],[-6,329],[6,44],[79,148],[82,269],[55,71],[41,28],[64,99],[51,99],[-7,119],[12,99],[28,125],[9,133],[-10,140],[4,115],[38,182],[3,210],[34,176],[68,223],[32,167],[-3,76]],[[48102,40967],[-3,88],[8,121],[-3,71],[-13,62],[7,38],[25,17],[32,61],[58,161],[61,79],[43,25],[75,-17],[47,-63],[54,-51],[41,-63],[39,-97],[97,-22],[41,-36],[25,-13],[29,4],[46,-29],[36,16],[53,-12],[125,-52],[20,32],[50,168],[37,58],[61,6],[48,-32],[25,-1],[219,145],[28,7],[80,-35],[51,24],[21,-7],[45,25],[36,101],[30,25],[315,-110],[60,61],[80,-40]],[[50621,38251],[1,-35],[50,-112],[-3,-342],[3,-33],[26,-81],[18,-155]],[[46814,40390],[288,-3],[23,19],[36,-33],[9,-21],[27,2],[7,-30],[48,-4],[14,15],[43,-40],[64,2],[34,-15],[77,-105],[19,21],[-16,131],[2,37],[23,43],[2,29]],[[47514,40438],[69,246],[2,146],[23,130],[10,19],[15,13],[133,28],[65,39],[94,-59],[56,-1],[12,-22],[76,54],[19,-50],[14,-14]],[[46761,37411],[-47,84],[-20,6],[-38,-44],[-62,-39],[-19,-64],[-25,-6],[-45,-98]],[[46505,37250],[-48,109],[-9,34],[-1,49],[-157,284]],[[54366,34148],[13,-61],[-6,-60],[-69,82],[39,2],[8,32],[15,5]],[[54200,34049],[17,-27],[-47,11],[-8,42],[38,-26]],[[54122,34227],[-5,-6],[-35,31],[-18,40],[7,141],[10,25],[11,3],[12,-18],[-3,-90],[27,-109],[-6,-17]],[[27398,39979],[-50,-17],[-2,189],[-7,38],[-57,168],[-11,13],[-14,2],[-24,-21],[-63,-124],[-29,-18],[-24,17],[-23,74],[-16,14],[-15,-62],[20,-55],[-277,0],[-54,23],[-74,-28],[-1,-285],[13,8],[86,-17],[32,5],[13,-15],[23,-67],[-4,-66],[6,-23],[-31,-15],[-46,46],[-81,-54],[-60,-13],[-4,-314],[36,-78],[70,-84],[10,-57],[-5,-55],[17,-67],[23,-36],[0,-41],[11,-45],[-65,-646],[-72,-687]],[[24495,40080],[-7,31],[-33,43],[17,57],[39,42],[53,-33],[6,66],[-19,58],[3,110],[6,22],[14,29],[29,26],[17,-10],[12,22],[42,-10],[13,9],[33,53],[14,42],[15,-4],[9,31],[25,40],[-5,71],[32,16],[35,116],[14,3],[8,56],[60,192],[-12,-3],[-10,-20],[-23,14],[4,65],[-8,7],[-19,-49],[-17,50],[5,82],[-27,-15],[1,19],[39,62],[16,142],[-12,51],[-9,213],[-7,40],[-32,53],[51,61],[18,46],[-23,94],[-30,80],[-1,48],[18,-5],[7,132],[-17,50],[-21,1],[-67,195],[-23,40]],[[24855,43237],[27,-72],[32,-40],[47,-112],[21,-25],[-15,-25],[-3,-26],[14,-24],[19,6],[11,31],[-7,135],[-11,68],[-25,47],[8,20],[48,33],[100,129],[34,122],[26,43],[30,29],[36,-7],[28,15],[9,39],[-19,84],[22,115],[-1,58],[14,35],[-5,14],[-36,-41],[37,81],[26,124],[146,219],[94,-53],[30,3],[-39,-27],[-6,-32],[14,-33],[14,-9],[13,21],[31,128],[5,70],[14,24],[20,9],[93,-31],[88,11],[143,183],[108,77],[27,75],[7,57],[19,21],[21,0],[12,31],[50,49],[53,5],[56,-42],[26,-75],[5,-52],[-45,-81]],[[24676,40557],[-7,-10],[-12,17],[-4,22],[7,16],[15,-18],[1,-27]],[[68090,48895],[-2,74],[-13,8],[-59,-44],[-38,-66],[-18,-14],[-18,-6],[-43,19],[-33,-17],[-16,8],[-15,34],[2,45],[-29,18],[-9,25],[2,100],[-7,18],[-176,43],[-5,29],[8,39],[32,95],[0,83],[12,60],[29,59],[-10,38],[-11,10],[-134,53],[4,83],[-20,62],[8,45],[-11,50],[-26,46],[-1,27],[39,95],[-62,-22],[-20,20],[-69,-2],[-48,-21],[-80,-73],[-29,6],[1,34],[29,62],[5,43],[-10,66],[-33,49],[-1,61],[13,64],[38,41],[-6,72],[26,96],[23,-7],[23,25],[22,53],[10,68],[7,11],[30,-11],[9,7],[32,89],[39,17],[7,16],[0,23],[-22,68],[2,18],[22,11],[5,22],[-3,48],[15,125],[1,89],[-21,344],[-48,38],[-11,-8],[-14,-45],[-12,6],[-58,278],[-42,75],[-29,0],[-18,49],[-23,21],[-15,-3],[-52,-128]],[[65787,51609],[2,71],[-89,68],[-47,-45],[-14,-2],[-74,44],[-88,4],[-1,72],[-89,29],[-40,-24],[-16,-30],[-65,-56],[-78,-153],[-14,-51],[-37,-57],[-14,-65]],[[62437,54999],[-86,-9],[-86,34],[-78,48]],[[61648,55668],[-41,59],[86,59],[9,-19],[30,-7]],[[73714,56975],[-62,-72],[-84,-8],[-26,26],[-17,-42],[-57,-10],[-29,-33],[-47,-6],[-17,-24],[-30,-8],[-122,-103],[-85,-137],[-29,-25],[-45,3],[-11,-21],[9,-28],[-5,-11],[-80,-25],[-38,-34],[-13,83],[138,83],[-12,48],[46,73],[-132,-1],[6,30],[-8,41],[34,33],[27,8],[-11,51],[11,39],[69,47],[94,178],[20,81],[-23,26],[-9,38],[-68,67],[-6,58],[-26,-56],[-134,24],[-98,-137],[-70,-157],[-216,-144],[-48,-66],[-31,-83],[-9,-67],[-60,-99],[-55,-10],[-30,7],[-80,-48],[-36,56],[-26,14],[-42,-16],[-20,-25],[-41,-123],[-14,-100],[24,-88],[27,-49],[60,-56],[128,-39],[62,14],[34,-37],[21,-61],[3,-55],[12,-34],[-24,-26],[-9,-136],[38,-57],[43,-27],[39,-6],[76,13],[30,43],[-1,43],[66,63],[38,56],[-13,25],[119,68],[73,-48],[41,-55],[41,-9],[61,-52],[78,-7],[23,37],[13,-3],[14,-29],[41,-22],[64,9],[15,-10],[-22,-37],[3,-60],[-34,-50],[19,-28],[-1,-25],[-44,-50],[-24,7],[-19,48],[-55,0],[-213,-152],[-16,-6],[-43,15],[-3,-11],[20,-30],[4,-41],[-12,-8],[-18,13],[-15,-19],[-8,-107],[-10,-17],[-59,-33],[-16,24],[0,52],[-35,-12],[-22,-36],[21,-45],[26,-14],[-56,-54],[-19,-53],[-27,-42],[-35,-24],[-47,-101],[-24,-25],[-18,-82],[-33,-45],[-13,-71],[9,-45],[36,1],[57,-73],[45,-38],[47,-21],[73,-76],[57,-245],[1,-34],[88,-272],[7,-77],[-11,-34],[0,-45],[33,-42],[86,-62],[14,-23],[1,-73],[21,-37],[63,-56],[19,-41],[6,-37],[2,-49],[-44,4],[-80,64],[-50,-7],[-42,12],[-44,71],[-66,32],[-81,-61],[-21,4],[-15,-17],[38,-13],[74,50],[53,-16],[17,-72],[65,-44],[36,-40],[36,-63],[75,-72],[30,-69],[22,-108],[-26,-20],[-58,-13],[-27,-22],[-26,-40],[-76,-62],[-24,-72],[-19,-17],[-46,16],[-44,-2],[-61,-64],[16,10],[22,-7],[34,24],[34,-74],[65,12],[62,62],[24,1],[43,-34],[59,-109],[98,-48],[-43,-39],[-55,-86],[-42,-43],[45,11],[48,51],[13,-9],[6,-51],[-12,-156],[-15,-2],[-16,42],[-18,13],[-44,-8],[-11,-19],[-10,-27],[18,-6],[35,-47],[3,-25],[-9,-17],[-25,7],[30,-35],[-8,-37],[-27,-23],[-10,-32],[32,-153],[-24,14],[-37,-41],[-20,-4],[-14,55],[-17,-9],[-12,-16],[-33,-111],[-16,-14],[-35,2],[20,-31],[0,-21],[-36,-64],[-4,-46],[-19,-26],[10,-43],[-5,-31],[-54,-112],[-26,-26],[-34,-92],[-12,-94],[-29,-38],[-21,11],[-1,32],[-9,2],[-5,21],[1,48],[-28,-51],[-29,24],[12,-71],[21,-6],[14,-27],[24,-93],[-46,-43],[-56,-80],[-36,4],[-42,26],[30,-65],[17,-11],[21,2],[20,24],[28,-2],[7,-37],[-23,-97],[-3,-47],[20,-88],[-7,-10],[-41,41],[-59,-5],[-8,-15],[5,-26],[18,-21],[11,-33],[-13,-12],[-62,2],[-16,-36],[11,-54],[-12,-33],[-66,-41],[20,-39],[-15,-55],[-23,-18],[-36,9],[-28,-12],[-25,23],[-26,1],[-17,-30],[-2,-34],[-40,-3],[9,-35],[35,-7],[8,-58],[-53,-103],[-23,1],[-18,-33],[-10,-45],[-12,9],[-27,-7],[-8,-21],[7,-25],[-11,-50],[-12,-14],[-9,52],[-10,3],[-16,-30],[-34,-30],[-12,20],[-30,10],[-12,-85],[-36,-41],[-20,-2],[13,-12],[4,-22],[-7,-21],[-20,-5],[-12,-16],[-4,-76],[-12,-27],[-30,-2],[-23,17],[-23,-41],[-74,-37],[-51,22],[-20,-12],[-15,-47],[-28,0],[-45,43],[-25,-15],[-20,-32],[-23,-10],[-15,-30],[-25,4],[-9,49],[-15,7],[-26,-58],[3,-41],[-15,-1],[-18,25],[-19,4],[-18,-23]],[[71269,49321],[-35,11],[-26,-23]],[[71208,49309],[-20,8],[-25,33],[-18,56],[-33,56],[-8,69],[9,47],[-25,-11],[-18,-20],[-1,-50],[-27,-13],[54,-139],[0,-84],[9,-23],[-10,-55],[-5,9]],[[71090,49192],[-8,-2],[-4,-20]],[[71078,49170],[-27,-13],[-24,-34],[-29,-6],[-14,59],[-20,-39],[-6,-80],[-7,-13],[-12,-12],[-23,28],[-36,-37],[-18,-36],[-40,45],[2,34],[-17,9],[7,-78],[-20,-26],[-88,48],[-17,-59],[-23,1],[-42,-70],[-51,-10],[-18,-22],[-53,0],[-20,11],[-5,-35],[-55,-19],[-49,-76],[-26,7],[-12,47],[-9,-73],[-43,-58],[-10,-41],[6,-38],[45,-9],[6,-20],[-19,-53],[49,-67],[1,-26],[-16,-46],[-26,-26],[-54,-13],[-44,13],[-14,30],[1,22],[24,-5],[-4,20],[-26,29],[-17,47],[3,39],[-34,91],[10,59],[-6,35],[19,42],[5,48],[34,17],[3,46],[-25,1],[-17,34],[-4,-14],[-13,-2],[-23,65],[-17,9],[5,-68],[-48,-37],[-64,-6],[13,46],[-8,20],[-17,16],[-63,1],[-38,62],[-5,57],[-28,2],[12,-103],[-6,-16],[-14,-12],[-15,32],[-14,6],[-19,-59],[-24,3],[-42,-25]],[[72217,50178],[-8,-26],[-14,4],[-3,24],[6,23],[19,-25]],[[73109,53244],[-20,-12],[-63,38],[-45,41],[-30,70],[61,-21],[7,-27],[20,-25],[56,-37],[14,-27]],[[73214,52574],[-4,-8],[-30,25],[-32,5],[-11,22],[-3,35],[35,-1],[42,-32],[9,-16],[-6,-30]],[[73184,52450],[-1,-9],[-31,34],[5,16],[14,4],[13,-45]],[[73240,52543],[-3,-20],[-6,3],[-9,36],[5,9],[12,-2],[1,-26]],[[72614,50599],[-18,-20],[-11,10],[5,52],[-6,17],[6,21],[14,6],[14,-27],[-4,-59]],[[70329,48687],[9,-15],[24,10],[4,-28],[-8,-22],[-20,17],[-34,-2],[-4,10],[11,22],[18,8]],[[72960,51752],[-28,-10],[0,31],[17,30],[11,-26],[0,-25]],[[71097,49437],[2,-20],[-39,63],[15,1],[22,-44]],[[70911,48910],[-4,-9],[-14,51],[16,32],[20,-8],[-15,-25],[-3,-41]],[[70876,48927],[-29,-8],[8,23],[22,15],[-1,-30]],[[71269,49321],[16,-63],[-10,-10],[-6,-34],[-57,35],[-23,-5],[-10,28],[29,37]],[[71090,49192],[5,-10],[-17,-12]],[[70451,48204],[20,-47],[10,-100]],[[70481,48057],[-46,-43],[-44,-117],[-17,-52],[-1,-32],[-12,-57],[-10,-68],[-6,-29],[-13,-22],[-35,-18],[-24,-38],[-26,-28],[5,-25]],[[70252,47528],[-12,-14],[-12,2],[-37,-11],[-14,-21],[-13,-39],[-45,-18]],[[70119,47427],[-43,36],[-38,11],[-37,19],[-80,73]],[[69921,47566],[-16,163],[7,174]],[[69912,47903],[148,200],[-24,3],[21,51]],[[70057,48157],[61,9],[17,29],[16,6],[62,-9],[43,13],[21,27],[10,0],[32,-7],[12,-28],[0,37],[6,-2],[41,-35],[2,54],[13,17]],[[70393,48268],[39,-54],[19,-10]],[[72902,49356],[-27,-106],[-14,-199],[-24,14],[-12,34],[-3,55],[-24,86],[-64,85],[-20,74],[-39,189],[17,109],[-3,112],[121,362],[50,107],[50,136],[78,55],[21,39],[35,12],[22,-41],[40,-34],[13,-21],[6,-36],[-27,-66],[2,-127],[-52,-211],[-52,-386],[-25,-90],[-69,-152]],[[72272,50190],[10,-29],[-4,-19],[-33,10],[-2,18],[12,-4],[17,24]],[[71261,49177],[-7,-7],[-17,42],[27,-12],[-3,-23]],[[71204,49176],[-29,0],[-10,14],[50,40],[-11,-54]],[[70451,48204],[30,-147]],[[70481,48057],[-229,-529]],[[70252,47528],[-133,-101]],[[70119,47427],[-198,139]],[[69921,47566],[-9,337]],[[69912,47903],[145,254]],[[70057,48157],[336,111]],[[70393,48268],[58,-64]],[[70658,46697],[11,-18],[-12,-23],[1,41]],[[70675,46570],[0,-17],[-59,-27],[22,43],[37,1]],[[70868,46481],[-33,-26],[-3,19],[36,7]],[[71179,42777],[156,148],[-41,-134],[-75,-45],[-40,31]],[[70106,42661],[46,95],[71,-16],[-117,-79]],[[71807,43999],[38,-27],[-43,-11],[5,38]],[[72530,47334],[-4,5],[133,445],[5,-4],[-134,-446]],[[72433,46020],[-5,0],[0,454],[5,0],[0,-454]],[[72339,44347],[41,186],[28,165],[5,-2],[-28,-166],[-41,-187],[-40,-122],[-4,4],[39,122]],[[71579,42575],[-4,6],[171,364],[3,-5],[-170,-365]],[[70794,40992],[51,28],[79,67],[2,-8],[-80,-68],[-177,-80],[-1,9],[126,52]],[[69821,42078],[-22,230],[0,181],[7,56],[4,-2],[-6,-54],[0,-181],[22,-227],[-5,-3]],[[70267,44425],[27,106],[11,77],[6,199],[5,0],[-1,-129],[-17,-149],[-45,-159],[-4,4],[18,51]],[[70198,46084],[-18,128],[-24,96],[-92,232],[4,6],[93,-234],[24,-98],[18,-129],[-5,-1]],[[26760,31771],[3,-50],[34,-67],[10,-75],[54,-47],[-13,-41],[13,-61],[30,-300],[27,-55],[94,-139],[1,-10],[-57,-126],[29,-60],[5,-48],[-10,-34],[-38,-20],[17,-96],[-17,-30],[-1,-17],[4,-19],[63,-74],[-19,-40],[1,-80],[30,-20],[58,-154],[2,-140],[18,-59],[9,-101],[21,-32],[10,-121],[16,-70],[1,-145],[20,-24],[52,-6],[93,31]],[[27320,29441],[45,-79],[-84,-452],[-216,-157],[-62,-105],[-14,-51],[0,-40],[9,-26],[15,-12],[9,-55],[10,-18],[-11,-25],[-16,-6],[-23,-113],[-2,-29],[45,-292],[-39,-87],[-4,-52],[26,-88],[40,-91],[0,-41],[-6,-25],[-47,-24],[-13,-25],[-14,-3],[-14,19],[-33,-22],[-24,-110],[-13,-19],[-43,-209],[-19,-21],[-45,-96],[-12,-4],[-9,-37],[-32,-56],[-19,-99],[-22,-203],[-41,-64],[-7,-33],[24,-195],[-8,-135],[23,-19],[5,-24],[-27,-80],[-36,-13],[-12,12],[-47,-237],[9,-53],[-19,-43],[-20,3],[-12,-15],[-16,-185],[33,-119],[14,-19],[15,2],[19,-34],[-9,-32],[-16,-5],[-2,-18],[11,-81],[15,-18],[6,-53],[15,-18],[-2,-68],[15,-79],[23,-34],[-17,-63],[1,-76],[16,-31],[30,9],[19,-14],[5,-51],[-21,-88],[-2,-57],[10,-216],[-49,-34],[-57,-189],[-25,-182],[-39,-44],[5,-26],[15,-8],[13,-87],[9,-109],[-9,-47],[3,-80],[-13,-31],[-25,-6],[-39,-60],[-6,-48],[-38,-12],[-37,-45],[-2,-53],[-31,-87],[18,-119],[-20,-81],[16,-64],[-12,-81],[4,-58],[34,-122],[15,-178],[29,-42],[-3,-27],[-22,-59],[-33,-8],[-48,-38],[-28,-40],[-5,-154],[-29,-138],[-28,3],[-15,-18],[19,-110],[-5,-59],[-11,-32],[-23,-13],[-4,-23],[4,-30],[26,-39],[-4,-21],[-23,-25],[-31,-111],[-2,-42],[16,-46],[1,-293],[-10,-39],[39,-174],[-2,-23],[-25,-21],[-20,-8],[-12,14],[-8,-6],[-19,-46],[-5,-20],[18,-76],[-22,-46],[7,-88],[-8,-93],[22,-49],[67,-29],[7,-30],[-3,-26],[-34,-23],[0,-40],[37,-66],[3,-50],[-14,-21],[28,-78],[-32,-77],[-2,-121],[147,-26],[15,-23],[-2,-29],[-24,-89],[-24,-10],[-23,16],[-122,-19],[-26,9],[6,-58],[108,-33],[58,-110],[1,-44],[-34,-47],[-4,-33],[-45,-9],[-13,-20],[-1,-114],[29,-50],[-13,-39],[-46,-52],[27,-69],[15,-145],[-8,-25],[-50,-54],[-5,-81],[14,-82],[-33,-17],[-15,-45],[-59,-65],[1,-35],[-43,-133],[2,-43],[25,-19],[19,-41],[9,-52],[-15,-60],[-55,-48],[-3,-112],[-14,-49],[-93,-75],[-28,-76],[4,-50],[-79,-6],[-23,-65],[-5,-52],[26,-93],[-15,-51],[7,-94],[46,-104],[38,-165],[18,-9],[52,47],[60,2],[26,17],[29,-11],[12,-21],[16,-100],[-8,-54],[-17,-27],[18,-89],[-25,-107],[34,-65],[32,-23],[44,-60],[-4,-37],[12,-11],[475,-8],[114,-56],[68,0],[181,-68],[4,-29]],[[27018,16497],[-193,66],[-50,-28],[-42,-85],[-69,-22],[-118,-64],[-41,-6],[-56,-42],[-7,-85],[-39,-180],[8,-86],[-11,-91],[-73,-46],[-96,35],[-116,75],[-50,71],[-8,53],[26,42],[88,9],[21,-23],[6,-49],[-15,-56],[24,18],[12,110],[83,55],[27,32],[30,64],[2,19],[-17,15],[-39,21],[-124,-105],[-92,-57],[-52,-69],[-13,-75],[-43,18],[-79,78],[33,53],[6,109],[39,48],[13,6],[12,-30],[42,2],[81,71],[78,-14],[50,10],[19,24],[-73,30],[-100,7],[-22,-8],[-29,-38],[-16,29],[-51,10],[-15,-18],[-7,-59],[-31,-30],[-21,-49],[-1,-57],[-24,-22],[-52,8],[-42,66],[-33,30],[98,56],[41,76],[-13,20],[-14,0],[1,-32],[-16,-27],[-33,13],[-49,-40],[-31,10],[-49,-11],[-24,21],[-6,104],[-27,8],[-35,117],[7,5],[105,-56],[31,15],[5,53],[37,-33],[66,-2],[76,49],[36,42],[24,-15],[0,-26],[30,-68],[-2,-24],[-32,-45],[9,-12],[26,22],[11,35],[-25,135],[25,24],[8,56],[-66,83],[-88,59],[-10,-6],[-7,-11],[8,-8],[91,-51],[34,-36],[16,-18],[-5,-28],[-79,-26],[-110,-92],[-33,12],[-32,81],[-25,27],[-25,2],[-9,14],[-19,-11],[-54,45],[30,45],[34,-17],[9,126],[-11,28],[-44,31],[-51,0],[-117,58],[-58,121],[-10,46],[99,9],[9,19],[-31,65],[32,48],[68,-56],[55,-145],[80,-52],[-4,44],[20,61],[30,21],[-18,35],[9,34],[-23,-21],[-35,-106],[-20,-20],[-53,96],[2,54],[57,-11],[-115,70],[-49,69],[71,96],[77,-21],[14,12],[-12,29],[-15,-9],[-24,19],[-37,54],[8,78],[46,22],[50,-30],[14,6],[-14,38],[-48,41],[19,148],[19,31],[-22,-2],[-47,-208],[-36,44],[-3,265],[10,87],[40,45],[29,-5],[11,13],[-39,21],[-42,-29],[-31,13],[-7,45],[-18,38],[-2,121],[81,-20],[96,1],[79,-68],[35,9],[-2,13],[-27,17],[-26,50],[-26,149],[-32,-93],[-22,-28],[-70,-17],[-30,11],[-6,50],[-56,31],[-11,25],[29,59],[70,-49],[27,39],[-46,26],[-39,44],[20,45],[59,63],[-12,44],[14,48],[-40,82],[-34,9],[-3,-43],[-11,-9],[-43,9],[-76,54],[-12,50],[17,50],[-39,-38],[-81,-27],[-15,-16],[-6,-14],[29,-9],[15,-49],[-11,-32],[-16,-2],[-34,34],[-17,38],[0,31],[12,42],[178,197],[-37,68],[2,57],[74,22],[72,-7],[74,32],[18,39],[-9,80],[20,34],[20,6],[32,-19],[-33,-170],[-24,-49],[9,-48],[-15,-33],[-75,-37],[5,-13],[69,11],[29,29],[22,135],[34,15],[10,-21],[-3,-92],[-25,-134],[-33,-69],[1,-17],[24,3],[18,29],[26,89],[17,174],[0,54],[-40,32],[-5,33],[11,65],[44,-2],[69,60],[80,-46],[-10,26],[-60,60],[-53,8],[9,59],[11,55],[69,25],[82,82],[14,61],[4,69],[-40,18],[-106,99],[10,119],[38,16],[17,101],[-25,77],[6,58],[33,49],[15,72],[29,4],[-2,57],[-19,44],[-1,61],[18,72],[35,-3],[-37,92],[2,19],[35,25],[20,-24],[29,-78],[4,20],[-21,178],[-30,-13],[-28,7],[-21,38],[40,73],[42,9],[31,32],[10,65],[-10,-6],[-17,-58],[-28,-20],[-31,14],[-32,51],[-36,12],[-70,-116],[-68,-7],[-25,10],[-27,14],[27,71],[-21,3],[-24,25],[-37,174],[-5,64],[49,221],[27,169],[0,53],[63,76],[39,161],[6,87],[-71,313],[-4,62],[17,143],[-48,150],[-1,48],[15,48],[-14,61],[15,67],[55,-16],[25,7],[13,18],[24,210],[27,20],[32,111],[23,180],[47,96],[-9,76],[57,152],[39,63],[41,210],[16,144],[-3,54],[42,151],[40,73],[7,59],[-15,39],[-11,147],[37,54],[33,136],[-2,54],[10,66],[-22,78],[-4,176],[-32,279],[1,80],[-13,158],[10,130],[65,82],[20,216],[-9,132],[-32,66],[-8,120],[6,31],[27,33],[19,47],[9,72],[20,57],[8,137],[16,110],[8,38],[31,61],[7,175],[60,377],[3,147],[-19,92],[20,104],[34,74],[11,89],[-31,232],[16,226],[0,106],[28,141],[-29,36],[-18,51],[-2,49],[8,87],[27,10],[29,81],[17,128],[8,159],[36,367],[-29,277],[12,217],[-2,229],[-29,192],[-21,382],[-13,22]],[[17128,27548],[-38,-13],[11,45],[41,-15],[-14,-17]],[[24509,24697],[-45,-7],[27,38],[22,-15],[3,-14],[-7,-2]],[[26973,16367],[-6,-964]],[[26967,15403],[-36,0],[-68,-25],[-97,22],[-58,65],[-74,-46],[-26,-1],[-35,29],[-52,-25],[-104,42],[-74,9],[-51,32],[-95,-3],[-17,11],[-6,32],[31,42],[47,-28],[61,45],[47,-25],[20,3],[27,11],[17,36],[24,5],[24,-10],[-1,-60],[95,-19],[3,19],[-59,80],[-53,27],[-25,58],[-1,99],[54,26],[-12,42],[39,44],[37,-157],[-60,-9],[23,-57],[37,-20],[33,-42],[0,-31],[18,-13],[73,5],[31,27],[78,-45],[23,-35],[3,-36],[14,6],[51,65],[-229,131],[-39,97],[0,56],[14,17],[170,97],[8,37],[-9,19],[-59,17],[-57,-7],[-53,-30],[-58,17],[-31,76],[4,52],[12,27],[48,15],[15,21],[-60,84],[46,12],[48,-42],[14,0],[41,39],[65,105],[20,2],[60,-79],[21,-3],[70,42],[39,-33]],[[27348,15271],[-22,-39],[-41,-22],[-37,51],[-66,-36],[-73,17],[-26,65],[-30,40],[47,23],[208,-22],[34,-37],[6,-40]],[[25727,20446],[-35,-11],[-47,6],[-66,55],[43,155],[13,126],[-11,48],[7,93],[24,71],[13,95],[-11,29],[6,12],[74,-35],[50,-9],[25,-130],[-4,-37],[-23,-16],[15,-66],[-77,-53],[54,-77],[32,-77],[-26,-60],[-50,-37],[3,-58],[-9,-24]],[[25557,17903],[-11,-208],[15,-30],[-3,-41],[-30,-97],[-40,-2],[-29,125],[18,92],[20,40],[-57,-47],[-8,-96],[-18,-44],[-57,2],[-36,34],[-24,-10],[-5,42],[12,33],[45,-3],[7,59],[-39,59],[34,39],[27,-10],[31,10],[-2,37],[-28,16],[7,28],[56,55],[-7,61],[20,38],[36,11],[49,-26],[17,-167]],[[25307,18072],[-28,-1],[-7,79],[33,112],[-11,113],[41,23],[57,-178],[0,-87],[-85,-61]],[[25579,16249],[77,-19],[100,-46],[49,-32],[77,-92],[-105,21],[-12,33],[-60,59],[-98,6],[-70,70],[-37,76],[10,7],[24,-17],[36,-39],[9,-27]],[[25535,18147],[-5,-11],[-30,7],[-51,-11],[-22,39],[-9,64],[-39,109],[-9,51],[12,22],[54,23],[19,37],[17,-5],[-5,-75],[29,-46],[27,-95],[12,-109]],[[25933,16004],[10,-42],[48,9],[49,-14],[67,-96],[-24,-24],[-25,-62],[-38,-31],[-74,-23],[-22,27],[43,49],[5,39],[-54,2],[-13,12],[-10,-72],[-32,5],[-22,18],[-3,95],[-38,-3],[-41,72],[-49,11],[38,52],[58,7],[20,-26],[65,-18],[-3,38],[13,13],[32,-38]],[[25473,16815],[10,-85],[33,-18],[26,-43],[-31,-86],[-7,-52],[-38,4],[-40,102],[-21,109],[23,28],[23,-6],[1,39],[21,8]],[[26713,15374],[194,-43],[60,26],[48,-1],[14,-36],[-52,-50],[56,-16],[24,-27],[-11,-34],[58,-64],[10,-72],[-44,18],[-26,42],[-62,24],[-67,0],[-15,35],[10,57],[-29,-7],[-44,37],[-26,3],[-15,-59],[43,-77],[-56,14],[-56,54],[-3,40],[-40,-3],[-16,27],[-22,12],[23,116],[44,-16]],[[26304,15762],[54,-35],[36,1],[4,-59],[-34,-56],[-80,63],[-69,0],[-14,-20],[-32,-11],[-6,41],[-57,70],[15,48],[37,23],[107,-31],[39,-34]],[[25736,19986],[-12,-19],[-48,-25],[-4,-42],[30,-60],[36,-205],[-6,-31],[-19,-7],[-4,-25],[-41,-2],[-20,9],[3,56],[-26,23],[-37,102],[-65,115],[33,28],[-5,49],[48,34],[22,-14],[28,17],[3,89],[22,20],[23,2],[19,-44],[28,-17],[-8,-53]],[[25918,19818],[-59,-36],[-29,12],[-12,26],[-11,58],[39,67],[6,61],[12,7],[89,-54],[16,-23],[3,-17],[-54,-101]],[[25420,19769],[-14,-5],[-6,14],[-4,24],[8,9],[14,-13],[2,-29]],[[25357,17232],[-7,-40],[-19,3],[-16,48],[11,76],[76,-13],[-21,-31],[-22,-7],[-2,-36]],[[25404,18040],[-2,-35],[-66,-107],[-28,-31],[-33,16],[37,49],[-7,32],[-29,29],[13,37],[112,38],[3,-28]],[[25403,18477],[-18,-5],[-18,38],[41,32],[40,-14],[2,-15],[-47,-36]],[[25510,20331],[-34,-7],[-8,24],[24,15],[18,-32]],[[25761,19800],[-15,-5],[-30,79],[10,40],[13,7],[9,-1],[11,-28],[2,-92]],[[25537,16970],[-1,-37],[-14,-15],[-27,13],[-29,-30],[-47,16],[-59,-99],[-3,30],[36,121],[27,-17],[74,48],[30,1],[13,-31]],[[25417,17400],[-47,-35],[-14,15],[-35,0],[30,145],[109,-43],[9,-38],[-52,-44]],[[25718,20235],[5,-21],[-27,0],[-13,-20],[-45,21],[0,23],[69,16],[11,-19]],[[25638,16684],[-48,14],[-20,23],[-13,52],[28,-11],[55,-52],[-2,-26]],[[25597,19418],[-38,-29],[-23,16],[-28,-8],[-3,34],[47,103],[-1,62],[19,36],[27,13],[6,-45],[-7,-82],[21,-65],[-20,-35]],[[27228,14949],[-66,20],[21,12],[53,-4],[8,-8],[-16,-20]],[[27496,15238],[-20,-19],[-14,1],[-6,16],[27,30],[21,-11],[-8,-17]],[[26401,15396],[15,-32],[30,-11],[94,25],[33,-68],[-4,-21],[-43,-28],[-16,7],[-14,35],[-27,-11],[-56,19],[-12,32],[-51,42],[-24,1],[-21,-19],[-12,20],[15,24],[93,-15]],[[27298,14998],[-66,23],[40,61],[32,-70],[-6,-14]],[[49131,44228],[-89,34],[-62,-45],[-20,-30],[-27,-1],[-19,-38],[-47,-41],[-15,-30],[4,-91],[-10,-34],[-12,-22],[-26,-14],[-32,-90],[-10,-14],[-22,2],[-61,-115],[-6,-33],[-51,-101],[-105,-122],[-65,2],[-29,-25],[-69,-24],[-126,-2],[-47,-34],[-16,-21],[0,-24],[54,-79],[-50,-110],[-66,-104],[-16,-53],[-152,-27],[-70,0],[-97,-75],[-32,-49],[-55,-30],[-25,-36],[-48,84],[-10,54],[-35,-41],[-6,-39],[-84,-49],[-18,-28],[-27,-14],[-88,21]],[[47344,42740],[17,62],[0,54],[-26,28],[-47,206],[-33,103],[-61,106],[-31,29],[-97,148],[-80,169],[-6,45],[39,92],[25,35],[144,-17],[72,18],[45,-13],[53,3],[28,21],[-30,35],[-62,118],[-35,127],[-24,204],[6,112],[16,76],[-11,44],[1,89],[-48,186],[-9,102],[-21,67],[-33,33],[-19,39],[-7,70],[-13,19],[-52,24],[-44,1]],[[47514,40438],[-19,89],[-10,191],[-38,82],[-32,13],[-156,307],[-23,83],[24,9],[-17,109],[-10,32],[-71,107],[-22,252],[-18,45],[5,70],[8,24],[0,162],[-10,22],[-18,1],[-17,53],[19,54],[55,52],[30,121],[42,100],[42,185],[41,66],[25,73]],[[37499,46869],[-34,-4],[-7,68],[54,45],[19,-8],[14,-35],[-46,-66]],[[37917,46020],[-15,-40],[-32,3],[-17,16],[-19,51],[9,111],[52,-84],[22,-57]],[[37567,46813],[-32,-9],[-18,16],[6,17],[32,22],[12,-46]],[[38044,46559],[41,-7],[13,-23],[-4,-55],[-27,-25],[-33,26],[10,45],[0,39]],[[37707,45953],[-19,-16],[-13,7],[-18,42],[5,22],[25,25],[15,-8],[8,-39],[-3,-33]],[[37761,46728],[13,-22],[-15,-5],[-36,16],[-19,-46],[-18,55],[5,26],[70,-24]],[[38051,46744],[-8,-23],[-14,41],[-3,47],[14,14],[7,2],[4,-81]],[[37980,46077],[-17,18],[10,64],[18,-3],[4,-22],[1,-44],[-16,-13]],[[12058,63558],[2,-34],[-35,-58],[-45,-29],[-10,9]],[[9445,69968],[145,-22],[103,9],[193,-46],[119,-88],[136,-72],[210,-82],[132,-33],[144,-3],[209,-87],[-43,69],[-107,33],[-15,25],[16,12],[69,3],[-78,45],[53,88],[19,-9],[28,20],[50,-13],[36,71],[166,4],[-9,41],[21,48],[40,-5],[40,-49],[48,-22],[-71,-112],[116,51],[129,29],[60,86],[123,12],[-39,17],[19,18],[37,6],[42,-21],[175,94],[73,-5],[51,63],[64,33],[40,7],[78,-25],[56,3],[65,44],[33,-38],[-26,-47],[-287,-152],[-268,-51],[-95,-100],[-86,-21],[-32,-23],[-145,-159],[17,-32],[36,-14],[15,4],[-44,32],[3,11],[145,-14],[31,15],[9,18],[-39,3],[-9,11],[5,69],[194,93],[32,35],[0,27],[54,12],[53,-11],[5,-32],[39,41],[24,-2],[22,-106],[111,158],[96,66],[244,71],[51,37],[-9,-40],[-49,-18],[-4,-15],[25,-43],[48,22],[113,91],[26,65],[144,67],[-70,14],[-17,16],[14,15],[-44,24],[10,46],[33,22],[58,-25],[127,-97],[131,-227],[106,-102],[83,-55],[92,-29],[34,-2],[52,35],[-45,87],[34,46],[4,43],[29,-5],[76,75],[-54,17],[105,54],[27,-18],[9,-150],[68,-34],[-86,-116],[35,-27],[196,11],[76,67],[46,117],[231,3],[131,-17],[138,-51],[199,-123],[307,-54],[188,-94],[210,-57],[194,-14],[89,-19],[-45,60],[75,-7],[31,13],[88,-20],[199,-86],[98,-85],[30,-51],[31,-16],[-32,-58],[-43,-8],[-119,10],[-21,-33],[-66,-28],[-10,-49],[-65,-52],[73,-36],[67,-2],[234,-47],[336,-11],[65,21],[160,12],[93,29],[49,-14],[149,71],[38,0],[34,17],[108,-114],[98,-1],[45,-17],[45,-118],[34,70],[24,7],[65,-85],[86,-65],[20,-41],[-20,-29],[-56,-20],[-66,18],[246,-263],[53,-40],[-109,149],[-4,107],[24,8],[31,-29],[24,5],[59,-29],[-46,76],[15,21],[-68,75],[-20,104],[-74,83],[-1,52],[47,38],[-8,57],[212,34],[61,45],[59,-7],[5,52],[33,28],[81,26],[45,66],[-44,19],[-74,-26],[-54,-27],[-36,-69],[-60,13],[-70,-37],[-37,-3],[-78,15],[-30,-19],[16,-37],[-14,-13],[-142,-8],[-96,62],[98,138],[212,34],[308,101],[116,-40],[36,-48],[39,-133],[67,-51],[34,5],[12,-26],[62,-9],[-2,-36],[43,-37],[71,-14],[70,4],[104,33],[153,-115],[126,-52],[106,4],[80,-22],[169,46],[156,18],[179,-24],[79,-27],[55,1],[123,36],[-71,69],[-4,34],[22,13],[169,-158],[116,-42],[72,48],[-12,57],[-83,46],[-46,8],[-90,-33],[-20,8],[-74,86],[28,6],[-65,102],[44,8],[61,-29],[103,31],[-29,27],[-3,33],[23,4],[68,-26],[34,10],[34,-19],[70,-87],[85,-2],[48,26],[-71,-119],[46,11],[23,38],[113,43],[-55,-232],[-41,-92],[44,-58],[11,-46],[102,20],[-14,-58],[53,13],[35,-26],[-1,-62],[-20,-15],[-65,-6],[-61,23],[-47,-9],[-33,32],[-17,-8],[130,-137],[23,-54],[11,32],[-66,79],[-5,30],[100,-10],[54,15],[35,137],[-50,152],[-45,56],[46,124],[18,16],[63,12],[64,-18],[28,12],[198,177],[116,63],[-47,7],[-9,111],[-42,49],[-51,-94],[-100,-18],[-30,26],[9,48],[116,92],[-41,13],[0,71],[154,45],[-49,-72],[17,-12],[77,66],[-25,3],[1,43],[-29,17],[-88,-32],[-62,4],[-88,85],[-19,0],[-27,-31],[-185,78],[-91,20],[-128,141],[-14,38],[1,51],[60,81],[42,22],[59,-6],[-26,30],[25,34],[-90,-23],[-71,73],[25,189],[93,76],[82,-37],[39,4],[38,68],[-89,9],[-24,26],[163,145],[112,35],[44,-2],[18,-57],[42,-37],[120,1],[16,-10],[-4,-46],[123,-78],[74,-87],[16,-85],[-24,-95],[152,-95],[74,-107],[0,-39],[30,-3],[25,21],[62,-72],[-12,-13],[-92,-3],[-79,41],[-46,-58],[93,-8],[36,-20],[-220,-163],[139,2],[25,-30],[72,-32],[46,7],[82,45],[44,-2],[8,-11],[-66,-41],[37,7],[151,-11],[60,-26],[-64,-13],[-51,-71],[-27,5],[-13,18],[-43,-14],[119,-79],[64,-99],[-23,-178],[90,-95],[74,102],[56,230],[94,105],[54,5],[101,-91],[100,-63],[63,-90],[37,-159],[-19,-43],[-53,1],[-30,39],[-27,-23],[8,-148],[28,-80],[169,-180],[34,-78],[22,3],[171,130],[40,140],[107,119],[54,163],[-1,81],[22,31],[37,32],[53,-14],[98,14],[-58,31],[6,28],[41,24],[13,49],[-61,40],[-39,3],[-28,26],[-29,269],[118,-18],[91,20],[79,-3],[159,-63],[253,-4],[59,-21],[-4,-18],[-25,-30],[-63,-17],[108,-37],[20,-70],[66,11],[139,-39],[12,-29],[-152,-103],[140,-15],[28,-31],[-4,-54],[-60,-44],[-94,-43],[-71,21],[-70,-12],[-13,-14],[80,-132],[17,-2],[34,23],[-21,-89],[30,-56],[136,-117],[29,-43],[-2,-62],[-40,-125],[-40,-30],[-71,-12],[-66,-92],[-108,-78],[-74,-16],[-111,-79],[-44,8],[-15,42],[-84,107],[-51,3],[-28,20],[-9,18],[21,7],[-64,59],[-74,25],[-65,-54],[23,-15],[39,30],[29,-3],[124,-110],[97,-172],[6,-23],[-17,-11],[-103,35],[-44,-50],[-37,13],[-113,51],[-84,93],[-39,14],[-111,-21],[-156,1],[-10,-47],[15,-25],[139,-59],[27,-16],[10,-30],[-20,-42],[-252,-255],[-51,-38],[-39,-7],[-125,4],[-170,116],[-18,29],[-83,26],[-160,87],[-47,-1],[13,-29],[-103,25],[-168,18],[-101,-8],[93,-52],[-6,31],[20,8],[257,-61],[230,-189],[188,-30],[195,-8],[88,-28],[0,-59],[-61,-104],[-147,-187],[-27,-68],[-26,-27],[-133,-76],[-39,-7],[-59,18],[-34,35],[16,-63],[-65,31],[-24,-11],[-28,7],[-36,30],[-11,35],[-56,-17],[-9,-6],[30,-20],[24,-55],[-75,10],[37,-77],[-34,-50],[-52,-29],[-55,17],[-52,-35],[-72,16],[-104,47],[-94,14],[1,19],[-15,9],[-27,-17],[-59,2],[-264,106],[-65,52],[24,-47],[-16,-44],[25,-33],[70,-11],[-26,26],[0,21],[296,-112],[-75,-60],[43,4],[108,59],[124,-84],[87,-28],[63,-61],[3,-105],[-19,-40],[-82,-22],[-81,-52],[-141,26],[-80,-19],[-4,-21],[18,-26],[85,-30],[4,-23],[-17,-22],[-64,20],[-68,-18],[-52,-86],[58,-80],[-82,61],[-82,26],[53,-35],[19,-31],[-38,-29],[12,-25],[-14,-14],[-67,-13],[19,-30],[-15,-13],[-60,4],[21,-41],[44,-35],[-145,-126],[5,-60],[-12,-16],[-35,-1],[4,-73],[-107,-234],[-14,-27],[-27,-2],[-20,-18],[28,-36],[-34,-202],[0,-301],[-20,-79],[-21,-8],[44,-21],[24,-66],[23,-1],[39,-53],[32,-14],[-11,-183],[51,193],[83,15],[71,-12],[50,5],[24,-13],[19,-104],[162,-512],[-44,-124],[-44,-51],[82,51],[37,4],[-12,-33],[82,40],[219,78],[52,7],[74,-14],[194,-107],[204,-57],[211,-168],[144,-196],[400,-159],[66,-51],[82,-84],[2,-23],[-37,-96],[36,64],[37,27],[132,-12],[147,25],[169,-44],[55,7],[29,-31],[70,-5],[45,-35],[20,-31],[22,-81],[-48,-200],[-2,-49],[45,-88],[24,-99],[-12,-91],[7,-152],[-24,-46],[-8,-56],[8,-31],[58,-65],[102,-166],[6,-29],[-9,-19],[-53,-44],[68,6],[20,-15],[44,-50],[76,-51],[64,-76],[29,-58],[35,-122],[-99,-115],[90,79],[27,10],[64,-20],[65,-48],[118,-180],[-25,67],[-64,89],[-5,29],[23,100],[35,69],[38,25],[10,-2],[8,-31],[54,-39],[34,-116],[11,81],[31,50],[-61,121],[13,11],[24,72],[92,130],[-19,22],[-7,80],[-46,71],[-5,46],[11,42],[-43,82],[-49,269],[-3,27],[18,44],[22,6],[-31,44],[19,30],[-59,43],[23,31],[-51,41],[-58,148],[-28,31],[300,149],[169,122],[148,164],[97,145],[39,90],[18,131],[1,172],[-19,167],[-50,169],[-84,158],[-96,97],[-112,69],[-82,80],[-27,9],[-12,36],[20,96],[88,131],[74,78],[-23,42],[30,47],[2,41],[33,2],[47,-49],[11,5],[-33,46],[37,49],[-10,56],[21,43],[-72,29],[32,25],[-55,123],[43,51],[-51,15],[-19,28],[32,65],[17,9],[-68,-10],[-75,14],[85,116],[24,54],[-2,101],[54,52],[-91,76],[-32,45],[-28,121],[1,76],[16,32],[41,32],[71,45],[57,19],[119,-21],[257,-92],[34,-29],[-27,-30],[109,57],[77,-21],[94,-65],[-14,30],[11,12],[228,115],[199,-153],[47,0],[14,-43],[-34,-81],[64,36],[68,-40],[45,-67],[-50,-34],[7,-6],[47,11],[38,33],[55,-31],[5,-19],[-33,-21],[-24,-38],[51,-12],[-24,-33],[77,-78],[61,-5],[109,-41],[44,-5],[64,12],[29,-21],[15,-62],[25,-11],[69,26],[20,59],[29,-4],[24,-85],[-57,-68],[-27,-89],[3,-68],[27,-59],[-11,-54],[-30,-20],[-40,-5],[-168,4],[9,-19],[197,-17],[18,-12],[25,-42],[12,-64],[-27,-82],[2,-64],[68,-2],[14,-15],[-26,-54],[9,-41],[-29,-96],[-35,-16],[-26,55],[-20,-44],[-71,-30],[2,-12],[88,-31],[126,85],[138,9],[54,-36],[23,-34],[37,-114],[-31,-141],[-27,-38],[-115,-47],[-24,-29],[63,32],[70,16],[19,17],[30,56],[28,98],[16,31],[21,5],[33,-83],[-43,-68],[50,58],[25,58],[16,-70],[2,-111],[27,97],[133,96],[72,26],[28,25],[31,80],[28,26],[30,-8],[36,-50],[21,-99],[19,61],[-29,109],[46,12],[-16,30],[19,27],[34,-3],[-5,23],[43,-5],[39,21],[-54,23],[-22,44],[22,0],[23,60],[24,-15],[-15,68],[30,4],[76,-40],[-90,66],[-19,48],[13,56],[35,18],[57,-28],[6,8],[-31,26],[-4,34],[59,151],[27,34],[27,2],[50,-29],[20,-43],[-27,-33],[-58,-37],[118,23],[24,-40],[3,-55],[-14,-46],[42,36],[30,-78],[44,-58],[-54,-46],[7,-13],[39,-13],[1,-32],[34,28],[24,-3],[30,-61],[-22,-35],[-34,-16],[-79,-10],[8,-12],[35,0],[96,23],[36,-5],[-15,-19],[23,-43],[-16,-26],[56,4],[43,-90],[-55,-55],[-70,-41],[-36,-54],[16,1],[64,59],[21,-11],[-3,-13],[96,35],[31,2],[4,-10],[-20,-68],[-33,-52],[-61,-32],[-48,-49],[10,-6],[98,56],[80,11],[44,-80],[45,-3],[39,-23],[14,-22],[-23,-41],[15,-43],[-9,-25],[-89,-56],[-39,2],[25,-18],[74,2],[41,-14],[17,-22],[-31,-54],[44,-27],[40,-1],[72,-76],[-14,-69],[5,-75],[-39,-12],[-129,19],[-73,30],[17,29],[-49,-13],[25,-32],[67,-28],[31,-33],[33,-3],[28,-25],[-39,-10],[-27,-22],[17,-13],[125,-28],[-68,-31],[-2,-26],[84,-6],[16,-74],[-36,-11],[0,-12],[63,-18],[24,-39],[23,-1],[39,42],[22,-8],[2,-23],[34,-32],[8,-39],[21,35],[32,-9],[-16,-59],[52,-74],[-40,-51],[-22,-73],[-40,-61],[97,77],[69,10],[41,23],[16,-18],[1,-32],[61,-9],[-74,-102],[-23,-57],[99,106],[41,63],[64,-22],[52,-136],[93,-28],[42,17],[7,23],[57,5],[8,-46],[24,-23],[49,-31],[35,-4],[19,-21],[-39,-67],[-33,-23],[-109,-16],[-17,-28],[-52,-25],[-48,-78],[-69,-8],[-29,-30],[-111,-57],[-79,0],[-57,-44],[-21,-60],[-61,25],[6,-21],[66,-52],[-46,-42],[-4,-14],[13,-7],[-23,-24],[4,-10],[44,18],[77,87],[51,14],[72,47],[98,101],[64,45],[137,49],[37,0],[-31,16],[-61,-5],[-10,25],[40,25],[188,-29],[52,-105],[16,-58],[-27,-33],[-67,-46],[33,-22],[13,-40],[78,89],[41,29],[91,12],[27,-62],[59,-16],[35,-51],[41,-114],[-23,-93],[15,-53],[-10,-62],[16,-41],[-118,-30],[-8,-13],[66,-4],[74,-27],[8,-36],[-15,-12],[-57,13],[78,-67],[-1,-45],[-78,-92],[-233,-206],[-117,4],[-75,-18],[-61,-46],[-118,-12],[-159,-226],[-51,-46],[-57,-80],[-49,-32],[-17,-45],[-47,-27],[-128,-15],[-48,13],[-37,-20],[-80,-1],[-106,-43],[-47,57],[-193,30],[-102,-4],[-24,-22],[-85,7],[-64,24],[-77,-20],[-82,18],[-87,-15],[-97,20],[-120,-27],[-46,15],[-42,-40],[-89,4],[-60,-64],[-48,-31],[-71,-172],[-7,-66],[-26,-45],[-166,-40],[-55,-26],[15,-21],[-78,-41],[-31,-51],[-63,-49],[-73,-111],[-35,-83],[-42,-59],[-30,-23],[-43,4],[-129,70],[-153,39],[43,-39],[82,-6],[154,-80],[22,-32],[-32,-117],[-21,-40],[-110,-139],[-63,-124],[-99,-94],[-37,-57],[-118,-53],[-30,6],[-36,-35],[-43,-21],[-13,-33],[-102,-87],[-73,-33],[-10,-40],[-30,-24],[-80,-143],[-57,-12],[-45,-65],[-34,-27],[-67,13],[76,-43],[7,-39],[-30,-9],[-63,-51],[-85,-89]],[[13856,60914],[-42,36],[-28,-41],[-10,33],[10,33],[-17,-5],[-12,12],[-8,49],[69,15],[16,46],[-20,-31],[-76,7],[21,147],[-33,-44],[-2,-53],[-25,-3],[-23,-24],[-87,43],[-33,48],[-6,25],[14,33],[17,-8],[26,-57],[19,3],[38,38],[-44,-10],[-27,34],[-7,107],[29,47],[-23,38],[-16,4],[20,-35],[-26,-59],[0,-34],[-42,-43],[-65,-7],[-90,106],[-36,122],[-13,26],[-14,3],[-3,24],[47,96],[0,103],[-17,-27],[-3,-64],[-28,-66],[-36,-17],[-65,9],[-12,17],[-3,50],[-25,-80],[-31,18],[-78,-4],[-75,14],[-11,25],[133,42],[-1,10],[-113,-17],[-35,5],[-1,20],[35,49],[-36,13],[9,41],[-8,43],[-28,-62],[-103,-21],[-72,34],[-85,90],[4,84],[65,116],[34,20],[143,22],[-157,2],[-25,-13],[-49,-88],[-17,6],[-33,80],[-3,65],[33,75],[-32,-1],[16,88],[86,72],[48,17],[16,-35],[40,-10],[71,-101],[-54,108],[-46,28],[-16,38],[2,35],[46,52],[11,41],[-16,40],[1,-53],[-13,-30],[-110,-129],[-66,-30],[-75,-220],[-22,92],[-40,71],[78,69],[-4,60],[27,40],[-23,-6],[-57,-74],[34,194],[19,46],[-75,-37],[-22,22],[-17,116],[-31,45],[-52,37],[-52,17],[-22,73],[14,47],[23,23],[40,5],[-12,-64],[88,-60],[15,-5],[29,22],[55,-18],[49,-63],[-5,24],[-62,67],[-74,-3],[-40,35],[-21,84],[12,27],[44,21],[-42,27],[-45,-39],[-16,5],[-61,-87],[-12,-98],[-49,-32],[-25,-42],[-62,71],[-22,61],[-39,11],[-46,34],[-18,31],[25,62],[36,48],[10,69],[61,14],[40,28],[-66,-1],[-45,-20],[-50,39],[-34,66],[20,103],[32,33],[79,190],[80,131],[-34,-11],[-23,53],[-10,-105],[-51,-115],[-11,22],[26,110],[-26,147],[17,85]],[[25501,59166],[34,17],[72,64],[53,23],[69,67],[50,14],[23,90],[74,166],[41,41],[62,34],[58,75],[62,39],[31,48],[51,36],[55,9],[100,45],[26,27],[39,15],[114,79],[109,151],[13,41],[52,67],[80,151],[40,35],[77,100],[106,79],[76,74],[164,101],[335,157],[158,23],[167,-33],[65,-38],[85,-101],[2,-30],[-74,16],[65,-66],[-2,-62],[-23,-56],[-69,-27],[-46,-72],[-106,-77],[-52,5],[-109,69],[-38,-38],[-89,8],[-62,-43],[18,-5],[66,22],[36,-32],[87,-34],[23,-22],[22,-72],[14,-12],[30,8],[62,54],[55,16],[-11,-24],[42,2],[41,-31],[-36,-68],[-15,-88],[-98,-118],[31,-22],[36,17],[51,-12],[-18,-76],[5,-29],[16,-54],[22,-12],[19,-138],[22,-20],[4,-31],[152,-33],[20,-26],[-54,-37],[85,-72],[47,8],[52,-54],[45,13],[99,-18],[-12,-41],[40,6],[25,-17],[127,108],[19,-68],[25,-25],[29,-6],[40,19],[34,-49],[17,-58],[-44,-33],[86,-8],[18,-25],[-17,-26],[-15,10],[-29,-9],[-298,-171],[-125,-57],[-30,-1],[-37,-30],[-36,-1],[-36,18],[14,-61],[-15,-28],[-51,14],[-44,59],[-24,-70],[-16,44],[-29,-16],[-13,-46],[15,-49],[-14,-18],[-10,5],[-22,-52],[-27,-19],[-69,-120],[-54,-62],[-36,0],[-23,-25],[-3,-52],[-21,5],[-13,-19],[-20,15],[-23,-8],[-19,12],[-36,102],[-22,9],[-14,-32],[-22,32],[-16,144],[23,98],[56,88],[-18,3],[-50,-61],[14,30],[42,49],[73,28],[27,35],[-54,-28],[17,28],[183,158],[109,59],[11,22],[-10,14],[28,-12],[-6,-75],[29,-11],[25,-40],[-12,55],[22,30],[83,42],[70,4],[22,19],[-59,13],[-71,-7],[-44,14],[-60,-9],[-64,9],[-36,-38],[-30,14],[-10,9],[21,44],[65,65],[59,93],[-41,-13],[-36,61],[9,-58],[-44,-77],[-29,-5],[-157,-127],[-82,-50],[-17,0],[-38,41],[20,44],[-37,-36],[18,-34],[-9,-13],[-72,-58],[-17,21],[-87,-33],[-12,34],[-40,-1],[-10,11]],[[11466,63164],[23,-25],[63,13],[33,-63],[3,-35],[-15,-26],[-85,-56],[8,-16],[17,1],[67,14],[18,76],[-5,76],[46,4],[67,43],[-9,-68],[-45,-119],[-16,-177],[-13,-20],[-82,-33],[-42,2],[-55,51],[13,26],[65,-14],[-101,75],[-57,144],[-5,74],[12,67],[95,-14]],[[11685,62756],[24,-41],[5,-79],[-39,-16],[-21,13],[-22,-15],[59,-55],[66,-23],[-33,-55],[39,-68],[41,-3],[-14,-49],[43,-5],[6,-32],[-25,-28],[-49,36],[-34,71],[-146,168],[-22,66],[27,10],[0,19],[-78,32],[-19,29],[95,9],[63,32],[34,-16]],[[12788,61636],[121,-54],[263,-69],[32,-19],[60,-133],[72,-123],[1,-39],[24,-49],[46,-45],[157,-90],[42,-61],[79,-220],[13,47],[12,-8],[26,-95],[-6,-19],[-33,7],[-31,-45],[-83,28],[-187,92],[-105,72],[-3,26],[69,91],[9,81],[-28,-88],[-105,-7],[-31,-28],[-82,70],[45,41],[-21,6],[-26,34],[-28,-13],[-8,18],[12,49],[-20,-14],[-20,23],[-35,9],[-14,-26],[-34,30],[-18,-24],[-6,85],[99,36],[-52,-5],[-28,26],[-15,0],[-38,68],[-53,30],[-18,-27],[-33,-1],[-20,30],[4,55],[-17,28],[-10,-29],[-14,-9],[-29,49],[-96,-15],[6,72],[-30,23],[14,44],[64,14],[37,-32],[-10,58],[15,20],[-69,11],[5,-32],[-32,-16],[-47,0],[-51,48],[-20,39],[1,21],[25,36],[79,15],[49,-18],[125,-79]],[[16998,73912],[76,-30],[34,-39],[2,-55],[-32,-23],[-130,3],[-96,-12],[-81,7],[-101,33],[-84,-49],[-59,4],[-90,36],[-210,-32],[-54,2],[-14,24],[103,50],[278,48],[201,70],[114,10],[143,-47]],[[16842,73672],[203,-12],[-36,-52],[-265,-54],[35,-23],[137,-8],[-11,-104],[-117,-35],[-132,-7],[-175,-38],[-102,9],[-192,73],[-12,164],[486,80],[181,7]],[[15609,73348],[11,-32],[-199,-67],[125,-87],[-25,-14],[-82,-3],[74,-83],[-66,-44],[-189,-35],[-11,-69],[-46,-40],[-62,-4],[-121,58],[51,166],[-24,9],[-102,-30],[-40,-83],[-79,-15],[36,-78],[-106,-92],[-41,15],[-66,79],[-14,-5],[-39,-92],[52,-53],[-93,-61],[-121,-14],[-106,156],[-41,-71],[-47,-16],[-169,23],[-119,-40],[-32,3],[-26,25],[11,67],[-75,-12],[93,96],[38,21],[194,23],[112,91],[149,58],[42,49],[296,175],[263,33],[142,-28],[34,-1],[31,21],[74,-9],[34,17],[-79,23],[-3,14],[50,28],[79,9],[73,-14],[159,-67]],[[17367,72775],[107,1],[31,-28],[-72,-83],[25,-2],[91,44],[79,-4],[40,-21],[33,-72],[5,45],[48,12],[-41,53],[45,41],[68,16],[119,-23],[66,-28],[37,-87],[-9,-50],[-84,-193],[-55,-45],[-257,-71],[-162,32],[-158,-23],[-67,19],[28,14],[-47,18],[-163,-79],[-214,-31],[-134,-76],[-191,-60],[-192,-38],[-120,-6],[-159,22],[-144,66],[-27,30],[16,19],[358,114],[282,19],[143,77],[-3,27],[-128,-38],[-144,-16],[-93,35],[-85,-46],[-185,-17],[-32,19],[-10,43],[31,49],[71,41],[-100,-18],[-33,26],[-37,-85],[-84,16],[38,-46],[-23,-36],[-137,-50],[-63,56],[-33,5],[-76,-64],[-100,32],[-81,57],[-128,-7],[-136,34],[-2,36],[77,64],[286,14],[226,82],[5,11],[-316,-53],[-145,8],[-34,19],[47,44],[41,11],[321,31],[117,24],[-326,-7],[-76,21],[-3,13],[28,26],[-10,34],[92,43],[347,-9],[-253,43],[11,41],[48,32],[141,26],[112,2],[83,-22],[32,-66],[58,-41],[157,22],[115,-24],[202,-115],[-47,-47],[123,-5],[66,-92],[54,-27],[477,-19],[33,16],[1,68],[-206,72],[-18,29],[100,40],[-7,55],[-173,63],[-28,35],[295,194],[64,4],[89,-36],[-39,-66],[28,-65],[77,-48],[17,-43],[-63,-51],[22,-26]],[[15858,71257],[44,-1],[157,36],[28,-9],[21,74],[48,57],[53,19],[77,-4],[171,-43],[189,-76],[-21,-62],[-62,-60],[-69,-35],[54,-24],[88,68],[10,-40],[31,0],[87,74],[83,44],[57,12],[2,43],[-87,45],[-32,36],[6,28],[158,-11],[215,-113],[37,-31],[-6,-26],[58,-19],[137,-363],[91,-43],[31,40],[82,45],[-7,29],[17,4],[-95,112],[-131,438],[8,15],[65,15],[-34,28],[12,29],[75,-8],[147,-60],[39,36],[113,-35],[162,-81],[97,-97],[44,-164],[86,-191],[119,-176],[7,-86],[-50,-109],[12,-30],[84,-60],[52,-72],[89,-58],[123,-53],[19,14],[-12,50],[72,-59],[184,-103],[85,-9],[19,-57],[100,6],[26,-17],[32,-106],[-17,-83],[-57,0],[-29,14],[-36,61],[-40,-66],[-129,64],[-100,-56],[14,-42],[-20,-31],[-73,6],[-106,53],[-26,-18],[101,-76],[-17,-117],[57,60],[106,59],[71,5],[26,-10],[17,-25],[-22,-31],[5,-34],[42,-8],[20,-26],[-16,-69],[-252,-88],[-139,-6],[-145,25],[-69,27],[-53,-25],[-129,21],[-16,16],[37,55],[-240,29],[-63,21],[-17,13],[-5,68],[-44,28],[-28,-2],[-48,-40],[-43,-73],[-99,-79],[-224,-29],[-140,-77],[-128,-36],[-333,-43],[-68,4],[-44,-20],[-376,-29],[-64,8],[-51,46],[-68,104],[-18,157],[-153,32],[-313,6],[-117,24],[-100,39],[-143,166],[-22,109],[14,21],[141,32],[475,60],[474,-38],[108,23],[98,-2],[37,16],[-117,61],[-397,107],[-140,-7],[-123,-24],[-279,-15],[-81,16],[-161,-9],[-144,12],[-164,113],[-27,35],[26,29],[110,54],[465,98],[-37,18],[16,21],[123,-2],[41,12],[-69,23],[-289,-44],[-280,-23],[-70,33],[19,25],[65,16],[33,43],[-203,-5],[-69,17],[-29,34],[10,97],[86,79],[91,42],[-65,73],[26,46],[59,44],[212,123],[634,201],[105,-33],[37,-99],[-14,-92],[-100,-118]],[[14595,71923],[65,39],[64,-1],[21,-80],[139,100],[140,9],[109,-15],[137,-57],[349,-211],[28,-52],[-13,-27],[-251,-82],[-600,-249],[-134,-167],[-61,-26],[-100,-13],[-64,-255],[-42,-55],[-207,-52],[-36,26],[-31,-1],[-99,-78],[-95,-32],[-70,-43],[-62,-1],[-72,55],[-70,120],[-79,81],[-312,129],[-133,3],[20,70],[43,19],[-10,32],[59,74],[96,72],[4,112],[94,36],[-2,35],[-60,31],[8,22],[92,128],[75,47],[77,106],[-19,26],[-77,33],[-122,195],[773,87],[230,-85],[148,-43],[92,-9],[-42,-53]],[[26765,75825],[742,-39],[-100,-48],[-395,-72],[260,7],[404,76],[104,-19],[76,45],[116,-54],[90,19],[119,-4],[41,-18],[-41,-26],[135,-65],[-39,-50],[187,31],[188,-14],[74,-21],[45,-44],[-99,-69],[-136,-61],[-547,-132],[-192,1],[-115,-43],[-224,-14],[-70,-57],[-429,-84],[-8,-14],[43,-6],[680,108],[231,0],[-170,-92],[-762,-265],[-223,-130],[-44,-7],[-100,14],[-138,62],[121,-115],[-12,-19],[-434,-49],[26,-16],[81,-7],[179,23],[75,-13],[-46,-42],[-145,-38],[59,-27],[-67,-38],[-140,-27],[-114,-3],[-245,58],[-229,21],[-65,-17],[29,-8],[259,-27],[66,-69],[-39,-41],[-519,-40],[-338,43],[314,-119],[123,-16],[149,11],[-39,-84],[-143,0],[-165,36],[-360,-27],[-286,8],[169,-58],[256,33],[138,-5],[112,-51],[168,-14],[149,-48],[-15,-57],[-81,-32],[-372,-15],[225,-47],[71,-33],[-86,-47],[-77,-93],[-268,-36],[-252,8],[-15,-187],[-50,-46],[-103,-32],[-290,-18],[-162,7],[-263,92],[87,-80],[-54,-14],[-129,-6],[73,-41],[155,29],[107,-12],[110,-42],[72,21],[103,0],[52,-48],[-9,-46],[82,-38],[46,-4],[122,41],[70,-55],[4,-43],[-73,-81],[-297,-114],[-313,-59],[-47,17],[39,68],[-34,44],[-47,19],[-133,-8],[-76,59],[-68,11],[-53,30],[65,-65],[7,-48],[-280,-11],[-120,6],[-82,97],[-12,-139],[-210,-23],[-131,19],[-105,38],[-82,66],[-55,-92],[-163,32],[-33,60],[-2,-88],[-217,9],[-24,161],[-29,-53],[16,-101],[-62,16],[-137,7],[-49,8],[17,147],[267,121],[251,14],[133,22],[-89,64],[-60,7],[-61,39],[-100,124],[19,29],[189,46],[116,-12],[141,-52],[142,-124],[205,-44],[247,23],[245,191],[28,62],[-202,-162],[-85,-39],[-94,-4],[-77,17],[-91,-27],[-104,25],[-1,90],[-62,72],[226,118],[95,-9],[-79,33],[-87,-5],[31,126],[-59,-95],[-136,-88],[-153,-13],[72,115],[-122,-64],[-118,-31],[-103,3],[-52,19],[15,106],[165,156],[437,60],[420,-62],[68,33],[203,8],[97,49],[-167,-31],[-413,24],[-64,17],[-38,32],[44,21],[196,-28],[-150,75],[-260,192],[-184,25],[-95,54],[-47,123],[28,58],[47,27],[277,-21],[268,-4],[80,-14],[254,-104],[239,-134],[158,-32],[136,-3],[85,27],[-143,3],[-112,25],[-364,194],[-74,65],[109,23],[377,30],[225,37],[102,52],[301,60],[372,41],[-412,19],[-40,13],[104,95],[340,115],[-264,-43],[-184,-79],[-113,-15],[-99,-103],[-127,-52],[-283,-60],[-258,-29],[-125,8],[160,85],[-286,-26],[-163,-69],[-83,-13],[-215,0],[-102,24],[-127,-7],[-68,17],[-17,26],[233,115],[233,51],[322,27],[15,19],[-604,-49],[-375,-160],[-163,2],[-257,68],[-48,37],[23,12],[183,26],[248,-6],[220,21],[372,110],[-111,-1],[-296,-71],[-158,-18],[-568,-21],[-87,40],[8,21],[179,34],[-113,35],[255,75],[248,11],[-213,17],[-470,-70],[-46,11],[13,15],[177,75],[-194,9],[-162,-37],[-95,28],[9,21],[171,63],[110,22],[268,17],[197,64],[122,15],[103,-5],[150,-55],[95,40],[238,-43],[145,13],[-372,90],[-8,14],[199,32],[217,69],[128,-33],[188,-21],[232,-109],[68,-5],[7,11],[-102,46],[51,22],[577,-118],[166,-56],[-39,36],[-445,114],[-238,89],[44,31],[142,23],[-106,48],[131,7],[173,-32],[-76,76],[41,15],[226,-32],[321,-12],[-216,47],[-124,55],[65,12],[329,-21],[220,2],[290,-98],[100,-60],[107,33],[-378,175],[335,17],[322,-15],[277,-106],[148,-22],[-190,80],[27,42],[126,36],[201,8],[252,-87],[-117,52],[82,27],[270,15],[117,-44]],[[20469,73536],[61,-17],[399,7],[69,-13],[41,-35],[-50,-13],[-50,-72],[-592,8],[-67,48],[17,47],[172,40]],[[20939,72324],[20,-75],[-27,-82],[-233,-14],[-65,10],[-117,59],[-140,15],[-56,46],[-21,8],[-21,-14],[-28,35],[-43,-4],[-9,18],[52,78],[50,13],[54,90],[69,37],[192,44],[109,-16],[126,-75],[99,-125],[-11,-48]],[[19375,71850],[204,-94],[244,38],[117,31],[120,-28],[41,-69],[-37,-33],[-81,-29],[-26,5],[-7,-16],[10,-13],[57,4],[29,-26],[-10,-15],[-127,-45],[-150,-114],[-1,-36],[116,41],[74,-3],[74,-40],[-12,-32],[72,-44],[-11,-60],[130,36],[35,-69],[-18,-70],[-68,-31],[50,-51],[-41,-70],[34,-34],[3,-59],[-81,-18],[-67,-52],[-87,-19],[-145,14],[-25,24],[-10,59],[-32,-34],[63,-146],[-52,-40],[-61,-21],[-136,38],[-123,162],[-209,173],[-94,25],[-54,47],[-70,-17],[-55,16],[-61,75],[-103,48],[-75,74],[39,94],[84,43],[68,-9],[157,-146],[45,-4],[146,26],[21,89],[41,-34],[24,4],[-26,82],[-71,19],[-1,26],[47,30],[66,-24],[59,1],[-131,64],[-54,-26],[-73,-11],[-136,68],[-18,24],[49,38],[84,12],[110,-66],[-21,55],[-83,51],[-3,44],[116,23],[120,-21],[19,23],[-59,-2],[-18,20],[55,25]],[[23028,68044],[18,-2],[56,83],[27,5],[57,-40],[44,-65],[144,-38],[65,-72],[134,-82],[96,-26],[54,-34],[63,-95],[27,-93],[-1,-30],[-50,-57],[134,26],[75,-19],[25,30],[22,-4],[63,-70],[-24,-13],[99,-44],[-10,-17],[-180,-132],[-222,89],[-101,19],[-21,96],[-138,42],[-7,60],[-58,-7],[-68,-37],[-35,-108],[-71,-67],[-69,-32],[-79,-122],[-80,-49],[-104,-34],[-25,9],[-66,246],[-129,-19],[-66,2],[-83,-41],[-57,8],[-9,37],[62,101],[124,66],[41,37],[-30,188],[45,195],[28,229],[63,131],[63,38],[92,-75],[17,-55],[-33,-49],[45,-32],[33,-77]],[[19932,72955],[-9,-58],[52,-86],[-31,-70],[12,-56],[-70,-40],[117,-38],[18,-111],[-77,39],[-55,-41],[6,-68],[44,-58],[-41,-3],[-49,35],[22,-62],[-41,-12],[-141,-11],[-109,4],[-41,14],[-73,-28],[-147,10],[-61,79],[6,14],[76,12],[-142,44],[5,26],[105,24],[126,75],[133,16],[3,13],[-174,-8],[-313,-39],[-62,7],[-272,-41],[-51,38],[132,78],[26,42],[49,4],[165,-55],[70,18],[-70,-6],[-37,27],[-22,31],[18,33],[-70,7],[-37,33],[83,58],[-111,12],[-36,18],[8,20],[76,53],[91,-11],[66,-36],[21,-43],[230,-125],[58,-16],[43,16],[-70,30],[-33,39],[138,12],[-155,23],[-56,20],[106,30],[-204,55],[-3,38],[107,39],[139,8],[35,-3],[121,-75],[68,5],[-32,66],[76,34],[115,-52],[103,-24],[26,-23]],[[18546,74204],[124,-38],[63,-59],[-19,-56],[37,-39],[45,57],[101,31],[66,0],[161,-62],[-22,-60],[51,-8],[117,16],[200,-104],[-58,-63],[17,-50],[176,-111],[13,-33],[-41,-61],[-191,-28],[-77,18],[-98,43],[-96,115],[-238,37],[-133,-13],[-40,25],[10,28],[-229,-22],[-66,-26],[-91,4],[-106,36],[-54,51],[18,37],[44,12],[234,-26],[46,8],[22,24],[-26,13],[-105,5],[158,44],[-36,15],[-161,5],[75,54],[-67,38],[-180,-80],[-18,21],[54,75],[-38,10],[-153,-8],[5,92],[30,36],[131,-6],[277,18],[68,-15]],[[21340,75000],[149,-124],[143,-71],[10,-41],[189,-42],[81,17],[70,-12],[9,-108],[83,-43],[159,-24],[-44,50],[-56,13],[21,71],[97,5],[109,-25],[12,-81],[-71,-39],[174,-24],[54,-65],[-77,-138],[90,5],[67,24],[75,-5],[80,-68],[87,58],[147,-143],[-60,-34],[-347,-102],[-57,0],[-30,-48],[-130,-83],[-73,33],[22,129],[-51,-22],[-52,-142],[61,-24],[5,-35],[-40,-26],[-105,55],[-39,-8],[33,-84],[-52,-91],[-67,10],[-228,175],[-9,-26],[133,-170],[-187,74],[-86,-9],[79,-54],[-69,-16],[-193,17],[-228,55],[-121,64],[238,37],[-206,27],[-133,1],[-89,63],[18,11],[97,0],[-231,67],[-12,28],[210,64],[110,7],[71,56],[302,39],[-229,0],[-58,29],[-81,5],[-269,-69],[-43,10],[41,31],[-41,7],[-72,-5],[-169,-44],[-152,56],[17,48],[277,61],[28,31],[-217,-37],[-107,3],[-206,113],[-44,96],[240,-31],[275,-7],[15,40],[78,24],[-79,3],[-198,-30],[-58,43],[-92,-4],[-89,40],[68,29],[136,-6],[-146,82],[5,60],[50,13],[170,-15],[80,-50],[234,-6],[-162,36],[-46,48],[-176,39],[59,71],[70,21],[112,-8],[168,33],[92,-10],[38,7],[-29,48],[-191,14],[-6,40],[215,14],[72,-8],[200,-45],[78,-48]],[[20757,73150],[117,1],[141,-63],[7,-45],[-81,-96],[131,75],[169,-2],[123,27],[117,2],[138,-44],[47,-37],[-19,-14],[-188,20],[-4,-24],[135,-8],[380,-59],[12,-28],[-41,-22],[-219,-14],[-266,28],[31,-27],[138,-36],[111,-11],[111,-56],[24,-31],[45,2],[56,-28],[5,-42],[-94,-58],[89,-1],[88,-48],[27,21],[-12,54],[50,14],[108,-64],[114,28],[46,-39],[69,58],[107,-56],[140,-37],[69,-5],[11,21],[-40,26],[24,12],[94,22],[51,-3],[93,32],[93,3],[163,73],[168,-30],[262,35],[215,-33],[28,-8],[-5,-30],[42,-11],[164,-6],[49,-30],[-40,-31],[152,-18],[36,-83],[-30,-27],[-181,-72],[59,-20],[115,14],[63,-45],[-26,-17],[-105,-20],[-98,30],[48,-46],[-28,-93],[-233,-8],[-173,-41],[-115,27],[-77,-2],[-78,44],[-11,82],[-102,37],[44,-60],[-46,-78],[-217,-35],[-95,15],[-59,29],[-17,-40],[-50,12],[-25,25],[-25,-29],[-63,-16],[-74,18],[-56,-11],[-94,19],[16,-30],[-25,-4],[-401,6],[-33,34],[53,94],[-47,20],[-76,-62],[-22,44],[-61,-20],[-1,-47],[-88,-36],[-69,-3],[-172,28],[-56,37],[-44,8],[21,45],[-60,-36],[-2,-37],[-100,2],[-100,60],[-51,113],[23,32],[-75,61],[-6,63],[83,110],[-28,83],[-220,222],[-52,3],[-86,-38],[-223,10],[-100,-17],[-67,3],[-42,43],[-96,24],[-48,31],[95,43],[-78,-7],[-220,74],[0,28],[70,-17],[46,15],[-90,40],[4,36],[219,41],[176,-21],[201,-46]],[[20295,73859],[57,-11],[98,5],[157,-55],[7,-20],[-107,-53],[82,-39],[13,-26],[-64,-47],[-434,-71],[-7,44],[-99,33],[-55,48],[149,11],[23,15],[-211,35],[-56,42],[-65,66],[0,17],[62,18],[-66,95],[29,14],[201,-10],[220,-52],[66,-59]],[[21029,71944],[142,-34],[88,-49],[143,25],[132,-8],[111,-25],[66,-37],[-6,-19],[-210,-228],[-74,-30],[31,-18],[-8,-22],[-160,-171],[-66,-16],[-230,37],[-211,-20],[107,-39],[54,-60],[-2,-48],[-76,-74],[-41,-98],[-25,-12],[-86,19],[-124,-14],[-44,6],[-14,208],[-86,168],[-7,355],[60,26],[166,-40],[-48,23],[-57,73],[3,45],[36,25],[119,31],[169,2],[90,27],[58,-8]],[[19996,69964],[49,13],[87,-71],[139,-73],[133,-195],[41,-28],[51,25],[25,-29],[-48,-34],[-53,-5],[-50,-48],[-123,-68],[-48,-5],[-99,34],[-112,3],[-185,85],[-21,46],[-53,-20],[-40,2],[-30,16],[-18,41],[-37,-6],[-9,-25],[-39,0],[-58,43],[-17,32],[26,43],[132,16],[110,73],[-25,55],[27,9],[-24,41],[39,-4],[40,-35],[44,-12],[-60,75],[21,74],[99,28],[92,-54],[-6,-42]],[[28795,59578],[59,17],[-1,-15],[-41,-29],[16,-19],[-29,-40],[8,-20],[31,20],[46,1],[67,96],[-59,-16],[-7,11],[39,45],[-3,25],[20,38],[50,47],[17,-51],[33,5],[55,-20],[4,-21],[-21,-41],[26,-24],[-4,-10],[-42,-27],[-89,-99],[-70,-28],[-48,9],[-100,-16],[-40,62],[-11,99],[3,52],[18,48],[40,58],[90,217],[73,88],[39,3],[-4,-36],[22,-81],[-36,-142],[-3,-63],[-20,-43],[-128,-100]],[[30163,62029],[-30,-65],[-109,-26],[8,-57],[45,-3],[3,-70],[-17,-55],[-57,-65],[-22,-76],[-62,-90],[-7,-48],[-61,-115],[-5,-55],[-23,-51],[10,-25],[-3,-42],[108,141],[31,68],[16,11],[14,-23],[-9,-54],[56,34],[40,-25],[63,10],[-19,-40],[-111,-82],[-24,-37],[39,25],[26,-3],[-5,-40],[-47,-56],[66,28],[33,-35],[73,24],[8,-51],[15,17],[-1,45],[13,-3],[8,-44],[-35,-105],[-3,-39],[25,18],[2,35],[16,19],[37,27],[2,-20],[8,4],[117,113],[8,2],[5,-89],[22,38],[96,12],[82,-53],[12,-25],[0,-54],[-45,-46],[-35,-64],[-63,-45],[75,10],[-28,-45],[65,-12],[-2,-10],[-21,-57],[-77,-58],[76,24],[14,20],[23,7],[23,-13],[34,35],[46,7],[40,36],[7,-11],[-3,-52],[-24,-50],[-48,-20],[-17,-27],[-49,-38],[12,-15],[-2,-37],[-73,-30],[56,-2],[-14,-42],[-41,-58],[24,-60],[23,-1],[16,6],[24,36],[54,111],[87,65],[14,-14],[-70,-166],[-4,-98],[12,-25],[43,43],[39,95],[17,-11],[14,-86],[-7,-54],[-55,-141],[7,-40],[-19,-85],[-38,-71],[-23,2],[-27,25],[-51,-37],[-14,3],[-1,222],[-100,-134],[-23,-7],[-17,24],[20,90],[58,156],[-33,138],[-49,46],[-72,-200],[-18,-13],[21,76],[-43,-61],[-49,-10],[-57,-93],[-12,-56],[-43,-61],[-52,3],[-62,-20],[-39,26],[7,39],[20,24],[84,39],[73,127],[77,53],[21,41],[-39,-19],[-31,16],[-71,1],[-16,-70],[-35,-15],[-69,28],[-64,-12],[63,39],[2,100],[-39,-24],[-25,11],[-34,-58],[-124,-41],[-214,27],[-65,22],[-98,0],[-1,24],[-67,-46],[-122,-24],[-35,28],[-15,45],[-9,66],[21,47],[76,72],[86,110],[66,49],[-202,0],[0,16],[78,82],[-15,-42],[15,-20],[31,-3],[54,178],[22,35],[52,-10],[33,-32],[15,0],[-27,39],[29,67],[-51,13],[-5,56],[25,49],[23,19],[38,-30],[16,7],[-26,48],[-7,45],[120,352],[24,44],[37,4],[-29,37],[60,69],[11,37],[-7,31],[56,58],[30,83],[158,103],[31,-2],[8,-25],[43,-16],[7,18],[-10,21],[9,9],[35,7],[15,-26]],[[22623,70564],[10,-10],[55,12],[164,60],[133,0],[23,-7],[-11,-34],[43,-25],[11,12],[36,179],[-6,85],[-155,28],[-62,74],[-77,54],[89,50],[54,57],[74,-6],[178,-76],[-136,115],[54,30],[-55,13],[-75,-10],[-44,17],[-67,80],[-8,52],[18,58],[29,31],[47,12],[243,-68],[-4,17],[-269,91],[-17,26],[106,101],[97,24],[49,29],[79,2],[74,-19],[-29,49],[119,45],[182,43],[173,0],[82,-14],[49,-27],[61,-141],[133,-84],[3,-85],[76,-69],[-230,-201],[-3,-15],[116,79],[36,-3],[-80,-106],[61,-47],[-56,-13],[-1,-72],[180,132],[72,-14],[-54,68],[16,27],[51,23],[60,-58],[63,34],[78,-53],[-2,-100],[103,-71],[-67,96],[10,72],[29,38],[66,-31],[75,0],[95,-44],[51,-1],[-5,18],[-182,62],[-48,49],[33,56],[144,55],[208,-2],[171,-65],[118,0],[125,-61],[32,-91],[-82,-81],[-36,-14],[-92,-128],[119,117],[128,51],[127,-14],[41,-39],[-26,-60],[-140,-51],[-76,-7],[60,-19],[63,4],[-31,-46],[-3,-72],[-38,-82],[57,52],[66,136],[85,15],[35,30],[43,9],[25,-22],[-117,-139],[32,10],[85,71],[129,-134],[-24,112],[91,61],[78,-31],[112,-6],[116,-34],[99,-77],[3,-44],[-67,-59],[-107,-5],[-169,-115],[78,1],[74,79],[64,15],[90,-32],[45,1],[87,58],[37,-25],[8,-66],[-29,-48],[-63,-52],[-137,-47],[-74,-59],[40,-16],[72,69],[37,-23],[-37,-163],[140,226],[70,41],[148,47],[37,-4],[25,-22],[127,-9],[163,-68],[32,-56],[-104,-69],[-122,-21],[-97,-38],[-88,-52],[1,-12],[63,1],[76,50],[171,19],[13,-25],[-69,-74],[64,-16],[62,54],[63,21],[-24,30],[30,44],[35,16],[50,-16],[119,-108],[46,-103],[-21,-35],[-133,25],[-51,-3],[-86,-55],[-112,-9],[-70,-22],[-31,-27],[179,28],[147,-51],[44,8],[118,-8],[126,-65],[3,-63],[-189,0],[-110,35],[-62,-20],[-51,13],[-154,-59],[12,-8],[140,41],[141,-47],[20,-11],[0,-46],[-32,-66],[-138,29],[-66,-18],[-120,28],[-27,1],[3,-8],[109,-43],[130,-12],[44,-22],[1,-29],[50,-40],[69,12],[110,-38],[111,-3],[-5,-15],[-57,-22],[-8,-21],[49,-48],[-23,-66],[47,28],[16,-42],[8,78],[24,17],[78,13],[-16,-105],[-62,-79],[21,-12],[122,104],[-8,-50],[27,-15],[39,28],[47,-8],[-8,-88],[34,-40],[-3,89],[85,65],[34,2],[21,-18],[-46,-43],[1,-46],[46,-1],[47,24],[116,-95],[34,14],[41,-39],[-55,-31],[16,-65],[-167,2],[78,-22],[5,-20],[126,4],[3,22],[56,28],[67,-19],[67,-44],[-30,-27],[-35,-79],[-96,-75],[180,56],[47,-8],[14,10],[80,-22],[62,63],[37,-13],[149,-144],[11,-35],[-53,-23],[-91,53],[-53,-16],[114,-61],[20,-57],[-94,-28],[-101,45],[-43,-2],[35,-40],[-31,-39],[132,-84],[-61,-13],[-84,13],[-9,-8],[43,-31],[16,-50],[-55,-47],[-12,-37],[-75,-8],[-49,15],[-70,86],[9,-63],[-55,-21],[76,-19],[-6,-170],[-10,-49],[-50,-83],[-70,79],[-40,6],[-22,-25],[-47,47],[19,100],[-49,-65],[-20,-59],[-134,152],[-71,131],[52,77],[80,34],[44,77],[55,55],[-50,-14],[-85,-91],[-100,-37],[-99,1],[-16,10],[8,29],[49,53],[-69,-35],[-30,3],[-100,64],[-75,121],[-48,31],[4,-35],[-26,-9],[-56,19],[-2,-21],[30,-39],[-8,-53],[-35,3],[-90,61],[-31,14],[-3,-10],[43,-86],[126,-103],[-40,-46],[-49,-4],[-67,19],[-153,125],[-70,-22],[68,-12],[61,-41],[-10,-61],[17,-30],[78,-42],[-17,-92],[89,35],[41,-25],[23,-46],[45,-19],[-53,-41],[65,-45],[24,-69],[34,-5],[32,-114],[15,81],[100,-64],[-19,-33],[21,-24],[67,71],[41,-14],[62,-64],[19,8],[38,-41],[-61,-56],[85,3],[25,-32],[-34,-59],[-71,7],[-17,-11],[56,-27],[48,-64],[-5,-26],[38,-8],[81,8],[-2,-29],[-27,-20],[54,-8],[40,-84],[-37,-11],[12,-182],[-37,-9],[-65,155],[-62,73],[45,-189],[-16,-31],[96,-149],[-47,-19],[-64,32],[-7,-8],[28,-102],[-15,-33],[-112,106],[-41,28],[-23,-10],[-94,87],[-2,-51],[-44,16],[-59,104],[5,-81],[-21,0],[-12,36],[-49,41],[-11,27],[-39,-5],[-20,15],[-153,173],[42,-137],[-187,133],[-89,11],[-12,-21],[186,-233],[55,-25],[58,-9],[-15,-37],[90,-42],[94,-93],[81,-44],[88,-131],[73,-41],[-12,-31],[-25,-16],[18,-59],[0,-23],[-16,-9],[-49,-10],[-270,123],[-265,46],[-143,73],[-116,151],[-47,10],[-106,-12],[-137,64],[-74,41],[39,52],[-75,-34],[-22,10],[-156,153],[91,12],[57,60],[-32,3],[-52,52],[-27,9],[-93,-7],[-17,8],[32,71],[-82,-29],[-44,86],[-188,166],[45,81],[-86,8],[-25,-15],[-44,4],[-10,-49],[-27,-18],[-16,81],[-80,16],[-54,81],[-57,-17],[0,-11],[67,-92],[-13,-26],[-90,-18],[-102,37],[-55,-7],[-13,-58],[-64,-2],[-91,-37],[-37,0],[-39,-27],[-32,-2],[-104,19],[-83,36],[-32,-1],[-69,61],[-37,73],[24,120],[54,58],[124,55],[-24,69],[33,43],[204,-36],[159,-63],[74,-75],[-17,-66],[34,-28],[23,73],[-107,127],[21,8],[132,-14],[44,42],[118,-4],[87,58],[63,7],[79,-15],[-47,124],[-129,107],[-30,37],[-3,31],[201,149],[73,73],[61,24],[59,133],[102,44],[35,53],[-32,39],[-90,206],[-146,199],[11,40],[-87,-28],[-43,30],[-14,29],[23,66],[-10,47],[-27,11],[-44,-5],[31,-66],[-68,-4],[-92,73],[-12,44],[-47,0],[36,46],[-51,21],[58,38],[-34,8],[-86,-68],[-76,19],[-24,-29],[-148,-70],[-41,-16],[-44,4],[7,135],[43,19],[70,-11],[56,15],[46,43],[-19,62],[-174,74],[-12,53],[68,32],[-67,9],[-56,-48],[-84,27],[-4,16],[60,45],[-38,27],[-140,4],[-44,172],[-123,-4],[-82,54],[-108,110],[-68,-53],[-14,-36],[94,-33],[38,-36],[20,-85],[-27,-31],[-100,-36],[-51,-3],[-280,71],[-216,26],[-22,-7],[110,-49],[66,-58],[21,-35],[-20,-17],[-156,93],[-176,-47],[-208,76],[-92,-20],[-79,-1],[-161,19],[-94,32],[-126,14],[-85,-32],[-131,47],[-43,90],[25,50],[-74,-32],[-102,9],[-12,-5],[27,-33],[-135,-2],[-53,-32],[-137,85],[-92,23],[-103,117],[-60,132],[184,-7],[206,-45],[161,20],[10,10],[-177,87],[-293,34],[-176,76],[-53,214],[23,44],[66,55],[-49,32],[0,72],[122,172],[32,133],[60,63],[52,26],[14,40],[238,140],[231,49],[198,7],[204,-18],[39,-38],[-255,-179],[-152,-194],[-7,-64],[81,-116],[-5,-148],[30,-98],[114,-113],[176,-126],[-93,-56],[-131,-28],[-156,-66]],[[28627,60958],[-102,-6],[-199,64],[-127,76],[-51,89],[-160,99],[-11,26],[27,17],[59,7],[203,-55],[105,-49],[252,-184],[29,-64],[-25,-20]],[[28140,59808],[18,5],[13,36],[55,-26],[21,2],[58,-38],[234,29],[34,-29],[-122,-96],[-4,-76],[16,-12],[-13,-11],[-66,-1],[-18,12],[-6,29],[-29,0],[31,25],[-14,31],[-15,-2],[-10,15],[1,20],[18,20],[-71,-51],[28,-5],[-14,-12],[-104,30],[-39,60],[11,14],[-86,12],[-6,76],[-61,18],[-3,23],[11,34],[88,128],[3,-65],[-26,-61],[45,-59],[9,-30],[-10,-27],[23,-18]],[[23735,67033],[12,-31],[-19,-67],[-131,-144],[-108,-84],[-88,12],[-78,-34],[-51,129],[130,197],[21,8],[78,-21],[63,31],[59,-4],[55,18],[57,-10]],[[24329,66795],[63,-72],[-9,-97],[-84,-167],[-35,-22],[-109,98],[1,127],[81,125],[92,8]],[[25266,69386],[127,-39],[18,-27],[-3,-236],[-27,-77],[-48,-40],[-92,-37],[-221,-21],[-61,6],[-51,70],[-36,121],[43,115],[94,124],[35,21],[56,18],[166,2]],[[24331,71722],[303,5],[262,-72],[49,-64],[59,-20],[46,-66],[68,-34],[-5,-36],[53,-52],[-22,-16],[-53,-10],[-348,33],[-115,-6],[-244,-55],[-44,0],[-77,30],[-56,66],[-32,109],[-106,20],[-38,28],[-11,41],[21,24],[-30,47],[3,57],[20,17],[85,3],[71,-26],[141,-23]],[[24042,62559],[-17,-5],[-72,20],[-179,78],[-40,23],[-9,17],[47,60],[124,17],[48,-8],[90,-124],[13,-40],[-5,-38]],[[24503,64049],[-21,-6],[28,110],[18,24],[14,0],[-1,-78],[-38,-50]],[[24477,64102],[-58,-167],[-13,-3],[-11,19],[32,94],[-10,33],[-76,-148],[-26,1],[-39,-30],[65,125],[-12,15],[-87,-112],[-20,9],[-3,17],[118,173],[13,94],[7,-41],[-25,-117],[34,42],[29,142],[36,-35],[11,-29],[28,-14],[14,-45],[-7,-23]],[[24224,64076],[-26,3],[7,32],[75,39],[41,39],[-26,-61],[-71,-52]],[[21838,73306],[-96,-25],[-185,52],[-47,67],[9,55],[31,16],[145,-7],[141,-60],[35,-50],[-33,-48]],[[18271,73251],[-37,-8],[-122,25],[-82,75],[-117,170],[109,-2],[124,-82],[29,-57],[45,-2],[55,-33],[22,-39],[-26,-47]],[[19668,74495],[0,-86],[-37,-27],[-87,27],[-51,45],[-131,5],[0,85],[78,22],[140,-8],[63,-19],[25,-44]],[[18094,71400],[-35,8],[-154,113],[-26,48],[-84,47],[-96,30],[22,52],[52,43],[314,31],[50,-10],[127,-73],[-8,-117],[-92,-120],[-70,-52]],[[18836,72757],[53,-33],[-100,-31],[-39,-39],[-178,-7],[67,68],[-39,17],[-138,-29],[-52,18],[45,45],[-107,5],[-40,27],[14,32],[303,57],[90,-2],[35,-11],[22,-82],[64,-35]],[[18401,73006],[73,8],[33,-28],[129,-39],[-63,-44],[-253,-6],[-55,119],[123,26],[28,-12],[-15,-24]],[[14936,72566],[-69,-28],[-49,3],[-140,41],[186,127],[241,92],[32,-17],[-31,-49],[-170,-169]],[[16025,73519],[-110,-15],[-78,22],[-90,64],[-12,23],[170,48],[12,-32],[124,-44],[36,-32],[-52,-34]],[[11885,63319],[-8,8],[13,59],[36,-8],[-1,-17],[-40,-42]],[[11860,62215],[-18,23],[2,60],[21,-24],[-5,-59]],[[12052,63091],[-35,-51],[-50,42],[-13,-8],[0,-33],[-15,20],[14,44],[48,43],[36,-24],[15,-33]],[[12146,62744],[-20,4],[-53,74],[-89,87],[16,38],[123,-86],[46,-83],[-23,-34]],[[12460,62644],[10,-184],[-40,-101],[-13,30],[-9,105],[5,72],[-20,-36],[-17,-3],[-30,36],[-37,92],[35,138],[97,-74],[19,-75]],[[13056,61072],[7,-39],[-40,14],[5,37],[28,-12]],[[13525,61150],[4,-9],[-54,34],[-70,75],[7,7],[49,-21],[64,-86]],[[12923,61183],[-25,3],[-47,46],[10,28],[-7,25],[24,14],[22,-12],[21,-43],[2,-61]],[[13276,61398],[-3,-23],[-39,117],[14,45],[25,-11],[26,-53],[4,-21],[-27,-54]],[[12367,62456],[-8,-21],[-44,62],[-24,51],[1,40],[61,-66],[13,-27],[1,-39]],[[12612,62002],[-29,0],[-25,67],[28,35],[28,-54],[-2,-48]],[[12505,62408],[-19,-6],[8,37],[-7,98],[19,38],[28,1],[-29,-168]],[[12276,62667],[-24,14],[-22,72],[13,-6],[33,-80]],[[12311,62722],[-26,-3],[-12,14],[21,82],[15,-31],[2,-62]],[[13700,60809],[-11,-10],[-10,9],[-15,77],[28,-26],[-5,-9],[19,-40],[-6,-1]],[[29114,58700],[-60,-15],[-19,20],[60,-2],[34,24],[-15,-27]],[[28830,59379],[-10,-3],[-19,33],[41,4],[-12,-34]],[[28599,60166],[35,-11],[-15,-16],[-42,4],[20,84],[91,91],[37,2],[-19,-32],[-26,-2],[-25,-27],[-49,-67],[-7,-26]],[[27971,60430],[-6,-32],[-21,-28],[-16,1],[6,48],[37,11]],[[27979,60461],[-28,-23],[22,47],[6,-24]],[[27543,58854],[-12,-15],[28,59],[-16,-44]],[[27425,59025],[-32,-23],[23,77],[13,-6],[-4,-48]],[[25777,59370],[-95,-12],[26,32],[40,20],[40,61],[11,2],[-22,-103]],[[25746,59421],[-39,-5],[32,43],[37,9],[-30,-47]],[[26393,59985],[-22,-3],[35,42],[35,15],[-48,-54]],[[30144,61671],[-22,1],[6,26],[32,6],[-16,-33]],[[30382,61175],[-56,-40],[-19,35],[12,10],[20,-16],[42,30],[1,-19]],[[30187,62184],[-15,4],[5,17],[31,25],[-5,-29],[-16,-17]],[[30493,61243],[28,-36],[-74,-29],[2,51],[19,-10],[15,27],[10,-3]],[[30461,60234],[-24,-14],[27,77],[21,27],[-24,-90]],[[27895,66860],[87,-10],[11,-22],[-15,-30],[-43,-15],[-59,16],[-13,16],[31,21],[1,24]],[[27069,65844],[-32,5],[-1,27],[68,120],[27,-8],[31,-36],[1,-42],[-94,-66]],[[26559,66855],[-49,2],[-54,19],[-54,84],[-36,12],[-20,26],[93,-15],[95,-47],[42,-68],[-17,-13]],[[27892,66337],[-11,-4],[-124,90],[-10,38],[74,16],[82,-10],[29,-31],[-6,-53],[-34,-46]],[[27845,66562],[16,-3],[28,-41],[-12,-20],[-65,28],[-17,44],[27,19],[23,-27]],[[26845,65317],[-15,-31],[-32,-3],[12,80],[26,1],[9,-47]],[[27996,65899],[-9,-30],[-72,34],[-17,15],[-6,40],[46,6],[58,-65]],[[28822,64002],[3,-10],[-50,14],[8,31],[17,10],[29,-19],[-7,-26]],[[28641,64667],[20,-14],[5,-47],[-38,2],[-43,32],[-9,24],[39,13],[26,-10]],[[27146,69920],[-69,17],[-5,16],[76,28],[37,-22],[-39,-39]],[[28413,68830],[-29,-11],[-17,15],[60,50],[51,4],[-65,-58]],[[24446,72718],[3,-26],[-74,-16],[-68,5],[-15,18],[36,33],[131,82],[40,-17],[-53,-79]],[[24251,64325],[-6,-8],[-12,9],[11,38],[17,-9],[-10,-30]],[[24288,64650],[-14,-1],[-8,-32],[-3,44],[18,29],[7,-40]],[[24336,64273],[-14,-5],[5,67],[18,-37],[-9,-25]],[[24234,62804],[0,-14],[-16,3],[-17,28],[24,4],[9,-21]],[[24368,62211],[-33,0],[-30,25],[75,39],[16,-5],[-28,-59]],[[13715,60867],[-41,27],[-36,65],[77,-92]],[[13326,61369],[-12,45],[9,37],[20,-59],[-17,-23]],[[25764,69150],[-208,9],[-48,44],[-16,35],[9,36],[80,11],[120,-31],[94,-9],[21,-92],[-52,-3]],[[24733,67259],[21,-19],[21,2],[42,-87],[-31,-30],[-68,-22],[-76,55],[-69,81],[8,12],[66,17],[86,-9]],[[20701,72640],[-54,9],[-37,71],[88,28],[59,-91],[-56,-17]],[[24150,65573],[-10,4],[7,18],[21,23],[7,-19],[-25,-26]],[[24204,65638],[-25,-3],[20,38],[31,11],[14,-10],[-40,-36]],[[20155,71408],[-40,-5],[-36,31],[6,58],[50,26],[64,-50],[-17,-50],[-27,-10]],[[20016,72104],[-73,-26],[-23,20],[81,51],[30,-23],[-15,-22]],[[19794,71816],[-102,-5],[-68,-20],[-107,37],[145,55],[183,37],[88,2],[-14,-46],[-125,-60]],[[21749,69866],[5,-27],[-37,-46],[-39,52],[41,25],[30,-4]],[[21678,69779],[-20,-5],[-27,34],[-21,3],[27,35],[29,-21],[12,-46]],[[25672,66885],[-61,2],[-60,21],[-29,25],[124,-20],[22,-8],[4,-20]],[[25459,69397],[-19,-3],[-107,80],[28,72],[51,-2],[22,-16],[45,-83],[-20,-48]],[[24575,66058],[-33,-6],[13,24],[90,21],[-9,-15],[-61,-24]],[[24465,69329],[-19,-5],[-27,36],[5,31],[49,8],[30,-37],[-38,-33]],[[25024,67226],[-59,5],[-108,80],[56,41],[90,-48],[27,-30],[-6,-48]],[[24357,70028],[16,-34],[-46,-35],[-79,-10],[-40,11],[16,-54],[-44,11],[-69,50],[-84,17],[34,28],[45,-7],[10,27],[51,2],[22,-29],[128,32],[40,-9]],[[24697,69996],[14,-34],[-17,-13],[-104,-46],[-92,-9],[65,68],[69,13],[23,32],[42,-11]],[[24790,67488],[-17,-21],[-52,8],[-9,13],[62,19],[34,-3],[-18,-16]],[[23463,68492],[46,-12],[-31,-25],[-43,58],[28,-21]],[[24410,69615],[-36,5],[-11,29],[40,55],[83,38],[23,43],[34,12],[-6,28],[22,20],[72,4],[17,-33],[-133,-155],[-105,-46]],[[24947,69746],[-53,-3],[-40,60],[9,57],[37,15],[107,-15],[19,-17],[-79,-97]],[[22545,70170],[73,-3],[13,-48],[-43,-9],[-75,11],[-67,35],[52,29],[47,-15]],[[23317,68279],[119,-36],[-24,-37],[-66,31],[-11,-19],[-33,5],[-3,18],[24,20],[-28,13],[-47,-15],[-26,9],[-6,63],[-75,65],[11,29],[69,-23],[81,-49],[21,-20],[-16,-39],[10,-15]],[[22622,69128],[-72,45],[11,76],[-27,39],[62,90],[32,-8],[36,-46],[6,-128],[-48,-68]],[[23087,68181],[-26,-2],[-76,82],[-13,113],[51,-2],[44,-66],[37,-89],[-17,-36]],[[21060,66546],[-37,33],[29,7],[20,-20],[-12,-20]],[[19078,73004],[-62,-2],[-31,13],[108,27],[68,34],[149,-4],[-232,-68]],[[18648,73691],[-60,-4],[-2,20],[89,39],[25,-24],[-52,-31]],[[18965,73494],[-93,-2],[-73,16],[-17,67],[196,4],[108,-27],[47,-41],[-168,-17]],[[21864,72972],[-60,-8],[-47,16],[-94,92],[7,24],[94,21],[46,0],[61,-42],[-31,-48],[24,-55]],[[20325,72535],[-19,-14],[-74,7],[-63,-49],[-47,0],[-16,56],[134,43],[15,21],[99,-44],[-29,-20]],[[20512,72095],[-132,34],[46,24],[37,0],[56,-43],[-7,-15]],[[14271,72638],[-40,4],[5,11],[74,70],[-2,-54],[-37,-31]],[[16091,73076],[-37,-14],[-251,21],[-21,16],[46,24],[183,19],[91,-30],[-11,-36]],[[18378,72328],[-125,11],[-61,38],[57,88],[74,35],[65,-2],[55,-23],[50,-81],[-41,-47],[-74,-19]],[[19323,69598],[-44,-37],[-24,30],[-24,-11],[7,114],[37,1],[50,-45],[-2,-52]],[[19377,69689],[-6,-27],[-43,17],[-12,27],[22,33],[29,-18],[10,-32]],[[19301,70338],[-76,22],[-3,54],[86,-33],[-7,-43]],[[20462,69934],[32,-29],[-14,-57],[-34,-18],[-37,5],[12,67],[-30,26],[-21,-91],[-23,17],[-2,34],[29,60],[41,8],[47,-22]],[[19091,69856],[-23,-2],[-5,22],[20,17],[-36,26],[10,16],[52,-15],[24,-35],[-42,-29]],[[18928,69501],[-112,42],[72,63],[68,-32],[0,-44],[-28,-29]],[[18276,69422],[-76,21],[-48,46],[35,10],[74,-9],[38,-39],[-23,-29]],[[17462,68982],[-12,-37],[-49,49],[6,88],[19,15],[36,-115]],[[17155,69236],[48,-1],[18,-42],[-49,18],[-17,25]],[[17415,68808],[70,-3],[-34,-61],[-36,64]],[[17117,69240],[-42,25],[7,22],[31,-23],[4,-24]],[[9919,69935],[-20,-16],[-40,26],[53,21],[47,-25],[-40,-6]],[[45968,40452],[21,269],[15,71],[-18,101],[-49,100],[23,38],[-30,-5],[-21,81],[17,32],[27,-8],[-24,49],[12,40],[-5,9],[-16,-21],[-12,0],[-17,17],[5,-29],[-19,-34],[-27,7],[-15,26],[-61,41],[-5,61],[-16,56],[1,86],[-37,11],[-25,40],[7,-53],[-8,-15],[-20,4],[-10,35],[6,66]],[[68886,44005],[-40,57],[-79,21],[-16,29],[-7,-32],[-43,-32],[-19,19],[-13,23],[2,28],[34,40],[10,57],[-16,74],[-30,39],[-43,-99],[-49,-3],[-15,130],[9,110],[-28,56],[-2,53],[-13,27],[-4,-29]],[[68551,44388],[-12,3],[3,40],[7,3],[2,-46]],[[68617,44140],[-9,-17],[-14,45],[23,-28]],[[67500,43909],[-11,-5],[-23,-63],[-16,64],[6,75],[-14,142],[17,28],[34,108],[2,64],[15,47],[-1,154],[12,32],[20,24],[-17,26],[-27,-27],[-14,9],[2,75],[11,21],[-6,74],[8,43],[-23,9],[19,45],[-14,41],[10,43],[0,54],[-21,219],[-22,57],[-16,84],[-42,109],[-2,88],[-9,21],[-12,-146],[-10,29],[-9,119],[7,77],[-25,76],[-22,139],[5,19],[22,-19],[-20,49],[-16,-11],[-14,53],[-3,143],[-14,53],[8,54],[-16,195],[-30,64],[13,102],[-1,90],[22,48],[-85,-20],[-11,65],[-15,31],[-14,66],[-8,74],[6,15],[-85,134],[14,-42],[-14,-45],[14,-75],[-35,-141],[-34,-64],[-47,-26],[-16,7],[-20,33],[-8,74],[-14,1],[11,-88],[21,-54],[-45,-44],[-23,-1],[-7,-38],[-60,-37],[-21,-84],[-30,-61],[-40,-51],[-21,15],[1,54],[14,46],[-4,50],[-4,-29],[-37,-90],[-57,-4],[-13,71],[1,89],[-11,-66],[-12,-27],[-33,-29],[-3,70],[17,147],[-4,49],[-9,-77],[-19,-21],[-35,-85],[-35,-38],[-18,4],[-3,48],[14,171],[20,54],[11,100],[13,38],[5,79],[22,76],[6,114],[-23,113],[-15,165],[-63,232],[18,4],[-37,47],[-6,20],[-6,172],[-10,-46],[-15,-15],[7,-67],[-10,-41],[-54,55],[-51,150],[21,14],[36,-58],[23,-13],[33,40],[9,49],[-38,41],[-17,33],[-7,38],[-31,35],[23,59],[-31,-1],[-41,57],[-39,14],[-23,-13],[11,-63],[-2,-20],[-15,3],[-31,95],[23,46],[-20,2],[13,85],[-8,12],[-11,-52],[-26,-60],[-13,12],[-9,14],[24,57],[-38,98],[-6,0],[3,-117],[-28,76],[-68,141]],[[65955,48555],[-35,220],[7,28],[29,36],[51,-53],[7,-25],[15,19],[-9,71],[-5,224]],[[67380,44243],[20,-76],[-5,-17],[-28,69],[-18,-5],[21,41],[10,-12]],[[67374,43796],[-16,-24],[5,42],[20,31],[17,3],[-2,-19],[-24,-33]],[[67383,44473],[-1,-10],[-7,7],[3,42],[24,95],[-4,-83],[-15,-51]],[[67454,44660],[-10,-2],[-2,81],[14,-35],[21,-21],[-23,-23]],[[67463,44590],[-6,-90],[-22,12],[-15,99],[36,5],[7,-26]],[[67430,44964],[13,-12],[-3,-42],[-18,-53],[-17,-8],[0,150],[20,-14],[5,-21]],[[67362,44768],[-15,6],[-9,29],[8,27],[13,-6],[3,-56]],[[66476,46431],[-16,-43],[-6,64],[52,93],[4,-28],[-12,-54],[-22,-32]],[[67226,46566],[-9,-6],[-14,29],[-2,68],[17,19],[14,-33],[-6,-77]],[[66286,47631],[-30,33],[-20,48],[32,9],[31,-10],[-13,-80]],[[66237,48161],[6,-61],[-17,23],[-8,63],[19,-25]],[[66291,48014],[56,-56],[-10,-43],[-21,-14],[-15,11],[-5,40],[-22,35],[17,27]],[[67461,44247],[-16,8],[12,47],[4,-55]],[[67347,44567],[3,-24],[-16,26],[-2,71],[17,-55],[-2,-18]],[[67345,44873],[-15,-49],[-15,29],[12,21],[18,-1]],[[67406,45183],[-2,-71],[-12,34],[1,83],[13,-46]],[[66555,46375],[-5,-10],[-12,12],[23,48],[-6,-50]],[[66121,48175],[3,-42],[-12,17],[-15,58],[1,38],[23,-71]],[[44173,44657],[-25,-91],[-74,-119],[-30,11],[-62,-19],[-9,21],[-33,-1],[-27,-66],[-41,-19],[-15,-77],[-5,-8],[-19,9],[-21,-38]],[[50518,58613],[-6,-106],[-24,-49],[-35,17],[-45,-14],[-49,-92],[-10,-191],[-33,-19],[-65,-104],[54,-52],[67,-133],[7,-34]],[[71220,41456],[57,6],[30,23],[138,159],[13,-3],[-5,-51]],[[71453,41590],[27,0]],[[31085,41222],[23,76],[2,34],[21,1],[33,-39],[25,-57],[35,-185],[6,-171],[14,-89],[76,-381],[-8,-33],[25,-13],[8,-46],[29,-74],[65,-20],[56,-55],[18,-105],[-4,-113],[-95,-143],[-41,-87],[-29,-95],[-42,-87],[-15,-21],[-36,-19],[-33,-71],[-44,-24],[-4,-41],[-25,-94],[-37,-68],[-36,-93],[-4,-112],[-49,-72],[-2,-61],[-12,-21],[-9,-13],[-51,15],[-105,-82],[85,-4],[28,-35],[60,23],[73,85],[85,74],[97,126],[14,-45],[-19,-33],[17,-49],[15,-115],[25,-68],[-2,-52],[69,-111],[35,41],[63,40],[68,-41],[98,85],[-47,-241],[-11,-105],[-20,-60],[27,27],[16,40],[60,258],[53,38],[68,150],[27,-1],[33,-55],[4,42],[24,16],[-25,20],[-4,19],[-2,30],[16,42],[-10,36],[35,47],[-3,35],[28,58],[18,14],[3,25],[20,15],[18,-29],[19,34],[18,13],[29,-27],[32,24],[33,-42],[-10,37],[15,24],[31,-8],[35,-44],[44,1],[12,-16],[20,0],[10,-25],[31,-35],[6,-24],[47,-26],[50,0],[1,-30],[41,-2],[17,-37],[47,-28],[33,-42],[21,7],[24,-11],[25,-92],[6,-66],[12,9],[24,83],[25,18],[70,-113],[16,-4],[-14,-29],[31,24],[26,-88],[2,-47],[-30,-77],[-23,-16],[23,-47],[20,62],[35,28],[13,-87],[-34,-17],[0,-34],[-17,-40],[-32,-277],[69,114],[31,180],[20,28],[29,-10],[-1,-46],[-27,-69],[7,-24],[63,100],[17,-6],[33,34],[66,7],[5,39],[13,16],[37,-4],[71,-35],[63,-54],[20,-31],[83,-58],[60,-6],[30,26],[38,-27],[20,-31],[38,-17],[40,-8],[29,22],[78,7],[97,32],[123,-29],[231,-231],[79,-116],[51,-27],[103,-219],[62,-82],[41,-83],[79,-53],[30,-87],[53,-11],[23,-13],[28,-37],[37,-21],[104,2],[44,18],[105,-33],[16,-16],[22,-38],[38,-138],[34,-271],[26,-92],[14,-171],[12,-54],[1,-41],[10,-10],[7,-115],[-18,-201],[11,-99],[-78,-420],[-45,-132],[-102,-207],[-16,-7],[-15,14],[10,-37],[-9,-33],[-41,-100],[-41,-65],[-42,-114],[-89,-82],[-42,-65],[-37,-103],[-8,-13],[-14,7],[1,-53],[-43,-94],[8,83],[-9,-17],[-19,-62],[7,-45],[-14,-69],[-53,-195],[-80,-215],[-54,-111],[-39,-54],[-24,4],[-6,86],[-40,60],[-13,-55],[-26,-18],[16,-23],[5,-28],[-17,-55],[0,-50],[-47,-96],[-15,-97],[14,12],[11,-24],[-13,-63],[-2,-125],[10,-25],[10,43],[6,-12],[-29,-274],[16,-262],[28,-268],[-44,-280],[-34,-296],[-3,-60],[15,-170],[-30,-64],[-51,-62],[-40,-114],[-21,-170],[9,-280],[-20,-129],[-15,-34],[-37,-40],[-35,-99],[-14,-105],[-24,-38],[-4,-58],[-19,-63],[-49,-94],[-46,-53],[-10,-55],[-30,-91],[-23,-117],[12,-217],[-30,-37],[-141,-99],[-67,-119],[-1,-68],[11,-22],[-25,-70],[-130,3],[-92,-12],[-29,28],[-5,24],[9,34],[-6,21],[-16,-1],[-18,-10],[-3,-20],[11,-63],[-7,-23],[-163,-48],[-19,19],[73,21],[-7,19],[-39,24],[-44,-15],[-25,-29],[-53,3],[-65,-22],[-11,-23],[2,-44],[25,-29],[-23,-27],[-69,-20],[-64,-86],[-27,-10],[-24,-37],[-10,-52],[-48,17],[-43,0],[-32,-14],[-216,-193],[-66,-113],[-110,-126],[-69,-94],[-27,-18],[20,-14],[-6,-43],[-66,-109],[-9,6],[13,40],[-52,17],[-14,-17],[8,-40],[-12,-18],[-41,3],[-21,30],[10,-54],[45,-13],[18,-13],[7,-20],[-35,-96],[-29,-13],[-3,-13],[16,0],[9,-26],[-11,-107],[-31,-40],[23,-60],[-6,-130],[30,-216],[-10,-30],[6,-48],[-17,-81],[9,-117],[-4,-110],[-18,-102],[-25,-59],[0,-57],[-115,-130],[-55,-90],[-60,-126],[-69,-192],[-65,-274],[-77,-207],[-73,-157],[-56,-98],[-157,-184],[-58,-94],[-7,23],[6,37],[-5,65],[17,7],[24,-24],[22,31],[30,10],[57,96],[42,35],[24,60],[3,97],[13,16],[31,-5],[9,83],[41,40],[20,47],[-6,122],[7,6],[17,-19],[8,8],[8,53],[-4,28],[-20,7],[-69,-60],[-22,2],[-4,48],[-34,22],[-17,66],[-11,11],[3,-92],[31,-53],[-22,-45],[-10,-54],[1,-71],[-18,34],[-4,-75],[-20,-29],[-7,-29],[5,-32],[-10,-23],[-113,-123],[-13,-94],[-23,-42],[-17,-84],[16,-123],[-52,-119],[-41,-191],[-34,-115],[-66,-116],[-109,-149]],[[29642,26213],[49,67],[44,111],[69,81],[41,78],[33,94],[59,91],[40,114],[47,68],[11,40],[20,20],[3,32],[50,-5],[3,16],[-18,40],[5,22],[60,50],[32,59],[25,25],[34,14],[15,43],[32,26],[19,69],[40,11],[27,32],[55,13],[41,74],[11,-9],[66,68],[30,104],[-9,59],[20,229],[-37,117],[-16,127],[-16,9],[-14,31],[-17,3],[-17,21],[-70,-45],[-23,22],[-19,0]],[[29509,30605],[16,6],[17,42],[33,16],[6,17],[-65,103],[80,291],[20,17],[-3,55],[-13,2],[51,278],[18,28],[-21,41],[-60,267],[-18,-9],[-20,9],[-99,122],[-19,233],[1,23],[30,69],[1,91],[-47,-19],[-397,26],[-16,345],[-82,168],[75,4],[-6,206],[-43,190],[17,73],[-25,100],[-138,132],[-105,-23],[-68,7],[-73,124],[-6,36],[-14,12],[-43,1],[-81,60],[-19,-1],[-60,83],[-13,60],[-12,8],[-32,-25],[-24,13],[-82,88],[-24,4],[-37,-27],[-117,40],[-22,83],[-77,96],[-39,25],[-24,102],[-23,-4],[3,45],[-36,91],[-5,55],[-11,30],[4,60],[12,37],[-3,58],[-27,169],[32,111],[4,47],[-7,52],[4,68],[-21,70],[-23,-8],[-16,-29],[-19,-5],[-17,18],[-53,-8],[-82,-18],[-75,-32],[-38,-33],[-92,-129],[-74,-53],[-40,-51],[-34,-77],[-28,9],[-57,-18],[-58,-119],[-75,-59],[-26,-6],[-29,49],[-92,24],[-85,2]],[[31575,39342],[55,6],[21,21],[48,2],[128,-30],[47,-28],[3,-25],[-28,-137],[-17,-8],[7,-51],[-8,-41],[-32,-93],[-33,-53],[9,-44],[-8,-27],[-23,-41],[-26,-14],[-12,4],[-21,40],[-15,-82],[-26,3],[-40,36],[-4,-52],[-15,-36],[-53,-34],[-63,38],[-10,-19],[-56,-4],[-25,-20],[-16,6],[-23,40],[-38,200],[7,50],[33,-9],[4,19],[-4,13],[-28,-2],[-18,30],[-3,46],[6,114],[13,27],[6,96],[11,40],[45,51],[52,18],[150,-50]],[[32907,29301],[7,-12],[-53,-19],[-10,17],[28,43],[28,-29]],[[31828,27872],[-5,-5],[-15,54],[31,53],[10,-22],[-21,-80]],[[32633,28973],[0,-23],[-11,12],[-26,-9],[-9,17],[36,74],[16,-43],[-6,-28]],[[32817,38154],[-24,-43],[8,50],[-1,61],[22,30],[-5,-98]],[[34211,33703],[-9,-10],[-1,28],[24,35],[4,42],[13,-19],[4,-31],[-35,-45]],[[34172,33538],[-8,-26],[-10,4],[-10,34],[10,21],[18,-1],[0,-32]],[[32724,38865],[-20,-32],[-13,8],[10,46],[22,-4],[1,-18]],[[31548,39560],[10,-23],[-34,-91],[-19,-13],[-21,-3],[-26,27],[-55,5],[-2,39],[18,43],[35,-2],[60,34],[34,-16]],[[31413,40292],[-25,-20],[-14,8],[-12,52],[4,44],[17,14],[19,-9],[11,-89]],[[31327,39385],[-66,-86],[-27,45],[10,53],[37,24],[42,-4],[4,-32]],[[31620,39394],[-65,-14],[-29,22],[29,47],[50,31],[25,-12],[7,-25],[-2,-24],[-15,-25]],[[31382,39504],[-5,-65],[-43,27],[3,67],[38,53],[7,101],[13,15],[5,-4],[5,-142],[-23,-52]],[[31448,39615],[-26,-15],[-5,69],[7,30],[47,23],[4,-50],[-27,-57]],[[31041,38814],[-25,-8],[32,109],[30,52],[1,101],[31,90],[30,37],[41,11],[23,-56],[-28,-155],[-8,-1],[-38,-82],[-42,-57],[-47,-41]],[[31852,27274],[-17,-20],[3,104],[31,76],[9,-22],[-29,-112],[3,-26]],[[47874,58243],[-21,18]],[[28421,29698],[-23,33],[-24,71],[-201,-3],[-10,-10],[-35,9],[-28,-29],[-70,-232],[-14,-99],[-69,263],[-93,52],[-189,4],[-79,116],[-29,14],[-36,-136],[-84,-45],[-21,-85],[-57,-62],[-5,-43],[-34,-75]],[[44250,42234],[-262,-67]],[[22210,47538],[-13,-49],[53,-4],[11,-55],[-45,-270],[16,-40],[-20,-90],[6,-153],[-12,-145],[-60,-150],[-33,-18],[-44,-102],[-8,-26],[4,-29]],[[22294,47298],[-12,-8],[24,109],[10,0],[-22,-101]],[[22317,47078],[-18,-61],[6,63],[19,52],[9,-9],[-2,-20],[-14,-25]],[[44206,61836],[200,123]],[[29186,45176],[-7,-9],[-22,18],[-8,21],[-1,67],[14,6],[40,-72],[-16,-31]],[[65955,48555],[-65,168],[-12,223],[-23,87],[-21,152],[9,53],[-16,-23],[-25,91],[-40,89],[-11,39],[-1,38],[-64,-106],[-65,-20],[-29,54],[-41,134],[-6,30],[6,78],[-13,140],[-7,-6],[-5,-68],[-69,14],[30,-39],[31,-9],[17,-35],[1,-58],[-31,-35],[3,-29],[17,-36],[-21,-10],[-7,-57],[15,-51],[-2,-21],[31,-99],[-7,-46],[-56,-92],[-30,-95],[-18,-6],[-21,31],[4,57],[30,61],[-62,-59],[-15,79],[0,46],[22,70],[-25,-35],[-7,-130],[-10,-47],[-59,-95],[-20,223],[4,-158],[-36,-85],[-29,1],[-34,66],[-10,96]],[[65671,49161],[-26,-31],[8,182],[24,-104],[-6,-47]],[[65769,49252],[-12,-13],[-10,11],[-14,43],[11,62],[25,-103]],[[65580,49123],[-42,-15],[-22,5],[40,115],[-7,93],[-20,34],[-15,95],[22,13],[19,-22],[15,-77],[32,-67],[-9,-143],[-13,-31]],[[65846,49011],[-9,-36],[-4,26],[7,51],[8,-18],[-2,-23]],[[65864,48869],[-15,-2],[-7,13],[-1,77],[19,6],[7,-50],[-3,-44]],[[65547,49506],[5,-18],[-30,41],[10,9],[15,-32]],[[55851,50786],[-8,-33],[-26,69],[6,41],[-9,58],[4,17],[28,5],[-7,-19],[13,-32],[-1,-106]],[[24786,50070],[-23,-38],[17,-19],[17,43],[13,-35],[10,-118],[-13,-57],[-48,7],[-1,47],[-19,78],[-35,79],[12,15],[16,-5],[44,20],[10,-17]],[[24891,50795],[-43,53],[38,58],[10,146],[-8,31],[-22,25],[-44,100],[-105,26],[20,15],[79,-16],[65,-94],[2,-22],[47,-47],[7,-87],[-32,-40],[-6,-125],[-8,-23]],[[25908,48730],[-33,-93],[-121,-19],[-4,18],[0,55],[23,10],[15,29],[24,5],[46,-21],[23,22],[19,47],[12,-5],[-4,-48]],[[24766,50271],[-1,-107],[-72,-77],[-8,34],[-14,20],[-3,36],[-11,-12],[-42,34],[-17,37],[23,6],[5,-23],[19,28],[-14,44],[28,72],[6,46],[-13,74],[12,5],[46,-52],[0,-35],[32,-92],[24,-38]],[[24584,51157],[29,-14],[104,20],[5,-23],[-1,-12],[-74,-11],[-124,-60],[-58,83],[45,-48],[21,8],[19,26],[9,61],[25,-30]],[[24861,50405],[-27,-9],[-24,16],[27,23],[29,1],[15,-18],[-20,-13]],[[25658,49401],[6,-7],[-16,-18],[-42,20],[-8,56],[60,-51]],[[25568,49991],[-19,-48],[-10,4],[6,60],[18,9],[5,-25]],[[25622,49178],[-17,-13],[4,23],[79,106],[7,21],[-17,48],[5,35],[26,7],[-7,-22],[10,-63],[-34,-77],[-56,-65]],[[25031,50613],[40,-50],[34,-18],[52,-84],[-10,-216],[-37,74],[26,2],[3,50],[12,40],[-2,40],[-50,85],[-32,13],[-29,39],[-39,-2],[17,61],[15,-34]],[[25269,49720],[-28,9],[-42,53],[-20,5],[7,30],[83,-97]],[[25469,49476],[-2,-11],[-30,88],[-61,42],[20,17],[2,28],[-43,141],[-1,34],[24,-53],[26,-93],[11,-81],[30,-27],[22,-38],[2,-47]],[[25356,50049],[1,-23],[-49,-4],[22,36],[1,19],[-21,28],[-40,114],[-20,29],[4,15],[18,-4],[33,-111],[51,-99]],[[25905,49272],[50,-18],[21,-26],[-9,-16],[-26,30],[-66,9],[9,33],[21,-12]],[[25935,48868],[-32,-21],[-4,25],[17,20],[19,-24]],[[54437,56843],[64,27],[22,-30],[7,-50],[24,5],[50,-44],[56,31],[23,-8],[-4,-74],[51,-58],[-6,-29],[39,-132]],[[54854,56494],[0,71],[-22,54],[45,14],[-53,78],[27,32],[1,35],[-39,27],[-29,-10],[-100,126],[-50,42],[12,16],[62,5],[20,66],[-1,26],[-96,80],[-28,50],[-18,62],[48,57],[2,19],[-40,61],[-85,40],[0,11],[29,10],[0,10],[-25,21],[-21,42]],[[55358,57781],[23,-25],[93,-181],[43,-152],[56,-99],[77,-95],[52,-3],[46,-32],[30,-40],[15,-59],[-54,20],[-55,-4],[-89,-53],[-18,-47],[-37,-210],[10,-113],[-23,-28],[-25,-112],[-11,-12],[-2,36],[-24,21],[-38,-129],[3,-177]],[[54627,57243],[-5,21],[-13,-7],[0,-18],[18,4]],[[54499,57423],[-13,0],[-2,23],[14,-1],[1,-22]],[[78271,34204],[-18,-95],[2,-59],[34,-41],[9,-44],[27,-62],[-1,-42],[15,-53],[17,-196],[14,-61],[-9,-130],[50,-267],[50,-50],[35,30],[25,41],[64,30],[27,-53],[15,-61],[155,-197],[-9,-68],[10,-100],[-5,-66],[19,-99],[6,-78],[20,-77],[-8,-153],[30,-96],[50,-112],[38,-15],[-2,-68],[36,-137],[18,-111],[-25,-237],[2,-43],[46,-103],[27,-20],[-9,-125],[21,-60],[24,-45],[51,-47],[75,-30],[33,-60],[34,-10],[34,16],[22,-42],[19,-65],[37,-65],[27,-11],[16,-32],[39,-13],[70,-83],[56,-25],[39,-64],[30,-83],[-37,5],[-11,-49],[25,-68],[66,-99],[35,-71],[30,-154],[30,-45],[1,-82],[16,-113],[17,-103],[27,-80],[28,22],[37,-70],[8,12],[-16,94],[10,54],[23,9],[38,-91],[74,-82],[10,1],[-3,76],[13,7],[12,-22],[22,-69],[5,-264],[14,-123],[76,-143],[84,-100],[46,-11],[34,-37],[72,-209],[79,-89],[11,-71],[37,-104],[33,-32],[30,-69],[2,-113],[15,-55],[44,-65],[-20,-149],[19,-298],[-11,-92],[65,-252],[17,-123],[29,-84],[-1,-128],[11,-61],[-3,-80],[-34,-86],[-28,-105],[0,-91],[-18,-173],[-59,-294],[4,-151],[-25,-231],[-38,-154],[-55,-114],[-3,-86],[-19,-86],[-54,-74],[-7,-31],[-19,0],[12,-19],[-6,-15],[-51,-28],[-34,-35],[-79,-196],[-13,-77],[-34,-25],[8,-52],[-11,-100],[-8,-25],[-11,9],[-18,-18],[26,-11],[-66,-117],[-22,-89],[-22,-172],[6,-53],[-26,-13],[-4,-15],[10,-25],[-8,-19],[-29,-16],[-47,-162],[-44,-110],[-31,-314],[-25,-129],[-3,-103],[9,-78],[-13,-119],[-30,-8],[-79,-98],[-45,-13],[-86,6],[-165,-19],[-93,-45],[-60,-54],[-56,-71],[-131,-195],[-102,-21],[-35,5],[-18,-12],[0,-24],[29,-49],[22,33],[10,-9],[4,-99],[-21,-35],[-14,9],[-21,70],[-23,43],[-22,14],[-32,-29],[-35,103],[-45,4],[-51,53],[16,53],[20,9],[-16,66],[-45,3],[-24,-64],[-56,-52],[-59,71],[47,-2],[38,61],[12,50],[-55,84],[-120,-104],[47,-9],[18,-23],[-136,-111],[-70,-103],[-67,-54],[-75,34],[-35,43],[-59,28],[-93,86],[-27,6],[-38,-12],[-63,50],[-49,6],[-32,-51],[-41,11],[-51,84],[-49,41],[-93,22],[-57,57],[-43,112],[-104,173],[-11,82],[29,174],[-31,128],[-64,158],[-104,141],[-16,47],[23,-7],[12,24],[15,8],[13,-32],[14,-6],[9,81],[-10,22],[-22,13],[-67,-63],[-10,-21],[-25,0],[-61,-46],[-81,13],[16,55],[36,71],[27,132],[-5,114],[-97,260],[-42,-125],[-11,-119],[-44,-182],[-56,5],[-76,-46],[-63,-1],[31,142],[91,1],[25,138],[-8,96],[8,95],[38,133],[68,122],[-19,166],[34,47],[-19,142],[-32,84],[2,-107],[-27,-68],[-57,-95],[-50,-190],[-26,-33],[-46,-20],[-73,-65],[-50,-58],[-75,-175],[-56,-102],[26,-124],[-7,-16],[-43,52],[-35,-34],[-40,80],[-61,78],[-26,-3],[2,22],[21,22],[39,-49],[17,7],[-56,272],[-80,147],[-23,130],[-45,61],[-74,11],[-31,81],[-18,101],[31,8],[2,80],[-74,60],[-34,63],[-30,27],[-28,10],[-82,0],[-110,100],[-26,3],[-79,-31],[-26,5],[-120,137],[-79,64],[-61,23],[-87,-47],[-158,11],[-228,-36],[-59,-18],[-212,-160],[-95,-37],[-87,-49],[-131,-21],[-155,24],[-53,-18],[-85,-91],[-73,-48],[-123,-118],[-93,-32],[-32,-25],[-28,-50],[-63,-205],[-53,-105],[-34,-35],[-35,5],[-38,-37],[-33,38],[-71,5],[-152,-45],[-21,52],[-159,21],[-143,-20],[-96,-40],[-51,12],[-86,-17],[-53,-55],[-44,-117],[-50,-39],[-85,-10],[-184,-223],[-134,-48],[-106,28],[-152,20],[-128,85],[-64,117],[-39,44],[-69,54],[-36,-17],[-29,38],[-9,90],[5,235],[46,-57],[42,2],[38,48],[41,148],[-16,230],[9,31],[13,13],[4,73],[3,225],[-9,84],[-59,172],[-39,149],[-29,68],[-24,109],[-26,227],[-7,140],[5,126],[-25,128],[-56,118],[-22,145],[-90,202],[-16,235],[-17,87],[-77,218],[-91,189],[-36,103],[33,-27],[8,72],[47,-157],[8,-53],[37,-16],[25,41],[4,75],[-64,102],[-19,88],[-28,81],[0,29],[13,21],[22,-12],[42,-90],[-7,-97],[10,-34],[10,-13],[21,64],[21,-107],[12,-28],[24,-32],[31,46],[-1,192],[-53,134],[-78,249],[-25,125],[-37,112],[1,134],[17,115],[64,198],[10,220],[-27,121],[66,307],[16,25],[24,23],[5,-36],[-12,-118],[17,-63],[-5,-70],[39,26],[18,36],[54,175],[26,53],[36,38],[145,107],[134,202],[169,165],[105,6],[37,-32],[27,-3],[68,34],[124,117],[134,50],[85,117],[117,-19],[44,35],[104,21],[58,30],[136,104],[44,55],[39,70],[37,93],[83,276],[41,36],[82,124],[4,33],[-30,30],[-22,184],[4,103],[24,78],[42,72],[22,12],[47,68],[48,156],[13,-2],[41,-187],[30,-76],[29,-112],[43,-100],[11,132],[-3,83],[6,10],[11,-7],[33,-45],[7,2],[0,55],[11,34],[-5,23],[-18,-1],[-70,165],[22,9],[11,24],[5,32],[-10,52],[10,20],[20,-6],[31,-83],[14,8],[11,34],[20,9],[21,-6],[41,-47],[114,-7],[-25,28],[-52,2],[-12,16],[-4,42],[7,30],[5,13],[34,-4],[8,77],[9,30],[0,28],[-10,-8],[-25,-65],[-29,94],[14,115],[16,9],[13,-10],[32,60],[0,38],[68,-57],[10,-28],[12,11],[2,59],[-40,-1],[-17,65],[19,23],[15,1],[11,15],[4,30],[77,-51],[6,46],[-34,31],[-1,31],[-14,35],[0,35],[21,29],[4,28],[37,12],[35,32],[4,90],[8,9],[18,-14],[-10,-105],[7,2],[11,36],[20,-11],[7,-57],[10,-9],[14,43],[18,11],[-1,55],[23,112],[-14,60],[15,9],[16,-20],[18,-71],[10,13],[6,32],[19,19],[41,-62],[26,31],[25,59],[-1,73],[30,19],[25,-14],[23,-40],[47,-29],[40,-42],[52,-72],[52,-127],[75,-117],[-29,-148],[-2,-105],[10,7],[11,38],[24,-32],[1,23],[-21,63],[0,26],[56,76],[1,18],[41,23],[116,-47],[26,-46],[3,-56],[10,-19],[4,111],[8,15],[46,-27],[43,-91],[4,24],[-9,70],[6,33],[51,10],[-23,17],[-36,63],[22,39],[-22,-1],[-55,73],[19,79],[39,76],[22,26],[31,178],[24,31],[48,24],[30,64],[-30,68],[8,83],[36,33],[20,85],[13,13],[40,5],[1,95],[12,10],[16,-9],[10,-29],[21,-28],[8,15],[-6,69],[36,10],[-1,57],[7,10],[42,6],[17,48],[12,-62],[24,-30],[69,0],[40,20],[42,-22],[46,42],[29,-23],[9,-25],[8,52],[17,18],[17,11],[31,-5],[-20,38],[0,87],[11,82],[-48,69],[-48,11],[-35,-15],[-15,12],[-31,55],[-29,21],[-3,13],[37,40],[13,-7],[33,-50],[11,2],[15,44],[18,-8],[54,-63],[30,-61],[42,51],[26,-7],[15,-21],[39,-111],[41,-9],[43,-39],[90,-7],[81,-77],[43,-20],[29,-3],[47,34],[30,-53],[43,-39],[45,-13],[33,41],[47,30],[82,105],[9,-2],[-22,-55],[15,-8],[-1,-10],[-45,-70],[0,-25],[10,-14],[47,39],[17,-17],[5,-61],[12,-40],[44,-6],[16,57],[-9,48],[-10,10],[47,97],[23,-3],[17,-77],[27,-40],[28,3],[15,-11],[12,-47],[-99,-190],[-5,-21],[18,-75],[-32,-97],[-12,-5],[-28,43],[-89,-73],[0,-139],[15,-83],[-9,-54],[-17,-96],[-33,-59],[-83,-206],[12,-72],[19,-34],[163,-177],[21,-73],[71,-60],[15,14],[14,-4],[-1,-66],[21,-26],[52,7],[72,-82],[98,-74],[51,-106],[38,-62],[42,-44],[63,-32],[30,6],[47,-37],[46,-16],[24,-51],[10,-67],[23,-71],[47,-23],[60,-70],[50,-30],[34,-41],[42,0],[73,34],[77,93],[33,175],[62,161],[17,81],[29,172],[-4,72],[14,132],[42,240],[-25,257],[17,139],[-27,99],[-2,57],[42,236],[-8,138],[41,72],[33,-10],[3,27],[-19,71],[-42,38],[2,62],[44,164],[22,-34],[-2,69],[45,273],[7,143],[39,28],[31,77],[22,0],[14,-18],[-12,-55],[41,-60],[14,-46],[13,-84],[9,-225],[28,-43],[46,-15]],[[80668,28157],[-6,-12],[-10,22],[-8,78],[21,109],[-6,48],[46,82],[3,36],[-23,47],[27,38],[6,-4],[4,-77],[15,-28],[-2,-37],[-51,-198],[-16,-104]],[[77382,32179],[-18,-38],[-10,5],[-9,-21],[-47,-20],[1,51],[31,70],[72,31],[26,-52],[-33,-6],[-13,-20]],[[76706,33393],[10,-18],[11,1],[10,40],[15,-33],[-29,-52],[-10,-56],[10,-37],[24,-17],[16,5],[-14,-47],[-59,5],[-76,30],[22,38],[-1,114],[56,83],[12,-3],[3,-53]],[[75191,34324],[29,-25],[6,-35],[-25,-9],[-45,29],[-58,-24],[-8,17],[7,46],[16,-7],[14,18],[-11,78],[35,62],[11,0],[29,-150]],[[75229,34457],[33,-3],[39,32],[26,-11],[47,40],[13,24],[40,-54],[25,-55],[-17,-32],[-2,-34],[-19,2],[-22,-56],[-82,-94],[-74,81],[-33,54],[-21,75],[-13,102],[4,10],[10,4],[46,-85]],[[71006,28025],[-6,-19],[-47,137],[-13,93],[18,22],[48,-233]],[[76919,23780],[58,-10],[23,16],[28,-13],[19,-43],[-27,-24],[-43,17],[-40,-13],[-19,-56],[-35,-21],[-16,23],[-41,17],[-15,-25],[-96,3],[-51,63],[23,61],[169,69],[60,-12],[13,-16],[-10,-36]],[[78830,22633],[-36,-29],[-14,14],[4,31],[32,2],[14,-18]],[[78788,22574],[10,-29],[-20,16],[-35,-3],[22,30],[23,-14]],[[79692,30550],[-26,3],[10,57],[16,-60]],[[79666,30612],[-12,2],[19,44],[-7,-46]],[[80201,29148],[23,-17],[-3,-29],[16,-55],[-14,-24],[-50,108],[7,30],[21,-13]],[[80048,29659],[-13,7],[6,43],[15,-42],[-8,-8]],[[79906,29716],[-8,-13],[-6,32],[1,34],[9,11],[4,-64]],[[80780,27419],[-20,-121],[-7,2],[-7,18],[9,114],[25,-13]],[[80757,27471],[-5,-6],[-11,42],[-3,42],[4,39],[12,9],[9,-4],[-10,-71],[4,-51]],[[78052,34751],[-20,-25],[-13,13],[-2,40],[17,22],[18,-50]],[[78068,34976],[-15,-27],[-15,8],[-5,16],[6,22],[19,4],[10,-23]],[[78026,34993],[-6,-12],[-11,26],[13,30],[10,-14],[-6,-30]],[[79022,31453],[15,-74],[-10,-37],[-15,14],[-34,88],[44,9]],[[76678,34456],[-18,-27],[-1,20],[46,104],[5,58],[11,6],[-9,-81],[-34,-80]],[[76615,34358],[-39,-33],[21,44],[52,49],[-2,-19],[-32,-41]],[[76798,32528],[-11,-20],[-13,21],[-3,22],[-10,6],[16,51],[14,-30],[7,-50]],[[76742,32597],[-5,33],[8,18],[3,-37],[-6,-14]],[[76676,32594],[-19,0],[2,37],[22,-1],[-5,-36]],[[77370,31942],[-9,-8],[-3,18],[21,45],[16,-23],[2,-23],[-27,-9]],[[76590,33384],[-28,3],[3,28],[20,39],[10,-18],[4,-37],[-9,-15]],[[75707,34489],[-4,-6],[-20,67],[6,21],[-8,35],[13,4],[10,25],[12,-87],[-9,-59]],[[73917,33053],[-16,-27],[-11,22],[7,43],[10,16],[9,-8],[1,-46]],[[73771,32693],[-18,-9],[-10,36],[9,32],[8,-1],[13,-39],[-2,-19]],[[71555,30332],[-14,-34],[-17,7],[-3,17],[31,63],[3,-53]],[[78723,21568],[58,7],[35,-39],[25,-2],[70,-71],[120,-60],[63,9],[36,28],[30,-39],[2,48],[32,29],[80,15],[33,-20],[40,69],[61,-12],[23,41],[60,-33],[19,-41],[-1,-380],[13,-175],[-3,-21],[-10,3],[-3,52],[-23,31],[14,19],[-6,23],[-47,-127],[-3,-77],[-21,-60],[-2,-107],[16,-149],[-8,-11],[-39,-17],[-21,43],[-12,44],[9,18],[21,-10],[6,33],[-54,36],[-10,-14],[1,-52],[-21,-16],[-11,61],[-26,45],[12,-59],[-6,-38],[-15,-25],[-4,-64],[-17,-18],[-43,44],[-2,-27],[21,-25],[-49,-148],[-42,5],[-37,41],[-87,-2],[-35,-15],[-12,75],[56,9],[-4,17],[-57,17],[-24,-6],[-64,129],[-30,31],[-53,167],[-17,138],[43,-47],[23,-68],[12,61],[-39,55],[-7,35],[-9,-19],[-14,-2],[1,77],[-78,165],[-36,111],[-29,179],[17,136],[79,-50]],[[78453,21862],[-7,-2],[-3,59],[-12,35],[10,90],[14,18],[3,33],[12,1],[22,-25],[12,-138],[-7,-30],[-44,-41]],[[79439,22018],[43,-78],[29,-21],[-11,-50],[17,-20],[-2,-13],[-50,-38],[-53,108],[-3,48],[-16,-2],[-11,17],[41,64],[16,-15]],[[79283,20424],[-11,-46],[-38,1],[-12,30],[14,0],[29,66],[7,0],[11,-51]],[[79464,20725],[-18,-2],[-2,32],[13,21],[23,-26],[-17,-13],[1,-12]],[[79302,20492],[-21,4],[-13,31],[14,36],[20,-71]],[[78660,21690],[-9,-36],[-9,46],[18,22],[0,-32]],[[79518,21778],[36,-55],[-17,-24],[-13,-4],[-8,27],[-52,-8],[-20,21],[-3,10],[12,11],[34,0],[31,22]],[[79496,21687],[-12,-34],[-17,31],[29,3]],[[82074,15466],[-9,-17],[13,106],[15,15],[-19,-104]],[[69200,34844],[-7,-31],[-27,23],[3,23],[26,12],[5,-27]],[[67048,34104],[9,-3],[-6,-4],[-4,8],[-2,23],[3,-24]],[[67067,34099],[-6,3],[7,11],[-1,-14]],[[61446,16155],[-29,-21],[-30,0],[-52,92],[81,-23],[61,-37],[-31,-11]],[[84268,26725],[12,-10],[-7,-24],[-11,15],[-2,15],[8,4]],[[73528,33997],[-5,-4],[0,5],[5,-1]],[[29499,25212],[-5,-41],[12,-173],[-19,-52],[-31,3],[-11,-18],[-30,-241],[37,-233],[-10,-26],[-22,-19],[15,-70],[44,-99],[126,-93],[111,-129],[32,-76],[3,-63],[-47,-94],[-5,-79],[9,-55],[17,-52],[46,-67],[34,-24],[45,3],[13,-35],[6,-187],[-101,-260],[-74,-131],[-27,-72],[-10,-78],[-24,-37],[-129,-116],[-201,-104],[-198,-72],[-311,-68],[-119,-3],[-113,35],[-29,47],[-36,5],[-9,-23],[17,-59],[-8,-72],[10,-40],[21,-8],[38,-49],[-31,-3],[25,-36],[-13,-159],[-38,-31],[-28,-132],[-6,-70],[8,-45],[36,-94],[-14,-62],[-22,-33],[-137,-96],[-61,-18],[-99,-4],[-37,4],[-148,100],[-113,48],[12,25],[-16,9],[-12,2],[-37,-32],[-15,-34],[-5,-98],[33,-202],[2,-78],[-12,-99],[17,-58],[22,-26],[67,-43],[26,-4],[-15,-38],[1,-26],[37,-8],[77,17],[9,18],[0,38],[-46,7],[6,14],[105,46],[27,-33],[13,-41],[8,-54],[-5,-127],[-18,-48],[-83,-33],[-23,9],[-47,126],[-40,26],[-39,-8],[-39,-45],[-39,-14],[-13,-41],[96,-65],[75,-27],[-27,-39],[-99,-57],[-36,-46],[-64,-122],[-13,-95],[16,-114],[-17,-48],[11,-53],[-23,-87],[-70,-80],[-12,-59],[24,-36],[-10,-57],[-133,18],[-96,-95],[-86,-32],[-77,-141],[-83,-208],[4,-95],[19,-76],[177,-247],[30,-17],[158,-22],[35,-27],[28,-83],[-18,-128],[-55,-64],[-45,-19],[13,-13],[58,13],[17,-11],[13,-39],[-25,-16],[-116,-160],[-155,-125],[-105,-142],[-53,-129],[5,-42],[-39,-253],[-78,-75],[-27,-6],[-56,55],[-43,99],[1,-80],[-61,-15],[-16,-14],[55,6],[38,-9],[42,-65],[-125,-99],[-26,-51],[-26,-160],[-50,-72],[2,-8],[37,23],[32,-136],[8,-81],[-6,-25],[-98,-16],[13,-12],[23,4],[33,-27],[35,12],[17,-18],[138,-276],[-12,-22]],[[26973,16367],[70,-108],[24,-80],[-22,27],[-24,-15],[-22,-53],[8,-37],[23,-15],[56,-5],[38,-113],[172,-213],[104,-76],[153,-136],[118,-52],[92,9],[28,-3],[18,-17],[-41,-88],[-30,-16],[-117,-2],[-135,-49],[-101,46],[-48,10],[-265,37],[-105,-15]],[[27961,15463],[27,-10],[151,6],[-4,-19],[-34,-19],[-85,7],[-76,-47],[-29,33],[50,49]],[[28609,22275],[2,-27],[-13,3],[-30,26],[-12,36],[31,-11],[22,-27]],[[28647,46909],[-7,-17],[-27,7],[-7,37],[17,31],[32,-31],[-8,-27]],[[28640,47145],[-4,-11],[-20,20],[-5,48],[28,-19],[1,-38]],[[46439,31883],[18,239],[-5,315],[-12,67],[37,49],[28,91],[13,116],[51,268],[24,262],[30,124],[11,139],[84,180],[21,111],[105,112],[44,102],[21,71],[24,137],[0,142],[15,190],[-3,55],[-23,75],[-4,54],[-44,94],[-11,72],[-40,113],[-10,75],[-19,54],[-13,137],[-38,150],[0,25],[11,31],[12,9],[-10,-47],[74,141],[5,138],[-125,499],[-10,122],[-73,160],[-58,204],[5,13],[118,39],[67,61]],[[46553,36919],[-15,55],[13,72],[-7,63],[-39,141]],[[43057,54827],[74,-4],[58,39],[82,79],[60,94],[160,124],[58,-18],[34,6],[23,30],[25,71],[39,43],[160,124],[69,33],[263,39],[61,-4],[92,81],[132,4],[63,45],[237,0],[130,-109],[104,67],[82,28],[45,32],[19,47],[39,18],[21,-36],[85,-37],[75,22],[-8,54],[55,-15],[43,-26],[45,-52],[28,-11],[53,24],[109,12]],[[48439,56845],[-9,72],[-28,75],[-88,73],[-40,86],[29,-13],[4,12],[-29,114],[30,118],[4,133],[-9,83],[14,60],[19,34],[0,65],[-27,29],[-30,6]],[[32522,12919],[53,-11],[34,-34],[32,-7],[13,-41],[-55,36],[-75,3],[-17,25],[-38,-14],[0,40],[25,-7],[28,10]],[[21667,9291],[-26,8],[7,30],[22,-11],[-3,-27]],[[29784,11669],[23,-58],[35,-29],[-12,-26],[-69,-3],[-8,29],[13,21],[-13,20],[-75,-16],[-194,-109],[-65,-67],[-75,-119],[-40,-3],[-10,-17],[60,-26],[-5,-20],[-21,-6],[29,-75],[-26,-6],[-38,38],[-43,3],[-56,43],[-21,-6],[-16,-36],[9,-39],[-17,-24],[-22,11],[-7,48],[-48,8],[-68,-50],[-24,-2],[-174,-189],[-66,-19],[-89,17],[-8,-20],[38,-68],[-21,-23],[-47,2],[-22,19],[-48,-62],[23,-54],[62,-29],[10,-20],[-57,-9],[-76,-110],[3,-33],[69,-87],[41,-3],[116,27],[22,34],[55,-5],[31,31],[71,-5],[13,-20],[-43,-55],[-27,17],[-25,-3],[-12,-17],[25,-35],[-30,-64],[-26,21],[-4,34],[-68,29],[-23,-35],[-36,-11],[-19,-78],[-21,11],[-8,47],[-59,38],[-137,-12],[-17,-32],[25,-24],[-1,-84],[27,-28],[2,-38],[-23,0],[-152,194],[-80,10],[-40,-16],[24,-46],[-25,-12],[-78,-107],[65,-47],[14,-49],[-21,-17],[-49,-7],[-87,33],[-37,0],[-13,23],[-19,-3],[-46,-95],[5,-36],[17,-8],[-58,-39],[40,-13],[10,-28],[-104,-15],[-25,13],[-37,-29],[21,-124],[-44,-94],[31,-59],[-41,-53],[102,-4],[81,37],[13,-31],[-150,-92],[87,-15],[23,-17],[-60,-76],[21,-16],[176,-56],[85,-11],[-22,83],[60,37],[171,35],[69,-11],[-12,-19],[-32,7],[-57,-12],[-87,-41],[-16,-18],[7,-32],[97,-46],[-32,-62],[5,-39],[112,-126],[98,-65],[33,-47],[11,-106],[50,-89],[58,-40],[-13,-70],[-49,21],[-39,-58],[91,-58],[121,3],[3,-35],[-50,-47],[-72,-23],[-11,-31],[19,-44],[63,19],[94,-5],[15,-58],[70,-107],[-10,-32],[-35,-10],[-196,-139],[95,-7],[85,48],[32,-11],[32,-69],[-21,-32],[-219,-37],[-77,-50],[88,-23],[65,8],[77,-26],[86,27],[57,-10],[13,-126],[-16,-29],[-77,-19],[-56,1],[-1,-58],[84,-44],[52,24],[46,-12],[0,-69],[36,-77],[31,-5],[26,35],[34,0],[12,-41],[-40,-107],[-106,28],[-81,-47],[-45,-4],[-84,60],[-140,19],[53,-47],[37,-107],[56,14],[78,-31],[49,-32],[22,-44],[-28,-70],[-72,-37],[-49,26],[-70,-12],[-35,-47],[126,-2],[38,-9],[29,-29],[-45,-37],[-83,5],[-66,-41],[123,-18],[133,39],[19,-29],[-74,-75],[-87,-15],[-65,-1],[-144,32],[92,-147],[-18,-38],[-51,-27],[-56,-12],[-48,25],[-34,70],[-43,20],[-71,3],[-5,-99],[-38,14],[-138,-55],[143,-14],[40,-35],[-15,-17],[-151,-23],[-103,-38],[237,-26],[11,-20],[-25,-23],[-631,-220],[-376,-69],[-432,-106],[-148,-75],[-44,-57],[-110,-29],[-303,-15],[-223,28],[-182,6],[-99,-9],[-336,51],[-94,-12],[-142,10],[-229,-20],[-24,-31],[29,-58],[223,-194],[121,-54],[87,-33],[196,-2],[418,-49],[-5,-45],[-92,-88],[-191,-94],[-186,-30],[-142,8],[-252,50],[-316,46],[-469,42],[-224,40],[-121,-39],[-116,-2],[902,-221],[103,-37],[-27,-99],[-79,-37],[-204,-3],[-255,-30],[-128,-1],[-560,180],[-284,188],[22,-72],[112,-112],[-31,-2],[-46,23],[-53,-46],[16,-34],[106,-104],[387,-142],[186,-177],[87,-4],[11,84],[82,23],[168,-16],[716,-9],[68,-27],[45,-105],[-127,-122],[-161,-39],[-116,-7],[-474,5],[359,-74],[246,6],[182,25],[169,-126],[154,-209],[65,-12],[72,22],[138,10],[220,-45],[208,67],[280,64],[79,-3],[109,-101],[113,-46],[143,-19],[144,16],[63,-16],[45,-55],[622,-145],[200,-27],[547,-15],[79,-35],[-92,-18],[-521,11],[-224,-34],[86,-25],[260,-4],[13,-32],[-431,-14],[-53,-23],[71,-17],[-17,-84],[48,-42],[70,0],[122,-40],[127,-1],[151,30],[273,18],[180,-3],[253,37],[80,-6],[-379,-117],[-156,-26],[199,-198],[50,-14],[96,31],[23,-23],[-90,-153],[40,-24],[462,-27],[524,270],[376,159],[123,6],[317,116],[156,24],[224,4],[427,71],[555,36],[242,-49],[267,25],[52,-93],[-115,-130],[83,-25],[274,33],[182,52],[56,-5],[95,26],[268,223],[348,240],[51,18],[115,4],[404,124],[379,-80],[96,39],[205,37],[155,105],[517,58],[117,2],[109,23],[229,5],[72,62],[408,60],[1233,48],[161,42],[41,47],[-273,44],[-176,-2],[-1136,72],[-63,50],[-26,141],[-79,17],[-569,-46],[-611,130],[-175,69],[14,135],[163,187],[101,89],[68,7],[63,40],[115,134],[354,124],[133,-8],[446,219],[312,127],[436,93],[260,88],[434,83],[437,47],[125,-15],[124,5],[158,39],[71,45],[241,-21],[288,48],[-51,17],[-56,65],[56,84],[72,33],[72,121],[118,141],[33,19],[210,5],[184,-37],[266,206],[-9,38],[-276,-42],[-114,13],[-15,22],[68,22],[16,26],[-141,50],[20,95],[203,144],[143,22],[166,-33],[38,9],[40,44],[-72,118],[168,-26],[95,3],[112,69],[303,94],[131,224],[-13,63],[-78,-12],[-198,75],[-49,99],[67,40],[36,4],[64,-19],[168,-100],[35,3],[74,113],[118,72],[-22,31],[-51,16],[-7,18],[22,20],[42,5],[51,-44],[159,-65],[142,-218],[35,-1],[141,17],[49,39],[30,141],[-7,45],[-61,80],[29,42],[88,25],[133,-26],[219,58],[58,-14],[26,-49],[-119,-130],[-9,-75],[404,-1],[178,-21],[267,24],[85,-16],[59,-33],[161,20],[33,45],[36,8],[41,-37],[33,-123],[53,-36],[169,138],[93,54],[332,119],[169,45],[218,25],[389,82],[338,31],[216,40],[67,61],[205,-52],[71,36],[79,91],[114,-37],[146,-105],[182,-79],[177,-34],[89,65],[96,109],[113,68],[-16,23],[-65,19],[7,23],[107,5],[56,-77],[127,-50],[162,19],[319,-10],[53,57],[86,21],[49,-26],[30,-84],[343,-63],[26,10],[49,100],[107,39],[32,-5],[46,-36],[-41,-167],[30,-64],[27,-36],[94,-8],[115,1],[229,33],[64,153],[89,104],[63,-19],[97,-76],[8,-38],[-40,-36],[11,-23],[40,-20],[130,-30],[41,6],[62,32],[63,65],[34,74],[53,-3],[51,-16],[37,-39],[0,-73],[89,-82],[105,-35],[112,-9],[78,-20],[127,8],[172,47],[119,61],[294,83],[133,78],[131,46],[257,33],[76,0],[301,98],[46,41],[43,124],[-21,108],[-81,134],[18,89],[33,38],[83,41],[84,8],[176,-13],[6,-39],[-108,-101],[10,-34],[189,1],[130,-171],[23,-66],[32,-19],[297,18],[33,-6],[95,-69],[108,40],[55,-3],[87,-43],[86,-102],[93,-51],[-6,73],[205,254],[38,201],[85,71],[65,29],[81,7],[77,65],[54,27],[255,71],[99,100],[34,13],[342,58],[79,25],[71,59],[50,17],[90,-2],[77,33],[124,19],[9,37],[-28,24],[-1,33],[59,59],[78,-3],[66,-36],[48,-2],[12,-21],[-42,-26],[-27,-46],[90,-68],[114,30],[61,-17],[27,-38],[13,-89],[42,28],[24,57],[-5,120],[103,74],[40,55],[-72,12],[-50,-8],[-61,77],[89,46],[101,-2],[184,-102],[132,-9],[13,20],[-21,144],[-52,30],[-15,65],[21,70],[62,39],[85,18],[230,129],[259,32],[173,39],[309,-25],[135,-39],[208,-162],[120,-22],[79,-83],[-48,-40],[-39,-4],[-128,48],[-36,-10],[74,-67],[6,-35],[-21,-50],[-142,-99],[85,-29],[146,84],[146,9],[64,17],[269,-94],[125,-112],[96,11],[53,25],[149,8],[200,-68],[210,-16],[124,-32],[133,54],[112,8],[486,-91],[189,-22],[167,-1],[279,-54],[139,13],[64,16],[60,36],[35,-9],[24,-45],[-13,-77],[92,-185],[-14,-31],[-95,-89],[3,-52],[24,-33],[-28,-41],[24,-91],[-19,-27],[-43,-16],[-75,-3],[-38,-16],[-6,-42],[19,-31],[43,-16],[12,-34],[-25,-93],[-82,-24],[-80,9],[-57,28],[-146,-110],[-75,-81],[95,-23],[68,-43],[150,5],[112,38],[34,-4],[21,-42],[-15,-120],[-76,-145],[-60,-64],[-143,-92],[-146,-268],[-131,-415],[-95,-77],[17,-37],[105,-11],[77,-29],[158,94],[0,147],[108,103],[275,62],[99,106],[80,34],[68,54],[10,39],[112,46],[48,50],[46,206],[74,155],[32,41],[87,22],[38,25],[82,89],[15,132],[122,108],[85,10],[65,36],[152,-60],[140,11],[67,-16],[51,19],[45,54],[17,66],[53,39],[60,-2],[202,125],[84,14],[67,46],[48,77],[115,117],[18,102],[39,50],[75,46],[322,99],[400,113],[62,-1],[81,35],[169,4],[46,71],[240,144],[64,5],[233,-26],[99,46],[153,8],[81,43],[217,66],[80,-12],[115,11],[221,-14],[205,39],[115,57],[255,42],[100,-42],[59,-9],[83,23],[69,-6],[147,-46],[84,19],[67,45],[61,19],[170,-57],[214,14],[164,44],[69,-35],[80,-12],[131,61],[112,-38],[33,-51],[124,10],[368,127],[106,113],[13,56],[23,9],[169,-1],[121,39],[234,-59],[76,5],[590,-185],[189,-26],[121,-48],[28,-37],[50,-4],[40,15],[53,-56],[130,-42],[134,-21],[87,33],[193,136],[-8,93],[77,103],[132,51],[399,70],[148,-57],[59,-57],[93,-131],[68,-47],[112,-11],[56,-30],[78,-92],[-46,-82],[-41,-31],[-170,-35],[-141,-45],[-19,-69],[28,-32],[218,37],[111,52],[121,16],[151,41],[49,27],[52,-4],[50,-25],[148,-7],[50,19],[46,2],[139,-40],[255,79],[102,11],[45,-8],[-265,-94],[-87,-53],[52,-22],[570,123],[168,101],[252,50],[181,60],[55,3],[97,-47],[54,6],[66,24],[74,95],[113,26],[194,-59],[50,-114],[162,-128],[103,10],[112,-40],[94,17],[40,-7],[62,24],[122,251],[92,78],[111,36],[90,8],[213,-20],[118,31],[134,-5],[67,36],[72,6],[96,-32],[82,-54],[26,-87],[27,-2],[90,56],[48,10],[93,89],[204,-72],[86,-65],[46,14],[36,30],[108,-3],[101,-26],[126,-69],[25,10],[210,-15],[159,-62],[243,-16],[93,-35],[56,17],[110,-6],[86,-62],[87,-28],[49,5],[135,54],[69,0],[32,-27],[12,-66],[50,1],[55,31],[50,-8],[17,-46],[-114,-221],[-51,-66],[9,-31],[51,-15],[52,46],[115,32],[60,42],[104,15],[101,-14],[207,-149],[17,-68],[-24,-68],[71,-41],[115,-3],[215,-40],[103,15],[354,-2],[144,34],[32,-12],[17,-166],[36,-23],[67,54],[238,-16],[65,-16],[65,-39],[151,56],[19,166],[30,12],[70,-42],[191,-185],[129,-81],[119,-23],[116,-46],[135,3],[105,-58],[110,56],[54,-13],[67,-39],[327,-98],[83,-93],[20,-105],[107,-47],[93,-103],[94,-224],[49,-39],[70,4],[66,-58],[22,8],[2,23],[-60,151],[-4,81],[47,46],[111,13],[163,-138],[157,-7],[99,55],[351,-59],[67,5],[120,-13],[228,-64],[147,-164],[151,-40],[330,-156],[28,82],[39,11],[102,-197],[-44,-44],[-110,9],[-47,-74],[-18,-125],[74,14],[-13,-85],[-38,-16],[-148,50],[-89,8],[-85,37],[-71,0],[95,-74],[245,-77],[4,-29],[-73,-112],[-124,-66],[-72,48],[-86,11],[-43,-28],[-254,-7],[-66,59],[-104,33],[92,-126],[190,-50],[22,-25],[-42,-23],[-58,3],[-72,-45],[-203,4],[-73,-26],[60,-62],[-90,-58],[-45,9],[-49,-14],[-53,217],[-76,-6],[-15,-71],[55,-161],[-18,-34],[-31,-11],[151,-197],[2,-35],[-25,-16],[-274,31],[-58,-19],[-48,1],[-43,65],[-39,15],[-32,-19],[-24,-77],[-136,-97],[-17,-151],[-30,-31],[-78,-10],[-99,19],[-186,-51],[29,-27],[211,-4],[70,-27],[11,-68],[140,-98],[-92,-136],[15,-23],[56,-7],[23,-105],[-36,-46],[21,-78],[-66,-54],[-9,-38],[55,-22],[99,-11],[126,-156],[3,-85],[35,-52],[68,-33],[-2,-34],[93,-13],[2,-70],[-109,-80],[77,-5],[80,-35],[102,40],[89,80],[60,-115],[132,-64],[143,-31],[63,2],[17,-39],[-20,-35],[-127,-4],[-98,54],[-359,-14],[-81,-11],[-403,-118],[-161,89],[-52,66],[-60,-12],[-2,-46],[109,-155],[-52,-13],[-132,36],[-77,-32],[-95,-66],[40,-99],[-163,-69],[27,-21],[57,-1],[6,-25],[-115,-43],[6,-30],[52,-15],[67,6],[42,-58],[-434,-123],[-51,-25],[4,-32],[119,-9],[357,8],[23,-11],[-28,-58],[75,-65],[-138,-25],[4,-26],[107,-26],[0,-129],[-60,-62],[106,-21],[163,-96],[101,-19],[389,-205],[18,-29],[-608,-97],[28,-36],[330,3],[89,-23],[62,32],[177,29],[181,18],[56,-13],[355,-148],[163,-34],[43,-82],[74,-26],[119,31],[125,-39],[-89,-72],[-137,-1],[105,-57],[419,-17],[119,-35],[118,19],[53,-5],[61,-47],[152,-39],[232,-13],[230,-60],[288,-12],[144,-57],[478,-47],[441,-57],[145,-64],[0,-2475],[-43935,0],[-43254,0],[0,182],[0,127],[0,310],[0,309],[0,310],[0,309],[0,309],[0,309],[0,310],[390,6],[160,-25],[349,-10],[100,-40],[294,20],[716,-34],[736,-63],[149,-19],[135,-46],[141,6],[963,-36],[512,-37],[895,-88],[161,0],[-128,90],[-113,30],[234,10],[-120,35],[-1595,123],[-132,37],[-247,15],[-12,18],[312,7],[34,21],[-225,66],[44,37],[119,24],[-17,31],[-210,61],[-142,22],[-93,-15],[-395,-9],[-61,9],[-331,149],[-1186,241],[-41,47],[282,-54],[303,30],[576,-109],[248,-58],[533,12],[145,-6],[170,-33],[114,-78],[323,61],[222,-83],[550,10],[116,-21],[489,87],[97,49],[-136,20],[-22,26],[538,65],[74,54],[322,82],[197,96],[-414,223],[184,106],[-230,83],[-515,84],[123,69],[1088,58],[947,56],[25,29],[-126,33],[-147,18],[-16,50],[-222,42],[-108,68],[86,89],[461,35],[-28,62],[74,9],[-12,58],[-211,52],[-349,49],[-135,38],[-253,95],[-11,56],[-334,-1],[-242,31],[-168,36],[-219,96],[-86,48],[63,34],[362,70],[102,61],[-254,30],[-466,-4],[-247,109],[-52,76],[66,123],[3,149],[90,34],[92,-66],[79,-5],[114,13],[110,46],[339,-9],[219,-44],[73,-36],[36,-46],[93,-12],[328,7],[396,-151],[89,-11],[143,67],[191,40],[44,39],[-25,22],[-117,31],[-24,25],[16,70],[50,9],[204,-90],[69,-5],[125,27],[130,-93],[173,-7],[18,14],[-50,80],[71,33],[-109,57],[81,50],[-29,90],[-249,106],[-136,30],[-305,-24],[-255,56],[183,41],[106,67],[145,-5],[253,-82],[225,-47],[108,7],[-228,135],[14,35],[81,58],[214,4],[214,65],[157,73],[301,32],[200,-87],[90,-25],[63,0],[-85,88],[183,44],[189,102],[131,23],[371,37],[127,-34],[107,-4],[102,143],[48,31],[162,33],[126,-1],[175,-60],[78,-11],[423,39],[83,-20],[206,-6],[160,-29],[98,0],[467,76],[204,9],[154,-20],[250,12],[252,-9],[103,-16],[568,10],[452,42],[61,14],[186,100],[206,-4],[179,-31],[153,12],[293,-18],[29,14],[76,204],[41,38],[67,-9],[203,-72],[4,-31],[-54,-30],[-10,-61],[28,-17],[45,5],[29,-26],[-138,-84],[-50,-148],[585,84],[27,18],[-50,78],[23,30],[-27,102],[43,39],[109,-3],[156,-44],[55,-34],[19,-74],[-17,-77],[-56,-55],[-226,-130],[25,-38],[62,13],[444,2],[246,-29],[109,-31],[130,-5],[81,11],[76,-15],[416,100],[69,-18],[111,15],[63,-14],[188,26],[343,-14],[19,-42],[79,-63],[64,-25],[139,31],[92,-8],[134,27],[189,-4],[47,56],[-41,22],[-117,27],[-107,57],[-48,12],[-76,-7],[-75,29],[50,21],[61,71],[-25,64],[-29,14],[-71,-3],[-85,-22],[-90,24],[-112,202],[-255,62],[-23,43],[15,61],[94,13],[200,-22],[146,-40],[64,0],[227,16],[58,33],[157,15],[-273,91],[-100,22],[-183,16],[-360,-2],[-56,16],[-113,204],[64,43],[62,2],[119,-19],[22,-33],[-51,-51],[18,-15],[176,-19],[208,21],[137,-26],[108,18],[388,-10],[48,-5],[87,-48],[43,8],[262,-77],[124,3],[156,33],[158,-14],[82,-27],[131,43],[212,22],[142,-6],[320,-62],[119,33],[38,55],[-5,62],[34,14],[29,-7],[52,43],[116,-12],[52,86],[84,5],[61,-8],[81,-38],[-1,-31],[-88,-115],[34,-47],[117,-6],[130,22],[88,-71],[59,-5],[46,5],[194,71],[199,-136],[186,-31],[157,-58],[181,-12],[153,-55],[212,52],[35,47],[-23,139],[20,29],[37,6],[167,-79],[-68,146],[7,46],[35,14],[223,-64],[135,-97],[43,-85],[92,-22],[377,42],[21,-46],[-65,-67],[-25,-44],[21,-11],[71,24],[112,-7],[242,73],[106,-8],[63,-25],[61,13],[84,-7],[259,111],[132,4],[94,26],[131,11],[106,40],[168,-5],[252,45],[310,103],[81,44],[87,98],[116,229],[-30,84],[-123,162],[-11,206],[-45,163],[-47,116],[-125,176],[-16,165],[-58,93],[137,36],[187,-28],[16,42],[80,68],[-11,58],[-90,74],[22,39],[40,0],[23,140],[60,93],[-87,94],[57,146],[58,58],[-7,15],[-101,18],[-102,-22],[-10,44],[22,141],[47,18],[34,53],[30,3],[20,-18],[12,-119],[16,-11],[55,32],[27,-35],[-1,262],[47,43],[86,-23],[46,9],[21,97],[-24,51],[39,67],[107,7],[-23,54],[40,16],[25,5],[94,-32],[24,26],[-8,27],[-26,14],[2,52],[41,-14],[21,32],[-12,29],[55,4],[35,34],[50,-1],[10,11],[5,23],[-61,27],[-5,61],[8,44],[67,64],[68,-23],[52,5],[21,-23],[29,-6],[6,26],[-21,60],[84,44],[27,-7],[33,11],[-12,34],[18,44],[24,5],[16,-37],[23,-8],[87,53],[61,9],[32,26],[25,52],[76,49],[47,73],[-8,18],[14,15],[142,66],[69,6],[117,39],[114,66],[40,52],[159,44],[84,58],[116,40],[76,-16],[13,-48]],[[32642,4903],[363,-3],[44,-37],[145,-296],[-30,-137],[-48,-39],[-81,3],[-34,-13],[61,-41],[-10,-42],[-1370,-198],[-107,-30],[-35,-31],[-1063,-38],[-46,48],[1,84],[73,36],[158,165],[83,-29],[143,48],[40,-33],[269,141],[205,149],[-10,62],[-86,24],[56,146],[63,52],[-32,23],[57,98],[256,223],[337,91],[210,24],[201,-19],[277,-70],[183,-79],[75,-74],[-39,-114],[-272,-28],[-68,-57],[31,-9]],[[29127,4231],[-22,-170],[-183,-94],[-506,50],[-65,29],[-49,75],[-224,-24],[-49,-43],[-464,134],[-142,65],[96,32],[96,-71],[1053,17],[106,39],[-71,5],[-27,17],[-21,81],[93,11],[-10,48],[185,64],[171,-16],[40,-43],[-20,-99],[71,-6],[42,-36],[-50,-5],[-50,-60]],[[26629,9120],[-7,-53],[40,19],[50,-24],[70,-115],[79,-222],[153,-260],[44,-181],[9,-318],[-73,-147],[-147,-118],[-14,-47],[-323,-57],[-92,23],[-350,-25],[-40,35],[-34,-3],[-52,21],[-41,44],[-7,17],[56,46],[57,13],[245,-37],[178,-3],[107,19],[54,41],[-79,29],[-213,-53],[-60,15],[-56,42],[-2,14],[210,38],[51,56],[-129,31],[-53,-7],[-59,13],[-126,83],[-143,-127],[-117,31],[-88,1],[-14,-9],[71,-66],[-111,-65],[-38,5],[-67,45],[-86,-4],[-137,82],[4,102],[57,39],[57,5],[55,-32],[59,-9],[-8,79],[12,19],[46,14],[171,-86],[24,22],[-51,35],[-6,22],[3,21],[32,11],[206,-28],[99,24],[-189,64],[-16,27],[85,23],[85,0],[155,-31],[52,14],[75,56],[110,-3],[87,20],[124,-79],[-2,110],[-28,-9],[-74,26],[-150,22],[-62,32],[-4,23],[31,54],[178,77],[57,5],[94,-28],[21,7],[-172,105],[-95,9],[-50,-23],[-47,-2],[-148,62],[-36,64],[39,168],[-6,45],[-82,68],[-14,67],[20,50],[45,26],[352,66],[76,-74],[13,-101]],[[19838,7927],[-19,-93],[59,3],[26,87],[56,15],[27,-51],[-26,-41],[30,-41],[27,-1],[62,108],[54,40],[117,7],[63,-26],[-42,-66],[-165,-77],[63,-15],[197,59],[53,28],[19,-5],[19,-79],[-11,-70],[-122,-20],[7,-54],[-156,13],[-81,-11],[-54,23],[-140,-16],[-140,4],[-57,25],[-123,8],[-253,88],[-341,42],[-101,-4],[-59,22],[-12,24],[6,21],[39,21],[462,66],[33,-1],[61,-92],[65,44],[75,-12],[42,18],[28,34],[85,40],[103,-25],[24,-40]],[[14397,7119],[69,-103],[-174,-73],[-3,-74],[-311,-34],[-139,26],[-23,45],[46,10],[-28,52],[62,59],[-89,53],[-86,0],[57,71],[164,0],[455,-32]],[[12998,7325],[65,-13],[79,-40],[115,-114],[-3,-11],[-134,-12],[7,-37],[30,-8],[84,11],[81,-15],[91,42],[118,-44],[22,-20],[-22,-40],[80,-46],[-9,-65],[-24,-14],[-279,33],[-80,49],[-64,15],[-191,98],[-27,62],[-62,6],[-40,-30],[-50,1],[-5,60],[-44,31],[-4,30],[39,63],[227,8]],[[5073,4467],[-302,-17],[-123,15],[-608,134],[-220,81],[25,143],[210,119],[93,-1],[172,-30],[533,-233],[221,-162],[-1,-49]],[[84061,5556],[91,-32],[240,4],[200,-31],[18,-30],[-202,-69],[-145,17],[-128,-3],[-160,-88],[-124,143],[99,65],[-52,54],[23,28],[51,12],[65,-11],[24,-59]],[[36058,4471],[32,-9],[35,20],[15,55],[29,-38],[191,-39],[62,-38],[-100,-12],[-95,-33],[-103,32],[-181,22],[-56,17],[-43,52],[78,43],[136,-72]],[[35376,4680],[-28,-16],[-589,28],[-29,4],[9,33],[125,12],[124,40],[277,-58],[96,-25],[15,-18]],[[26560,4522],[-261,18],[-66,31],[-24,55],[80,138],[220,107],[743,229],[106,20],[76,-30],[-15,-16],[-597,-346],[-105,-102],[-11,-76],[-146,-28]],[[29585,11371],[17,-4],[44,42],[27,2],[-9,-22],[65,-37],[7,-55],[-47,-32],[29,-32],[-94,5],[-5,28],[-29,-4],[-21,-47],[-15,39],[-58,-22],[-22,24],[69,32],[-29,16],[-2,48],[-61,-17],[-7,29],[37,67],[84,48],[23,1],[13,-28],[-16,-81]],[[30146,11756],[15,-11],[75,-2],[20,-52],[-20,-13],[-163,24],[-61,-37],[-72,-24],[-20,8],[-11,37],[30,44],[83,34],[109,12],[15,-20]],[[29553,12309],[31,-12],[27,8],[24,-43],[-41,4],[-38,-29],[-44,6],[3,-36],[-12,-11],[-38,23],[-31,-8],[-23,-47],[-44,11],[-18,21],[-45,-17],[78,88],[69,31],[32,-7],[70,18]],[[28293,11188],[-24,-45],[36,1],[49,23],[22,-23],[-46,-18],[-60,-46],[-69,-7],[-44,-44],[-15,18],[-114,41],[25,51],[73,32],[-11,23],[58,16],[-2,34],[48,36],[37,-2],[25,-26],[-10,-25],[22,-39]],[[28500,11208],[-17,-18],[-27,5],[-18,-26],[-49,15],[68,99],[5,19],[-31,41],[38,46],[30,0],[14,-34],[52,-21],[-31,-101],[-34,-25]],[[27128,9872],[-45,-37],[-36,11],[-14,-10],[-14,-44],[-34,-34],[-78,-5],[-53,73],[-3,55],[173,263],[142,100],[29,-4],[8,-33],[-61,-60],[-9,-82],[68,-50],[-132,-99],[55,-20],[4,-24]],[[25743,8486],[38,-38],[-35,-31],[-123,-57],[-146,-39],[-332,-52],[-59,18],[-22,43],[32,43],[83,25],[200,28],[62,80],[40,-18],[48,-70],[30,28],[16,66],[69,-34],[1,34],[18,10],[80,-36]],[[25433,8884],[43,-11],[90,-86],[-34,-21],[-22,-59],[-43,-21],[-213,37],[-19,25],[30,68],[83,19],[18,40],[67,9]],[[25587,7407],[-41,-64],[-35,-14],[73,-82],[-51,-65],[-321,122],[-37,34],[-10,46],[48,41],[95,-23],[21,25],[34,1],[8,18],[-86,25],[-32,32],[86,26],[252,-44],[27,-34],[-31,-44]],[[21516,7370],[-85,-6],[38,126],[-76,125],[88,33],[87,-3],[44,-55],[-32,-63],[29,-13],[0,-61],[-93,-83]],[[84196,5197],[-64,-47],[-107,11],[-75,-27],[-83,-9],[-39,13],[-27,63],[24,18],[183,-46],[153,89],[35,-65]],[[68051,10659],[-105,-10],[-61,22],[7,57],[54,49],[82,13],[47,-11],[34,-30],[4,-41],[-62,-49]],[[50099,8598],[-15,-17],[-45,3],[-34,-16],[-112,33],[-6,76],[77,56],[74,-2],[20,-16],[41,-117]],[[42167,8523],[-63,-27],[-69,70],[90,21],[23,-7],[19,-57]],[[42800,8531],[-39,-1],[-13,21],[50,63],[82,28],[35,-4],[29,-38],[-13,-57],[-131,-12]],[[27568,4348],[-47,10],[-10,36],[-120,28],[-42,64],[-155,63],[-22,32],[29,8],[172,-18],[47,-17],[186,-7],[35,-50],[71,-15],[18,-80],[-162,-54]],[[27304,4622],[-41,-21],[-270,28],[30,45],[94,47],[136,2],[98,-20],[-41,-26],[-6,-55]],[[30234,12613],[-32,-13],[-35,63],[13,14],[174,-19],[-94,-23],[-26,-22]],[[30063,11598],[-21,-20],[-53,30],[-8,33],[108,7],[11,-31],[-37,-19]],[[29731,11146],[-46,12],[-3,35],[133,55],[-23,-59],[-61,-43]],[[30017,11798],[-48,-41],[-23,1],[-63,55],[30,27],[104,-13],[0,-29]],[[29699,11479],[65,-15],[-58,-17],[-66,11],[-16,18],[75,3]],[[28579,8887],[-21,-4],[-32,103],[-68,91],[-17,47],[31,15],[78,-30],[73,-71],[2,-61],[-25,-8],[-21,-82]],[[28912,12025],[117,5],[33,-30],[37,1],[-90,-57],[-24,16],[-14,40],[-77,-1],[-24,-18],[-48,-8],[-38,20],[0,20],[43,-2],[33,26],[9,26],[43,-38]],[[26160,8897],[-52,-18],[-139,41],[-44,51],[24,42],[32,9],[96,-35],[83,-90]],[[20580,7597],[-47,-2],[1,31],[157,57],[34,-63],[-145,-23]],[[18276,7377],[-29,-20],[-54,5],[-41,33],[-20,58],[39,23],[105,-99]],[[14641,6963],[-66,-4],[-20,17],[58,40],[-34,77],[70,17],[72,-1],[63,-14],[19,-30],[-44,-52],[-118,-50]],[[12748,6739],[-37,-8],[-96,43],[-44,33],[-9,61],[68,-2],[150,-41],[21,-24],[-53,-62]],[[4361,3015],[-75,-10],[-180,20],[-122,48],[-60,63],[336,-24],[188,-56],[-87,-41]],[[4731,3686],[-799,63],[-45,24],[20,29],[162,19],[180,-14],[368,-66],[114,-55]],[[83308,6647],[-51,13],[-6,40],[63,36],[50,9],[-56,-98]],[[83064,6325],[-44,-57],[-30,2],[-17,10],[31,32],[60,13]],[[84729,7185],[-32,-9],[-56,38],[63,96],[53,-85],[-28,-40]],[[83516,9843],[-34,-9],[-13,26],[11,106],[54,-70],[-18,-53]],[[83145,10158],[-4,-27],[-30,28],[-17,52],[35,-4],[16,-49]],[[82978,10309],[-25,-19],[-50,52],[2,66],[73,-99]],[[66993,10502],[78,-10],[21,-35],[-21,-27],[-130,-11],[-22,17],[23,47],[51,19]],[[67878,10423],[-32,-6],[-14,18],[52,34],[-6,-46]],[[67534,10312],[-23,-6],[-23,13],[-14,31],[37,6],[48,-23],[-25,-21]],[[68636,10761],[-14,-11],[-39,7],[-15,62],[-79,34],[2,43],[23,3],[59,-27],[12,-61],[51,-50]],[[66022,10602],[-65,0],[-21,30],[13,14],[47,2],[41,-25],[-15,-21]],[[64380,10100],[-42,-12],[-70,55],[-5,58],[113,-23],[32,-52],[-28,-26]],[[64554,10182],[-49,-10],[-26,24],[37,26],[33,-5],[32,-14],[-27,-21]],[[64260,10250],[-46,-11],[-16,23],[12,28],[50,-40]],[[60528,7924],[-42,-55],[-2,53],[15,13],[29,-11]],[[60175,7757],[-6,17],[71,75],[27,-33],[-6,-28],[-86,-31]],[[61033,8487],[-39,5],[-44,55],[-3,70],[36,32],[20,-62],[47,-52],[1,-37],[-18,-11]],[[55352,10174],[-59,-6],[0,32],[81,11],[35,-14],[-2,-20],[-55,-3]],[[47524,8761],[-16,-28],[-120,51],[-22,31],[6,25],[76,44],[81,10],[79,-8],[13,-12],[-75,-41],[-22,-72]],[[44330,8503],[-82,-12],[-27,39],[118,67],[38,-9],[7,-20],[-22,-46],[-32,-19]],[[42879,8233],[-26,-10],[-60,15],[-22,61],[33,5],[75,-71]],[[43909,8653],[-21,-55],[-14,1],[-49,125],[18,19],[70,12],[23,-8],[12,-42],[-39,-52]],[[42981,8428],[107,-23],[-67,-98],[-58,-42],[-43,-12],[-4,81],[-39,19],[-11,39],[-137,65],[129,12],[70,-8],[53,-33]],[[44691,8555],[-39,-11],[-57,38],[-15,56],[45,21],[58,-4],[22,-19],[8,-33],[-22,-48]],[[38604,7061],[-9,-116],[53,-72],[-16,-77],[-79,16],[-39,101],[-46,40],[-107,18],[-103,-6],[25,22],[156,29],[39,22],[63,115],[69,26],[14,-79],[-20,-39]],[[39694,7591],[-52,-10],[-32,21],[-16,53],[39,32],[61,-96]],[[40565,7812],[-51,-6],[-41,22],[-18,32],[21,28],[58,-31],[31,-45]],[[35761,4525],[-41,-4],[-17,11],[20,29],[30,25],[55,2],[53,-17],[-6,-15],[-94,-31]],[[30499,12578],[-11,-4],[-18,27],[40,49],[-11,-72]],[[29344,12138],[-53,-20],[-35,29],[34,19],[44,-13],[10,-15]],[[28783,8775],[-37,-1],[-23,20],[19,34],[42,-12],[-1,-41]],[[28904,9305],[-9,-12],[-31,7],[-47,30],[17,13],[32,-3],[38,-35]],[[28884,8453],[-38,9],[-11,69],[94,11],[25,-16],[-9,-45],[-61,-28]],[[28929,8303],[-85,20],[4,32],[67,7],[19,-19],[-5,-40]],[[29211,12076],[-33,-3],[-33,43],[64,-6],[2,-34]],[[28941,11847],[-28,-1],[13,-17],[-14,-4],[-28,30],[8,19],[17,5],[32,-32]],[[28905,11453],[-30,-16],[-47,23],[39,6],[3,52],[20,21],[37,-12],[-31,-49],[9,-25]],[[28590,11361],[-22,-2],[6,23],[54,27],[-38,-48]],[[28260,11017],[-59,-20],[24,48],[58,29],[11,-4],[-34,-53]],[[28430,11802],[-10,-2],[4,18],[27,48],[51,22],[-23,-43],[-49,-43]],[[27647,10587],[-53,-17],[-27,6],[-1,18],[7,23],[25,12],[-4,35],[24,42],[32,19],[48,-9],[-8,-46],[-35,-15],[-8,-68]],[[27466,10430],[-62,-46],[17,85],[36,19],[14,-6],[-5,-52]],[[27280,10125],[-56,9],[20,52],[20,9],[23,-8],[18,-38],[-25,-24]],[[27283,9744],[-47,-9],[-36,10],[-12,45],[45,25],[75,2],[24,-22],[-49,-51]],[[26231,8649],[11,-14],[52,13],[19,-14],[-48,-62],[-32,-1],[-27,67],[25,11]],[[25702,7293],[-39,-3],[-23,39],[73,71],[38,6],[32,-10],[-81,-103]],[[20878,7485],[-41,0],[-27,16],[7,27],[60,-26],[1,-17]],[[15321,6939],[-119,-12],[-32,14],[-3,34],[241,95],[55,-19],[-104,-64],[17,-17],[-55,-31]],[[11531,6818],[-38,-25],[-75,16],[6,18],[68,15],[46,-10],[-7,-14]],[[11851,6756],[-27,-9],[-160,27],[-78,51],[97,45],[41,-3],[8,-16],[79,-21],[61,0],[-21,-74]],[[7850,5850],[-34,-1],[-66,33],[24,9],[32,-9],[44,-32]],[[8419,6262],[-195,43],[-26,17],[18,18],[76,8],[84,-32],[43,-54]],[[8088,5714],[-91,-20],[-24,6],[-2,68],[204,-20],[20,-29],[-107,-5]],[[7606,5694],[-102,-5],[-55,11],[-14,34],[15,7],[177,-24],[8,-19],[-29,-4]],[[7427,5821],[163,-2],[82,-22],[-160,-32],[-118,38],[33,18]],[[7455,5550],[70,-23],[-123,7],[-54,31],[69,9],[38,-24]],[[7209,5795],[-102,-6],[-42,12],[-2,21],[160,10],[22,-19],[-36,-18]],[[8067,6027],[-49,-6],[-109,50],[-18,32],[114,-11],[62,-65]],[[8043,5858],[-28,-36],[-76,19],[-33,23],[19,29],[35,9],[62,-14],[21,-30]],[[7170,5535],[-270,42],[118,23],[162,-56],[-10,-9]],[[6314,4368],[-102,3],[-143,26],[-25,29],[-171,31],[19,28],[399,-98],[23,-19]],[[7452,5644],[-121,-4],[-30,14],[-147,10],[-79,41],[96,36],[126,11],[155,-108]],[[5331,3460],[-242,142],[279,-110],[-37,-32]],[[28334,47362],[-3,-22],[-24,22]],[[86999,35707],[-5,-5],[2,30],[3,-25]]],"transform":{"scale":[0.004128961222172522,0.0022817654867838223],"translate":[-180,-89.999]},"objects":{"china":{"type":"GeometryCollection","geometries":[{"arcs":[[0,1,2,3]],"type":"Polygon","properties":{"iso_a3":"ZWE","name":"津巴布韦","full_name":"津巴布韦共和国","decorative":0}},{"arcs":[[-3,4,5,6,7,8,9]],"type":"Polygon","properties":{"iso_a3":"ZMB","name":"赞比亚","full_name":"赞比亚共和国","decorative":0}},{"arcs":[[[10,11,12]],[[13]],[[14]],[[15]],[[16]]],"type":"MultiPolygon","properties":{"iso_a3":"YEM","name":"也门","full_name":"也门共和国","decorative":0}},{"arcs":[[[17]],[[18,19,20,21]],[[22]],[[23]],[[24]],[[25]],[[26]],[[27]]],"type":"MultiPolygon","properties":{"iso_a3":"VNM","name":"越南","full_name":"越南社会主义共和国","decorative":0}},{"arcs":[[[28]],[[29]],[[30]],[[31]],[[32,33,34,35]]],"type":"MultiPolygon","properties":{"iso_a3":"VEN","name":"委内瑞拉","full_name":"委内瑞拉玻利瓦尔共和国","decorative":0}},{"arcs":[[36]],"type":"Polygon","properties":{"iso_a3":"VAT","name":"梵蒂冈","full_name":"梵蒂冈城国","decorative":0}},{"arcs":[[[37]],[[38]],[[39]],[[40]],[[41]],[[42]],[[43]],[[44]],[[45]],[[46]],[[47]],[[48]],[[49]],[[50]]],"type":"MultiPolygon","properties":{"iso_a3":"VUT","name":"瓦努阿图","full_name":"瓦努阿图共和国","decorative":0}},{"arcs":[[[51,52,53,54,55],[56]],[[57]],[[58]]],"type":"MultiPolygon","properties":{"iso_a3":"UZB","name":"乌兹别克斯坦","full_name":"乌兹别克斯坦共和国","decorative":0}},{"arcs":[[59,60,61]],"type":"Polygon","properties":{"iso_a3":"URY","name":"乌拉圭","full_name":"乌拉圭东岸共和国","decorative":0}},{"arcs":[[[62]],[[63]],[[64]],[[65]],[[66]]],"type":"MultiPolygon","properties":{"iso_a3":"FSM","name":"密克罗尼西亚","full_name":"密克罗尼西亚联邦","decorative":0}},{"arcs":[[[67]],[[68]],[[69]]],"type":"MultiPolygon","properties":{"iso_a3":"MHL","name":"马绍尔群岛","full_name":"马绍尔群岛共和国","decorative":0}},{"arcs":[[[70]],[[71]],[[72]],[[73]],[[74]],[[75]]],"type":"MultiPolygon","properties":{"iso_a3":"MNP","name":"北马里亚纳群岛","full_name":"北马里亚纳群岛","decorative":1}},{"arcs":[[[76]],[[77]],[[78]]],"type":"MultiPolygon","properties":{"iso_a3":"VIR","name":"美属维尔京群岛","full_name":"美属维尔京群岛","decorative":1}},{"arcs":[[79]],"type":"Polygon","properties":{"iso_a3":"GUM","name":"关岛","full_name":"关岛","decorative":1}},{"arcs":[[80]],"type":"Polygon","properties":{"iso_a3":"ASM","name":"美属萨摩亚","full_name":"美属萨摩亚","decorative":1}},{"arcs":[[[81]],[[82]],[[83]]],"type":"MultiPolygon","properties":{"iso_a3":"PRI","name":"波多黎各","full_name":"波多黎各","decorative":1}},{"arcs":[[[84]],[[85]],[[86]],[[87]],[[88]],[[89]],[[90]],[[91]],[[92]],[[93]],[[94]],[[95]],[[96]],[[97]],[[98]],[[99,100,101,102]],[[103]],[[104]],[[105]],[[106]],[[107]],[[108]],[[109]],[[110]],[[111]],[[112]],[[113]],[[114]],[[115]],[[116]],[[117]],[[118]],[[119]],[[120]],[[121]],[[122]],[[123]],[[124]],[[125]],[[126]],[[127]],[[128]],[[129]],[[130]],[[131]],[[132]],[[133]],[[134]],[[135]],[[136]],[[137]],[[138]],[[139]],[[140]],[[141]],[[142]],[[143]],[[144]],[[145]],[[146]],[[147]],[[148]],[[149]],[[150]],[[151]],[[152]],[[153]],[[154]],[[155]],[[156]],[[157]],[[158]],[[159]],[[160]],[[161,162,163,164,165]],[[166]],[[167]],[[168]],[[169]],[[170]],[[171]],[[172]],[[173]],[[174]],[[175]],[[176]],[[177]],[[178]],[[179]],[[180]],[[181]],[[182]],[[183]],[[184]],[[185]],[[186]],[[187]],[[188]],[[189]],[[190]],[[191]],[[192]],[[193]],[[194]],[[195]],[[196]],[[197]],[[198]],[[199]],[[200]],[[201]],[[202]],[[203]],[[204]],[[205]],[[206]],[[207]],[[208]],[[209]],[[210]],[[211]],[[212]],[[213]]],"type":"MultiPolygon","properties":{"iso_a3":"USA","name":"美国","full_name":"美利坚合众国","decorative":0}},{"arcs":[[[214]],[[215]]],"type":"MultiPolygon","properties":{"iso_a3":"SGS","name":"南乔治亚和南桑威奇群岛","full_name":"南乔治亚和南桑威奇群岛","decorative":1}},{"arcs":[[216]],"type":"Polygon","properties":{"iso_a3":"IOT","name":"英属印度洋领地","full_name":"英属印度洋领地","decorative":1}},{"arcs":[[[217]],[[218]]],"type":"MultiPolygon","properties":{"iso_a3":"SHN","name":"圣赫勒拿","full_name":"圣赫勒拿","decorative":1}},{"arcs":[[219]],"type":"Polygon","properties":{"iso_a3":"PCN","name":"皮特凯恩群岛","full_name":"皮特凯恩群岛","decorative":1}},{"arcs":[[220]],"type":"Polygon","properties":{"iso_a3":"AIA","name":"安圭拉","full_name":"安圭拉","decorative":1}},{"arcs":[[[221]],[[222]],[[223]],[[224]],[[225]],[[226]]],"type":"MultiPolygon","properties":{"iso_a3":"FLK","name":"福克兰群岛","full_name":"福克兰群岛","decorative":1}},{"arcs":[[[227]],[[228]],[[229]]],"type":"MultiPolygon","properties":{"iso_a3":"CYM","name":"开曼群岛","full_name":"开曼群岛","decorative":1}},{"arcs":[[230]],"type":"Polygon","properties":{"iso_a3":"BMU","name":"百慕大","full_name":"百慕大","decorative":1}},{"arcs":[[[231]],[[232]],[[233]]],"type":"MultiPolygon","properties":{"iso_a3":"VGB","name":"英属维尔京群岛","full_name":"英属维尔京群岛","decorative":1}},{"arcs":[[[234]],[[235]],[[236]]],"type":"MultiPolygon","properties":{"iso_a3":"TCA","name":"特克斯和凯科斯群岛","full_name":"特克斯和凯科斯群岛","decorative":1}},{"arcs":[[237]],"type":"Polygon","properties":{"iso_a3":"MSR","name":"蒙特塞拉特","full_name":"蒙特塞拉特","decorative":1}},{"arcs":[[238]],"type":"Polygon","properties":{"iso_a3":"JEY","name":"泽西","full_name":"泽西","decorative":1}},{"arcs":[[239]],"type":"Polygon","properties":{"iso_a3":"GGY","name":"根西","full_name":"根西","decorative":1}},{"arcs":[[240]],"type":"Polygon","properties":{"iso_a3":"IMN","name":"马恩岛","full_name":"马恩岛","decorative":1}},{"arcs":[[[241]],[[242]],[[243]],[[244]],[[245]],[[246]],[[247]],[[248]],[[249]],[[250]],[[251]],[[252]],[[253]],[[254]],[[255]],[[256]],[[257]],[[258]],[[259]],[[260]],[[261]],[[262,263]],[[264]]],"type":"MultiPolygon","properties":{"iso_a3":"GBR","name":"英国","full_name":"大不列颠及北爱尔兰联合王国","decorative":0}},{"arcs":[[[265,266,267,268,269],[270]],[[271]],[[272]],[[273]],[[274]]],"type":"MultiPolygon","properties":{"iso_a3":"ARE","name":"阿联酋","full_name":"阿拉伯联合酋长国","decorative":0}},{"arcs":[[[275,276,277,278,279,280,281,282,283,284,285]],[[286]]],"type":"MultiPolygon","properties":{"iso_a3":"UKR","name":"乌克兰","full_name":"乌克兰","decorative":0}},{"arcs":[[287,288,289,290,291]],"type":"Polygon","properties":{"iso_a3":"UGA","name":"乌干达","full_name":"乌干达共和国","decorative":0}},{"arcs":[[[-55,292,293,294,295]],[[296]]],"type":"MultiPolygon","properties":{"iso_a3":"TKM","name":"土库曼斯坦","full_name":"土库曼斯坦","decorative":0}},{"arcs":[[[297]],[[298,299,300,301,302,303,304]],[[305,306,307]]],"type":"MultiPolygon","properties":{"iso_a3":"TUR","name":"土耳其","full_name":"土耳其共和国","decorative":0}},{"arcs":[[[308,309,310]],[[311]],[[312]]],"type":"MultiPolygon","properties":{"iso_a3":"TUN","name":"突尼斯","full_name":"突尼斯共和国","decorative":0}},{"arcs":[[[313]],[[314]]],"type":"MultiPolygon","properties":{"iso_a3":"TTO","name":"特立尼达和多巴哥","full_name":"特立尼达和多巴哥共和国","decorative":0}},{"arcs":[[[315]],[[316]],[[317]]],"type":"MultiPolygon","properties":{"iso_a3":"TON","name":"汤加","full_name":"汤加王国","decorative":0}},{"arcs":[[318,319,320,321]],"type":"Polygon","properties":{"iso_a3":"TGO","name":"多哥","full_name":"多哥共和国","decorative":0}},{"arcs":[[[322]],[[323,324]],[[325,326]]],"type":"MultiPolygon","properties":{"iso_a3":"TLS","name":"东帝汶","full_name":"东帝汶民主共和国","decorative":0}},{"arcs":[[[327]],[[328]],[[329]],[[330,331,332,333,334,335]],[[336]],[[337]],[[338]],[[339]],[[340]],[[341]]],"type":"MultiPolygon","properties":{"iso_a3":"THA","name":"泰国","full_name":"泰王国","decorative":0}},{"arcs":[[[-8,342,343,344,-288,345,346,347,348]],[[349]],[[350]],[[351]]],"type":"MultiPolygon","properties":{"iso_a3":"TZA","name":"坦桑尼亚","full_name":"坦桑尼亚联合共和国","decorative":0}},{"arcs":[[[-53,352,353,354]],[[-57]],[[355]]],"type":"MultiPolygon","properties":{"iso_a3":"TJK","name":"塔吉克斯坦","full_name":"塔吉克斯坦共和国","decorative":0}},{"arcs":[[-304,356,357,358,359,360]],"type":"Polygon","properties":{"iso_a3":"SYR","name":"叙利亚","full_name":"阿拉伯叙利亚共和国","decorative":0}},{"arcs":[[361,362,363,364,365,366]],"type":"Polygon","properties":{"iso_a3":"CHE","name":"瑞士","full_name":"瑞士联邦","decorative":0}},{"arcs":[[[367]],[[368]],[[369,370,371]],[[372]],[[373]],[[374]]],"type":"MultiPolygon","properties":{"iso_a3":"SWE","name":"瑞典","full_name":"瑞典","decorative":0}},{"arcs":[[375,376]],"type":"Polygon","properties":{"iso_a3":"SWZ","name":"斯威士兰","full_name":"斯威士兰王国","decorative":0}},{"arcs":[[377,378,379,380]],"type":"Polygon","properties":{"iso_a3":"SUR","name":"苏里南","full_name":"苏里南共和国","decorative":0}},{"arcs":[[-291,381,382,383,384,385]],"type":"Polygon","properties":{"iso_a3":"SSD","name":"南苏丹","full_name":"南苏丹共和国","decorative":0}},{"arcs":[[-384,386,387,388,389,390,391,392]],"type":"Polygon","properties":{"iso_a3":"SDN","name":"苏丹","full_name":"苏丹共和国","decorative":0}},{"arcs":[[[393]],[[394]],[[395]]],"type":"MultiPolygon","properties":{"iso_a3":"LKA","name":"斯里兰卡","full_name":"斯里兰卡民主社会主义共和国","decorative":0}},{"arcs":[[[396]],[[397]],[[398]],[[399]],[[400,401,402,403,404,405]],[[406]],[[407]],[[408]],[[409]],[[410]],[[411]],[[412]]],"type":"MultiPolygon","properties":{"iso_a3":"ESP","name":"西班牙","full_name":"西班牙王国","decorative":0}},{"arcs":[[[413,414]],[[415]],[[416]],[[417]],[[418]],[[419]],[[420]],[[421]],[[422]],[[423]],[[424]]],"type":"MultiPolygon","properties":{"iso_a3":"KOR","name":"韩国","full_name":"大韩民国","decorative":0}},{"arcs":[[[-1,425,-377,426,427,428,429],[430]],[[431]]],"type":"MultiPolygon","properties":{"iso_a3":"ZAF","name":"南非","full_name":"南非共和国","decorative":0}},{"arcs":[[432,433,434,435]],"type":"Polygon","properties":{"iso_a3":"SOM","name":"索马里","full_name":"索马里联邦共和国","decorative":0}},{"arcs":[[-435,436,437,438]],"type":"Polygon","properties":{"iso_a3":"SOL","name":"索马里兰","full_name":"索马里兰","decorative":1}},{"arcs":[[[439]],[[440]],[[441]],[[442]],[[443]],[[444]],[[445]],[[446]],[[447]],[[448]],[[449]],[[450]],[[451]],[[452]],[[453]],[[454]],[[455]],[[456]],[[457]],[[458]],[[459]]],"type":"MultiPolygon","properties":{"iso_a3":"SLB","name":"所罗门群岛","full_name":"所罗门群岛","decorative":0}},{"arcs":[[-283,460,461,462,463]],"type":"Polygon","properties":{"iso_a3":"SVK","name":"斯洛伐克","full_name":"斯洛伐克共和国","decorative":0}},{"arcs":[[464,465,466,467,468]],"type":"Polygon","properties":{"iso_a3":"SVN","name":"斯洛文尼亚","full_name":"斯洛文尼亚共和国","decorative":0}},{"arcs":[[469]],"type":"Polygon","properties":{"iso_a3":"SGP","name":"新加坡","full_name":"新加坡共和国","decorative":0}},{"arcs":[[[470,471,472]],[[473]]],"type":"MultiPolygon","properties":{"iso_a3":"SLE","name":"塞拉利昂","full_name":"塞拉利昂共和国","decorative":0}},{"arcs":[[474]],"type":"Polygon","properties":{"iso_a3":"SYC","name":"塞舌尔","full_name":"塞舌尔共和国","decorative":0}},{"arcs":[[475,476,477,478,479,480,481,482]],"type":"Polygon","properties":{"iso_a3":"SRB","name":"塞尔维亚","full_name":"塞尔维亚共和国","decorative":0}},{"arcs":[[483,484,485,486,487,488,489]],"type":"Polygon","properties":{"iso_a3":"SEN","name":"塞内加尔","full_name":"塞内加尔共和国","decorative":0}},{"arcs":[[[-12,490,491,492,493,494,495,496,-268,497]],[[498]],[[499]],[[500]]],"type":"MultiPolygon","properties":{"iso_a3":"SAU","name":"沙特阿拉伯","full_name":"沙特阿拉伯王国","decorative":0}},{"arcs":[[[501]],[[502]]],"type":"MultiPolygon","properties":{"iso_a3":"STP","name":"圣多美和普林西比","full_name":"圣多美和普林西比民主共和国","decorative":0}},{"arcs":[[503]],"type":"Polygon","properties":{"iso_a3":"SMR","name":"圣马力诺","full_name":"圣马力诺共和国","decorative":0}},{"arcs":[[[504]],[[505]]],"type":"MultiPolygon","properties":{"iso_a3":"WSM","name":"萨摩亚","full_name":"萨摩亚独立国","decorative":0}},{"arcs":[[[506]],[[507]],[[508]]],"type":"MultiPolygon","properties":{"iso_a3":"VCT","name":"圣文森特和格林纳丁斯","full_name":"圣文森特和格林纳丁斯","decorative":0}},{"arcs":[[509]],"type":"Polygon","properties":{"iso_a3":"LCA","name":"圣卢西亚","full_name":"圣卢西亚","decorative":0}},{"arcs":[[[510]],[[511]]],"type":"MultiPolygon","properties":{"iso_a3":"KNA","name":"圣基茨和尼维斯","full_name":"圣基茨和尼维斯联邦","decorative":0}},{"arcs":[[-289,-345,512,513]],"type":"Polygon","properties":{"iso_a3":"RWA","name":"卢旺达","full_name":"卢旺达共和国","decorative":0}},{"arcs":[[[-277,514]],[[515,516,517,518,519,520,521,522,523,-286,524,525,526,527,528,529,530]],[[531]],[[532]],[[533]],[[534]],[[535]],[[536]],[[537]],[[538]],[[539]],[[540]],[[541]],[[542]],[[543]],[[544]],[[545]],[[546]],[[547]],[[548]],[[549]],[[550]],[[551]],[[552]],[[553]],[[554]],[[555]],[[556]],[[557]],[[558]],[[559]],[[560]],[[561]],[[562]],[[563]],[[564]],[[565]],[[566]],[[567]],[[568]],[[569]],[[570]],[[571]],[[572]],[[573]],[[574]],[[575]],[[576]],[[577]],[[578]],[[579]],[[580]],[[581]],[[582]],[[583]],[[584]],[[585]],[[586]],[[587]],[[588]],[[589]],[[590]],[[591]],[[592]],[[593]],[[594]],[[595]],[[596]],[[597]],[[598]],[[599]],[[600]],[[601]],[[602]],[[603]],[[604]],[[605]],[[606]],[[607]],[[608]],[[609]],[[610]],[[611]],[[612]],[[613]],[[614]],[[615]],[[616]],[[617]],[[618]],[[619]],[[620]],[[621]],[[622]],[[623]],[[624]],[[625]],[[626]],[[627]],[[628,629,630,631,632]]],"type":"MultiPolygon","properties":{"iso_a3":"RUS","name":"俄罗斯","full_name":"俄罗斯联邦","decorative":0}},{"arcs":[[-279,633,634,-483,635,-281,636]],"type":"Polygon","properties":{"iso_a3":"ROU","name":"罗马尼亚","full_name":"罗马尼亚","decorative":0}},{"arcs":[[-496,637]],"type":"Polygon","properties":{"iso_a3":"QAT","name":"卡塔尔","full_name":"卡塔尔国","decorative":0}},{"arcs":[[[-405,638]],[[639]],[[640]],[[641]],[[642]],[[643]],[[644]],[[645]],[[646]]],"type":"MultiPolygon","properties":{"iso_a3":"PRT","name":"葡萄牙","full_name":"葡萄牙共和国","decorative":0}},{"arcs":[[-284,-464,647,648,649,650,651,-631,652,653]],"type":"Polygon","properties":{"iso_a3":"POL","name":"波兰","full_name":"波兰共和国","decorative":0}},{"arcs":[[[654]],[[655]],[[656]],[[657]],[[658]],[[659]],[[660]],[[661]],[[662]],[[663]],[[664]],[[665]],[[666]],[[667]],[[668]],[[669]],[[670]],[[671]],[[672]],[[673]],[[674]],[[675]],[[676]],[[677]],[[678]],[[679]],[[680]],[[681]],[[682]],[[683]],[[684]],[[685]],[[686]],[[687]],[[688]],[[689]],[[690]],[[691]],[[692]],[[693]],[[694]],[[695]],[[696]],[[697]],[[698]],[[699]],[[700]],[[701]]],"type":"MultiPolygon","properties":{"iso_a3":"PHL","name":"菲律宾","full_name":"菲律宾共和国","decorative":0}},{"arcs":[[702,703,704,705,706,707]],"type":"Polygon","properties":{"iso_a3":"PER","name":"秘鲁","full_name":"秘鲁共和国","decorative":0}},{"arcs":[[708,709,710]],"type":"Polygon","properties":{"iso_a3":"PRY","name":"巴拉圭","full_name":"巴拉圭共和国","decorative":0}},{"arcs":[[[711]],[[712]],[[713,714]],[[715]],[[716]],[[717]],[[718]],[[719]],[[720]],[[721]],[[722]],[[723]],[[724]],[[725]],[[726]],[[727]],[[728]],[[729]],[[730]],[[731]],[[732]],[[733]],[[734]],[[735]],[[736]],[[737]]],"type":"MultiPolygon","properties":{"iso_a3":"PNG","name":"巴布亚新几内亚","full_name":"巴布亚新几内亚独立国","decorative":0}},{"arcs":[[[738,739,740,741]],[[742]],[[743]],[[744]],[[745]]],"type":"MultiPolygon","properties":{"iso_a3":"PAN","name":"巴拿马","full_name":"巴拿马共和国","decorative":0}},{"arcs":[[[746]],[[747]]],"type":"MultiPolygon","properties":{"iso_a3":"PLW","name":"帕劳","full_name":"帕劳共和国","decorative":0}},{"arcs":[[748,749,750,751,752,753]],"type":"Polygon","properties":{"iso_a3":"PAK","name":"巴基斯坦","full_name":"巴基斯坦伊斯兰共和国","decorative":0}},{"arcs":[[[-13,-498,-267,754]],[[-270,755]],[[-271]],[[756]]],"type":"MultiPolygon","properties":{"iso_a3":"OMN","name":"阿曼","full_name":"阿曼苏丹国","decorative":0}},{"arcs":[[[-370,757,-530,758]],[[759]],[[760]],[[761]],[[762]],[[763]],[[764]],[[765]],[[766]],[[767]],[[768]],[[769]],[[770]],[[771]],[[772]],[[773]],[[774]],[[775]],[[776]],[[777]],[[778]],[[779]],[[780]],[[781]],[[782]],[[783]],[[784]],[[785]],[[786]],[[787]],[[788]],[[789]]],"type":"MultiPolygon","properties":{"iso_a3":"NOR","name":"挪威","full_name":"挪威王国","decorative":0}},{"arcs":[[[-414,790,791,-516,792]],[[793]]],"type":"MultiPolygon","properties":{"iso_a3":"PRK","name":"朝鲜","full_name":"朝鲜民主主义人民共和国","decorative":0}},{"arcs":[[[794]],[[795,796,797,798,799]]],"type":"MultiPolygon","properties":{"iso_a3":"NGA","name":"尼日利亚","full_name":"尼日利亚联邦共和国","decorative":0}},{"arcs":[[-800,800,801,802,803,804,805]],"type":"Polygon","properties":{"iso_a3":"NER","name":"尼日尔","full_name":"尼日尔共和国","decorative":0}},{"arcs":[[806,807,808,809]],"type":"Polygon","properties":{"iso_a3":"NIC","name":"尼加拉瓜","full_name":"尼加拉瓜共和国","decorative":0}},{"arcs":[[[810]],[[811]],[[812]],[[813]],[[814]],[[815]],[[816]],[[817]],[[818]],[[819]],[[820]]],"type":"MultiPolygon","properties":{"iso_a3":"NZL","name":"新西兰","full_name":"新西兰","decorative":0}},{"arcs":[[821]],"type":"Polygon","properties":{"iso_a3":"NIU","name":"纽埃","full_name":"纽埃","decorative":1}},{"arcs":[[822]],"type":"Polygon","properties":{"iso_a3":"COK","name":"库克群岛","full_name":"库克群岛","decorative":1}},{"arcs":[[[823,824,825]],[[826,827]],[[828]],[[829]],[[830]],[[831]],[[832]],[[833]],[[834]],[[835]]],"type":"MultiPolygon","properties":{"iso_a3":"NLD","name":"荷兰","full_name":"荷兰王国","decorative":0}},{"arcs":[[836]],"type":"Polygon","properties":{"iso_a3":"ABW","name":"阿鲁巴","full_name":"阿鲁巴","decorative":1}},{"arcs":[[837]],"type":"Polygon","properties":{"iso_a3":"CUW","name":"库拉索","full_name":"库拉索","decorative":1}},{"arcs":[[838,839]],"type":"Polygon","properties":{"iso_a3":"NPL","name":"尼泊尔","full_name":"尼泊尔","decorative":0}},{"arcs":[[840]],"type":"Polygon","properties":{"iso_a3":"NRU","name":"瑙鲁","full_name":"瑙鲁共和国","decorative":0}},{"arcs":[[-5,841,-429,842,843]],"type":"Polygon","properties":{"iso_a3":"NAM","name":"纳米比亚","full_name":"纳米比亚共和国","decorative":0}},{"arcs":[[-4,-10,844,-348,845,-427,-376,-426],[846],[847]],"type":"Polygon","properties":{"iso_a3":"MOZ","name":"莫桑比克","full_name":"莫桑比克共和国","decorative":0}},{"arcs":[[848,849,850]],"type":"Polygon","properties":{"iso_a3":"MAR","name":"摩洛哥","full_name":"摩洛哥王国","decorative":0}},{"arcs":[[851,852,853,-850]],"type":"Polygon","properties":{"iso_a3":"ESH","name":"西撒哈拉","full_name":"西撒哈拉","decorative":1}},{"arcs":[[-479,854,855,856,857,858]],"type":"Polygon","properties":{"iso_a3":"MNE","name":"黑山","full_name":"黑山","decorative":0}},{"arcs":[[-518,859]],"type":"Polygon","properties":{"iso_a3":"MNG","name":"蒙古","full_name":"蒙古国","decorative":0}},{"arcs":[[-280,-637]],"type":"Polygon","properties":{"iso_a3":"MDA","name":"摩尔多瓦","full_name":"摩尔多瓦共和国","decorative":0}},{"arcs":[[860,861]],"type":"Polygon","properties":{"iso_a3":"MCO","name":"摩纳哥","full_name":"摩纳哥公国","decorative":0}},{"arcs":[[[-164,862,863,864,865]],[[866]],[[867]],[[868]],[[869]],[[870]],[[871]],[[872]],[[873]],[[874]],[[875]],[[876]],[[877]],[[878]],[[879]],[[880]]],"type":"MultiPolygon","properties":{"iso_a3":"MEX","name":"墨西哥","full_name":"墨西哥合众国","decorative":0}},{"arcs":[[881]],"type":"Polygon","properties":{"iso_a3":"MUS","name":"毛里求斯","full_name":"毛里求斯共和国","decorative":0}},{"arcs":[[[-490,882,-853,883,884]],[[885]]],"type":"MultiPolygon","properties":{"iso_a3":"MRT","name":"毛里塔尼亚","full_name":"毛里塔尼亚伊斯兰共和国","decorative":0}},{"arcs":[[[886]],[[887]]],"type":"MultiPolygon","properties":{"iso_a3":"MLT","name":"马耳他","full_name":"马耳他共和国","decorative":0}},{"arcs":[[-484,-885,888,-803,889,890,891]],"type":"Polygon","properties":{"iso_a3":"MLI","name":"马里","full_name":"马里共和国","decorative":0}},{"arcs":[[[892]],[[893]]],"type":"MultiPolygon","properties":{"iso_a3":"MDV","name":"马尔代夫","full_name":"马尔代夫共和国","decorative":0}},{"arcs":[[[-334,894]],[[895,896,897,898,899]],[[900]],[[901]],[[902]],[[903]],[[904]],[[905]],[[906,907]]],"type":"MultiPolygon","properties":{"iso_a3":"MYS","name":"马来西亚","full_name":"马来西亚","decorative":0}},{"arcs":[[[-9,-349,-845]],[[-847]],[[-848]]],"type":"MultiPolygon","properties":{"iso_a3":"MWI","name":"马拉维","full_name":"马拉维共和国","decorative":0}},{"arcs":[[[908]],[[909]],[[910]]],"type":"MultiPolygon","properties":{"iso_a3":"MDG","name":"马达加斯加","full_name":"马达加斯加共和国","decorative":0}},{"arcs":[[-477,911,912,913,914]],"type":"Polygon","properties":{"iso_a3":"MKD","name":"北马其顿","full_name":"北马其顿共和国","decorative":0}},{"arcs":[[915,916,917]],"type":"Polygon","properties":{"iso_a3":"LUX","name":"卢森堡","full_name":"卢森堡大公国","decorative":0}},{"arcs":[[[-630,918,919,920,-653]],[[-633,921]]],"type":"MultiPolygon","properties":{"iso_a3":"LTU","name":"立陶宛","full_name":"立陶宛共和国","decorative":0}},{"arcs":[[-363,922]],"type":"Polygon","properties":{"iso_a3":"LIE","name":"列支敦士登","full_name":"列支敦士登公国","decorative":0}},{"arcs":[[-309,923,924,-389,925,-805,926]],"type":"Polygon","properties":{"iso_a3":"LBY","name":"利比亚","full_name":"利比亚国","decorative":0}},{"arcs":[[-471,927,928,929]],"type":"Polygon","properties":{"iso_a3":"LBR","name":"利比里亚","full_name":"利比里亚共和国","decorative":0}},{"arcs":[[-431]],"type":"Polygon","properties":{"iso_a3":"LSO","name":"莱索托","full_name":"莱索托王国","decorative":0}},{"arcs":[[-360,930,931]],"type":"Polygon","properties":{"iso_a3":"LBN","name":"黎巴嫩","full_name":"黎巴嫩共和国","decorative":0}},{"arcs":[[-920,932,933,-526,934]],"type":"Polygon","properties":{"iso_a3":"LVA","name":"拉脱维亚","full_name":"拉脱维亚共和国","decorative":0}},{"arcs":[[-21,935,-331,936,937]],"type":"Polygon","properties":{"iso_a3":"LAO","name":"老挝","full_name":"老挝人民民主共和国","decorative":0}},{"arcs":[[-52,938,939,-353],[-58],[-59],[-356]],"type":"Polygon","properties":{"iso_a3":"KGZ","name":"吉尔吉斯斯坦","full_name":"吉尔吉斯共和国","decorative":0}},{"arcs":[[[-494,940,941]],[[942]]],"type":"MultiPolygon","properties":{"iso_a3":"KWT","name":"科威特","full_name":"科威特国","decorative":0}},{"arcs":[[-478,-915,943,-855]],"type":"Polygon","properties":{"iso_a3":"KOS","name":"科索沃","full_name":"科索沃","decorative":1}},{"arcs":[[[944]],[[945]],[[946]],[[947]],[[948]],[[949]],[[950]],[[951]],[[952]],[[953]],[[954]],[[955]],[[956]],[[957]],[[958]],[[959]]],"type":"MultiPolygon","properties":{"iso_a3":"KIR","name":"基里巴斯","full_name":"基里巴斯共和国","decorative":0}},{"arcs":[[[-292,-386,960,-433,961,-346]],[[962]]],"type":"MultiPolygon","properties":{"iso_a3":"KEN","name":"肯尼亚","full_name":"肯尼亚共和国","decorative":0}},{"arcs":[[[-56,-296,963,-520,964,-939]],[[965]],[[966]],[[967]]],"type":"MultiPolygon","properties":{"iso_a3":"KAZ","name":"哈萨克斯坦","full_name":"哈萨克斯坦共和国","decorative":0}},{"arcs":[[-358,968,-492,969,970,971,972]],"type":"Polygon","properties":{"iso_a3":"JOR","name":"约旦","full_name":"约旦哈希姆王国","decorative":0}},{"arcs":[[[973]],[[974]],[[975]],[[976]],[[977]],[[978]],[[979]],[[980]],[[981]],[[982]],[[983]],[[984]],[[985]],[[986]],[[987]],[[988]],[[989]],[[990]],[[991]],[[992]],[[993]],[[994]],[[995]],[[996]],[[997]],[[998]],[[999]],[[1000]],[[1001]],[[1002]],[[1003]],[[1004]],[[1005]],[[1006]]],"type":"MultiPolygon","properties":{"iso_a3":"JPN","name":"日本","full_name":"日本国","decorative":0}},{"arcs":[[1007]],"type":"Polygon","properties":{"iso_a3":"JAM","name":"牙买加","full_name":"牙买加","decorative":0}},{"arcs":[[[-365,1008,-467,1009,1010],[-37],[-504]],[[1011]],[[1012]],[[1013]],[[1014]],[[1015]],[[1016]],[[1017]]],"type":"MultiPolygon","properties":{"iso_a3":"ITA","name":"意大利","full_name":"意大利共和国","decorative":0}},{"arcs":[[-359,-973,1018,-971,1019,1020,1021,1022,-931]],"type":"Polygon","properties":{"iso_a3":"ISR","name":"以色列","full_name":"以色列国","decorative":0}},{"arcs":[[[-972,-1019]],[[-1022,1023,1024]]],"type":"MultiPolygon","properties":{"iso_a3":"PSE","name":"巴勒斯坦","full_name":"巴勒斯坦国","decorative":0}},{"arcs":[[[-263,1025]],[[1026]]],"type":"MultiPolygon","properties":{"iso_a3":"IRL","name":"爱尔兰","full_name":"爱尔兰","decorative":0}},{"arcs":[[-303,1027,1028,-941,-493,-969,-357]],"type":"Polygon","properties":{"iso_a3":"IRQ","name":"伊拉克","full_name":"伊拉克共和国","decorative":0}},{"arcs":[[[-294,1029,-752,1030,-1028,-302,1031,1032,1033,1034]],[[1035]]],"type":"MultiPolygon","properties":{"iso_a3":"IRN","name":"伊朗","full_name":"伊朗伊斯兰共和国","decorative":0}},{"arcs":[[[-324,1036,-327,1037]],[[-714,1038]],[[-896,1039]],[[-907,1040]],[[1041]],[[1042]],[[1043]],[[1044]],[[1045]],[[1046]],[[1047]],[[1048]],[[1049]],[[1050]],[[1051]],[[1052]],[[1053]],[[1054]],[[1055]],[[1056]],[[1057]],[[1058]],[[1059]],[[1060]],[[1061]],[[1062]],[[1063]],[[1064]],[[1065]],[[1066]],[[1067]],[[1068]],[[1069]],[[1070]],[[1071]],[[1072]],[[1073]],[[1074]],[[1075]],[[1076]],[[1077]],[[1078]],[[1079]],[[1080]],[[1081]],[[1082]],[[1083]],[[1084]],[[1085]],[[1086]],[[1087]],[[1088]],[[1089]],[[1090]],[[1091]],[[1092]],[[1093]],[[1094]],[[1095]],[[1096]],[[1097]],[[1098]],[[1099]],[[1100]],[[1101]],[[1102]],[[1103]],[[1104]],[[1105]],[[1106]],[[1107]],[[1108]],[[1109]],[[1110]],[[1111]],[[1112]],[[1113]],[[1114]],[[1115]],[[1116]],[[1117]],[[1118]],[[1119]],[[1120]],[[1121]],[[1122]],[[1123]],[[1124]],[[1125]],[[1126]],[[1127]],[[1128]],[[1129]],[[1130]],[[1131]],[[1132]],[[1133]],[[1134]],[[1135]],[[1136]],[[1137]],[[1138]],[[1139]],[[1140]],[[1141]],[[1142]],[[1143]],[[1144]],[[1145]],[[1146]],[[1147]],[[1148]],[[1149]],[[1150]],[[1151]],[[1152]],[[1153]],[[1154]],[[1155]],[[1156]],[[1157]],[[1158]],[[1159]],[[1160]],[[1161]],[[1162]],[[1163]],[[1164]],[[1165]],[[1166]],[[1167]],[[1168]],[[1169]]],"type":"MultiPolygon","properties":{"iso_a3":"IDN","name":"印度尼西亚","full_name":"印度尼西亚共和国","decorative":0}},{"arcs":[[[-750,1170,1171,-839,1172,1173,1174,1175,1176,1177]],[[1178]],[[1179]],[[1180]],[[1181]],[[1182]],[[1183]],[[1184]],[[1185]],[[1186]],[[1187]],[[1188]],[[1189]]],"type":"MultiPolygon","properties":{"iso_a3":"IND","name":"印度","full_name":"印度共和国","decorative":0}},{"arcs":[[1190]],"type":"Polygon","properties":{"iso_a3":"ISL","name":"冰岛","full_name":"冰岛共和国","decorative":0}},{"arcs":[[-282,-636,-482,1191,-469,1192,-461]],"type":"Polygon","properties":{"iso_a3":"HUN","name":"匈牙利","full_name":"匈牙利","decorative":0}},{"arcs":[[[-810,1193,1194,1195,1196]],[[1197]],[[1198]]],"type":"MultiPolygon","properties":{"iso_a3":"HND","name":"洪都拉斯","full_name":"洪都拉斯共和国","decorative":0}},{"arcs":[[[1199,1200]],[[1201]],[[1202]]],"type":"MultiPolygon","properties":{"iso_a3":"HTI","name":"海地","full_name":"海地共和国","decorative":0}},{"arcs":[[-33,1203,-380,1204]],"type":"Polygon","properties":{"iso_a3":"GUY","name":"圭亚那","full_name":"圭亚那合作共和国","decorative":0}},{"arcs":[[[-486,1205,1206]],[[1207]],[[1208]],[[1209]],[[1210]],[[1211]],[[1212]]],"type":"MultiPolygon","properties":{"iso_a3":"GNB","name":"几内亚比绍","full_name":"几内亚比绍共和国","decorative":0}},{"arcs":[[-473,1213,-1206,-485,-892,1214,-928]],"type":"Polygon","properties":{"iso_a3":"GIN","name":"几内亚","full_name":"几内亚共和国","decorative":0}},{"arcs":[[-865,1215,1216,-1196,1217,1218]],"type":"Polygon","properties":{"iso_a3":"GTM","name":"危地马拉","full_name":"危地马拉共和国","decorative":0}},{"arcs":[[1219]],"type":"Polygon","properties":{"iso_a3":"GRD","name":"格林纳达","full_name":"格林纳达","decorative":0}},{"arcs":[[[-307,1220,1221,-913,1222]],[[1223]],[[1224]],[[1225]],[[1226]],[[1227]],[[1228]],[[1229]],[[1230]],[[1231]],[[1232]],[[1233]],[[1234]],[[1235]],[[1236]],[[1237]],[[1238]],[[1239]],[[1240]],[[1241]],[[1242]],[[1243]],[[1244]],[[1245]],[[1246]],[[1247]],[[1248]],[[1249]],[[1250]],[[1251]],[[1252]],[[1253]],[[1254]],[[1255]],[[1256]],[[1257]],[[1258]],[[1259]],[[1260]],[[1261]]],"type":"MultiPolygon","properties":{"iso_a3":"GRC","name":"希腊","full_name":"希腊共和国","decorative":0}},{"arcs":[[-321,1262,1263,1264,1265,1266]],"type":"Polygon","properties":{"iso_a3":"GHA","name":"加纳","full_name":"加纳共和国","decorative":0}},{"arcs":[[[-367,1267,-916,1268,-826,1269,1270,1271,-649,1272,1273]],[[-651,1274]],[[1275]],[[1276]],[[1277]],[[1278]]],"type":"MultiPolygon","properties":{"iso_a3":"DEU","name":"德国","full_name":"德意志联邦共和国","decorative":0}},{"arcs":[[-299,1279,-523,1280,1281]],"type":"Polygon","properties":{"iso_a3":"GEO","name":"格鲁吉亚","full_name":"格鲁吉亚","decorative":0}},{"arcs":[[-488,1282]],"type":"Polygon","properties":{"iso_a3":"GMB","name":"冈比亚","full_name":"冈比亚共和国","decorative":0}},{"arcs":[[1283,1284,1285,1286]],"type":"Polygon","properties":{"iso_a3":"GAB","name":"加蓬","full_name":"加蓬共和国","decorative":0}},{"arcs":[[[-366,-1011,1287,-862,1288,-403,1289,-401,1290,1291,-917,-1268]],[[-378,1292,1293]],[[1294]],[[1295]],[[1296]],[[1297]],[[1298]],[[1299]],[[1300]],[[1301]]],"type":"MultiPolygon","properties":{"iso_a3":"FRA","name":"法国","full_name":"法兰西共和国","decorative":0}},{"arcs":[[[1302]],[[1303]]],"type":"MultiPolygon","properties":{"iso_a3":"SPM","name":"圣皮埃尔和密克隆","full_name":"圣皮埃尔和密克隆","decorative":1}},{"arcs":[[[1304]],[[1305]]],"type":"MultiPolygon","properties":{"iso_a3":"WLF","name":"瓦利斯和富图纳","full_name":"瓦利斯和富图纳","decorative":1}},{"arcs":[[1306,1307]],"type":"Polygon","properties":{"iso_a3":"MAF","name":"法属圣马丁","full_name":"法属圣马丁","decorative":1}},{"arcs":[[1308]],"type":"Polygon","properties":{"iso_a3":"BLM","name":"圣巴泰勒米","full_name":"圣巴泰勒米","decorative":1}},{"arcs":[[[1309]],[[1310]],[[1311]],[[1312]],[[1313]],[[1314]],[[1315]],[[1316]],[[1317]],[[1318]],[[1319]],[[1320]],[[1321]],[[1322]],[[1323]],[[1324]],[[1325]],[[1326]],[[1327]],[[1328]],[[1329]]],"type":"MultiPolygon","properties":{"iso_a3":"PYF","name":"法属波利尼西亚","full_name":"法属波利尼西亚","decorative":1}},{"arcs":[[[1330]],[[1331]],[[1332]],[[1333]],[[1334]],[[1335]]],"type":"MultiPolygon","properties":{"iso_a3":"NCL","name":"新喀里多尼亚","full_name":"新喀里多尼亚","decorative":1}},{"arcs":[[[1336]],[[1337]],[[1338]]],"type":"MultiPolygon","properties":{"iso_a3":"ATF","name":"法属南部和南极领地","full_name":"法属南部和南极领地","decorative":1}},{"arcs":[[[1339]],[[1340]],[[1341]]],"type":"MultiPolygon","properties":{"iso_a3":"ALA","name":"奥兰","full_name":"奥兰","decorative":1}},{"arcs":[[[-371,-759,-529,1342]],[[1343]],[[1344]],[[1345]],[[1346]],[[1347]],[[1348]],[[1349]]],"type":"MultiPolygon","properties":{"iso_a3":"FIN","name":"芬兰","full_name":"芬兰共和国","decorative":0}},{"arcs":[[[1350]],[[1351]],[[1352]],[[1353]],[[1354]],[[1355]],[[1356]],[[1357]],[[1358]],[[1359]],[[1360]],[[1361]],[[1362]],[[1363]],[[1364]],[[1365]],[[1366]],[[1367]],[[1368]]],"type":"MultiPolygon","properties":{"iso_a3":"FJI","name":"斐济","full_name":"斐济共和国","decorative":0}},{"arcs":[[-385,-393,1369,1370,-437,-434,-961]],"type":"Polygon","properties":{"iso_a3":"ETH","name":"埃塞俄比亚","full_name":"埃塞俄比亚联邦民主共和国","decorative":0}},{"arcs":[[[-934,1371,-527]],[[1372]],[[1373]],[[1374]]],"type":"MultiPolygon","properties":{"iso_a3":"EST","name":"爱沙尼亚","full_name":"爱沙尼亚共和国","decorative":0}},{"arcs":[[[-392,1375,1376,-1370]],[[1377]],[[1378]]],"type":"MultiPolygon","properties":{"iso_a3":"ERI","name":"厄立特里亚","full_name":"厄立特里亚国","decorative":0}},{"arcs":[[[-1286,1379,1380]],[[1381]]],"type":"MultiPolygon","properties":{"iso_a3":"GNQ","name":"赤道几内亚","full_name":"赤道几内亚共和国","decorative":0}},{"arcs":[[-1195,1382,-1218]],"type":"Polygon","properties":{"iso_a3":"SLV","name":"萨尔瓦多","full_name":"萨尔瓦多共和国","decorative":0}},{"arcs":[[-390,-925,1383,-1024,-1021,1384]],"type":"Polygon","properties":{"iso_a3":"EGY","name":"埃及","full_name":"阿拉伯埃及共和国","decorative":0}},{"arcs":[[[-707,1385,1386]],[[1387]],[[1388]],[[1389]],[[1390]],[[1391]],[[1392]],[[1393]],[[1394]]],"type":"MultiPolygon","properties":{"iso_a3":"ECU","name":"厄瓜多尔","full_name":"厄瓜多尔共和国","decorative":0}},{"arcs":[[-1200,1395]],"type":"Polygon","properties":{"iso_a3":"DOM","name":"多米尼加","full_name":"多米尼加共和国","decorative":0}},{"arcs":[[1396]],"type":"Polygon","properties":{"iso_a3":"DMA","name":"多米尼克","full_name":"多米尼克国","decorative":0}},{"arcs":[[-438,-1371,-1377,1397]],"type":"Polygon","properties":{"iso_a3":"DJI","name":"吉布提","full_name":"吉布提共和国","decorative":0}},{"arcs":[[[1398]],[[1399]],[[1400]],[[1401]],[[1402]],[[1403]],[[1404]],[[1405]],[[1406]],[[1407]],[[1408]],[[1409]],[[1410]],[[1411]],[[1412]],[[1413]],[[1414]]],"type":"MultiPolygon","properties":{"iso_a3":"GRL","name":"格陵兰","full_name":"格陵兰","decorative":1}},{"arcs":[[[1415]],[[1416]],[[1417]],[[1418]],[[1419]]],"type":"MultiPolygon","properties":{"iso_a3":"FRO","name":"法罗群岛","full_name":"法罗群岛","decorative":1}},{"arcs":[[[-1271,1420]],[[1421]],[[1422]],[[1423]],[[1424]],[[1425]],[[1426]],[[1427]],[[1428]],[[1429]],[[1430]],[[1431]]],"type":"MultiPolygon","properties":{"iso_a3":"DNK","name":"丹麦","full_name":"丹麦王国","decorative":0}},{"arcs":[[-463,1432,-1273,-648]],"type":"Polygon","properties":{"iso_a3":"CZE","name":"捷克","full_name":"捷克共和国","decorative":0}},{"arcs":[[1433,1434]],"type":"Polygon","properties":{"iso_a3":"CYN","name":"北塞浦路斯土耳其共和国","full_name":"北塞浦路斯土耳其共和国","decorative":1}},{"arcs":[[-1434,1435]],"type":"Polygon","properties":{"iso_a3":"CYP","name":"塞浦路斯","full_name":"塞浦路斯共和国","decorative":0}},{"arcs":[[[1436]],[[1437]],[[1438]],[[1439]],[[1440]],[[1441]],[[1442]]],"type":"MultiPolygon","properties":{"iso_a3":"CUB","name":"古巴","full_name":"古巴共和国","decorative":0}},{"arcs":[[[-465,-1192,-481,1443,1444]],[[-858,1445,1446]],[[1447]],[[1448]],[[1449]],[[1450]],[[1451]],[[1452]],[[1453]],[[1454]],[[1455]],[[1456]],[[1457]]],"type":"MultiPolygon","properties":{"iso_a3":"HRV","name":"克罗地亚","full_name":"克罗地亚共和国","decorative":0}},{"arcs":[[[-891,1458,-1266,1459,-929,-1215]],[[-1264,1460]]],"type":"MultiPolygon","properties":{"iso_a3":"CIV","name":"科特迪瓦","full_name":"科特迪瓦共和国","decorative":0}},{"arcs":[[-741,1461,-808,1462]],"type":"Polygon","properties":{"iso_a3":"CRI","name":"哥斯达黎加","full_name":"哥斯达黎加共和国","decorative":0}},{"arcs":[[-7,1463,1464,1465,1466,1467,-382,-290,-514,1468,-343]],"type":"Polygon","properties":{"iso_a3":"COD","name":"刚果（金）","full_name":"刚果民主共和国","decorative":0}},{"arcs":[[-1284,1469,1470,-1467,1471,1472]],"type":"Polygon","properties":{"iso_a3":"COG","name":"刚果（布）","full_name":"刚果共和国","decorative":0}},{"arcs":[[[1473]],[[1474]],[[1475]]],"type":"MultiPolygon","properties":{"iso_a3":"COM","name":"科摩罗","full_name":"科摩罗联盟","decorative":0}},{"arcs":[[[-35,1476,-708,-1387,1477,-739,1478]],[[1479]]],"type":"MultiPolygon","properties":{"iso_a3":"COL","name":"哥伦比亚","full_name":"哥伦比亚共和国","decorative":0}},{"arcs":[[[-22,-938,1480,-1175,1481,-1173,-840,-1172,1482,-754,1483,-354,-940,-965,-519,-860,-517,-792,1484,1485,1486,1487,1488]],[[1489]],[[1490]],[[1491]],[[1492]],[[1493]],[[1494]],[[1495]],[[1496]],[[1497]],[[1498]],[[1499]],[[-1486,1500]],[[-1488,1501]],[[1502,1503,1504,1505,1506,1507,1508,1509]],[[1510]],[[1511]],[[1512]],[[1513]],[[1514,1515,1516,1517,1518,1519,1520,1521]],[[1522]],[[1523]],[[1524]],[[1525]],[[1526]],[[1527]],[[1528]],[[1529]],[[1530]],[[1531]],[[1532]],[[1533]],[[1534]],[[1535]]],"type":"MultiPolygon","properties":{"iso_a3":"CHN","name":"中国","full_name":"中华人民共和国","decorative":0}},{"arcs":[[[-705,1536,1537,1538]],[[1539]],[[1540]],[[1541,1542]],[[1543]],[[1544]],[[1545]],[[1546]],[[1547]],[[1548]],[[1549]],[[1550]],[[1551]],[[1552]],[[1553]],[[1554]],[[1555]],[[1556]],[[1557]],[[1558]],[[1559]],[[1560]],[[1561]],[[1562]],[[1563]],[[1564]],[[1565]],[[1566]],[[1567]],[[1568]],[[1569]]],"type":"MultiPolygon","properties":{"iso_a3":"CHL","name":"智利","full_name":"智利共和国","decorative":0}},{"arcs":[[-388,1570,1571,-796,-806,-926]],"type":"Polygon","properties":{"iso_a3":"TCD","name":"乍得","full_name":"乍得共和国","decorative":0}},{"arcs":[[-383,-1468,-1471,1572,-1571,-387]],"type":"Polygon","properties":{"iso_a3":"CAF","name":"中非","full_name":"中非共和国","decorative":0}},{"arcs":[[[1573]],[[1574]],[[1575]],[[1576]],[[1577]],[[1578]],[[1579]],[[1580]]],"type":"MultiPolygon","properties":{"iso_a3":"CPV","name":"佛得角","full_name":"佛得角共和国","decorative":0}},{"arcs":[[[-101,1581]],[[-103,1582,-166,1583]],[[-162,1584]],[[1585]],[[1586]],[[1587]],[[1588]],[[1589]],[[1590]],[[1591]],[[1592]],[[1593]],[[1594]],[[1595]],[[1596]],[[1597]],[[1598]],[[1599]],[[1600]],[[1601]],[[1602]],[[1603]],[[1604]],[[1605]],[[1606]],[[1607]],[[1608]],[[1609]],[[1610]],[[1611]],[[1612]],[[1613]],[[1614]],[[1615]],[[1616]],[[1617]],[[1618]],[[1619]],[[1620]],[[1621]],[[1622]],[[1623]],[[1624]],[[1625]],[[1626]],[[1627]],[[1628]],[[1629]],[[1630]],[[1631]],[[1632]],[[1633]],[[1634]],[[1635]],[[1636]],[[1637]],[[1638]],[[1639]],[[1640]],[[1641]],[[1642]],[[1643]],[[1644]],[[1645]],[[1646]],[[1647]],[[1648]],[[1649]],[[1650]],[[1651]],[[1652]],[[1653]],[[1654]],[[1655]],[[1656]],[[1657]],[[1658]],[[1659]],[[1660]],[[1661]],[[1662]],[[1663]],[[1664]],[[1665]],[[1666]],[[1667]],[[1668]],[[1669]],[[1670]],[[1671]],[[1672]],[[1673]],[[1674]],[[1675]],[[1676]],[[1677]],[[1678]],[[1679]],[[1680]],[[1681]],[[1682]],[[1683]],[[1684]],[[1685]],[[1686]],[[1687]],[[1688]],[[1689]],[[1690]],[[1691]],[[1692]],[[1693]],[[1694]],[[1695]],[[1696]],[[1697]],[[1698]],[[1699]],[[1700]],[[1701]],[[1702]],[[1703]],[[1704]],[[1705]],[[1706]],[[1707]],[[1708]],[[1709]],[[1710]],[[1711]],[[1712]],[[1713]],[[1714]],[[1715]],[[1716]],[[1717]],[[1718]],[[1719]],[[1720]],[[1721]],[[1722]]],"type":"MultiPolygon","properties":{"iso_a3":"CAN","name":"加拿大","full_name":"加拿大","decorative":0}},{"arcs":[[-797,-1572,-1573,-1470,-1287,-1381,1723]],"type":"Polygon","properties":{"iso_a3":"CMR","name":"喀麦隆","full_name":"喀麦隆共和国","decorative":0}},{"arcs":[[[-20,1724,-332,-936]],[[1725]],[[1726]]],"type":"MultiPolygon","properties":{"iso_a3":"KHM","name":"柬埔寨","full_name":"柬埔寨王国","decorative":0}},{"arcs":[[[-336,1727,1728,-1176,-1481,-937]],[[1729]],[[1730]],[[1731]],[[1732]],[[1733]],[[1734]],[[1735]],[[1736]],[[1737]],[[1738]],[[1739]],[[1740]],[[1741]],[[1742]],[[1743]],[[1744]],[[1745]],[[1746]]],"type":"MultiPolygon","properties":{"iso_a3":"MMR","name":"缅甸","full_name":"缅甸联邦共和国","decorative":0}},{"arcs":[[-344,-1469,-513]],"type":"Polygon","properties":{"iso_a3":"BDI","name":"布隆迪","full_name":"布隆迪共和国","decorative":0}},{"arcs":[[-322,-1267,-1459,-890,-802,1747]],"type":"Polygon","properties":{"iso_a3":"BFA","name":"布基纳法索","full_name":"布基纳法索","decorative":0}},{"arcs":[[-308,-1223,-912,-476,-635,1748]],"type":"Polygon","properties":{"iso_a3":"BGR","name":"保加利亚","full_name":"保加利亚共和国","decorative":0}},{"arcs":[[[-898,1749]],[[-899,1750]]],"type":"MultiPolygon","properties":{"iso_a3":"BRN","name":"文莱","full_name":"文莱达鲁萨兰国","decorative":0}},{"arcs":[[[-34,-1205,-379,-1294,1751,-62,1752,-709,1753,-703,-1477]],[[1754]],[[1755]],[[1756]],[[1757]],[[1758]],[[1759]],[[1760]],[[1761]],[[1762]],[[1763]],[[1764]],[[1765]],[[1766]],[[1767]],[[1768]],[[1769]]],"type":"MultiPolygon","properties":{"iso_a3":"BRA","name":"巴西","full_name":"巴西联邦共和国","decorative":0}},{"arcs":[[-2,-430,-842]],"type":"Polygon","properties":{"iso_a3":"BWA","name":"博茨瓦纳","full_name":"博茨瓦纳共和国","decorative":0}},{"arcs":[[-859,-1447,1770,-1444,-480]],"type":"Polygon","properties":{"iso_a3":"BIH","name":"波黑","full_name":"波斯尼亚和黑塞哥维那","decorative":0}},{"arcs":[[-704,-1754,-711,1771,-1537]],"type":"Polygon","properties":{"iso_a3":"BOL","name":"玻利维亚","full_name":"多民族玻利维亚国","decorative":0}},{"arcs":[[-1174,-1482]],"type":"Polygon","properties":{"iso_a3":"BTN","name":"不丹","full_name":"不丹王国","decorative":0}},{"arcs":[[-319,-1748,-801,-799,1772]],"type":"Polygon","properties":{"iso_a3":"BEN","name":"贝宁","full_name":"贝宁共和国","decorative":0}},{"arcs":[[[-864,1773,-1216]],[[1774]],[[1775]]],"type":"MultiPolygon","properties":{"iso_a3":"BLZ","name":"伯利兹","full_name":"伯利兹","decorative":0}},{"arcs":[[-824,-1269,-918,-1292,1776,-827]],"type":"Polygon","properties":{"iso_a3":"BEL","name":"比利时","full_name":"比利时王国","decorative":0}},{"arcs":[[-285,-654,-921,-935,-525]],"type":"Polygon","properties":{"iso_a3":"BLR","name":"白俄罗斯","full_name":"白俄罗斯共和国","decorative":0}},{"arcs":[[1777]],"type":"Polygon","properties":{"iso_a3":"BRB","name":"巴巴多斯","full_name":"巴巴多斯","decorative":0}},{"arcs":[[[-1177,-1729,1778]],[[1779]],[[1780]],[[1781]],[[1782]],[[1783]],[[1784]]],"type":"MultiPolygon","properties":{"iso_a3":"BGD","name":"孟加拉国","full_name":"孟加拉人民共和国","decorative":0}},{"arcs":[[1785]],"type":"Polygon","properties":{"iso_a3":"BHR","name":"巴林","full_name":"巴林王国","decorative":0}},{"arcs":[[[1786]],[[1787]],[[1788]],[[1789]],[[1790]],[[1791]],[[1792]],[[1793]],[[1794]],[[1795]],[[1796]],[[1797]],[[1798]],[[1799]],[[1800]]],"type":"MultiPolygon","properties":{"iso_a3":"BHS","name":"巴哈马","full_name":"巴哈马国","decorative":0}},{"arcs":[[[-301,1801,-1032]],[[-1034,1802,-1281,-522,1803],[1804]],[[1805]]],"type":"MultiPolygon","properties":{"iso_a3":"AZE","name":"阿塞拜疆","full_name":"阿塞拜疆共和国","decorative":0}},{"arcs":[[-362,-1274,-1433,-462,-1193,-468,-1009,-364,-923]],"type":"Polygon","properties":{"iso_a3":"AUT","name":"奥地利","full_name":"奥地利共和国","decorative":0}},{"arcs":[[[1806]],[[1807]],[[1808]],[[1809]],[[1810]],[[1811]],[[1812]],[[1813]],[[1814]],[[1815]],[[1816]],[[1817]],[[1818]],[[1819]],[[1820]],[[1821]],[[1822]],[[1823]],[[1824]],[[1825]],[[1826]],[[1827]],[[1828]],[[1829]],[[1830]],[[1831]],[[1832]],[[1833]],[[1834]],[[1835]],[[1836]],[[1837]],[[1838]],[[1839]],[[1840]],[[1841]],[[1842]],[[1843]],[[1844]],[[1845]],[[1846]],[[1847]]],"type":"MultiPolygon","properties":{"iso_a3":"AUS","name":"澳大利亚","full_name":"澳大利亚联邦","decorative":0}},{"arcs":[[[1848]],[[1849]],[[1850]]],"type":"MultiPolygon","properties":{"iso_a3":"IOA","name":"澳屬印度洋領地","full_name":"澳屬印度洋領地","decorative":1}},{"arcs":[[1851]],"type":"Polygon","properties":{"iso_a3":"HMD","name":"赫德岛和麦克唐纳群岛","full_name":"赫德岛和麦克唐纳群岛","decorative":1}},{"arcs":[[1852]],"type":"Polygon","properties":{"iso_a3":"NFK","name":"诺福克岛","full_name":"诺福克岛","decorative":1}},{"arcs":[[1853]],"type":"Polygon","properties":{"iso_a3":"ATC","name":"阿什莫尔和卡捷群岛","full_name":"阿什莫尔和卡捷群岛","decorative":1}},{"arcs":[[[-300,-1282,-1803,-1033,-1802],[-1806]],[[-1805]]],"type":"MultiPolygon","properties":{"iso_a3":"ARM","name":"亚美尼亚","full_name":"亚美尼亚共和国","decorative":0}},{"arcs":[[[-61,1854,-1538,-1772,-710,-1753]],[[-1542,1855]],[[1856]],[[1857]]],"type":"MultiPolygon","properties":{"iso_a3":"ARG","name":"阿根廷","full_name":"阿根廷共和国","decorative":0}},{"arcs":[[[1858]],[[1859]]],"type":"MultiPolygon","properties":{"iso_a3":"ATG","name":"安提瓜和巴布达","full_name":"安提瓜和巴布达","decorative":0}},{"arcs":[[[-6,-844,1860,-1464]],[[-1466,1861,-1472]]],"type":"MultiPolygon","properties":{"iso_a3":"AGO","name":"安哥拉","full_name":"安哥拉共和国","decorative":0}},{"arcs":[[-402,-1290]],"type":"Polygon","properties":{"iso_a3":"AND","name":"安道尔","full_name":"安道尔公国","decorative":0}},{"arcs":[[-310,-927,-804,-889,-884,-852,-849,1862]],"type":"Polygon","properties":{"iso_a3":"DZA","name":"阿尔及利亚","full_name":"阿尔及利亚民主人民共和国","decorative":0}},{"arcs":[[-856,-944,-914,-1222,1863]],"type":"Polygon","properties":{"iso_a3":"ALB","name":"阿尔巴尼亚","full_name":"阿尔巴尼亚共和国","decorative":0}},{"arcs":[[-54,-355,-1484,-753,-1030,-293]],"type":"Polygon","properties":{"iso_a3":"AFG","name":"阿富汗","full_name":"阿富汗","decorative":0}},{"arcs":[[-749,-1483,-1171]],"type":"Polygon","properties":{"iso_a3":"KAS","name":"锡亚琴冰川","full_name":"锡亚琴冰川","decorative":1}},{"arcs":[[[1864]],[[1865]],[[1866]],[[1867]],[[1868]],[[1869]],[[1870]],[[1871]],[[1872]],[[1873]],[[1874]],[[1875]],[[1876]],[[1877]],[[1878]],[[1879]],[[1880]],[[1881]],[[1882]],[[1883]],[[1884]],[[1885]],[[1886]],[[1887]],[[1888]],[[1889]],[[1890]],[[1891]],[[1892]],[[1893]],[[1894]],[[1895]],[[1896]],[[1897]],[[1898]],[[1899]],[[1900]],[[1901]],[[1902]],[[1903]],[[1904]],[[1905]],[[1906]],[[1907]],[[1908]],[[1909]],[[1910]],[[1911]],[[1912]],[[1913]],[[1914]],[[1915]],[[1916]],[[1917]],[[1918]],[[1919]],[[1920]],[[1921]],[[1922]],[[1923]],[[1924]],[[1925]],[[1926]],[[1927]],[[1928]],[[1929]],[[1930]],[[1931]],[[1932]],[[1933]],[[1934]],[[1935]],[[1936]],[[1937]],[[1938]],[[1939]],[[1940]],[[1941]],[[1942]],[[1943]],[[1944]],[[1945]],[[1946]],[[1947]],[[1948]],[[1949]],[[1950]],[[1951]],[[1952]],[[1953]],[[1954]],[[1955]],[[1956]],[[1957]],[[1958]],[[1959]],[[1960]],[[1961]],[[1962]],[[1963]],[[1964]],[[1965]],[[1966]],[[1967]],[[1968]],[[1969]],[[1970]],[[1971]]],"type":"MultiPolygon","properties":{"iso_a3":"ATA","name":"南极洲","full_name":"南极洲","decorative":1}},{"arcs":[[-1307,1972]],"type":"Polygon","properties":{"iso_a3":"SXM","name":"荷属圣马丁","full_name":"荷属圣马丁","decorative":1}},{"arcs":[[1973]],"type":"Polygon","properties":{"iso_a3":"TUV","name":"图瓦卢","full_name":"图瓦卢","decorative":0}}]}},"_source":"https://www.naturalearthdata.com/ (Natural Earth 50m admin_0 countries v5.1.2, 公有领域)；经 mapshaper dp 50% keep-shapes 简化 + TopoJSON 量化；中国含台港澳合并为单一面；本管线冻结入库、运行时零网络依赖。"}