{"type":"Topology","transform":{"scale":[0.002130080380814654,0.0008104383285753393],"translate":[-141.005564,41.669086]},"arcs":[[[14556,9037],[-987,0],[-921,-1]],[[12648,9036],[13,52],[-52,73],[-3,67],[-34,47],[-71,23],[-1,66],[-22,8],[-21,85],[-50,75],[-10,62],[17,117],[-6,21],[-53,-11],[-26,50],[6,37],[24,22],[20,116],[-6,36],[12,26],[-29,157],[1,64],[19,17],[-8,113],[-30,76],[-4,96],[-27,153],[7,32],[-38,67],[-67,191],[-45,32],[-30,-12],[-14,-39],[-15,4],[-43,105],[12,38],[-22,72],[-11,10],[-16,-20],[-13,46],[-58,56],[-14,44],[-35,21],[7,40],[28,19],[-23,87],[-18,11],[-17,47],[-29,21],[-10,47],[-59,18],[-34,34],[-19,34],[-5,95],[-11,27],[-44,27],[-10,44],[-43,19],[-20,80],[2,89],[-43,54],[-8,65],[-26,26],[-16,59],[-38,34],[-10,80],[-35,120],[-43,-17],[-26,-55],[-2,-43],[-31,-9],[-23,18],[-51,241],[-105,160],[-23,169],[-27,-59],[-55,19],[-46,-24],[-34,63],[-42,23],[-32,98],[37,63],[3,75],[-72,42],[-48,73],[-9,1],[-16,-50],[1,-45],[-53,-15],[-33,-32],[-15,93],[24,45],[-32,42],[-1,53],[-33,71],[20,75],[-23,88],[-37,52],[6,61],[-24,27],[-13,46],[-50,-27],[-9,12],[-23,97],[1,84],[-19,7],[-7,27],[-23,-10],[12,76],[-47,84],[-69,66],[-15,-126],[-60,59],[-50,20],[-42,105],[-19,100],[-39,-10],[-61,27],[-16,-30],[-47,56],[-41,134],[-26,-1],[-10,18],[8,55],[-18,60],[62,-15],[19,3],[10,22],[-35,101],[-22,-9],[-29,23],[5,73],[-36,19],[-9,39],[0,1973],[0,1793],[0,2034],[0,1823]],[[9861,22619],[1174,0],[1174,0],[1173,0],[1174,0]],[[14556,22619],[0,-1697],[0,-1697],[0,-1696],[0,-1697],[0,-1696],[0,-1697],[0,-1697],[0,-1705]],[[913,22619],[898,0],[894,0],[894,0],[894,0],[894,0],[894,0],[894,0],[893,0]],[[8068,22619],[897,0],[896,0]],[[12648,9036],[-1040,0],[-1032,0],[-1031,0],[-976,0],[-14,31],[-19,-13],[-14,13],[-11,24],[4,54],[-18,10],[-59,-47],[-8,-19],[6,-53],[-25,0],[-25,85],[42,77],[6,34],[-39,-43],[-42,17],[7,93],[28,-12],[-46,67],[-5,30],[49,7],[-9,25],[11,11],[14,-25],[32,9],[37,-18],[32,64],[18,134],[-11,19],[-2,-66],[-26,-96],[-39,-24],[-90,45],[-27,-10],[-11,43],[23,51],[-3,138],[18,157],[28,53],[-8,15],[-36,-58],[-4,-81],[-34,-14],[-13,-32],[-19,3],[-50,-65],[14,-87],[-13,-43],[-15,-14],[-117,95],[-49,15],[-42,66],[-40,123],[-1,59],[20,67],[38,13],[49,-135],[14,-130],[13,-29],[12,44],[-9,43],[5,42],[80,54],[27,64],[-62,-61],[-61,-15],[-62,148],[-3,24],[24,79],[-1,66],[-3,26],[-26,29],[-4,55],[36,51],[33,12],[25,65],[-35,80],[-77,76],[22,-59],[30,-23],[35,-62],[-29,-60],[-58,-54],[2,-95],[36,-79],[-12,-51],[-30,-21],[-17,140],[-18,-68],[13,-36],[-17,-13],[1,-27],[-31,-30],[-59,-12],[-4,-34],[-21,34],[-36,-9],[-51,38],[-9,58],[-94,135],[-42,106],[0,39],[64,-105],[-9,67],[15,52],[-16,25],[37,82],[11,87],[-17,66],[-34,46],[25,75],[28,17],[31,-10],[57,60],[30,63],[-5,15],[-68,-87],[-40,-17],[-39,7],[-37,-97],[-37,-43],[-57,14],[0,78],[-26,50],[5,-89],[-40,-44],[11,188],[41,30],[8,44],[29,22],[10,35],[3,109],[19,78],[-41,73],[58,112],[-13,53],[-21,0],[-28,-103],[-32,-44],[15,-12],[3,-46],[23,-32],[-12,-96],[8,-37],[-56,-85],[-6,-34],[-39,-71],[-2,-45],[-24,-22],[-14,9],[-16,49],[0,47],[-26,-47],[-13,9],[-14,86],[-13,-11],[-7,-59],[-16,-25],[-52,-13],[-16,18],[17,44],[11,179],[44,77],[-14,8],[-48,-66],[-10,-141],[-21,-37],[4,-53],[-27,-49],[-18,0],[-40,67],[26,32],[-23,15],[-23,-5],[-12,-33],[-43,-31],[-25,-6],[-23,9],[-15,28],[-20,-14],[-52,14],[-18,22],[25,31],[23,-30],[0,69],[112,67],[-22,17],[-82,-57],[-39,-1],[-12,41],[104,43],[51,-16],[53,31],[52,2],[21,76],[24,21],[6,29],[-18,91],[40,14],[25,90],[-26,144],[-35,59],[25,-169],[20,-34],[-16,-39],[-49,-46],[-3,-51],[20,-37],[-2,-20],[-18,-10],[-38,-84],[-53,4],[-19,-30],[-15,0],[-15,37],[-35,-37],[-72,-12],[-7,21],[8,21],[84,99],[-69,-11],[-9,21],[6,86],[-23,-29],[-3,24],[-70,-14],[-47,-44],[-27,26],[-7,49],[29,56],[65,-23],[20,13],[45,-12],[23,42],[-2,18],[-31,-31],[-101,29],[-22,74],[-4,80],[-18,-88],[8,-78],[-19,-44],[-46,-35],[-34,16],[-47,65],[-25,-45],[-60,-1],[-65,40],[-4,-16],[22,-22],[95,-39],[-45,-67],[-51,54],[-39,14],[-20,50],[-26,-6],[-55,37],[-9,13],[14,21],[-3,16],[-50,25],[23,131],[-10,12],[-75,-27],[-13,39],[-41,47],[-6,81],[103,83],[91,-31],[73,17],[39,42],[10,93],[-27,-76],[-50,-43],[-110,18],[24,45],[-9,6],[-50,-35],[-42,8],[-34,-17],[-13,10],[1,43],[53,41],[28,71],[25,18],[0,33],[17,38],[2,98],[20,26],[72,34],[128,15],[172,-28],[34,84],[-29,110],[10,-102],[-26,-68],[-186,48],[-76,-22],[-43,34],[-2,-31],[-33,-21],[-11,18],[10,25],[-3,60],[33,31],[6,111],[-21,-107],[-28,-11],[-18,-93],[-43,16],[-29,-15],[45,-34],[34,4],[5,-16],[-43,-54],[-15,-52],[9,-60],[-24,-62],[-43,-25],[-22,45],[48,25],[-20,26],[-42,-10],[-6,13],[0,82],[-11,-7],[-5,57],[-17,35],[-4,237],[15,68],[40,41],[46,7],[14,154],[26,54],[31,30],[22,-13],[-9,-54],[-42,-5],[-22,-81],[35,67],[56,8],[12,19],[-22,96],[25,18],[19,40],[44,21],[37,78],[18,12],[70,-27],[26,-54],[-2,-50],[111,-205],[18,-73],[0,74],[-37,99],[-63,82],[-25,138],[6,38],[24,26],[66,16],[-9,28],[-15,5],[-120,-74],[-52,16],[-18,46],[5,30],[-21,54],[-2,82],[37,70],[78,81],[27,110],[-21,118],[-50,68],[28,-88],[14,-127],[-31,-71],[-96,-123],[-11,-47],[6,-57],[-86,-71],[-20,-65],[-45,-34],[-12,-40],[-27,6],[-27,-34],[-12,7],[20,94],[-11,-4],[-30,-121],[-33,-46],[-9,71],[-20,49],[11,38],[29,29],[-33,98],[21,66],[-7,14],[-18,-84],[11,-76],[-30,-78],[-23,30],[-22,73],[5,98],[32,45],[24,-19],[-3,29],[19,16],[10,51],[-25,-29],[-46,-16],[-30,-42],[-34,-133],[-62,-161],[-44,26],[29,42],[0,69],[32,20],[16,72],[-7,135],[55,225],[-3,149],[48,53],[-36,-5],[-15,18],[-14,-78],[-38,-75],[-91,31],[-26,82],[-18,229],[19,21],[-25,15],[-4,24],[36,21],[-45,6],[-40,113],[1,-51],[-10,-10],[-79,106],[-16,59],[18,56],[-20,7],[1,61],[26,76],[-22,-3],[-19,-34],[-27,121],[52,-25],[24,45],[11,-3],[19,-93],[36,-51],[-10,43],[26,-17],[66,-108],[2,-53],[5,66],[-12,18],[61,43],[12,42],[47,-35],[59,-2],[27,-64],[-16,-76],[25,45],[34,-39],[12,-96],[38,-45],[-29,75],[0,60],[-46,55],[-38,102],[1,29],[-89,-9],[-35,28],[-22,-63],[-51,-24],[-39,88],[-35,18],[-19,63],[-10,-10],[-28,66],[-3,43],[21,87],[-10,48],[8,47],[38,29],[7,47],[96,-22],[-13,26],[-33,-3],[-57,48],[45,161],[-39,-36],[-32,-99],[-16,0],[-3,-34],[-67,-144],[12,84],[-4,16],[-15,-58],[3,68],[-12,31],[-20,11],[15,-40],[2,-110],[-14,-19],[-29,59],[15,-75],[-37,-34],[-16,-55],[-39,-55],[-16,-136],[13,-38],[-3,-55],[-23,-76],[-21,14],[-132,222],[-60,127],[20,-9],[-7,28],[-28,32],[-13,42],[-20,0],[-48,102],[-22,17],[16,46],[-28,-16],[-39,88],[8,29],[-2,136],[19,93],[42,13],[58,-169],[38,-34],[20,-60],[-15,68],[-37,52],[-35,96],[-13,72],[42,43],[94,-50],[76,66],[-8,20],[-12,-5],[-36,-58],[-110,52],[-139,-100],[-24,42],[-49,24],[-6,28],[46,32],[-21,29],[-4,148],[-11,-60],[-36,-30],[-51,18],[-12,31],[8,87],[40,21],[-26,51],[2,81],[22,-3],[2,15],[-24,68],[32,-25],[146,-340],[22,-21],[22,3],[-26,14],[-33,72],[10,107],[30,19],[8,26],[-6,10],[-32,-27],[-18,-93],[-52,83],[-75,211],[16,36],[49,22],[70,-46],[34,-67],[50,-13],[12,14],[-52,12],[-40,78],[-59,43],[23,119],[25,24],[23,60],[-58,-60],[71,160],[31,-21],[-15,-45],[51,43],[26,49],[26,-24],[60,17],[8,25],[-24,-19],[-147,14],[-6,21],[21,97],[45,94],[22,101],[29,34],[53,190],[45,-4],[32,33],[-1,24],[-31,-35],[-43,8],[-28,-59],[-9,8],[-36,219],[-7,33],[-9,-7],[22,-172],[-28,-132],[6,-7],[0,24],[16,17],[-9,-25],[11,-29],[-16,-26],[-1,-56],[-26,-52],[-16,-98],[-39,-86],[-29,-110],[-12,-16],[-20,11],[-20,98],[42,133],[61,124],[-22,56],[-14,156],[-32,108],[6,163],[-24,64],[7,53],[73,174],[-16,16],[-11,-32],[0,117],[-25,101],[-21,26],[-44,-19],[-91,39],[-32,127],[-81,46],[-54,103],[-37,33],[-123,44],[-216,230],[-124,-1],[-3,88],[-26,89],[7,70],[-111,81],[36,209],[-145,64],[51,144],[-61,183],[-90,190],[-171,470],[-74,157],[-42,172],[-118,227],[-7,51],[18,39],[-33,72],[-77,104],[-96,212],[-183,154],[-45,75],[-6,73],[-33,15],[6,76],[-30,75],[-75,58],[-38,112],[-125,56],[-27,68],[11,57],[-49,45],[34,72],[3,102],[-33,58],[-33,21],[-48,92],[-96,113],[-215,-152],[-157,-55],[-44,-36],[44,-45],[6,-35],[-35,-85],[-22,-12],[-48,15],[1,-214],[-48,-143],[-21,-22],[-107,-8],[-207,-198],[-66,-98],[-30,-10],[-10,19],[11,95],[-60,305],[-463,635],[-50,178],[-167,126]],[[6144,12158],[22,-81],[-29,-47],[-35,60],[-9,-11],[-20,14],[-36,149],[3,83],[61,81],[16,-51],[-3,-37],[29,-69],[1,-91]],[[6041,12580],[-32,-12],[-20,12],[8,51],[17,13],[-13,47],[21,76],[33,47],[65,11],[8,-93],[-39,-178],[12,-59],[-11,-39],[-48,-20],[9,66],[-10,78]],[[4699,12885],[21,-21],[-7,-33],[-37,-8],[-9,28],[-3,-28],[37,-59],[-25,18],[17,-59],[-17,-8],[10,-34],[-42,69],[12,36],[-12,13],[-7,69],[9,69],[20,-3],[1,-25],[32,-24]],[[6131,12952],[17,-9],[15,16],[-29,-101],[-35,2],[-18,-19],[-16,16],[-17,77],[22,-8],[19,26],[42,0]],[[5989,12774],[-20,127],[26,77],[35,14],[7,-6],[-8,-148],[-21,-64],[-19,0]],[[5999,13010],[-24,-35],[-12,-66],[-12,21],[4,-71],[-9,-14],[-21,23],[13,58],[-18,13],[-22,-40],[-6,10],[12,28],[-44,5],[36,99],[79,-1],[24,-30]],[[6060,13044],[-36,18],[56,60],[44,-9],[21,-140],[-73,-1],[-7,42],[25,19],[6,24],[-36,-13]],[[6462,13273],[2,-74],[14,-19],[-15,-47],[-65,-79],[-17,8],[-33,-55],[-44,-30],[-8,-37],[-22,-22],[-24,-87],[-12,-98],[-80,-43],[-5,59],[10,101],[16,43],[-3,38],[47,125],[37,6],[75,71],[37,92],[76,60],[14,-12]],[[5815,13307],[-2,-152],[-26,-77],[-23,67],[-17,157],[11,31],[32,16],[-7,-25],[16,17],[16,-34]],[[5841,13502],[6,65],[37,-217],[-6,-56],[-15,-11],[-85,104],[-10,-37],[-18,2],[-28,39],[7,31],[32,-39],[16,8],[-10,26],[6,8],[-14,13],[3,44],[79,20]],[[4432,13645],[-43,-7],[-8,-18],[14,8],[8,-25],[34,8],[20,37],[20,5],[11,-39],[-3,-71],[-27,-16],[-39,42],[0,-33],[18,-30],[-22,-24],[-47,155],[29,20],[35,-12]],[[5960,13277],[-32,-63],[-41,6],[32,104],[-13,25],[-12,177],[12,104],[-10,32],[26,68],[9,-1],[9,-96],[16,-37],[2,-123],[15,-111],[-13,-85]],[[5669,13505],[-1,-142],[-23,-56],[-15,94],[-14,-15],[-16,48],[-20,12],[0,56],[-16,-8],[-14,26],[-21,67],[16,0],[-38,58],[-8,43],[11,33],[-3,44],[9,4],[72,-104],[81,-160]],[[5960,13645],[-6,63],[41,11],[21,53],[8,-8],[-17,-145],[-30,-128],[-17,154]],[[5856,13645],[14,178],[13,-22],[9,-80],[-3,-16],[-9,8],[1,-94],[-15,-65],[-10,91]],[[5375,13983],[12,-45],[-29,21],[-13,-29],[-16,79],[39,-3],[7,-23]],[[5371,14051],[23,-26],[-13,-33],[-13,33],[-14,-9],[-41,44],[58,-9]],[[5329,14144],[31,-74],[-34,-3],[-39,77],[42,0]],[[5493,14025],[7,-66],[-22,-12],[-34,51],[-33,121],[-17,-14],[6,22],[-23,31],[8,51],[35,3],[73,-187]],[[4644,12959],[-16,51],[3,-44],[-16,-65],[-12,17],[-7,76],[-29,50],[19,-129],[-20,-4],[-31,126],[-5,-42],[-11,3],[-65,157],[-19,0],[10,34],[-18,-4],[-5,42],[5,18],[34,-14],[-4,20],[-27,30],[-16,-12],[-26,68],[-48,42],[-57,79],[-22,90],[-38,39],[-36,66],[20,38],[35,-46],[-22,59],[6,9],[38,-68],[-7,56],[-37,37],[-33,68],[12,-67],[-34,-60],[-50,97],[8,38],[-31,23],[-18,37],[-7,36],[12,15],[33,3],[31,-36],[6,16],[-16,33],[29,-42],[-10,42],[22,42],[-31,-4],[-24,35],[-54,2],[4,18],[-71,-14],[-9,27],[5,21],[-25,36],[9,13],[-16,44],[91,-16],[36,35],[23,-11],[85,11],[58,83],[68,34],[15,-70],[-9,-41],[30,-16],[18,-43],[19,-9],[22,-85],[-17,-9],[-18,25],[-75,27],[-82,-16],[29,-30],[9,-64],[11,43],[29,34],[99,-64],[15,-27],[-15,-44],[6,-17],[-38,-62],[-49,-2],[-37,68],[-21,13],[-12,-9],[25,-25],[-41,-43],[39,20],[12,-12],[10,-22],[-12,-45],[10,4],[13,-38],[79,4],[3,-13],[-55,-15],[-12,-26],[-26,7],[22,-16],[-16,-51],[27,4],[25,-20],[17,-58],[3,-28],[-11,-8],[42,-63],[-19,-38],[32,-34],[17,26],[8,-29],[33,-6],[-7,-28],[33,-39],[-16,-76],[24,-3],[-5,-39],[26,8],[3,76],[46,26],[0,-34],[-26,-53],[-1,-23],[26,16],[-2,-19],[-34,-31],[-7,30],[-9,-13],[20,-77],[8,15],[27,-39],[13,-1],[-19,52],[14,-9],[20,27],[19,-2],[27,-51],[-6,-24],[-39,-26],[48,-18],[26,19],[7,-10],[-13,-69],[-36,0]],[[5728,13612],[-24,-52],[-34,17],[-61,85],[10,26],[-19,20],[-16,51],[-2,72],[46,-23],[-25,41],[39,51],[19,80],[51,45],[-83,136],[11,-61],[13,10],[47,-85],[-36,-16],[-34,-94],[-41,-53],[-12,35],[-16,-2],[-11,24],[-5,68],[17,86],[15,9],[3,-14],[19,50],[7,148],[-11,74],[11,21],[75,-18],[94,-146],[33,-14],[45,-177],[7,-158],[-38,-279],[13,-8],[-8,-56],[-76,-13],[9,65],[-3,133],[44,188],[-7,67],[-3,-77],[-6,-11],[-31,17],[10,-73],[-14,-24],[-10,-129],[9,-75],[-10,1],[-11,38]],[[5498,14114],[-17,30],[-1,86],[39,100],[-12,60],[16,3],[32,-38],[18,-225],[-13,-26],[-47,7],[-7,-16],[-8,19]],[[5677,14483],[-7,-97],[-40,15],[-49,-24],[-14,53],[38,110],[8,69],[25,43],[9,-78],[30,-91]],[[5287,14272],[3,-55],[-15,-39],[-23,34],[-19,-34],[-38,12],[-33,97],[-31,26],[-8,66],[-29,18],[-5,32],[-15,2],[-12,26],[-48,18],[-42,121],[36,22],[-13,14],[-39,-13],[-37,44],[6,96],[33,6],[86,-67],[135,-152],[43,-73],[65,-201]],[[5558,14457],[3,298],[57,80],[92,30],[9,-10],[-21,-50],[-7,-113],[-46,11],[-53,-94],[1,-72],[-35,-80]],[[4976,14829],[54,84],[-2,57],[16,-4],[18,-27],[-5,-44],[8,-28],[43,-27],[-1,-79],[17,-76],[-113,66],[-35,78]],[[5048,15082],[34,26],[164,-219],[73,-176],[75,-129],[-16,-8],[-31,21],[-11,-22],[76,-16],[66,-133],[4,-120],[-15,-22],[-22,107],[-10,4],[-14,-50],[-26,20],[14,-107],[-39,-11],[-44,116],[10,9],[-16,16],[6,18],[-25,-8],[-23,33],[-1,26],[-20,0],[-11,33],[5,73],[-26,-6],[-10,14],[12,72],[-8,31],[-18,2],[19,27],[-26,7],[14,25],[-12,12],[-22,-44],[-22,-4],[-12,32],[11,29],[26,15],[50,-5],[-35,31],[-61,-33],[-7,10],[-4,77],[-48,27],[-6,108],[-36,25],[18,67]],[[4957,15193],[-20,-102],[-26,14],[-35,68],[-14,-20],[-5,22],[-8,-8],[-11,-50],[37,-79],[-14,-23],[-30,24],[-4,78],[23,85],[13,0],[60,98],[40,15],[6,24],[39,-36],[50,-120],[-5,-45],[-28,-43],[-23,-80],[-26,0],[-8,42],[-26,-34],[-6,41],[38,93],[37,18],[-8,39],[-46,-21]],[[3956,14237],[13,34],[-74,33],[45,68],[33,-6],[2,19],[-14,12],[-89,-25],[26,76],[86,-20],[49,-81],[7,42],[-46,59],[-15,48],[-62,28],[-4,63],[-17,-49],[-24,12],[14,36],[-4,32],[-11,-26],[-48,-35],[-4,26],[21,43],[-48,0],[16,42],[-6,14],[-33,-14],[-6,41],[42,-1],[4,38],[-56,83],[38,4],[-25,34],[0,64],[-21,-18],[-39,39],[22,38],[-37,98],[20,71],[0,59],[13,0],[16,51],[-22,75],[21,74],[-15,3],[9,20],[103,-68],[75,22],[47,-34],[4,-92],[-51,-93],[6,-34],[19,37],[25,14],[11,72],[41,29],[24,44],[57,11],[22,-46],[4,-50],[32,-27],[3,-92],[18,-77],[-13,-38],[-24,-12],[-21,-67],[-63,-18],[-28,-44],[-43,-28],[-62,-16],[-4,-17],[32,-8],[-4,-48],[26,43],[25,-26],[68,33],[-50,-69],[-11,-49],[35,45],[56,12],[9,20],[-27,11],[4,30],[55,-21],[20,55],[-16,91],[54,146],[-17,47],[-7,100],[-25,40],[64,-26],[61,22],[97,96],[23,60],[-15,-216],[-81,-237],[-9,-126],[-23,-97],[5,-68],[-9,-52],[16,-202],[-26,-93],[-21,-36],[-74,-9],[-28,-19],[-5,-29],[-20,9],[16,-22],[55,5],[-32,-51],[-28,2],[-28,46],[-5,-41],[-55,-24],[-13,8],[5,40],[-21,-21],[-16,15],[10,17],[-29,17]],[[5059,15361],[-19,43],[8,46],[12,8],[34,-68],[-35,-29]],[[4860,15361],[-21,-4],[-43,58],[-7,14],[13,50],[45,-52],[15,-33],[-2,-33]],[[5001,15545],[-6,-31],[-13,15],[-35,61],[8,29],[14,6],[32,-80]],[[5001,15545],[9,65],[27,15],[11,-26],[-6,-40],[-15,-31],[-26,17]],[[4810,15662],[2,39],[26,25],[4,-58],[-32,-6]],[[4818,15962],[-16,-68],[-87,-118],[15,207],[36,10],[21,-23],[24,27],[7,-35]],[[4889,16131],[-11,28],[49,49],[23,-1],[13,-42],[-13,-71],[-23,12],[-11,-20],[-27,45]],[[5069,16216],[0,-60],[-15,-39],[-65,-40],[80,139]],[[4964,16190],[-14,51],[131,247],[14,-50],[-2,-53],[-53,-144],[-61,-76],[-15,25]],[[8318,8568],[0,-27],[-23,71],[23,-44]],[[8280,8767],[-18,-25],[-24,17],[14,-47],[-15,-18],[-33,24],[-9,45],[8,37],[-18,39],[11,37],[-18,44],[-5,66],[78,-135],[-27,25],[-4,-21],[60,-88]],[[8146,9087],[-21,60],[1,34],[70,-165],[35,-47],[65,-43],[8,-41],[-24,-10],[-12,13],[-64,86],[-58,113]],[[8114,9244],[12,-29],[-38,-5],[-31,22],[-12,49],[17,13],[52,-50]],[[7068,9293],[6,-19],[-12,-40],[-23,8],[-6,65],[35,-14]],[[7005,9434],[17,-59],[-10,-14],[-72,27],[-8,30],[4,95],[47,22],[21,-41],[1,-60]],[[8298,9506],[-21,-44],[-24,3],[4,51],[43,48],[-2,-58]],[[7875,9662],[28,-44],[-7,-21],[-62,20],[-20,21],[-8,34],[11,18],[58,-28]],[[8241,9595],[0,78],[42,40],[18,-97],[-24,-29],[4,19],[-11,16],[-29,-27]],[[7698,9701],[7,-12],[-15,2],[-18,-35],[-19,33],[10,34],[35,-22]],[[7651,9659],[8,-18],[-26,7],[-37,64],[-1,78],[56,-131]],[[7932,9882],[-12,-26],[-13,4],[-20,56],[34,60],[14,-9],[6,29],[33,13],[-25,-49],[-17,-78]],[[7672,9967],[3,68],[12,0],[33,-59],[100,-62],[37,-108],[45,-77],[24,-67],[-19,-4],[-101,131],[-28,12],[-16,74],[-67,55],[-23,37]],[[6735,10018],[20,-194],[-10,-44],[-19,-4],[-60,44],[-79,134],[6,28],[14,-24],[11,32],[25,18],[-20,1],[-42,42],[8,23],[95,62],[21,-42],[15,9],[15,-85]],[[6462,10306],[3,-20],[-18,-34],[-21,27],[15,46],[21,-19]],[[7501,10457],[23,55],[-10,56],[33,-79],[18,-124],[-34,-25],[-11,-43],[-11,19],[2,53],[-25,53],[15,35]],[[7421,10330],[-13,35],[6,7],[-54,98],[-7,132],[25,37],[20,-5],[38,-100],[-9,-77],[-20,-28],[23,-47],[8,-111],[-17,59]],[[7565,10517],[-16,9],[-19,61],[23,67],[48,-37],[0,-76],[29,-54],[-37,-63],[-18,61],[19,23],[-5,16],[-24,-7]],[[7607,10562],[7,60],[29,33],[30,-51],[5,-48],[-6,-41],[-29,-34],[-8,50],[17,87],[-8,23],[-16,-91],[-21,12]],[[7356,10652],[-21,-7],[-11,44],[5,22],[38,0],[-1,59],[13,49],[42,-57],[13,0],[57,-212],[-3,-30],[-13,13],[-11,-74],[-13,-22],[-9,8],[8,121],[-14,19],[-22,92],[-15,-10],[-15,16],[-28,-31]],[[7278,10790],[-62,-38],[-51,-7],[-19,25],[111,57],[19,-16],[2,-21]],[[7341,10849],[19,-34],[-30,-82],[-26,-17],[-46,30],[32,63],[51,40]],[[7162,10800],[-35,-16],[-58,20],[-8,16],[75,46],[29,-48],[-3,-18]],[[6792,11000],[9,-10],[-5,-13],[-40,-16],[-17,8],[-9,38],[62,-7]],[[6887,11024],[22,0],[29,-42],[-4,-15],[-33,-28],[-67,-19],[-83,19],[121,60],[15,25]],[[6855,11057],[19,-14],[-29,-37],[-35,-12],[-28,30],[41,31],[32,2]],[[6641,11076],[10,-29],[-146,22],[20,39],[100,-7],[16,-25]],[[6755,11109],[13,9],[18,66],[20,9],[38,67],[65,42],[21,-15],[31,-81],[-31,-41],[-10,-65],[-11,-13],[-68,18],[-17,-30],[-24,16],[-39,-3],[-6,21]],[[6677,11235],[-34,14],[-23,54],[37,8],[15,-35],[11,35],[41,-2],[20,19],[37,-59],[-20,8],[-64,-42],[-13,17],[-7,-17]],[[8302,8424],[19,-59],[-10,-42],[-26,-17],[-37,54],[-35,-79],[-18,-83],[-21,-4],[-1,22],[-27,-16],[-37,45],[-74,19],[-257,196],[17,49],[-21,4],[-18,-35],[-85,41],[-71,91],[-130,103],[-43,87],[50,93],[32,19],[-1,45],[14,34],[30,20],[34,60],[32,162],[-14,117],[-10,-26],[1,-130],[-38,-140],[-83,-34],[-29,24],[-44,-53],[-45,20],[36,60],[-34,26],[-16,-67],[-48,-86],[-65,55],[-60,112],[-48,20],[-16,26],[5,24],[21,16],[23,-24],[35,37],[37,90],[2,24],[-64,-96],[2,148],[-17,-25],[-11,7],[12,144],[-32,-127],[-27,9],[-26,-51],[-18,12],[-16,39],[37,57],[24,126],[-6,20],[-32,-120],[-16,-24],[-21,29],[-8,47],[10,76],[-62,-51],[-19,11],[-13,46],[-16,-108],[-55,73],[7,11],[-19,52],[-26,-42],[11,-41],[-11,-27],[-19,-6],[-21,44],[7,139],[-9,26],[13,59],[45,50],[55,-7],[70,33],[23,-9],[23,13],[-9,28],[-41,-3],[-61,-40],[-60,32],[-16,25],[36,103],[-27,17],[-12,-90],[-37,-15],[-16,31],[-20,205],[-36,-20],[-27,75],[-28,38],[19,-56],[-18,-49],[-24,3],[-13,102],[-8,-132],[-96,0],[-45,117],[25,64],[9,71],[35,49],[-3,50],[-10,-42],[-34,-26],[-45,68],[1,-109],[-37,-37],[-20,10],[-29,60],[-1,23],[23,27],[-32,0],[29,60],[-17,10],[-42,-70],[-29,-14],[-10,33],[11,49],[-18,-9],[-69,-117],[-14,25],[-33,13],[0,36],[70,124],[-3,20],[-23,-8],[-22,35],[22,25],[-3,25],[-15,-4],[-17,29],[-19,-25],[-23,25],[-5,18],[24,84],[1,46],[28,-3],[3,17],[16,-9],[38,25],[72,-1],[54,-126],[13,-8],[-28,109],[-24,34],[-2,34],[29,57],[36,18],[2,27],[-59,-41],[-32,41],[-97,10],[-27,23],[37,-50],[77,-12],[20,-45],[-115,-66],[-4,20],[-9,-2],[-40,-34],[-22,-4],[-25,27],[-6,-20],[10,-24],[-9,-9],[-74,96],[-14,82],[-33,16],[-9,46],[28,27],[-29,-5],[-16,21],[-20,111],[32,41],[21,-4],[55,53],[16,-11],[36,42],[91,-4],[171,-107],[21,-100],[21,65],[11,-5],[-8,-23],[34,-62],[71,-71],[34,-1],[18,-32],[47,-8],[5,-31],[56,-5],[-3,-35],[16,22],[30,-5],[63,-46],[17,-33],[12,-1],[7,27],[45,-33],[45,15],[43,-25],[37,4],[111,-92],[56,-10],[45,-38],[71,18],[53,-39],[25,-55],[35,-186],[-9,-6],[51,-92],[38,-172],[139,-247],[3,-58],[-45,9],[-2,-21],[27,-46],[58,-195],[34,-10],[84,-108],[87,-25],[71,-60],[23,3],[23,-38],[-25,-10],[-1,-21],[20,7],[79,-39],[4,-25],[-9,-7],[16,-73],[48,-17],[34,-108],[-4,-68],[-24,31],[-9,-15],[120,-221],[-11,-29],[16,-4],[-2,-59],[-21,20],[-16,-12],[43,-51],[16,-42],[-7,-51],[13,-51],[-10,-68],[29,43],[-3,76],[20,17],[-17,43],[26,7],[45,-240]],[[6178,11418],[3,-24],[-17,-16],[-50,33],[31,28],[33,-21]],[[6319,11624],[9,-7],[-7,-39],[-23,-1],[-10,29],[31,18]],[[4377,13786],[13,-14],[-42,-24],[-30,5],[-14,32],[37,20],[11,-4],[-4,-17],[29,2]],[[4120,13975],[13,-13],[-6,-12],[-41,-10],[-38,46],[72,-11]],[[3768,15519],[1,-61],[-11,-8],[-9,30],[-29,21],[10,30],[38,-12]],[[8318,8815],[17,-28],[0,-30],[30,-12],[0,-25],[-33,4],[-23,31],[-7,60],[16,0]],[[8411,8759],[-32,-6],[-13,14],[-18,72],[39,-38],[41,-7],[5,-14],[-22,-21]],[[7110,9339],[30,-13],[5,-22],[-7,-81],[-19,-12],[-18,15],[-20,63],[10,35],[19,15]],[[5806,11272],[16,19],[15,-30],[-20,-16],[-11,27]],[[5776,11312],[22,-35],[-23,-1],[1,36]],[[6209,11392],[31,14],[12,-15],[15,-78],[-84,51],[26,28]],[[5900,12724],[10,28],[-13,-130],[-5,23],[-11,-13],[-7,24],[3,34],[23,34]],[[5433,13590],[15,-4],[-1,-41],[-15,-11],[1,56]],[[5470,13812],[20,-29],[-8,-49],[-18,18],[6,60]],[[4889,14593],[2,-37],[-23,40],[21,-3]],[[4881,14965],[-4,32],[22,17],[28,-13],[43,-53],[-9,-33],[-28,10],[-7,35],[-19,-11],[-26,16]],[[4783,15815],[13,9],[28,-90],[-26,-10],[-18,10],[-2,22],[-20,-4],[25,63]],[[4651,15990],[20,-3],[3,-24],[-19,-29],[-4,56]],[[18610,9037],[-64,1810],[-66,1851],[-65,1850],[-66,1851],[-38,1057],[0,1800],[0,1401],[0,1962]],[[18311,22619],[845,0],[845,0],[845,0],[844,0]],[[21690,22619],[8,-11],[-16,-54],[10,-5],[12,-190],[-21,-186],[28,-89],[-16,-51],[33,-101],[-7,-118],[37,13],[-53,-75],[-10,-252],[-23,-15],[-59,6],[-15,-41],[92,12],[-2,-55],[40,-17],[19,-67],[-30,-144],[45,64],[20,-5],[58,-75],[22,-119],[35,-6],[33,31],[13,59],[29,18],[-16,-89],[14,-63],[-26,-42],[-21,-92],[10,-171],[-22,-68],[-13,-195],[61,220],[-7,234],[48,180],[-16,52],[139,-27],[77,43],[76,-36],[28,13],[15,-69],[26,-15],[39,67],[54,9],[26,-28],[15,-285],[87,-358],[36,-63],[-2,-32],[27,-87],[24,-259],[-13,-32],[25,-17],[81,-296],[0,-51],[24,-29],[24,-89],[16,-117],[-16,-162],[-66,-216],[-50,-114],[-84,-51],[11,-8],[86,42],[87,119],[122,43],[4,-24],[-24,-20],[-31,-67],[-40,-22],[-21,-37],[62,30],[54,76],[122,48],[92,67],[345,185],[84,-4],[77,-38],[48,0],[33,-35],[50,-18],[14,-40],[144,-116],[52,-70],[42,-8],[22,-27],[161,-66],[42,7],[96,-68],[38,-4],[34,-34],[42,14]],[[24440,18736],[-650,-1063],[-492,-834],[-1052,-1936],[-720,-1142],[0,-2010],[-3,-2249]],[[21523,9502],[0,-442],[-8,-23],[-722,0],[-723,0],[-722,0],[-738,0]],[[33774,6937],[141,88],[85,74],[82,141],[14,63],[0,420],[124,0],[0,86],[235,0],[4,-74],[89,-70],[24,-52],[21,71],[62,-14],[64,54],[42,-42],[9,9],[2,81],[21,30],[24,6]],[[34817,7808],[52,-13],[162,109],[15,-7],[5,-59],[39,-19],[11,-26],[10,10],[115,-85],[72,-21],[36,-72],[24,-153],[29,-67],[-19,-17],[16,-42],[21,58],[53,17],[53,97],[73,71],[86,37],[22,-9],[-44,-77],[116,44],[19,-27],[-2,-27],[-33,-24],[35,-16],[10,-38],[2,54],[11,15],[26,-28],[6,-12],[-42,-56],[-26,-11],[6,-43],[-7,-26],[-36,-74],[-8,-52],[16,0],[-26,-85],[29,43],[-19,-161],[0,59],[-24,-72],[0,-62],[-39,-24],[-38,-89],[-115,-142],[58,-7],[20,16],[-2,-59],[82,59],[22,-43],[36,40],[51,-13],[-12,-23],[9,-96],[-42,-85],[-4,-71],[18,-94],[35,-72],[-23,-10],[-7,-50],[11,29],[38,-36],[1,36],[20,-34],[-5,-143],[18,-68],[-15,-25],[10,-21],[16,0],[20,-55],[-7,-80],[-36,-33],[22,-8],[39,22],[7,37],[17,-58],[-19,-52],[2,-69],[21,19],[51,-1],[12,-18],[60,13],[32,-30],[15,-54],[19,25],[14,-34],[21,30],[30,0],[75,-53],[20,-31],[-42,-34],[-16,-34],[-84,0],[-9,-34],[23,-50]],[[36131,5334],[-4,-19],[-50,-16],[-54,-158]],[[36023,5141],[-22,52],[-19,9],[10,-30],[-37,-86],[-21,-22],[-8,-56],[-31,5],[18,42],[8,63],[-19,37],[0,68],[-8,-23],[-11,3],[-50,130],[-12,88],[-29,31],[26,-47],[3,-62],[32,-67],[30,-104],[-6,-43],[-43,-92],[16,-33],[-22,0],[-39,-136],[-21,29],[-41,-12],[-42,-85],[-90,-60],[-61,-63],[-96,-117],[-12,-43],[-71,-55],[-26,-50],[-19,25],[-45,-63],[-19,-1],[-31,21],[-21,68],[-45,34],[63,106],[-4,81],[-23,-51],[-17,-85],[-13,9],[-35,-34],[20,-55],[39,-18],[5,-21],[-26,-26],[-40,-95],[-23,56],[-28,0],[-8,-19],[37,-5],[-5,-29],[-39,-22],[-8,-34],[-38,-45],[-10,-3],[0,46],[-14,50],[-95,-100],[-15,23],[-10,-35],[-20,-7],[4,46],[-9,14],[-2,-18],[-40,-40],[-10,66],[29,17],[-31,33],[-13,43],[-20,-38],[-17,12],[-11,-63],[2,-52],[-21,27],[-21,70],[-5,62],[-10,-7],[-13,43],[6,-68],[-37,33],[-30,-63],[-17,15],[-54,124],[20,149],[-30,131],[31,49],[-2,80],[-9,16],[-74,11],[-39,42],[-18,47],[-16,-15],[-21,41],[-2,66],[18,76],[-12,58],[19,55],[-12,50],[-14,1384],[-61,102],[-23,72],[-119,170],[-48,-3],[-17,-70],[-24,-13],[-39,17],[-59,-74],[-55,-10],[-60,-57],[-71,72],[-11,52]],[[34790,3974],[-15,-25],[6,-40],[-26,29],[19,100],[14,17],[2,-81]],[[34760,4062],[-10,-43],[-15,65],[29,60],[7,-19],[-11,-63]],[[34808,3773],[17,75],[16,14],[23,-21],[3,-28],[-12,-6],[33,-166],[-8,-8],[-16,49],[-19,10],[-26,-13],[-18,-55],[-14,0],[21,149]],[[35915,7676],[12,67],[-19,-142],[-61,-120],[-23,34],[23,38],[-3,14],[-16,-10],[10,34],[-14,0],[3,36],[15,31],[43,9],[-6,-25],[28,14],[8,20]],[[35895,7777],[17,76],[12,-16],[6,-70],[-17,-44],[-39,-30],[21,84]],[[35902,22994],[32,-16],[39,-57],[-21,-3],[-33,37],[-66,25],[-58,-67],[14,-5],[53,47],[28,-4],[44,-38],[-48,-77],[29,3],[41,55],[10,-7],[-16,-26],[23,-33],[-55,-68],[16,-34],[-79,-19],[-85,-78],[-5,-28],[111,92],[64,7],[34,79],[1,-60],[-12,7],[-6,-20],[19,-38],[-9,-32],[-69,-4],[58,-32],[7,-54],[-55,-48],[70,31],[3,38],[27,48],[38,0],[-37,16],[-11,62],[68,-35],[16,-59],[-59,-25],[-12,-25],[33,-2],[22,-33],[-36,-50],[28,2],[22,44],[12,-6],[-31,-159],[-31,12],[-3,-29],[55,-101],[87,15],[9,-6],[-12,-34],[22,-9],[-51,-13],[-42,-156],[38,54],[15,77],[67,-16],[-6,-34],[-31,-21],[-17,-75],[50,83],[50,-31],[18,-35],[-31,-120],[-96,-5],[-29,-39],[120,-15],[26,17],[-7,-25],[26,0],[-31,-129],[-24,-24],[45,26],[37,127],[56,-25],[4,-31],[-10,-80],[-45,-42],[6,-9],[40,4],[36,73],[23,15],[17,-15],[-32,-43],[-7,-63],[37,33],[12,-27],[-39,-96],[-37,-15],[-28,-41],[-78,-27],[-106,32],[-31,-75],[33,23],[11,28],[24,0],[-10,-40],[16,-80],[10,2],[-5,86],[28,15],[32,-34],[38,25],[59,-3],[36,43],[18,-7],[16,45],[16,3],[32,-13],[-3,-25],[75,-13],[-14,-40],[-84,3],[56,-34],[-40,-77],[58,51],[7,-25],[-29,-26],[32,-25],[-35,-51],[-42,-25],[61,-2],[13,27],[-5,-65],[11,-3],[30,85],[36,3],[12,-20],[-30,-25],[59,-47],[6,-88],[-61,-51],[46,-9],[35,16],[13,-38],[-43,-109],[-67,-46],[-42,-67],[-65,7],[-29,-16],[-35,33],[-13,-42],[-25,-16],[70,16],[16,-34],[-118,-194],[80,76],[74,127],[56,10],[28,-27],[-36,-110],[46,104],[25,-28],[34,48],[54,4],[12,33],[5,-48],[20,46],[78,10],[9,-33],[-45,-77],[17,-55],[-2,-76],[-46,-44],[-63,-6],[-25,-67],[10,-14],[31,67],[58,-5],[14,23],[32,-21],[8,-24],[-25,-60],[-208,-39],[32,-17],[-11,-28],[-78,-62],[1,-14],[30,11],[-16,-47],[-81,-54],[104,26],[13,65],[56,48],[22,45],[44,18],[-4,-30],[32,14],[11,-12],[16,24],[30,-25],[33,51],[13,-45],[20,58],[22,7],[6,-17],[-37,-80],[6,-55],[24,61],[42,6],[2,-21],[-27,-12],[20,-17],[-2,-25],[22,24],[8,-9],[10,-41],[-38,-41],[-70,10],[-65,-87],[53,42],[35,9],[31,-16],[0,-115],[13,16],[7,82],[18,42],[7,-47],[-10,-38],[10,-8],[22,59],[32,-59],[7,42],[25,44],[28,-39],[8,-59],[-36,-81],[11,-44],[52,-20],[27,-89],[-9,-26],[35,-20],[4,-42],[-6,-20],[-84,-49],[-6,-51],[-84,-3],[-37,-99],[-92,65],[5,-18],[73,-83],[30,0],[73,50],[60,-16],[61,-51],[45,-59],[-58,0],[27,-30],[-4,-81],[-31,-25],[-37,0],[6,-17],[60,-41],[9,-49],[37,32],[1,-51],[63,96],[14,-3],[-36,-89],[105,-3],[50,-60],[-6,-64],[16,-123],[-23,42],[-51,-13],[-34,-80],[-32,-38],[-10,-92],[-21,6],[-47,-31],[-40,21],[-5,-15],[9,-112],[10,48],[22,19],[58,-34],[-18,-32],[-41,7],[14,-35],[9,9],[47,-40],[4,-34],[-12,-10],[-101,29],[-12,13],[11,30],[-37,-17],[-244,148],[108,53],[21,-12],[87,10],[-21,19],[-118,6],[-29,-17],[-43,27],[-24,-18],[-20,-52],[229,-181],[87,-30],[-12,-13],[-143,5],[114,-40],[62,7],[47,-36],[27,14],[27,-54],[-7,-35],[-41,-22],[-132,28],[-23,-31],[55,5],[10,-27],[-29,-15],[-65,3],[31,-32],[50,-10],[10,26],[24,-35],[42,-13],[11,-12],[-26,-9],[7,-12],[35,-47],[19,8],[-13,-16],[11,-10],[38,2],[16,-23],[0,-29],[-77,36],[-23,-10],[74,-42],[-64,-17],[-16,17],[30,2],[-5,22],[-88,-4],[-25,27],[-28,-13],[5,-16],[30,-35],[-3,-20],[35,-29],[25,21],[22,-15],[34,9],[-7,-25],[84,18],[24,-29],[95,27],[5,-54],[-27,-11],[-8,-46],[28,19],[5,-45],[-55,-65],[26,-10],[38,21],[40,-29],[-43,-8],[26,-16],[-93,7],[-16,-24],[56,-17],[-5,-25],[-32,32],[28,-53],[65,12],[29,-26],[12,34],[18,-4],[31,-55],[-3,-43],[-44,7],[-10,-24],[45,-38],[71,27],[94,-25],[8,-31],[-15,-54],[-27,-31],[-70,-8],[11,-24],[39,15],[53,-7],[44,109],[25,-7],[-12,-45],[7,-83],[10,-9],[-31,-39],[12,-45],[-24,-93],[38,78],[44,217],[8,8],[31,-41],[12,16],[13,-25],[17,15],[2,-27],[-26,-46],[5,-46],[-55,-31],[-15,-54],[-3,-31],[28,48],[17,5],[17,-27],[2,-34],[-28,-101],[53,98],[10,-8],[-6,-45],[14,-11],[-4,-27],[-15,9],[-20,-51],[-32,-33],[5,-57],[-18,-61],[19,20],[11,73],[42,83],[12,-7],[-29,-67],[16,25],[12,-23],[10,5],[-3,47],[17,32],[25,-19],[-6,-60],[9,-17],[-35,-7],[-44,-38],[-24,-98],[11,-7],[-6,-16],[-12,-12],[-18,18],[-17,-33],[-16,-81],[-35,-46],[56,72],[16,12],[12,-19],[17,47],[20,1],[-53,-87],[-23,-86],[-74,-84],[-6,-69],[61,111],[38,34],[9,52],[40,16],[48,93],[19,16],[8,-10],[27,52],[7,-8],[-26,-110],[28,51],[53,50],[-78,-219],[-13,8],[-17,-23],[-21,-78],[93,144],[36,118],[51,8],[-2,25],[33,58],[33,27],[7,-59],[6,-9],[7,20],[7,-23],[1,-27],[-8,5],[-10,-42],[10,-25],[-74,-61],[-39,4],[5,-47],[21,36],[25,1],[0,-35],[31,-8],[30,47],[44,-21],[49,54],[4,45],[16,-24],[0,-67],[26,14],[5,-12],[-44,-103],[-19,-9],[-35,-69],[-10,10],[-35,-43],[1,-38],[-55,-78],[-2,-37],[9,12],[7,-16],[-18,-63],[-42,-42],[12,-16],[61,54],[-1,110],[79,89],[84,140],[16,-5],[0,-34],[68,220],[24,12],[-2,-62],[29,88],[16,-55],[-8,-49],[-115,-185],[2,-33],[26,47],[30,17],[18,67],[21,18],[12,-30],[13,65],[13,-15],[-2,-45],[19,86],[17,17],[15,-53],[15,26],[4,-11],[-42,-163],[27,25],[44,-80],[-57,-76],[25,0],[13,34],[13,2],[10,-30],[-10,-6],[-4,-55],[38,-7],[16,19],[16,-19],[7,-49],[18,58],[28,-50],[64,-7],[-22,-42],[27,17],[31,-8],[8,-41],[17,4],[0,59],[86,3],[20,-68],[64,1],[15,-32],[23,31],[37,3],[39,-80],[24,13],[1,-33],[20,-32],[49,2],[12,25],[32,-1],[35,-49],[-2,-26],[31,-11],[-1,-28],[-37,-11],[26,-38],[-16,-44],[-117,-3],[-22,-16],[135,-18],[-8,-14],[-12,16],[-32,-11],[-1,-36],[-56,-56],[-68,16],[-24,-16],[-15,18],[-144,-43],[-35,-60],[77,27],[-39,-43],[-32,-9],[5,-42],[-108,-28],[-122,-108],[-71,2],[-244,-121],[-55,18],[-30,-17],[-2,-15],[28,-14],[6,-31],[98,21],[159,69],[91,63],[34,-1],[72,86],[41,8],[29,44],[11,-10],[-120,-227],[-37,-15],[-72,22],[-86,-25],[57,-17],[-43,-72],[-96,-33],[-121,-127],[-77,-5],[-96,25],[-17,-25],[31,-12],[-5,-26],[-36,3],[-77,-41],[-32,26],[55,-93],[-37,-10],[-8,-101],[19,-64],[-31,-46],[-6,33],[-89,86],[-23,52],[-54,50],[-88,37],[-52,42],[-27,78],[-9,-5],[8,-44],[-34,-83],[6,-17],[40,16],[93,-29],[92,-72],[78,-103],[44,-26],[38,-48],[17,8],[7,-14],[6,-71],[-21,24],[-24,2],[-100,-97],[-9,-38],[-19,18],[-2,-22],[13,-14],[83,22],[11,-23],[-44,-49],[-68,-34],[56,4],[62,41],[19,-37],[12,10],[6,28],[-23,12],[-2,22],[54,30],[61,127],[11,-18],[1,51],[42,-8],[-36,23],[-9,47],[58,-17],[70,12],[45,27],[67,119],[18,6],[6,37],[22,-27],[24,35],[20,-26],[47,18],[4,42],[21,-8],[7,43],[-20,7],[-9,51],[89,124],[19,62],[85,32],[174,115],[32,-3],[43,42],[156,-33],[-26,38],[-47,-1],[-40,35],[-53,14],[-36,-15],[-38,-47],[-51,61],[28,86],[49,-1],[25,38],[48,-14],[25,15],[51,-35],[27,3],[7,-14],[44,14],[-1,-21],[78,-13],[-6,-25],[32,25],[9,-17],[30,33],[35,-57],[-3,-26],[19,8],[7,-89],[38,-110],[49,-33],[6,-21],[-34,-5],[-2,-42],[36,-64],[32,-25],[-29,0],[14,-25],[-22,-39],[14,-38],[-156,-114],[-28,-29],[-15,-43],[48,43],[-3,-34],[36,11],[28,-27],[-13,-51],[18,-11],[-1,-49],[-32,-76],[20,17],[25,-9],[-5,36],[73,100],[-5,26],[-9,-10],[17,30],[-2,42],[28,19],[2,37],[41,75],[17,10],[28,-19],[34,16],[9,-15],[23,15],[-4,20],[18,3],[56,-46],[-16,33],[10,10],[-4,25],[11,-16],[54,41],[32,-77],[-62,-19],[-29,-41],[-57,10],[61,-51],[78,-35],[39,23],[41,-39],[-42,-8],[9,-9],[38,-7],[32,18],[68,-24],[27,-37],[-17,-57],[-26,52],[-60,18],[-30,-9],[98,-92],[9,-56],[32,-26],[-35,-50],[13,-7],[42,44],[31,-37],[-15,-25],[22,0],[16,-23],[-48,-29],[34,-4],[14,-33],[-26,-39],[25,-17],[18,31],[13,-4],[-23,-62],[-23,11],[15,-38],[23,-13],[-6,-9],[13,-25],[-38,-60],[-55,26],[32,-51],[-14,-50],[-23,-17],[-48,25],[-50,-9],[39,-16],[-26,-43],[7,-18],[33,39],[69,-26],[10,-29],[-13,-8],[36,-37],[-4,-30],[19,-72],[-83,-34],[-10,-22],[35,0],[-23,-22],[-76,48],[-12,2],[2,-17],[56,-61],[5,-42],[38,-50],[80,1],[18,-36],[-20,-25],[13,-9],[-23,-33],[-7,19],[-31,-2],[-27,35],[-73,27],[-13,-20],[50,-5],[18,-29],[-33,-50],[18,-2],[12,-24],[-62,17],[-47,-37],[-38,40],[-95,31],[24,-29],[46,-7],[40,-37],[106,8],[14,-34],[47,-12],[39,17],[-7,-33],[48,-2],[-8,-54],[52,-8],[-3,-96],[-15,-6],[-28,33],[-30,-2],[19,-43],[-7,-15],[-195,134],[38,-59],[43,-9],[39,-56],[57,-20],[-17,-33],[18,6],[24,-33],[28,18],[-40,-69],[41,18],[42,-43],[-58,-10],[-5,16],[-14,-23],[42,-25],[-7,-50],[10,-42],[-13,-26],[-42,-8],[19,-34],[-23,-42],[-36,-19],[-37,18],[32,-63],[-17,-56],[-86,-75],[-54,-95],[-55,-11],[-29,-55],[-19,11],[-11,-46],[-49,-59],[-48,-12],[-12,-85],[-25,-21],[-46,-107],[-17,2],[-14,30],[-20,-94],[-62,-8]],[[39391,12030],[-1,717],[-798,0],[-779,0],[-810,0],[-729,0],[-17,17],[-21,67],[15,4],[55,-44],[14,19],[-34,219],[-33,78],[16,38],[-105,39],[-51,147],[41,105],[56,62],[233,53],[-28,80],[-74,68],[-7,111],[-50,-102],[-183,-72],[-27,-55],[1,-98],[-13,-30],[23,-101],[6,-128],[-43,-148],[30,-166],[-8,-21],[-17,17],[-20,-17],[-9,-93],[17,-72],[-19,-17],[-29,55],[-11,-55],[13,-183],[19,-42],[6,-56],[-30,-89],[-29,-17],[-58,-76],[-23,25],[-52,136],[-39,51],[-40,13],[-29,-17],[-2,-38],[-16,-9],[-35,47],[-23,-13],[-48,30],[0,59],[-18,5],[-26,50],[-19,-16],[-10,-43],[-26,98],[16,63],[-8,43],[-17,0],[-41,140],[-24,-81],[-29,0],[-23,-55],[-9,47],[13,102],[-36,-26],[-44,26],[-37,-34],[-18,17],[-24,-43],[-45,38],[5,98],[-55,64],[-42,106],[-8,-26],[18,-161],[-18,-30],[-34,13],[-50,238],[21,51],[40,-22],[-25,357],[14,25],[29,-72],[11,0],[-21,157],[-32,132],[5,34],[48,-30],[-13,110],[-22,81],[-29,42],[-15,-8],[-3,-43],[-21,-46],[-19,-21],[-36,-5],[-14,-174],[-54,-38],[0,-106],[-11,0],[-14,55],[-13,9],[-7,-85],[-39,93],[-43,47],[-10,123],[-34,-21],[-14,-47],[-65,59],[-21,60],[7,34],[-25,199],[41,64],[27,13],[34,-17],[23,-39],[32,0],[2,-59],[24,9],[16,263],[-23,72],[12,38],[45,38],[-66,123],[-138,64],[-35,85],[-7,72],[-85,110],[39,38],[-5,30],[-34,26],[-10,80],[-61,72],[-29,64],[16,115],[14,34],[18,0],[31,42],[0,51],[-24,93],[-26,47],[-2,102],[55,72],[13,-17],[45,21],[5,132],[108,-136],[16,38],[-13,68],[33,51],[18,4],[32,81],[0,64],[-84,127],[-74,199],[-6,82],[26,31],[49,-28],[-16,-62],[133,-147],[28,-101],[85,-85],[39,-7],[-9,44],[37,7],[17,28],[-58,166],[1,26],[31,31],[-47,148],[9,83],[25,37],[-69,142],[2,22],[29,5],[33,-39],[11,-61],[42,-3],[13,-18],[31,-85],[33,-43],[79,-171],[57,-41],[44,-67],[32,21],[54,-25],[17,-113],[65,-125],[26,43],[38,-30],[31,7],[16,18],[0,43],[-17,45],[4,31],[34,-22],[39,15],[10,-13],[35,31],[28,97],[28,34],[76,-34],[32,-49],[12,-50],[30,-18],[11,-22],[-4,-97],[90,-13],[56,83],[30,-7],[100,-97],[31,-99],[29,-29],[72,-7],[45,50],[30,-23],[5,30],[-29,78],[-38,45],[-15,43],[37,58],[-10,63],[14,75],[20,2],[53,-50],[26,0],[13,95],[-11,114],[5,61],[26,90],[38,13],[16,25],[4,34],[-66,-32],[-44,23],[-7,31],[7,21],[49,27],[2,18],[-19,4],[0,16],[110,27],[6,34],[-3,29],[-25,-9],[-118,24],[-46,18],[-13,27],[-1,27],[39,45],[8,128],[-6,34],[-32,5],[25,150],[-31,21],[-2,44],[-28,50],[-7,54],[71,34],[54,63],[42,9],[19,29],[-76,-5],[-45,35],[-48,-5],[-34,44],[17,41],[-10,14],[-69,-66],[-1,106],[58,48],[5,28],[-30,44],[-70,12],[-22,51],[14,88],[-29,62],[11,13],[87,-20],[39,24],[-33,54],[-2,92],[-30,39],[-52,148],[20,70],[43,28],[-2,82],[25,25],[34,3],[-21,73],[7,47],[16,21],[-4,83],[38,51],[2,84],[22,72],[-14,44],[-22,15],[-14,-103],[-9,72],[15,93],[61,74],[-27,96],[0,125],[15,48],[44,44],[26,85],[-13,39],[-18,-10],[-22,-89],[-34,88],[-23,-52],[-14,44],[-21,8],[-22,87],[-33,16],[-4,-44],[-17,-13],[-75,259],[-3,84],[-97,36],[18,139],[84,62],[25,136],[50,30],[33,76],[54,6],[21,44],[-33,114],[-55,-48],[-33,30],[-9,77],[18,67],[83,45],[38,-8],[106,21],[36,26],[7,27],[-42,94],[-88,54],[-38,-60],[-66,-8],[-82,-90],[-49,38],[1,85],[-24,42],[-76,14],[-45,-10],[-63,67],[-57,-38],[-28,29],[20,27],[-11,46],[19,53],[32,35],[18,1],[36,-51],[95,-51],[37,3],[31,27],[-26,72],[-57,28],[-30,132],[12,67],[-13,59],[14,54],[-15,39],[24,33],[-8,37],[69,67],[3,26],[-12,23],[-36,2],[-117,-96],[-25,33],[-8,49],[-57,62],[-5,49],[9,74],[52,43],[-19,148],[31,30],[-9,46],[14,14],[32,-10],[7,41],[-16,40],[-47,28],[-26,-5],[-28,98],[13,15],[28,-25],[17,5],[35,26],[-16,46],[66,20],[-17,70],[-16,11],[-37,-12],[-29,29],[-22,48],[6,34],[38,32],[109,18]],[[39965,6906],[-34,13],[40,21],[10,-25],[-13,-27],[-3,18]],[[40789,7371],[-16,-135],[-41,-155],[-14,-15],[-37,9],[1,24],[42,78],[20,67],[2,23],[-15,-6],[3,13],[32,72],[0,-43],[21,102],[2,-34]],[[39942,7414],[1,-48],[22,-28],[-13,-11],[-96,36],[12,37],[53,24],[21,-10]],[[40801,7342],[7,89],[9,-43],[-9,-58],[9,-82],[-9,-80],[-8,17],[1,157]],[[41049,8047],[11,20],[14,-25],[-9,-12],[6,-23],[-15,-62],[9,0],[-15,-32],[-25,0],[-47,25],[-43,-9],[-30,14],[-27,126],[5,10],[38,-56],[33,7],[44,-33],[51,50]],[[40538,9620],[-14,-10],[-6,-61],[-24,20],[5,43],[28,42],[17,-22],[-6,-12]],[[40036,9739],[32,0],[0,-25],[-24,-41],[-13,17],[5,49]],[[40105,9798],[3,-14],[-46,-34],[-26,13],[25,69],[19,-18],[1,-24],[24,8]],[[40431,9731],[0,49],[15,-5],[8,15],[26,-9],[-7,-40],[29,-10],[28,29],[19,68],[8,4],[-7,-17],[8,-9],[35,55],[-3,-94],[-81,-62],[-12,-50],[-62,0],[32,27],[-36,49]],[[40716,9756],[-14,119],[25,7],[-12,25],[6,18],[-10,0],[8,18],[34,-27],[3,-34],[3,60],[23,8],[-6,26],[18,1],[35,-49],[3,-48],[24,-15],[-4,-16],[-20,8],[-40,-51],[-76,-50]],[[40137,11273],[27,-11],[-33,-93],[-28,-27],[-7,22],[-21,8],[11,85],[11,-22],[40,38]],[[40129,11480],[-21,-62],[12,-39],[-11,0],[-25,26],[5,24],[-12,37],[36,30],[16,-16]],[[41490,7228],[0,-51],[-29,-26],[16,-34],[-26,-66],[-13,-78],[-29,-16],[20,-9],[-26,-33],[6,-18],[-32,-194],[-32,-17],[41,-22],[-3,-17],[-9,5],[10,-42],[-19,-38],[6,-55],[-28,-197],[-42,-68],[-17,-87],[-36,-45],[-23,-2],[-28,69],[-6,69],[-28,-56],[-11,29],[-19,-41],[16,68],[-44,-93],[-50,-56],[-32,46],[-6,69],[16,65],[1,60],[26,81],[28,30],[-28,-21],[-32,-88],[-15,-17],[22,130],[36,48],[1,24],[-23,-25],[0,42],[-11,-35],[-8,4],[4,42],[-20,-2],[30,91],[-2,28],[39,66],[-12,10],[3,32],[-24,-17],[5,60],[-27,-105],[-16,-13],[10,58],[-35,-117],[-29,-26],[-25,-95],[-23,-23],[-7,-43],[-24,-29],[-6,-34],[-21,-12],[-28,-50],[-22,-9],[-42,34],[1,123],[82,377],[37,1],[-27,35],[-3,67],[16,-17],[19,12],[21,60],[-18,2],[10,37],[40,38],[-19,26],[-25,-17],[-10,28],[17,78],[-8,20],[6,81],[-23,44],[-11,151],[-17,17],[-3,62],[-25,-26],[-10,93],[-8,-47],[-13,-11],[-21,58],[-45,35],[32,-43],[0,-44],[-38,-167],[-22,15],[0,-77],[-40,-144],[-22,-39],[6,-17],[3,17],[17,-60],[-23,-33],[4,31],[-11,2],[-18,-59],[15,0],[-62,-62],[-3,30],[17,24],[65,196],[9,67],[-87,-246],[-29,-42],[-6,33],[-16,-33],[0,-25],[-10,25],[-17,-12],[-2,21],[-23,-18],[17,68],[-20,-59],[-5,26],[8,33],[-7,-6],[-43,-133],[-46,-90],[-6,-26],[12,-29],[-6,-26],[-22,-20],[1,55],[-8,6],[-22,-45],[18,3],[7,-16],[5,-79],[-1,-17],[-13,1],[3,-27],[-19,-15],[-9,-44],[-11,17],[3,51],[-8,9],[-2,-91],[-19,-54],[2,-26],[-25,-36],[-41,3],[5,-43],[-27,-10],[-27,38],[4,41],[-27,-11],[-2,28],[-11,-53],[-14,6],[-41,-53],[-23,10],[-10,-21],[-53,21],[-55,57],[-5,65],[51,130],[51,41],[36,-17],[93,56],[12,50],[75,107],[22,177],[33,61],[108,56],[2,29],[27,9],[19,29],[5,34],[-13,-20],[-3,12],[16,43],[67,67],[-35,0],[3,16],[-59,-79],[-92,-22],[71,229],[-77,-203],[-3,-46],[-11,-2],[-9,22],[10,77],[-31,-34],[-60,42],[-18,-20],[-7,33],[13,37],[-3,26],[-17,-17],[7,-17],[-7,-9],[-17,28],[-2,-58],[-18,-57],[5,-13],[19,22],[10,-22],[-16,-35],[19,10],[-13,-77],[6,-39],[-15,-38],[-39,-8],[-36,-80],[4,72],[-35,-26],[35,93],[-23,41],[-6,-23],[13,0],[-19,-43],[-23,17],[7,-25],[-36,-34],[10,101],[-16,-32],[-8,-64],[-25,20],[-28,-51],[0,25],[80,161],[-33,-39],[-8,13],[-20,-41],[-8,10],[-99,-92],[-30,45],[17,27],[104,52],[22,38],[110,98],[-24,1],[-76,-69],[-34,45],[5,50],[36,49],[-7,16],[19,60],[-11,24],[4,24],[20,36],[-10,11],[5,21],[22,36],[-20,42],[3,-31],[-25,-45],[5,-10],[-20,-120],[-61,-49],[-33,-64],[-24,6],[26,93],[-21,-25],[-24,102],[9,-107],[-19,-46],[17,-26],[-26,-24],[16,-43],[-11,-15],[-15,31],[-10,-29],[-31,-4],[6,84],[-10,68],[-12,-59],[11,-53],[-11,-56],[-26,-12],[-132,25],[-13,-5],[29,-43],[-18,-13],[-21,22],[-16,51],[-6,-17],[29,-68],[-40,-46],[-28,2],[0,27],[-20,-8],[-43,49],[-76,-18],[-11,15],[12,31],[-13,33],[-16,-52],[-18,9],[-33,-22],[-13,31],[4,42],[-22,-17],[-58,5],[-15,4],[3,17],[-46,-60],[-50,68],[-16,-50],[-10,25],[-12,-9],[-23,34],[-26,-8],[16,58],[-19,-2],[-14,-28],[-23,6],[-17,26],[-16,-30],[3,28],[-14,-2],[-60,-48],[-31,22],[-23,-39],[-6,25],[19,81],[25,29],[-42,-16],[-36,-127],[-21,19],[-17,-11],[-11,28],[-2,-24],[-43,-42],[-10,18],[-26,-31],[-102,0],[-20,-25],[-12,8],[-58,-33],[-54,17],[-13,37],[-22,12],[-5,59],[14,120],[-20,18],[-3,53],[-34,86],[1,28],[16,27],[22,4],[37,100],[35,53],[93,103],[28,71],[25,21],[63,110],[26,96],[45,70],[36,22],[-52,-67],[62,42],[32,73],[62,29],[-17,17],[-58,-43],[-7,17],[-43,-1],[-27,43],[-50,9],[-63,-36],[-113,-13],[-86,-52],[16,83],[215,297],[-70,-126],[-19,-77],[28,-37],[3,-40],[22,53],[-2,49],[6,-59],[12,-21],[46,-4],[14,41],[8,153],[58,180],[20,167],[27,62],[12,72],[23,42],[11,-23],[-12,-26],[13,0],[-11,-32],[4,-27],[68,15],[32,-33],[36,-84],[69,-21],[17,12],[-75,30],[-29,51],[-13,110],[104,4],[30,67],[-31,-37],[-25,2],[20,44],[-72,-55],[-15,29],[5,15],[40,-5],[42,84],[-52,-36],[-47,13],[-36,31],[-10,62],[11,131],[35,92],[64,96],[38,-37],[10,-114],[13,-11],[-12,53],[12,41],[51,-51],[29,-3],[-46,58],[-12,64],[-14,-42],[-11,5],[-23,71],[3,17],[-11,13],[2,113],[35,102],[6,56],[113,410],[40,203],[-2,46],[82,295],[17,13],[57,-25],[20,36],[-57,-3],[17,17],[-7,17],[-21,-2],[-10,46],[-28,5],[-8,22],[25,23],[7,-17],[20,8],[38,42],[24,4],[40,55],[43,98],[3,39],[22,6],[-33,39],[16,21],[-35,17],[-6,34],[-19,17],[37,0],[14,-42],[37,38],[-9,31],[-28,15],[36,6],[19,66],[32,30],[-7,67],[13,18],[17,-10],[-23,52],[27,80],[34,54],[81,77],[54,23],[29,45],[107,84],[92,114],[11,-19],[22,14],[-26,-65],[-2,-22],[18,3],[-22,-67],[8,-7],[56,7],[52,-35],[15,9],[-25,14],[-11,57],[-24,21],[5,27],[7,10],[-6,-36],[44,67],[-8,-21],[18,-32],[16,3],[-6,9],[35,34],[18,-31],[5,14],[27,-14],[-4,-35],[-26,15],[19,-30],[-7,-41],[-41,4],[24,-41],[13,5],[-1,-20],[-20,-106],[-7,-11],[-24,26],[4,-48],[-25,-1],[7,-50],[-98,54],[-39,-11],[-30,33],[6,-26],[-13,-4],[-32,47],[-3,-33],[-23,16],[-3,-59],[35,-17],[3,-42],[-16,-9],[16,-25],[-28,-18],[27,-18],[24,-73],[10,-1],[-7,50],[23,4],[29,35],[40,-16],[21,-41],[-10,-38],[10,-27],[-7,-60],[-22,-34],[-11,17],[0,-24],[14,-18],[-29,-77],[10,-51],[-8,-6],[-8,33],[-9,-25],[-1,-35],[13,0],[-16,-51],[-12,42],[-84,-218],[-10,8],[6,42],[-14,-10],[-8,26],[16,161],[-28,-33],[-5,-26],[14,-19],[-14,-79],[5,-70],[29,-64],[-56,-105],[-14,-69],[-34,0],[26,-27],[-68,-159],[-19,25],[-23,-8],[34,-36],[-7,-71],[-30,-79],[-8,-54],[-44,-82],[-25,0],[12,-38],[-38,-72],[-23,-111],[-3,-40],[25,50],[4,-13],[-23,-146],[-64,-94],[58,-30],[-35,-224],[140,370],[43,61],[20,-64],[-1,70],[10,20],[20,-26],[-10,60],[31,115],[22,25],[14,58],[58,64],[-3,-26],[13,-5],[-6,-12],[22,-50],[-61,-195],[32,38],[24,68],[29,25],[8,-19],[-19,-45],[15,-10],[20,86],[45,-30],[10,-41],[45,-63],[16,3],[22,51],[39,-3],[42,50],[13,-64],[-14,-53],[-38,-22],[-54,-64],[-11,-34],[-116,-100],[-19,14],[-1,-32],[-30,-35],[3,-19],[-45,-73],[-3,-60],[31,77],[61,81],[33,20],[3,-11],[-32,-40],[29,25],[29,-8],[-19,-59],[-29,-42],[29,-17],[-11,-41],[-17,-33],[-66,-54],[-25,-78],[33,21],[51,66],[61,28],[22,-11],[-6,-24],[32,-22],[-23,-4],[-9,-26],[51,26],[-9,-59],[12,0],[-3,-35],[10,-16],[35,109],[29,27],[-20,-84],[-3,-78],[23,91],[13,11],[3,43],[6,-24],[14,41],[35,16],[-3,-16],[13,0],[-39,-85],[42,41],[13,-8],[-61,-118],[25,17],[8,-8],[-4,-35],[24,84],[8,1],[-7,-17],[8,-2],[11,15],[-3,-35],[-22,-20],[13,-51],[4,38],[33,55],[-15,43],[0,68],[-22,67],[26,17],[28,-51],[-6,34],[27,18],[9,-10],[-7,-8],[11,-84],[-21,-44],[0,-37],[-8,-11],[-5,15],[-12,-44],[1,-128],[-34,-39],[-33,-75],[1,-16],[19,-2],[-9,-43],[10,1],[3,-27],[-32,-67],[30,34],[28,7],[35,52],[-44,-21],[-2,55],[14,51],[-16,-9],[-1,13],[110,123],[-13,84],[26,-41],[6,24],[10,-80],[-26,-63],[7,-3],[40,86],[13,2],[10,-27],[9,11],[8,61],[-12,17],[2,30],[24,41],[8,-165],[16,30],[4,58],[9,11],[5,-45],[11,54],[20,25],[19,78],[43,101],[36,21],[12,-3],[-25,-41],[-18,-80],[24,32],[25,2],[-26,-114],[14,-52],[-13,-87],[10,41],[31,42],[-9,20],[20,88],[34,10],[-2,-20],[21,13],[5,-23],[14,14],[-6,-68],[16,60],[11,-34],[17,85],[29,4],[15,32],[28,-28],[-26,-25],[11,-9],[44,25],[23,-36],[92,-69],[11,-42],[28,-10],[23,-46],[25,0],[19,-56],[-18,-28],[-1,-26],[-22,-13],[3,-29],[-15,-47],[-18,13],[-9,-24],[19,-35],[-3,-45],[-96,-30],[-21,7],[13,-24],[40,0],[-39,-40],[-35,14],[-6,-15],[40,-61],[-24,-25],[-29,8],[-26,-26],[7,-13],[38,5],[-35,-26],[-10,-40],[-74,-19],[-23,-25],[-6,-33],[17,-4],[66,55],[14,-12],[-10,-39],[11,-7],[13,16],[-8,8],[17,45],[22,21],[24,-3],[21,-30],[-27,-21],[-28,4],[13,-51],[15,25],[8,-7],[-18,-32],[-66,-2],[35,-22],[5,-31],[-8,-41],[26,-25],[-17,-25],[18,3],[47,56],[-58,-6],[-2,19],[41,77],[-10,-57],[49,9],[3,-16],[19,-10],[-10,-38],[44,48],[12,-3],[1,-24],[-26,-37],[-59,-30],[-20,-34],[-36,-8],[-25,-51],[25,26],[91,-9],[-39,-26],[13,0],[8,-25],[-69,-44],[-53,-68],[-39,1],[-34,-48],[13,-44],[32,67],[42,0],[58,81],[19,-12],[-29,-69],[-2,-26],[12,-25],[40,133],[53,87],[16,-8],[-19,-33],[23,-17],[-52,-84],[44,25],[23,92],[-2,-58],[19,16],[-32,-102],[35,69],[9,-4],[10,63],[12,-3],[5,94],[12,36],[45,-4],[19,-41],[-8,-34],[18,11],[6,-37],[11,-6],[43,130],[26,19],[10,70],[44,-123],[-11,-36],[10,-25],[-20,-23],[-15,-123],[-40,-49],[-20,-51],[-25,6],[-14,27],[-29,-8],[-11,14],[-15,-100],[8,-15],[-36,-10],[-10,-36],[-34,-20],[-47,-87],[-64,34],[-32,-8],[-15,43],[-23,14],[-7,-74],[17,-113],[103,-6],[10,-24],[-58,-43],[-56,15],[-8,-6],[7,-15],[62,-27],[79,68],[-6,-61],[-36,-134],[-42,9],[29,-17],[-7,-89],[-24,-53],[-36,85],[-23,23],[-6,-12],[25,-30],[22,-114],[-12,-22],[43,-114],[12,-8],[15,70],[10,19],[9,-9],[-22,-92],[4,-26],[11,13],[13,-27],[-8,-62],[22,42],[9,-27],[24,0],[1,61],[8,9],[-13,35],[23,-10],[-3,67],[18,27],[-9,67],[37,141],[13,18],[18,-8],[-4,38],[41,144],[43,32],[7,23],[34,-25],[17,14],[65,147],[40,-81],[-36,-20],[-31,-126],[-35,-67],[-8,-98],[-42,-120],[-22,-25],[21,-22],[-10,-33],[8,7],[5,-17],[-18,-49],[-27,-23],[0,-29],[23,18],[-23,-43],[39,35],[-42,-63],[14,-15],[21,18],[-9,-111],[19,36],[7,-27],[-22,-51],[34,0],[-3,-25],[24,66],[95,146],[36,246],[12,16],[10,-34],[22,-21],[-6,-106],[28,-12],[1,-71],[-16,-61],[6,9],[23,-42]],[[40211,12605],[-27,-3],[-8,11],[4,34],[17,50],[53,57],[-39,-149]],[[39029,16224],[0,20],[13,-11],[-7,-27],[-46,-13],[-31,-45],[-63,10],[-33,132],[8,10],[16,-25],[108,83],[3,-40],[-16,-18],[-10,-50],[3,-43],[23,29],[17,-23],[15,11]],[[37678,17602],[-2,-20],[31,12],[-10,-30],[-85,-47],[0,25],[33,1],[-28,42],[7,45],[57,-11],[-3,-17]],[[37555,17737],[33,-31],[-29,-11],[-81,28],[-20,31],[-7,52],[11,8],[4,-29],[25,12],[-7,15],[-9,-15],[-4,19],[26,14],[0,37],[17,31],[25,-16],[-10,-20],[6,-24],[53,-41],[-33,-60]],[[37366,18144],[-23,-35],[23,-24],[-30,-9],[-56,18],[-53,37],[-41,72],[103,-35],[54,18],[23,-42]],[[37452,18245],[39,-16],[-161,33],[7,-17],[-12,-17],[-19,34],[-44,0],[-2,34],[99,-17],[-12,19],[-85,15],[6,16],[24,1],[-16,42],[67,-10],[62,-43],[9,-23],[-26,-17],[14,-16],[51,21],[28,-14],[-29,-25]],[[37459,18406],[-9,50],[22,44],[25,-1],[-15,38],[33,-9],[11,-29],[-16,-43],[23,0],[-74,-50]],[[37264,18727],[12,51],[36,33],[4,43],[19,11],[32,-36],[34,8],[-32,-68],[25,-25],[-8,-16],[-29,-31],[-11,27],[-13,0],[-13,-51],[-35,-38],[10,-22],[37,46],[47,-23],[6,-99],[-16,-30],[9,-55],[-31,3],[-91,137],[8,135]],[[37272,19429],[-33,-19],[-78,19],[-19,15],[-5,27],[48,43],[26,63],[30,3],[21,-33],[-28,-16],[22,-18],[-16,-25],[-51,-4],[-17,-30],[13,-8],[23,20],[64,-37]],[[37160,19640],[28,-36],[-1,-61],[-63,-63],[-42,76],[0,36],[24,52],[15,4],[-3,-50],[22,50],[20,-8]],[[37137,19860],[47,99],[35,-25],[15,11],[-13,-60],[32,7],[-16,-49],[9,0],[-4,-28],[-32,-18],[-36,55],[-4,31],[-22,-34],[-11,11]],[[37123,19898],[-14,-7],[-44,54],[-18,-21],[-6,21],[30,75],[28,26],[28,-7],[-9,-44],[26,0],[7,-31],[-28,-66]],[[36114,22371],[55,-59],[-18,-34],[-65,-29],[-14,12],[13,17],[-29,26],[10,33],[26,-16],[-13,34],[16,84],[19,15],[16,-15],[7,-60],[-23,-8]],[[35949,23078],[-22,-47],[24,-59],[-43,41]],[[35908,23013],[13,51],[28,14]],[[40473,6923],[8,-8],[-16,-51],[-9,43],[17,16]],[[40754,7063],[9,31],[9,-5],[2,-57],[-26,-10],[-4,26],[10,15]],[[41336,7386],[18,-3],[1,-22],[-28,-47],[-26,3],[35,69]],[[39976,10533],[5,12],[9,-14],[-10,-16],[-19,8],[15,10]],[[40018,10566],[16,-2],[16,-45],[-44,17],[-5,28],[17,2]],[[39320,11317],[19,0],[11,-22],[-25,-34],[-17,27],[12,29]],[[39977,13700],[19,-2],[1,-49],[-25,0],[-10,25],[-2,29],[17,-3]],[[39997,13989],[10,13],[9,-35],[-16,-54],[-23,73],[20,3]],[[39988,14079],[27,12],[5,-68],[-52,-9],[-2,38],[22,27]],[[39941,14589],[18,7],[4,-17],[54,-11],[10,-43],[-27,18],[-5,-28],[20,-37],[-19,17],[6,-28],[-87,59],[4,53],[22,10]],[[39366,14836],[57,25],[-39,-86],[-27,20],[9,41]],[[39474,14965],[41,11],[8,-20],[-30,-33],[-48,-5],[-7,63],[36,-16]],[[39284,15570],[16,-5],[-13,-17],[10,-26],[-7,-11],[-25,24],[19,35]],[[39323,15813],[7,9],[15,-52],[-45,23],[3,18],[20,2]],[[39295,15924],[14,6],[-4,-29],[13,-37],[-6,-28],[-34,-2],[-12,27],[9,39],[20,24]],[[36131,5334],[17,16],[48,-30],[16,-22],[2,-33],[20,-13],[9,-45],[42,-26],[-20,-26],[32,8],[10,-8],[0,-29],[8,17],[-3,45],[14,-14],[64,25],[25,-9],[14,-26],[-35,8],[26,-42],[-36,0],[-5,-19],[41,-14],[6,17],[29,-17],[44,20],[14,-12],[-34,-38],[-37,-4],[44,-59],[14,42],[0,-26],[32,51],[-6,-51],[40,31],[24,-5],[-9,39],[-17,20],[10,6],[151,-57],[49,9],[-39,-17],[58,-51],[-64,-53],[-10,-40],[20,27],[-1,-63],[21,53],[23,-34],[-4,64],[25,13],[40,-40],[24,6],[-16,-59],[19,-1],[51,73],[-11,8],[-27,-30],[12,29],[69,30],[98,129],[34,68],[36,32],[7,-21],[-11,-52],[12,-156],[8,-13],[80,-86],[30,23],[8,-8],[-10,-11],[13,-15],[29,86],[31,8],[43,-71],[29,-99],[48,-58],[-6,-65],[-49,-49],[-16,6],[-45,-54],[10,-24],[153,-1],[65,-26],[12,-24],[2,-52],[-32,35],[6,-45],[-19,-38],[-7,6],[3,-17],[-22,-13],[-16,30],[16,42],[-21,-10],[-5,-75],[-18,62],[-24,-17],[-7,18],[-34,-45],[-6,-34],[12,0],[-24,-32],[-84,-20],[-20,4],[-13,30],[-4,-22],[-19,22],[-7,-7],[30,-60],[-17,-8],[17,-33],[-26,5],[-5,19],[-24,-7],[0,-26],[-33,23],[7,-23],[-23,0],[10,-42],[-19,9],[-8,-28],[-18,28],[-3,-36],[-16,14],[-13,-30],[-3,26],[-19,-26],[35,-25],[-6,-8],[-20,8],[-20,-22],[-75,-17],[-17,-38],[-33,-8],[0,-34],[-25,19],[-26,-94],[-9,9],[-4,74],[-15,-47],[-9,-9],[-11,15],[-7,-34],[16,-42],[-10,-8],[-12,41],[-10,-8],[-3,13],[-26,-38],[3,-17],[-15,12],[-56,-21],[2,-30],[-11,-12],[13,-26],[-15,-15],[-16,25],[-5,-18],[-26,20],[-28,-36],[-7,75],[-20,-6],[-6,14],[21,-83],[-21,-44],[-2,53],[-15,14],[-3,67],[-8,9],[-10,-126],[-9,21],[2,30],[-13,-47],[-14,-13],[-11,69],[-8,-32],[8,-28],[-23,-76],[-49,20],[-12,15],[13,16],[-14,18],[-18,-18],[19,-43],[-11,-46],[-34,34],[-57,110],[-14,5],[10,-51],[25,-14],[11,-37],[19,-144],[-12,-55],[-14,-12],[0,25],[-8,4],[-17,-57],[2,36],[-14,6],[-27,-23],[-20,31],[-3,29],[-14,-45],[-7,27],[12,51],[-13,-25],[-11,16],[-2,-24],[-16,-8],[-26,16],[-6,53],[9,48],[-10,34],[12,17],[-5,17],[19,59],[-83,-76],[1,-59],[12,-19],[12,-74],[-14,14],[-16,-57],[-20,14],[0,61],[-21,52],[-23,-10],[-7,-42],[-37,35],[2,-78],[-12,-32],[13,-8],[-26,-17],[7,-51],[30,1],[8,-8],[-25,-35],[48,-17],[-64,-8],[3,-35],[12,-10],[10,3],[-4,20],[17,-13],[-11,-41],[24,0],[-23,-50],[-25,31],[3,19],[-45,51],[33,-55],[-1,-30],[-30,-46],[-34,-115],[-24,26],[-5,-17],[-22,13],[-7,-22],[31,-13],[4,-16],[-14,-59],[-8,12],[-26,-25],[-32,0],[22,-29],[1,-47],[-36,-49],[-33,-5],[-15,-30],[29,-68],[-14,0],[-11,-55],[-17,46],[-19,17],[16,-85],[-12,-8],[-28,84],[16,-83],[-8,-38],[-16,-22],[-26,92],[10,-130],[-8,-18],[-9,10],[-3,-21],[-13,67],[-19,-102],[-11,18],[5,76],[-18,-51],[-28,118],[-8,-37],[15,-70],[-13,-56],[-18,2],[-18,26],[2,86],[-13,-36],[-8,9],[16,-91],[-11,-82],[8,-72],[-14,42],[-15,-17],[-25,42],[25,-118],[-6,-5],[-16,75],[-3,-32],[-13,-13],[4,-66],[-34,76],[-9,52],[-43,-90],[-29,9],[-9,84],[-6,12],[-1,-43],[-11,20],[-1,149],[-13,-42],[4,-60],[-8,32],[-2,96],[-19,118],[0,-43],[-8,-1],[-15,61],[-13,8],[3,-25],[-19,-31],[-12,91],[-3,-55],[19,-89],[-8,-39],[-6,31],[-6,-38],[-9,-2],[-8,59],[-9,-37],[-9,69],[-20,-35],[-5,81],[10,47],[-8,2],[-10,-29],[0,33],[-9,10],[9,185],[-16,91],[-12,2],[54,356],[61,142],[55,83],[-1,37],[-43,-4],[-120,-238],[8,54],[85,179],[100,144],[14,-48],[0,-57],[30,12],[73,143],[51,51],[-147,-136],[-8,18],[16,56],[153,206],[78,75],[24,47],[149,180],[70,65],[96,45],[32,34],[22,56],[-11,22],[-37,18],[9,9],[70,-39],[4,-33],[-22,-106],[5,-32],[-15,-27],[10,-51],[10,-2],[19,53],[39,-50],[33,-73],[-1,-81],[9,24],[13,-7],[-5,40],[8,36],[-39,68],[-7,42],[16,14],[0,33],[23,37],[99,73],[37,5],[12,39],[30,-14],[10,33],[64,-5],[26,14],[26,-52],[17,66],[34,20],[-109,42],[-105,0],[-35,-53],[-22,57],[-36,-10],[-43,30],[-80,-28],[-17,12],[-1,-25],[-15,9],[-20,-27],[-33,41],[-55,19],[-45,-33],[-16,-35],[4,-42],[-29,-33],[-4,37],[-26,22],[-35,-1],[-15,-25],[0,70],[13,58],[48,50],[-16,16],[87,93],[2,33],[88,120],[13,33],[-5,35],[20,22],[8,45],[35,42],[5,-27],[-17,-34],[-1,-40],[32,25],[-19,17],[15,32],[0,38]],[[35397,2239],[-5,30],[27,4],[-32,-110],[1,28],[-14,23],[23,25]],[[38126,2832],[41,62],[-48,-92],[-46,-29],[-52,-3],[-47,36],[-6,21],[62,-28],[60,6],[36,27]],[[35104,3354],[13,6],[-52,-175],[-6,10],[45,159]],[[37600,4809],[7,15],[10,-15],[-35,-43],[2,-41],[-26,-46],[-9,12],[10,29],[-30,12],[-22,55],[48,40],[45,-18]],[[37991,5088],[-45,-32],[-27,-74],[-41,-28],[-34,-51],[-32,-9],[-6,17],[-17,-28],[-101,-75],[-12,35],[-43,13],[-13,51],[-17,-39],[-13,17],[-16,-25],[-25,8],[3,-23],[-66,-48],[-8,3],[9,24],[-24,17],[-1,19],[-36,-74],[-23,23],[-57,177],[-9,125],[-11,30],[4,66],[-29,164],[5,23],[31,41],[7,88],[84,124],[48,173],[43,100],[6,57],[21,68],[-13,41],[7,29],[12,21],[-3,-60],[58,217],[14,38],[47,54],[32,75],[28,122],[18,37],[55,-42],[42,33],[-1,-38],[-45,-123],[20,-4],[-1,-30],[11,-5],[43,14],[16,-51],[-19,-173],[-25,-29],[19,-18],[-13,-17],[16,-50],[-32,-95],[-19,-125],[-55,-196],[-10,-83],[28,93],[49,76],[9,-12],[-5,-50],[-96,-205],[-33,-36],[-11,20],[-23,-39],[-47,-24],[0,18],[10,7],[-10,7],[-56,-120],[-59,-41],[-3,-24],[54,15],[59,115],[31,5],[33,34],[6,-12],[-29,-80],[-8,-68],[-34,-35],[-35,8],[-13,-20],[-39,-4],[13,-8],[-25,-43],[54,28],[-3,15],[35,-43],[-24,8],[15,-42],[-37,-4],[-42,-55],[-15,-42],[10,8],[0,-29],[-16,-24],[30,-22],[80,81],[49,-44],[4,-21],[-24,-64],[6,-11],[34,62],[15,-11],[-7,75],[5,36],[102,185],[35,37],[22,54],[-141,-132],[-23,48],[-18,1],[2,30],[138,181],[53,118],[35,27],[2,24],[-49,-25],[-97,-175],[-21,-5],[1,23],[23,31],[59,145],[59,97],[31,19],[11,-60],[26,-46],[-40,-105],[22,24],[18,-42],[6,86],[26,50],[47,-35],[-25,-16],[69,-18],[4,-46],[25,22],[33,-8],[-25,-42],[-10,-69],[16,30],[19,4],[-46,-81],[-23,-18],[18,-41],[41,11],[13,-84],[-27,1],[-36,-39],[-14,7],[-9,-26],[6,-17],[-71,-7],[-14,-39],[38,-28],[-3,-28]],[[36835,5130],[17,2],[-23,-36],[-22,6],[28,28]],[[38166,5337],[-33,22],[39,27],[-6,-49]],[[2141,33612],[97,-29],[80,-1],[88,-43],[84,-93],[86,-25],[51,-91],[56,8],[66,-33],[-23,17],[4,24],[-62,40],[-21,69],[-44,23],[-21,55],[77,-9],[-107,26],[-28,42],[11,22],[-123,-5],[-64,50],[5,23],[33,-5],[-32,66],[17,40],[87,-70],[42,0],[76,47],[-83,-17],[-22,54],[-83,42],[-24,140],[17,58],[162,-159],[81,-33],[-28,39],[-70,28],[-99,134],[-9,36],[24,39],[57,10],[54,-125],[-21,114],[20,29],[64,-13],[44,-56],[77,-33],[-51,188],[8,34],[52,47],[23,-23],[34,33],[40,-15],[41,21],[20,-13],[6,25],[13,-25],[65,0],[77,-48],[28,66],[-39,26],[-19,-53],[-25,46],[10,48],[22,-18],[26,9],[-10,25],[41,89],[-44,106],[80,3],[-12,-53],[61,0],[35,-51],[-44,-78],[26,18],[31,-59],[55,17],[-23,-34],[52,-21],[27,2],[2,27],[38,18],[-4,30],[27,-30],[-32,-104],[-128,-151],[-4,-58],[-32,0],[-25,-31],[-43,-146],[17,5],[53,120],[121,43],[30,68],[46,17],[-3,-25],[32,5],[-7,28],[31,41],[79,23],[96,-5],[15,-16],[64,55],[21,-13],[-2,52],[37,50],[-2,120],[41,57],[55,0],[-13,-25],[35,-3],[25,24],[66,-32],[68,19],[24,46],[-8,9],[-52,-38],[5,58],[-60,-49],[-23,7],[37,85],[128,39],[-97,-47],[90,0],[-13,-26],[39,0],[46,-34],[18,50],[47,16],[33,37],[52,7],[32,74],[61,49],[79,25],[21,80],[78,-35],[25,-134],[9,77],[39,7],[41,147],[33,23],[-45,0],[61,93],[-4,-46],[84,78],[0,-65],[28,24],[1,47],[40,6],[29,44],[25,-3],[-36,-27],[9,-59],[17,19],[-19,8],[9,15],[40,-3],[16,36],[44,-74],[-22,-25],[42,0],[42,25],[-13,-66],[42,75],[-1,-42],[68,29],[-13,-38],[45,17],[45,118],[-19,26],[26,34],[26,0],[-4,33],[26,17],[9,-59],[29,-33],[-19,-35],[42,0],[42,-25],[-21,-36],[14,-33],[23,53],[6,-16],[-16,-65],[-54,-30],[29,-17],[-49,-48],[-240,-151],[-74,-36],[-24,11],[-45,-60],[-30,-24],[-23,4],[-30,-94],[-93,-37],[-27,-88],[-44,-50],[-42,41],[-8,55],[-56,-9],[-44,-41],[-40,3],[6,-34],[-41,17],[-39,-25],[-77,8],[2,-52],[-45,42],[-64,-41],[-41,0],[-45,-67],[15,-22],[-28,-28],[7,-26],[-23,-9],[29,-34],[-17,-30],[-109,-67],[10,-72],[-29,76],[-22,-8],[-30,-178],[-22,161],[-35,0],[-23,-34],[-48,-8],[-1,-25],[-25,-16],[-38,-114],[6,-23],[29,1],[-32,-45],[4,-116],[-27,76],[10,46],[-44,-32],[-37,20],[-9,-27],[-39,-15],[0,-60],[-22,-25],[19,-26],[-13,-42],[-55,-59],[-22,34],[18,23],[-50,-23],[19,-43],[-29,-20],[4,-31],[15,-32],[101,-66],[12,-28],[67,-26],[68,0],[-25,32],[-30,3],[16,-18],[-68,20],[-53,68],[6,15],[51,-35],[-7,16],[-54,36],[-28,-13],[-27,63],[71,25],[61,-74],[20,-2],[13,27],[51,-27],[-17,50],[11,23],[101,-90],[-8,50],[18,7],[104,-38],[42,74],[-73,67],[-14,-16],[45,-26],[-64,7],[-27,-53],[-51,3],[4,27],[32,16],[-51,27],[3,36],[64,-12],[-82,72],[-4,58],[15,14],[-22,17],[5,19],[33,23],[61,0],[84,68],[32,112],[-26,-154],[46,45],[21,104],[15,-4],[0,-31],[-24,-13],[22,-16],[46,46],[-7,-80],[26,113],[34,-15],[58,32],[40,73],[-16,-39],[16,-3],[77,143],[-66,-30],[-17,43],[-39,-4],[30,25],[124,0],[-12,44],[28,15],[65,-23],[23,-27],[-30,-43],[4,-51],[-26,-25],[29,7],[29,35],[9,61],[16,-2],[-9,41],[22,-7],[7,56],[35,-106],[-4,118],[19,-130],[-51,-44],[-44,-80],[31,24],[40,60],[48,34],[0,127],[-34,56],[-5,54],[40,-78],[20,-7],[-11,-181],[36,147],[-10,55],[-49,57],[14,45],[31,-7],[-7,-40],[34,-96],[-4,-95],[-36,-121],[37,51],[33,134],[-4,93],[15,-14],[4,-142],[-53,-105],[14,-37],[52,108],[-3,-87],[-51,-148],[7,-75],[39,-7],[-8,169],[69,94],[-13,35],[65,46],[19,53],[-48,-9],[142,162],[-2,46],[53,73],[-20,16],[100,21],[126,54],[93,41],[45,44],[226,39],[93,150],[19,-2],[13,-26],[-16,19],[-10,-73],[-21,-21],[12,-60],[-85,3],[-28,-19],[19,-69],[-10,-90],[75,-30],[35,10],[-23,55],[78,32],[95,137],[136,116],[-28,166],[15,40],[107,72],[55,-9],[50,34],[141,36],[33,-19],[-31,35],[-212,53],[-36,90],[71,-23],[25,57],[-17,9],[-57,-27],[-54,0],[7,143],[76,120],[261,-231],[145,-188],[118,-300],[52,-42],[-15,-96],[75,-208],[188,-252],[144,-138],[62,-34],[57,9],[111,-92],[37,42],[-39,42],[-3,33],[14,-18],[126,-16],[21,43],[-12,17],[25,24],[-29,0],[16,18],[-50,0],[-18,-26],[-19,32],[-151,-65],[19,68],[39,0],[8,46],[82,-13],[-4,31],[33,-31],[61,-16],[-58,34],[-25,42],[35,42],[-103,34],[25,2],[-15,32],[22,67],[64,0],[43,42],[25,0],[10,27],[46,-22],[16,-102],[35,78],[19,2],[-49,46],[-115,30],[-33,-7],[-19,50],[47,56],[6,-68],[49,-3],[17,82],[53,85],[103,55],[26,-7],[5,16],[-26,46],[-38,-64],[-42,21],[19,33],[-41,0],[-14,-24],[-29,17],[-25,-42],[-32,-5],[6,-29],[-50,-16],[1,83],[81,72],[10,30],[12,-49],[-28,-19],[19,-13],[52,6],[19,15],[-49,0],[58,41],[13,-15],[64,26],[34,-70],[25,-4],[9,52],[35,-23],[17,11],[-15,35],[-52,-5],[-11,12],[36,25],[-41,13],[-69,-29],[26,25],[-32,17],[24,30],[47,-5],[22,18],[23,-18],[46,10],[11,-18],[-28,-36],[38,-49],[-13,-63],[-54,-13],[42,-17],[-58,-33],[49,-18],[-7,-43],[-26,-5],[48,-70],[-41,-77],[-7,-75],[84,-47],[59,42],[59,-4],[19,-58],[-70,-60],[-26,-101],[-89,-96],[6,-74],[-49,-7],[46,-51],[124,-23],[30,14],[19,42],[22,-60],[-6,43],[17,31],[48,-38],[34,17],[4,-27],[35,14],[29,-22],[132,67],[-25,16],[-3,62],[41,32],[89,-3],[17,92],[-16,51],[30,73],[-6,84],[-21,33],[97,84],[84,-54],[12,47],[125,-38],[209,21],[285,-64],[291,-177],[60,-83]],[[9542,34410],[5,-1924],[894,-713],[1020,-821],[1023,-824],[897,-721],[861,-7],[541,-733],[142,-111],[113,-42],[961,-193],[815,-169],[1498,-317],[-3,-1292],[1,-1279],[0,-1140],[1,-1505]],[[18311,22619],[-939,0],[-938,0],[-939,0],[-939,0]],[[8068,22619],[-21,47],[-75,-23],[21,97],[-101,286],[-10,162],[-31,27],[-63,-5],[-19,110],[-76,140],[8,45],[58,86],[-56,218],[-70,-13],[-28,17],[-29,-52],[0,-77],[-11,-10],[-135,-7],[-48,-61],[-39,-23],[-86,50],[-79,15],[-52,60],[-35,15],[-28,-33],[-25,-80],[-47,28],[-4,49],[-37,-2],[-20,-23],[11,-49],[-32,-32],[-58,-1],[-46,44],[-77,-85],[-46,47],[-29,-36],[-24,33],[2,63],[-17,24],[8,115],[-17,140],[-26,9],[-31,-29],[-20,35],[41,69],[-8,33],[11,42],[-27,225],[-27,33],[-11,84],[-79,70],[-35,-19],[-75,8],[-57,48],[-16,47],[-49,26],[-50,84],[-28,12],[-16,106],[-36,93],[-24,11],[-30,-15],[-12,15],[-24,109],[-49,53],[-1,51],[-57,64],[-20,48],[-65,-2],[-44,-78],[-33,14],[-21,60],[-57,24],[-54,-25],[-74,46],[2,24],[38,46],[-35,68],[-15,69],[44,69],[-31,25],[-11,31],[17,43],[33,6],[13,20],[-12,35],[-65,37],[-55,66],[-47,-30],[-1,33],[28,18],[-10,80],[-26,36],[-25,5],[-6,69],[-64,132],[4,21],[29,8],[-2,71],[51,120],[-7,31],[-58,-10],[-50,34],[4,29],[-33,101],[-34,13],[-38,77],[-43,-2],[10,60],[99,70],[4,81],[41,48],[-30,105],[-32,25],[-1,42],[-64,20],[-1,79],[-16,6],[-58,-44],[-31,45],[19,42],[80,36],[-3,46],[-41,-3],[-75,50],[-79,113],[-24,-10],[-75,59],[-16,46],[8,45],[-49,-6],[1,43],[-38,64],[32,76],[-28,22],[-20,69],[-40,19],[27,56],[-67,122],[-50,12],[-62,42],[-20,-64],[-81,-58],[-39,29],[-64,-18],[6,60],[58,117],[-26,32],[-52,11],[-42,50],[-54,123],[-50,12],[-76,77],[-76,20],[-34,-17],[-28,55],[3,25],[60,55],[-12,104],[81,83],[-17,61],[-51,3],[-35,24],[13,67],[-13,29],[-18,13],[-58,-43],[-34,39],[29,4],[3,22],[-29,21],[32,3],[31,56],[44,13],[11,84],[98,108],[21,129],[49,62],[-93,218],[-94,90],[27,72],[78,47],[6,33],[-27,36],[-42,-24],[-48,67],[-29,-9],[-64,-68],[-15,-58],[-42,-17],[-43,18],[41,99],[-23,33],[-80,-8],[-96,-45],[-27,-50],[-105,19],[2,109],[-45,27],[19,59],[45,42],[1,132],[-9,39],[-23,13],[-60,-8],[-27,17],[28,156],[13,20],[37,-22],[11,12],[-30,92],[47,61],[-40,27],[-22,54],[-24,15],[10,41],[-37,57],[25,47],[5,55],[-73,128],[-69,39],[-9,24],[22,27],[80,1],[20,21],[-1097,3],[-25,72],[8,101],[-16,40],[47,57],[20,90],[-20,77],[10,21],[-39,38],[20,119],[-42,143],[-83,46],[-10,84],[0,1461]],[[2553,34200],[7,26],[94,-12],[15,-22],[-13,-25],[31,3],[-4,-57],[-130,87]],[[3322,34437],[19,-8],[-29,-9],[-31,27],[61,49],[35,-25],[-55,-34]],[[2550,34437],[-3,38],[33,49],[50,7],[-40,-93],[-40,-1]],[[7533,35164],[-23,-38],[-41,5],[14,-24],[-27,7],[18,47],[59,3]],[[13070,35343],[51,-1],[52,-26],[-102,-9],[-21,18],[20,18]],[[13639,35359],[132,-16],[-205,-14],[-100,68],[16,16],[91,-18],[66,-36]],[[11428,35571],[43,-34],[-85,10],[-37,41],[79,-17]],[[11616,35638],[64,-17],[-48,0],[-34,-25],[-71,-7],[-21,15],[25,24],[43,-12],[42,22]],[[11400,35647],[53,15],[47,-24],[-110,-11],[-16,11],[26,9]],[[11793,35676],[33,-11],[-30,-34],[-87,7],[84,38]],[[11243,35663],[65,-7],[18,-18],[-160,-10],[-39,35],[30,26],[86,-26]],[[5996,35773],[70,-59],[-19,-8],[-6,-39],[-49,30],[0,-34],[-48,-33],[52,143]],[[7069,37380],[-15,25],[33,-24],[-18,-1]],[[14318,38158],[16,-25],[-33,-2],[-25,35],[42,-8]],[[14370,38191],[22,-16],[-68,16],[46,0]],[[14408,38234],[6,-27],[-51,11],[45,16]],[[14554,38357],[-48,11],[-75,-26],[45,44],[-28,56],[-140,31],[-106,167],[24,30],[328,-29]],[[14554,38641],[0,-284]],[[14554,38199],[-46,44],[-56,-20],[-34,36],[58,17],[-13,47],[91,-21]],[[14554,38302],[0,-103]],[[14554,38038],[-120,77],[30,17],[46,-15],[44,-45]],[[14554,38072],[0,-34]],[[11337,34523],[-52,46],[-61,24],[-73,73],[-60,231],[-29,47],[40,71],[76,57],[108,45],[213,42],[225,70],[715,118],[152,0],[69,-42],[186,-24],[78,26],[227,-64],[13,27],[178,-66],[30,11],[-29,17],[27,28],[59,-19],[27,8],[-23,17],[8,14],[112,20],[-63,8],[-18,17],[23,14],[152,-56],[47,12],[56,-14],[37,23],[42,-13],[48,25],[-54,6],[-13,21],[48,24],[-13,25],[-138,0],[-81,33],[-41,44],[-49,110],[-51,2],[-33,24],[-28,-17],[-21,33],[-38,-24],[-88,63],[-57,1],[-10,-33],[-112,93],[-41,-11],[-7,47],[-73,-1],[-66,45],[-27,-50],[-74,60],[-126,30],[-92,-59],[-77,23],[-74,-52],[-173,-21],[-80,-29],[-212,-6],[-31,-25],[-78,34],[-146,-34],[-70,23],[-8,23],[18,5],[-31,24],[-165,-8],[-46,-31],[-144,-7],[-116,22],[-44,-22],[-21,32],[-65,-10],[-18,-23],[-69,42],[-17,96],[-254,203],[-64,119],[12,59],[276,183],[152,18],[178,72],[92,-4],[38,30],[6,32],[252,90],[78,16],[12,-11],[-45,-17],[22,-9],[35,22],[135,4],[17,24],[-83,8],[-146,52],[79,11],[143,82],[-3,-32],[64,16],[21,-32],[70,-25],[44,30],[56,9],[70,51],[-25,13],[-88,-47],[-62,-10],[-60,27],[48,34],[-72,21],[-101,-9],[-170,-59],[-172,-26],[-126,-58],[-107,6],[-74,-42],[-86,-20],[4,81],[-45,4],[4,36],[-45,23],[-27,-63],[58,-14],[7,-25],[-32,-58],[-74,16],[-9,21],[-34,-37],[-47,16],[-123,-10],[-38,18],[-31,48],[27,86],[59,45],[91,8],[70,-20],[12,12],[-38,25],[78,0],[-9,29],[-96,41],[-21,-19],[-13,27],[12,26],[36,-3],[80,34],[-12,12],[-167,-16],[-60,-82],[-105,-23],[14,55],[-29,35],[-61,21],[-25,-27],[-21,17],[-68,1],[-35,-52],[9,-46],[-76,54],[-41,182],[29,178],[60,90],[94,76],[33,110],[48,46],[63,4],[147,55],[11,25],[-33,112],[-119,10],[-64,51],[-13,50],[38,101],[128,107],[33,55],[142,74],[27,45],[100,74],[106,148],[76,6],[147,55],[142,115],[46,1],[343,155],[91,18],[80,39],[32,37],[48,1],[49,38],[102,31],[79,57],[73,23],[150,-61],[114,-152],[30,-89],[-46,-310],[35,-98],[-122,-21],[-45,-45],[1,-77],[41,-5],[-74,-39],[-32,-41],[-61,-21],[27,-49],[87,-11],[18,41],[92,55],[113,31],[13,-31],[27,4],[137,78],[-106,-110],[35,-1],[103,89],[-1,82],[-76,12],[0,20],[100,165],[93,101],[84,28],[225,-68],[119,-72],[96,-6],[201,-107],[45,-6],[45,-70],[111,-31],[6,-63],[-38,-132],[-96,-69],[26,-23],[-59,-62],[-152,-91],[-8,-26],[39,-28],[76,44],[0,-44],[-29,-26],[-31,-98],[16,-20],[42,105],[29,0],[86,67],[-74,-4],[-6,47],[69,38],[69,72],[42,-9],[-77,-68],[42,-8],[-45,-59],[64,22],[18,-39],[40,-9],[41,-59],[-27,152],[50,52],[4,36],[86,-3],[-22,59],[62,67],[52,-31],[50,5],[-51,-79],[122,-82],[13,11],[-107,84],[72,68],[66,-39],[86,-109],[25,23]],[[14554,37991],[1,-1604],[1,-1429],[-1174,0],[0,-111],[-60,4],[-14,-14],[108,-9],[13,-32],[-29,-23],[-77,11],[-11,-32],[-106,-1],[-11,207],[-904,0],[-1079,1],[-10,-140],[239,-318],[-104,22]],[[12057,39287],[1,-35],[-38,-15],[-26,-47],[-38,-7],[-101,-83],[-331,-119],[-348,-236],[-89,-17],[-306,-210],[-92,-35],[-91,-60],[-43,-63],[-115,-22],[-65,-63],[-121,-73],[-9,-112],[-62,-129],[5,-79],[-62,-64],[-173,-117],[-174,15],[-10,11],[32,24],[-30,12],[-29,-16],[45,-163],[-70,-137],[-59,-66],[-11,-43],[32,-58],[-16,-164],[19,-71],[-63,-183],[-56,-64],[-168,-77],[-202,-60],[-87,26],[30,23],[-10,40],[-63,19],[-198,-243],[-238,-119],[-79,-107],[-142,-4],[-73,56],[-85,146],[-88,264],[-44,73],[-42,26],[-62,136],[-59,59],[-280,128],[-278,187],[106,9],[28,-25],[4,29],[-22,15],[-125,3],[-138,-9],[-105,-30],[-41,18],[33,15],[31,60],[10,85],[-14,27],[-21,-2],[20,42],[29,25],[57,9],[-41,22],[-11,46],[13,33],[37,-11],[39,36],[-14,56],[61,97],[-23,17],[45,9],[21,82],[112,94],[50,5],[-6,47],[-34,3],[-30,30],[30,11],[-3,37],[27,-5],[20,42],[-36,0],[21,72],[-64,131],[21,20],[55,-33],[223,94],[-24,29],[13,34],[-44,13],[-14,38],[-45,0],[-3,-21],[-63,101],[34,63],[67,35],[-12,29],[85,186],[40,38],[-14,66],[60,39],[-4,22],[62,7],[14,44],[40,25],[-3,140],[109,59],[-3,36],[35,44],[-51,90],[-124,15],[-32,35],[8,54],[-74,75],[-14,69],[-38,43],[12,75],[-50,160],[-69,13],[42,47],[-21,14],[-48,-11],[-2,40],[246,43],[52,-8],[16,34],[286,27],[81,29],[320,17],[238,41],[251,73],[71,-32],[72,4],[68,-29],[56,-48],[21,-61],[381,-176],[82,-10],[57,-42],[161,-7],[-68,-7],[-11,-73],[-62,-76],[-2,-61],[27,-24],[8,76],[59,46],[67,113],[113,2],[44,-23],[22,-55],[-17,-44],[27,-11],[3,-36],[-33,-28],[-23,-94],[56,33],[41,-14],[14,13],[69,103],[5,33],[-41,63],[74,52],[309,73],[305,-59],[258,-179],[253,-270],[39,-9],[151,-162],[143,-75],[139,-198]],[[9393,42275],[36,13],[25,-30],[-22,-131],[-68,-88],[-51,-7],[-59,33],[127,78],[-10,105],[22,27]],[[10901,42233],[-15,-67],[-58,-68],[3,-64],[-158,-147],[32,-18],[-193,-120],[-85,33],[-69,3],[32,25],[-29,11],[-123,2],[-99,46],[36,73],[160,125],[174,198],[142,62],[67,0],[41,78],[94,40],[42,54],[65,17],[93,-46],[-57,-136],[-95,-101]],[[14554,42640],[-67,62],[-111,30],[26,50],[-32,68],[6,43],[127,28],[51,40]],[[14554,42961],[0,-321]],[[14554,42211],[-24,22],[24,19]],[[14554,42252],[0,-41]],[[14554,40945],[-31,-36],[-8,21],[-32,-15],[-71,30],[-49,-31],[45,-25],[-13,-13],[-152,-6],[37,-82],[-13,-25],[-74,-26],[-40,-40],[-43,-6],[-24,-37],[-107,-28],[-35,-37],[-50,7],[-116,-84],[-273,-66],[-93,-43],[-276,-21],[-92,10],[-222,50],[-225,151],[-121,112],[17,70],[198,115],[67,8],[37,25],[120,6],[75,28],[56,-20],[11,20],[-64,26],[67,16],[36,56],[147,54],[345,28],[134,-28],[90,26],[49,50],[-45,17],[16,15],[65,-12],[54,30],[-35,26],[45,0],[112,85],[-19,16],[71,52],[-15,23],[-72,27],[-66,-8],[-60,-98],[-55,-27],[-64,-2],[30,-17],[-55,0],[-35,50],[-80,-67],[-64,17],[-134,-35],[-60,35],[76,55],[-3,21],[-35,0],[26,17],[-32,26],[-26,-29],[11,-44],[-72,-5],[-22,31],[20,51],[-40,37],[-29,-92],[20,-77],[-74,-40],[-93,-16],[-39,65],[-32,-77],[-320,-36],[-33,20],[14,86],[133,57],[-34,8],[-70,-35],[-34,18],[59,174],[230,123],[-65,-6],[-6,23],[-21,-23],[-167,-56],[-92,125],[11,-134],[-70,-174],[-53,19],[-25,55],[-70,39],[-49,-41],[7,-19],[82,-12],[58,-95],[-65,-140],[-243,-120],[-46,-5],[-65,44],[-14,82],[24,38],[-42,103],[-5,-42],[-62,-57],[-122,56],[61,-134],[-23,-55],[-61,-31],[-254,112],[81,47],[19,37],[-125,-32],[-14,16],[42,57],[-3,61],[-136,-32],[-57,-72],[-47,-6],[-86,49],[-31,-16],[-232,64],[-83,72],[17,57],[44,11],[2,54],[165,151],[545,5],[212,128],[153,16],[4,59],[119,61],[-24,14],[-150,-61],[-153,-18],[-134,-43],[-62,-41],[-527,6],[5,63],[161,192],[509,56],[18,33],[86,-33],[353,55],[-14,39],[-395,-30],[-30,12],[-207,-35],[-237,39],[-12,27],[9,49],[119,21],[-33,43],[16,17],[-21,11],[-55,-19],[-20,25],[33,99],[49,49],[171,53],[230,-28],[103,9],[294,-48],[75,18],[-145,17],[-30,38],[-112,35],[-235,1],[-46,19],[-23,42],[35,44],[-29,33],[188,132],[231,28],[70,51],[80,0],[-29,-35],[147,11],[136,-52],[33,-85],[-7,-33],[-35,-9],[91,-123],[-37,-46],[48,-35],[41,20],[76,-2],[168,75],[92,-15],[77,24],[59,-28],[18,-39],[35,4],[1,-21],[63,0],[91,-42],[-47,-62],[51,-86],[304,-128],[20,-38],[-162,-51],[-72,-75],[31,-8],[59,42],[25,-9],[-25,-17],[40,-17],[38,27],[192,16],[-16,-34],[-48,0],[64,-32],[5,-57],[37,-12],[-19,-144],[54,-51],[-13,-33],[34,-32],[346,63],[44,-41],[195,6]],[[14554,41799],[0,-854]],[[12285,43298],[-10,52],[107,74],[92,26],[276,20],[158,-77],[27,-78],[-103,-85],[-74,26],[-278,5],[-195,37]],[[10182,42608],[-67,78],[-19,123],[-36,-52],[-66,18],[29,-47],[-26,-38],[69,-117],[-65,-10],[13,-28],[58,-22],[-12,-14],[-107,5],[132,-78],[18,-96],[-12,-10],[-58,35],[-32,-63],[45,-34],[-45,6],[-75,-77],[-85,-20],[-55,68],[-47,-80],[-59,-33],[-48,50],[47,155],[-29,12],[-5,41],[-56,-11],[-7,-24],[-42,24],[-22,60],[39,58],[-48,0],[42,51],[-96,71],[-68,-77],[-7,-95],[34,-128],[-29,-9],[14,43],[-23,22],[-39,-4],[-67,-43],[-19,-67],[-64,41],[-27,54],[-153,52],[-13,19],[-130,-5],[-5,-78],[-113,-50],[-114,5],[-53,45],[42,13],[38,47],[-30,-17],[-34,9],[80,51],[21,50],[-17,26],[-87,-9],[99,34],[-38,8],[-15,30],[-104,-25],[-46,-70],[-54,-11],[61,85],[-7,39],[30,-8],[14,68],[57,-7],[36,50],[8,87],[100,76],[207,41],[85,-15],[127,28],[48,81],[-2,50],[87,82],[19,83],[46,-21],[80,30],[49,47],[123,32],[87,68],[-29,67],[28,30],[66,12],[25,63],[38,15],[2,49],[24,18],[51,0],[49,96],[82,22],[25,44],[99,50],[46,119],[59,45],[93,-7],[68,51],[301,-1],[36,25],[118,13],[-52,-26],[13,-10],[64,13],[32,-39],[55,-14],[65,8],[9,-25],[105,-37],[46,20],[44,-11],[-12,51],[-43,3],[-8,29],[170,-54],[1,33],[77,59],[-47,12],[-50,-20],[0,24],[-66,-5],[-66,84],[32,15],[5,-22],[56,11],[84,52],[-80,18],[12,11],[232,32],[22,-43],[53,-1],[86,-50],[-29,-17],[19,-15],[145,-38],[154,-100],[26,-50],[-36,-3],[-31,-45],[-113,-20],[-71,-50],[-150,-20],[-25,-59],[-47,-14],[52,-31],[32,-87],[208,-88],[22,-27],[-82,-63],[-55,2],[-109,51],[-33,7],[-18,-17],[89,-111],[63,-17],[70,-160],[-51,-20],[-39,-65],[-113,-59],[-92,-17],[-114,6],[-38,-40],[-77,14],[-33,-40],[43,-71],[25,-131],[-95,-81],[-102,-38],[-102,15],[-42,28],[-8,40],[-85,5],[-94,98],[32,68],[-9,49],[48,35],[-23,43],[23,17],[-33,25],[36,51],[-8,61],[85,108],[-17,38],[-44,15],[-85,-73],[-137,9],[12,-74],[-86,9],[10,-43],[60,-49],[20,-110],[-82,-12],[-26,-51],[-65,8],[-26,41],[-47,19],[24,-32],[-79,-13],[-14,-38],[142,-56],[49,-125],[-39,-67],[-116,-20],[-18,-56],[24,-55],[-36,-26],[0,-35],[-45,-11],[-12,-46],[-86,38],[-23,99]],[[12825,44664],[52,-64],[-69,-56],[-206,-77],[-65,8],[-84,47],[-67,7],[0,21],[50,-17],[-10,28],[-151,95],[-122,123],[23,11],[48,-15],[81,33],[54,63],[166,57],[20,-23],[-32,-33],[44,-56],[67,13],[77,-100],[101,-22],[23,-43]],[[14554,44744],[-103,-41],[-290,-35],[-29,-20],[86,-108],[277,19],[42,-169],[-58,-55],[32,-55],[-65,-63],[-159,-60],[-101,-12],[-43,-41],[-188,23],[-57,-34],[-332,-96],[-169,55],[-79,115],[-66,-19],[-83,28],[-38,59],[-61,-5],[-36,83],[72,51],[-78,60],[32,84],[-64,84],[38,119],[74,22],[48,-31],[27,40],[307,106],[48,-10],[102,17],[60,39],[52,-29],[87,46],[117,29],[34,-10],[93,18],[13,-29],[56,-5],[70,43],[332,-6]],[[14554,44951],[0,-207]],[[14554,45235],[-154,-53],[-238,36],[-23,37],[-125,56],[-75,-26],[35,-41],[-18,-18],[-63,10],[-4,-66],[-168,-8],[-63,81],[-123,51],[-273,-63],[-6,-38],[-33,14],[-104,-40],[-88,13],[-41,64],[54,34],[3,52],[53,26],[351,139],[201,26],[51,-15],[186,71],[21,21],[-29,26],[58,5],[70,62],[16,-9],[135,48],[48,34],[148,10],[136,-83],[62,-15]],[[14554,45676],[0,-441]],[[2250,33945],[97,-110],[-53,-13],[-48,32],[-2,18],[23,-5],[-33,69],[16,9]],[[2488,34351],[54,-51],[-2,-23],[-54,32],[-61,9],[0,17],[63,16]],[[9542,34410],[189,-183],[132,-75],[98,0],[29,-21],[220,-42],[277,-87],[89,-119],[205,-129],[315,-91],[96,-70],[87,16],[-14,41],[17,7],[60,-72],[28,12],[150,-41],[38,26],[84,-67],[111,-27],[14,10],[-74,48],[-13,28],[19,9],[-112,85],[12,29],[39,13],[144,-73],[65,13],[-54,44],[-26,33],[12,9],[94,-51],[69,4],[33,-32],[135,-62],[45,-49],[24,-5],[-7,17],[20,12],[22,-10],[75,-66],[41,-72],[103,-47],[39,-37],[-13,-26],[31,-61],[94,-56],[15,-51],[42,-44],[11,-66],[-26,-2],[0,-32],[50,-17],[18,51],[29,-51],[-21,-9],[-50,-109],[10,-78],[-80,20],[-30,-26],[-32,0],[-53,41],[-82,-21],[-100,13],[-49,35],[-13,-10],[101,-110],[-37,-4],[-13,-42],[-179,37],[29,-55],[-32,-122],[64,-33],[-43,-42],[-159,-73],[11,-35],[59,-19],[65,8],[-5,-30],[69,-71],[57,-14],[98,30],[34,-7],[55,-45],[30,27],[96,-85],[74,18],[148,-57],[254,18],[129,-46],[98,17],[39,-13],[154,7],[32,14],[-8,51],[20,13],[67,-22],[74,26],[22,-68],[45,-11],[-22,79],[25,19],[156,-53],[-14,34],[19,25],[36,0],[-5,-31],[21,-6],[63,107],[58,25],[7,-19],[-28,-51],[13,9],[6,-17],[-19,-26],[58,35],[33,-27],[80,47],[46,69],[81,32],[73,74],[44,-1],[-7,26],[58,-26],[29,-36],[13,10],[-34,59],[23,41],[34,2],[52,-52],[-14,-100],[16,-64],[15,0],[11,30],[-20,34],[39,-4],[81,-90],[-23,-42],[58,-42],[-56,4],[12,-32],[93,-34],[11,61],[42,36],[1,-35],[43,-24],[25,16],[90,-19],[29,-57],[36,-175],[-44,-54],[4,-33],[39,-34],[-1,-21],[31,-3],[20,-70],[32,70],[12,249],[62,11],[37,-161],[12,-159],[11,-18],[16,7],[-3,95],[27,19],[29,-17],[28,-67],[127,-122],[56,-176],[-20,0],[15,-113],[-64,44],[-27,-17],[-28,13],[-36,-65],[-73,42],[-118,121],[45,-146],[17,1],[12,40],[59,-104],[82,-32],[21,-31],[2,-75],[-10,-23],[-45,-11],[21,-15],[63,15],[27,-23],[28,-62],[-7,-58],[29,-81],[15,67],[-15,47],[27,-17],[67,-126],[-17,-17],[42,-77],[33,-48],[6,31],[15,-3],[41,-122],[32,-26],[58,-105],[19,37],[-110,163],[-7,46],[-53,58],[-45,139],[-51,39],[-15,36],[40,-19],[12,19],[-36,281],[13,19],[24,-36],[24,-19],[13,9],[-27,110],[11,17],[55,-70],[19,-125],[-22,13],[-18,-13],[-36,45],[-24,-2],[38,-85],[17,1],[-3,17],[25,-26],[-14,-48],[24,-20],[16,27],[22,-46],[10,11],[-35,85],[34,-9],[8,17],[-22,87],[19,14],[84,-89],[43,-89],[20,1],[-84,196],[-64,64],[20,31],[54,22],[20,50],[-39,0],[-49,29],[-64,79],[-29,121],[-60,116],[9,27],[29,-25],[23,117],[-197,257],[-3,61],[33,118],[114,60],[19,54],[-43,23],[-25,-13],[-14,33],[-36,17],[15,120],[15,18],[70,-37],[-10,-20],[-45,-5],[36,-17],[-45,-42],[28,-25],[43,74],[47,22],[72,-30],[26,6],[107,104],[18,-7],[-13,-43],[86,11],[-9,15],[21,18],[79,-27],[6,43],[-32,84],[12,20],[50,6],[-9,-38],[26,-30],[6,94],[64,-58],[25,-62],[19,35],[26,7],[-64,52],[27,93],[-21,34],[12,24],[43,0],[48,52],[32,0],[28,-34],[33,42],[29,-4],[10,38],[45,-21],[26,55],[9,-34],[34,-1],[14,77],[-38,76],[61,109],[-37,-1],[-30,-32],[-41,34],[-29,1],[-53,-26],[-16,-33],[-219,-95],[62,0],[-55,-10],[3,-74],[-18,26],[-30,0],[20,-51],[49,-25],[-32,-60],[1,-76],[-18,5],[-28,62],[-31,0],[-32,79],[-11,-55],[-49,19],[-53,-26],[-60,-117],[-56,-2],[-29,62],[-81,6],[-18,35],[-93,-25],[-39,16],[-29,-93],[126,-106],[3,-20],[-108,17],[-38,-41],[-40,8],[10,22],[-75,2],[-113,-77],[-21,55],[27,13],[-3,-33],[14,1],[12,79],[-16,39],[-22,-68],[-23,7],[26,102],[-7,43],[-17,10],[-61,-64],[-53,-6],[-17,-25],[-39,48],[34,40],[-3,47],[73,67],[88,200],[59,75],[223,39],[25,-9],[154,67],[62,1],[66,60],[113,62],[53,21],[62,-1],[47,44],[122,55],[40,61],[105,-57],[94,-21],[154,-198],[-33,-89],[61,-148],[39,-18],[1,-41],[-7,-16],[-29,30],[-17,-4],[-46,-50],[-4,-45],[99,0],[-10,-42],[15,-31],[133,-118],[20,22],[-42,42],[42,18],[20,-22],[28,54],[24,-73],[-48,-39],[5,-30],[24,-8],[30,44],[16,-20],[71,1],[15,-18],[-34,-118],[27,0],[12,-69],[40,-16],[11,-45],[56,3],[22,25],[80,-40],[73,30],[53,-31],[40,3],[40,55],[70,-9],[14,86],[54,45],[35,-71],[-19,-43],[8,-81],[57,-51],[41,-3],[33,-50],[64,-1],[18,-51],[69,-86],[146,-41],[68,-73],[25,9],[16,-48],[0,62],[41,41],[23,-31],[27,1],[21,51],[19,-8],[19,-45],[29,-9],[19,-41],[26,24],[32,-42],[24,8],[44,-25],[27,21],[26,-8],[-15,54],[31,-20],[56,5],[5,59],[37,-18],[37,38],[-2,-46],[66,0],[31,27],[-7,71],[35,-40],[30,38],[16,-12],[13,42],[29,-25],[24,20],[2,-62],[83,67],[116,-8],[40,-34],[24,9],[29,-18],[19,18],[52,-29],[23,32],[62,-42],[32,18],[37,-30],[30,14],[93,-99],[55,19],[60,-9],[21,-31],[21,68],[75,2],[23,73],[44,-37],[106,14],[-42,93],[-39,4],[-90,105],[-3,139],[42,0],[28,32],[29,-63],[125,-148],[77,-204],[21,11],[30,-23],[27,-66],[61,-15],[112,-111],[67,19],[66,70],[29,-53],[8,50],[63,19],[-32,42],[-45,0],[49,97],[-60,163],[-21,-48],[-33,-11],[-154,180],[-17,-61],[-21,17],[-36,-16],[-50,-56],[-21,38],[-30,-75],[8,-75],[-22,-2],[-60,120],[-85,93],[-21,76],[-66,101],[25,-16],[14,51],[24,3],[20,-125],[41,57],[5,48],[-107,85],[26,17],[-49,51],[-57,109],[38,4],[55,-63],[-13,41],[31,-15],[8,15],[-31,75],[147,-150],[29,38],[32,-14],[-6,54],[89,-28],[-1,58],[75,-28],[-11,41],[-58,27],[-2,29],[-52,64],[14,59],[26,-21],[32,17],[71,-20],[33,-89],[50,-43],[4,39],[-26,-6],[-21,18],[27,50],[62,4],[80,-46],[5,-28],[66,-65],[-25,1],[0,-20],[79,-50],[0,-50],[-29,12],[-12,-50],[73,-29],[111,54],[28,-45],[-23,-14],[-1,-34],[28,-31],[14,84],[49,61],[39,18],[-31,-39],[-26,-117],[-55,-64],[2,-32],[-74,-51],[-3,-56],[18,-12],[34,-1],[35,64],[25,-34],[56,12],[-16,49],[-33,-6],[27,61],[93,79],[133,66],[53,55],[-87,-186],[27,-38],[-90,-376],[12,-91],[-15,-47],[8,-23],[16,25],[-5,-71],[-7,-19],[-26,3],[-32,87],[-17,-145],[-51,-41],[16,-8],[-16,-80],[35,22],[26,-64],[59,-23],[54,52],[13,-33],[-74,-147],[-13,-91],[52,18],[15,-50],[34,21],[44,70],[17,-12],[69,105],[21,6],[18,-51],[35,64],[20,-13],[12,-23],[-9,-41],[-132,-196],[60,36],[19,36],[11,5],[-10,-26],[20,-5],[47,21],[17,-24],[1,-73],[19,13],[3,60],[25,-50],[-16,-111],[42,-58],[-9,-60],[-9,-14],[-17,14],[-9,-31],[-85,-3],[-16,26],[16,25],[-146,-50],[-22,76],[-15,0],[29,76],[-12,5],[-43,-72],[10,-52],[-47,-21],[-14,13],[19,25],[-67,4],[-10,98],[-32,0],[-21,28],[-29,-41],[27,-81],[45,-24],[26,-59],[44,-33],[26,-86],[115,-90],[34,-118],[-19,-88],[13,14],[24,57],[52,38],[-11,64],[-11,13],[-4,-67],[-32,-5],[-18,66],[-55,102],[-42,39],[-44,94],[55,33],[42,-30],[28,17],[24,-8],[20,-42],[74,12],[32,-12],[45,37],[11,-26],[34,-14],[46,91],[-39,43],[-22,92],[11,41],[-11,44],[37,72],[6,63],[39,21],[-74,80],[-21,127],[-18,12],[41,67],[-6,51],[-58,108],[-41,20],[-73,82],[14,53],[61,53],[4,97],[-21,16],[75,148],[-4,46],[-23,8],[116,26],[-19,-59],[84,67],[25,-44],[51,6],[33,-36],[30,9],[111,154],[103,100],[61,31],[0,117],[42,72],[81,66],[90,37],[93,65],[17,60],[70,39],[-96,-33],[-31,17],[-50,-17],[25,168],[60,118],[-37,69],[7,77],[-48,19],[-56,-19],[11,58],[-36,-17],[51,85],[-12,6],[-52,-49],[16,0],[-22,-42],[13,-17],[-65,-97],[10,-46],[-19,-17],[20,-17],[44,55],[0,-30],[61,51],[-6,-25],[-126,-144],[-88,-6],[-61,-43],[-25,25],[-20,-23],[-30,47],[-30,-8],[40,166],[-24,96],[33,11],[42,-41],[45,100],[80,30],[2,72],[78,64],[-61,-34],[-55,-7],[-34,36],[31,149],[-26,26],[15,30],[120,54],[85,-20],[50,73],[60,38],[40,2],[-72,-107],[-61,-54],[-34,-76],[32,26],[-32,-51],[6,-13],[26,5],[-13,-66],[123,161],[102,91],[-54,-17],[-52,8],[64,153],[-12,-7],[-38,57],[-62,-9],[-53,-50],[-5,17],[-28,-12],[2,-40],[-29,-23],[-103,-1],[-81,23],[-93,151],[-19,80],[-27,-3],[-5,61],[-63,-32],[19,-52],[-11,-31],[-60,-28],[-45,46],[-20,-4],[-6,26],[-50,-7],[-25,29],[-106,51],[-121,126],[-39,-3],[-16,-53],[-20,34],[20,25],[-10,16],[-19,-3],[-10,-29],[-50,11],[-52,74],[-56,24],[23,22],[20,-21],[15,16],[-19,26],[16,17],[-10,52],[-31,19],[-38,-2],[-126,193],[-23,133],[13,131],[48,83],[46,8],[6,89],[47,104],[21,-48],[53,75],[38,-36],[94,-32],[-122,86],[0,45],[113,88],[-42,-7],[-103,-65],[-32,-40],[-74,51],[-43,90],[-76,65],[48,313],[28,9],[30,52],[-16,31],[-4,-37],[-19,-4],[-48,50],[48,55],[32,-29],[7,16],[-39,42],[13,86],[-23,-9],[-12,25],[28,26],[66,6],[44,103],[37,33],[98,-12],[40,-66],[85,-73],[57,6],[8,36],[-32,43],[54,0],[17,25],[-51,58],[80,103],[-55,-30],[-148,30],[-64,51],[32,50],[-16,17],[30,25],[57,8],[28,50],[81,60],[101,2],[-2,67],[31,63],[108,22],[115,-22],[62,47],[-15,7],[-56,-42],[-161,27],[-36,-17],[-35,39],[13,87],[318,65],[27,-14],[8,-43],[38,-21],[-15,-36],[-38,-10],[25,-19],[-4,-36],[-42,-8],[-46,-38],[25,-94],[48,102],[22,-44],[12,27],[31,-17],[-29,-164],[97,156],[41,-39],[32,35],[49,-47],[66,35],[42,-17],[2,-75],[-49,-61],[87,-93],[101,-54],[28,-42],[68,-41],[31,-105],[62,-21],[17,-24],[20,-153],[37,-80],[-13,-108],[15,-32],[-25,-145],[25,-84],[-39,-17],[-54,43],[6,-22],[44,-56],[59,-9],[60,-44],[15,-47],[-26,-16],[35,-17],[-16,-35],[29,10],[93,-26],[53,-43],[-17,-42],[17,-32],[25,64],[34,-36],[11,-21],[-45,0],[-6,-26],[33,-59],[-44,-25],[82,-21],[-11,-47],[44,-17],[-2,-33],[22,0],[4,-85],[-45,-26],[41,-1],[19,-56],[18,51],[31,6],[-24,44],[12,31],[35,-7],[9,-28],[29,24],[16,-47],[-19,-17],[16,-126],[21,42],[66,-92],[-16,-21],[-211,-27],[-60,63],[-49,17],[-34,86],[0,-21],[-32,-5],[47,-29],[-2,-21],[-100,-18],[45,-42],[-40,-60],[-53,-24],[26,-2],[25,-39],[10,28],[68,32],[94,-7],[79,-80],[-63,-37],[-91,-107],[3,-39],[-133,-72],[-9,-65],[-38,37],[-17,-46],[-86,-68],[154,8],[-39,-4],[-54,-39],[-55,19],[-32,-19],[119,-24],[31,36],[62,17],[39,-12],[10,26],[13,-17],[-17,-33],[53,-3],[41,-40],[40,-9],[-81,10],[-17,16],[29,-51],[54,-42],[-3,-17],[155,-84],[-2,29],[43,38],[-12,9],[42,8],[32,34],[-10,34],[47,38],[1,21],[98,-1],[18,-24],[39,19],[0,-28],[35,9],[-6,-19],[-53,-13],[-66,-76],[-85,-24],[-8,-27],[99,14],[74,51],[37,-63],[49,17],[14,-14],[37,26],[5,-58],[64,0],[12,55],[33,3],[102,-54],[32,-60],[27,12],[-19,-21],[-58,14],[-40,-25],[-28,32],[-39,0],[55,-41],[-99,-68],[-4,-135],[-61,-9],[19,26],[-35,0],[26,42],[-81,-42],[-4,18],[40,32],[26,60],[-110,-85],[-122,85],[319,-309],[47,-26],[-18,-100],[45,-24],[15,-49],[-19,-39],[41,-6],[46,-40],[-22,-33],[28,-8],[-54,-11],[-29,-40],[17,-6],[57,39],[-7,-66],[-17,-7],[-8,15],[-10,-51],[21,-51],[-37,-93],[35,-42],[-23,-24],[29,-47],[-61,-112],[136,-88],[-74,-43],[65,18],[47,-148],[55,38],[-21,65],[77,79],[-1,67],[48,34],[-4,23],[18,2],[23,78],[-35,7],[-23,66],[64,134],[26,-44],[-8,-63],[26,25],[13,211],[-23,17],[-7,145],[22,89],[124,165],[51,117],[63,36],[76,-14],[44,-41],[45,-116],[55,-69],[225,-188],[107,-151],[35,-98],[3,-175],[52,-147],[18,-170],[-25,-93],[-46,-67],[-39,46],[-72,8],[-9,171],[-9,-37],[-85,-77],[54,-204],[-28,-62],[4,-37],[-21,-19],[3,-67],[43,-204],[56,-92],[10,-81],[34,-47],[60,-34],[132,-211],[83,-87],[17,-123],[22,15],[17,-10],[-4,-32],[-61,-59],[-7,-93],[68,76],[21,-8],[18,-94],[29,161],[42,1],[11,-61],[21,104],[30,-21],[21,11],[-16,59],[-46,62],[25,2],[30,-39],[7,54],[37,48],[49,15],[58,-67],[18,62],[15,-80],[29,19],[-6,101],[26,15],[13,181],[-36,101],[87,194],[101,140],[-1,72],[16,0],[8,-43],[83,90],[-6,70],[24,23],[-11,77],[39,14],[7,22],[-25,29],[16,64],[-17,34],[60,91],[-14,48],[38,21],[-35,30],[-1,181],[35,126],[27,25],[41,-17],[30,28],[-49,34],[71,-12],[23,-14],[-13,-25],[78,-26],[-17,33],[10,22],[54,-22],[78,18],[80,-34],[16,34],[-26,63],[-45,14],[-38,-17],[-90,44],[3,37],[61,-14],[-6,16],[25,9],[-32,26],[32,21],[-67,29],[30,21],[130,-39],[-5,41],[-43,9],[-38,44],[70,0],[14,31],[39,-31],[67,-15],[25,33],[-58,7],[-18,22],[-18,-14],[-18,64],[-73,-9],[-12,33],[-38,15],[29,25],[-20,7],[-40,-31],[-20,8],[11,35],[42,11],[18,13],[-12,7],[-73,-9],[-15,-46],[-33,3],[-22,20],[52,42],[-87,33],[-39,76],[-6,61],[45,-22],[25,13],[-56,36],[8,22],[-32,52],[58,13],[-13,37],[32,-9],[-26,32],[-38,-32],[-25,27],[1,78],[24,47],[45,0],[-75,110],[49,72],[-35,72],[55,19],[3,-36],[27,43],[-17,41],[-103,10],[12,31],[114,-13],[69,-65],[56,-22],[12,37],[70,15],[11,17],[-19,25],[16,11],[42,-29],[37,19],[167,7],[24,-33],[56,-10],[64,-75],[103,-37],[28,-27],[121,-30],[22,9],[43,-16],[49,33],[109,-33],[55,16],[101,-16],[-5,25],[48,-4],[10,-31],[74,-33],[77,-8],[-72,-28],[-23,27],[-75,9],[12,-17],[-32,-17],[49,-25],[-94,-26],[64,-10],[65,-83],[-17,-11],[-346,79],[-19,-22],[475,-149],[26,-32],[-20,-10],[-57,19],[116,-127],[-52,-9],[6,-29],[-25,-13],[12,-22],[113,13],[-9,26],[26,10],[112,-13],[121,-79],[43,6],[28,-17],[33,-127],[-54,4],[-44,-38],[-46,-88],[-48,2],[-22,-61],[-73,-19],[-83,-63],[116,43],[13,-17],[40,10],[53,-43],[13,-51],[27,39],[59,5],[68,-115],[-16,-167],[-179,-161],[-78,27],[-5,-73],[-60,-50],[-30,4],[-33,94],[-87,33],[45,-60],[-21,-37],[-98,22],[-85,67],[-11,-41],[65,-41],[-29,-25],[-40,5],[-3,-17],[7,-28],[62,-1],[63,-67],[-4,-45],[-61,-2],[31,-42],[34,-18],[45,27],[3,-61],[-37,-82],[14,-35],[66,-27],[31,30],[30,84],[24,-3],[-12,-104],[-49,-23],[20,-37],[-45,-90],[35,-122],[61,-60],[11,-35],[57,-33],[4,-42],[56,-46],[27,-59],[87,-73],[103,-207],[-36,-109],[-45,-339],[-17,-39],[-21,-6],[-6,-74],[-60,10],[-40,-45],[-49,33],[-63,-28],[-37,-61],[10,-26],[-37,-59],[5,-30],[-45,-66],[10,-82],[-102,17],[-4,-39],[-39,-20],[-7,-35],[-35,-33],[-17,-67],[-123,0],[-27,-19],[-42,0],[-13,-74],[-161,-179],[-61,18],[-29,-19],[-13,10],[10,17],[-42,59],[13,0],[0,28],[36,-68],[11,13],[-54,95],[-16,63],[-79,25],[-32,63],[-23,-16],[-8,11],[4,32],[-19,17],[4,80],[34,13],[17,-74],[18,48],[-48,76],[35,85],[-15,85],[-12,-73],[-50,-46],[10,-7],[-35,-44],[2,-36],[-19,-8],[-77,36],[16,50],[-16,23],[-51,8],[-13,29],[93,8],[-80,60],[1,61],[-40,6],[-41,51],[76,-25],[23,16],[-206,68],[-47,40],[-14,-7],[16,-16],[-16,-8],[45,-27],[-19,-25],[70,17],[46,-33],[-172,-17],[-98,-60],[32,-16],[-28,-34],[-11,9],[6,-22],[41,-38],[88,45],[14,43],[-43,13],[13,12],[39,-12],[9,33],[49,12],[22,-28],[55,9],[6,-44],[-74,-6],[62,-27],[51,-67],[-68,37],[-19,-10],[20,-26],[154,-59],[-61,-69],[9,-8],[55,-42],[25,25],[55,-17],[-31,-113],[149,-201],[15,-142],[37,-19],[10,-58],[36,-50],[-12,-29],[-69,-39],[34,64],[-87,-8],[-15,37],[-60,37],[-11,52],[-24,22],[-68,-57],[-18,18],[-17,85],[-53,54],[-47,-76],[111,-164],[11,-47],[-13,-8],[-35,0],[-60,60],[-82,15],[-42,51],[-53,-17],[-46,40],[-17,54],[-28,-77],[-30,2],[-18,112],[-15,14],[-5,133],[-44,108],[-23,9],[-149,-92],[-58,19],[-109,-18],[-32,26],[-36,0],[-28,42],[-23,-50],[-96,50],[9,-25],[-20,-36],[-56,31],[-20,-12],[71,-101],[-17,-11],[-57,28],[-9,-9],[88,-163],[138,-35],[204,-114],[17,-38],[-56,-80],[0,-77],[-42,-45],[-61,-19],[-15,-63],[-94,-42],[-32,-102],[19,-42],[-5,-48],[-40,-87],[-53,-18],[-77,-119],[-76,-32],[-12,-59],[-33,-5],[-14,-29],[2,-31],[22,-20],[-7,-21],[-142,-89],[-257,4],[-64,33],[-74,64],[-48,97],[-64,78],[-174,113],[196,-17],[-155,53],[-48,36],[-58,-9],[-66,40],[-23,59],[-71,46],[-46,66],[-19,10],[-14,-24],[-15,6],[-12,47],[-71,59],[-34,-13],[-97,24],[-17,-11],[111,-67],[17,-41],[-19,-45],[-128,85],[-45,-8],[-42,-32],[-97,32],[100,25],[-7,27],[-77,-27],[-331,59],[-36,-8],[-60,36],[-88,-36],[219,-171],[13,10],[-58,110],[27,29],[82,-31],[172,-27],[268,-108],[104,-82],[58,-97],[68,-53],[35,-130],[98,-76],[26,-76],[42,-61],[50,19],[26,-26],[355,-52],[21,-16],[64,26],[89,-26],[1,26],[42,15],[62,-40],[73,9],[153,-46],[-5,-39],[37,-33],[19,-47],[-27,-47],[10,-57],[-65,-70],[16,-34],[-19,-34],[-23,-7],[-36,-73],[-28,-84],[2,-60],[-34,-13],[-34,-57],[-11,46],[-20,-14],[-1,-122],[-30,-80],[-109,-66],[-43,-226],[-66,-93],[-4,-26],[32,-56],[-29,-8],[-33,-54],[-51,4],[-122,-115],[-36,-4],[4,-25],[-54,-20],[-20,-48],[-56,23],[-18,-10],[-18,31],[-30,-24],[-16,6],[0,26],[-69,51],[-50,128],[-17,-28],[95,-216],[31,-11],[-58,0],[10,16],[-32,9],[-44,53],[18,-62],[-61,93],[-28,-21],[-50,69],[-9,-67],[38,-90],[-12,-1],[-69,136],[-31,17],[7,-55],[-56,96],[11,29],[31,18],[-7,96],[-16,31],[-10,-60],[-38,5],[29,-35],[-3,-44],[-65,32],[-73,-46],[40,-37],[8,29],[43,-8],[9,-17],[-14,-43],[42,-51],[-31,-17],[48,-50],[-7,-60],[-64,-5],[-13,14],[21,39],[-20,32],[-17,-5],[6,-24],[-31,5],[-4,-21],[-36,67],[-51,0],[90,-102],[-19,-8],[15,-40],[60,-89],[-4,-43],[-68,3],[29,-33],[-52,-119],[10,-34],[-52,-28],[-12,19],[29,17],[-35,18],[-21,-37],[-49,-1],[-21,20],[16,17],[-41,17],[29,9],[-78,42],[3,-27],[-29,-24],[25,-12],[21,26],[16,-6],[14,-49],[-7,-41],[-17,15],[-71,-43],[-78,-7],[-113,84],[-39,-5],[-38,34],[-36,7],[0,30],[28,-17],[-6,18],[-76,48],[-78,-11],[8,30],[-21,42],[-23,-40],[-93,10],[-20,31],[48,35],[-52,12],[-3,-39],[-28,-48],[-145,38],[-62,64],[-115,39],[-17,47],[-61,4],[-19,42],[-52,-7],[-46,51],[-132,61],[-83,103],[-5,72],[-28,-4],[-40,36],[46,-65],[7,-60],[52,-69],[-21,-25],[26,-16],[-104,-9],[-2,-42],[28,0],[30,-96],[54,-40],[48,-8],[29,-31],[16,-3],[-22,38],[35,-17],[42,13],[-63,33],[-47,77],[13,8],[-16,26],[27,22],[147,-124],[83,-45],[68,-10],[73,-64],[52,50],[30,-32],[11,-60],[76,0],[71,-58],[-42,-18],[-10,-22],[19,-28],[-50,-27],[-22,36],[-29,-68],[-68,-39],[-8,-12],[37,-33],[19,30],[36,-1],[8,29],[48,-42],[23,100],[28,-1],[78,76],[83,39],[75,-78],[10,-82],[27,-6],[66,-61],[4,-53],[36,17],[69,-10],[42,-50],[29,23],[109,-91],[-23,-6],[-67,39],[15,-33],[59,-38],[61,-13],[3,-23],[-32,-20],[26,-58],[-11,-17],[15,-45],[-4,-48],[-16,-1],[26,-24],[-10,-35],[19,-59],[-16,-9],[29,-25],[-15,-34],[-20,2],[-10,-26],[16,0],[-6,-14],[-24,-4],[14,-33],[-29,-9],[0,-26],[-116,8],[-79,-67],[-10,-43],[-43,-39],[-51,-10],[32,-26],[-19,-18],[-206,52],[-142,59],[17,-90],[-29,1],[-81,50],[-56,-25],[-1,-38],[46,-76],[62,-50],[-24,-1],[-1,-15],[145,-29],[34,-19],[4,-24],[-26,-98],[-19,-12],[-90,20],[-5,18],[21,25],[-20,37],[-44,-21],[16,-26],[-8,-14],[-37,7],[9,-26],[-51,-8],[-23,17],[10,41],[-11,14],[-18,-29],[-47,57],[37,-109],[-9,-51],[27,25],[-21,-42],[7,-42],[-39,29],[-43,1],[-5,-88],[16,-26],[-68,-26],[97,-40],[14,-36],[-21,-42],[28,-72],[50,-63],[-41,26],[-19,-13],[-11,62],[-33,26],[-3,42],[-22,34],[-16,-9],[-39,38],[-22,-6],[-161,71],[156,-103],[2,-24],[48,-15],[22,-45],[-19,-50],[-26,8],[-13,25],[-51,-1],[13,-24],[-10,-13],[-39,5],[-19,-23],[-6,-37],[21,-15],[46,13],[26,-14],[-35,-60],[-29,17],[-5,-50],[-40,8],[-4,-76],[-54,79],[-23,5],[19,-42],[-58,17],[94,-93],[-80,-9],[36,-31],[15,-36],[-27,0],[-75,53],[-57,16],[59,-78],[-43,-3],[-14,-32],[52,-7],[16,-25],[57,-17],[-42,-17],[24,-26],[63,2],[-6,-54],[-89,36],[-8,-9],[23,-44],[51,2],[-61,-51],[-36,-9],[-80,-84],[-45,-76],[-22,26],[-29,-85],[-42,-59],[22,-59],[-16,-10],[53,-20],[14,-29],[-2,-42],[-55,-34],[-77,34],[38,-60],[16,-68],[-48,-76],[29,0],[-8,-68],[27,8],[6,-17],[-66,-42],[-54,-202],[-52,-56],[-27,-116],[6,-45],[-45,-96],[-13,-127],[-24,-23],[-55,31],[-23,-17],[45,-34],[-12,-22],[-62,5],[56,-29],[31,-101],[-46,-157],[15,-84],[-18,-59],[7,-68],[-26,-32],[0,-61],[-21,-23]],[[35908,23013],[-48,44],[-61,23],[-35,51],[-17,62],[16,24],[47,-9],[40,18],[16,-43],[22,-10],[14,-91],[21,33],[25,0],[1,-37]],[[14554,38302],[78,-49],[-8,40],[38,17],[-108,47]],[[14554,38641],[46,-18],[24,-60],[45,18],[64,-25],[-61,-43],[177,-136],[-13,-24],[103,19],[32,-28],[-22,-25],[102,-62],[-41,-32],[-7,-92],[97,0],[-12,40],[110,-50],[20,-76],[-34,-176],[60,-196],[-3,-66],[27,-13],[19,31],[19,-18],[-17,-18],[20,-59],[-10,-118],[58,-18],[-22,-50],[55,42],[15,-8],[-14,-64],[-34,-37],[23,-60],[-20,-42],[55,-55],[-35,-39],[22,-20],[47,21],[24,-8],[29,-101],[72,-33],[43,12],[7,21],[-51,54],[15,69],[63,-33],[49,83],[146,38],[-103,79],[20,21],[57,-16],[26,34],[-77,34],[-3,59],[-85,42],[-25,76],[20,30],[-23,29],[13,9],[-67,17],[-8,135],[-33,55],[13,15],[42,-29],[14,23],[-7,29],[-54,42],[20,34],[-31,58],[40,35],[-50,13],[-43,55],[52,8],[0,60],[-65,58],[26,27],[-59,145],[12,20],[-40,138],[18,30],[-30,57],[15,32],[-46,72],[36,12],[-66,100],[18,52],[45,38],[139,-21],[-17,28],[-78,39],[-41,77],[68,9],[-35,50],[138,-34],[62,2],[97,-49],[179,-136],[29,23],[-55,59],[19,51],[101,37],[45,-23],[48,-84],[53,-20],[27,26],[47,-98],[80,-83],[106,-47],[38,20],[46,-17],[5,-58],[100,-67],[-17,-17],[55,-68],[-16,-26],[58,-33],[32,-51],[-16,-26],[39,-41],[-30,-9],[-47,69],[-13,-10],[38,-59],[-13,-34],[78,-60],[-26,-42],[13,-76],[41,-17],[-8,-55],[24,-21],[-6,-37],[-45,4],[159,-325],[2,-38],[-36,-60],[7,-51],[35,-17],[30,-72],[33,-171],[69,-47],[142,-304],[-19,-82],[41,-51],[-12,-59],[30,-88],[-59,21],[-38,-25],[22,-121],[-17,-64],[-80,-96],[26,-57],[135,-124],[48,-22],[45,-70],[51,-168],[72,-24],[92,-101],[36,-68],[124,-10],[79,-107],[99,-15],[-8,41],[-40,6],[-44,48],[-17,105],[14,26],[21,-6],[106,-99],[4,-99],[208,-112],[75,-65],[27,-49],[31,14],[96,-100],[32,-3],[29,55],[46,3],[46,-38],[-25,-90],[44,-107],[63,12],[22,61],[68,-47],[40,26],[21,50],[56,-49],[-8,-90],[33,-88],[-15,-113],[34,-47],[6,-98],[-10,-57],[-25,-23],[13,-28],[-21,-69],[-60,-4],[-29,39],[-48,-30],[-34,14],[-67,189],[15,95],[-110,-324],[-16,55],[-67,69],[-41,-10],[-51,143],[-52,-28],[-10,85],[-22,23],[-5,-83],[-28,0],[-24,-25],[23,-43],[-18,-38],[-18,-3],[-10,65],[-7,-47],[-34,14],[-47,-58],[-42,32],[44,-88],[43,-9],[-10,-156],[-29,-19],[-116,-13],[-160,97],[-65,96],[-39,-16],[-19,33],[-33,-17],[-9,-93],[136,-79],[44,-143],[19,103],[21,-10],[11,-40],[13,-76],[-22,-68],[6,-106],[-23,-49],[-64,-48],[5,-100],[14,-3],[17,61],[41,43],[98,228],[136,33],[39,83],[85,28],[93,-17],[55,-60],[10,-44],[-43,-59],[-38,11],[-26,-17],[0,-42],[30,17],[34,-55],[-25,-59],[-30,44],[-26,4],[-5,-62],[62,-57],[31,74],[45,23],[73,-83],[2,-88],[-46,-97],[20,-59],[-67,-33],[-43,41],[-52,-61],[-67,-16],[-45,18],[5,-47],[-60,-63],[-52,0],[-54,42],[17,-74],[-54,-12],[-42,-32],[-46,-3],[-69,51],[-79,-15],[-25,-60],[-86,60],[-24,-17],[-161,60],[-65,-9],[-58,43],[-19,67],[-19,-9],[16,-41],[-83,43],[-39,-83],[-30,-13],[-248,40],[-73,72],[62,58],[38,-18],[16,19],[-10,17],[63,39],[-11,47],[-75,23],[-12,-16],[41,-34],[-102,37],[-95,8],[-42,66],[-158,27],[-47,-36],[-41,16],[-62,-12],[-98,47],[5,60],[60,63],[-20,140],[-58,49],[-33,60],[-34,17],[-74,-73],[-5,-80],[-99,-21],[-14,-44],[26,-137],[-42,-22],[0,-56],[-38,14],[-29,-33],[-78,-138],[-66,-40],[-218,-64],[-137,-10],[-45,24],[-99,-7],[-12,-87],[-218,-185],[-150,-35],[-130,-70],[-283,-17],[-70,-63],[-32,43],[-58,10],[-42,-37],[-151,-51],[-29,20],[92,38],[-10,18],[-72,-8],[-42,-28],[-145,-2],[22,-20],[78,-15],[-21,-38],[-132,30],[-336,-35],[-23,12],[-45,-28],[-99,6],[-26,-40],[-43,-15],[-69,15],[-163,-26],[-28,26],[20,34],[93,-17],[5,26],[-42,47],[-98,54],[-44,68],[-4,67],[-101,141],[23,37],[-25,79],[47,69],[1,79],[-32,0],[6,17],[36,1],[-49,55],[-9,54],[16,9],[-29,29],[3,39],[87,-25],[-15,20],[-162,50],[-28,34],[-88,-10],[-57,41],[-67,5],[-216,-43],[-39,36],[-31,3],[-50,-49],[-36,-3],[-369,71],[-37,44],[-43,6],[-179,90],[-50,59],[35,43],[-25,50],[7,33],[-78,18],[26,-33],[-12,-9],[-81,60],[-10,16],[37,33],[-4,19]],[[14554,37991],[105,-27],[-105,74]],[[14554,38072],[56,-40],[46,16],[-102,151]],[[14554,42252],[150,45],[46,44],[72,24],[20,21],[-22,16],[66,7],[12,19],[-56,17],[32,58],[-78,45],[-25,47],[-74,7],[2,36],[-64,20],[-34,-11],[5,-42],[-52,35]],[[14554,42961],[92,7],[48,43],[-67,8],[42,51],[-10,26],[61,-9],[-6,35],[51,16],[28,115],[75,45],[5,36],[66,41],[84,9],[49,-16],[67,58],[51,-60],[-19,-54],[74,-5],[38,-42],[-8,-57],[-51,-50],[-73,-3],[21,-51],[70,-50],[-42,-51],[48,-8],[-30,-39],[49,-29],[-61,-44],[12,-16],[127,-17],[112,-135],[-27,-34],[-34,9],[-10,-16],[68,-35],[-15,-19],[-121,-45],[-38,-88],[35,-17],[-54,-59],[286,34],[74,-36],[43,-61],[-72,-73],[26,-17],[-75,-19],[-70,-116],[10,-25],[49,5],[94,117],[166,41],[137,-24],[-15,-71],[14,-33],[57,-26],[-36,-25],[39,-26],[-6,-52],[38,-76],[0,144],[60,37],[65,6],[-127,46],[5,157],[114,115],[137,4],[273,-88],[72,-65],[65,-99],[21,-138],[-19,-16],[34,-98],[-60,-123],[-80,-33],[13,-25],[-42,-17],[61,-14],[13,-20],[-54,-56],[26,-63],[-114,-135],[-21,-55],[47,-39],[-24,-46],[-56,-14],[-30,-37],[31,-59],[-353,-66],[-115,-98],[-106,-5],[-132,29],[-82,48],[-3,116],[-37,31],[-1,-83],[-37,-25],[-65,-1],[21,-50],[-34,-27],[35,-17],[-222,-24],[-71,53],[-112,31],[139,-9],[-40,75],[-107,40],[-56,-30],[3,-51],[-45,0],[19,-17],[-171,-56],[-16,-53],[-66,-45],[-24,-11],[-141,15],[-57,-22]],[[14554,41799],[460,-57],[54,-24],[-8,63],[-50,29],[18,18],[65,-9],[-19,34],[29,42],[-48,69],[51,16],[-112,34],[-16,39],[-144,35],[-26,19],[28,8],[-135,8],[29,34],[-36,16],[23,27],[-21,13],[-41,-20],[-24,9],[-25,-23],[-52,32]],[[14554,44951],[144,-2],[55,-54],[-50,-102],[-149,-49]],[[14554,45676],[55,-13],[22,-49],[97,-61],[66,-1],[106,-114],[4,-43],[-70,-184],[-47,8],[-148,-26],[-85,42]],[[15554,31186],[29,89],[-3,-119],[-49,-79],[-13,4],[36,105]],[[15473,31233],[25,-31],[27,-3],[-47,-64],[-37,166],[32,-68]],[[15769,31402],[45,-17],[-12,-20],[-93,0],[-33,95],[3,55],[90,-113]],[[15492,31715],[-37,13],[-30,37],[10,11],[41,-36],[4,25],[-23,17],[14,25],[36,14],[1,29],[33,5],[6,-98],[-22,-60],[13,-32],[-10,-26],[-36,76]],[[15360,31917],[-6,-51],[-39,-33],[-17,5],[-37,79],[13,17],[-10,17],[16,13],[45,-30],[22,17],[13,-34]],[[15435,32053],[7,37],[51,-19],[38,-137],[-14,-18],[-12,22],[-43,-16],[17,-44],[-34,-44],[-15,101],[31,16],[-22,24],[-4,78]],[[20456,32129],[31,38],[14,-13],[1,-59],[-86,-69],[-16,26],[11,43],[-16,17],[61,17]],[[14926,32230],[66,26],[15,-26],[-45,-26],[-36,26]],[[12614,32351],[76,5],[23,-15],[-146,0],[-28,25],[38,8],[37,-23]],[[12938,32399],[76,15],[17,-23],[-22,-17],[-109,-14],[-36,14],[96,9],[-22,16]],[[14045,32324],[132,118],[-33,-85],[-93,-46],[-6,13]],[[15470,32434],[-18,-87],[-73,-2],[18,83],[49,35],[17,-2],[7,-27]],[[15067,32391],[18,-24],[-17,-35],[-108,75],[-27,77],[70,-50],[-12,25],[65,-5],[23,-20],[-12,-43]],[[19736,32577],[-3,-67],[19,-17],[-23,-25],[-48,92],[55,17]],[[14859,32560],[22,-60],[-16,-33],[-97,93],[36,-8],[-16,43],[10,17],[61,-52]],[[14527,32611],[66,51],[21,-9],[-18,-54],[-162,-56],[45,48],[48,20]],[[14624,32687],[100,102],[35,9],[-13,-39],[-32,-5],[-8,-37],[-48,-51],[-22,-6],[-12,27]],[[13778,32865],[60,12],[14,-12],[-47,-18],[-21,-66],[-38,-18],[-20,10],[-6,32],[29,57],[29,3]],[[19208,32949],[0,-101],[-14,-14],[-53,56],[37,16],[17,52],[13,-9]],[[14164,33169],[37,-18],[27,-58],[-96,-24],[-90,13],[29,37],[93,50]],[[14254,33169],[58,0],[-15,-27],[-29,-7],[-53,17],[-16,36],[61,16],[-6,-35]],[[17143,33126],[28,-87],[-17,-35],[-89,-23],[-115,74],[-87,114],[93,45],[97,-10],[90,-78]],[[12693,33245],[63,3],[34,-21],[-16,-19],[-81,19],[0,18]],[[12610,33322],[34,-37],[1,-31],[-57,76],[22,-8]],[[18455,33440],[0,-143],[-9,-19],[-52,17],[12,-31],[-21,-70],[-71,57],[-32,-6],[-33,33],[-36,4],[-66,56],[42,14],[92,81],[19,73],[149,-44],[6,-22]],[[12456,33592],[67,-9],[-24,-21],[-43,30]],[[19154,33482],[-7,-42],[-42,0],[-39,-68],[-48,59],[23,17],[-11,29],[-63,-55],[-12,147],[24,90],[-25,59],[34,52],[93,-23],[25,-65],[86,-73],[-26,-17],[4,-35],[-16,-16],[13,-60],[-13,1]],[[19231,33829],[26,-69],[-17,-110],[-82,51],[-27,85],[55,119],[45,-76]],[[18533,33956],[11,-41],[-21,-52],[-62,-32],[1,37],[35,41],[-55,37],[16,38],[59,11],[16,-39]],[[18790,34319],[-5,-40],[-32,12],[-18,-64],[-29,-18],[-18,15],[-21,-38],[-19,14],[20,43],[-29,34],[32,-6],[23,48],[-29,24],[-15,-16],[-48,61],[17,49],[32,9],[19,-46],[30,29],[1,-24],[43,-18],[4,-32],[42,-36]],[[20868,34315],[-87,131],[23,0],[26,-34],[118,6],[29,-39],[72,49],[32,-100],[-23,-76],[3,-93],[-62,27],[-51,93],[-80,36]],[[21155,34243],[-32,76],[28,43],[19,102],[39,11],[24,33],[47,-12],[-1,-21],[24,13],[121,-131],[-20,-157],[-56,-67],[-84,-12],[-16,21],[16,7],[-3,51],[29,29],[-8,130],[-42,61],[-34,-8],[26,-110],[-49,-154],[-51,19],[23,76]],[[18253,34606],[3,-54],[-19,-21],[-24,7],[-7,82],[32,10],[15,-24]],[[21497,33554],[-28,-77],[-77,-75],[-43,-75],[-18,3],[10,60],[-22,33],[-64,-30],[-22,11],[-7,-52],[-29,-37],[6,-61],[-19,-11],[-55,19],[-139,-180],[-106,-40],[-198,97],[-75,79],[-20,2],[23,-65],[-30,-26],[-116,40],[-27,-19],[-152,155],[-23,-4],[-96,54],[-36,-32],[-81,102],[17,84],[-51,39],[-20,5],[-9,-16],[7,-97],[-14,-20],[-39,-4],[-29,54],[-28,12],[-34,-16],[-69,53],[-5,49],[26,66],[-71,34],[-23,-56],[-50,14],[39,-68],[-70,-44],[-24,32],[-93,53],[-10,64],[-63,94],[64,133],[52,-2],[27,34],[40,-26],[94,-1],[39,48],[64,0],[35,30],[1,67],[27,55],[46,-30],[19,34],[49,4],[0,56],[-94,119],[16,39],[59,-20],[15,14],[-81,55],[-2,46],[22,34],[84,-21],[44,-86],[44,-39],[35,-1],[6,-49],[33,10],[11,17],[-73,65],[-63,108],[-37,21],[40,187],[31,50],[48,17],[45,91],[45,13],[102,-53],[15,-55],[94,-38],[62,-85],[-70,-43],[48,-91],[50,120],[183,-246],[47,-3],[38,-51],[84,-32],[147,-141],[23,-63],[-38,-127],[17,-51],[-11,-58],[42,-52],[14,16],[-16,150],[36,84],[14,-3],[58,-178],[-23,-56],[55,-88],[13,-115],[29,22],[28,-11],[37,-66],[129,90],[65,-51]],[[20440,34835],[-9,60],[9,17],[37,-1],[28,-34],[-13,-34],[14,-19],[33,4],[14,-19],[-23,-26],[-39,42],[-51,10]],[[18903,35343],[-25,-70],[-37,52],[10,34],[28,4],[24,-20]],[[19086,35562],[-52,8],[-91,68],[-28,160],[63,-25],[44,25],[67,-88],[71,-38],[-22,-15],[-47,33],[-25,-10],[49,-59],[28,-90],[-15,-11],[-42,42]],[[31950,30928],[-26,55],[0,48],[59,135],[36,143],[62,46],[91,9],[59,39],[33,62],[5,92],[36,39],[-83,68],[6,42],[-36,136],[-35,34],[39,50],[-33,68],[6,24],[-19,24],[-32,3],[-33,56],[-2,46],[33,28],[-6,51],[-73,116],[-34,-36],[-36,68],[16,35],[-30,-3],[21,112],[-45,263],[-23,0],[-4,-41],[-31,36],[-15,-18],[-13,30],[-24,0],[15,16],[-8,29],[-42,15],[-29,-52],[-25,30],[-36,5],[42,54],[50,14],[0,53],[40,6],[-31,25],[-18,0],[10,-18],[-26,-12],[-2,-50],[-51,-2],[-33,-56],[-36,-14],[9,-26],[-12,-7],[-33,33],[49,34],[-67,12],[-55,44],[-48,79],[40,104],[58,26],[4,26],[-41,38],[27,13],[18,43],[-7,13],[-42,-9],[55,51],[-42,7],[20,26],[-63,33],[-44,-8],[-11,28],[-85,-1],[13,-35],[54,-43],[75,-138],[-48,-73],[-18,14],[11,37],[-102,-26],[-17,30],[-61,10],[-25,49],[-40,28],[-7,67],[-81,76],[-3,59],[57,22],[21,41],[-11,20],[-53,5],[3,-18],[-32,-17],[43,2],[4,-34],[-82,-18],[-8,25],[-67,18],[123,58],[17,26],[-8,72],[-160,-38],[93,41],[-93,-8],[86,43],[-77,-17],[39,53],[100,32],[-27,-34],[68,34],[-13,29],[-66,44],[-60,-32],[-54,-59],[-30,-143],[-40,4],[-113,148],[-21,7],[-39,-44],[34,-65],[-51,-59],[-94,-61],[-60,-14],[-42,-60],[-142,-96],[-100,-30],[-41,10],[-26,58],[4,45],[47,68],[18,74],[-27,5],[-25,39],[3,122],[102,55],[122,-19],[35,-39],[46,-3],[77,57],[6,32],[90,6],[23,85],[-14,98],[-40,63],[-129,106],[-97,50],[-105,-10],[-28,78],[-84,95],[7,57],[68,81],[122,-47],[-9,22],[23,38],[-85,3],[-25,39],[-97,-17],[-9,-18],[58,-7],[-27,-55],[-32,-1],[-28,-71],[-84,32],[30,52],[-78,-44],[-26,10],[-11,34],[-34,-6],[-32,23],[31,48],[43,2],[18,26],[16,-17],[34,25],[-19,-41],[32,7],[37,43],[5,34],[-46,7],[-9,26],[5,31],[62,21],[-9,21],[-45,-21],[-94,0],[36,50],[-25,-2],[-47,-49],[-76,30],[9,31],[131,64],[18,28],[-178,-84],[-64,-14],[-9,-22],[-58,-25],[54,9],[36,-51],[-36,9],[-13,-54],[-32,-14],[-32,101],[6,327],[-16,138],[-44,61],[-24,-6],[-20,22],[-77,-51],[-31,34],[-35,9],[29,-39],[-8,-29],[-42,13],[5,21],[-47,-34],[-37,17],[-9,51],[-52,68],[71,33],[-70,22],[-20,-14],[-1,-38],[-38,47],[13,33],[-31,4],[-21,90],[-41,-11],[-28,40],[-8,-38],[20,-42],[-97,77],[13,16],[-26,17],[29,17],[-19,25],[72,1],[21,16],[-55,9],[55,52],[19,-2],[28,-53],[30,-6],[-57,104],[-56,-6],[-27,63],[-67,-65],[14,-20],[54,22],[5,-15],[-59,-117],[-22,-8],[16,-8],[-9,-84],[-25,-27],[-62,34],[25,8],[-2,48],[34,46],[-13,33],[-29,-16],[16,-26],[-17,-50],[-51,11],[9,-65],[-46,26],[-41,-61],[66,-72],[36,25],[20,-6],[50,-58],[45,-15],[39,41],[57,-50],[79,-148],[9,-129],[34,-78],[-17,-102],[-37,-30],[-10,-34],[-41,17],[-256,-12],[-116,-43],[-106,166],[-49,-47],[-27,73],[-64,9],[-43,-28],[-33,6],[-86,66],[-130,10],[-33,22],[-53,-13],[-29,45],[-30,-17],[-292,55],[33,-69],[53,-7],[61,-79],[50,40],[68,-44],[32,-89],[163,-168],[-8,-56],[-63,-40],[-18,5],[7,21],[-61,38],[-44,76],[-48,21],[-99,99],[-42,8],[5,46],[-87,5],[-171,177],[-183,89],[-22,-4],[-212,153],[-20,3],[109,-128],[46,0],[222,-118],[88,-67],[43,-75],[107,-57],[13,-21],[-26,-34],[13,-34],[-55,9],[-1,-27],[-50,-24],[-5,28],[-24,7],[-55,-61],[2,-48],[-76,23],[11,33],[-24,-8],[15,16],[43,-6],[-89,39],[-22,-25],[-95,61],[-26,37],[-19,-11],[-80,48],[-67,70],[-40,-9],[-17,17],[-29,-17],[-15,17],[-39,-41],[-151,-46],[-180,53],[-147,-2],[-78,28],[-75,-4],[-59,29],[-24,60],[38,25],[-10,24],[-66,-64],[-182,52],[-49,-15],[-167,4],[-26,-13],[1,-49],[115,35],[123,-57],[53,-44],[-168,25],[-90,-26],[-228,146],[-132,151],[-2,131],[-17,30],[45,78],[93,59],[-35,60],[16,-45],[-114,-76],[-39,-59],[11,-68],[-103,0],[-12,13],[-7,29],[74,34],[-75,-2],[-18,28],[32,0],[-10,18],[-48,15],[35,26],[-25,21],[-77,-38],[2,-31],[-54,-28],[10,-18],[102,-6],[17,-104],[-15,-9],[-227,56],[-136,4],[-7,-24],[72,-17],[14,-18],[-113,-57],[-39,15],[7,17],[-52,38],[-56,7],[-53,39],[32,26],[0,-17],[52,0],[52,-47],[44,21],[-123,96],[-92,36],[-32,32],[-18,-11],[-153,52],[-65,75],[-79,191],[-136,147],[-39,110],[60,39],[53,3],[9,25],[-173,161],[155,-19],[3,-31],[45,-26],[96,26],[39,-18],[92,21],[109,-34],[40,-85],[203,-28],[96,32],[47,-16],[107,1],[36,74],[132,-16],[-154,53],[-4,16],[-26,-4],[-16,29],[-151,84],[-47,66],[15,78],[-22,22],[-102,-81],[-47,25],[-155,20],[-49,-11],[-562,113],[-40,42],[-49,115],[-3,76],[23,21],[-40,77],[116,207],[-54,42],[15,17],[-33,13],[-2,37],[-76,94],[57,76],[2,100],[108,66],[42,-15],[44,61],[-18,27],[-72,-27],[-61,33],[-29,84],[6,94],[55,86],[-31,17],[-1,32],[10,-20],[43,-3],[-44,10],[-3,20],[46,32],[26,181],[34,16],[35,-22],[11,56],[45,9],[-46,38],[-6,114],[71,-34],[71,-8],[13,42],[-68,24],[-9,24],[54,110],[-29,74],[27,47],[41,-6],[-46,48],[44,98],[44,20],[-26,9],[16,38],[49,40],[73,-2],[-77,43],[88,67],[20,-17],[95,-8],[-101,46],[-4,30],[73,93],[89,54],[39,73],[196,160],[109,76],[155,60],[411,111],[253,-1],[128,-28],[238,-6],[63,-19],[126,-82],[-54,-96],[-245,-175],[-48,-17],[-213,-259],[-123,-229],[-19,-89],[-160,-244],[-30,-143],[27,-104],[194,-222],[6,-89],[-84,-145],[-7,-184],[19,-151],[35,-23],[96,-238],[77,-67],[55,-85],[41,-22],[18,-49],[69,-58],[36,-64],[34,4],[16,-35],[29,1],[67,-56],[107,-20],[19,-47],[-12,-57],[27,-1],[23,-70],[-10,-13],[-157,29],[-39,-18],[10,-17],[39,8],[-43,-35],[-89,-7],[-9,-17],[36,-4],[-5,-37],[-30,17],[-34,-37],[-74,36],[-85,-39],[-30,4],[-171,-155],[-241,-80],[75,-18],[178,37],[242,177],[105,7],[29,24],[136,-25],[5,-17],[43,17],[-16,34],[52,-25],[13,8],[-26,25],[33,10],[54,-45],[-10,-108],[-49,43],[-76,-26],[87,-9],[-23,-33],[36,-63],[-17,-95],[79,4],[19,48],[-33,148],[13,109],[9,25],[55,35],[-63,79],[18,148],[28,32],[72,20],[9,29],[-16,102],[-39,35],[11,101],[-43,20],[-74,-8],[13,-25],[-22,-28],[-172,44],[-93,112],[-60,40],[61,13],[7,16],[-55,107],[-90,58],[-129,44],[-14,37],[43,-38],[-13,59],[125,-25],[-28,34],[19,16],[79,8],[35,27],[-21,59],[68,8],[-52,51],[-16,76],[58,-25],[-38,42],[11,19],[53,-19],[32,16],[35,-8],[1,-27],[18,29],[31,-2],[2,-33],[35,30],[81,-44],[12,-32],[72,-60],[83,-34],[42,-68],[69,-46],[30,-107],[20,107],[-84,64],[-32,54],[16,17],[-109,42],[-65,77],[27,1],[0,15],[-37,4],[-80,56],[59,81],[115,-5],[64,34],[-48,-18],[-137,16],[-18,-16],[-6,43],[35,10],[11,64],[-113,-74],[6,-34],[-32,2],[-26,-27],[6,42],[-106,31],[-80,62],[-49,101],[68,42],[-74,18],[-35,55],[25,287],[-14,28],[53,97],[118,-11],[404,-151],[94,-64],[125,-50],[18,12],[-134,53],[-179,127],[-221,99],[-13,60],[-18,3],[-7,-30],[-171,18],[56,142],[98,-101],[39,-8],[-48,97],[24,22],[68,-15],[71,-43],[198,-49],[280,-32],[105,-64],[-73,77],[-364,84],[-212,109],[-65,7],[-16,28],[37,111],[149,86],[78,-113],[55,-27],[54,-66],[26,9],[-108,112],[-40,90],[224,102],[188,-52],[48,-141],[35,-25],[-29,191],[-160,60],[10,23],[162,89],[224,88],[50,-21],[106,107],[366,2],[246,-27],[140,-218],[20,-339],[266,-129],[33,-81],[-50,-145],[7,-61],[63,-108],[88,-42],[35,-84],[-61,-38],[-86,-98],[15,-60],[-200,-151],[-78,-132],[-28,-11],[-13,-61],[-83,-58],[66,20],[166,217],[165,96],[19,-67],[-8,-97],[-58,-29],[-54,-60],[-49,-97],[10,-26],[-64,-8],[190,-149],[-17,-23],[-73,50],[-126,-13],[16,-26],[-45,-25],[40,-20],[76,22],[19,-45],[-21,-97],[-66,-63],[72,25],[32,36],[3,57],[170,82],[15,75],[-56,86],[30,19],[32,-24],[25,38],[28,3],[-32,59],[29,52],[39,-22],[74,-122],[154,-68],[-26,37],[-50,11],[-43,36],[-113,161],[57,88],[82,38],[3,78],[23,18],[25,-11],[-4,-25],[20,15],[19,-23],[-38,-68],[84,-93],[-29,-63],[-56,-50],[3,-32],[25,-5],[51,70],[28,0],[45,-98],[-15,83],[-30,36],[26,10],[3,32],[72,94],[96,-75],[40,-67],[40,-5],[-13,-65],[19,-43],[-45,-152],[-90,-119],[37,-25],[40,25],[163,-65],[60,-66],[22,-10],[19,15],[-40,38],[-5,46],[-75,21],[-72,68],[24,113],[-8,66],[23,16],[153,-89],[56,-197],[83,-144],[141,-65],[-74,47],[-109,133],[-5,40],[73,28],[77,-114],[6,-40],[74,-53],[33,-65],[25,75],[-91,38],[-111,165],[-79,-1],[-63,177],[-120,57],[-90,80],[58,67],[-29,34],[4,31],[41,-6],[53,31],[32,-15],[2,-117],[49,-88],[17,8],[-40,72],[3,92],[29,12],[182,-61],[-2,-35],[52,16],[105,-58],[33,-98],[-19,-46],[29,31],[5,71],[136,8],[142,-68],[-129,76],[-130,4],[-130,97],[-189,74],[-143,108],[-13,105],[62,103],[25,0],[187,129],[83,7],[93,64],[334,-15],[94,-57],[18,-73],[226,-58],[32,-138],[30,15],[-15,79],[61,45],[96,-12],[123,-66],[129,-39],[21,-101],[100,-195],[-42,-67],[-118,-98],[-92,29],[-76,-3],[-183,-69],[-58,-123],[-61,-54],[-62,-104],[27,-6],[49,91],[78,73],[39,87],[163,80],[67,1],[128,-52],[-2,-39],[-159,-59],[-50,-198],[-53,-106],[-33,-38],[-71,-11],[-35,-26],[110,14],[91,134],[57,206],[42,32],[79,-6],[45,24],[63,129],[385,-60],[58,-139],[-42,-63],[17,-63],[-38,-53],[-75,-20],[-65,32],[0,-41],[-48,-30],[-26,-44],[-103,-36],[-58,16],[-141,-28],[-20,-30],[145,34],[54,-14],[15,-37],[-223,-169],[9,-7],[39,32],[52,11],[73,64],[69,24],[26,50],[60,44],[35,-41],[-17,-72],[-61,-69],[-100,-14],[-53,-62],[-10,-28],[60,63],[86,3],[9,-41],[-49,-42],[86,-18],[19,-57],[-185,-247],[10,-14],[86,79],[124,176],[-53,153],[7,37],[51,18],[45,128],[49,11],[64,78],[82,4],[-6,-61],[-60,-98],[6,-54],[42,-33],[-33,102],[48,39],[56,125],[42,26],[87,4],[15,-69],[32,62],[6,-49],[-92,-93],[-1,-36],[-33,-15],[-47,-88],[-9,-103],[-50,5],[-101,-62],[135,33],[-20,-129],[-51,-31],[37,-9],[3,-28],[-69,-98],[112,152],[-2,55],[51,105],[16,98],[83,71],[59,-42],[-42,-144],[31,-57],[-25,-44],[53,25],[31,76],[38,-68],[-53,-19],[-13,-50],[-66,-79],[-25,-182],[-16,-37],[-51,-16],[-11,-29],[87,41],[34,181],[43,71],[43,28],[-1,41],[59,-8],[125,-86],[-83,-29],[-23,-29],[16,-85],[-23,-67],[-77,-85],[35,-59],[-9,76],[52,33],[55,123],[1,69],[65,6],[16,27],[17,101],[-16,88],[86,14],[26,21],[-38,93],[93,42],[42,148],[472,-197],[59,-61],[-7,-25],[68,-63],[80,-141],[-106,-126],[-60,-127],[-70,8],[-113,51],[-86,-35],[-32,-33],[6,-46],[-34,-61],[-59,-30],[-28,-84],[-197,-75],[141,24],[81,44],[65,-41],[-81,-101],[10,-35],[-22,-50],[-123,-69],[33,0],[-7,-25],[114,76],[55,111],[121,33],[170,101],[126,17],[69,-37],[-53,63],[40,122],[24,38],[136,88],[70,-6],[43,-43],[47,-191],[-90,-92],[-17,-105],[-26,-38],[-123,-59],[-35,-89],[-33,-28],[-148,48],[-23,-9],[-8,-80],[-63,-63],[-10,-60],[-66,-8],[-37,-26],[73,17],[39,-11],[-8,-85],[-49,-73],[13,-5],[71,98],[6,119],[71,94],[-3,41],[29,9],[28,-18],[-13,-24],[36,16],[82,-37],[-50,-238],[-22,-30],[22,-59],[-125,-304],[89,123],[49,122],[9,101],[74,263],[39,17],[-32,25],[33,101],[67,18],[209,169],[76,20],[169,103],[36,-14],[10,-31],[-84,-140],[-117,-96],[-114,-27],[-15,-27],[37,-106],[-43,-46],[9,-15],[77,32],[-39,137],[149,-2],[11,27],[5,-47],[29,71],[58,44],[39,-1],[-16,16],[12,21],[47,-42],[31,97],[67,34],[32,0],[-3,-18],[98,3],[49,-69],[346,-172],[33,-37],[5,-45],[-73,-117],[-11,-61],[-50,26],[6,83],[-18,7],[-38,-54],[9,-76],[-31,-49],[-87,-31],[-51,10],[-40,-28],[-54,2],[-121,-44],[-16,-29],[-52,-11],[-90,-61],[-44,-90],[-120,-59],[-11,-31],[14,-5],[58,60],[36,-7],[34,-19],[30,-64],[-9,-11],[-79,16],[-67,-33],[-37,-30],[-9,-47],[-108,-76],[64,9],[133,137],[56,6],[27,-21],[55,26],[9,37],[-29,81],[55,88],[223,66],[81,-32],[11,26],[-46,16],[5,23],[67,-26],[131,4],[16,-68],[-54,-51],[13,-33],[-28,-47],[-155,-81],[-151,-190],[-125,29],[-37,-15],[-95,-191],[-8,-64],[12,-10],[22,69],[49,58],[8,64],[32,39],[67,9],[47,-31],[53,-3],[84,128],[51,40],[82,43],[70,-4],[34,-22],[7,18],[20,-7],[-11,50],[59,52],[-9,34],[50,-2],[9,27],[48,-6],[69,72],[-63,19],[15,31],[-27,7],[1,19],[26,0],[-14,43],[69,74],[9,43],[37,11],[34,-41],[93,-37],[123,-143],[96,-183],[54,-63],[52,-271],[-109,-15],[-97,29],[-91,52],[-125,-8],[-99,-81],[-13,-53],[-45,-42],[-177,17],[-251,-138],[-209,45],[-148,-43],[63,-37],[57,46],[50,9],[173,-53],[131,35],[27,37],[88,32],[84,-2],[273,-159],[41,-10],[60,33],[264,-20],[207,-154],[54,-93],[9,-80],[-42,-77],[-19,-5],[-91,54],[-86,9],[-21,-12],[10,-25],[-14,-8],[-67,56],[-72,-40],[-79,20],[-244,165],[-70,-15],[-313,75],[-91,-71],[-25,-31],[12,-15],[46,49],[86,43],[252,-78],[93,11],[64,-80],[-35,-23],[-220,43],[-75,-25],[-84,9],[38,-25],[97,13],[80,-15],[-93,-76],[-172,-32],[-12,-27],[80,17],[-43,-169],[40,34],[32,118],[88,28],[21,31],[121,49],[106,-42],[208,-150],[-116,-22],[-23,-42],[-112,42],[-73,1],[-42,-31],[-31,3],[2,-24],[114,25],[16,-25],[50,-21],[58,0],[-23,-50],[41,-25],[13,-26],[-12,-12],[-87,33],[-145,21],[18,-18],[84,-12],[67,-47],[123,-32],[12,-27],[34,-7],[-22,-14],[-332,95],[-38,-14],[46,-27],[8,-24],[-51,9],[-8,-22],[-58,34],[-23,-14],[-21,17],[-61,1],[-45,43],[-141,36],[-17,-28],[61,2],[55,-36],[-93,5],[-16,-22],[185,-17],[21,-20],[-26,-38],[13,-17],[45,32],[100,-32],[55,13],[24,-24],[133,-22],[42,-33],[35,-2],[-22,-26],[-35,10],[35,-18],[-5,-37],[-56,38],[-64,-38],[-133,44],[-58,-16],[-16,-41],[-48,-18],[50,-15],[79,57],[67,-20],[3,-28],[-131,-36],[141,-8],[38,45],[76,-15],[12,-22],[22,10],[12,-47],[45,4],[9,-19],[33,39],[12,-128],[-24,-70],[29,42],[18,144],[21,-17],[70,34],[33,-26],[35,7],[13,-23],[-65,-46],[11,-134],[27,54],[-12,75],[13,4],[60,6],[20,-27],[23,32],[26,-58],[15,45],[24,-78],[-58,3],[-13,-20],[102,0],[14,50],[-17,35],[66,-48],[59,28],[94,-31],[-58,-12],[-6,-31],[-44,20],[-22,-53],[-38,-22],[-76,39],[-103,5],[-19,-26],[-165,-48],[-35,-41],[0,-45],[19,2],[5,34],[32,26],[48,1],[57,32],[-32,-99],[-48,-28],[55,13],[20,69],[63,58],[33,-7],[-1,-31],[54,45],[88,-42],[9,-11],[-25,-14],[-81,-12],[6,-16],[-43,-35],[-5,-85],[-27,-40],[-84,26],[-18,-10],[105,-47],[49,82],[-9,57],[107,67],[131,-58],[4,-43],[-31,-65],[8,-36],[-61,-71],[-6,-47],[12,-25],[18,60],[100,99],[8,-117],[-29,-76],[33,24],[41,173],[125,-24],[-9,-41],[-68,-23],[42,-8],[42,25],[24,-7],[31,-85],[-68,-51],[-41,-131],[-41,-7],[-91,33],[-23,-13],[109,-61],[42,7],[16,-67],[22,154],[29,68],[70,30],[82,70],[-3,128],[16,23],[29,-67],[-17,-31],[23,-5],[-84,-148],[42,-76],[-42,-212],[10,-113],[29,112],[-4,111],[74,64],[14,35],[-18,96],[24,-8],[49,36],[95,1],[-37,-197],[-39,-61],[16,-42],[64,-56],[38,-138],[17,14],[-26,135],[-79,91],[61,149],[112,66],[15,28],[-9,51],[29,-10],[38,42],[130,-69],[14,-20],[-19,-24],[-61,-31],[-59,10],[-24,-17],[58,-26],[-48,-76],[-18,-9],[-12,27],[-19,-86],[51,42],[13,-47],[-12,-38],[-59,-33],[-14,-113],[13,1],[24,96],[36,11],[9,38],[50,40],[45,-14],[-3,-86],[-18,-16],[17,-8],[24,21],[7,140],[33,-9],[31,20],[56,-33],[22,-21],[0,-34],[37,13],[-8,-70],[-70,-16],[-46,-44],[126,41],[29,43],[37,-48],[12,-52],[-36,-36],[98,-9],[-13,-82],[29,-18],[-97,-83],[-92,15],[55,-34],[108,16],[47,-16],[26,-115],[-30,-37],[45,-30],[-7,-13],[-393,82],[-18,-14],[267,-68],[-55,-50],[-83,8],[-124,-50],[-14,-18],[22,-10],[93,47],[130,1],[134,55],[23,-8],[-28,-77],[-58,11],[-217,-101],[-42,-70],[-1,-92],[26,4],[22,101],[47,55],[70,8],[97,52],[84,1],[35,66],[48,0],[20,-30],[25,21],[87,8],[26,-16],[-6,-74],[-36,-70],[-93,-79],[-30,-67],[14,-40],[16,85],[87,52],[53,61],[19,44],[-7,75],[55,109],[43,-9],[-41,-62],[49,31],[9,28],[-19,26],[21,25],[76,-61],[12,-81],[-39,-70],[-90,-41],[-14,-26],[27,-116],[-6,-53],[-23,-33],[-125,-50],[-2,-62],[-28,-33],[-89,2],[-7,-18],[137,1],[24,35],[-5,73],[21,7],[13,-132],[-19,-119],[13,0],[43,122],[-6,104],[68,23],[35,35],[61,14],[11,23],[52,2],[13,-11],[7,-196],[-37,-202],[37,56],[-5,46],[39,83],[-12,78],[14,114],[66,13],[24,-19],[27,-115],[40,-34],[47,-111],[6,60],[-60,90],[1,97],[66,22],[-7,95],[13,30],[85,16],[40,-29],[-47,-145],[41,-8],[52,78],[32,-2],[-3,-46],[43,18],[3,-44],[-23,-27],[-63,14],[-28,-12],[-4,-29],[30,24],[84,-12],[26,15],[45,-28],[-25,-46],[-34,-4],[32,-24],[73,-8],[28,-45],[-10,-8],[37,-29],[53,-104],[3,-61],[-36,-32],[-31,-2],[-12,-38],[-75,12],[-22,64],[-42,48],[-62,15],[-62,49],[-24,-61],[-65,-21],[47,-29],[39,49],[86,-24],[113,-186],[-66,-22],[-26,-34],[-47,17],[-53,-42],[200,8],[48,-59],[-48,-34],[-26,8],[-33,-25],[-30,15],[-45,-58],[-40,-7],[-69,51],[-53,-17],[-20,67],[8,32],[-15,13],[-176,40],[10,-39],[-42,12],[2,-21],[36,-17],[23,24],[31,1],[13,-47],[72,-82],[-162,-103],[-47,43],[-24,91],[-37,11],[43,-114],[48,-58],[76,36],[40,-39],[44,-12],[15,-31],[89,-7],[15,-12],[-31,-30],[8,-21],[55,0],[-19,-25],[32,-9],[-49,-25],[57,-7],[18,-38],[-48,-1],[-26,-23],[-41,13],[-56,-37],[-43,52],[-15,-12],[-41,28],[-44,-8],[-40,26],[-36,-16],[-65,140],[-67,-33],[65,0],[49,-126],[137,-18],[25,-43],[23,8],[20,-57],[-33,-9],[17,-23],[29,6],[-5,-54],[37,-56],[-103,-36],[-13,31],[-50,-10],[-106,121],[-2,-29],[29,-25],[-6,-27],[71,-42],[48,-57],[-14,-48],[-115,56],[13,-46],[61,-23],[43,-47],[-28,-106],[-9,62],[-25,-23],[-1,-34],[-41,21],[-19,43],[-8,97],[-26,45],[-15,-6],[23,-39],[9,-102],[-30,-63],[-20,5],[-6,51],[-68,17],[-1,-22],[-16,3],[-111,263],[-21,107],[-16,4],[-10,-73],[78,-177],[-10,-26],[19,-50],[-55,17],[-54,-9],[-11,-17],[-56,17],[27,-37],[37,12],[41,-34],[62,3],[22,-46],[-22,-72],[-53,-12],[-42,78],[-18,6],[16,-59],[-22,0],[36,-33],[6,-45],[43,0],[69,-66],[-62,2],[-96,58],[-13,-17],[90,-76],[36,-9],[-64,-16],[28,0],[-16,-17],[59,-51],[-7,-26],[22,-8],[-48,-8],[-2,-21],[18,-14],[21,10],[11,-22],[-54,-20],[67,-39],[-12,-21],[-16,17],[-68,-17],[38,-26],[-22,-8],[67,-25],[-45,-51],[33,-43],[-46,-8],[36,-25],[-38,-9],[6,-33],[-36,-43],[13,-16],[-14,-76],[-57,24],[10,16],[-13,18],[27,24],[-4,47],[-67,-46],[-33,26],[0,34],[80,34],[-47,13],[-24,-29],[-30,19],[-4,73],[36,75],[-3,26],[-30,-13],[-5,-39],[-40,-52],[-49,23],[-17,-83],[-20,3],[-27,51],[6,17],[-38,-8],[47,90],[46,29],[-69,0],[-48,-60],[-21,34],[-10,84],[27,60],[-29,-21],[-4,12],[73,128],[7,49],[-28,-11],[-28,-87],[-42,-41],[-15,-46],[7,-94],[-44,-139],[-8,41],[-32,-3],[13,17],[-12,25],[11,42],[-54,-41],[23,59],[-16,25],[32,34],[-19,-3],[-22,30],[-29,-45],[-16,4],[-33,48],[22,0],[-4,14],[-21,19],[42,26],[28,-17],[36,34],[-109,0],[144,107],[70,-11],[24,73],[-14,7],[-13,-45],[-20,-11],[5,23],[-56,-7],[-12,21],[-31,-44],[-49,-20],[-27,11],[-40,-25],[-26,-47],[-57,68],[-18,78],[113,50],[36,73],[29,-5],[-20,29],[2,39],[56,25],[-67,2],[-65,-139],[-89,-2],[-19,24],[12,46],[-55,-58],[-13,34],[19,21],[0,36],[86,11],[13,50],[140,60],[-16,11],[-113,-29],[-55,-70],[-127,28],[32,134],[-38,-53],[-11,-6],[-7,19],[25,108],[54,97],[187,106],[59,-41],[35,0],[-55,76],[36,83],[29,150],[74,76],[61,30],[35,49],[-27,-24],[-26,13],[-114,-72],[-58,-103],[-8,-98],[-53,-54],[-27,2],[-101,-66],[-25,22],[-8,-43],[-41,-31],[-237,-35],[-19,28],[-10,94],[18,46],[133,102],[79,178],[-32,8],[32,37],[-3,47],[-96,-247],[-119,-91],[-36,0],[-64,29],[-51,102],[21,33],[10,-12],[19,60],[-61,-58],[-14,38],[-24,-23],[-29,32],[-10,-15],[27,-32],[-1,-44],[-41,-2],[-21,17],[-12,79],[32,-5],[-18,51],[21,37],[-47,2],[-1,24],[61,38],[0,15],[-57,-21],[-23,-32],[-71,17],[27,23],[15,70],[-29,-34],[-22,11],[-17,31],[13,9],[-5,64],[-27,21],[64,59],[-58,-1],[-99,69],[83,-94],[-37,-36],[-34,3],[-6,-26],[-27,21],[-28,-13],[39,-20],[-23,-31],[-28,10],[-2,52],[-55,32],[-9,37],[-38,-3],[-17,-21],[-38,62],[-13,-3],[8,-63],[-44,34],[-2,-26],[-41,7],[-10,-16],[172,-25],[44,-29],[16,-61],[51,-45],[-6,-88],[-20,3],[-25,42],[-52,9],[5,25],[-28,0],[24,-48],[81,-52],[27,-43],[-7,-17],[-41,8],[-33,-36],[-38,46],[-7,-26],[-25,42],[7,16],[-26,17],[-3,35],[-68,58],[7,17],[-34,-10],[-47,25],[-27,78],[-15,-33],[-22,33],[-26,-17],[55,-55],[11,-62],[42,-59],[27,-90],[-22,-47],[90,-85],[38,-15],[21,-43],[57,-24],[27,-78],[43,-17],[-33,-38],[-37,-12],[67,-85],[-8,-21],[-38,16],[-35,-12],[-32,34],[-29,-65],[-21,21],[-46,-6],[-42,33],[-19,42],[19,-84],[-49,-25],[-53,31],[-30,104],[-22,17],[3,79],[25,22],[-114,77],[-27,100],[-27,-5],[1,-46],[-33,1],[-21,101],[-32,43],[19,-82],[-12,-29],[-165,-25],[64,-25],[29,19],[32,-18],[18,27],[28,-3],[105,-139],[20,-5],[-19,43],[19,0],[9,21],[55,-62],[26,-2],[-19,-33],[7,-51],[-14,-34],[-20,57],[-31,1],[-10,-25],[38,-26],[7,-24],[-28,7],[-74,95],[-7,-12],[32,-71],[42,-36],[-58,10],[1,-60],[57,16],[6,-25],[15,34],[-3,-65],[-18,-19],[51,-39],[-58,-46],[93,-19],[22,21],[28,-6],[19,42],[22,-13],[-14,-66],[-54,-27],[-3,-50],[36,7],[9,-75],[-19,-34],[-38,20],[34,-36],[-17,-18],[-11,18],[-39,-43],[17,-9],[26,19],[9,-19],[-39,-92],[77,118],[35,8],[28,60],[90,29],[27,-20],[24,43],[76,-44],[9,-45],[-41,-39],[31,-22],[7,-29],[-55,10],[-19,-19],[36,-8],[6,-17],[-61,-9],[58,-62],[29,29],[22,-18],[67,10],[11,-18],[-26,-16],[26,-20],[-27,-65],[-92,-5],[-6,-14],[-43,-6],[15,-28],[24,-7],[24,43],[76,-51],[-22,-59],[20,9],[21,-35],[-25,0],[-17,-25],[21,2],[7,-31],[39,26],[16,-29],[27,50],[-12,-162],[-43,0],[-26,-59],[53,30],[21,-9],[-7,-21],[28,11],[33,92],[52,49],[-16,-86],[-32,-32],[16,0],[-8,-34],[-38,4],[-12,-20],[31,-16],[43,40],[-13,-42],[21,-82],[-43,-28],[51,-34],[-19,-59],[28,-125],[33,15],[-26,56],[20,177],[-21,59],[5,33],[67,-38],[1,-68],[26,34],[1,-62],[50,-20],[13,31],[19,-40],[-6,-47],[35,39],[44,-44],[-22,-59],[3,-51],[-71,-8],[10,-17],[52,0],[-4,-84],[22,-12],[33,153],[39,62],[-11,-170],[20,-8],[-6,51],[26,16],[23,-109],[47,-51],[-41,117],[19,35],[-39,60],[23,25],[-30,68],[40,-19],[20,16],[20,-26],[3,-70],[28,49],[22,-40],[-33,-79],[14,-68],[3,76],[26,23],[30,-20],[11,-54],[-12,-79],[-32,-52],[-46,-21],[14,-18],[7,-105],[95,13],[-7,-25],[13,-6],[44,60],[22,7],[6,-21],[-32,-83],[34,51],[28,-19],[5,61],[25,25],[-13,-67],[58,35],[-29,-43],[41,7],[8,-46],[-10,-36],[-68,-17],[-12,-27],[40,-45],[-23,-58],[-140,35],[-61,-34],[104,5],[9,-21],[-23,8],[13,-26],[-61,-24],[20,-12],[85,11],[-8,-33],[46,-10],[8,-24],[-29,-7],[-42,-52],[68,33],[26,-46],[16,4],[-10,-25],[32,-18],[-38,-41],[56,9],[11,-18],[-80,-33],[5,-17],[136,-18],[-19,-50],[80,71],[20,-29],[26,48],[26,-68],[-3,-19],[-117,-97],[1,-35],[-35,-20],[-11,-30],[29,-62],[78,-35],[27,16],[86,-115],[-1,-68],[-26,1],[-3,-15],[23,-41],[-10,-9],[16,-76],[-13,-34],[15,-14],[6,-49],[-26,-26],[-22,27],[-12,-6],[14,-40],[39,-11],[5,-77],[-19,-4],[-23,23],[-12,-10],[67,-42],[-25,-40],[-33,7],[-16,-26],[-35,51],[-26,59],[6,67],[-19,18],[-17,131],[-45,83],[-5,76],[-65,64],[-17,64],[-44,55],[29,-8],[-11,23],[-61,24],[148,-259],[0,-16],[-53,-50],[19,-120],[-42,-26],[48,9],[-35,-42],[51,-4],[31,-51],[21,-148],[-74,95],[-6,-10],[32,-42],[-11,-31],[-57,47],[24,-59],[56,-15],[-6,-34],[-39,25],[7,-52],[60,7],[33,-16],[-16,-32],[42,-8],[26,-45],[-55,-7],[42,-27],[6,-24],[-1,-17],[-21,12],[19,-80],[-35,-16],[41,-27],[19,-37],[12,44],[31,-57],[-7,-17],[-37,4],[-29,-44],[-49,6],[-94,96],[-19,65],[-9,-24],[12,-69],[-54,50],[-17,51],[-6,-27],[48,-78],[-3,-55],[93,-186],[29,-102],[-5,-15],[-24,15],[-8,-35],[-76,-57],[-35,46],[-26,89],[17,25],[-26,-1],[-7,-32],[-9,16],[18,75],[33,43],[-46,-6],[-15,14],[9,48],[49,12],[-42,25],[6,77],[-8,10],[-25,-120],[-18,-8],[-10,33],[-9,-33],[-59,3],[-18,21],[-12,87],[-9,-19],[-31,34],[32,93],[-13,63],[-19,-22],[5,-70],[-40,-59],[18,-68],[-41,69],[-26,-7],[-15,17],[60,118],[-57,-41],[6,-25],[-40,8],[-20,45],[9,35],[-31,-20],[-22,74],[-55,52],[30,-59],[6,-60],[48,-54],[0,-55],[-29,-9],[-27,39],[-25,0],[-2,21],[-55,8],[-57,96],[13,14],[-39,94],[5,63],[-59,80],[25,93],[-8,24],[-40,-101],[10,-35],[54,-66],[-10,-59],[30,-102],[-20,-17],[-39,42],[26,-62],[36,-39],[1,-29],[-50,55],[4,-17],[-12,2],[-44,76],[2,115],[-20,112],[-19,-28],[20,-78],[-14,-47],[-25,14],[-62,96],[0,27],[32,36],[-25,36],[14,94],[-18,8],[-12,-73],[12,-69],[-47,0],[-33,42],[14,-45],[-22,4],[-74,123],[-20,96],[-11,-1],[2,-63],[-38,36],[-23,77],[8,19],[-40,46],[-34,92],[9,31],[-45,-26],[-9,10],[-10,67],[-13,-4],[-2,34],[-40,54],[52,-144],[10,-135],[51,-133],[6,-48],[-12,-31],[-61,48],[-20,68],[-77,103],[-28,14],[-21,64],[-3,-35],[-17,30],[-24,-12],[4,43],[-31,84],[-12,-9],[13,-68],[-47,26],[-25,72],[-42,37],[-21,-17],[-82,58],[11,-58],[-126,35],[2,-25],[82,-128],[-23,-33],[37,-24],[33,-80],[77,-94],[50,-6],[-23,-28],[96,-145],[4,-53],[31,-25],[3,-28],[-18,-8],[8,-16],[45,-51],[35,10],[66,-28],[-32,-84],[27,2],[16,51],[16,3],[29,-39],[88,10],[0,-37],[-48,-8],[-41,-57],[16,0],[13,-35],[-16,-34],[27,5],[-11,46],[36,51],[59,5],[13,-46],[-66,-48],[-13,-38],[10,-25],[41,68],[8,-12],[34,28],[26,-8],[14,-19],[-11,-40],[21,11],[60,-63],[-58,-42],[38,0],[42,26],[11,-27],[-33,-49],[58,17],[16,-38],[-16,-47],[38,17],[12,-45],[-18,-56],[67,8],[-45,-51],[116,33],[16,-16],[-22,-42],[48,8],[-23,-17],[11,-16],[41,-1],[1,-40],[59,-96],[-15,-101],[72,35],[-18,-35],[28,-53],[-37,-32],[-28,1],[1,-23],[61,-82],[18,3],[-27,73],[29,23],[27,-36],[9,35],[32,-52],[1,-74],[-15,21],[-37,3],[97,-48],[19,27],[41,-56],[-57,-73],[6,-87],[-42,17],[-23,56],[-12,-22],[14,1],[33,-92],[-18,-37],[36,-20],[12,-47],[24,4],[19,-65],[-11,-28],[-142,-35],[-62,24],[-70,37],[-17,28],[-24,-7],[-6,29],[19,21],[-39,0],[-22,59],[-52,9],[-41,34],[12,-17],[-10,-24],[-40,49],[-39,-21],[-61,80],[-9,-25],[-29,-10],[-9,82],[-87,13],[-28,38],[-43,-29],[-39,7],[-37,18],[7,38],[-25,-22],[-50,26],[-31,-5],[-17,30],[-13,-17],[-208,38],[-77,66],[6,31],[-52,17],[-11,48],[-24,-23],[-34,31],[-31,-9],[-80,80],[-42,60],[-13,59],[11,107],[-40,-116],[-14,88],[-24,30],[16,-84],[-10,-10],[-68,140],[21,20],[34,-6],[-7,25],[26,17],[-47,-7],[-17,16],[33,33],[44,2],[7,24],[-74,-3],[-37,32],[-7,-38],[-27,-17],[9,42],[-39,17],[-34,43],[35,-118],[-32,39],[-32,-1],[-20,46],[-61,-66],[-80,8],[-67,57],[-52,82],[-158,37],[-32,26],[61,17],[-128,33],[48,18],[-4,74],[-20,-5],[-9,-40],[-20,-11],[-50,7],[18,49],[41,-7],[43,88],[55,39],[-3,16],[-16,-4],[-32,-29],[-10,33],[26,27],[-13,9],[-34,-36],[3,-46],[-17,-34],[-39,-4],[-23,28],[-26,-110],[-28,7],[11,16],[-15,20],[-56,15],[-11,24],[15,32],[-7,27],[-24,-22],[-119,90],[26,25],[-48,42],[53,39],[-57,-4],[13,17],[-13,58],[-25,34],[45,9],[-25,72],[-22,-33],[-52,8],[-23,46],[-13,-42],[-31,8],[8,25],[-37,29],[27,-1],[6,-19],[24,27],[191,-33],[28,56],[64,19],[3,32],[63,65],[0,40],[24,5],[-30,20],[-15,-12],[-6,-50],[-32,1],[17,70],[-24,13],[6,-25],[-26,-8],[10,-25],[-58,-10],[-5,48],[40,12],[-45,30],[23,71],[-23,-16],[0,25],[-29,1],[-7,-27],[21,-59],[-19,9],[-30,42],[19,60],[-8,16],[-27,-76],[-10,66],[-29,47],[-32,14],[10,18],[-18,13],[-40,-81],[6,-10],[32,35],[-3,-17],[42,0],[-24,-68],[8,-26],[-24,-37],[-21,1],[22,48],[-12,35],[-42,-64],[-10,76],[-32,-11],[-32,70],[-7,-127],[-48,2],[-4,80],[-18,21],[21,25],[33,-17],[-12,52],[25,74],[42,21],[19,30],[-55,-12],[-16,72],[-16,-43],[9,-50],[-25,25],[-45,-94],[18,-21],[-5,-35],[-63,9],[-11,14],[35,26],[-64,55],[-32,-13],[12,48],[-12,45],[25,22],[10,96],[-37,-12],[3,82],[-9,5],[-11,-88],[22,-37],[-25,-26],[-31,62],[-50,23],[13,17],[-36,8],[0,28],[28,20],[-14,88],[-28,32],[-53,-10],[11,56],[-37,49],[13,16],[-52,22],[-13,46],[-8,-27],[-23,1],[16,-29],[-3,-39],[-28,-2],[-21,28],[-3,68],[28,55],[17,-21],[15,8],[-36,43],[-24,-43],[-42,43],[25,61],[21,-20],[27,21],[11,21],[-10,8],[-31,-24],[-13,22],[68,63],[12,45],[38,31],[-4,32],[-23,-30],[-21,7],[-16,85],[-23,-35],[20,-54],[-2,-69],[-71,-37],[-11,84],[36,-28],[8,14],[-27,33],[12,14],[-11,17],[-41,-30],[-21,5],[-30,86],[-20,-103],[20,-8],[-48,-25],[-2,-18],[-56,77],[-23,7],[-6,-24],[22,-17],[20,-88],[29,-30],[-16,-15],[-27,38],[-10,-49],[-31,26],[10,-85],[-23,-26],[-3,-76],[-29,13],[-10,-13],[-40,36],[-5,15],[36,9],[-7,34],[16,19],[-45,56],[37,-8],[19,-31],[5,14],[-38,118],[80,-32],[-63,65],[-37,2],[17,25],[61,-9],[-39,72],[16,105],[-24,33],[-8,-83],[-23,0],[-16,-25],[-6,17],[-13,-119],[-24,49],[13,49],[-21,29],[-13,-67],[-39,43],[36,-85],[-11,-25],[-23,17],[-5,50],[-32,-18],[-21,12],[-11,49],[-68,91],[73,134],[31,-15],[-7,33],[-28,1],[-8,17],[16,26],[-48,7],[3,-50],[-48,-7],[16,-68],[-11,-38],[-42,46],[-14,-35],[-33,26],[-31,0],[11,-33],[54,-30],[16,-51],[105,-97],[58,-85],[-25,-25],[-49,8],[-10,-17],[44,-12],[-2,-29],[-22,24],[-6,-19],[52,-54],[-14,-37],[-36,-6],[0,-19],[-34,-17],[2,-25],[-51,34],[3,-26],[-15,2],[-52,61],[-22,-21],[-86,94],[-15,-15],[18,-37],[-33,-22],[-65,95],[-86,38],[-14,42],[-43,-9],[-74,66],[-10,-26],[27,-31],[-26,-17],[12,-38],[35,-20],[50,-69],[-13,-9],[-29,24],[-9,-7],[15,-30],[-73,59],[-26,-3],[58,-60],[-13,-8],[51,-59],[-9,-14],[-45,14],[-7,-20],[-34,26],[-14,-14],[-2,37],[-56,-51],[-26,30],[-22,-16],[16,-9],[-13,-18],[-31,16],[-25,-22],[-31,14],[-12,-7],[27,-44],[53,-2],[10,-22],[-61,-25],[-68,53],[-13,-11],[52,-33],[-36,-23],[-19,10],[-4,29],[-33,-2],[-10,19],[-21,-39],[-23,-3],[-10,30],[-3,-79],[29,-25],[-16,-37],[-74,18],[17,17],[-7,18],[-34,12],[-30,37],[-9,-20],[-17,2],[-54,52],[-9,-21],[-93,-53],[-14,7],[5,42],[-38,17],[33,25],[-12,15],[-14,-15],[-52,0],[26,43],[-77,50],[4,-72],[-15,-12],[-7,18],[-30,7],[-8,26],[-45,17],[-18,34],[23,0],[11,24],[-59,-16],[-23,20],[19,47],[-50,63],[5,30],[-55,47],[26,13],[-32,76],[19,59],[-67,9],[54,24],[4,52],[24,20],[5,36],[19,3],[3,42],[-31,66],[5,87],[68,66],[6,30],[121,72],[36,47],[67,0],[52,25],[30,39],[-95,155],[27,73],[67,-28],[10,24],[-67,96],[21,17],[72,1],[-16,-18],[71,-24],[14,-30],[58,-5],[16,27],[48,-3],[29,-32],[43,7],[261,-151],[37,-3],[28,-30],[87,-36],[19,-23],[8,-68],[101,-60],[39,-55],[8,-115],[-43,-41],[-55,18],[-16,-10],[29,-34],[12,-74],[42,-2],[14,-17],[-3,-37],[-27,-4],[-6,-35],[41,-12],[34,-62],[38,16],[1,21],[-24,37],[-13,67],[13,111],[-53,-60],[-53,9],[41,25],[8,43],[38,26],[-3,27],[61,-31],[-13,54],[45,89],[-2,40],[-26,4],[-7,-73],[-44,-52],[-94,199],[-56,39],[-17,-11],[5,28],[-20,28],[-74,30],[-19,76],[110,-17],[44,43],[4,-43],[29,-39],[157,-28],[40,16],[22,44],[-10,115],[64,-23],[45,25],[41,-14],[33,66],[19,-11],[-16,-32],[19,-12],[-12,-22],[15,-33],[52,-22],[97,97],[27,85],[63,18],[-16,33],[32,19],[35,-2],[28,-36],[49,36],[49,-13],[48,-81],[37,20],[33,-27],[24,7],[-75,186],[10,51],[-39,33],[0,45],[20,7],[-31,67],[-50,50],[-88,49],[-98,168],[-94,114],[-24,80],[60,96],[123,91],[57,71],[26,0],[2,27],[88,100],[121,111],[52,134],[116,85],[70,8]],[[34330,23232],[19,-9],[6,-30],[-10,-61],[-53,-103],[-6,-52],[-41,4],[-52,-45],[-15,-38],[-38,-11],[-17,-25],[-46,15],[-9,62],[10,59],[82,343],[52,14],[62,-14],[56,-109]],[[35865,23470],[1,-74],[-38,-52],[-13,21],[50,105]],[[29465,23649],[9,-27],[-55,-50],[29,0],[-145,-72],[-51,0],[38,77],[175,72]],[[35757,24286],[-16,-26],[-19,39],[-28,-16],[-1,37],[25,29],[-72,20],[-21,23],[16,26],[-34,1],[-21,59],[-27,3],[-15,30],[-28,8],[-55,62],[-6,40],[15,42],[190,50],[33,-21],[122,-21],[-35,-50],[32,16],[-7,-25],[41,-13],[-34,-67],[19,-21],[-16,-25],[20,-7],[-2,-15],[-20,-70],[-37,-35],[6,-19],[-25,-54]],[[35352,24831],[5,-53],[-38,46],[-19,-34],[-40,16],[-22,35],[72,88],[19,-21],[-19,-13],[4,-17],[28,16],[10,-63]],[[22525,24984],[-3,-17],[32,-17],[-45,-74],[-42,66],[-31,-2],[-5,31],[15,23],[42,-4],[18,20],[19,-26]],[[35569,24988],[25,37],[35,-8],[22,-17],[22,-91],[19,50],[13,-93],[28,14],[27,-73],[-19,-48],[-26,-9],[-51,50],[-51,20],[-35,62],[-16,70],[7,36]],[[22879,25589],[61,-13],[-47,-47],[-53,4],[36,35],[-10,17],[-36,-17],[12,27],[37,-6]],[[28977,25419],[6,-154],[-27,-92],[0,-101],[-28,17],[-118,-422],[-53,-92],[-39,-15],[-55,136],[-42,41],[-9,36],[-57,35],[-38,101],[-11,91],[33,256],[27,76],[79,135],[26,86],[48,40],[19,-18],[32,8],[9,-32],[44,51],[33,0],[40,-36],[54,-126],[27,-21]],[[22736,25585],[22,36],[60,-28],[-9,-17],[-56,-17],[-24,11],[7,15]],[[35973,25737],[9,-34],[-58,-17],[42,-26],[-24,-34],[-24,14],[13,-38],[-58,-59],[-88,28],[-81,53],[-5,36],[15,30],[66,4],[-36,43],[31,51],[21,-2],[33,-41],[18,17],[45,-8],[0,23],[12,2],[30,-17],[-2,-26],[41,1]],[[29648,25812],[8,-32],[-12,-14],[-106,13],[-12,16],[11,17],[95,14],[16,-14]],[[29709,25812],[48,0],[-58,-58],[-28,9],[-14,67],[52,-18]],[[35698,25745],[-70,6],[-12,19],[27,7],[41,54],[38,4],[35,-30],[-59,-60]],[[23198,25890],[8,-33],[-54,57],[46,-24]],[[23413,25931],[42,-2],[28,-23],[-76,0],[-58,19],[0,15],[64,-9]],[[31449,25914],[24,-76],[-72,-8],[-121,39],[-32,34],[-41,9],[-57,62],[58,42],[55,-34],[17,-51],[105,9],[64,-26]],[[33222,25846],[30,-32],[-8,-27],[-79,-51],[-94,18],[-39,34],[-18,-26],[-21,7],[-3,52],[-27,9],[-13,29],[1,58],[-51,90],[63,-2],[8,33],[-62,4],[-42,46],[-76,-10],[-10,14],[15,13],[53,4],[-76,26],[-19,45],[210,-55],[139,-92],[45,-59],[-13,-9],[46,-32],[-22,-24],[47,-12],[16,-51]],[[27611,26303],[121,-38],[34,-38],[-20,-85],[-22,-25],[-6,-42],[19,-68],[-16,-60],[-84,-101],[-98,-63],[-37,-114],[-93,-93],[-58,-107],[-150,-152],[-33,-13],[-30,66],[-38,28],[-65,-16],[-134,-119],[-10,176],[-87,135],[-13,79],[15,40],[91,95],[27,84],[42,56],[15,155],[54,104],[62,49],[37,-29],[42,-75],[27,-7],[151,119],[63,10],[87,-23],[20,13],[0,34],[56,37],[31,-12]],[[23654,26912],[2,-38],[-40,-5],[-26,68],[64,-25]],[[29796,26675],[20,-14],[-34,-85],[4,-28],[-94,-92],[-85,-28],[-126,152],[-152,222],[10,25],[-16,47],[13,45],[36,42],[29,-79],[90,47],[50,-25],[15,16],[96,-17],[8,-50],[33,-9],[35,17],[-3,-25],[26,-17],[-10,-8],[13,-9],[-1,-43],[43,-84]],[[23629,26963],[-65,-26],[-74,68],[97,-34],[-16,26],[17,7],[41,-41]],[[23258,27081],[78,-60],[-73,-12],[-13,42],[-27,18],[6,16],[29,-4]],[[36111,26734],[12,-75],[-46,56],[-11,2],[-2,-25],[-34,32],[-77,180],[16,16],[-51,161],[48,75],[32,-41],[21,-158],[-11,-37],[25,-51],[-19,-8],[97,-127]],[[30194,26920],[68,-24],[-40,-46],[-12,11],[8,-23],[-30,-62],[-69,26],[-19,27],[-43,-6],[-85,123],[-38,25],[-4,27],[-57,40],[6,10],[-35,7],[16,9],[-19,21],[51,13],[-54,14],[1,24],[37,50],[80,-21],[28,-25],[15,6],[-7,19],[193,-144],[1,-27],[42,-30],[-34,-44]],[[32173,27191],[1,-37],[-32,23],[-24,-21],[23,-16],[-27,-22],[-37,31],[-49,-9],[133,60],[12,-9]],[[22547,27436],[3,-37],[-38,15],[-19,30],[54,-8]],[[35734,27301],[-13,36],[49,74],[29,-69],[-13,43],[10,19],[12,-11],[1,41],[40,16],[14,-36],[24,27],[-21,-81],[49,0],[-51,-68],[27,-9],[25,-36],[27,42],[10,-5],[16,-60],[-6,-55],[-33,-9],[-24,48],[-25,8],[-59,75],[-42,-24],[-46,34]],[[29591,27512],[6,48],[26,24],[54,-4],[6,17],[86,8],[23,-17],[-30,-16],[-60,-102],[-111,42]],[[27950,27790],[-32,19],[1,21],[17,16],[50,-8],[-3,-33],[-33,-15]],[[31797,27825],[48,-17],[-45,-25],[-9,-47],[-12,15],[-24,-10],[13,25],[-29,-8],[4,38],[35,6],[-10,48],[35,0],[-6,-25]],[[31678,28176],[16,-34],[-5,-54],[-21,-26],[5,-50],[11,-1],[-27,-31],[8,-37],[-24,-2],[-22,12],[-9,134],[22,25],[23,-8],[-13,54],[13,5],[-45,17],[-5,22],[35,44],[36,7],[14,-39],[-12,-38]],[[35426,28231],[44,-17],[-23,-19],[-86,-5],[14,81],[92,122],[22,74],[14,-17],[-5,-90],[46,107],[2,-31],[18,-2],[-29,-58],[22,-1],[8,-34],[19,8],[-4,-17],[-103,-50],[36,-9],[-15,-25],[-72,-17]],[[36970,29711],[-20,-43],[47,1],[15,-10],[-16,-24],[18,8],[17,-17],[-4,-30],[-31,-12],[-4,-44],[-27,67],[-24,-60],[-14,19],[17,43],[-24,-18],[-14,1],[3,26],[-39,-9],[13,26],[-21,46],[8,31],[34,-1],[5,-25],[61,25]],[[26995,29787],[-32,38],[-5,26],[18,12],[82,0],[37,-30],[1,-14],[-58,0],[-24,-32],[-19,0]],[[28554,27267],[-6,-18],[-127,-31],[-62,-112],[-82,-73],[-33,-54],[-35,-5],[-7,-62],[-25,-29],[-65,10],[-45,46],[-110,60],[-20,32],[-65,-1],[-60,81],[-63,-5],[-83,68],[-79,-6],[-8,-28],[-13,25],[-15,-31],[-76,32],[-33,89],[16,48],[66,39],[3,105],[-77,74],[-157,17],[-101,-35],[-25,59],[81,161],[-23,67],[-33,-2],[-31,-22],[-25,-61],[-46,23],[-47,-39],[-26,20],[-26,-6],[-42,-92],[-39,-40],[38,-103],[-22,-75],[26,-58],[-18,-63],[-44,13],[-26,-17],[-70,-97],[-35,-22],[-39,-76],[-45,25],[-46,-4],[-57,-89],[-35,-199],[-52,-97],[-43,-19],[-128,-131],[-150,-87],[-111,8],[-35,54],[-23,86],[-10,216],[24,127],[-12,65],[19,49],[-13,76],[-42,30],[-3,93],[-50,-85],[-63,-8],[-156,-66],[-98,32],[-65,-9],[-79,-110],[-123,-25],[-28,11],[-43,73],[3,91],[119,247],[28,41],[330,214],[-2,75],[-48,67],[1,61],[-32,50],[-5,81],[15,46],[-29,33],[10,133],[-17,63],[85,266],[31,21],[-19,76],[20,20],[5,39],[-32,80],[42,135],[-16,214],[36,87],[-26,48],[32,205],[26,54],[0,73],[42,121],[154,182],[33,13],[25,3],[12,-53],[-21,-52],[8,-52],[30,7],[26,46],[79,-37],[23,-90],[-15,-13],[62,-138],[-28,-41],[-82,-26],[-14,-23],[41,-59],[72,-46],[32,-50],[-5,-78],[41,-109],[6,-62],[33,-1],[28,35],[20,136],[72,163],[18,3],[49,-30],[5,-59],[35,-36],[96,-47],[-33,-98],[76,-83],[90,-9],[-19,-18],[16,-16],[51,18],[23,-21],[84,-1],[56,-21],[43,-85],[-2,-50],[62,-109],[97,-38],[55,-45],[65,-113],[57,-9],[41,-46],[80,30],[47,-52],[29,-8],[-6,-35],[56,-5],[117,-188],[36,-28],[-1,-250],[88,-153],[-19,-76],[-107,-48],[-40,-40],[-10,14],[-14,-80],[100,4],[60,32],[91,12],[13,21],[-10,34],[24,23],[-5,-23],[53,-2],[24,-29],[148,-79],[13,21],[-36,72],[23,43],[-10,33],[30,-10],[59,-60],[31,-71],[38,-11],[44,-46],[-13,-45],[25,-19],[-38,-25],[-60,25],[14,-30],[139,-53],[47,-51],[35,7],[10,-59]],[[26292,30031],[33,10],[35,-60],[-16,-25],[63,-86],[78,-235],[8,-63],[-66,-99],[-60,40],[-16,102],[-80,57],[-31,56],[-31,279],[36,50],[47,-26]],[[26540,30133],[7,69],[157,-77],[17,-23],[31,28],[10,-64],[121,-96],[23,-40],[5,-54],[-56,-73],[7,-12],[115,-80],[5,-43],[28,18],[109,-8],[13,-19],[-22,-19],[6,-31],[-26,-38],[-31,-20],[-52,50],[-68,7],[19,51],[-31,-20],[12,-47],[-65,26],[-36,-25],[-5,29],[22,13],[8,52],[47,24],[-18,20],[-50,-11],[21,46],[-40,-12],[-42,-52],[-29,25],[-57,7],[19,61],[-10,112],[-30,27],[-8,59],[-40,34],[-50,11],[-36,95]],[[27103,30404],[-10,12],[15,34],[59,-46],[-10,-30],[26,5],[26,-34],[57,24],[10,-16],[-48,-85],[-33,-2],[-101,86],[9,52]],[[36899,31487],[16,-27],[-102,-86],[-38,-61],[-32,0],[-3,-35],[-29,3],[-44,53],[38,-6],[10,54],[38,10],[16,39],[34,4],[-13,41],[54,19],[55,-8]],[[36378,31656],[19,20],[55,-55],[-47,-32],[-146,7],[-29,18],[94,81],[22,-17],[-3,-39],[35,17]],[[36265,31901],[-15,-14],[-106,1],[-8,54],[28,119],[101,-160]],[[31758,32290],[-24,-77],[-466,4],[-70,38],[-42,58],[-61,133],[7,122],[46,26],[92,-17],[58,136],[58,-56],[-27,-58],[8,-31],[61,4],[158,-88],[34,27],[91,-9],[36,-21],[15,-30],[4,-132],[22,-29]],[[35073,32822],[46,8],[8,-16],[-38,-50],[-3,-75],[-180,45],[3,27],[46,-8],[24,38],[80,-10],[14,41]],[[25552,32848],[80,-102],[-13,-135],[29,-200],[-43,-178],[-62,-79],[-39,9],[-97,108],[-32,126],[50,51],[0,69],[-57,40],[-8,37],[42,66],[1,70],[69,114],[29,29],[51,-25]],[[30972,32704],[12,-78],[-72,-194],[21,-107],[34,-61],[-10,-105],[16,-140],[-24,-105],[-69,-125],[-45,-24],[-31,-68],[-56,4],[-40,-61],[-44,-4],[-94,-62],[-121,-3],[-45,17],[-58,-34],[-81,7],[-45,-24],[-163,19],[-44,53],[-48,172],[-34,35],[-4,85],[17,25],[-47,203],[52,201],[157,348],[69,112],[202,113],[22,-4],[12,-34],[68,-8],[81,58],[147,-38],[47,-38],[169,-58],[49,-77]],[[29152,32890],[46,-49],[-9,-40],[-100,-106],[-66,68],[4,136],[14,20],[96,7],[15,-36]],[[27663,32869],[-32,33],[-94,38],[10,17],[34,-21],[14,4],[-9,25],[32,0],[31,-41],[52,-1],[-38,-54]],[[31284,32970],[-15,64],[11,27],[26,7],[111,-155],[-42,-118],[-39,27],[-1,57],[21,11],[-56,45],[-16,35]],[[29291,33114],[-80,-74],[-46,10],[-1,28],[-41,-2],[17,58],[22,-8],[27,43],[41,2],[35,40],[-102,92],[99,-1],[51,-40],[48,-8],[-19,-91],[-71,22],[-32,-50],[52,-21]],[[31060,33204],[-23,58],[48,61],[51,-15],[17,-64],[61,-58],[-127,-4],[-27,22]],[[31063,33008],[26,-3],[-38,-40],[27,-23],[-4,-28],[-21,1],[23,-25],[-34,24],[-53,-8],[-18,74],[-104,64],[-73,91],[9,127],[72,122],[32,-43],[85,-26],[26,-120],[76,-106],[-12,-42],[-42,-6],[-6,-16],[10,-19],[19,2]],[[34271,33440],[145,-63],[16,-22],[-118,11],[-128,70],[-120,22],[-5,30],[17,10],[193,-58]],[[23860,33871],[21,-86],[-11,35],[-24,-11],[-20,15],[-5,81],[15,-34],[37,25],[-13,-25]],[[23712,34023],[12,7],[7,-17],[-15,-24],[-48,-18],[-14,69],[-30,-34],[17,42],[-22,26],[19,33],[-13,0],[7,58],[-52,-100],[3,84],[53,45],[37,-24],[51,-102],[-12,-45]],[[29072,33574],[-69,-59],[-80,40],[4,54],[-16,25],[46,52],[47,131],[23,20],[102,21],[45,49],[4,65],[42,68],[18,17],[49,-9],[-42,50],[1,47],[109,62],[77,-6],[46,-115],[-38,-38],[-21,-69],[-18,-11],[-36,38],[-7,-72],[-45,-47],[7,-37],[-78,-106],[-3,-51],[-35,-29],[-22,-54],[-110,-36]],[[23828,34091],[-36,-73],[-38,47],[2,29],[-50,39],[1,43],[96,85],[30,-50],[-5,41],[23,25],[2,-77],[23,-16],[-48,-93]],[[30193,34231],[21,-35],[-13,-89],[-126,-127],[8,-45],[31,-21],[-29,-34],[10,-26],[-43,49],[-78,-34],[-50,36],[-48,96],[-9,52],[28,185],[100,39],[65,-50],[90,0],[31,21],[12,-17]],[[34534,34454],[65,-42],[-22,-32],[-94,-11],[32,-19],[-9,-14],[-116,33],[12,33],[84,24],[13,45],[35,-17]],[[34316,34382],[-27,-5],[-160,77],[42,17],[67,81],[29,8],[59,-35],[28,14],[-68,42],[8,19],[31,2],[78,-80],[-67,-79],[-20,-61]],[[29394,34522],[7,71],[57,-57],[13,19],[-20,77],[28,1],[17,24],[71,-47],[39,-88],[-70,-85],[-92,-25],[-108,-90],[-64,29],[-57,-56],[-39,-6],[2,57],[77,70],[58,106],[81,0]],[[28654,34505],[-39,19],[-11,-15],[66,-123],[-29,-45],[-109,50],[9,96],[-13,9],[-45,-84],[-8,72],[-68,63],[-124,1],[-25,33],[45,75],[61,-33],[44,-2],[43,-70],[-10,39],[23,16],[-40,24],[-21,51],[27,30],[50,-3],[2,-19],[61,23],[39,-51],[-13,-45],[40,38],[43,-29],[75,41],[22,-12],[36,80],[111,-22],[22,-27],[-4,-45],[42,-42],[-97,-93],[-181,-35],[-24,35]],[[26839,34649],[-38,54],[29,47],[154,-51],[-81,-27],[20,-49],[-20,-8],[-64,34]],[[23075,34784],[50,29],[50,-29],[-94,-43],[-6,43]],[[23258,34682],[-43,-59],[-85,85],[77,46],[25,-3],[20,58],[24,8],[-37,-83],[19,-52]],[[25314,34944],[-85,52],[-6,46],[-47,46],[132,26],[-23,17],[14,25],[54,-50],[93,-34],[72,35],[25,-10],[42,-106],[22,-13],[-20,-38],[-129,-18],[-107,56],[-37,-34]],[[32627,36213],[77,-12],[-29,-113],[-103,-19],[-129,-59],[-32,-43],[-58,-7],[-64,152],[34,7],[14,-25],[27,13],[26,149],[72,32],[19,-23],[146,-52]],[[31948,36830],[64,-85],[-97,-45],[21,-107],[-35,-36],[-5,36],[-95,48],[5,70],[-58,119],[98,69],[33,-25],[-10,-90],[-27,-34],[19,-39],[8,44],[61,77],[18,-2]],[[32049,37008],[37,-76],[-50,-88],[-108,34],[-22,37],[55,85],[88,8]],[[21444,37237],[32,-18],[-27,-111],[-57,-13],[-25,14],[9,22],[52,37],[-39,9],[-3,34],[58,26]],[[21238,38505],[26,-51],[-18,-38],[-50,71],[42,18]],[[20698,38336],[-45,50],[42,31],[4,48],[88,68],[18,-29],[-17,-50],[35,-68],[-48,-67],[-77,17]],[[20625,38830],[101,69],[62,-39],[-16,-59],[51,33],[35,-129],[-37,-91],[-60,-40],[-89,-2],[-60,77],[-21,104],[34,77]],[[15454,39388],[34,39],[78,14],[81,-10],[45,-31],[-22,-33],[-172,-33],[-44,54]],[[17053,39436],[85,-77],[5,-43],[-42,-102],[3,-145],[-83,-141],[-6,-55],[-107,-115],[-12,-82],[-101,-95],[-46,29],[-14,-12],[25,-22],[-13,-20],[61,-60],[-38,-20],[-16,29],[-33,-9],[-46,109],[-202,229],[11,26],[-101,42],[29,33],[-70,77],[35,8],[-106,68],[-76,82],[-52,7],[-80,60],[-93,3],[-24,17],[36,76],[47,30],[123,173],[413,31],[68,32],[91,11],[131,-31],[112,-92],[19,-40],[67,-11]],[[28216,39409],[30,20],[17,58],[-28,99],[196,28],[150,-94],[48,45],[34,-29],[143,-38],[92,-55],[224,0],[60,38],[38,-13],[294,17],[129,-74],[204,-61],[51,-56],[50,-4],[25,-33],[61,-101],[-4,-54],[63,-42],[26,11],[63,-14],[-6,-55],[68,-72],[-24,-61],[67,-59],[117,-35],[-36,-42],[20,-9],[-23,-24],[29,-43],[-32,-34],[31,-33],[70,-3],[28,-49],[-32,-68],[-91,-37],[-470,48],[-48,34],[-351,19],[-221,-57],[-251,-121],[-101,-15],[-83,22],[-204,137],[-82,215],[25,94],[-27,47],[30,31],[-22,60],[-32,20],[-64,-12],[-34,22],[-155,27],[-42,49],[6,52],[-23,25],[22,116],[14,19],[58,-8],[-75,75],[-22,77]],[[20978,38001],[8,-49],[-45,-21],[-28,-50],[-96,-63],[-100,10],[108,-60],[19,-7],[11,16],[13,-26],[-29,-16],[39,-8],[16,-186],[-174,-60],[97,-34],[69,30],[11,-17],[-22,-91],[-40,11],[-66,-51],[23,-22],[73,39],[28,-5],[-41,-137],[-70,-27],[0,37],[28,13],[-29,16],[-42,-48],[-62,-8],[-57,-128],[-60,-45],[-117,-61],[-106,1],[-36,34],[-97,20],[-82,-17],[-51,27],[-50,80],[19,95],[50,86],[-20,33],[-19,-8],[16,-42],[-39,-8],[-73,-171],[48,-18],[10,-69],[93,-81],[21,-53],[43,-15],[-81,-150],[-154,-145],[-57,8],[-31,-33],[-46,35],[-66,102],[-25,1],[-46,-42],[-54,0],[-38,156],[-45,85],[12,50],[-83,43],[-61,181],[-60,48],[-12,55],[-89,21],[-39,33],[-12,38],[-62,51],[-80,114],[12,43],[-36,4],[5,38],[-36,17],[-34,55],[-76,31],[-30,-19],[-16,17],[-34,-42],[-42,76],[16,25],[-28,8],[22,17],[-61,35],[-23,35],[-66,-35],[-20,-68],[-23,-11],[-22,11],[12,21],[-28,35],[-49,20],[-29,-25],[-11,24],[-24,-6],[-33,24],[-25,85],[55,0],[-9,21],[-59,-5],[-6,97],[-97,67],[-26,-11],[-69,58],[-24,0],[-104,101],[-60,86],[-6,101],[72,123],[16,102],[39,57],[43,8],[15,28],[30,-6],[7,27],[111,-9],[46,17],[-7,-50],[27,8],[18,-46],[49,-4],[-12,-43],[25,-17],[-39,0],[37,-53],[52,-44],[15,37],[25,0],[-26,-17],[36,-34],[25,-92],[54,-34],[14,9],[-19,25],[33,-18],[-8,-54],[-48,5],[38,-33],[93,-17],[37,-25],[25,16],[42,-17],[48,42],[-29,17],[12,31],[43,-16],[77,11],[75,-23],[54,81],[-61,143],[25,35],[-51,16],[31,87],[25,-8],[15,31],[19,-24],[-23,-26],[-22,9],[-5,-51],[49,-49],[21,27],[-23,-102],[85,23],[30,-9],[-8,37],[25,31],[-7,24],[-61,34],[5,16],[28,-7],[-10,59],[-45,8],[25,34],[-16,22],[-54,4],[45,41],[-41,9],[-67,-68],[-34,9],[5,27],[-43,40],[16,39],[51,29],[-41,35],[51,16],[45,59],[-3,-23],[30,14],[44,-55],[45,5],[-16,-26],[47,-37],[106,2],[20,19],[-74,4],[-59,39],[-146,190],[-20,-39],[32,-51],[-66,-4],[-84,-52],[-94,-22],[-82,48],[2,30],[-122,41],[-29,65],[-38,4],[-25,35],[-47,16],[11,14],[-30,29],[44,5],[44,71],[79,8],[18,57],[146,-4],[71,-70],[54,-104],[45,-10],[36,-52],[28,10],[-86,98],[26,125],[-46,0],[-21,30],[-32,-24],[-54,17],[-18,20],[26,42],[-89,16],[15,43],[-23,18],[-25,-9],[64,59],[-22,8],[11,29],[56,15],[0,22],[76,-18],[39,45],[106,-13],[162,-87],[22,-43],[26,94],[50,37],[0,63],[-8,-34],[-17,25],[-81,-69],[-82,11],[6,17],[-26,8],[42,72],[100,37],[93,-16],[-16,-42],[23,-43],[7,11],[34,-36],[88,-17],[32,-42],[25,0],[82,-74],[-14,-53],[32,-8],[24,76],[136,12],[23,-29],[52,48],[273,51],[56,37],[34,67],[62,20],[19,-12],[-48,-51],[15,-10],[89,44],[72,-37],[125,-22],[59,-95],[53,-41],[-7,-119],[-95,-64],[-22,-41],[-107,36],[7,-65],[-24,-14],[-75,23],[-12,-71],[25,-30],[80,55],[46,-40],[77,3],[9,-28],[-42,-17],[42,-33],[-4,-62],[-24,-10],[-33,19],[-138,-57],[-36,1],[-77,-52],[-19,-52],[-170,-183],[-133,-103],[33,-25],[-1,-138],[14,-14],[10,54],[60,89],[83,69],[17,-8],[33,22],[152,-10],[190,-92],[14,-31],[-22,-71],[-68,-23],[93,-25],[26,-68],[34,-3],[31,-66],[-75,-74],[-4,-67],[59,-1],[64,76],[128,47],[20,47],[37,0],[11,-34],[-35,-34],[64,-67],[23,-94],[-16,-34],[28,2],[27,-91]],[[19604,39714],[-51,14],[-40,53],[162,60],[45,-9],[-10,42],[118,57],[113,3],[167,80],[211,29],[31,-25],[7,-36],[-77,-116],[-94,-48],[-64,-75],[-238,-54],[-32,38],[-10,-57],[-99,-15],[-104,33],[163,-2],[-9,25],[-189,3]],[[23809,39798],[44,-25],[-20,-55],[-12,-16],[-28,37],[-17,-9],[-6,-93],[-194,-291],[-71,-13],[-21,17],[29,-76],[-120,-178],[-38,-101],[-22,-20],[-155,-30],[121,-22],[0,-13],[-226,-438],[-72,-61],[-29,-54],[-45,-30],[-101,-26],[-388,94],[-42,40],[-48,-30],[-92,-11],[-262,-17],[-61,11],[-13,-78],[60,24],[78,-30],[68,-3],[41,38],[-13,-118],[72,-38],[48,-59],[40,-153],[-35,-21],[-34,-83],[-89,-51],[-101,-199],[-29,-113],[-61,-14],[-7,-25],[33,-13],[64,54],[-22,-50],[19,-26],[-13,-25],[-61,25],[-47,-1],[-25,28],[-190,-13],[-186,-61],[-13,9],[30,31],[-48,-5],[9,81],[48,50],[-49,0],[-3,13],[192,61],[-23,8],[-128,-34],[-30,20],[-17,61],[23,184],[-33,106],[43,-4],[-26,25],[29,8],[-37,85],[-46,16],[-17,60],[17,17],[-23,40],[-35,21],[-7,32],[-66,20],[1,55],[36,-7],[-24,60],[-49,19],[22,157],[-45,84],[32,52],[-19,59],[26,48],[57,9],[-32,36],[10,93],[-42,118],[22,68],[-39,92],[24,80],[-33,39],[29,9],[-13,24],[18,10],[43,-17],[-48,61],[-39,14],[20,32],[-17,28],[30,17],[-3,33],[118,56],[27,-30],[21,19],[30,-9],[105,-110],[102,-27],[85,8],[-29,36],[-73,9],[-33,23],[-77,84],[-19,44],[74,33],[-42,25],[-51,-42],[-67,64],[-15,47],[17,92],[21,22],[183,58],[65,55],[121,-4],[42,42],[214,10],[43,-64],[32,-14],[13,104],[30,14],[185,7],[120,-45],[102,-12],[25,-58],[49,22],[126,-68],[48,-69],[-29,-60],[95,9],[11,51],[138,46],[18,-15],[95,20],[272,-34],[302,-111],[8,18],[20,-9]],[[20313,40475],[-27,25],[18,34],[57,34],[62,94],[62,7],[52,-38],[-55,-106],[-51,-7],[-71,-57],[-47,14]],[[21428,40622],[50,-89],[-44,-28],[-173,45],[-71,60],[35,22],[29,-14],[10,55],[70,13],[94,-64]],[[17543,41373],[16,-54],[-75,-80],[-219,-89],[-172,38],[-157,113],[113,155],[-38,16],[32,66],[141,123],[127,4],[146,-86],[35,-157],[51,-49]],[[22332,41058],[-3,-216],[-7,-23],[-51,-6],[44,-14],[7,-20],[-70,-79],[-276,-22],[-43,27],[-77,-36],[-128,4],[-49,65],[-44,-26],[-68,23],[6,61],[-118,91],[-65,-40],[28,42],[-36,-3],[4,-73],[-28,-2],[-2,87],[-76,6],[-19,34],[-10,-32],[-74,6],[13,36],[-44,10],[-74,67],[-8,24],[49,17],[-10,27],[-42,-18],[37,81],[-40,-6],[-26,-109],[-29,-26],[-38,1],[-26,33],[3,60],[31,-9],[1,32],[-89,2],[-46,-17],[9,103],[60,147],[38,-18],[-7,39],[23,16],[173,34],[-48,3],[0,17],[67,19],[6,24],[-112,-20],[0,25],[68,26],[50,76],[14,-26],[-22,-25],[74,42],[-122,27],[-54,-33],[0,37],[68,13],[11,25],[50,-13],[18,-34],[64,3],[8,24],[-53,17],[-19,36],[23,44],[161,89],[36,-22],[35,60],[69,-13],[118,64],[238,-50],[190,-204],[95,-80],[51,-15],[13,-42],[-71,-26],[62,-6],[80,-42],[-38,-78],[55,-86],[-14,-76],[-71,-42],[51,6],[46,-124]],[[20859,41667],[-62,-17],[39,-26],[-16,-18],[-101,-38],[1,23],[-55,26],[19,21],[-51,105],[164,85],[17,-17],[110,41],[28,89],[115,-62],[49,0],[55,-60],[-139,-127],[-95,79],[20,67],[-28,6],[-54,-59],[18,-88],[-34,-30]],[[17902,42072],[-10,-18],[-203,0],[-28,18],[54,33],[10,18],[-29,0],[27,28],[95,6],[-40,20],[43,68],[390,107],[110,-51],[-53,-45],[-139,-30],[-54,-113],[-47,-33],[-60,7],[-17,-24],[-13,19],[-36,-10]],[[21840,42334],[89,-250],[-170,-36],[-64,45],[-16,131],[-39,60],[116,34],[62,40],[22,-24]],[[18043,42352],[-525,-128],[-105,18],[-29,50],[73,5],[45,37],[107,5],[180,84],[314,49],[55,-30],[0,-53],[-115,-37]],[[29159,42513],[38,-29],[-6,-46],[-164,-129],[13,-41],[128,-85],[-10,-16],[-72,-2],[2,43],[-110,1],[-70,-36],[42,-23],[-46,-42],[-18,31],[-55,1],[3,50],[-64,1],[-14,25],[71,26],[9,55],[149,105],[92,113],[82,-2]],[[28017,42546],[-65,17],[46,32],[54,7],[23,-13],[-58,-43]],[[17461,42402],[-62,9],[33,17],[-90,16],[-6,-16],[-148,33],[-40,81],[78,81],[86,9],[128,46],[126,3],[405,69],[87,-104],[-21,-57],[26,-34],[-45,0],[-27,-50],[-72,-45],[-188,-41],[-270,-17]],[[24236,42910],[-115,8],[47,36],[68,-44]],[[26766,42886],[-62,32],[-7,77],[59,-13],[48,-39],[-38,-57]],[[17186,42939],[-31,37],[-29,-19],[-22,11],[-51,136],[154,75],[154,9],[47,-37],[-62,-89],[82,12],[41,56],[55,-57],[56,-11],[-10,-51],[90,-37],[65,12],[7,-41],[77,-11],[28,-51],[-153,-113],[-255,-18],[-233,10],[-14,13],[34,42],[-15,25],[-45,8],[30,89]],[[20460,41768],[56,-153],[-79,36],[-3,84],[-115,98],[-17,3],[5,-33],[-50,0],[45,-59],[-6,-49],[-23,6],[-18,58],[-30,9],[-10,-33],[-45,-10],[45,-16],[-51,-16],[16,-12],[37,7],[79,-38],[-123,-10],[-13,-16],[86,-35],[-53,-24],[3,17],[-45,-17],[9,26],[-28,-9],[-20,-43],[23,-7],[5,17],[14,-17],[-19,-37],[28,-14],[59,65],[19,-14],[-52,-60],[42,-16],[7,48],[77,-116],[-33,-17],[51,-7],[5,-27],[33,-20],[5,20],[16,-25],[-74,-45],[-40,0],[-95,57],[-3,64],[-39,17],[11,-22],[-33,-46],[83,-72],[-1,-120],[-28,14],[-336,-46],[-18,13],[20,17],[-52,7],[10,44],[-30,16],[-31,-25],[6,-47],[-198,-24],[-14,12],[58,137],[-11,26],[-92,-122],[35,-50],[-103,-20],[-321,47],[-30,32],[-2,153],[-71,51],[62,36],[202,5],[-125,31],[-47,-8],[-25,20],[60,20],[14,31],[-119,-27],[-116,64],[-15,13],[62,35],[21,-9],[-45,-17],[36,-16],[22,24],[70,17],[-42,15],[-24,40],[-72,13],[319,24],[16,18],[-142,9],[41,13],[86,-11],[41,23],[-155,34],[213,26],[-100,16],[159,42],[18,26],[-93,0],[19,50],[405,34],[31,19],[-18,18],[-344,-44],[51,25],[-313,-39],[-24,-19],[-131,-2],[-239,-43],[-140,-45],[-42,36],[-288,-74],[-68,7],[-90,-16],[-110,-52],[-16,7],[-8,40],[-43,10],[23,37],[-72,53],[28,25],[40,-26],[49,-1],[-33,25],[7,52],[64,16],[-5,42],[148,-1],[66,-33],[45,8],[-39,-1],[-11,42],[-56,10],[68,51],[-13,16],[-107,-16],[-13,29],[53,73],[201,45],[59,-62],[119,-51],[4,-62],[80,-23],[58,47],[77,9],[35,29],[-64,-9],[-7,-21],[-138,-13],[15,47],[-21,42],[-84,22],[-18,68],[134,118],[-191,-38],[-63,46],[-28,98],[76,97],[93,32],[74,53],[-188,-43],[-30,13],[-118,-11],[-31,23],[47,24],[5,26],[-10,17],[-55,1],[67,36],[-22,32],[68,25],[-37,18],[-1,35],[105,57],[187,-26],[167,-135],[-35,-103],[134,-42],[100,-91],[-50,-51],[150,34],[-16,-27],[-80,-25],[128,-19],[87,-126],[46,-15],[-39,-43],[25,-9],[47,21],[25,-63],[38,40],[123,43],[9,26],[30,-8],[37,19],[-24,13],[-174,-56],[-13,64],[-68,29],[19,34],[-31,2],[-26,76],[-49,40],[48,0],[16,30],[188,-45],[125,49],[-132,-28],[-139,79],[-81,-18],[-146,53],[-15,20],[31,42],[173,-13],[-65,43],[17,12],[54,-38],[78,-12],[25,12],[-72,15],[-12,11],[45,18],[-64,7],[-55,43],[20,25],[-52,-17],[-34,24],[-166,-10],[-147,155],[120,31],[2,36],[186,103],[226,-42],[51,33],[47,0],[43,-34],[-64,-9],[77,-14],[109,-108],[59,13],[12,-17],[-56,-38],[8,-26],[80,-54],[-24,75],[35,-12],[32,21],[23,-41],[37,-2],[-13,51],[-83,76],[13,76],[91,25],[39,-50],[8,43],[87,-2],[29,44],[-36,18],[-100,-18],[-38,33],[202,0],[3,-64],[127,-46],[-60,-8],[-59,17],[17,-31],[85,-28],[13,16],[39,-34],[127,-21],[66,-37],[-2,-81],[-56,-121],[132,-163],[-69,-257],[39,-144],[-45,-78],[-128,-70],[126,-24],[32,-27],[84,-7],[22,-23],[-22,-198]],[[18706,43079],[-83,-26],[-164,34],[119,66],[113,17],[103,99],[162,29],[178,-25],[-428,-194]],[[24098,43265],[-9,-49],[-57,-31],[-21,-63],[18,-81],[69,-55],[-71,-25],[-44,36],[-27,-47],[-107,58],[-170,236],[-2,71],[113,62],[164,23],[62,-35],[82,-100]],[[28847,41117],[56,-85],[50,-24],[-11,-22],[-259,-89],[-121,61],[10,71],[-24,28],[3,-58],[-23,-23],[-35,79],[-40,-34],[20,-54],[120,-53],[0,-42],[-68,-43],[55,-50],[-36,-25],[4,-68],[19,-7],[-29,-61],[-22,-12],[-86,10],[-44,-28],[-270,19],[-96,-21],[-220,-127],[-131,23],[-74,41],[-92,10],[18,34],[-18,33],[-27,-42],[-59,-33],[-148,49],[-92,145],[-1,84],[38,48],[-19,49],[-132,50],[-62,65],[-33,-21],[18,-59],[94,-101],[-80,-228],[-60,-40],[-198,-3],[-101,-45],[-167,-4],[-39,29],[-69,-27],[-33,9],[-34,77],[14,132],[-24,28],[-32,-76],[19,-128],[-17,-32],[-53,-24],[-81,15],[-58,208],[-25,20],[24,-179],[-57,-58],[-244,-17],[21,81],[-47,54],[0,35],[-27,-26],[-7,-90],[-60,-50],[-132,61],[-45,62],[4,34],[-26,9],[1,-90],[93,-96],[-144,-9],[-49,61],[-17,-45],[-98,-11],[-35,18],[-18,53],[36,25],[-50,-11],[-29,-65],[-84,-32],[-45,20],[-8,56],[-57,-47],[-86,-6],[-42,43],[-43,-38],[-130,25],[-22,89],[61,157],[0,80],[65,17],[-90,17],[19,51],[-43,85],[-18,-9],[11,-68],[-30,-25],[-13,47],[-95,-239],[-20,12],[-14,137],[-84,67],[42,-67],[-23,-79],[-99,45],[80,-88],[-22,-98],[-48,-30],[-62,5],[-25,-42],[-68,-9],[-8,15],[-49,-28],[-102,-10],[-43,78],[-48,-44],[-123,58],[29,33],[-76,-29],[-42,4],[-78,67],[-16,68],[19,25],[-58,-16],[-28,-47],[-56,21],[126,161],[-14,68],[-147,-169],[-33,7],[-28,-25],[61,-135],[-87,9],[-21,105],[-18,-90],[-68,-4],[-83,48],[32,34],[-21,19],[-69,-2],[-4,-29],[-28,12],[36,33],[-100,48],[-21,32],[24,131],[-32,34],[9,32],[-77,86],[-3,51],[36,28],[47,-11],[20,17],[-48,43],[27,21],[-106,-15],[-104,95],[35,152],[48,43],[-64,0],[39,99],[87,124],[89,55],[-35,34],[32,43],[-77,110],[33,76],[-10,73],[-134,65],[-98,109],[-21,149],[-44,36],[-20,61],[-59,28],[-57,72],[-5,67],[-70,32],[-180,-93],[-36,1],[22,17],[-26,15],[-42,-49],[62,-34],[-32,-10],[-66,23],[-105,-13],[-56,30],[-196,-12],[-28,50],[-40,0],[-47,-56],[-71,-19],[-28,-35],[-155,17],[15,81],[32,-21],[90,24],[31,33],[71,0],[18,-33],[20,26],[-153,48],[-24,-22],[-43,35],[-77,-22],[-7,27],[34,18],[-84,-16],[-126,19],[-71,46],[-64,79],[13,22],[152,12],[80,101],[-92,-68],[-21,17],[-93,-16],[16,33],[-70,2],[-49,48],[10,18],[-69,1],[-60,71],[-86,20],[-39,-16],[-50,6],[-25,16],[-19,28],[58,42],[-27,16],[5,32],[70,-22],[36,-50],[60,20],[61,-29],[46,16],[-88,25],[-41,-8],[36,17],[-3,26],[31,-17],[62,17],[-134,40],[-40,32],[-63,7],[-15,71],[91,28],[-80,25],[4,13],[159,-13],[4,-17],[44,38],[52,-3],[10,24],[-68,34],[183,20],[108,32],[49,-17],[114,-1],[109,-71],[89,-9],[34,-22],[198,-10],[25,-62],[69,1],[35,-38],[56,-4],[70,60],[124,-19],[54,-74],[141,-99],[6,-34],[36,0],[8,-41],[-56,-203],[-168,-136],[45,-61],[25,-6],[23,24],[-48,5],[-9,21],[102,50],[126,153],[7,39],[60,3],[121,-42],[80,33],[72,-29],[63,30],[38,-5],[70,56],[265,36],[244,-62],[54,-69],[128,-46],[1,-54],[29,-25],[-11,-22],[-75,-14],[-128,36],[-37,42],[-33,-49],[-129,45],[-102,-13],[78,-59],[193,-9],[17,-17],[147,-25],[29,-32],[61,24],[540,-136],[49,-65],[-7,-28],[-81,-50],[-505,-9],[14,-18],[154,-16],[22,-17],[-20,-14],[-501,90],[-35,34],[-177,51],[159,-68],[2,-28],[-65,-48],[78,17],[259,-50],[-38,-55],[-45,-13],[70,-15],[78,49],[171,-34],[-48,-45],[-382,4],[-27,-18],[81,1],[22,-18],[-61,-17],[53,-32],[6,-30],[-94,-48],[8,-83],[30,74],[63,33],[63,93],[47,-10],[-1,-41],[69,36],[58,-17],[-42,-40],[0,-51],[96,93],[94,-45],[31,90],[39,7],[2,-48],[53,-12],[75,-79],[-42,-135],[22,-4],[23,37],[56,27],[-20,24],[42,-4],[92,-64],[57,-13],[17,-39],[-45,-159],[-69,-23],[-114,6],[-54,-51],[24,-10],[53,26],[25,-24],[-17,-13],[-41,7],[-3,-25],[63,5],[59,43],[97,-3],[50,-120],[58,-25],[18,-45],[83,7],[5,55],[-69,157],[67,45],[16,50],[67,-34],[117,-121],[51,-20],[10,-32],[-48,-24],[35,-34],[122,93],[102,42],[38,-15],[26,-55],[56,-39],[-52,-51],[66,6],[20,55],[-39,75],[66,67],[47,9],[72,-35],[25,-54],[132,-93],[93,2],[101,-58],[-119,-76],[102,9],[96,49],[96,8],[221,-24],[-28,21],[-99,13],[-55,46],[-95,21],[-19,30],[66,33],[138,27],[88,54],[-8,-41],[150,-9],[-45,17],[13,33],[38,0],[17,34],[77,18],[-14,15],[113,1],[107,-40],[35,15],[-74,17],[-3,51],[176,27],[53,61],[74,12],[40,38],[8,14],[-39,18],[76,-18],[48,15],[17,-7],[-25,-17],[33,-19],[76,8],[59,-61],[105,7],[25,-18],[232,100],[138,28],[571,-80],[9,-23],[-90,-119],[16,-12],[111,-22],[241,31],[199,-93],[-4,-47],[64,-9],[-183,-71],[-16,-22],[340,6],[36,-23],[-51,-17],[90,-68],[-20,-68],[-38,-29],[11,-17],[69,-4],[-34,-71],[-53,-61],[-96,-8],[-48,-40],[-15,-54],[-150,-42],[-27,-29],[-46,0],[73,-57],[52,-10],[-38,-10],[4,-29],[67,25],[22,-16],[16,30],[115,58],[89,-15],[40,-26],[-25,-9]],[[26217,44161],[11,50],[-50,41],[-140,10],[103,60],[143,-7],[40,-69],[55,-35],[-109,-50],[-53,0]],[[24104,44035],[2,-40],[-62,-66],[-143,-82],[-146,-1],[8,37],[-252,91],[-119,107],[5,276],[53,5],[81,44],[272,-35],[248,-176],[53,-160]],[[17188,43832],[-26,-50],[-161,-52],[-78,72],[-66,13],[-59,-17],[-9,50],[-71,17],[36,9],[-71,59],[29,16],[-60,21],[-4,82],[-55,16],[1,71],[-50,31],[39,62],[-84,39],[8,89],[-115,119],[6,27],[79,36],[122,-17],[68,-40],[238,-227],[21,-62],[-30,-90],[125,4],[21,-43],[126,-84],[-19,-34],[37,-17],[2,-100]],[[22419,44390],[-58,-13],[-80,-233],[-139,17],[27,-26],[-82,1],[-22,28],[-39,-13],[-65,8],[-49,25],[-778,2],[-160,161],[44,118],[159,68],[128,19],[55,43],[30,1],[41,-88],[29,36],[44,-29],[118,56],[279,-21],[-7,-17],[33,0],[-7,17],[64,-17],[54,16],[58,-44],[53,3],[22,34],[81,17],[187,-72],[50,-73],[-70,-24]],[[29780,44652],[-12,-50],[-120,-46],[-49,71],[144,42],[37,-17]],[[18101,44508],[17,25],[-40,27],[-15,67],[38,55],[340,31],[240,-81],[132,-118],[-13,-20],[-88,-11],[-193,13],[-29,-36],[-80,-27],[-181,20],[-128,55]],[[17889,45167],[48,-22],[7,-61],[-124,-99],[-88,2],[-6,83],[86,81],[77,16]],[[24857,45387],[-61,-192],[-68,-69],[-34,22],[12,74],[84,47],[-3,101],[70,17]],[[31195,45793],[183,-67],[-77,-60],[-169,53],[23,70],[40,4]],[[20701,44576],[-90,16],[-10,85],[61,59],[-164,43],[-43,42],[-159,59],[57,18],[-2,50],[337,-19],[39,35],[-7,34],[-246,93],[-247,10],[-1,29],[50,-13],[23,17],[-69,55],[-73,20],[16,111],[-85,21],[-79,63],[21,96],[124,-11],[24,22],[-53,61],[-51,10],[-58,144],[26,25],[-19,33],[97,55],[327,-27],[231,-78],[31,-38],[89,-20],[50,9],[133,-90],[70,3],[-51,-109],[172,-59],[98,48],[112,-19],[160,-69],[116,-74],[21,-38],[-25,-36],[-245,-125],[138,-51],[8,-34],[95,-68],[0,-59],[-80,-110],[-48,-15],[-101,15],[-35,-33],[-35,3],[-133,-56],[-261,-49],[-26,48],[-35,5],[-115,-44],[57,-23],[59,31],[-38,-25],[23,-13],[-95,-12],[-52,-56],[-34,5]],[[16619,46190],[-10,76],[95,148],[-15,55],[141,-36],[674,78],[163,-77],[39,11],[80,-24],[58,-61],[55,-10],[-7,-75],[129,-93],[-21,-137],[-53,-49],[96,0],[-12,-84],[34,3],[58,67],[-9,98],[141,35],[99,60],[123,-12],[161,-128],[65,-24],[15,25],[57,-34],[-81,-177],[71,-4],[15,-28],[45,-10],[67,35],[79,-1],[35,28],[81,0],[35,-64],[133,-44],[46,-46],[-80,-75],[60,-18],[50,20],[33,-44],[74,3],[34,-28],[-58,-51],[26,-9],[-38,-63],[-91,-56],[51,-41],[-3,-137],[111,-7],[47,-94],[64,-33],[118,-128],[46,-16],[-11,-80],[-63,-47],[41,-98],[-77,-53],[-289,-30],[-66,-45],[-81,39],[-80,5],[-155,56],[-3,45],[-100,142],[32,83],[-113,68],[-27,83],[-95,-24],[-111,64],[-311,62],[-202,-54],[-99,54],[3,50],[61,44],[-37,20],[-429,-73],[-120,-58],[-15,-39],[-244,40],[-166,107],[-85,104],[-8,97],[93,66],[84,7],[283,-78],[148,5],[86,-30],[40,49],[-19,32],[54,29],[-10,34],[-286,4],[-16,13],[63,47],[201,3],[-23,43],[86,19],[10,32],[-81,50],[-39,-51],[-16,32],[-95,-40],[46,82],[-43,-13],[-36,17],[-2,-35],[-47,-30],[-91,24],[18,59],[137,72],[12,27],[-91,49],[-25,52],[-79,13],[-25,-47],[-33,12],[-40,-14],[-58,-116],[-120,-78],[-57,-2],[-36,34],[94,106],[72,122],[-14,25],[-115,28],[-211,-50],[-88,30],[-7,81]],[[19179,47294],[-19,42],[45,64],[149,83],[98,-11],[70,-39],[142,29],[115,-62],[79,-144],[-32,-77],[58,-139],[-81,-152],[-64,73],[-174,50],[9,98],[-128,62],[-228,-25],[-52,42],[13,106]],[[21198,48102],[-140,16],[19,25],[297,28],[192,-27],[46,-59],[-102,-32],[-139,21],[-68,34],[-105,-6]],[[20836,47351],[-46,12],[-38,54],[43,62],[163,-8],[162,-86],[160,-28],[239,-19],[151,15],[218,-71],[-200,135],[123,74],[206,36],[-181,25],[-43,24],[-176,-104],[-207,-19],[-140,65],[66,38],[104,-1],[34,51],[-52,-29],[-88,0],[-23,26],[-127,-59],[-41,1],[-165,74],[-116,18],[48,58],[-103,26],[25,25],[180,-34],[-3,46],[144,22],[240,-59],[-22,57],[-95,17],[-50,58],[-145,54],[64,18],[29,41],[-58,51],[343,5],[148,19],[190,-59],[136,14],[119,-22],[22,11],[24,-44],[70,9],[-103,76],[-174,32],[-68,-15],[-63,58],[16,51],[257,17],[-26,26],[-87,-1],[-9,27],[-85,-29],[-85,10],[-155,46],[65,60],[-118,-28],[-170,14],[-15,19],[24,31],[156,45],[-134,4],[-24,22],[88,52],[31,82],[155,60],[201,-51],[13,-68],[79,62],[45,-15],[36,31],[79,-9],[-64,24],[16,12],[61,-12],[-29,19],[-93,7],[-82,43],[20,30],[68,-31],[156,9],[156,-43],[-13,26],[171,8],[26,72],[-21,43],[-50,12],[16,17],[-170,12],[-160,-18],[-116,17],[-107,47],[97,130],[246,-34],[46,-44],[38,39],[-29,61],[136,-14],[479,-144],[206,-120],[6,-84],[-61,-17],[184,-123],[6,-51],[161,-139],[37,-93],[178,-56],[55,-62],[-74,-72],[9,-34],[73,-3],[10,18],[30,-19],[227,-27],[109,-96],[-27,81],[94,3],[3,13],[141,-7],[126,-85],[-94,-85],[64,13],[20,-13],[-24,-86],[-61,-32],[11,-37],[92,-98],[236,-117],[58,14],[-32,43],[158,-52],[-132,110],[71,-23],[-16,47],[-94,11],[-93,85],[30,132],[82,53],[373,-44],[50,-272],[-233,-72],[78,-81],[87,25],[222,-12],[109,-144],[-104,-43],[-39,-55],[-82,-45],[66,6],[148,87],[33,-5],[-82,-320],[-129,-73],[-24,-68],[28,-22],[57,-6],[57,79],[79,33],[69,-12],[11,-58],[24,29],[36,-1],[-58,60],[46,30],[192,7],[125,-97],[-45,-58],[52,-51],[-65,-26],[73,-26],[55,74],[15,116],[35,30],[42,1],[63,-47],[80,-156],[223,-194],[-14,-44],[-116,-33],[-57,-51],[-557,-153],[-44,-109],[-70,-26],[-111,126],[20,-176],[-174,-135],[-106,-170],[-53,-35],[-112,78],[-52,130],[6,189],[88,53],[-19,26],[52,67],[-36,-5],[-58,-86],[-115,-17],[-26,-236],[43,-145],[-104,-35],[158,-5],[54,-72],[-1,-54],[-62,-90],[-88,-19],[-155,181],[-116,0],[125,-239],[-128,-310],[-112,20],[-141,194],[-144,119],[-164,220],[-37,-25],[13,-104],[38,-86],[89,-51],[89,-139],[59,-123],[-11,-37],[-56,9],[-38,76],[-113,5],[-9,48],[-86,71],[-91,14],[-96,-17],[-79,16],[-21,-16],[22,-21],[178,-39],[-23,-41],[40,-91],[-30,-28],[-250,0],[-141,38],[-197,19],[-120,66],[-77,-41],[-43,20],[-40,68],[-59,8],[71,33],[-21,21],[-79,-30],[-106,35],[-5,35],[-154,89],[-8,65],[41,21],[152,-16],[32,26],[-24,15],[328,28],[89,-24],[2,43],[-41,-7],[-431,65],[-73,32],[-78,-42],[-143,-11],[-89,70],[46,45],[-78,-12],[-129,110],[17,18],[99,5],[190,-57],[46,2],[12,32],[-239,87],[-154,-5],[-196,188],[170,70],[151,17],[83,123],[48,18],[230,-32],[42,24],[216,-15],[192,13],[238,39],[397,31],[76,34],[-23,16],[-295,-11],[-489,-56],[-254,48],[-32,28],[61,53],[202,-11],[-4,24],[38,-25],[69,1],[121,42],[240,26],[12,43],[-292,-34],[-41,-26],[-312,28],[-40,23],[164,59],[-27,31],[-149,-8],[-113,-47],[-52,15],[-61,77],[-28,-26],[67,-92],[-180,-60],[72,93],[-41,41],[-81,-113],[-75,8],[12,-54],[-142,-79],[-132,20],[32,76],[142,77],[-118,-9],[-182,43],[-8,-52],[24,9],[27,-26],[-66,-35],[-203,-63],[-19,-29],[-98,16],[9,43],[-61,26],[51,-7],[23,23],[-59,15],[4,54],[-49,-7],[-2,-28],[-172,36],[-11,32],[51,18],[-51,42],[35,33],[-16,43],[475,84],[182,93],[19,110],[-34,12],[-21,-39],[-74,-12],[-92,-76],[-199,-43],[-310,7],[-131,104],[-49,8],[-22,78],[-98,38],[48,33],[-71,-20],[-22,11],[13,59],[73,11],[7,-35],[119,33],[-33,27],[-164,18],[-57,82],[135,42],[-109,-6]],[[37520,50173],[-16,-90],[-91,-75],[-337,-72],[74,-33],[-181,-110],[-102,-1],[-18,-44],[-660,-232],[-95,5],[-96,35],[97,-76],[-118,-55],[-192,7],[-66,34],[-59,-11],[-154,16],[6,-34],[-321,-50],[19,-14],[64,14],[76,-17],[172,17],[-243,-83],[-66,34],[-71,-33],[-715,-42],[-253,-38],[-515,196],[432,-191],[15,-30],[-234,10],[129,-43],[616,68],[286,-49],[24,-19],[-22,-20],[-652,-156],[-271,-98],[-187,-40],[-190,19],[-23,-19],[74,-24],[-124,-37],[-162,-29],[-113,6],[-22,-17],[66,-22],[204,22],[-180,-91],[182,41],[71,56],[796,164],[858,181],[105,36],[558,71],[46,-99],[-114,-98],[-200,-72],[-133,-78],[-276,-51],[-122,-62],[-199,-170],[-264,-123],[-154,7],[-20,-93],[-107,-21],[-10,-38],[-200,-78],[-231,-149],[-94,-27],[39,-16],[-17,-26],[-114,-75],[-97,-154],[-137,-52],[-302,3],[43,76],[-24,42],[-260,140],[213,-190],[-39,-85],[205,-73],[27,-28],[-94,-86],[-276,18],[-166,-26],[-188,-80],[-110,-4],[-94,78],[-108,17],[-100,41],[-19,-18],[244,-118],[-98,-39],[-133,5],[32,-8],[-9,-26],[384,7],[411,92],[63,-49],[13,-50],[-20,-23],[-50,-5],[-32,-60],[-315,-61],[-34,-32],[9,-35],[117,35],[126,-29],[-109,-127],[-159,-64],[-352,-93],[-75,30],[-111,-10],[-137,38],[-68,114],[57,8],[6,19],[-214,18],[-201,-20],[-24,19],[58,16],[-13,18],[-215,38],[-46,-26],[-244,-30],[82,-68],[150,17],[360,-59],[94,18],[11,-72],[88,-73],[22,-104],[-89,-80],[-196,-16],[-109,83],[-13,-129],[-136,-24],[-194,13],[-141,78],[-32,-24],[83,-97],[-66,-52],[-227,28],[-77,47],[-9,-26],[-28,2],[-30,48],[-67,-32],[-110,82],[-399,35],[-41,33],[-28,-38],[31,-30],[438,-29],[19,-93],[114,-36],[-2,-23],[-113,-13],[-38,15],[-299,2],[-100,69],[-18,77],[-56,-23],[-51,17],[-23,-13],[112,-152],[-293,30],[-45,20],[-83,-17],[106,-48],[94,4],[126,-49],[18,-17],[-80,-25],[335,39],[127,-23],[144,21],[121,-50],[421,-7],[119,15],[155,-20],[-59,-40],[-89,-2],[-19,-17],[21,-24],[56,7],[22,-18],[-19,-21],[94,-71],[-18,-49],[-141,14],[-138,-20],[-197,53],[-118,12],[-14,23],[-50,0],[0,82],[-92,43],[-420,-17],[-563,6],[-35,-29],[21,-15],[72,24],[904,-68],[23,-26],[-39,-32],[-253,17],[-212,-24],[-176,-59],[-76,14],[-45,42],[-143,19],[-375,-19],[460,-16],[86,-39],[13,-20],[-119,-60],[-86,-101],[-74,-101],[13,-27],[42,11],[56,92],[161,138],[463,83],[447,-68],[27,-18],[-49,-51],[-207,-26],[-81,-41],[-9,-27],[96,37],[192,1],[48,21],[206,-16],[183,-37],[14,-39],[53,15],[-2,-36],[-61,-22],[57,-7],[-22,-43],[52,-43],[-58,-17],[-13,-67],[30,-22],[44,1],[39,-47],[-80,-1],[-107,-66],[-72,8],[-101,-32],[-517,39],[-88,-34],[6,-14],[185,14],[61,-16],[34,-50],[456,-112],[36,-48],[-42,-39],[-117,3],[-37,-74],[-84,-59],[-266,59],[-78,-19],[-115,29],[-133,-40],[6,-39],[273,-48],[48,-24],[269,-3],[14,-44],[-147,-157],[-15,-11],[-26,32],[-114,45],[-109,-37],[-35,-56],[-97,-15],[-64,-35],[-85,12],[-43,41],[-341,-7],[-158,74],[-26,-28],[42,-17],[-92,-37],[-24,-31],[52,-50],[76,-8],[8,-27],[75,-31],[18,-70],[-51,-34],[30,-37],[-44,-30],[79,-4],[31,-53],[61,-28],[-122,-61],[16,-58],[-36,-51],[-122,-50],[23,-33],[-28,-33],[-99,-16],[-125,-67],[-35,6],[55,76],[-45,8],[-147,-114],[-241,38],[-93,-13],[-59,-38],[-155,26],[-43,-8],[-182,50],[-110,59],[-9,26],[-124,39],[-48,66],[-86,34],[-3,46],[-38,18],[29,16],[-15,20],[-87,33],[-14,60],[-39,14],[13,-83],[50,-25],[62,-91],[-31,-110],[121,-72],[128,-3],[17,-51],[-318,-52],[-142,32],[-22,-18],[132,-60],[28,-102],[49,-5],[305,150],[464,-102],[-122,-129],[1,-32],[163,141],[145,67],[133,-6],[177,-87],[23,-78],[-159,-155],[-20,-60],[228,5],[17,-12],[-46,-102],[115,-18],[-2,69],[74,17],[15,70],[69,23],[1,39],[138,23],[95,-90],[-6,-39],[32,-34],[-29,-27],[84,-58],[-34,-56],[9,-138],[-27,-29],[-87,-5],[-36,-28],[-47,-66],[23,-42],[-101,-35],[-5,-40],[-63,-8],[-57,50],[26,84],[-98,11],[-91,-175],[-100,-39],[-52,-125],[-121,18],[-256,-110],[-67,20],[-96,-57],[-78,0],[-27,-42],[-104,11],[-24,-33],[-62,-21],[2,43],[51,42],[-64,26],[140,189],[11,59],[-105,82],[-47,19],[-57,-2],[5,78],[-91,-99],[-64,-12],[-187,27],[-56,26],[32,84],[-35,40],[108,48],[23,40],[-185,-72],[-47,6],[-79,70],[-68,114],[-66,46],[-20,-8],[103,-110],[20,-78],[61,-53],[141,-63],[-60,-32],[-8,-27],[41,-101],[-67,-47],[-244,-13],[-142,94],[20,42],[-26,109],[-129,110],[16,93],[-21,11],[-59,-66],[122,-148],[39,-114],[-29,-46],[29,-34],[-45,-31],[-203,36],[-31,50],[-44,13],[-84,83],[-23,100],[-90,36],[-18,-16],[63,-40],[-26,-100],[34,-63],[-26,-49],[-187,-9],[-76,49],[-23,70],[-79,64],[-21,-83],[54,-121],[254,-102],[6,-30],[-383,-38],[-21,39],[-86,-10],[-137,58],[-293,41],[-30,27],[-3,76],[99,68],[-174,142],[-25,-6],[154,-135],[-160,-62],[-37,-159],[-192,51],[-9,73],[-133,21],[18,55],[-50,46],[19,50],[-48,39],[-15,-102],[47,-42],[-24,-67],[53,-31],[-32,-50],[45,-34],[-72,19],[-33,-44],[-36,5],[-52,94],[-29,-7],[-18,-57],[-243,50],[36,41],[-39,35],[39,30],[2,35],[-78,127],[6,249],[-94,-137],[58,-93],[-36,-43],[61,-26],[16,-41],[4,-51],[-63,-84],[11,-35],[-32,-9],[-13,15],[39,88],[-46,141],[-41,-56],[-5,-133],[-48,-46],[-51,9],[-13,41],[-58,-33],[-124,94],[11,54],[-24,39],[-38,-40],[-65,39],[38,67],[81,52],[-13,67],[32,9],[-39,38],[-31,115],[30,30],[223,91],[3,33],[128,40],[86,74],[54,6],[13,29],[-71,0],[117,42],[76,-8],[2,-26],[124,35],[43,-11],[45,11],[43,-49],[116,23],[-58,17],[47,58],[131,15],[122,-74],[15,10],[-48,42],[136,9],[-34,19],[-72,-17],[-181,40],[42,39],[100,28],[-38,18],[-83,-8],[-37,41],[72,42],[76,1],[39,26],[-128,6],[-106,-43],[-156,24],[-19,20],[10,34],[-39,51],[64,59],[-25,67],[-64,22],[5,29],[-181,84],[27,114],[-38,39],[61,51],[-55,59],[42,-8],[42,-42],[400,101],[162,-19],[185,-65],[111,-53],[113,-99],[120,-295],[-36,-60],[135,66],[-9,-44],[59,-53],[188,-21],[113,-76],[138,-25],[-71,101],[21,29],[102,-20],[138,17],[280,-69],[-9,53],[-148,46],[-17,37],[15,17],[85,0],[110,51],[189,203],[209,304],[-19,26],[32,17],[-39,76],[52,28],[54,-3],[17,35],[6,16],[-88,-3],[-120,-65],[14,-123],[-94,-57],[-125,-213],[-104,-126],[-120,-90],[-112,-50],[6,24],[-84,-4],[-118,28],[-200,-15],[-40,28],[-5,49],[95,50],[85,84],[19,42],[-31,36],[-21,-91],[-188,-96],[-171,84],[19,52],[-39,33],[66,23],[22,59],[50,-6],[52,33],[-29,19],[-40,-28],[-109,-21],[-36,34],[38,50],[67,20],[67,-12],[79,24],[-11,-74],[100,86],[151,-24],[19,11],[-110,38],[-322,-22],[-111,-47],[-7,48],[-78,10],[-12,20],[289,157],[65,-26],[102,-8],[79,49],[94,-5],[24,15],[-141,-3],[-124,-28],[-115,56],[48,68],[-19,25],[91,-12],[102,42],[109,-15],[86,-38],[85,23],[-92,9],[-94,33],[-154,7],[-56,-23],[-45,18],[74,139],[110,33],[-22,22],[-65,-35],[-52,33],[39,169],[66,114],[-152,-218],[-27,-165],[-217,-225],[2,13],[-348,-68],[-29,27],[16,92],[65,17],[84,81],[48,128],[-11,54],[-23,-53],[-69,-49],[-13,-62],[-72,-58],[-24,-12],[-102,24],[-124,-117],[-351,16],[38,67],[162,24],[-88,35],[-66,-24],[-49,22],[6,249],[166,141],[140,-1],[-21,42],[-71,-17],[-30,30],[61,68],[23,81],[155,117],[49,-8],[230,44],[121,-8],[240,105],[101,6],[153,-63],[451,-39],[92,-58],[106,-25],[76,-58],[175,-40],[98,-105],[111,-47],[46,43],[-165,126],[55,34],[109,-17],[-7,39],[-36,10],[-204,-32],[-152,86],[-53,0],[-24,41],[24,18],[106,5],[274,-33],[36,23],[144,25],[115,-2],[-16,-23],[25,-5],[45,59],[-48,34],[29,74],[103,87],[-32,25],[-157,-62],[-113,-126],[-194,-39],[-203,69],[-329,-9],[-138,35],[-149,-9],[-108,75],[-114,29],[-6,59],[147,76],[135,-22],[53,-32],[32,-66],[252,-28],[39,33],[-20,13],[-63,-23],[-71,28],[-17,33],[-110,38],[-31,39],[45,41],[-14,35],[-85,-47],[-88,12],[-73,272],[-185,92],[-79,128],[13,33],[-141,76],[-144,37],[-110,-14],[-288,78],[-3,74],[49,3],[-46,85],[37,87],[40,13],[203,-40],[162,-7],[95,-44],[37,32],[-81,10],[-45,39],[-432,52],[-44,29],[-56,131],[71,212],[286,36],[271,-86],[324,12],[394,-34],[316,-218],[443,-253],[87,-175],[72,-42],[76,0],[25,-85],[-31,-17],[-32,19],[-17,-18],[64,-21],[128,60],[371,-91],[-15,43],[251,58],[78,-3],[78,72],[-304,-21],[-21,-18],[-205,-27],[-207,83],[-94,-3],[8,45],[-58,17],[30,47],[-45,124],[121,40],[-359,97],[-487,376],[314,64],[1026,121],[28,19],[-33,25],[146,23],[254,13],[38,19],[183,-4],[53,18],[53,-11],[54,18],[277,-8],[43,41],[-361,23],[-553,2],[269,100],[146,16],[108,42],[99,11],[50,33],[481,65],[441,16],[40,40],[-50,29],[-204,-19],[-171,22],[-286,2],[-55,-22],[-344,-38],[-42,26],[35,57],[-22,95],[206,126],[12,82],[134,27],[251,159],[122,23],[80,45],[58,-1],[147,71],[-45,27],[-628,-185],[-231,-140],[-25,-96],[-97,-8],[-264,115],[206,-135],[-19,-25],[-71,-9],[-31,-47],[5,-41],[68,-6],[-52,-72],[-62,-8],[-95,-117],[-752,-247],[-158,-7],[-387,-81],[-252,-21],[-97,10],[-22,50],[38,73],[92,14],[26,32],[322,52],[183,111],[-99,26],[-252,-82],[-34,-36],[-339,-54],[-93,4],[-13,70],[80,14],[110,76],[-71,19],[-180,-113],[-96,9],[41,-25],[-24,-41],[50,-95],[-84,-116],[-234,-34],[-138,27],[-111,-2],[-91,-32],[-249,45],[-68,-13],[-32,15],[32,39],[109,63],[-260,-109],[-296,83],[92,138],[436,326],[292,60],[11,20],[44,-21],[1001,133],[138,31],[34,30],[-853,-111],[-458,-32],[-48,-22],[-53,11],[-182,-33],[-155,-50],[-120,-81],[-118,-111],[-209,-128],[-100,-126],[-202,17],[-88,36],[-97,8],[-246,108],[-144,37],[-214,99],[-22,61],[76,31],[403,56],[274,0],[99,-21],[432,29],[113,28],[83,51],[125,18],[74,-10],[-29,44],[29,27],[315,125],[162,33],[44,43],[-47,-7],[-43,24],[-143,-14],[-296,-72],[-301,-142],[-197,-18],[-213,-51],[-221,13],[-923,-82],[-167,70],[-74,105],[19,47],[148,70],[89,-4],[111,-47],[293,49],[-29,22],[-184,-18],[-88,42],[-120,22],[-44,48],[148,26],[73,53],[99,6],[118,72],[66,-19],[-18,57],[445,44],[1,-28],[194,4],[113,-38],[-13,39],[-345,65],[-42,-16],[-52,8],[-45,33],[-126,-45],[-172,-17],[-252,-65],[-425,-147],[-62,21],[33,17],[-177,59],[12,21],[349,131],[54,-3],[28,35],[129,7],[26,38],[-238,-8],[32,24],[-129,72],[4,-72],[-200,35],[-30,-40],[-99,-28],[14,-68],[-66,-30],[-20,25],[-153,-37],[29,26],[-34,56],[-188,28],[-35,51],[87,9],[19,75],[115,54],[204,-9],[-48,48],[65,48],[133,-4],[56,46],[173,29],[145,-18],[-23,21],[123,26],[36,-73],[145,-68],[89,94],[-14,18],[-108,13],[8,33],[64,14],[82,-43],[42,17],[-9,98],[154,63],[208,28],[78,33],[130,-37],[97,17],[101,-17],[93,-76],[-54,-64],[263,-88],[-40,48],[-129,30],[-20,24],[135,16],[-70,45],[13,33],[158,9],[219,-16],[86,-36],[272,-197],[-3,37],[-154,125],[24,24],[195,0],[116,-108],[106,-43],[-129,127],[18,13],[78,-7],[43,-92],[80,-32],[-70,121],[-928,181],[-70,87],[150,41],[94,-13],[322,18],[52,36],[75,3],[-46,152],[-23,19],[-163,14],[-2,22],[65,28],[495,19],[28,-49],[-140,-19],[200,-34],[81,-58],[70,24],[246,-29],[116,-57],[43,-92],[142,-70],[38,-56],[-84,-68],[483,-14],[73,-30],[33,10],[-110,69],[-242,5],[-179,157],[18,84],[187,-64],[80,0],[127,-70],[711,-215],[22,-25],[60,15],[197,-50],[231,-177],[140,-7],[-222,177],[-103,33],[28,48],[-502,95],[-19,37],[49,32],[-198,3],[-667,270],[101,158],[478,-9],[-204,28],[-179,73],[-48,43],[32,50],[121,18],[307,-53],[249,-119],[143,11],[-242,159],[-30,55],[-195,92],[17,40],[575,-46],[77,-131],[143,-45],[-65,62],[40,29],[363,-60],[42,15],[45,-13],[185,6],[20,15],[-653,96],[-48,47],[35,23],[116,11],[-317,41],[-37,44],[128,48],[384,45],[70,-26],[55,-92],[39,-2],[136,87],[90,-34],[-5,-93],[68,33],[126,-51],[-64,43],[19,15],[84,-21],[-43,39],[123,41],[335,-73],[83,-112],[82,-22],[108,-102],[312,-95],[-141,-102],[-12,-79],[259,175],[97,9],[28,22],[-381,110],[-46,60],[38,22],[81,-5],[38,25],[-187,0],[-138,110],[-337,136],[24,29],[95,29],[1,-33],[420,30],[47,23],[331,-16],[66,-21],[110,23],[402,-49],[174,-168],[581,-204],[42,35],[-287,77],[-122,70],[-37,67],[-94,30],[190,116],[148,29],[-19,35],[179,37],[42,-31],[107,38],[304,-6],[-79,-103],[99,-89],[351,-76],[-312,152],[183,75],[-6,36],[101,-22],[43,36],[530,7],[-40,-81],[151,-17],[-97,-42],[19,-16],[190,29],[82,40],[40,-78],[129,0],[68,33],[170,-13],[19,-81],[62,25],[189,22],[195,-47],[39,37],[76,-11],[19,-36],[52,41],[61,-21],[167,-9],[-30,-49],[-227,-102],[-742,-157],[-99,-39],[10,-28],[552,35],[159,64],[114,17],[90,-15],[18,57],[365,104],[169,1],[0,-72],[158,-19],[-93,42],[119,60],[-97,25],[82,33],[204,13],[-8,-37],[-104,-9],[106,-17],[0,-54],[126,-67],[144,95],[323,-14],[6,-92],[-197,-37],[95,-5],[53,-52],[145,-36],[-66,-43],[191,-22],[17,-28],[-65,-42],[-13,-85],[-101,-9],[-30,-24],[159,19],[77,74],[66,-34],[-5,42],[265,8],[-59,-11],[-24,-48],[45,35],[318,-26],[112,-48],[120,-147]],[[28714,14161],[20,-29],[-3,-31],[-20,-15],[-38,12],[6,93],[10,13],[19,-14],[6,-29]],[[28663,14415],[-3,-35],[19,-32],[-3,-27],[-29,-13],[-47,81],[20,44],[46,7],[-3,-25]],[[28705,15108],[-21,6],[-11,28],[32,-34]],[[28650,17932],[-40,-18],[-19,16],[21,129],[28,26],[60,12],[2,62],[58,-25],[33,23],[60,180],[-22,-123],[-40,-122],[-141,-160]],[[28831,18634],[9,58],[11,-41],[19,-1],[13,-55],[-2,-93],[-14,5],[-23,-58],[-8,35],[16,97],[-21,53]],[[28686,18786],[20,51],[15,-9],[15,29],[18,-43],[12,-142],[-28,-7],[-10,124],[-31,-14],[-11,11]],[[28737,19446],[-27,71],[18,-1],[15,52],[-2,12],[-15,-16],[-4,18],[41,102],[20,-114],[-13,-34],[-18,23],[-9,-12],[-6,-101]],[[28419,21991],[2,-33],[-36,-115],[11,89],[-16,8],[39,51]],[[28534,22287],[36,-26],[-3,-34],[-31,-25],[-16,-44],[-34,-15],[-3,30],[16,47],[26,0],[-7,25],[16,42]],[[28589,22328],[17,46],[-10,14],[-28,-82],[-12,3],[24,97],[40,62],[18,13],[9,-25],[17,17],[32,-26],[-65,-110],[-42,-9]],[[28924,12851],[31,26],[36,-35],[-32,-53],[-7,-87],[-27,-28],[-58,7],[-49,-32],[-16,83],[9,42],[37,-3],[34,55],[42,25]],[[28284,13881],[42,-218],[-23,-58],[-31,34],[-114,37],[-122,113],[-86,21],[-226,140],[-52,59],[55,150],[29,44],[48,0],[54,34],[80,7],[33,20],[118,-21],[24,-12],[68,-114],[103,-236]],[[28754,14626],[-4,30],[29,-38],[-10,-9],[-15,17]],[[28975,16342],[126,34],[-63,-48],[-42,-5],[-75,-57],[-95,-28],[-83,-56],[46,34],[-23,8],[37,45],[172,73]],[[29902,17213],[47,43],[1,-18],[-149,-215],[-57,-47],[158,237]],[[29107,17704],[32,9],[-40,-87],[-26,-148],[-16,-42],[-14,-3],[24,74],[36,249],[23,30],[7,-57],[-26,-25]],[[29223,17890],[-9,6],[-26,-49],[-49,-17],[8,64],[43,121],[-9,11],[16,40],[-5,59],[31,94],[28,18],[13,-7],[4,-27],[3,-229],[-9,-67],[-39,-17]],[[28853,17737],[34,73],[-9,35],[-25,2],[-18,-28],[-115,-261],[-18,-68],[-19,-23],[-19,79],[-36,14],[18,68],[18,16],[99,238],[100,163],[27,167],[-5,118],[11,43],[18,-77],[-9,-102],[-21,-83],[-11,-124],[-47,-105],[0,-40],[34,69],[57,46],[48,263],[11,279],[12,25],[26,4],[33,-86],[-10,-12],[-17,46],[-15,8],[-12,-22],[1,-86],[54,-22],[6,-65],[28,-67],[57,-8],[13,-105],[-13,0],[-7,-28],[33,4],[-36,-60],[-49,-170],[-66,-346],[-3,42],[46,239],[57,217],[5,160],[-33,-39],[-25,-172],[24,10],[-3,-34],[-107,-414],[74,364],[-13,92],[-43,-112],[-50,-206],[-54,-122],[-40,-13],[-37,42],[-72,-139],[113,313]],[[28684,18753],[23,-2],[19,-42],[-33,-102],[-25,14],[-5,31],[3,67],[18,34]],[[29616,20561],[48,-29],[71,-79],[-33,7],[-99,94],[13,7]],[[29278,20926],[87,-110],[-107,101],[13,25],[-19,68],[42,-76],[-16,-8]],[[29097,12887],[9,-19],[-37,0],[28,19]],[[28919,13069],[12,-20],[-57,-14],[8,25],[37,9]],[[29234,13297],[13,3],[-23,-32],[13,-6],[-10,-13],[-24,8],[0,26],[-12,-8],[27,25],[16,-3]],[[28835,13432],[9,-12],[-35,-15],[13,55],[10,-1],[3,-27]],[[28121,15626],[2,51],[7,-32],[-9,-19]],[[30175,17881],[5,-43],[-26,-27],[5,89],[16,-19]],[[29649,18072],[-61,-35],[15,33],[50,12],[-4,-10]],[[29820,18228],[-16,-81],[-8,26],[24,55]],[[29198,18494],[-19,19],[53,-7],[-34,-12]],[[30225,18524],[2,-117],[-16,-47],[9,205],[5,-41]],[[30212,19005],[-11,-8],[-12,22],[-15,115],[10,25],[26,-70],[-9,-38],[11,-46]],[[29453,19162],[-26,-33],[-27,3],[26,41],[27,-11]],[[29421,19293],[-37,-32],[-31,15],[47,47],[26,-14],[-5,-16]],[[30146,19332],[-20,110],[39,-68],[6,-107],[-12,2],[-13,63]],[[29284,21113],[-37,8],[26,19],[11,-27]],[[29156,21178],[7,-30],[-26,37],[2,33],[17,-40]],[[28381,21520],[6,-19],[-19,-2],[13,21]],[[28397,22242],[-23,-60],[-7,28],[30,32]],[[28458,22263],[7,-8],[-33,-71],[2,37],[24,42]],[[22632,25022],[5,-24],[-41,13],[36,11]],[[22705,25161],[-5,-42],[-23,59],[28,-17]],[[35007,26191],[45,-56],[-32,-2],[-40,36],[-35,46],[4,20],[58,-44]],[[34778,26401],[56,-98],[17,-51],[-11,-24],[-132,213],[37,-6],[33,-34]],[[34205,26656],[41,-61],[4,-37],[-78,103],[33,-5]],[[34263,26691],[60,-137],[-93,162],[33,-25]],[[34343,26747],[16,-67],[-23,0],[-45,146],[52,-79]],[[36131,27015],[-22,-95],[-27,67],[-10,79],[15,17],[44,-68]],[[36049,27360],[21,-46],[-39,-54],[-2,-47],[-38,56],[4,94],[54,-3]],[[30291,27778],[-40,30],[-2,35],[20,14],[15,-4],[7,-75]],[[30206,27852],[-12,28],[36,9],[23,-21],[-20,-41],[-27,25]],[[35698,27936],[-10,-24],[48,-32],[-25,-25],[28,-18],[-53,-45],[-39,141],[13,26],[38,-23]],[[34774,29179],[-16,-42],[-23,46],[43,55],[11,-24],[-15,-35]],[[24393,29289],[11,11],[25,-33],[-62,11],[1,22],[25,-11]],[[24682,29389],[28,-31],[-53,4],[-2,20],[27,7]],[[34540,29704],[20,-8],[-42,-34],[-23,6],[-72,-29],[-9,14],[12,33],[114,18]],[[35313,29654],[-24,-29],[-13,127],[44,-22],[-7,-76]],[[34776,29960],[-60,41],[-23,-31],[-20,47],[45,15],[42,-14],[20,-27],[-4,-31]],[[26283,30124],[11,-31],[-45,-8],[-2,29],[36,10]],[[26952,30071],[-13,11],[25,43],[5,-46],[-17,-8]],[[26945,30126],[-18,-16],[0,64],[35,-16],[-17,-32]],[[25844,30593],[21,-1],[5,-24],[-29,-4],[-9,30],[12,-1]],[[13144,32425],[116,20],[-84,-53],[-101,1],[7,20],[62,12]],[[13224,32700],[56,-18],[-34,-32],[-57,18],[10,36],[25,-4]],[[28571,34218],[36,-21],[-8,-22],[-44,17],[-9,59],[25,-33]],[[27869,34235],[64,-9],[10,-74],[-88,8],[-9,38],[-43,4],[7,-28],[-29,-26],[-25,24],[-6,66],[27,21],[92,-24]],[[27463,34699],[7,-34],[-31,-24],[-139,63],[5,17],[92,22],[66,-44]],[[24440,18736],[32,8],[7,-25],[19,-6],[-7,-28],[91,-146],[56,-40],[100,-152],[151,-110],[17,-68],[111,-246],[4,-43],[56,-99],[-17,-60],[3,-35],[19,54],[25,4],[19,-18],[-1,-22],[62,-17],[-5,-68],[23,17],[122,-42],[36,7],[12,-7],[0,-24],[37,3],[74,-52],[201,-177],[181,-78],[98,-72],[121,-216],[146,-97],[0,-59],[-34,-23],[-58,-160],[-31,-52],[-13,-139],[24,49],[19,104],[59,147],[68,64],[51,1],[156,-61],[90,45],[92,19],[69,-25],[70,61],[76,-56],[18,-27],[-3,-43],[9,-3],[8,33],[23,-24],[19,3],[20,-51],[-10,-41],[13,-30],[2,64],[-12,59],[-49,34],[-12,20],[11,11],[97,-56],[121,-22],[19,-25],[68,46],[30,0],[26,-23],[11,-57],[-26,-76],[35,59],[54,-19],[56,36],[36,-32],[12,-2],[-3,26],[9,0],[53,-64],[2,-29],[42,-26],[-10,42],[15,16],[-21,61],[49,-61],[-15,-111],[13,-56],[-8,-56],[9,-63],[21,-13],[4,-52],[-54,-316],[-61,-262],[8,-189],[27,-76],[-6,-31],[28,-4],[38,-71],[55,-312],[-44,-256],[49,-389],[-12,-38],[-52,-56],[-18,-127],[-6,-95],[9,-51],[-8,-30],[121,-154],[26,-54],[32,-146],[49,-58],[63,-151],[55,-68],[4,-127],[36,-61],[-60,12],[-61,-47],[-8,-30],[-31,10],[-23,-30],[22,7],[-29,-58],[24,7],[40,53],[110,-3],[22,-24],[52,-143],[39,-16],[54,-60],[27,15],[56,-65],[28,-114],[47,-31],[106,-214],[35,-217],[37,-72],[5,-148],[-93,-76],[-55,-132],[-55,-54],[-22,-64],[-35,-35],[-13,-36],[34,25],[-6,-59],[49,143],[74,47],[58,128],[85,94],[89,-52],[41,-4],[19,-35],[39,-16],[29,-59],[84,-103],[18,-73],[87,-150]],[[28865,11443],[0,-2121],[4,-2008],[-32,-179],[12,-74],[51,-144],[7,-232],[65,-195],[61,-129],[31,-148],[39,-81],[23,-130],[35,-78],[64,-85],[16,-67],[12,-13],[164,-58],[11,-29],[99,-4],[31,-30],[58,-3],[123,-64],[89,-85],[76,-118],[17,-111],[21,-48],[41,-63],[58,-54],[38,-2],[8,21],[-3,89],[22,15],[28,-12],[15,-30],[10,-125],[23,-47],[32,-174],[24,-31],[77,-42],[36,-56],[31,-3],[31,57],[45,12],[49,-30],[72,-140],[44,2],[44,92],[42,14],[145,120],[108,23],[55,52],[76,-7],[62,30],[46,-59],[71,-44],[-40,-316],[62,-119]],[[31294,4382],[-59,-69],[-25,-91],[-60,-59],[-28,-54]],[[31122,4109],[-81,13],[-181,-180],[-201,-348],[-80,-214],[-93,-74],[-38,-54],[-14,-32],[4,-45],[-7,-20],[-67,-55],[-60,-120],[-160,-542],[-21,-24],[-867,8],[-30,-18],[-198,-189],[54,-230],[5,-132],[-8,-80],[20,-59],[-5,-55],[55,-81],[3,-22],[-4,-50],[-48,-107],[-576,-540],[-483,-193],[-539,-656],[-114,-10],[-21,14],[-167,206],[-26,90],[-17,155],[14,239],[23,81],[19,33],[97,81],[89,198],[32,17],[23,59],[20,123],[1,143],[31,183],[2,83],[125,648],[-182,2119],[-26,97],[-421,494],[-71,2],[81,289],[-71,133],[-71,-12],[-34,16],[-43,-64],[-16,-5],[-23,65],[-4,44],[-35,90],[-11,111],[7,41],[-25,106],[22,115],[-40,24],[-51,-55],[-22,26],[-18,-3],[-48,-78],[-35,5],[-97,213],[-49,326],[-826,896],[-816,840],[-125,-60],[-339,-341],[-188,46],[-73,-37],[-35,39],[-37,102],[-22,17],[-198,-39],[-21,26],[-77,-26],[-17,21],[-12,74],[-18,36],[5,37],[-16,18],[-92,-78],[-97,-131],[-42,-9],[-29,-26],[-28,21],[-41,-7],[-7,50],[-48,11],[-11,18],[9,31],[-22,52],[-51,21],[-58,50],[-32,121],[-13,15],[-39,4],[-60,-23],[-10,-26],[6,-75],[-38,-34],[-43,132],[-13,128],[-17,16],[-61,-10],[-29,27],[4,29],[39,24],[-10,41],[-111,54],[-45,47],[-130,15],[-60,-19],[-31,-21],[-4,-50],[-15,-18],[-135,-28],[-14,29],[-12,91],[-19,24],[-167,19],[-29,74],[-106,-9],[-80,92],[-10,35],[0,132],[-47,311],[-13,176],[-41,45],[-83,10],[-27,20]],[[28865,11471],[-86,154],[-20,130],[31,145],[-8,105],[43,61],[40,23]],[[28865,12089],[0,-618]],[[37089,5917],[12,-20],[-88,-111],[-29,-15],[-27,44],[5,-45],[-40,19],[13,-59],[-33,0],[17,-51],[-62,1],[34,-34],[-6,-35],[-36,2],[-29,26],[-5,-14],[42,-55],[-48,34],[13,-25],[-16,-9],[35,-16],[-5,-52],[31,-8],[-19,34],[14,4],[16,-55],[-9,-55],[-26,-7],[-21,-31],[29,-17],[25,8],[-14,-44],[-28,-22],[-86,-1],[-10,-25],[-67,68],[9,16],[-28,42],[22,1],[-10,23],[-57,-7],[26,13],[51,72],[-14,27],[-25,-36],[-2,47],[12,13],[-9,21],[-14,13],[-6,-9],[6,-17],[-10,-5],[-56,45],[37,88],[35,41],[-38,-23],[-42,-78],[-29,42],[10,-55],[-45,-38],[38,-2],[7,28],[15,-24],[-43,-66],[-83,47],[-37,50],[-21,-16],[-15,15],[-17,-7],[-34,31],[-18,58],[-41,52],[0,21],[8,-9],[-10,41],[42,-25],[-23,34],[13,18],[-71,8],[-22,25],[-24,-29],[-70,20],[1,33],[9,1],[3,125],[21,31],[-5,89],[-33,-54],[-41,46],[-71,-9],[-16,67],[22,94],[46,82],[19,97],[110,202],[10,-214],[-29,-90],[-11,-18],[-9,9],[-6,-42],[17,-38],[41,-5],[-7,-34],[48,-92],[-2,-31],[-14,14],[4,-26],[17,-6],[8,37],[10,-25],[0,-39],[-23,-72],[-28,-28],[3,-27],[51,51],[2,-73],[53,-20],[6,16],[-18,66],[15,18],[-13,10],[25,43],[86,-46],[-2,-48],[20,-30],[13,37],[-17,11],[31,7],[31,-17],[12,-59],[26,-26],[6,-27],[21,29],[53,-13],[108,21],[13,-28],[2,28],[26,14],[83,-24],[-54,34],[54,26],[151,-5],[37,16],[86,-28]],[[31122,4109],[113,84],[31,58],[3,38],[33,41],[52,24],[34,45],[67,14],[54,113],[53,55],[19,46],[23,15],[55,-4],[6,-17],[18,15],[7,46],[-9,94],[29,84],[6,119],[16,58],[92,182],[5,89],[24,97],[54,30],[51,87],[26,-10],[69,50],[28,47],[0,40],[54,72],[28,68],[104,74],[40,130],[41,42],[44,14],[66,117],[72,-42],[193,139],[46,52],[22,66],[87,26],[25,44],[29,-2],[20,26],[19,0],[22,49],[91,67],[68,130],[91,246],[56,66],[36,161],[46,57],[159,349],[7,75],[48,127],[57,47],[127,249],[107,165],[47,13],[41,69],[54,48],[28,71],[52,34],[69,106],[34,13],[34,51],[46,9],[195,199],[57,14],[30,37],[115,73],[233,197],[189,105],[158,21],[148,51],[283,-58],[66,-37],[52,-62],[47,-20],[28,-31],[119,-171],[37,-80],[2,-81],[29,-67],[-7,-15],[-63,84],[-120,65],[38,-50],[-29,-26],[67,0],[11,-36],[-26,-14],[19,0],[29,-31],[71,-137],[6,-18],[-44,-13],[-10,-38],[0,-34],[42,-43],[-15,-37],[-40,-33],[-11,-62],[-101,-39],[-84,-64],[9,-35],[-35,-128],[-61,-33],[-24,13],[5,-46],[-109,-132],[-49,-38],[-69,-11],[-21,21],[-12,39],[-149,96],[-33,50],[-3,68],[-80,-152],[-103,15],[-6,-8],[16,-7],[-12,-46],[-40,61],[-46,7],[-19,-15],[-13,-61],[-20,3],[-7,-20],[-21,9],[-9,-23],[-84,-45]],[[33774,6937],[5,157],[-79,51],[-14,-8],[-355,-924],[-31,-351],[-54,-76],[-6,-65],[-16,-21],[-21,-95],[-2,-24],[19,-63],[-9,-43],[-23,-33],[10,-38],[-12,-81],[29,-42],[-4,-32],[-9,-40],[-62,-106],[6,-68],[-8,-40],[-72,-68],[-54,-110],[-21,-100],[43,-103],[-26,-24],[-36,51],[-19,-9],[-10,-37],[0,-103],[-27,-93],[-28,121],[-20,19],[-47,-58],[-31,-68],[-63,58],[-19,-5],[-28,-58],[-26,-18],[20,-27],[-46,-188],[1,-48],[-750,-10],[-757,-8]],[[28865,11443],[46,-106],[42,-161],[-3,81],[-85,214]],[[28865,12089],[-18,110],[43,30],[57,101],[11,6],[32,-34],[-10,-133],[43,-7],[26,21],[55,-93],[36,-229],[-12,-29],[3,-48],[20,-45],[30,-23],[-34,85],[8,88],[19,49],[17,7],[-25,31],[-1,35],[41,88],[49,16],[-11,23],[-47,10],[-3,66],[13,53],[-23,8],[-12,37],[-29,16],[-4,49],[-48,85],[11,34],[43,2],[39,55],[-24,129],[68,37],[24,51],[-6,47],[28,3],[7,13],[-10,18],[30,27],[28,116],[-7,58],[27,12],[38,-10],[-27,33],[-41,-9],[-2,26],[27,82],[-15,49],[11,32],[-16,23],[13,46],[-24,13],[10,34],[-14,30],[-37,-10],[-7,30],[-23,-16],[4,25],[-26,9],[35,34],[-19,24],[10,9],[-7,34],[-29,9],[11,45],[-27,6],[20,16],[-4,34],[-30,20],[9,31],[45,8],[2,51],[-23,-13],[42,80],[-50,-17],[-28,16],[-21,53],[16,50],[29,-9],[9,27],[-19,2],[-14,41],[-17,-19],[-43,33],[32,44],[-29,8],[29,118],[-10,26],[17,17],[-13,25],[19,13],[-16,20],[13,26],[-27,28],[7,31],[-13,34],[9,59],[-22,76],[-33,-14],[5,23],[-29,59],[39,32],[-7,-23],[20,-23],[22,23],[-36,50],[6,18],[28,-26],[18,20],[-28,61],[-40,-22],[13,51],[8,-9],[7,19],[-18,31],[15,6],[-3,20],[-64,18],[14,18],[37,4],[4,19],[-11,19],[8,41],[-13,17],[26,25],[-16,17],[18,10],[53,-35],[-33,46],[-45,3],[0,46],[-19,14],[54,9],[-14,28],[-53,31],[44,-17],[8,17],[-24,8],[17,0],[-4,15],[-25,3],[20,9],[-7,16],[12,10],[39,-10],[-7,21],[-74,79],[-73,9],[58,0],[-3,26],[32,0],[-10,21],[10,-4],[3,17],[-19,8],[45,43],[-26,9],[-64,-32],[0,23],[-23,-9],[-16,29],[-29,-3],[26,42],[-3,25],[13,-9],[9,17],[-57,19],[-17,16],[9,29],[-18,4],[0,53],[-20,23],[4,43],[22,16],[-26,9],[7,44],[-13,48],[-16,10],[11,9],[-5,22],[-29,28],[34,24],[2,18],[-27,18],[-9,-10],[10,-8],[-26,-17],[20,68],[-46,0],[20,21],[-10,30],[-14,-26],[-31,8],[57,51],[1,46],[12,-29],[152,102],[153,67],[43,69],[128,75],[34,44],[65,29],[111,139],[175,164],[51,116],[205,277],[58,103],[12,48],[-47,-40],[163,311],[15,65],[60,70],[68,340],[15,574],[-25,305],[12,104],[-58,357],[-70,258],[-2,76],[-159,422],[-55,85],[-35,17],[-26,59],[-45,26],[21,20],[-12,33],[-61,74],[-44,17],[-35,42],[-123,85],[8,44],[-30,39],[-23,-1],[-35,62],[-31,17],[-21,67],[-45,70],[-10,-11],[6,-25],[46,-67],[-12,-10],[-48,51],[-10,40],[-38,-4],[-8,15],[-3,67],[49,38],[-35,73],[2,37],[14,-20],[10,34],[-27,118],[6,50],[-16,18],[23,8],[35,-59],[4,47],[36,7],[-2,-56],[21,14],[6,42],[29,47],[-36,-8],[19,32],[-3,44],[15,21],[20,-20],[-6,67],[10,6],[11,-26],[22,20],[-11,58],[32,8],[-9,60],[74,71],[61,31],[-36,25],[52,17],[7,29],[-17,22],[61,42],[-22,17],[-8,-18],[-14,9],[-11,29],[-46,-38],[-11,22],[12,32],[20,6],[-16,43],[71,79],[6,89],[-32,47],[-7,29],[26,18],[-16,16],[34,-9],[18,-32],[46,20],[39,-56],[20,-87],[62,-13],[-53,35],[-18,101],[-39,16],[26,34],[-26,34],[5,18],[32,-15],[16,52],[67,12],[-38,125],[-25,23],[34,13],[-16,17],[41,34],[-16,16],[45,16],[-35,35],[32,10],[26,33],[-67,-30],[-18,38],[-23,-25],[-101,25],[25,34],[-10,25],[21,20],[70,5],[-60,60],[-11,34],[42,8],[-44,62],[12,23],[-36,-26],[10,68],[-19,50],[-39,26],[-12,54],[22,48],[49,47],[21,55],[62,-1],[-60,36],[-68,-22],[-39,43],[-28,70],[105,135],[-11,20],[-54,-11],[110,92],[-181,-109],[17,50],[-52,0],[42,42],[-18,10],[-130,-52],[14,93],[139,224],[28,9],[10,122],[45,63],[-27,31],[13,50],[-29,224],[17,6],[24,-34],[7,41],[35,0],[29,25],[-56,52],[11,41],[78,-25],[-33,44],[-41,8],[29,23],[-64,19],[-40,105],[-69,-10],[-30,48],[-38,192],[-4,110],[-20,45],[-14,189],[5,161],[21,23],[5,39],[36,55],[41,19],[71,75],[46,11],[14,49],[56,38],[31,57],[31,-7],[13,-38],[98,-12],[15,-26],[28,11],[16,-20],[35,30],[27,-26],[72,-14],[62,-61],[43,-3],[33,-29],[148,-60],[24,-51],[20,12],[19,-17],[31,17],[56,-52],[80,-21],[31,-29],[-141,-135],[29,0],[120,101],[39,62],[77,27],[84,-40],[-2,-65],[29,43],[40,2],[55,-43],[62,-101],[94,-53],[-86,94],[-7,35],[15,40],[144,8],[47,42],[18,45],[29,17],[29,-14],[74,52],[59,120],[94,21],[47,-107],[32,-6],[25,-30],[34,5],[28,-52],[51,-19],[6,-64],[53,-56],[10,-34],[77,-55],[-23,-25],[77,-17],[-19,33],[42,18],[49,-41],[-17,-69],[32,-17],[-5,-93],[-36,-26],[-3,-60],[-49,-83],[19,0],[42,59],[1,-41],[29,-46],[-14,103],[13,59],[188,-96],[34,-81],[-35,-9],[9,-16],[-12,-2],[-5,-35],[13,-16],[26,25],[30,-16],[38,-83],[-42,-88],[-75,15],[-28,-62],[39,41],[65,-15],[48,18],[21,83],[-10,50],[133,-68],[43,-52],[12,-65],[-24,8],[-39,-35],[-78,-7],[4,-13],[26,5],[-1,-44],[22,-15],[-67,-60],[73,-25],[71,0],[-58,-52],[-54,9],[13,-17],[-13,-9],[74,-25],[-29,-58],[61,-35],[-16,-68],[27,21],[0,-80],[31,17],[-13,50],[18,25],[59,-125],[0,25],[74,22],[13,-55],[9,22],[26,-19],[34,8],[49,-31],[-2,-41],[43,2],[27,-25],[13,2],[-9,21],[9,15],[49,-39],[-13,-26],[8,-7],[30,7],[32,-25],[-15,42],[15,0],[4,23],[48,-48],[-8,39],[18,3],[-10,34],[39,-25],[8,40],[37,-33],[43,18],[21,-34],[-23,-48],[15,-14],[11,12],[7,-72],[0,-73],[-29,-25],[45,-8],[-2,-31],[34,-3],[33,-47],[31,55],[-42,-18],[76,98],[18,4],[0,-45],[17,-15],[19,14],[6,39],[-20,52],[20,130],[30,29],[23,-10],[49,-143],[4,-51],[26,-7],[-6,-145],[-90,-59],[-69,-83],[25,-145],[-76,-51],[37,-78],[-12,-47],[19,-16],[7,-44],[-21,-72],[25,-22],[26,-71],[25,-21],[-22,-51],[26,-6],[-16,-126],[-36,-16],[-8,-21],[-49,31],[-7,-53],[32,-30],[-23,-19],[-241,53],[12,-25],[-9,-7],[-114,-14],[-37,33],[-162,68],[-18,-12],[53,-14],[28,-32],[133,-65],[165,12],[29,-28],[57,-16],[145,24],[3,-60],[-18,-8],[97,-62],[-19,-39],[-5,-61],[30,-24],[-52,-76],[65,-32],[2,-34],[-24,-58],[-44,-30],[-41,-77],[-5,-31],[28,-7],[23,-70],[-10,-49],[18,-4],[-5,-25],[-50,-27],[-2,-31],[14,-16],[46,2],[85,67],[33,-17],[8,-41],[28,25],[21,-12],[5,-119],[-24,-15],[-33,35],[-11,-62],[-29,43],[-44,-73],[13,-76],[24,36],[14,-33],[26,11],[17,-32],[-33,-48],[-8,-36],[-34,59],[24,-220],[-13,-27],[-20,21],[-20,-103],[-36,-19],[-20,18],[-17,76],[23,74],[-18,-6],[-9,75],[-15,6],[-3,-21],[-14,13],[-31,96],[-1,-89],[-15,-29],[35,-22],[9,-33],[1,-115],[-52,59],[10,-50],[-68,-26],[-17,-25],[-66,-3],[-20,-22],[39,5],[17,-24],[36,1],[8,-24],[57,51],[1,-114],[27,35],[30,-18],[-37,-69],[29,-59],[54,131],[23,-2],[20,73],[57,39],[51,96],[57,36],[62,4],[68,0],[-7,-26],[47,-4],[57,54],[20,-23],[53,-15],[55,-71],[42,-12],[25,-64],[-11,-87],[24,-32],[-9,-93],[35,-16],[0,-77],[39,27],[-14,-77],[7,-62],[-51,-226],[-19,-157],[-78,-114],[-93,-21],[-118,-66],[-36,-56],[-44,-20],[-39,-46],[-68,-112],[122,151],[75,59],[250,120],[50,102],[8,124],[20,19],[30,157],[6,157],[24,50],[45,-13],[10,72],[24,-44],[-5,-32],[35,-24],[-16,-116],[29,-118],[-18,-66],[-85,-124],[-22,-89],[4,-14],[57,86],[22,87],[42,31],[-1,27],[30,49],[-9,124],[16,88],[14,5],[38,-63],[-27,-170],[27,-7],[12,-35],[-24,-136],[14,-85],[-32,-134],[3,-32],[13,-11],[-1,76],[31,72],[-10,83],[44,141],[49,68],[47,1],[15,46],[54,25],[27,45],[34,-22],[11,38],[-8,36],[35,17],[28,77],[30,-15],[-6,-46],[20,-30],[22,90],[90,0],[-26,52],[22,14],[13,155],[11,-9],[9,50],[40,15],[8,27],[-19,25],[13,27],[-4,32],[42,51],[88,-129],[37,-28],[18,-84],[33,-2],[1,-27],[29,-17],[2,-31],[-37,-121],[9,-110],[-45,-60],[19,-34],[9,54],[31,26],[5,44],[17,12],[-27,58],[35,59],[8,52],[29,0],[-23,60],[-29,25],[-11,49],[-37,10],[-2,75],[-30,27],[42,101],[22,-43],[12,19],[40,-11],[29,26],[-2,17],[-76,29],[-8,32],[57,32],[-12,81],[61,-40],[37,-59],[-5,56],[-49,39],[26,16],[-20,18],[45,25],[83,-80],[2,21],[-43,50],[24,23],[47,-24],[58,1],[-14,23],[-36,-1],[-54,56],[-19,-42],[-29,-2],[-35,105],[16,48],[-29,41],[3,50],[28,-9],[40,-92],[-4,84],[11,-16],[17,25],[24,-8],[-35,61],[-6,71],[10,14],[94,-116],[-42,104],[7,45],[24,-1],[-55,42],[13,17],[-42,51],[48,-24],[44,16],[84,-27],[6,-30],[56,-71],[33,0],[-47,36],[-46,81],[-108,52],[-63,263],[37,49],[-12,35],[22,-15],[13,35],[23,-20],[-5,37],[26,23],[113,-94],[47,-9],[-113,94],[10,17],[-13,34],[3,17],[39,-30],[1,35],[-33,29],[32,10],[3,31],[25,-33],[5,17],[-27,42],[29,0],[-24,38],[-5,47],[38,10],[10,32],[-18,29],[30,15],[23,95],[36,13],[-39,68],[44,46],[13,41],[-6,45],[81,-39],[-10,26],[33,-11],[45,-52]],[[39391,12030],[-42,0],[-27,61],[9,32],[-11,18],[-69,-35],[-19,7],[-5,-46],[-16,23],[-57,-43],[13,43],[-48,-41],[-3,57],[-30,-21],[-10,-68],[-14,10],[2,29],[-85,-136],[-30,-20],[-52,-14],[-39,-31],[-12,24],[3,41],[-16,9],[8,-11],[-13,-45],[5,-20],[-78,51],[-64,-81],[-15,33],[2,-55],[-17,4],[-4,26],[-7,-16],[10,-41],[31,-31],[-16,-43],[-21,-12],[-22,-43],[-34,-12],[-10,-24],[-10,16],[-9,-43],[9,-17],[-29,-58],[-9,4],[8,70],[-53,-49],[25,-15],[-9,-61],[9,-18],[-6,-50],[13,-17],[-13,-9],[3,-70],[-32,-49],[10,-24],[-14,-11],[-24,39],[-4,34],[16,64],[-5,38],[-24,-114],[-36,-86],[-25,36],[-7,-53],[-35,-53],[-35,-13],[6,-25],[-21,-22],[-8,-42],[27,-25],[-6,-40],[-41,8],[-39,-83],[-62,-27],[-14,-24],[-22,10],[-39,-85],[13,-17],[2,-39],[15,31],[-3,-36],[-50,-54],[-5,-28],[-10,14],[-24,-35],[-22,12],[-33,-51],[1,25],[-19,0],[9,68],[-21,-15],[-22,-51],[-11,7],[16,42],[-13,-4],[-6,29],[-9,-59],[-26,8],[-7,-34],[-21,36],[-13,-16],[-2,23],[-74,-54],[-11,8],[2,38],[-23,-35],[-26,0],[4,18],[-10,0],[-27,-44],[-21,19],[10,36],[19,14],[-12,8],[-62,-84],[-10,26],[-13,-9],[-20,18],[-12,-27],[-13,9],[-19,-25],[-20,11],[4,-20],[-34,25],[-40,-8],[-191,-122],[-31,12],[88,60],[9,36],[-94,-66],[-13,12],[4,35],[-31,72],[-47,13],[-29,-19],[-88,20],[-54,58],[-27,-14],[-3,21],[-28,-36],[-14,20],[-127,7],[19,35],[-38,-8],[-19,-27],[-60,1],[-27,34],[-17,-35],[-58,4],[7,-37],[-19,-19],[-62,6],[-41,-38],[-30,55],[-55,-12],[-16,25],[-21,0],[-13,34],[-47,17],[-84,-11],[-51,-20],[-22,-28],[-96,25],[-46,43],[-86,-48],[-118,-14],[-17,19],[-55,-5],[-55,18],[-19,-14],[-31,43],[-225,-80],[-48,4],[-59,40],[-38,-83],[-16,-4],[0,30],[-11,-3],[7,-64],[-77,34],[-49,-23],[-25,26],[-1,52],[-26,5],[-38,-87],[17,-41],[32,14],[4,-23],[-29,-14],[-65,48],[6,-42],[-20,-20],[-38,-100],[-78,-53],[-18,-30],[-13,-51],[6,-37],[-37,-107],[-22,26],[-19,-23],[-23,-94],[5,-95],[-26,-67],[-9,-68],[0,-135],[-62,-148],[-168,-30],[-37,-43],[-113,18],[-13,-42],[-19,13],[-20,-81],[-30,-17],[-34,8],[22,-38],[30,0],[5,-53],[-68,-32],[-32,-43],[-24,-2],[35,66],[-16,85],[-19,17],[18,-93],[-98,-103],[-14,-59],[4,-32],[-29,-25],[25,-34],[-71,-13],[-9,-30],[-63,-70],[-12,-47],[-38,-18],[-29,-176],[-13,-37],[-40,-11],[-18,-60],[-10,-97],[-54,-126],[-20,-82],[-47,-62],[-13,0],[-47,-118],[-68,15],[-29,73],[-48,70],[-75,-6],[-31,51],[-75,73],[-31,-13],[-93,41],[-28,-5],[-34,52],[-27,-4],[-77,42],[-39,-26],[46,9],[78,-55],[7,-34],[-47,-21],[12,-47],[57,38],[126,2],[61,-38],[11,-31],[17,8],[58,-77],[33,-13],[31,23],[36,-27],[49,-109],[52,-25],[-18,-59],[-10,-106],[-15,-23],[-4,-66],[-45,-177],[-49,-94],[-51,-50],[3,-18],[-29,-57],[-5,-83],[-13,-41],[-104,-80],[-13,18],[-9,-81],[-43,-160],[-55,-163],[-36,-56],[-78,-64],[-109,-200],[-20,-74],[-33,-49],[-24,-24],[-75,-18],[-97,-67],[-75,25],[-63,-102],[-100,-67],[-14,-102],[-96,-85],[-66,-124],[-114,-45],[-70,-67],[-13,-125],[-64,-43],[-49,-213],[-44,-75],[-30,-94],[-35,-46],[-86,-24],[-36,-39],[-73,-175],[-32,-45],[-59,-17],[-20,12],[-25,45],[-50,-7],[-34,45],[23,-64],[137,-88],[10,15],[7,-67],[19,-52],[-25,-32],[-65,-10],[-27,-68],[-64,-55]],[[38334,11024],[-15,44],[11,21],[10,-14],[20,-89],[-27,-43],[14,90],[-6,7],[-7,-16]],[[38781,11827],[-35,-42],[-42,16],[39,55],[32,5],[6,-34]],[[33756,21547],[19,-68],[-73,-101],[-9,-50],[-27,37],[-23,-43],[-10,18],[37,131],[-32,87],[56,15],[62,-26]],[[31459,4505],[35,17],[-39,-80],[-36,-20],[-37,9],[-2,34],[17,25],[39,-3],[23,18]],[[31509,4600],[14,-19],[-34,-18],[-25,48],[32,5],[13,-16]],[[31489,4713],[-6,23],[27,20],[-21,-43]],[[31524,4788],[4,43],[50,99],[31,32],[52,10],[-72,-168],[-29,-19],[-36,3]],[[31692,4986],[14,-5],[-34,-195],[1,-75],[-23,-48],[-97,24],[-61,-46],[-20,8],[55,104],[39,8],[34,34],[35,103],[57,88]],[[32939,6619],[16,-25],[-31,-94],[-73,-91],[-39,-5],[-5,22],[18,35],[94,150],[20,8]],[[37245,7252],[-34,-78],[-55,-73],[18,-11],[17,23],[54,129],[37,28],[-55,-93],[-26,-92],[-27,-1],[-19,-68],[-32,-21],[-16,-68],[11,-26],[10,-2],[6,24],[11,-29],[28,-17],[19,29],[-4,-32],[-25,-19],[-13,0],[-1,16],[-30,-24],[-34,8],[-3,26],[32,112],[4,82],[48,42],[130,235],[83,20],[-7,-34],[-23,-19],[-24,-54],[-24,5],[23,27],[16,49],[-40,-9],[-55,-85]],[[36002,10022],[-23,42],[-10,-7],[7,-31],[-24,17],[-40,74],[28,51],[90,27],[21,26],[38,-3],[88,-67],[268,-82],[118,-56],[76,-54],[32,-53],[22,1],[147,-115],[40,-61],[24,-72],[62,-39],[28,-63],[88,-32],[36,-49],[28,7],[104,-251],[-20,-35],[-2,-31],[-24,-1],[-25,-34],[-33,18],[-172,-20],[-121,88],[-83,12],[-193,104],[-56,49],[-30,52],[-146,93],[7,18],[-19,54],[-6,62],[-65,127],[-75,90],[-185,144]],[[36206,10526],[-20,27],[12,40],[20,-45],[1,-16],[-13,-6]],[[33161,7104],[22,1],[-33,-67],[-16,-1],[1,41],[26,26]],[[33868,8315],[12,7],[-3,-22],[-22,-9],[13,24]],[[38564,11307],[7,-53],[-7,-13],[-11,19],[11,47]],[[38751,11731],[17,-11],[-14,-33],[-53,-49],[-6,-26],[-18,15],[35,72],[39,32]],[[38824,11825],[0,-21],[-26,-41],[-23,-1],[11,46],[38,17]],[[34481,20658],[13,-141],[-24,-23],[-25,16],[-11,90],[10,47],[21,25],[16,-14]],[[33806,21405],[10,-33],[-68,-40],[27,66],[31,7]],[[33371,23869],[-26,-103],[-12,6],[-4,76],[26,48],[16,-5],[0,-22]],[[32602,24264],[34,4],[1,-43],[-47,0],[12,39]],[[32353,24956],[55,-44],[-40,-10],[-34,47],[9,20],[10,-13]],[[32202,25135],[40,-29],[-12,-19],[-51,45],[23,3]],[[18610,9037],[-1016,0],[-1032,0],[-1032,0],[-974,0]],[[913,22619],[-57,90],[51,279],[-13,58],[-272,-24],[-111,-147],[-46,-25],[-192,130],[-18,-5],[-33,-87],[-210,96],[-10,31],[0,1439],[0,1439],[-1,1439],[0,1439],[0,1439],[0,1439],[-1,1439],[0,1439],[62,-32],[25,16],[195,-45],[86,-3],[32,24],[111,3],[149,-51],[-82,25],[35,-32],[158,-37],[32,-33],[71,-5],[70,-112],[107,-78],[77,-144],[45,17],[-4,-15],[33,-11],[22,77],[-25,-17],[12,22],[32,4],[21,-93],[102,-110],[271,-153],[44,-3],[20,-14],[-23,-9],[97,-55],[109,-4],[14,-25],[102,-60],[39,-4],[29,30],[35,-8],[-7,17],[19,11],[26,-8]],[[888,34531],[91,-46],[24,-31],[-17,-17],[-57,9],[-52,-62],[-58,62],[-35,-17],[55,74],[49,28]]],"objects":{"can":{"type":"GeometryCollection","geometries":[{"arcs":[[0,1,2,3]],"type":"Polygon","properties":{"code":"CA-AB"}},{"arcs":[[[4,5,-2,6]],[[7]],[[8]],[[9]],[[10]],[[11]],[[12]],[[13]],[[14]],[[15]],[[16]],[[17]],[[18]],[[19]],[[20]],[[21]],[[22]],[[23]],[[24]],[[25]],[[26]],[[27]],[[28]],[[29]],[[30]],[[31]],[[32]],[[33]],[[34]],[[35]],[[36]],[[37]],[[38]],[[39]],[[40]],[[41]],[[42]],[[43]],[[44]],[[45]],[[46]],[[47]],[[48]],[[49]],[[50]],[[51]],[[52]],[[53]],[[54]],[[55]],[[56]],[[57]],[[58]],[[59]],[[60]],[[61]],[[62]],[[63]],[[64]],[[65]],[[66]],[[67]],[[68]],[[69]],[[70]],[[71]],[[72]],[[73]],[[74]],[[75]],[[76]],[[77]],[[78]],[[79]],[[80]],[[81]],[[82]],[[83]],[[84]],[[85]],[[86]],[[87]],[[88]],[[89]],[[90]],[[91]],[[92]]],"type":"MultiPolygon","properties":{"code":"CA-BC"}},{"arcs":[[93,94,95,96,97]],"type":"Polygon","properties":{"code":"CA-MB"}},{"arcs":[[[98,99,100,101]],[[102]],[[103]],[[104]],[[105]],[[106]]],"type":"MultiPolygon","properties":{"code":"CA-NB"}},{"arcs":[[[107,108]],[[109]],[[110]],[[111]],[[112]],[[113]],[[114]],[[115]],[[116]],[[117]],[[118]],[[119]],[[120]],[[121]],[[122]],[[123]],[[124]],[[125]],[[126]],[[127]],[[128]],[[129]],[[130]],[[131]],[[132]],[[133]],[[134]],[[135,136]],[[137]],[[138]],[[139]],[[140]],[[141]],[[142]],[[143]],[[144]],[[145]],[[146]],[[147]],[[148]],[[149]],[[150]],[[151]]],"type":"MultiPolygon","properties":{"code":"CA-NL"}},{"arcs":[[[152,-101]],[[153]],[[154]],[[155]],[[156]],[[157]],[[158]],[[159]]],"type":"MultiPolygon","properties":{"code":"CA-NS"}},{"arcs":[[[160,161,162,-3,-6,163]],[[164]],[[165]],[[166]],[[167]],[[168]],[[169]],[[170]],[[171]],[[172]],[[173]],[[174]],[[175]],[[176]],[[177]],[[178]],[[179]],[[180,181]],[[182,183]],[[184,185]],[[186,187]],[[188]],[[189]],[[190]],[[191,192]],[[193,194]],[[195,196]],[[197]],[[198]],[[199]],[[200,201]],[[202,203]],[[204]],[[205]]],"type":"MultiPolygon","properties":{"code":"CA-NT"}},{"arcs":[[[-95,-162,206]],[[207,-137]],[[208,-182,209,-188,210,-186,211,-184]],[[212,-193,213,-197,214,-195]],[[215,-202]],[[216,-204]],[[217]],[[218]],[[219]],[[220]],[[221]],[[222]],[[223]],[[224]],[[225]],[[226]],[[227]],[[228]],[[229]],[[230]],[[231]],[[232]],[[233]],[[234]],[[235]],[[236]],[[237]],[[238]],[[239]],[[240]],[[241]],[[242]],[[243]],[[244]],[[245]],[[246]],[[247]],[[248]],[[249]],[[250]],[[251]],[[252]],[[253]],[[254]],[[255]],[[256]],[[257]],[[258]],[[259]],[[260]],[[261]],[[262]],[[263]],[[264]],[[265]],[[266]],[[267]],[[268]],[[269]],[[270]],[[271]],[[272]],[[273]],[[274]],[[275]],[[276]],[[277]],[[278]],[[279]],[[280]],[[281]],[[282]],[[283]],[[284]],[[285]],[[286]],[[287]],[[288]],[[289]],[[290]],[[291]],[[292]],[[293]],[[294]],[[295]],[[296]],[[297]],[[298]],[[299]],[[300]],[[301]],[[302]],[[303]],[[304]],[[305]],[[306]],[[307]],[[308]],[[309]],[[310]],[[311]],[[312]],[[313]],[[314]],[[315]],[[316]],[[317]],[[318]],[[319]],[[320]],[[321]],[[322]],[[323]],[[324]],[[325]],[[326]],[[327]],[[328]],[[329]],[[330]],[[331]],[[332]],[[333]],[[334]],[[335]],[[336]],[[337]],[[338]],[[339]],[[340]],[[341]],[[342]],[[343]],[[344]],[[345]],[[346]],[[347]],[[348]],[[349]],[[350]],[[351]],[[352]],[[353]],[[354]],[[355]],[[356]],[[357]],[[358]],[[359]],[[360]],[[361]],[[362]],[[363]],[[364]],[[365]],[[366]],[[367]],[[368]],[[369]],[[370]],[[371]],[[372]],[[373]],[[374]],[[375]],[[376]],[[377]],[[378]],[[379]],[[380]],[[381]],[[382]],[[383]],[[384]],[[385]],[[386]],[[387]],[[388]],[[389]],[[390]],[[391]],[[392]],[[393]],[[394]],[[395]],[[396]],[[397]],[[398]],[[399]],[[400]],[[401]],[[402]],[[403]],[[404]],[[405]],[[406]],[[407]],[[408]],[[409]],[[410]],[[411]],[[412]],[[413]],[[414]],[[415]],[[416]],[[417]],[[418]],[[419]],[[420]],[[421]],[[422]],[[423]],[[424]],[[425]],[[426]],[[427]],[[428]],[[429]],[[430]],[[431]],[[432]],[[433]]],"type":"MultiPolygon","properties":{"code":"CA-NU"}},{"arcs":[[[-97,434,435,436,437]],[[438,439]]],"type":"MultiPolygon","properties":{"code":"CA-ON"}},{"arcs":[[440]],"type":"Polygon","properties":{"code":"CA-PE"}},{"arcs":[[[441,-99,442]],[[443,-440,444,-109,445,-436]],[[446]],[[447]],[[448]],[[449]],[[450]],[[451]],[[452]],[[453]],[[454]],[[455]],[[456]],[[457]],[[458]],[[459]],[[460]],[[461]],[[462]],[[463]],[[464]],[[465]],[[466]],[[467]],[[468]]],"type":"MultiPolygon","properties":{"code":"CA-QC"}},{"arcs":[[-4,-163,-94,469]],"type":"Polygon","properties":{"code":"CA-SK"}},{"arcs":[[[-164,-5,470]],[[471]]],"type":"MultiPolygon","properties":{"code":"CA-YT"}}]}}}