{"type":"Topology","transform":{"scale":[0.0023515604368465823,0.0009899228091528726],"translate":[19.609548,41.192681]},"arcs":[[[8516,4042],[44,-65],[54,-24],[10,-25],[114,30],[42,-23],[115,-175],[39,-131],[5,-77],[42,-102],[-4,-40],[15,-95],[-49,-17],[-6,13],[21,14],[1,52],[-21,89],[-30,46],[-8,65],[-35,19],[-22,-15],[-11,-86],[-23,-44],[3,-52],[32,-59],[0,-158],[13,-52],[-30,-94],[7,-166],[31,-69],[-58,-207],[-24,-6],[-148,151],[-36,-16],[-45,44],[12,43],[-11,39],[11,70],[-17,54],[10,51],[33,-1],[9,-51],[22,-19],[9,-44],[22,-8],[36,85],[14,89],[-54,26],[-24,74],[-33,-7],[-10,22],[35,123],[-1,92],[20,30],[-2,107],[47,38],[-13,89],[-22,49],[7,45],[-16,8],[-1,54],[-15,29],[-62,-77],[-25,50],[-18,-39],[-15,16],[27,52],[-11,24],[-60,4],[-1,-85],[31,-18],[29,-65],[-31,-61],[-40,-16],[-173,15],[-122,126],[-44,21],[5,82],[52,-32],[14,34],[28,12],[6,-34],[27,-33],[40,-21],[101,36],[103,182],[33,15]],[[27420,9538],[156,69],[36,-12],[29,147],[-8,30],[-25,11],[0,59],[-11,25],[-211,108],[2,71],[55,-18],[58,165],[26,7],[23,-24],[136,135],[89,25],[36,65],[61,7],[34,-28],[29,41],[-2,57],[75,3],[9,29],[-5,35],[24,69],[56,55],[32,-25],[4,91],[15,28],[-21,14],[58,59],[-17,64],[36,90],[97,-2],[30,-49],[63,-11],[37,21],[19,88],[117,-5],[20,45],[0,38],[-18,38],[14,55],[-84,92],[41,135],[35,44],[0,56],[24,40],[43,-17],[70,34],[24,-57]],[[28731,11535],[-2,-21],[10,-7],[67,11],[12,-87],[86,-21],[24,-38],[123,99],[121,-135],[90,40],[2,-98],[-26,-48],[0,-143]],[[29238,11087],[-15,-43],[-37,-14],[3,-49],[-20,-7],[-34,43],[-19,-24],[-18,-83],[-21,-22],[-6,-50],[-56,-112],[4,-39],[26,19],[31,-35],[43,21],[9,-16],[-8,-48],[-44,-66],[-4,-46],[-48,-54],[26,-71],[23,8],[41,-36],[42,-85],[82,-48],[61,-3],[67,108],[-6,105],[36,32]],[[29396,10472],[98,-133],[-10,-196],[42,-60],[8,-119],[141,-206],[117,-273],[48,-15],[36,-66],[-9,-73],[-89,-45],[-10,6],[-1,37],[-40,42],[-8,-58],[9,-42],[-49,-40],[-8,-52],[-14,-15],[-2,-60],[23,-19],[18,24],[31,-11],[3,-75],[30,-30],[-18,-49],[23,-48],[-8,-66],[21,-26]],[[29778,8804],[-3,-121],[32,-35],[0,-34],[-111,-77],[-30,-63],[-66,54],[-16,-37],[16,-53],[-23,-43],[-79,-48],[-37,87],[-13,-14],[5,-93],[-74,11],[-34,47],[-33,-27],[-144,-12],[-36,-99],[12,-87],[-71,-96],[-111,-17],[-92,-40],[-26,-45],[-32,1],[-17,10],[-22,121],[-34,33],[-66,5],[-52,97],[8,52],[-44,44],[-2,76],[-96,65],[-1,29],[22,52],[54,42],[-15,28],[4,61],[-59,12],[-19,-53],[-39,-35],[1,-38],[-87,-88],[-40,-121],[-46,63],[-52,-45],[-3,79],[-56,-23],[-26,37],[-31,-13],[-25,57],[-59,-34],[-39,33],[-52,-35],[-17,15],[-12,30],[-4,80],[-44,96],[-11,74],[-43,34],[0,84],[30,14],[-16,64],[-33,28],[-30,-14],[-21,52],[-30,4],[-33,49],[-45,6],[-41,54],[-46,-31],[-35,47],[-4,85],[-27,96],[8,73],[-45,124]],[[24739,12258],[27,60],[38,3],[-1,56],[52,20],[-4,31],[-52,5],[0,65],[16,12],[102,36],[18,-113],[56,-12],[104,38],[-8,91],[27,40],[25,-13],[68,40],[56,-23],[22,34],[75,-14],[20,34],[38,7],[18,-29],[63,42],[43,97],[43,-3],[38,32],[1,75],[76,70],[7,44],[29,31],[32,-33],[92,85],[29,-18],[23,27],[-5,42],[23,25],[26,-1],[49,66],[33,-10],[-16,74],[52,67],[30,-133],[46,-53],[6,-71],[152,-71],[11,-35],[35,-20],[-12,-83],[68,65],[21,-30],[39,-1],[-4,-70],[-51,-59],[13,-64],[26,-30],[7,-35],[57,6],[62,-59],[39,38],[3,-36],[-17,-62],[32,-7],[101,-127],[28,40],[21,-2],[-24,50],[41,84],[10,55],[42,65],[-13,29],[194,282],[25,-16],[20,34],[47,-144],[24,10],[17,43],[-6,90],[34,44],[147,14],[-3,-45],[44,52],[109,70],[13,-12],[-3,-32],[43,15],[29,-46],[45,50],[9,59],[46,89],[164,133]],[[27841,13412],[34,18],[123,-286],[66,30],[145,-196],[83,-53],[34,-95],[31,-17],[39,-93],[9,-34],[-4,-56],[25,-82],[25,-12],[23,-65],[98,-64],[88,34],[4,-32],[-39,-31],[28,-31],[-51,-119],[-62,-53],[-24,5],[14,-50],[97,-117],[63,-10],[-3,-43],[-19,-32],[0,-86],[-34,-61],[58,-148],[37,11],[2,-109]],[[27420,9538],[-48,52],[-11,32],[0,63],[-55,89],[-137,78],[-28,48],[-47,10],[-91,-10],[-22,-77],[-34,-35],[-107,19],[-22,-112],[-84,-77],[-29,35],[-34,4],[-77,-51],[-86,68],[-85,16],[-30,-50],[-91,-5],[-18,32],[20,72],[-21,57],[-6,70],[-126,-23],[-23,19],[41,182],[2,52],[-55,-10],[-42,39],[-8,69],[-27,-27],[-68,45],[-21,-24],[-14,-70],[-63,-1],[-13,-20],[-4,-84],[23,-62],[-11,-86],[-110,-83],[-16,-60],[-40,36],[-14,-13],[30,-88],[-28,15],[-23,43],[-211,690],[-182,505],[-425,1115],[-110,233]],[[43552,12362],[-3,91],[-30,85],[10,93],[-19,26],[0,102],[-52,142],[-28,1],[-40,48],[-4,71],[8,47],[42,16],[-10,79],[10,54],[-41,80],[25,60],[43,21],[21,-17],[16,-50],[99,59],[-3,40],[-87,109],[6,47],[-23,39],[17,49],[-14,49],[3,44],[-70,-46],[-17,-33],[-17,18],[7,86],[118,170],[-6,128],[39,65],[-36,29],[19,200],[-2,72],[-19,27],[-19,92],[-52,14],[-35,-18],[-22,-63],[-37,-32],[-36,0],[-10,-22],[-32,26],[-12,39],[9,53],[-23,135],[22,78],[-32,54],[-1,84],[-30,71],[-54,-19],[-40,23],[-42,-10],[-162,-104],[-17,-36],[-33,-5],[-22,41],[-28,11],[-39,-44],[-20,41],[15,51],[-8,46],[-39,68],[2,61],[35,8],[39,53],[124,33],[7,36],[-62,46],[0,46],[-58,37],[5,60],[-130,36],[-21,53],[-43,46],[-3,24],[25,47],[-1,27],[-34,15],[-5,33],[-29,5],[-16,34],[98,120]],[[42648,15857],[56,9],[116,106],[129,6],[21,23],[147,3],[34,-56],[144,-7],[36,-45],[10,-75],[30,-38],[7,-35],[-7,-38],[238,-6],[53,-89],[78,-49],[6,-32],[37,-35],[9,-46],[82,8],[9,80],[36,18],[13,-45],[53,-58],[105,-70],[253,-37],[41,-51],[34,-106],[61,-67],[19,-91],[51,-22],[27,-77],[7,-73],[22,-29],[74,29],[44,-52],[76,-28],[124,54],[76,-35],[7,-49],[44,-61],[118,60],[99,-82],[6,-41],[24,-36],[-27,-1],[-1,-53],[92,5],[61,-36],[33,21],[19,56],[29,24],[30,2],[-3,-41],[21,-19],[68,20],[19,30],[-5,22],[11,19],[78,-15],[26,20],[53,-24],[19,-64],[51,-52],[40,28],[19,74],[25,30],[42,-13],[4,-40],[54,-6],[132,39],[82,-80],[35,-68],[80,3],[2,-27],[31,-24],[83,-4],[39,18],[16,45],[3,48],[-26,54],[3,23],[172,49],[13,27],[76,18],[75,-36],[27,26],[53,-47],[288,37],[97,-47]],[[47336,14633],[74,-63],[40,25],[63,-24],[42,30],[58,-34],[19,41],[78,-40],[64,43],[74,-12],[42,59],[74,0],[59,-28],[53,-116],[-20,-37],[4,-21],[55,-83],[46,-6],[35,-41],[-78,-28],[-34,21],[-11,-34],[13,-64],[-34,-69],[-107,-11],[-7,-40],[27,-66],[-7,-23],[-56,-24],[-82,5],[-43,-55],[15,-70],[-8,-29],[-80,-54],[-10,-43],[-45,-30],[-17,18],[-37,-63],[-61,-5],[-83,-110],[13,-69],[-50,-226],[-27,-34],[-49,44],[-42,-45],[-34,2],[-105,-170],[-10,-134],[-36,-55],[18,-44],[93,-1],[75,-49],[11,-48],[27,-20],[28,38],[47,8],[142,-69],[6,-119],[23,-59],[-16,-70],[31,-187],[-7,-54],[-29,-46],[172,18],[-7,-72],[24,-34],[53,10],[34,85],[122,23],[89,-15],[24,27],[95,-26],[29,57],[94,6],[-1,50],[23,83],[106,84],[27,-12],[16,48],[33,-4],[35,-73],[30,20],[13,-25],[78,-30],[61,48],[26,-9],[5,47],[87,3],[8,17],[-3,54],[48,30],[84,-86],[3,-61],[28,4],[5,-29],[33,-24],[-2,-54],[-34,8],[-7,-41],[35,-26],[5,-32],[20,-20],[-6,-42],[-35,-38],[-10,-61],[13,-48],[-29,-17],[-59,-122],[14,-69],[-24,-6],[-2,-65],[34,-40],[-23,-37],[41,-13],[13,-57],[-60,-97],[-9,-59],[17,-30],[-12,-44],[-38,-8],[-145,73],[-37,-7],[-48,55],[-55,-20],[-18,35],[-74,18],[-123,112],[-27,-7],[-28,-49],[0,-66],[20,-40],[-17,-73],[34,-43],[-1,-66],[45,-47],[-2,-41],[-36,-52],[-68,-39],[-107,-9],[-40,23],[-25,-47],[-79,-51],[-21,-40],[-10,-90],[-48,10],[8,-104],[-59,-66],[-29,22],[-53,-49],[-18,35],[-35,-65],[-44,16],[-58,-74],[-135,0],[8,-27],[-15,-61],[9,-54],[31,-69],[4,-120],[-22,-12],[-30,36],[-36,-13],[-45,-113],[-54,-13],[-7,-56],[-20,-33],[-29,-125],[-58,-28],[-9,-52],[18,-13],[13,-60],[-22,-19],[-43,-113],[6,-40],[-24,-49],[35,-60],[13,68],[74,0],[33,-98],[-24,-61],[-35,-33],[-1,-26],[24,-29],[-2,-28],[28,-12],[19,36],[38,14],[22,-98],[53,32],[13,-102],[58,-116],[-23,-13],[-21,-58],[-23,-19],[-5,-71],[67,-28],[20,-58],[-6,-165],[-55,-29],[7,-48],[55,-62],[-1,-184],[-44,-180]],[[47537,8133],[-37,-7],[-25,25],[-33,-15],[-69,-184],[3,-38],[-15,-55],[-65,11],[-66,-60],[-21,-50]],[[47209,7760],[-35,-21],[-44,43],[-80,-32],[-21,18],[-117,145],[-2,56],[-34,28],[0,59],[-42,28],[-13,80],[-68,16],[-10,96],[-20,36],[-44,4],[-2,-56],[-14,-29],[-52,51],[-44,-43],[-20,13],[-30,81],[-50,38],[-51,-9],[-2,32],[19,30],[1,34],[-55,46],[-19,-36],[-104,4],[-16,-32],[-63,-9],[-55,8],[-43,57],[-48,-18],[-64,76],[-10,80],[-15,28],[-45,23],[-14,55],[12,79],[-20,104],[35,106],[9,79],[-100,91],[-11,30],[12,87],[-29,52],[33,113],[-33,98],[-1,77],[-28,37],[-33,117],[-90,162],[-12,145],[31,90],[-2,27],[-31,-7],[-13,-66],[-25,38],[7,51],[30,23],[5,29],[-46,28],[-3,41],[16,49],[-10,27],[-56,43],[20,60],[-7,50],[8,23],[-33,33],[-89,259],[32,45],[18,89],[-102,70],[-2,29],[54,47],[-52,42],[15,61],[-32,87],[-32,4],[5,67],[-55,61],[-24,-28],[-15,21],[-4,67],[37,27],[-15,48],[30,27],[-7,22],[-47,-11],[-47,85],[-13,58],[-81,-22],[37,98],[-48,81],[-42,-20],[-19,42],[-171,130],[-75,-27],[-8,-32],[7,-37],[-11,-9],[-29,47],[-35,-6],[-29,60],[-64,5],[-50,33],[-55,131],[-56,-23],[-65,103],[-114,56],[-37,54],[-31,-50],[-9,6],[12,21],[-15,22],[-13,-45],[-87,52],[-53,-57],[-125,-40],[-195,-23],[-36,46],[-124,-67]],[[7193,23011],[76,-48],[38,14],[28,-27],[33,21],[32,-35],[78,-7],[36,-69],[67,-30],[73,23],[3,66],[18,18],[73,3],[66,45],[44,90],[-18,114],[-61,93],[53,56],[-50,48],[20,21],[-53,-6],[-15,20],[4,48],[-24,17],[-27,-11],[-24,-55],[-49,10],[-74,-47],[-23,12],[-70,43],[-181,317],[-58,9],[-18,52],[-6,68],[29,-6],[-33,21],[-23,67],[11,17],[70,-30],[75,55],[-2,35],[28,83],[-2,38],[-18,34],[80,26],[89,-33],[193,-105],[14,-19],[6,-59],[32,-39],[107,-67],[144,-9],[-7,-36],[15,-35],[-46,30],[-21,-23],[-76,0],[-13,-20],[4,-18],[34,-48],[-33,-51],[49,26],[10,52],[65,36],[56,-15],[9,24],[-33,35],[14,16],[27,-31],[175,-55],[93,-72],[80,-22],[101,-96],[72,11],[13,26],[67,22],[-9,21],[-50,-28],[10,64],[17,16],[91,-54],[50,-64],[143,-18],[5,37],[-50,161],[17,31],[29,-14],[-1,20],[-34,36],[-30,131],[-40,83],[-67,54],[-168,309],[-5,68],[9,77],[41,84],[193,124],[82,84],[101,161],[269,91],[128,111],[91,125],[112,211],[34,27],[196,-89],[-48,-59],[320,41],[28,-79],[80,-24],[42,-39],[16,-49],[-172,-148],[28,-49],[42,-5],[27,-63],[4,45],[-10,34],[-51,20],[42,59],[100,56],[51,0],[89,-106],[-2,-89],[59,-130],[5,41],[-28,84],[14,100],[-31,72],[-2,49],[31,152],[26,51]],[[10463,25472],[52,1],[60,-39],[43,-64],[120,-71],[375,-171],[38,21],[219,-61],[343,-214],[108,20],[136,-17],[16,31],[-15,65],[10,27],[171,191],[362,-11]],[[12501,25180],[-3,-888],[242,53],[29,-19],[181,-387],[41,-44],[131,-56],[-56,-271],[-26,-10],[-289,79],[-61,-130],[-213,28],[-47,-135],[-137,-1],[-46,-133],[-91,15],[-26,50],[-8,60],[-639,-22],[-123,-62],[-212,19],[-169,-113],[70,-109],[124,-101],[235,-77],[163,-142],[64,-108],[22,-82],[2,-29],[-32,-83],[-2,-108],[61,-96],[125,-86],[73,-13],[-17,-113],[-34,-64],[-150,-135],[66,-206],[-1,-287],[64,-31],[12,-129],[88,-8],[12,113],[43,25],[230,0],[5,82],[-29,62],[42,243],[14,25],[123,-23],[25,110],[68,14],[312,-60],[-102,-627],[-44,-8],[3,-36],[-24,-9],[-70,-410],[19,-33],[137,-40],[18,-33],[-62,-402],[-92,-13],[-63,-56],[-26,22],[-161,-95],[-27,-64],[-12,-132]],[[12251,19861],[-185,43],[-11,112],[-36,-5],[-129,58],[-159,-11],[0,-48],[-37,-40],[-12,-94],[-16,-15]],[[11666,19861],[-120,49],[-6,82],[-70,17],[-31,64],[-47,-53],[-34,-7],[-14,-37],[-173,49],[-48,39],[9,113],[-174,40],[-19,-17],[-44,-288],[-435,68],[-21,24],[4,85],[-25,4],[-92,-60],[-49,-3],[-20,-106],[7,-21],[-94,-48],[-6,-81],[-153,39],[-43,-66],[-30,-4],[-15,54],[-15,-12],[-3,40],[-33,38],[-74,8],[-39,-32],[-3,-50],[-67,-13],[-190,66],[-13,30],[19,22],[-16,32],[-9,-21],[-43,2],[-35,-59],[-22,7],[-13,44],[-43,9],[-60,-43],[8,-67],[-30,-99],[0,-48],[-38,19],[-82,-15],[-111,68],[-23,63],[-86,-59],[-53,65],[-18,-19],[4,-35],[-15,-24],[-77,-35],[-55,8],[-37,-32],[-80,88],[-54,10],[-119,-65],[-77,32],[6,-62],[-9,34],[-58,45],[-32,77],[-15,-35],[-31,-10],[-16,-45],[-64,-7],[-32,87],[-70,14],[-2,64],[-19,77],[-19,-41],[-46,10],[-21,56],[12,51],[-23,48],[14,53],[-34,30],[-57,-7],[4,57],[-49,80],[4,63],[-21,25],[-10,53],[8,58],[-17,41]],[[7724,20536],[-5,128],[51,71],[-3,44],[29,135],[-5,67],[-52,36],[-7,95],[-27,109],[-127,14],[13,61],[48,87],[7,102],[-33,178],[-68,47],[-108,-32],[-144,66],[-110,110],[-103,207],[24,85],[0,41],[41,50],[-64,30],[3,66],[-20,117],[-82,58],[-73,126],[220,47],[41,31],[37,95],[-17,103],[3,101]],[[13523,30925],[-4,65],[17,73],[72,151],[109,67],[45,-50],[35,-1],[5,-34],[52,55],[10,-1],[-5,-45],[72,-8],[17,11],[-11,19],[11,23],[-17,35],[51,2],[-37,59],[35,-13],[-8,21],[11,14],[-33,25],[1,20],[73,-25],[-9,14],[50,45],[-44,52],[122,-28],[-76,21],[6,19],[-17,43],[9,18],[58,4],[-60,29],[22,32],[59,8],[5,30],[21,11],[-9,14],[82,28],[-80,-4],[-81,-38],[37,55],[-31,7],[7,18],[96,38],[101,-28],[-90,35],[-183,-13],[-85,61],[39,31],[7,38],[56,65],[175,62],[119,-48],[32,12],[-38,20],[41,0],[3,21],[-108,33],[4,52],[98,-2],[-111,90],[17,11],[4,51],[64,59],[48,24],[42,-15],[94,70],[186,-27],[87,44],[58,61],[171,50],[157,-87],[79,-19],[114,7],[26,-38],[262,-60],[53,-65],[10,-37],[-329,-64],[279,-14],[-38,-46],[-323,-44],[151,-22],[119,31],[-13,-64],[7,-11],[-7,-72],[-35,-45],[-32,-4],[-248,28],[-21,-20],[162,-28],[57,-90],[-140,28],[45,-59],[-42,-18],[26,-48],[-28,-31],[-69,40],[-81,5],[78,-24],[7,-25],[33,-12],[-3,-55],[-179,-22],[149,-14],[4,-67],[-42,-68],[58,-44],[26,-60],[-98,-136],[46,-7],[-44,-83],[18,-34],[-61,13],[5,-13],[-14,-14],[119,-31],[10,-114],[61,-176],[58,-81],[45,-100],[42,-45],[24,-108],[15,-22],[231,-248],[91,-61],[75,-84],[116,-60],[66,8],[5,-29],[68,-60],[-88,14],[46,-39],[-35,-69],[-26,-11],[24,-20],[-303,97],[48,-55],[79,-22],[43,14],[86,-69],[-20,-7],[-297,111],[43,-41],[-48,8],[-39,54],[11,35],[26,8],[-12,16],[-40,-8],[-20,-33],[-80,29],[42,-40],[-52,7],[43,-28],[-34,-14],[7,-15],[53,-6],[9,14],[-23,21],[44,-5],[40,-36],[-31,-15],[85,-36],[-59,-46],[-49,19],[69,16],[-88,19],[-113,71],[-21,-21],[59,-38],[-20,-14],[-137,100],[18,-45],[83,-66],[-139,26],[-50,37],[41,-28],[12,6],[-12,21],[39,-13],[-22,74],[-46,30],[-13,-16],[40,-23],[22,-51],[-145,104],[-24,-49],[31,-6],[22,-43],[-29,35],[-66,-10],[-6,-28],[25,-45],[-56,-54],[-75,82],[-96,47],[-23,42],[2,36],[-52,21],[-32,47],[23,-48],[-32,7],[-6,-49],[123,-89],[-84,27],[-10,28],[-110,76],[-8,-14],[11,-20],[-30,-14],[-36,27],[-40,-9],[-81,75],[-9,-7],[24,-31],[-73,14],[-74,57],[-2,-50],[-102,62],[118,22],[39,-52],[15,9],[-13,45],[27,58],[-6,21],[-99,105],[5,22],[74,-16],[-5,15],[13,5],[89,-44],[14,5],[-55,75],[85,6],[25,-20],[-54,10],[-10,-24],[8,-5],[131,22],[-107,38],[44,28],[-16,21],[45,1],[-42,27],[-52,-61],[-60,34],[13,-40],[-15,-15],[-39,19],[8,14],[-7,7],[-55,4],[-54,66],[61,38],[37,97],[88,24],[27,41],[-22,9],[-29,-36],[-109,-45],[-15,-31],[1,-44],[-55,-5],[-22,21],[-47,124],[82,91],[-41,22],[-60,-58],[-40,-89],[-28,63],[5,14],[-12,1],[-10,-16],[14,-41],[-29,0],[-1,-38],[-37,-11],[-11,63],[-15,13],[-10,-5],[10,-36],[-34,13],[-10,48],[-46,-21],[15,78],[-30,30],[-11,60],[-12,-7],[-9,-63],[-55,-31],[20,-59],[-58,38],[-9,25],[4,50],[-54,-43],[59,-70],[-135,3],[-52,-24],[-131,111],[8,49],[-54,124],[-6,70]],[[15895,33839],[-40,22],[-124,-15],[-30,49],[-49,7],[36,41],[-15,6],[-224,-19],[-45,19],[-7,18],[29,29],[338,104],[-18,23],[-115,-32],[7,25],[-38,0],[73,48],[-19,25],[-220,-46],[-16,12],[34,71],[-93,8],[35,76],[111,63],[19,-31],[50,9],[-41,-41],[16,-7],[84,39],[35,-70],[7,-32],[-10,-21],[36,12],[160,163],[-7,41],[-67,16],[10,22],[123,81],[161,-23],[56,-42],[78,-6],[-9,13],[6,14],[-26,24],[-13,61],[-42,13],[-18,48],[283,80],[13,25],[-21,26],[-94,0],[40,53],[249,52],[-29,27],[79,33],[11,41],[77,35],[172,24],[27,46],[149,-6],[128,62],[127,13],[-130,49],[96,57],[243,13],[-158,-111],[113,-8],[36,55],[114,25],[25,32],[1,28],[-12,7],[-93,6],[52,62],[-12,29],[35,33],[205,4],[49,32],[108,-18],[21,-34],[49,-10],[123,18],[10,-21],[-14,-29],[7,-25],[49,-20],[21,42],[41,-9],[-1,22],[56,39],[75,-64],[325,144],[59,-8],[41,22],[34,-49],[24,-2],[94,51],[52,0],[17,35],[86,-15],[-10,10],[7,26],[58,33],[-9,20],[17,13],[88,17],[30,-32],[28,6],[134,100],[219,-42],[15,15],[-39,32],[-23,58],[-57,46],[57,58],[93,13],[233,150],[397,113],[190,-15],[110,-39],[72,7],[21,-14],[-10,-27],[136,-57],[-21,-43],[73,-40],[-16,-39],[16,-30],[44,-7],[-60,-33],[-45,-92],[64,-21],[-165,-140],[-57,-12],[-3,-16],[12,-5],[-20,-29],[-90,-54],[63,-20],[-17,-13],[-159,-23],[-233,-92],[-93,-64],[-196,-44],[-216,-100],[-409,-109],[-58,-47],[-81,1],[-246,-87],[-88,-3],[-145,-78],[-22,-6],[6,31],[-27,22],[6,16],[-11,15],[-41,-8],[29,-20],[-43,-59],[-92,-45],[-116,-1],[-322,-149],[-104,9],[-78,-88],[-65,14],[8,-15],[-22,-33],[12,-14],[-24,-14],[9,-21],[-31,-5],[-42,-52],[-43,37],[0,75],[-44,-6],[8,-28],[-10,-37],[-70,-67],[-125,-52],[-27,-38],[23,-23],[-34,-59],[-56,7],[-10,28],[18,40],[-17,17],[-33,-8],[4,-15],[-29,-49],[14,-15],[-22,-21],[-64,-20],[-13,0],[12,14],[-13,14],[-51,-28],[-79,14],[36,-26],[259,-11],[28,-45],[-54,-59],[-155,-11],[75,-62],[-40,-44],[-146,-25],[-90,16],[-91,59],[57,-73],[54,-2],[44,-49],[1,-49],[-51,-41],[-65,10],[-189,142],[-29,0],[85,-97],[-54,25],[-34,-18],[59,-34],[-55,-122],[23,-51],[-120,13],[-51,21],[-10,26],[-227,78],[-6,-20],[108,-49],[20,-39],[70,-51],[-29,-35],[37,-49],[-2,-27],[32,-14],[-9,-13],[15,-14],[-26,-21],[20,-14],[-81,0],[52,-21],[-64,0],[35,-34],[-26,-12],[-55,31],[-25,-13],[-10,37],[-11,-5],[-19,-32],[22,-29],[94,-12],[-76,-21],[-2,-35],[-13,-6],[-16,39],[-46,24],[-9,-11],[14,-38],[-32,-42],[43,-14],[6,-38],[-38,-22],[-163,65],[-89,142],[-50,-8],[52,-91],[-26,-20],[-91,6],[122,-19],[155,-147],[-44,-20],[41,-21],[18,-69],[-84,-81],[-52,19],[-15,34],[-84,67],[-357,44],[34,-26],[304,-36],[67,-101],[35,-24],[12,-35],[-14,-56],[-109,-40],[9,-21],[-140,31],[-121,97],[-7,-11],[11,-21],[45,-34],[-44,-7],[73,-12],[135,-87],[7,-53],[-23,-4],[-9,-31],[-115,-109],[-67,47],[-2,-28],[21,-13],[-30,-39],[16,-31],[-14,-7],[-259,46],[-31,41],[-13,83],[-42,36],[-20,-12],[49,-52],[-2,-56],[-24,-18],[-65,37],[-143,-16],[-176,112],[-52,5],[-141,-40],[-135,-81],[-92,47],[41,35],[69,8],[9,32],[44,29],[-99,13],[152,121],[232,96],[111,12],[-163,0],[-46,-34],[-12,7],[17,41],[-144,-28],[-54,-63],[-61,-27],[9,-14],[-134,26],[-15,15],[12,8],[-139,111],[9,54],[45,-33],[47,-1],[90,56],[-8,14],[7,14],[101,70],[206,39],[-13,27],[-77,22],[38,50],[145,106],[69,14],[90,-47],[200,-35],[-3,24],[-95,34],[-4,27],[-233,77],[65,42],[24,-34],[159,31],[21,-34],[16,26],[-46,38],[-172,42],[66,70],[382,47],[-116,0],[29,28],[-92,34],[-89,-34],[21,31],[-21,25],[-67,-8],[26,48],[-13,41],[96,37],[49,-8],[11,-23],[209,61],[71,-38],[184,7]],[[9796,25810],[15,-61],[-5,-16],[-79,41],[-24,46],[33,26],[60,-36]],[[15950,29665],[45,-33],[-14,-15],[-66,34],[44,-48],[-32,5],[-57,30],[-13,27],[15,7],[-38,41],[116,-48]],[[14298,30329],[-12,-24],[0,-41],[-23,-25],[1,-32],[-45,-23],[-2,-39],[42,-41],[-56,-25],[3,36],[-25,53],[-67,37],[-18,84],[-85,73],[-87,-3],[-60,63],[20,41],[115,40],[50,-8],[32,-31],[7,4],[-22,44],[23,9],[72,-39],[47,-87],[-44,28],[-23,45],[-50,21],[55,-42],[-41,-14],[120,-82],[41,6],[-32,14],[34,11],[21,-11],[-6,-31],[15,-11]],[[13496,39155],[68,-20],[-37,-17],[-584,59],[215,13],[44,57],[147,59],[37,-40],[75,-7],[-27,-24],[0,-22],[80,-44],[-18,-14]],[[12958,39271],[-84,2],[-150,90],[156,76],[141,-8],[45,-45],[-89,-40],[-31,-59],[12,-16]],[[15388,39851],[-82,24],[44,35],[-117,14],[76,28],[49,-10],[24,29],[319,26],[19,-11],[-2,-19],[116,-30],[43,-34],[-7,-31],[-255,-38],[9,14],[-16,16],[-220,-13]],[[11515,39737],[-72,-11],[-10,-10],[15,-35],[-21,-14],[-169,-20],[-26,49],[26,68],[-17,18],[-125,-12],[-100,-43],[-103,71],[-176,28],[101,32],[604,73],[-50,14],[18,10],[204,4],[119,61],[-46,22],[20,11],[169,15],[140,-45],[174,18],[94,-32],[67,-44],[-65,-6],[-19,-22],[131,-68],[-16,-50],[-124,43],[-158,10],[-31,17],[4,29],[-34,3],[-73,60],[-81,-23],[23,-21],[-58,8],[41,-56],[-91,9],[-23,-36],[55,-43],[-1,-17],[-98,32],[-59,-30],[-29,-43],[-153,3],[23,-27]],[[18121,40024],[23,-30],[-7,-43],[-95,-76],[47,-27],[-13,-17],[-174,-25],[-51,-42],[8,-27],[-126,-19],[-14,-9],[45,-11],[-24,-34],[-120,-52],[-205,41],[-108,50],[-147,-53],[-139,-12],[-59,52],[-108,47],[55,41],[-37,12],[-10,16],[12,20],[-29,36],[78,98],[55,14],[16,26],[-27,14],[79,34],[203,17],[36,-23],[-123,-22],[147,1],[21,-21],[86,34],[417,42],[-6,14],[31,17],[197,-16],[66,-67]],[[16381,39991],[-105,7],[-29,22],[145,62],[251,32],[78,-21],[42,-58],[-57,-51],[-84,5],[-66,-25],[-175,27]],[[15375,39994],[-378,-63],[-90,21],[11,27],[-14,19],[-274,9],[-14,20],[51,36],[95,13],[170,7],[42,-36],[69,57],[48,10],[378,-100],[-94,-20]],[[13642,39937],[23,-13],[-18,-38],[-224,-59],[-96,-82],[-352,-10],[-32,-29],[-158,-17],[53,-30],[0,-25],[13,-11],[-6,-16],[-138,-37],[-277,24],[-20,-24],[11,-14],[-81,-55],[134,-23],[40,-32],[-26,-28],[56,-24],[-59,-38],[-100,7],[-87,51],[-14,-17],[24,-34],[-18,-35],[-59,-33],[-63,43],[-46,3],[-41,-49],[-166,-17],[-10,17],[12,29],[44,45],[148,46],[-102,6],[53,22],[-17,12],[-203,-7],[-48,-27],[20,-27],[-121,-17],[-88,22],[-2,45],[-115,60],[199,77],[32,-13],[12,-16],[-7,-20],[21,-14],[387,17],[23,11],[-212,36],[-30,33],[262,22],[-58,19],[18,22],[-17,9],[-307,-23],[270,94],[77,-12],[77,36],[80,-28],[-14,-28],[16,-10],[263,16],[18,16],[-23,19],[77,32],[21,30],[-52,28],[148,-6],[16,14],[-15,13],[9,14],[-18,7],[29,35],[-203,-28],[58,42],[-41,10],[-84,-31],[-39,21],[68,35],[-47,6],[524,159],[88,-27],[-190,-42],[366,54],[80,-67],[-244,-43],[31,-20],[-125,-48],[52,-29],[119,53],[48,-24],[103,36],[40,-30],[26,7],[-3,21],[67,14],[59,-48],[101,-15]],[[16603,40257],[19,-19],[-58,-69],[-82,-11],[-224,103],[97,64],[248,-68]],[[16043,40103],[-58,15],[15,27],[-14,21],[-114,21],[-16,42],[-340,75],[22,33],[236,-10],[103,-41],[297,-49],[45,-54],[227,-45],[-189,-74],[-214,39]],[[14864,40208],[-62,13],[16,41],[42,15],[-4,20],[54,42],[361,-118],[212,36],[257,-63],[12,-38],[438,-129],[15,-23],[-66,-46],[-214,-57],[-166,119],[-370,46],[-17,34],[-162,45],[12,25],[-10,11],[-163,-18],[-59,51],[-126,-6]],[[13126,40283],[-55,21],[17,15],[-8,20],[64,4],[9,10],[-21,20],[17,9],[123,-2],[67,-60],[-90,-18],[-9,-11],[15,-15],[-2,-19],[-170,-21],[43,47]],[[16013,40644],[-223,27],[103,40],[10,15],[-26,14],[29,15],[199,-4],[14,27],[115,5],[16,-15],[-11,-14],[29,-20],[-9,-21],[19,-10],[218,-11],[72,-62],[-112,-37],[-217,2],[-93,20],[-7,22],[-52,18],[-74,-11]],[[18241,40872],[-169,28],[297,42],[-17,-16],[388,-11],[54,-36],[-39,-45],[-104,-26],[-331,25],[-79,39]],[[16451,40934],[-130,-24],[-42,18],[24,47],[84,22],[-87,27],[92,27],[450,29],[96,-41],[-46,-29],[17,-16],[-7,-20],[-451,-40]],[[16765,35121],[85,31],[12,-25],[-242,-63],[145,57]],[[16752,39183],[-100,41],[12,22],[312,79],[119,-33],[14,-18],[-3,-44],[39,-33],[-163,-56],[-44,9],[-29,-29],[-70,10],[-14,10],[11,14],[-84,28]],[[15353,39307],[130,79],[12,19],[-23,13],[6,22],[-23,27],[17,41],[-9,21],[67,28],[218,-27],[30,44],[132,-4],[32,-19],[14,-39],[-20,-49],[6,-37],[24,-23],[-46,-45],[39,-37],[-9,-22],[-68,-30],[-429,13],[-100,25]],[[14039,39388],[-113,25],[-74,68],[164,14],[13,26],[56,8],[-20,35],[75,48],[123,7],[81,-14],[-7,-20],[11,-18],[78,-52],[143,-39],[-58,-54],[-61,25],[-42,-71],[-369,12]],[[16125,39335],[-43,-4],[-64,52],[11,29],[-35,34],[19,28],[-11,27],[8,31],[-28,38],[35,28],[-13,20],[-127,71],[641,-14],[315,-90],[35,-49],[-376,-10],[-134,-59],[169,-40],[-29,-57],[-136,18],[-19,22],[-58,-33],[47,-63],[-19,-12],[-109,0],[-79,33]],[[14539,39680],[23,9],[-2,29],[53,19],[-49,25],[-7,20],[18,37],[164,-22],[19,-12],[-76,-21],[117,-13],[-10,-18],[33,-44],[-75,-62],[-208,53]],[[17285,40249],[152,57],[463,13],[-41,-28],[9,-23],[-12,-24],[-260,-110],[-274,27],[-136,47],[99,41]],[[18354,40097],[158,87],[381,15],[63,33],[13,38],[-41,37],[66,76],[183,37],[223,-69],[88,-101],[6,-14],[-62,-28],[36,-9],[32,-52],[-198,-128],[-175,-54],[-346,-42],[-38,14],[-236,-45],[-266,143],[113,62]],[[16043,40420],[235,41],[83,-32],[-98,-24],[-65,-54],[-132,-13],[-168,42],[145,40]],[[15325,40415],[-37,23],[21,53],[-76,8],[47,14],[-32,27],[105,6],[354,-76],[24,14],[-90,56],[12,14],[-35,48],[166,12],[27,-29],[263,-28],[38,-29],[81,19],[92,-34],[-40,-23],[-325,-22],[-184,-75],[-98,1],[3,24],[-64,25],[-177,-42],[-75,14]],[[16565,40540],[-42,11],[87,47],[148,22],[97,-27],[60,-47],[-19,-26],[-122,-17],[-209,37]],[[17986,40824],[124,-41],[-55,-18],[-102,18],[-74,41],[107,0]],[[8864,23627],[-8,-18],[-102,11],[-60,79],[-98,27],[68,40],[87,-11],[28,-20],[21,-54],[54,-23],[10,-31]],[[8733,23781],[-47,27],[32,21],[95,-9],[23,-37],[8,-94],[-34,-5],[-32,62],[-45,35]],[[14357,30405],[10,-11],[-65,29],[-34,46],[33,0],[56,-64]],[[16672,39118],[24,-15],[-46,-19],[-99,51],[-120,0],[156,47],[43,-51],[42,-13]],[[17247,39373],[19,-20],[-93,-2],[-43,29],[68,12],[49,-19]],[[14798,39490],[8,-13],[-19,-62],[-87,-21],[-17,7],[13,41],[-28,36],[39,35],[91,-23]],[[15262,39522],[11,-10],[-11,-30],[-112,-49],[-68,-9],[-62,41],[95,16],[-37,16],[98,41],[86,-16]],[[15044,39621],[110,24],[11,-29],[-3,-19],[-57,-16],[-66,29],[5,11]],[[14983,39638],[-30,-39],[-162,-6],[100,91],[92,-46]],[[14974,39672],[-85,47],[112,22],[80,-50],[-39,-35],[-68,16]],[[17064,40404],[8,-20],[-324,29],[44,15],[272,-24]],[[17415,40489],[-55,-30],[-252,48],[82,20],[225,-38]],[[16482,40798],[-39,13],[58,33],[100,9],[23,-22],[-142,-33]],[[7838,20059],[36,-33],[-38,4],[-6,21],[8,8]],[[11486,7553],[-60,-262],[264,-146],[5,-24],[-15,-37],[17,-52],[-5,-53],[37,-30],[-62,-86],[48,-116],[-16,-52],[9,-28],[93,-110],[22,154],[101,-71],[168,4],[55,-57],[101,-270],[48,-36],[74,-313],[131,-335],[-38,-67],[-65,-20],[-37,76],[-51,4],[-43,-102],[31,-23],[14,-47],[-10,-24],[71,-18],[49,-72],[41,-5],[132,-148],[33,-65],[-10,-13],[-52,42],[-7,18],[11,18],[-8,8],[-39,-84],[20,-12],[4,-90],[-31,45],[-45,-54],[8,-35],[-10,-23],[-14,64],[-8,8],[3,-49],[-20,42],[15,-72],[-35,51],[15,-41],[-4,-32],[-44,74],[-37,-43],[26,-20],[17,-48],[-32,-63],[42,8],[-4,-51],[21,-74],[-30,-3],[-2,-25],[-13,35],[10,34],[-66,86],[-38,-27],[-31,-73],[-15,1],[21,-17],[-3,-17],[-47,2],[-5,-52],[-24,-21],[9,-56],[-69,42],[-31,-51],[-16,31],[-31,-38],[-16,31],[-10,-65],[7,-18],[-14,-35],[-29,84],[-36,17],[-20,52],[-25,12],[-2,-28],[16,1],[14,-36],[-7,-71],[22,-17],[-3,-63],[-17,11],[-31,97],[-46,29],[30,23],[-51,33],[19,-75],[52,-49],[7,-75],[-18,-4],[-7,45],[-5,-29]],[[11859,4417],[-13,75],[-43,46],[-27,-38],[-175,-70],[64,392],[29,42],[28,98],[-36,14],[-106,-43],[12,165],[-160,47],[45,111],[28,34],[123,5],[-6,138],[35,65],[54,33],[28,75],[-38,110],[-53,4],[-32,120],[-53,30],[-121,393],[4,43],[119,145],[-56,48],[-121,-183],[-39,-8],[-77,66],[-81,144],[-8,66],[-33,18],[-50,160],[-2,53],[14,62],[-10,33],[-68,-38],[-65,97],[-44,6]],[[10925,6975],[-17,66],[-41,22],[-3,52],[-73,38],[2,59],[19,57],[58,51],[10,46],[55,-55],[20,30],[-21,43],[-42,6],[-7,23],[17,26],[42,-14],[116,53],[26,51],[34,20],[84,180],[32,25],[113,-29],[137,-172]],[[12072,4319],[-3,-20],[-13,28],[-18,95],[0,63],[17,18],[17,-184]],[[16074,15291],[1,-95],[28,-57],[-9,-49],[35,-31],[42,-1],[20,35],[50,17],[45,-35],[60,3],[13,23],[60,-34],[34,6],[7,-48],[15,-7],[44,89],[47,15],[58,-56],[13,-39],[39,-14],[55,16],[21,33],[10,67]],[[16762,15129],[66,-42],[49,3],[-7,-77],[-45,-49],[23,-101],[-18,-38],[7,-32],[-21,-37],[68,-26],[-14,-81],[27,-51],[-43,-37],[-1,-23],[14,-12],[69,61],[27,-53],[55,11],[6,-26],[-33,-66],[-38,-33],[-40,12],[-77,-29],[-12,-36],[-6,-84],[-68,-88],[-14,3],[2,64],[-42,12],[-10,-25],[31,-20],[-82,-21],[1,-31],[31,-13],[-25,-59],[-18,-7],[-16,42],[-37,-29],[8,-31],[68,-19],[25,-88],[-83,-76],[-29,3],[-12,70],[-58,-22],[20,57],[-30,28],[9,38],[-5,33],[-31,19],[-67,-60],[22,-30],[-45,-65],[7,-63],[-44,-41],[-17,30],[26,57],[4,72],[-29,94],[37,-3],[40,45],[-49,66],[-151,26],[-66,34],[-40,-8],[-46,-68],[-26,0],[-4,-42],[-13,6],[10,-66],[-44,-75],[20,-85],[26,-48],[-37,-85],[3,-49],[94,-100],[53,-23],[5,-30],[25,6],[0,-39],[71,-56],[-2,-80],[93,-109],[104,124],[63,32],[74,-31],[37,-46],[82,98],[108,65],[71,-21],[78,97],[40,78],[12,58],[34,25],[7,45],[75,-65],[58,11],[-10,-26],[23,-37],[-27,-80],[-17,-104],[-64,-67],[-17,-49],[28,-52],[-9,-60],[-25,-48],[47,-39],[11,-47],[-32,-61],[1,-56],[-23,-5],[-60,64],[-90,-16],[-26,-42],[-46,-157],[-59,-27],[-25,17],[-14,-40],[10,-36],[-17,-38],[1,-66],[-16,-46],[15,-98],[-36,-59],[4,-39],[30,-8],[-14,-48],[-2,-183],[-15,-30],[-3,-80],[30,-23],[6,-135],[39,-2],[13,-38],[-79,-7],[-41,-156],[16,-131],[-26,-80],[9,-35],[29,-24],[11,-47],[-31,-24],[11,-69],[16,-16]],[[16678,11354],[-7,-70],[44,-34],[10,-36],[-35,-31],[-71,2],[-36,-85],[38,-133],[-23,-28],[-5,-112],[-15,-35],[-7,-84],[-14,-22],[-60,3],[-15,-20],[-20,19],[-24,-31],[-45,-3],[-8,37],[-20,19],[-42,-12],[-22,51],[-67,-7],[-45,42],[-11,-5],[3,-39],[-17,-27],[6,-33],[-50,-49],[-40,9],[-13,-78],[-83,-77],[-24,15],[-17,65],[-34,14],[-11,66],[-83,22],[-1,-19],[37,-43],[2,-67],[-46,-33],[-13,13],[5,62],[-20,55],[17,23],[0,26],[-62,54],[4,67],[50,17],[-36,55],[13,93],[-40,9],[14,63],[-85,38],[15,36],[-50,-38],[-6,-37],[-36,-1],[-21,52],[60,98],[51,39],[-3,118],[-22,18],[-14,60],[29,94],[-67,-42],[-38,34],[-26,56],[-28,2],[10,-42],[-49,-92],[-14,3],[-29,-143],[-39,-30],[-25,47],[-21,-25],[-53,23],[-8,25],[6,89],[-16,24],[21,11],[1,58],[-39,-3],[-1,36],[-17,32],[-40,-33],[-29,23],[14,29],[1,56],[17,-4],[11,-41],[29,25],[0,26],[-28,27],[6,23],[23,-1],[-9,56],[-58,21],[-9,-31],[-34,-9],[-16,88],[-23,37],[-46,152],[-15,123],[-40,53],[-82,-35],[-33,27],[2,65],[-21,32],[-92,51],[-36,-32],[-53,46],[-11,61],[-30,35],[-50,140],[-93,89],[-26,139],[-55,164]],[[14399,12984],[-23,182],[6,40],[-29,68],[-5,59],[32,109],[-3,61],[37,48],[43,108],[-11,46],[10,48],[-11,15],[28,79],[-61,-9],[-37,98],[-64,26],[0,37],[-52,49],[3,48],[76,20],[39,56],[74,-10],[2,43],[50,80],[82,60],[15,75],[23,38],[3,50],[73,70],[24,69],[-58,82],[-29,-10],[6,39],[-32,-20],[8,70],[-28,-4],[-21,40],[-52,-21],[-49,41]],[[14468,14864],[16,52],[49,16],[23,65],[71,-10],[47,131],[98,95],[10,47],[-22,41],[14,19]],[[14774,15320],[33,-16],[55,198],[79,-100],[79,-53],[16,-67],[58,24],[29,-27],[22,47],[12,-28],[68,-2],[58,66],[84,39],[50,-5],[21,33],[20,-93],[48,-86],[83,12],[53,88],[58,-5],[12,-23],[-24,-38],[31,-60],[22,-3],[9,-38],[39,0],[14,-53],[61,-71],[51,51],[56,9],[23,26],[-15,12],[30,51],[5,55],[60,28]],[[6665,9868],[73,2],[27,-19],[-6,-26],[18,-13],[28,34],[22,-21],[20,12],[9,41],[31,-33],[31,75],[52,41],[-26,63],[24,46],[111,-58],[51,22],[43,-40],[12,37],[45,-45],[104,109],[39,-2],[45,64],[30,-14],[5,109],[48,-10],[51,55],[36,-13],[36,21],[55,-28],[64,53],[28,-18],[67,21],[-1,-66],[108,-64]],[[7945,10203],[18,-26],[36,8],[35,-87],[-11,-27],[-45,-16],[14,-76],[45,-6],[18,-55],[29,-12],[25,57],[25,19],[46,-38],[11,-137],[-59,-1],[4,-32],[-13,-4],[14,-26],[-8,-49],[29,-6],[-4,-43],[14,-30],[30,-28],[31,6],[0,-41],[67,-39],[-22,-13],[13,-93],[-41,-35],[-4,-39],[40,-85],[-13,-37],[23,-37],[7,-83],[-11,-29],[49,-68],[9,-44],[16,6],[-36,-135],[-3,-67]],[[8323,8755],[-11,14],[-45,-63],[-48,-8],[-36,63],[-70,49],[-10,52],[-71,-17],[-51,27],[-41,88],[-46,-2],[-3,-121],[-70,-41],[-36,104],[-80,76],[-56,120],[1,95],[-51,49],[-27,93],[-55,-17],[-38,-53],[-148,-39],[-108,-121],[-26,16],[1,48],[-54,38],[-60,-24],[-69,141],[-114,3],[-60,-79],[-28,-1],[-26,32],[-12,75],[-49,51],[-21,135],[39,34],[-10,19],[-3,76],[-25,35],[-16,120],[-25,46]],[[5574,12363],[21,-17],[39,24],[21,56],[-7,64],[14,35],[88,128],[29,14],[3,64],[33,21],[-1,41],[-15,28],[9,36],[-8,34],[43,29],[24,1],[-12,-30],[25,8],[17,13],[-13,25],[23,17]],[[5907,12954],[77,10],[42,-45],[26,-89],[17,-21],[28,29],[43,-41],[64,31],[8,-62],[31,-15],[40,-98],[45,-52],[20,-69],[-20,-34],[19,-97],[-15,-42],[40,-1],[34,-36],[145,2],[-2,-103],[40,20]],[[6589,12241],[2,-167],[27,-41],[13,14],[31,-21],[16,-36],[-46,-63],[-30,13],[7,-53],[-77,13],[-7,-45],[-28,2],[-13,-49],[-26,-17],[33,-84],[32,2],[34,-37],[-2,-29],[29,-21],[-23,-42],[-19,-2],[7,-40],[-9,-105],[-37,-17],[-28,-66],[1,-44],[25,-32]],[[6501,11274],[8,-37],[-26,-62],[13,-22],[-18,-33],[-27,-14],[-3,29],[-21,2],[-20,-18],[-6,-35],[20,-31],[-11,-63],[-40,-38],[-29,36],[-58,-74],[-21,-63],[43,-32],[-23,-28],[-5,-49]],[[6277,10742],[-40,55],[-18,-3],[-37,74],[-22,1],[3,41],[-17,58],[1,110],[-121,203],[-39,-4],[-76,-69],[-12,71],[-26,-20],[-101,29],[-116,-127],[-28,21],[-50,-10],[-84,65],[-75,5],[-6,-34],[12,-41],[-16,-28],[-22,-118],[-19,-22],[-58,-41],[-79,-11],[-22,71],[-40,1],[-1,50],[-34,52],[7,50],[-29,14],[-27,47],[17,62],[-10,30],[2,81],[-16,29],[11,13],[-7,16],[29,8],[-63,136],[38,43],[-4,62],[-23,63],[-50,39],[-28,90],[-32,38],[49,75],[7,94],[16,19],[137,-8],[24,-81],[58,-24],[115,9],[6,28],[22,0],[66,80],[24,71],[-11,26],[49,-2],[11,10],[-6,16],[58,11],[0,97]],[[33734,11043],[-4,72],[-50,1],[-5,78],[-36,20],[-29,-31],[13,108],[-20,55],[37,34],[7,50],[31,7],[9,27],[-13,24],[2,42],[57,60],[1,133],[-30,-5],[-7,43],[33,84],[21,7],[98,-73],[18,102]],[[33867,11881],[1,23],[44,60],[6,74],[136,23],[80,73],[-15,56],[11,38],[90,3],[39,33],[8,38],[30,4],[13,-63],[47,-79],[5,-34],[-27,-41],[19,-59],[96,-169],[88,-78],[16,-57],[70,-32],[119,-126],[64,-23],[9,-60],[88,-102],[-6,-52],[29,-7],[71,-86],[-7,-33],[30,-63],[35,-10],[20,45],[36,20],[61,-46],[39,31],[55,-35],[13,-79],[46,-54],[37,-107],[188,-182],[-1,-146],[-11,-55],[29,-48],[-1,-48],[34,-78],[106,41],[48,-19],[54,-60],[-1,-272],[57,39],[25,47],[43,5],[44,60],[118,30],[51,-43],[25,71],[1,61],[-18,45],[9,181],[202,110],[143,133],[124,170],[102,192],[88,221],[792,773],[154,584],[248,648],[14,64],[-157,59],[-48,-4],[32,48],[28,92],[8,184],[-9,27],[28,40],[-25,48],[-5,86],[22,32],[17,76],[-2,64],[-54,69],[7,101],[-19,55],[29,66],[-1,85],[35,18],[35,246],[50,80],[89,-33],[32,62],[-7,28],[-31,-21],[-26,41],[-48,18],[-7,34],[-28,27],[7,54],[-54,105],[-27,-13],[-68,41],[-8,61],[72,170],[-23,51],[8,16],[101,8],[20,49],[17,9],[18,-26],[36,57],[70,-8],[44,67],[54,1],[54,-42],[43,10],[52,87],[-12,41],[11,61],[47,80],[37,5],[64,-51],[45,13],[56,-57],[24,2],[2,-37],[29,-16],[65,44],[55,-40],[45,25],[75,-44],[33,56],[55,30],[-15,55],[21,26],[0,36],[32,87],[53,4],[14,-12],[5,-84],[35,-22],[43,-82],[43,37],[83,-1],[53,-67],[95,-14],[40,66],[47,30],[35,-25],[-20,-74],[21,-101],[54,-35],[9,-35],[201,-67],[62,54],[123,-77],[40,-78],[46,16],[5,20],[-9,24],[37,28],[26,69],[62,11],[64,-38],[26,19],[-1,28],[48,-20],[71,19],[25,57],[3,77],[86,154],[-10,53],[26,82],[121,-27],[132,39],[78,114],[114,-5],[45,-90],[-184,-119],[-40,-69]],[[40867,15931],[-45,-41],[-3,-159],[-20,-44],[-50,-32],[1,-49],[107,-47],[-3,-70],[51,-60],[-4,-30],[-41,3],[-6,-42],[17,-131],[23,-63],[27,-27],[-26,-25],[6,-48],[-12,-31],[15,-57],[42,-72],[-2,-43],[-20,-50],[9,-86],[-9,-67],[29,-30],[-11,-131],[34,-70],[-14,-39],[13,-40],[45,17],[26,-41],[104,35],[35,-69],[4,-84],[69,-82],[69,-43],[22,-90],[-8,-31],[29,-38],[-4,-72],[17,-20],[1,-60],[-26,-35],[8,-54],[-47,-48],[2,-64],[-19,-24],[-4,-38],[-79,-24],[-13,-45],[-135,42],[-239,-98],[-49,-45],[-9,-69],[-133,-120],[-6,-49],[-57,-56],[-2,-39],[-29,-49],[-42,-39],[-39,1],[-69,-43],[-45,-95],[-52,-1],[-22,-54],[-54,-24],[-23,24],[-22,-34],[-47,-13],[0,-63],[-71,-33],[-10,-19],[41,-96],[-1,-35],[-24,-46],[6,-74],[44,-30],[0,-76],[15,-41],[27,15],[2,-27],[18,-19],[45,-13],[-30,-117],[44,25],[40,-34],[-17,-50],[12,-47],[-36,-17],[5,-37],[-11,-39],[10,-55],[-58,-122],[-63,-77],[-89,-55],[-70,-121],[-21,32],[-113,-10],[-142,-140],[-164,10],[-18,-41],[-5,-53],[-37,-46],[-49,42],[-35,-5],[-17,55],[-41,-19],[-26,-61],[-33,-22],[-22,-72],[-36,-38],[-31,-85],[-54,-81],[-230,-133],[-15,-21],[-7,-48],[-67,-61],[7,-71],[-79,-91],[-56,-9],[-52,28],[-14,54],[-145,40],[-178,-169],[-77,-30],[-35,-67],[-14,36],[-37,-23],[-73,142],[-56,-67],[-83,8],[-66,58],[-23,-41],[-31,-128],[-47,-72],[85,-111],[6,-47],[-30,-52],[-69,-14],[-37,-204],[-77,-91],[47,-95],[101,-50],[55,-82],[49,5],[10,-17],[-4,-22],[-26,-41],[-74,5],[-47,-55],[-55,3],[-29,-91],[-26,28],[-34,-11],[-27,-121],[-14,-20],[-31,8],[-21,-51],[-4,-42],[16,-20],[-1,-58],[-23,-67]],[[37479,8864],[-161,9],[-26,34],[-48,-4],[-57,69],[-35,123],[-79,96],[-56,36],[-92,1],[-93,-36],[-71,42],[-7,38],[-23,29],[-87,29],[-60,-7],[-132,55],[-95,-87],[-87,0],[-47,-38],[-50,-4],[-26,-35],[-87,-13],[-89,-132],[-32,-22],[-35,-7],[-108,45],[-50,-55],[-29,2],[-69,60],[-69,5],[-31,100],[-117,6],[-70,73],[-62,24],[-44,106],[-90,61],[-11,87],[23,69],[-48,81],[-6,31],[15,84],[-10,26],[6,41],[-35,120],[-5,144],[25,67],[-51,69],[-233,102],[-75,-26],[-46,66],[-53,12],[-258,201],[-252,23],[-88,133],[-165,54],[-38,61],[-101,64],[-25,67]],[[10830,1514],[-3,22],[47,92],[-19,31],[11,113],[-12,37],[0,80],[14,76],[-21,73],[-30,287],[-88,91]],[[10729,2416],[0,78]],[[10729,2494],[52,10],[16,33],[2,55],[31,23],[2,96],[-11,35],[9,40],[54,-3],[7,-66],[95,-3],[4,116],[24,21]],[[11014,2851],[93,-64],[44,27],[91,-45],[1,-30],[-14,-24],[18,-61],[13,39],[48,-11],[16,40],[3,56],[29,14],[15,42],[30,2],[18,-39],[-3,-81],[56,-9],[14,-49],[24,-9],[-7,-31],[-32,-12],[-42,-98],[-18,-69],[-2,-67],[-47,-107],[17,-50],[-3,-30],[28,-50],[-8,-90],[17,-36],[-19,-68],[16,-40],[40,5],[1,-29],[-21,-44],[21,-67],[-61,-69],[-25,32],[-20,-33],[-39,33],[-32,-67],[21,-60],[-3,-56],[-49,-33],[-15,-99],[-19,27],[-8,-45],[-51,-84],[-38,-21]],[[11112,1291],[-51,60],[-126,0],[-59,146],[-26,28],[-20,-11]],[[18592,13102],[-88,12],[2,-65],[-18,-25],[-116,10],[-78,-24],[-33,-45],[15,-58],[-23,-40],[5,-47],[-8,-12],[-58,71],[4,33],[19,18],[1,22],[-14,13],[-174,-10],[0,-86],[-63,11],[-27,58],[-21,-19],[-52,11],[-16,-45],[-13,45],[-31,11],[-26,53],[-34,7],[-61,-45],[15,-76],[-8,-36],[-28,43],[-63,-8],[-11,-26],[3,-34],[45,-7],[50,-57],[-1,-22],[-39,-86],[-24,-9],[-4,-50],[-15,-18],[-43,21],[-11,-24],[171,-92],[34,41],[60,6],[22,-84],[-60,-70],[-53,68],[-23,0],[-41,-132],[10,-74],[93,-38],[57,-54],[55,35],[51,-74],[122,-45],[28,-61],[-9,-73],[-58,-58],[-59,44],[-91,-31],[-67,74],[-42,-37],[-68,29],[-92,-43],[36,-49],[-97,-152],[-57,-37],[-10,-64],[22,-46],[34,1],[5,-106],[51,-34],[11,-88],[33,-67],[-110,-116],[-46,-77],[-71,8],[-67,-63],[-62,-98],[-73,0]],[[17189,10910],[-16,51],[-32,22],[-2,36],[21,76],[28,14],[52,89],[4,94],[-10,59],[-85,0],[-28,56],[-26,12],[-53,-69],[-8,6],[4,23],[-49,-1],[-19,-22],[-45,59],[-58,2],[-11,-8],[-16,-171],[-15,-40],[-83,95],[-1,59],[-42,23],[-21,-21]],[[16762,15129],[-10,46],[56,-9],[13,50],[-21,58],[40,41],[59,-36],[150,-12],[-17,-54],[54,-20],[56,32],[119,-57],[49,31],[88,-1],[27,-24],[57,25],[81,-51],[69,11],[38,30],[-33,98],[28,51],[50,-45],[50,36],[65,-70],[44,22],[39,-39],[5,-33],[45,-30],[0,-33],[94,-53]],[[18057,15093],[23,-6],[-7,-48],[46,-55],[-2,-83],[17,-12],[19,48],[12,-22],[7,-53],[-31,-15],[-2,-57],[66,-13],[41,-84],[-1,-71],[15,-28],[-39,-72],[25,-5],[30,-55],[-58,-33],[15,-35],[-9,-18],[-37,11],[-34,-33],[-39,40],[-16,-41],[31,-29],[0,-27],[-85,-42],[-2,-37],[81,-54],[-16,-56],[13,-29],[21,1],[-4,-40],[-25,-31],[-1,-64],[-38,50],[-59,-26],[4,-88],[45,-55],[16,-65],[-36,-41],[-8,-53],[29,-18],[7,-51],[18,-9],[15,35],[38,-29],[46,22],[22,53],[51,3],[9,-23],[-18,-28],[25,-54],[12,36],[40,-34],[87,71],[117,-10],[20,-48],[-5,-43],[26,-22],[5,-49],[-45,-71],[-25,24],[-2,-32],[24,-39],[-29,-17],[4,-46],[-15,-29],[45,-12],[25,-64],[30,11],[1,-92]],[[71505,23864],[55,-26],[30,-40],[-251,-67],[23,76],[50,69],[93,-12]],[[68206,24120],[0,3525]],[[68206,27645],[0,428],[179,-75],[28,13],[-15,27],[11,17],[80,-108],[-12,-3],[2,-28],[16,-16],[202,-60],[153,-162],[-26,0],[-76,85],[11,-134],[280,-117],[21,-75],[18,-16],[-53,-79],[33,-3],[17,40],[107,49],[-285,215],[375,-268],[-46,16],[-15,-4],[3,-21],[-58,-20],[54,-38],[2,-31],[73,52],[53,-2],[70,-46],[-36,12],[17,-72],[61,25],[217,-155],[-68,27],[-28,-59],[107,-85],[140,7],[-138,102],[261,-153],[-55,1],[-28,-46],[-9,-30],[38,-42],[-10,-8],[-98,-3],[-17,-29],[25,-4],[32,-47],[138,-17],[-13,-41],[80,-19],[18,21],[4,29],[-40,33],[-55,-1],[20,55],[-69,23],[67,41],[13,45],[237,-156],[-20,-24],[10,-29],[21,-32],[-3,-15],[51,-60],[-42,33],[23,-98],[-26,-9],[-7,-32],[-43,-13],[-7,-25],[88,-20],[58,37],[23,51],[-47,57],[64,-55],[6,-46],[47,-17],[21,-62],[-44,-28],[-13,-64],[-7,-176],[49,-99],[39,-23],[-27,-18],[23,-78],[9,-90],[-8,-15],[-2,28],[-22,8],[-39,-55],[-51,-17],[1,-17],[71,-74],[45,8],[112,-69],[17,-58],[-28,-15],[-2,-59],[5,-30],[28,-34],[-21,6],[-11,-65],[47,-2],[21,25],[4,41],[-31,-5],[86,62],[1,48],[-25,-2],[7,28],[81,0],[27,-27],[-12,-40],[22,-66],[-39,-36],[-5,-69],[14,-18],[86,90],[-39,10],[-3,19],[81,34],[-6,28],[12,41],[-51,32],[-10,36],[-124,41],[-14,-14],[-45,33],[142,103],[-2,114],[-37,122],[-2,61],[-90,11],[23,37],[-3,18],[-39,20],[-90,-25],[59,40],[-85,-27],[-26,6],[2,21],[366,12],[42,15],[3,28],[85,-42],[-21,-11],[14,-34],[31,49],[135,-34],[-85,8],[6,-31],[49,-22],[-65,-19],[-5,-78],[17,-26],[-22,-16],[7,-41],[68,2],[24,23],[-60,65],[28,5],[3,55],[34,23],[10,-60],[114,-40],[50,-9],[21,6],[0,31],[48,-18],[60,30],[-58,45],[-228,46],[21,16],[395,-90],[52,29],[92,-29],[33,-21],[4,-22],[-27,-29],[27,-50],[118,-58],[9,-28],[-24,-30],[11,-40],[214,-166],[125,-159],[77,-37],[-55,-34],[-10,-49],[-49,14],[11,-14],[49,-9],[51,60],[50,5],[51,-42],[20,-56],[-41,-19],[-57,12],[86,-47],[21,30],[69,-19],[-4,21],[-47,22],[39,-9],[104,-54],[28,-63],[-33,-63],[-112,33],[-68,-35],[-156,-136],[-41,-8],[-9,-11],[40,2],[7,-23],[-23,-69],[17,-42],[0,-41],[18,-9],[-20,-53],[-23,-14],[-122,19],[-10,26],[-105,47],[-26,56],[-109,83],[32,-88],[30,-12],[-23,-6],[5,-18],[41,-55],[77,-22],[16,-12],[9,-39],[18,9],[3,-82],[-27,-45],[-52,13],[-38,43],[-130,-12],[-148,-50],[-56,14],[124,25],[-91,17],[-58,52],[-33,-41],[-38,18],[23,36],[-49,42],[21,26],[-8,19],[-242,34],[15,-29],[70,1],[-10,-19],[4,-30],[121,-43],[-3,-55],[33,-62],[-46,5],[17,-39],[53,-14],[72,66],[-29,-63],[-17,-97],[6,-83],[-26,-9],[-54,42],[-86,-28],[-38,28],[-15,-28],[65,-42],[148,11],[16,-40],[-3,-25],[-36,-15],[13,-39],[59,-6],[3,-18],[-59,-92],[-44,-37],[-100,-23],[-87,-88],[-101,17],[-25,-17],[-10,-57],[-35,-17],[45,4],[58,53],[49,-18],[24,-41],[-2,-30],[-123,-74],[85,-11],[-52,-89],[28,3],[36,48],[149,-53],[23,-70],[81,-83],[-71,0],[-86,-37],[-52,30],[0,44],[-44,61],[-29,-10],[-55,-33],[15,-23],[60,15],[21,-16],[-15,-119],[-22,-19],[-33,38],[12,-75],[-77,-24],[-70,48],[-42,-3],[2,81],[24,25],[19,56],[-21,6],[12,70],[-56,96],[27,-110],[-14,-113],[-51,-52],[-56,-12],[-150,81],[-14,31],[-9,86],[-129,117],[26,8],[-9,14],[-68,5],[-79,55],[6,60],[20,33],[-26,82],[-13,2],[-9,-30],[6,-36],[-14,-28],[-74,-9],[-9,58],[-14,6],[-16,-96],[-160,21],[-20,-16],[-19,26],[44,29],[-6,21],[-49,-3],[-5,33],[-119,63],[-6,33],[-33,28],[42,39],[-18,50],[32,60],[-63,113],[8,41],[-19,105],[-58,49],[-396,158],[-115,-70],[-72,-99],[-369,4],[-76,28],[-30,51],[16,39],[0,42],[36,79],[-6,32],[-38,50],[-49,-33],[-3,45],[-24,10],[-90,137],[15,18],[-47,113],[77,-56],[48,19],[7,35],[-13,29],[7,26],[53,1],[27,37],[-14,32],[15,40],[-16,14],[-4,44],[18,41],[-7,25],[22,34],[-6,16],[-27,-31],[-27,8],[-8,-65],[-69,-130],[-84,-9],[-58,85],[-2,28],[17,36],[-35,109],[-14,-15],[11,-111],[-107,55],[14,-48],[23,-13],[51,-102],[-15,-38],[-137,-34],[-50,31],[47,17],[-47,26],[-32,-82],[-26,-158],[26,-128],[19,-39],[113,-108],[76,-45],[-18,-56],[25,-43],[-101,-138],[5,-46],[-15,-20],[-1,-96],[-59,-95],[-32,2],[-39,-52],[-72,-22]],[[60735,28774],[81,5],[62,-28],[169,68],[133,-34],[125,7],[108,80],[176,-155],[168,-53],[185,30],[172,-2],[170,-73],[236,11],[27,-20],[-6,-19],[92,0],[261,202],[70,77],[55,3],[58,-53],[61,-14],[-66,-55],[139,-111],[-6,-83],[-20,-83],[17,-44],[5,-61],[19,-33],[239,-56],[128,-83],[93,-29],[21,-54],[14,-180],[73,-69],[309,52],[116,-81],[-32,45],[-5,19],[11,14],[-44,6],[-4,32],[78,56],[11,-5],[-3,-28],[32,-64],[-6,89],[-14,30],[91,54],[36,63],[30,-29],[47,17],[-57,11],[-20,90],[-34,27],[13,64],[-7,71],[-70,88],[-7,66],[-19,19],[-9,65],[-26,50],[-181,-5],[-8,29],[30,76],[153,77],[-18,40],[5,87],[-16,48],[14,156],[-64,21],[11,21],[376,-61],[289,-81],[310,-13],[28,-18],[4,-35],[26,-25],[160,-86],[-24,-16],[7,-19],[94,14],[26,39],[-96,83],[-38,-32],[5,28],[44,28],[77,7],[103,-63],[-12,-7],[27,-28],[17,1],[-15,21],[19,11],[60,-40],[61,42],[432,-41],[267,36],[-79,-26],[199,-87],[62,12],[6,40],[-25,38],[-108,2],[-27,25],[147,8],[62,-76],[4,-17],[-17,-2],[0,-25],[111,-21],[98,-80],[182,-59],[83,1],[139,-67],[-32,-7],[257,-102],[37,19],[-10,18],[10,8],[28,-1],[173,-72],[126,-85],[-73,-10],[-25,44],[-77,15],[-1,-63],[23,-30],[153,10],[101,-40],[277,-265],[-47,15],[-127,104],[43,-49],[18,-49],[35,-28],[96,-8],[0,-426]],[[68206,24120],[-94,-52],[-28,-66],[-100,-131],[-131,-31],[-259,-203],[-32,19],[99,38],[16,35],[-38,17],[-191,-42],[24,12],[-14,19],[-112,-17],[-22,36],[-128,13],[-10,6],[17,22],[-64,41],[-1,32],[-42,16],[43,14],[-25,80],[-82,17],[-30,83],[-99,55],[-139,-51],[-81,59],[-16,0],[6,-26],[-10,-10],[-28,1],[59,-14],[43,-41],[176,46],[14,-37],[97,-97],[11,-30],[-9,-21],[32,-41],[-111,-51],[-65,70],[-111,26],[-38,-45],[-43,-12],[-16,49],[-89,69],[-33,-3],[-28,38],[-38,-38],[-37,-81],[-65,-52],[-65,19],[-116,-37],[-106,2],[-123,-90],[-132,4],[33,-22],[108,10],[142,85],[73,-14],[133,39],[51,-15],[91,74],[34,68],[33,4],[54,-46],[46,-107],[45,-59],[-118,-83],[-13,-37],[0,-49],[3,28],[37,51],[68,14],[38,59],[53,-19],[45,-47],[23,-56],[103,141],[78,15],[72,56],[65,-14],[-15,-117],[-40,-105],[39,-129],[153,-168],[79,-44],[79,-5],[-47,49],[61,50],[28,51],[-28,74],[-14,-16],[7,29],[9,-11],[76,-188],[17,-79],[63,-131],[-45,36],[-35,-36],[-8,-35],[47,-14],[-47,-14],[109,-27],[9,17],[-7,38],[23,-104],[-3,-42],[29,-235],[-64,54],[-8,-5],[25,-44],[36,-20],[-39,-21],[-22,45],[-25,11],[-10,-7],[11,-5],[-2,-18],[-24,-18],[-5,28],[-44,7],[-41,-49],[4,-17],[44,-43],[58,57],[86,-9],[10,-57],[-6,-37],[-53,-66],[44,-26],[59,50],[-36,104],[10,58],[16,-106],[81,-171],[-67,84],[-17,-15],[1,-40],[137,-113],[43,1],[74,-99],[4,-74],[-61,-24],[-11,-19],[1,-41],[28,-79],[83,-34],[42,-169],[-22,-48],[2,-34],[-55,-8],[-21,-97],[-100,-25],[-14,-24],[14,-55],[1,-77],[-33,-55],[-58,80],[-190,71],[-183,106],[-320,41],[14,6],[-32,28],[29,73],[-6,59],[47,24],[-2,22],[14,23],[-53,-8],[-35,-75],[6,-20],[-32,-3],[-26,37],[8,50],[-66,74],[-7,-7],[9,-68],[19,-26],[-48,-97],[52,-90],[91,4],[-237,-90],[-11,15],[18,28],[-27,-7],[-28,-49],[20,-14],[-106,-78],[-48,-79],[-275,-127],[-139,-117],[38,48],[-33,-13],[-26,60],[-11,-126],[-177,-98],[-21,-31],[17,28],[-87,41],[54,-100],[-117,-72]],[[65847,20832],[-3,39],[28,18],[-26,42],[-3,35],[10,37],[-51,62],[-5,44],[-46,-23],[-51,12],[8,28],[-12,42],[6,42],[-43,90],[11,42],[24,20],[-6,109],[-88,-7],[-31,53],[3,21],[-50,21],[-36,-19],[-43,19],[-123,-99],[-18,-42],[-37,6],[-30,-27],[-47,19],[-21,-62],[-28,14],[-35,58],[-93,38],[-82,-37],[-36,47],[-66,16],[-79,-54],[-5,-32],[-68,-12],[-90,-58],[-45,12],[-9,33],[-42,-31],[-5,38],[-13,5],[-25,-27],[-54,-5],[20,-48],[-76,-10],[-22,-31],[-44,34],[-137,32],[-68,-29],[-20,49],[-24,8],[-17,74],[-33,33],[21,40],[-44,59],[24,71],[-4,23],[19,23],[-29,16],[-72,-22],[-78,54],[-61,106],[-49,30],[-9,31],[-64,41],[-43,59],[-85,-29],[-197,135],[60,112],[50,3],[-15,49],[39,1],[4,59],[40,28],[137,190],[123,53],[8,61],[37,28],[-20,44],[-2,117],[-75,60],[-13,47],[6,25],[-103,6],[-107,75],[-9,56],[-30,67],[4,37],[-65,30],[-54,104],[-117,29],[-30,-56],[-54,-5],[-90,66],[-43,-10],[-87,138],[-58,16],[-58,131],[-34,-5],[-63,-68],[-85,-18],[-171,68],[-88,9],[-60,-48],[-79,-7],[-22,36],[30,27],[-63,62],[1,43],[-26,33],[-71,19],[-25,-31],[-42,20],[-15,21],[7,26],[-33,43],[-100,-9],[-10,-64],[11,-34],[-3,-46],[-39,-15],[-34,11],[1,38],[-24,39],[-259,164],[-71,-59],[-63,-10],[-150,66],[-74,-114],[-61,6],[-42,-34],[14,-20]],[[61035,23818],[-8,-78],[-32,-39],[-131,6],[-77,87],[-111,-5],[-206,85],[-37,91],[-13,79],[-116,75],[-22,47],[-36,26],[-116,29],[-137,-21],[-71,17],[-43,87],[-89,97],[-17,35],[8,46],[-8,23],[-60,65],[-83,14],[-194,130],[-194,86],[-13,43],[21,29],[-5,83],[27,40],[26,113],[61,105],[1,60],[-13,23],[-167,50],[-57,67],[-48,10]],[[59075,25423],[-71,95],[46,35],[26,82],[45,50],[34,113],[78,61],[-17,84],[-32,52],[7,56],[-42,75],[-100,61],[-49,1],[-79,78],[-130,79],[-33,75],[43,92],[-55,38],[0,33],[-27,32],[21,57],[-9,21],[8,36],[29,54],[50,31],[97,-17],[74,29],[-29,84],[-76,11],[-11,51],[9,32],[50,31],[28,114],[69,43],[90,31],[129,2],[75,48],[188,49],[60,-1],[37,-30],[11,53],[18,16],[488,24],[97,84],[77,28],[129,-39],[199,-19],[88,-44],[61,42],[3,50],[24,50],[-4,56],[60,100],[-16,68],[-32,32],[-6,97],[62,-3],[45,72],[-29,22],[-3,38],[-102,77],[8,44],[-22,23],[4,39],[115,85],[-102,114],[-19,83],[-54,29],[19,47],[-43,77],[29,33],[-17,31],[4,15],[41,22],[-6,37]],[[72848,24874],[38,0],[-35,-62],[-9,24],[6,38]],[[63718,28948],[2,-31],[-16,-55],[-58,-4],[11,-17],[-10,-23],[13,-56],[-32,-73],[-153,-25],[-299,129],[-48,69],[-130,69],[101,126],[117,68],[409,-118],[83,-35],[10,-24]],[[68206,30164],[0,489],[58,2],[-21,17],[75,31],[174,-31],[108,45],[289,-60],[57,-30],[-35,7],[54,-40],[29,7],[60,-37],[-21,-20],[6,-21],[137,-104],[87,-12],[30,-57],[-27,-64],[-55,-57],[-125,-76],[-402,-61],[-198,-74],[8,14],[-76,-2],[-70,46],[-142,27],[0,61]],[[71406,23688],[7,-31],[-26,-18],[-64,8],[-23,25],[12,27],[94,-11]],[[70083,30494],[5,-15],[-23,-13],[-78,61],[96,-33]],[[68206,30164],[0,-61],[-142,-119],[-228,4],[-143,-74],[-73,248],[121,188],[118,67],[161,150],[87,18],[-6,15],[48,15],[-7,19],[64,19],[0,-489]],[[64007,28872],[64,0],[-74,-87],[-63,40],[73,47]],[[12248,14786],[-12,-41],[-67,-89],[-34,-12],[-11,-33],[-17,24],[-26,-66],[5,-25],[14,7],[12,-61],[-50,-38],[-60,-159],[-58,-19],[7,-44],[-6,-57],[37,-3],[14,57],[31,-35],[-9,44],[22,29],[38,-33],[-1,-39],[32,-93],[-7,-53],[-64,-38],[14,-34],[8,20],[25,-28],[-14,-51],[-88,-30],[10,-87],[15,-37],[-20,3],[-18,85],[-4,-75],[-111,29],[-23,35],[-23,-60],[-4,-81],[-54,-76]],[[11751,13622],[-25,-22],[-51,35],[-91,-60],[-20,35],[-54,20],[-100,88]],[[11410,13718],[-20,46],[9,78],[-55,69],[0,76],[-36,33],[-17,-100],[-45,70]],[[11246,13990],[11,23],[-8,73],[15,68],[55,62],[-3,92],[56,51],[15,45],[-61,73],[-53,7],[-26,81],[-35,8],[-23,70],[15,49],[23,6],[-9,35],[44,31],[-2,52],[20,37],[-15,45],[49,110]],[[11314,15008],[80,70],[56,22],[75,-19],[28,54],[113,111],[137,50],[10,-12],[1,-75],[16,-19],[8,-49],[35,-27],[145,-19],[15,-22],[38,-164],[123,-107],[54,-16]],[[11014,2851],[1,175],[-73,12],[-17,-17],[-83,33],[11,53],[116,50],[18,75],[-15,48],[-79,27],[6,55],[14,18],[-4,39],[51,44],[20,-6],[78,153],[16,51],[-12,88],[35,73]],[[11097,3822],[63,25],[247,-65],[144,-127],[9,-46],[38,19],[2,-33]],[[11600,3595],[-24,-56],[-17,10],[-29,-51],[0,-107],[-18,-21],[9,-83],[30,-52],[108,-36],[41,-138],[24,-20],[18,28],[10,-19],[19,-120],[73,-235],[-9,-42],[18,6],[9,-44],[-25,-43],[4,-50],[-26,-84],[-12,15],[17,-111],[19,7],[7,34],[33,317],[22,36],[45,-27],[-42,-110],[-47,-306],[1,-168],[32,38],[7,-35],[-43,-87],[-1,-87],[-12,-27],[3,-80],[101,-156],[12,-206],[60,-79],[53,-167],[44,-70],[54,-177],[34,-73],[35,-167],[71,-62],[11,-31],[-52,-132],[-37,-136],[-71,-87],[-63,-33],[-22,-100],[-21,-6],[-26,-73],[1,-65],[-64,-27],[-52,37],[-31,-24],[-20,41],[-54,13],[-53,58],[-5,100],[-41,138],[-15,18],[-34,-13],[-53,157],[-56,64],[-12,76],[-74,-65],[-18,97],[-98,57],[-30,55],[-53,-9],[-18,36],[-47,3],[-28,80],[-106,100],[-4,23],[50,249]],[[12010,2835],[6,-15],[-44,-56],[-57,34],[16,34],[79,3]],[[10644,1563],[-10,39],[5,105],[95,-47],[40,119],[-10,109],[-48,112],[-58,80],[-13,-15],[8,-29],[-37,32],[-1,154],[-31,5],[10,169],[9,33],[33,13],[-4,-59],[31,6],[7,53],[28,10],[17,-44],[14,8]],[[10830,1514],[-20,-3],[-73,72],[-36,-152],[-21,83],[-36,49]],[[37599,23265],[49,38],[70,-11],[22,50],[44,-14],[31,-51],[-21,-35],[24,-23],[-19,-63],[20,-16],[21,-58],[59,-59],[-18,-70],[33,-47],[-24,-62],[-27,-20],[-22,19],[-54,-15],[-45,34],[-31,-18],[-9,-129],[-64,-58],[7,-51],[186,28],[121,-62],[79,15],[77,-116],[24,-90],[31,11],[11,-20],[1,-83],[30,-35],[-18,-41],[19,-33],[-8,-56],[18,-70],[-9,-24],[8,-9],[-1,-61],[57,-53],[17,-53],[-74,-81],[-5,-74],[-33,-27],[-5,-70],[-52,-7],[8,-47],[20,-47],[45,-19],[28,-48],[30,21],[151,-21],[-7,-57],[22,-14],[22,-56],[-27,-46],[27,-77],[-40,-51],[-36,-106],[-95,-139],[10,-154],[37,-39],[2,-31],[67,-117],[0,-33],[-18,-23],[9,-47],[-24,-107],[123,-55],[46,-116],[56,-7],[33,32],[46,-43],[4,-53],[-22,-45],[-3,-53],[-95,-165],[0,-28],[23,-27],[-9,-75],[-20,-22],[-73,-3],[30,-51],[-1,-34],[-82,-125],[10,-62],[-36,-31],[5,-34],[-27,-28],[-2,-55],[-31,-31],[-16,-111],[12,-65],[17,-24],[-37,-96],[-22,-24],[9,-48],[-62,-103],[-7,-58],[20,-48],[-3,-18],[-109,-176],[34,-53],[-41,-42],[4,-47],[106,-33],[-4,-36],[18,-39],[-6,-25],[42,-38],[6,-91],[43,5],[34,-86],[40,26],[154,-24],[25,46],[62,6],[20,24],[6,47],[19,26],[-5,56],[51,71],[54,-3],[75,-46],[39,29],[35,-50],[52,66],[74,15],[71,-61],[53,67],[76,0],[20,66],[98,163],[22,0],[1,-34],[25,-51],[-24,-51],[13,-30],[-5,-36],[60,26],[83,-16],[2,-40],[-46,-43],[-32,-104],[6,-100],[-8,-99],[24,-58],[48,92],[-25,66],[5,40],[32,-33],[116,119],[23,-16],[73,29],[52,-8],[83,106],[5,78],[-20,44],[77,118],[-6,67],[80,43],[32,77],[78,-2],[2,55],[56,17],[57,126],[111,123],[-20,46],[8,63],[32,33],[34,79],[54,-33],[78,83],[35,115],[63,65],[200,79],[57,-58],[71,-13],[28,-48],[223,-53],[55,-94],[44,-19],[61,-89],[33,-120],[103,-17],[3,-27],[-30,-35],[-50,5],[-22,-50],[69,-93],[-11,-167],[-48,-66],[47,-22],[16,-38],[154,-59],[69,67],[26,-85],[27,-13],[23,13],[19,78],[32,51],[96,27],[22,-14],[27,-80],[149,-104],[4,-81],[37,-42],[-67,-101],[8,-129],[14,-36],[47,-19],[-1,-59],[-22,-16],[-4,-35],[45,-97],[-7,-116],[-22,-74],[-20,-12],[149,-125],[-5,-77],[-20,-48],[24,-69],[-7,-67]],[[42312,17203],[-138,-10],[-65,-38],[-99,91],[-35,89],[-74,33],[-31,-46],[-32,55],[-68,13],[-70,-12],[-5,-23],[-78,-64],[-1,-27],[21,-22],[28,-82],[-8,-39],[-56,11],[-12,-26],[1,-39],[-15,-27],[8,-41],[-12,-26],[1,-66],[17,-24],[-41,-59],[-78,-6],[-18,-37],[37,-69],[-13,-96],[61,-29],[5,-35],[-19,-65],[14,-50],[17,-11],[17,-126],[33,1],[-5,-75],[17,-16],[29,22],[24,61],[84,-29],[-22,-98],[-60,-47],[8,-46],[23,-33],[5,-58],[-10,-47],[-38,-38],[-1,-79],[-26,21],[-22,-50],[-20,4],[0,30],[-27,12],[5,47],[-13,28],[-59,-67],[-25,-73],[-43,9],[-10,-12],[11,-26],[-27,5],[-73,-56],[-26,36],[-71,-3],[-88,91],[-102,-35],[-32,48],[-35,1],[-44,72],[-64,31]],[[33867,11881],[-111,81],[3,31],[29,33],[-54,52],[-32,-25],[-74,31],[-38,-52],[-126,0],[-6,121],[-109,30],[-25,40],[-7,66],[-149,15],[-9,66],[-58,24],[-49,134],[-62,30],[-26,-12],[-103,117],[-67,-23],[-18,-67]],[[32776,12573],[-34,33],[-15,-22],[-27,35],[-127,243],[-63,69],[9,65],[-11,30],[-30,7],[-31,67],[-102,79],[-8,43],[6,55],[22,53],[34,29],[53,-17],[61,175],[60,-31],[55,24],[68,-57],[33,8],[-10,57],[16,85],[-10,39],[57,146],[7,78],[-55,105],[41,56],[-11,21],[21,161],[77,44],[13,28],[-31,113],[-10,117],[15,37],[-44,57],[28,51],[-23,35],[1,34],[82,93],[11,159],[31,13],[29,71],[58,-14],[38,-37],[31,48],[6,48],[60,49],[-5,190],[132,28],[-1,136],[-53,15],[9,47],[-8,32],[12,25],[-13,42],[10,76],[-41,28],[-52,-15],[-30,18],[-8,17],[7,66],[58,61],[-59,12],[-57,84],[249,771],[296,-34],[49,15],[47,-65],[45,-5],[56,51],[39,-11],[101,36],[32,132],[52,72],[9,46],[27,40],[44,-25],[100,18],[15,-23],[0,-96],[22,-95],[62,-63],[-2,-42],[40,-31],[-14,-44],[13,-19],[18,-121],[107,-82],[39,-66],[37,55],[37,-3],[15,44],[-2,63],[-45,50],[-19,63],[35,98],[-15,25],[-1,51],[-14,39],[59,-16],[30,25],[7,39],[37,46],[12,40],[3,39],[-20,30],[1,35],[39,23],[38,78],[99,6],[72,201],[207,99],[33,52],[23,74],[41,17],[38,52],[26,88],[-13,99],[-41,44],[5,59],[-19,71],[14,64],[64,68],[103,11],[17,51],[59,54],[31,-54],[61,20],[44,-29],[2,-27],[-40,-2],[3,-52],[54,-143],[88,-75],[5,-44],[129,-16],[24,-59],[0,-58],[-32,-53],[48,4],[24,36],[74,-14],[33,-45],[40,-10],[1,-38],[27,-64],[26,32],[30,-17],[18,30],[66,19],[25,33],[9,37],[-46,80],[16,49],[64,97],[49,24],[35,63],[68,21],[21,43],[-22,41],[11,48],[-15,64],[-44,49],[22,46],[-12,31],[5,45],[-22,46],[-27,-20],[-56,9],[-49,80],[4,41],[-29,53],[-1,62],[39,53],[51,20],[5,66],[69,24],[81,-37],[48,23],[-25,52],[24,106],[-28,110],[26,127],[-14,33],[-31,-17],[-24,44],[-43,-19],[-141,26],[-50,77],[-45,25],[-14,101],[-26,37],[-7,76],[-14,24],[32,115],[-39,31],[-20,56],[72,52],[-27,55],[18,27],[-3,30],[15,36],[-13,21],[5,17],[37,13],[57,90],[72,6],[-34,138],[-58,30],[71,50],[134,27],[1,44],[40,62],[77,37],[62,80],[48,-23],[29,54],[30,13],[-4,58],[-21,54],[6,35],[131,167],[84,35],[-8,22],[7,28],[-13,19],[29,83],[1,51],[-50,31],[29,49],[35,9],[-22,36],[1,24],[44,-7],[73,99],[-15,75],[54,54],[-124,74],[9,72],[-26,36],[-9,62],[-96,54],[0,45],[-22,16],[8,28],[-26,75],[81,16],[38,39],[-5,34],[14,50],[-27,24],[2,43],[31,58],[100,-23],[24,71],[-94,128],[9,36],[28,5],[38,86],[-24,77],[70,147],[-48,84],[12,62],[64,-11],[90,-90],[25,15],[26,54],[42,-5],[35,-85],[76,-9],[19,21],[13,82],[23,31],[48,17],[26,-22],[40,16],[72,-18],[57,10],[28,41],[-48,190],[-29,20],[-47,-18]],[[10256,16439],[-9,-42],[66,-59],[-27,-5],[-12,-40],[-30,16],[-9,-70],[-57,-2],[6,-36],[-25,-39],[2,-73],[43,-8],[31,-43],[-21,-70],[-44,-53],[-10,-41],[-57,-42],[-87,8],[-24,-29],[-112,-29],[-24,-148],[21,-32],[29,5],[1,-60],[-32,-51],[24,-19],[-2,-43],[-104,8],[1,-38],[-22,-21]],[[9772,15383],[-51,1],[-77,50],[-97,-104],[-43,23],[-12,135],[-9,15],[-137,-54],[-37,15],[-177,-28],[-52,60],[-20,-33],[-12,37],[-22,17],[4,26],[-55,20],[-89,-3],[-20,-65],[-31,5],[-98,-103],[-35,41],[-52,6],[-3,49],[-47,80],[20,41],[3,58],[-12,74],[-99,45],[-60,-59],[-29,6]],[[8423,15738],[-11,21],[3,62],[31,30],[-3,35],[49,49],[-25,60],[130,84],[7,68],[87,41],[56,-12],[20,59],[-13,21],[106,-9]],[[8860,16247],[34,5],[33,43],[196,20],[45,93],[61,-7],[56,45],[49,-9],[21,101],[-18,142],[27,46],[56,-14],[60,-59],[20,-53],[33,-37],[65,-29],[74,23],[26,53],[100,0],[32,67],[21,2],[34,-44],[2,-87],[-14,-44],[19,-33],[-18,-26],[-4,-46],[14,-32],[51,-7],[79,41],[9,90],[-5,72],[17,46],[-9,-80],[9,-28],[-6,-104],[8,-9],[30,22],[13,81],[45,42],[25,66],[42,31],[2,-42],[-18,-42],[71,-74],[9,-33]],[[65847,20832],[-39,6],[8,19],[-11,9],[-29,-35],[-56,-13],[17,16],[-24,28],[-27,-3],[5,-14],[-31,-10],[3,-21],[37,-17],[-128,-132],[-2,43],[-86,63],[-23,-5],[-30,-108],[9,-54],[-6,-34],[-64,-8],[-17,-28],[8,-28],[-10,-27],[-67,-69],[-54,18],[-45,58],[-77,-42],[92,-80],[10,-38],[-26,-36],[-96,57],[43,-50],[-1,-23],[-28,-15],[-23,-57],[-111,37],[-20,-17],[41,-69],[-42,-21],[-40,21],[24,-39],[45,-6],[14,-28],[22,11],[-6,-26],[-44,-43],[-46,2],[-108,87],[64,-74],[17,-53],[-8,-31],[-28,-4],[-29,-81],[-17,-5],[-8,34],[7,48],[-20,17],[-4,-106],[-52,-17],[-34,22],[-35,-37],[-54,-10],[36,-33],[5,-30],[-55,-14],[-38,-41],[23,41],[-31,53],[5,-69],[-12,-17],[-3,-56],[-82,-85],[-53,-3],[-40,-35],[-89,9],[0,-29],[25,-3],[-8,-48],[-31,-23],[-86,23],[27,-17],[16,-46],[-8,-12],[23,-15],[4,-30],[-68,-60],[-43,-310],[-58,-46],[-62,48],[-7,22],[7,30],[-69,41],[-46,123],[6,38],[48,13],[-59,12],[-35,32],[-26,143],[-182,135],[-7,17],[52,0],[-36,54],[-31,8],[-10,-46],[-24,4],[14,-20],[-219,-15],[-51,41],[-107,3],[-188,-86],[-30,42],[-7,-18],[9,-38],[-76,-52],[-48,23],[-7,-42],[-13,-7],[-41,52],[16,-66],[-40,11],[11,-24],[-49,-39],[-32,24],[-17,45],[-22,5],[10,-100],[-64,-29],[15,-42],[-40,-39],[-203,-340],[-49,-53],[-58,-4],[-3,83],[18,58],[13,155],[47,78],[-12,90],[8,45],[-19,66],[34,-4],[16,66],[19,23],[-9,19],[-22,-28],[-29,14],[-102,-45],[-38,-59],[24,-7],[26,48],[17,15],[56,20],[-68,-34],[-36,-59],[-48,-24],[-78,-91],[-90,-33],[-7,40],[0,-62],[-91,-101],[-19,2],[-11,30],[14,42],[-47,-58],[-35,22],[10,-63],[45,12],[9,-53],[26,-41],[-84,-145],[-74,-61],[-23,26],[0,48],[-36,122],[-90,131],[-33,-1],[-15,-35],[-24,13],[7,-53],[14,-11],[-13,-34],[-94,-50],[-4,-40],[35,-49],[-54,21],[-9,33],[69,91],[-41,-6],[-39,45],[-69,-11],[9,22],[-18,13],[-87,-13],[4,-43],[19,-30],[47,17],[-44,-94],[-66,7],[-73,-79],[12,-197],[-30,-45],[-60,-29],[13,1],[-17,-55],[64,-95],[-3,-125],[-29,-50],[-6,12],[23,50],[-65,-8],[-22,-20],[-6,-38],[3,-41],[62,-43],[18,-71],[-41,-47],[-8,13],[13,27],[-5,23],[-42,24],[3,22],[-49,20],[-6,-27],[-26,-2],[36,-82],[47,-45],[-4,-40],[-81,-62],[18,66],[-13,7],[-31,-92],[-60,-14],[16,-27],[31,27],[0,-42],[-162,-179],[-100,-252],[-75,-321],[13,-161],[24,-46],[57,-62],[102,-37],[5,-21],[-48,-76],[71,66],[-13,135],[17,49],[68,34],[133,-134],[92,-24],[47,-106],[-37,-39],[0,-76],[-34,-33],[-37,-102],[-71,-45],[-46,-71],[-10,-92],[4,-111],[31,-95],[-30,-131],[-2,-160],[21,-41],[57,-19],[43,38],[72,-8],[-5,-13],[23,-33],[-18,-65],[17,-61],[-13,-32],[13,-70],[-12,-11],[44,-131],[-7,-45],[12,-97],[-105,-75],[-28,-102],[-98,51],[-78,166],[-35,8],[64,43],[20,77],[79,35],[2,24],[48,40],[25,56],[-41,37],[-13,-4],[-34,-109],[-96,59],[-23,-45],[-50,1],[-41,-57],[-6,-14],[53,-45],[28,-58],[-41,-26],[-3,-26],[-147,-89],[-36,-60],[-7,-24],[15,-23],[-25,-47],[1,-45],[-42,-107],[2,-32],[-36,-92],[-33,-150],[-7,-180],[28,-199],[26,-102],[37,-44],[36,-79],[2,-33],[43,-62],[-19,-38],[9,-65],[-132,-172],[-40,-82],[-37,17],[-138,-36],[-32,28],[-11,53],[-26,27],[-174,-63],[-136,-158],[-78,-131],[-78,-74],[-65,-196],[-24,-186],[9,-104],[-20,-35],[41,-70],[-18,77],[13,6],[11,-28],[17,-75],[-4,-75],[-17,-21],[-40,61],[-15,-20],[10,-15],[-8,-20],[27,-7],[7,-75],[26,-8],[-4,-55],[20,-6],[-25,-64],[23,-55],[5,52],[15,-1],[18,-169],[-41,16],[-13,33],[-68,58],[-4,39],[27,41],[-41,-44],[-41,18],[-66,-28],[-41,-68],[-39,12],[-54,-39],[-68,-59],[-125,-187],[-21,82],[6,22],[-35,68],[-22,7],[-43,-44],[-10,-33],[16,-9],[-7,-65],[40,-14],[-20,35],[10,7],[43,-15],[17,-33],[-18,-21],[10,-22],[-16,-34],[-20,14],[9,-42],[-28,-17],[-2,-20],[44,-46],[-14,-67],[-28,-26],[-33,38],[11,-42],[-9,-24],[41,-23],[-9,-70],[12,-14],[-29,-27],[0,-29],[-17,-20],[52,8],[11,-29],[-29,-34],[24,-45],[-29,-46],[-27,0],[5,-25],[-21,-17],[-1,-20],[17,-23],[-23,-55],[-23,1],[5,-58],[-19,-39],[0,-67],[-66,-118],[-5,-35],[-44,-51],[-43,-136],[-26,-9],[-40,-79],[-65,-18],[-29,-41],[-28,-76],[2,-50],[-53,-32],[-38,-93],[-164,-221],[-88,-156],[-5,19],[44,102],[0,95],[-23,10],[6,109],[-34,63],[-40,21],[-10,33],[-2,112],[-16,42],[8,314],[-26,446],[-29,190],[-38,126],[38,-40],[0,-43],[32,65],[-49,25],[-28,63],[-66,340],[-66,860],[-36,288],[-61,359],[-38,346],[3,63],[-15,64],[-25,393],[58,763],[32,81],[-8,26],[77,444],[52,182],[33,68],[21,14],[-39,-80],[-8,-52],[61,111],[0,29],[108,95],[30,74],[9,88],[56,-61],[124,346],[11,35],[-27,224],[-35,75],[-45,8],[22,44],[76,85],[30,-52],[81,-35],[97,33],[37,74],[13,75],[28,53],[-6,22],[131,-43],[118,43],[48,-73],[-18,73],[-28,13],[181,234],[157,146],[55,94],[36,-40],[-22,41],[3,34],[89,137],[43,19],[-3,20],[52,111],[46,57],[11,76],[-10,54],[31,86],[175,238],[52,29],[47,95],[21,99],[149,66],[82,135],[25,11],[79,109],[23,76],[55,87],[79,58],[104,115],[21,68],[-11,43],[-12,-10],[19,115],[97,86],[17,36],[84,23],[42,61],[52,-10],[55,35],[69,116],[45,19],[33,-25],[10,11],[-9,12],[29,5],[10,23],[56,0],[9,-6],[-22,-71],[9,-7],[34,94],[17,17],[76,38],[36,-14],[22,28],[10,36],[-17,20],[-105,64],[56,58],[-1,46],[21,40],[113,92],[8,66],[33,46],[-32,89],[-45,18],[-30,-40],[-11,31],[49,205],[76,37],[10,104],[-11,57],[20,53],[-7,102],[14,28],[-11,68],[20,38],[-9,40],[9,95],[50,66],[74,26],[16,52],[20,8],[15,39],[85,9],[89,-51],[118,-27],[30,-61],[9,2],[-13,42],[-75,64],[6,21],[224,9],[-230,26],[-146,74],[-72,116],[-64,17],[-31,1],[-28,-30],[-108,-5],[-62,-73],[-61,18],[-123,-57],[-33,31],[-4,-28],[-52,-27],[-7,-14],[8,-42],[-10,-19],[-33,-15],[29,-15],[-3,-33],[31,-10],[29,-48],[-59,-16],[4,-27],[-63,-59],[7,-74],[18,-40],[-20,-34],[38,-14],[-71,-147],[16,-3],[-2,-20],[-35,-99],[156,-95],[-9,-13],[2,-35],[-51,-22],[10,-26],[-28,19],[-23,-14],[-15,-31],[15,-37],[-40,-32],[-21,56],[-25,8],[0,29],[-21,-6],[36,48],[-6,25],[-39,33],[-92,-49],[4,-22],[49,-14],[12,-30],[-112,65]],[[60769,20674],[-17,46],[3,48],[-23,16],[17,61],[-35,32],[-6,40],[-24,36],[15,30],[68,8],[14,54],[-3,67],[-110,34],[-47,61],[36,27],[32,-9],[34,49],[66,2],[13,29],[28,-23],[31,30],[12,39],[5,71],[-9,41],[10,58],[-32,88],[41,69],[12,57],[-59,-2],[-32,53],[-1,49],[-24,37],[-115,73],[1,57],[18,60],[-11,35],[36,52],[90,13],[2,48],[68,5],[21,63],[-28,37],[-6,65],[-22,34],[57,52],[29,1],[38,66],[5,129],[-46,31],[-9,60],[-40,22],[-14,60],[2,39],[38,26],[0,20],[34,-3],[-11,29],[26,38],[-15,73],[-28,7],[1,56],[-19,64],[66,57],[88,-18],[46,140],[87,66],[-26,24],[-21,74],[-50,22],[-27,48],[10,40],[-15,40],[31,38],[12,50],[-52,53]],[[63128,13490],[22,-44],[-259,285],[-22,36],[-5,46],[51,-28],[8,-42],[67,-35],[21,-61],[60,-58],[57,-99]],[[62535,13702],[0,-77],[-69,101],[-1,45],[-61,15],[-32,69],[-36,37],[-48,117],[-1,61],[-47,85],[9,17],[-104,76],[47,12],[35,57],[102,-46],[31,12],[15,-28],[-26,-55],[10,-98],[84,-193],[53,-50],[33,-68],[-6,-34],[12,-55]],[[61703,17965],[-12,-72],[-20,-40],[-96,-1],[-64,-67],[-37,26],[-91,-118],[-46,-17],[-24,-48],[-87,-86],[-41,-115],[-33,92],[84,73],[19,84],[53,121],[1,84],[56,102],[-52,24],[-40,-27],[22,28],[93,9],[134,86],[48,71],[69,57],[10,-6],[0,-51],[15,0],[9,-85],[41,-77],[-11,-47]],[[9676,2063],[21,73],[-3,89],[31,106],[-9,112],[87,71],[9,127]],[[9812,2641],[72,10],[41,68],[69,12],[36,56],[24,-27],[32,-121],[56,63],[119,-27],[25,96],[46,59],[97,-39],[14,-30],[39,-1],[69,74],[-2,-52],[-25,-10],[-25,-47],[-6,-72]],[[10493,2653],[0,-94],[12,-51],[51,-22],[-22,-165],[8,-67],[-17,-18],[-17,25],[-61,-76],[-9,63],[-20,13],[-31,-67],[21,-91],[-26,-66],[-10,11],[6,33],[-17,18],[-32,-17],[-22,57],[-48,-202],[-71,-173],[-46,21],[-31,-74]],[[10111,1711],[-98,57],[-67,100],[1,57],[-73,71],[-66,-3],[-25,-29],[-82,93],[-25,6]],[[8964,2354],[15,104],[-10,31],[14,87],[-6,57],[25,78],[-1,47],[75,59],[-14,74],[-29,63],[23,24],[78,-48],[79,-16],[10,-29],[-4,-48],[20,24],[-1,-43],[19,24],[30,-12],[42,99],[35,26],[29,94],[1,106],[-43,57],[55,87]],[[9406,3299],[75,37],[20,-101],[37,-31],[105,-37],[26,-22],[2,-36],[87,19],[2,-40],[-108,-115],[-5,-45],[41,-125],[46,5],[-5,54],[44,15],[-13,-60],[38,-16],[-16,-32],[22,-23],[8,-105]],[[9676,2063],[-76,-10],[-60,-45],[-53,26],[-145,9],[-70,77],[-14,44],[-43,-2],[-56,47],[-58,-4],[-58,81],[-79,68]],[[8107,5728],[7,-42],[94,-6],[-12,-8],[-3,-82],[-11,-14],[-5,-102],[9,-24],[11,47],[87,-34],[33,18],[4,66],[28,17],[-2,69],[53,6],[34,34],[57,-31],[93,11],[21,-23],[76,-1],[46,-43],[-14,-80],[-22,-20],[0,-76],[68,-18],[11,-71],[21,-17],[1,-40],[-20,-58],[23,-11],[20,-56],[166,1],[12,-49],[66,2],[10,45],[27,16],[-2,-61],[-17,-41],[17,-66],[56,-61],[15,-116]],[[9165,4809],[4,-64],[38,-18],[-12,-52],[21,-17],[-3,-50],[-41,-4],[-4,-56],[-15,-12],[-30,-2],[-14,29],[-74,-19],[-6,-165],[28,-23],[6,-75],[37,-46],[-3,-54],[14,-35],[-4,-77],[114,22],[28,-31],[-3,-107],[48,-118],[80,-16],[1,-66],[-29,-121],[-23,-56],[-45,-19],[-6,-27],[31,-81],[27,-10],[10,-61],[62,-40],[4,-39]],[[8964,2354],[-16,16],[-73,-30],[-134,67],[-39,-25],[-37,-163],[-10,3],[-22,34],[-18,70],[-64,73],[-11,47],[-31,31],[-123,254],[-91,129],[-58,126],[-53,36],[-41,90],[-69,59],[-161,56],[-66,138],[-3,36],[-30,5],[-47,126],[-41,41],[19,-62],[-9,-33],[-129,33],[-54,80],[-33,121],[5,43],[-48,82],[-150,120],[-59,-6],[-49,69],[0,31],[61,3],[99,78],[-6,38],[-68,-29],[-13,63],[8,11],[11,-53],[19,55],[-28,21],[-48,-62],[16,65],[54,53],[131,-109],[-14,-64],[-18,-11],[6,-23],[102,34],[-62,28],[-6,26],[80,2],[14,-21],[59,63],[-6,-36],[41,-2],[3,-19],[-18,-13],[11,-11],[18,45],[7,-21],[36,-7],[-15,34],[25,63],[-18,-13],[-6,69],[18,-7],[-25,34],[6,80],[-28,45],[-5,-22],[17,-20],[-12,-13],[9,-46],[-6,-52],[-9,-38],[-14,14],[3,205],[14,33],[-5,-26],[24,-33],[13,12],[-15,48],[69,85],[47,270],[67,38],[-28,-33],[18,0],[-14,-65],[17,-15],[-34,-115],[16,-17],[53,247],[2,61],[44,15],[74,-102],[49,-2],[6,55],[-8,29],[-109,104],[-12,56],[-78,124],[-46,4],[-1,-19],[17,-14],[-20,-6],[-61,116],[-41,195],[52,-48],[55,-5],[123,116],[18,-57],[63,-29],[48,7],[10,24],[-19,40],[-53,28],[-22,-37],[-4,47],[15,25],[0,42],[23,36],[92,6]],[[29348,15799],[12,-92],[35,-13],[3,-21],[-26,-31],[-4,-39],[-70,-18],[7,-70],[44,-35],[-14,-74],[55,-65],[82,-34],[-4,-34],[64,-10],[0,-93],[25,-13],[1,-50],[35,-13],[31,-66],[-12,-26],[31,-83],[-2,-48],[58,-52],[-28,-29],[-5,-59],[-56,-21],[-29,-51],[-47,-11],[-78,-73],[-83,-106],[-31,-71]],[[29342,14398],[-92,-186],[40,-76],[7,-65],[20,-39],[-1,-67],[26,-46],[27,-9],[-2,-87],[32,19],[6,-78],[-17,-54],[-37,-18],[-9,-140],[-12,-30],[10,-52],[-31,-105],[-66,-30],[70,-53],[8,-54],[121,130],[50,-52],[-4,-45],[22,-30],[53,61],[26,-29],[-5,-46],[19,-26],[-19,-56],[6,-46],[-74,-43],[-16,-42],[36,-112],[63,-14],[-13,-70],[39,-23],[-40,-69],[-63,-28],[-12,-86],[-71,-80],[16,-40],[-5,-69],[-29,-50],[-14,-67],[19,-17],[35,40],[34,-42],[36,-103],[-20,-52],[19,-57],[-19,-57],[-42,-48],[-5,-45],[38,-37],[34,3],[24,-39],[-5,-49],[28,1],[25,-58],[-38,-81],[-44,-24],[1,-29],[29,-47],[1,-34],[-192,-256],[25,-31],[-17,-63],[-63,-36],[-33,-44],[-39,-4]],[[27841,13412],[-56,136],[41,59],[-19,51],[-24,24],[29,26],[28,107],[-24,22],[-20,59],[-39,37],[14,182],[-39,82],[18,49],[4,94],[-102,21],[54,46],[-17,46],[21,40],[-30,131],[-25,4],[-39,50],[34,46],[-19,33],[11,16],[-2,24],[-43,28],[9,65],[-11,22],[30,8],[-16,33],[5,31],[-57,19]],[[27557,15003],[205,126],[19,6],[27,-46],[32,18],[23,75],[52,24],[54,-33],[131,26],[-51,62],[98,65],[-8,38],[32,38],[30,-6],[27,21],[5,31],[45,7],[47,134],[41,2],[36,-79],[57,21],[69,65],[60,-19],[14,-19],[-1,-33],[112,-23],[21,61],[-17,54],[12,21],[92,-62],[51,39],[50,-13],[71,-94],[257,283],[60,-44],[38,50]],[[751,14241],[55,-97],[43,-2],[143,-115],[26,15],[20,-60],[85,37],[79,-13],[45,18],[16,-18],[23,-101],[50,-27],[-1,-21],[31,-25],[10,-54],[-5,-54],[-46,-56],[-19,-155],[0,-117],[37,-98],[-1313,81],[-30,20],[53,70],[71,143],[26,107],[-18,117],[24,76],[165,-18],[50,29],[65,74],[123,236],[28,-12],[-195,-309],[11,-24],[88,7],[41,-37],[98,-10],[59,38],[6,23],[-26,243],[32,3],[4,44],[46,42]],[[20890,14303],[-14,9],[-10,-88],[-27,-31],[-4,-48],[-145,-1],[-37,-24],[13,-16],[-7,-29],[50,-54],[-2,-20],[-29,-14],[-29,-83],[-67,-14],[-54,28],[-28,-18],[-50,-86],[-165,-8],[-42,-63],[-183,-39],[-35,-40],[-108,-8],[-199,-100],[-19,91],[-45,-30],[-35,-72],[-125,27],[-1,-72],[-45,5],[-61,-46],[-8,-68],[14,-107],[-12,-33],[-42,-2],[-46,79],[-29,17],[-81,-70],[-60,52],[-221,-82],[-23,16],[-11,-24],[20,-41],[-8,-27],[-47,-35],[-80,57],[-161,-89]],[[18057,15093],[1,156],[25,3],[51,72],[10,60],[24,48],[89,110],[26,-11],[-5,-44],[14,-26],[37,9],[26,53],[38,-9],[12,35],[47,13],[55,-32],[75,12],[-1,-32],[22,-32],[0,44],[22,67],[69,-20],[11,-48],[60,-17],[13,-33],[34,-18],[82,3],[57,-25],[20,15],[6,28],[-16,42],[6,42],[42,13],[5,37],[17,14],[-20,82],[9,14],[63,8],[25,49],[85,4],[40,29],[31,-23],[-8,-29],[44,-22]],[[19300,15734],[-3,-105],[15,-25],[-9,-102],[-15,-38],[52,-53],[23,-70],[28,-11],[-40,-39],[18,-37],[75,10],[142,-30],[11,-65],[43,-97],[94,-123],[31,12],[41,66],[48,-10],[58,-106],[66,30],[40,61],[23,6],[36,-90],[71,29],[68,-40],[63,10],[1,-63],[63,-164],[61,-24],[99,10],[50,-58],[100,47],[-1,-125],[58,-26],[11,-69],[42,-26],[13,-60],[57,18],[14,-37],[43,-37]],[[48809,7262],[82,37],[81,-45],[58,55],[31,83],[3,85],[-50,32],[-52,-57],[-34,44],[-45,-16],[-1,29],[-31,17],[-40,101],[-48,-21],[-11,-58],[-14,13],[-49,-45],[-78,9],[-41,42],[-23,77],[-191,60],[-63,360],[-30,1],[-30,43],[-55,26],[-37,-10],[-20,114],[-51,-59],[-27,28],[-40,-38],[-42,13],[-11,20],[14,44],[-1,38],[-98,87],[-44,-18],[-6,-45],[10,-28],[-32,-16],[1,-41],[-15,-28],[9,-69],[-80,90],[-82,-40],[-60,-81],[-29,38]],[[47336,14633],[4,71],[-28,72],[-1,81],[26,42],[-3,59],[23,72],[-4,58],[55,78],[12,67],[-14,74],[16,66],[25,58],[52,29],[22,-32],[0,-40],[19,-4],[10,29],[-12,36],[42,64],[52,-49],[-6,-49],[41,7],[-22,56],[9,98],[12,22],[-11,20],[54,70],[-21,122],[-40,35],[-28,75],[-18,0],[-47,91],[19,34],[-77,50],[-11,39],[-35,-34],[-39,102],[35,4],[33,70],[36,-54],[68,-5],[2,39],[37,11],[-14,64],[9,67],[64,85],[-22,28],[3,23],[75,33],[43,-10],[-2,46],[35,33],[-68,149],[-54,34],[16,79],[-26,8],[-56,72],[17,24],[-5,36],[-37,25],[-35,77],[107,13],[14,-41],[42,-10],[85,-106],[37,38],[-53,60],[9,42],[-3,40],[37,56],[36,-9],[6,104],[-16,45],[-1,57],[-19,41],[124,-5],[-19,43],[39,78],[44,45],[-12,26],[14,85],[-21,29],[33,108],[89,-11],[6,58],[21,46],[-24,31],[20,40],[-8,54],[39,-15],[71,109],[38,-3],[14,32],[35,-8],[52,55],[55,19],[19,-14],[0,-39],[9,-10],[75,-8],[104,32],[81,-52],[62,-7],[59,-50],[14,33],[73,31],[23,-19],[-12,-40],[44,-26],[38,25],[103,-36],[39,73],[-6,38],[67,162],[84,110],[59,34],[34,4],[35,-44],[36,-5],[30,-58],[61,-16],[40,23],[22,-40],[168,-40],[87,74],[104,25],[60,97],[49,6],[-8,82],[72,105],[142,13],[21,45],[19,-52],[-6,-58],[66,-7],[38,46],[-31,26],[-12,79],[11,66],[32,60],[-18,67],[11,56],[-23,42],[14,61],[-15,64],[49,76],[5,73],[-36,103],[36,38],[-5,59],[37,23],[15,70],[-39,64],[-27,11],[0,33],[-43,103],[14,74],[56,38],[-23,111],[44,-10],[130,94],[-23,26],[-2,51],[39,75],[9,-33],[36,27],[34,-20],[59,76],[-6,32],[22,23],[69,-14],[64,58],[59,-9],[41,88],[12,83],[119,183],[11,43],[-12,40],[19,64],[56,-6],[22,53],[43,29],[-11,41],[21,31],[-4,151],[23,115],[57,44],[62,-11],[24,68],[-15,48],[24,38],[53,-28],[22,-47],[71,-13],[4,-60],[13,-18],[21,-3],[19,32],[48,-2],[49,-140],[46,-35],[11,-84],[39,-26],[44,-74],[56,9],[2,-20],[-17,-23],[11,-19],[62,-1],[37,64],[35,-5],[2,-31],[39,-47],[-4,-34],[55,-27],[-3,-56],[17,-23],[101,96],[135,-59],[9,61],[41,68],[9,64],[39,19],[17,-59],[47,-34],[34,21],[71,-20],[6,-22],[-12,-11],[10,-20],[-25,-33],[37,-70],[45,37],[4,46],[70,37],[11,-32],[-8,-59],[8,-21],[-19,-57],[11,-65],[29,-31],[94,7],[20,44],[35,12],[11,34],[69,34],[-5,29],[19,15],[-9,27],[14,51],[68,70]],[[53214,21066],[85,17],[89,-97],[59,25],[74,-37],[70,46],[16,52],[31,6],[21,-47],[42,14],[40,-34],[18,-42],[29,1],[50,-45],[61,-81],[4,-56],[30,-34],[8,-41],[53,-57],[0,-114],[20,-49],[-5,-46],[65,-31],[-36,-91],[28,-97],[-3,-121],[-32,-31],[28,-60],[-13,-49],[-71,-1],[-21,-25],[7,-92],[-14,-37],[5,-24],[-14,-18],[12,-36],[-31,-62],[-40,-6],[-64,74],[-42,4],[-12,-38],[-58,-42],[-9,-45],[-56,-8],[-52,-49],[-4,-37],[-43,-58],[9,-49],[45,-33],[-29,-38],[11,-38],[84,-110],[248,74],[36,-85],[-2,-56],[21,5],[14,-25],[28,19],[31,-29],[1,-75],[-14,-39],[36,-28],[20,-56],[94,42],[19,-45],[32,-23],[9,-39],[-15,-36],[19,-54],[-26,-62],[30,-51],[-11,-34],[-13,-185],[-76,-28],[-16,-32]],[[54124,18357],[-71,17],[-11,43],[-31,22],[-77,15],[-51,-60],[0,-165],[19,-25],[-17,-34],[-51,25],[-65,-66],[-32,4],[6,30],[-24,41],[-46,28],[8,52],[44,64],[12,43],[-8,19],[-59,-1],[-4,-50],[-57,70],[-136,-44],[-54,16],[-96,-39],[-102,12],[18,14],[-149,-21],[-37,7],[35,0],[-30,21],[-41,-15],[-161,36],[-174,-106],[-140,63],[-11,-19],[9,-8],[-246,-129],[-136,-103],[-105,-128],[-99,-235],[-85,-149],[-142,-142],[-111,-59],[-105,-149],[-31,-81],[-63,-261],[-10,-88],[-82,-98],[-34,12],[-80,-47],[-43,-61],[-61,-172],[-33,9],[-39,-25],[-25,-37],[-17,-71],[-44,-64],[-95,-24],[-54,-67],[-18,-67],[-16,14],[-24,-19],[-4,-78],[-16,-39],[-34,12],[-8,-26],[-70,-47],[-15,-38],[-11,-96],[9,-42],[-16,9],[2,66],[-40,-20],[5,-23],[-30,-86],[-45,-40],[-13,-77],[-55,-30],[-2,-80],[21,-35],[35,-6],[-14,-42],[-26,27],[-40,-14],[-7,-50],[-59,-29],[-34,-135],[-25,-15],[-22,-75],[-65,-20],[-54,-69],[-23,-104],[-40,16],[-106,-144],[1,-26],[-59,-22],[-58,-112],[-64,-45],[-25,7],[-15,-43],[-42,-15],[-47,-80],[-5,-62],[-62,-108],[-125,-145],[-170,-119],[-121,-199],[-5,-39],[39,-100],[-8,-21],[41,14],[133,-50],[19,-67],[22,-29],[194,51],[139,-26],[55,91],[-2,-48],[10,-23],[60,33],[-4,-22],[30,-35],[-33,-76],[15,-28],[-10,-15],[10,-42],[-35,5],[-9,-23],[6,-49],[29,-50],[-29,-33],[26,-35],[-22,-45],[22,-45],[-19,-80],[5,-17],[-39,-52],[-13,-78],[11,-128],[34,-33],[24,13],[9,41],[49,29],[64,-50],[33,43],[45,187],[-57,8],[-41,103],[142,164],[106,-11],[39,24],[-98,-186],[-9,-53],[-14,5],[4,35],[-10,22],[-55,-28],[-6,-41],[11,-28],[51,-13],[64,-82],[77,-12],[39,24],[-38,-69],[-70,-66],[-19,-108],[-32,-57],[-61,-6],[-54,-65],[4,-34],[46,-38],[248,58],[98,87],[57,67],[35,172],[91,91],[0,-173],[-85,-145],[-15,-78],[-42,-41],[-13,-76],[29,34],[66,-12],[38,51],[54,170],[18,88],[-6,57],[38,141],[-2,90],[-44,-27],[26,83],[9,84],[-44,55],[41,19],[83,-64],[156,-63],[198,115],[15,-18],[-3,-48],[9,-24],[29,-28],[14,13],[1,-25],[35,-53],[101,-67],[-2,-56],[41,-31],[-34,-81],[2,-22],[43,-79],[70,-64],[8,-56],[17,-33],[220,-166],[-63,14],[-8,-53],[27,13],[100,-134],[76,-13],[-4,-48],[-18,-35],[29,-3],[3,-70],[-24,-26],[-11,-32],[6,-18],[-47,14],[-29,-38],[32,-14],[-30,-49],[-25,0],[-101,90],[-14,42],[-65,-7],[96,-81],[14,-87],[33,-21],[16,-41],[76,-32],[-25,-75],[29,-43],[20,-77],[-35,-134],[-50,-78],[5,-26],[24,-73],[92,-127],[59,-5],[7,-59],[-24,12],[-42,-34],[-39,-104],[2,-34],[44,-49],[3,-30],[-62,-46],[-34,-57],[-38,-146],[-52,-20],[-35,-44],[-2,-123],[-33,-14],[-10,-26],[8,-38],[33,12],[-9,-57],[-80,-60],[11,-52],[-23,-38],[9,-25],[-6,-58],[18,-69],[-3,-52],[-15,-14],[3,-60],[-31,-20],[-24,-52],[0,-73],[-33,-96],[21,-94],[-13,-10],[-18,-78],[31,-85],[13,-102],[-13,-50],[9,-60],[-6,-85],[33,-77],[37,28],[2,-23],[-89,-106],[-15,-85],[-13,-17],[18,-69],[32,-29],[-11,-87],[22,-117],[-45,-156],[-8,-128],[-42,-7],[23,-12],[-19,-47],[2,-31],[11,8],[-8,-111],[-27,-8],[21,-42],[-53,-33],[19,-2],[-6,-36],[14,-11],[33,56],[16,-29],[-19,-83],[-42,-63],[-17,-81],[-9,-188],[-9,-13],[9,-39],[-7,-69],[-44,-64],[-16,-71],[-36,-23],[-78,-119],[-49,-120],[-111,-166],[-55,-118],[-24,-125],[-65,-187],[-11,-90]],[[50782,6260],[-19,-1],[-53,78],[-54,-29],[-76,40],[30,34],[-13,33],[22,63],[-11,23],[-36,7],[-9,29],[42,63],[88,44],[4,92],[-105,163],[20,100],[41,15],[-7,53],[-70,1],[-2,74],[-24,29],[11,64],[-9,52],[-77,39],[-53,-61],[5,-40],[-11,-22],[-73,-26],[-46,-77],[-68,-13],[-63,20],[-60,-30],[-52,-109],[4,-37],[33,-38],[7,-39],[40,-15],[40,-65],[-6,-33],[-32,-9],[-28,-39],[-5,-37],[71,2],[77,-88],[46,28],[66,-49],[-33,-79],[40,-15],[8,-67],[-37,-68],[-34,-13],[-44,-83],[-90,-51],[-20,-54],[-44,-52],[-39,0],[-42,83],[-25,-33],[-59,47],[-49,-140],[-7,-95],[19,-47],[-43,-78],[-21,2],[-42,-100],[-52,-54],[-66,23],[-34,-46],[-46,0],[-83,87],[-54,-62],[-45,27],[-16,61],[-35,27],[13,45],[-55,-11],[-23,25],[-57,-51],[-26,5],[-6,23],[34,81],[-4,21],[-51,58],[2,47],[-93,51],[-26,-31],[-13,-48],[-63,38],[-75,-49],[-41,-76],[-17,-74],[-39,-10],[-15,-88],[25,-85],[-21,-97],[-179,-43]],[[48644,5500],[18,117],[-10,67],[19,88],[3,75],[23,91],[31,14],[13,33],[-31,142],[13,70],[55,94],[73,10],[30,41],[54,118],[4,62],[34,62],[-1,31],[-40,84],[-8,63],[-30,40],[6,18],[-18,66],[12,52],[41,76],[2,85],[13,44],[-46,22],[-29,73],[-30,-18],[-36,42]],[[50270,13400],[4,34],[37,18],[1,-45],[-31,-27],[-12,-53],[-45,-18],[1,25],[45,66]],[[50185,13514],[12,-89],[-18,-42],[14,-41],[-31,-4],[-9,18],[10,35],[-10,68],[32,55]],[[49993,14069],[4,-27],[-49,-94],[10,-46],[-6,-22],[-56,-10],[-20,38],[-63,-30],[5,-38],[-9,-8],[-29,22],[13,58],[46,54],[101,89],[18,-21],[14,36],[21,-1]],[[50365,14007],[59,-1],[12,-21],[-43,-31],[-43,-74],[-10,-137],[-46,-38],[-68,-137],[-31,38],[-68,220],[-111,-103],[21,122],[49,109],[30,21],[14,94],[32,76],[30,-3],[27,-41],[36,-14],[70,9],[15,-48],[-44,-97],[69,56]],[[16957,21012],[-35,140],[45,177],[40,70],[-5,50],[23,86],[-57,37],[-48,172],[0,28],[24,32],[9,131],[-22,38],[-59,21],[-26,108],[29,52],[-13,77],[31,87],[-20,52],[26,27],[-13,35],[44,92],[31,122],[8,166],[23,60],[2,94],[84,73],[37,133],[-3,21],[-49,1],[-62,81],[-2,49],[21,55],[-11,119],[-53,33],[56,137],[38,46],[-27,52],[5,59],[42,82],[59,43],[110,165],[116,-12],[10,-46],[66,-71],[6,-39],[13,-7],[70,154],[72,4],[55,114],[57,32],[6,39],[32,52],[-33,37],[65,73],[75,159],[46,31],[77,121],[62,18]],[[18034,24774],[111,-95],[20,-83],[36,-26],[-16,-67],[46,-100],[143,-59],[-7,-242],[-52,-162],[56,-56],[6,-31],[-16,-20],[8,-51],[-90,-96],[-25,-86],[65,-62],[62,5],[28,-22],[26,27],[118,20],[61,-60],[33,-4],[20,-85],[-39,-48],[71,-56],[130,12],[7,31],[48,43],[196,2],[53,78],[68,-10],[99,39],[77,-20],[95,127],[206,-3],[58,26],[190,-83],[91,46],[109,-72],[1,-44],[-22,-66],[-39,-52],[10,-102],[149,-63],[-2,-38],[39,-9],[10,-36],[50,16],[24,-29],[11,20],[85,-9],[55,-47],[50,84],[107,61],[12,32],[93,89],[194,-74],[3,47],[43,61],[-56,108],[67,36],[43,-17],[41,17],[70,-82],[134,10],[56,-60],[74,-25],[131,28],[71,-93],[84,-15],[42,-44],[8,-43],[-6,-37],[-92,-113],[30,-61],[4,-39],[74,-83],[47,-135],[198,-13],[69,-86],[24,-409],[84,34],[78,-17],[73,99],[211,-20],[75,61],[32,54],[83,43],[77,-122],[36,-110],[59,-22],[312,-13],[113,-130],[173,-11],[191,76],[98,-18],[114,22],[161,-94],[24,-70],[167,91],[58,-48],[85,-17],[56,-185],[72,-82],[239,-155],[33,-80],[26,-17],[150,108],[176,47],[436,-11],[36,98],[5,92],[73,38],[94,100],[104,73],[13,83],[226,33],[26,-145],[62,-88],[8,-60],[111,-53],[14,-39],[64,-46],[23,3],[100,109],[39,10],[64,-40],[184,-16],[-3,-75],[7,-10],[107,-76],[10,-66],[106,-70],[106,65],[25,-20],[84,59],[66,-80],[32,-88],[93,-20],[19,-51],[3,-51],[45,-37],[17,-62]],[[27567,21199],[50,-181],[-12,-70],[50,-58],[20,-63],[132,-25],[68,-77],[48,-27],[44,19],[44,-74],[103,-53],[56,20],[47,-51],[4,-37],[-10,-44],[-76,-21],[-54,-57],[-1,-30],[26,-52],[-13,-17],[-446,-292],[-155,-146]],[[27492,19863],[-115,-29],[-206,223],[-153,-20],[-313,-308],[-12,-112],[-91,-87],[-143,120],[-141,-29],[-152,21],[-34,44],[-14,75],[-129,43],[-43,-29],[-83,-4],[-103,-101],[-141,28],[-150,-6],[-54,-24],[-38,59],[11,81],[-53,37],[-90,-13],[-29,-37],[-43,-8],[-50,49],[-91,-52],[-150,25],[-85,-55],[-93,78],[-125,-14],[-129,42],[-16,-128],[-31,10],[-10,-26],[0,-62],[27,-21],[5,-70],[-14,-32],[-88,-56],[-23,-95],[-1,-31],[29,-17],[13,-64],[-29,-95],[-37,-60],[27,-48],[-7,-311],[-36,-66],[-4,-108],[-88,-41],[-114,-2],[-75,-122],[-43,4],[-32,-133],[-81,-57],[25,-200],[-19,-58],[-115,-199],[-90,-109],[0,-28]],[[23623,17635],[-64,68],[-47,-21],[-66,52],[-274,-9],[-51,68],[-48,18],[-47,-15],[-53,45],[-80,-37],[-175,46],[26,90],[-61,66],[11,83],[-21,45],[-27,14],[-92,-52],[-52,49],[-34,72],[-3,78],[-179,259],[-57,13],[-45,76],[-204,153],[-46,111],[-29,-10],[-57,-81],[-80,44],[-170,-46],[-64,23],[-40,61],[-229,5],[-19,13],[-15,67],[-98,5],[-73,-45],[-26,-48],[86,-78],[9,-38],[-192,-163],[-116,-47],[-91,-295],[-69,-41],[-193,-30],[-75,-121],[-128,-73],[-82,-96],[-45,50],[-79,-43],[-8,-26],[10,-208],[-19,-31],[-153,-82],[-54,26],[-135,0]],[[19700,17599],[-113,49],[-122,259],[-78,299],[-43,22],[-25,91],[-304,85],[-126,-16],[-79,68],[-10,28],[-10,304],[-41,204],[-23,56],[-3,75],[-16,30],[-87,14],[-84,65],[9,70],[-55,161],[-89,182],[-51,222],[7,58],[35,85],[-102,212],[-85,95],[-207,100],[-14,30],[-312,252],[-313,65],[-159,-27],[-33,36],[2,148],[-87,50],[-54,-16],[-71,57]],[[12954,15587],[13,172],[-15,4],[-2,42],[-19,26],[-117,36],[-7,37],[14,34],[-15,29],[-7,74],[-76,1],[-43,-22],[-7,-26],[-63,23],[-15,78],[-35,35],[29,133],[-12,39],[-73,-54],[-2,-43],[16,-23],[-39,-127],[-46,8],[6,27],[-13,40],[-30,12],[-51,-18],[-30,18],[-57,-46],[-57,39],[-45,-45],[21,-21],[-33,-26],[15,-46],[-30,-29],[-59,13],[-8,-33],[-18,26],[-7,-24],[-36,23],[-21,53],[-20,-3],[11,-41],[-62,-41],[-43,-74],[-6,-47],[-30,24],[-115,-62],[-13,20],[16,13],[-7,63],[-90,36],[-89,-9],[-10,7],[12,10],[-7,12]],[[11527,15934],[15,12],[-16,35],[22,23],[-13,166],[42,0],[5,30],[-16,13],[-11,48],[-37,31],[-6,31],[30,35],[-22,7],[1,26],[41,44],[-21,60],[122,-27],[96,75],[89,-41],[27,89],[-2,84],[18,45],[-2,59],[19,36],[64,38],[1,37],[-26,46],[-107,30],[-42,38],[-355,11],[-32,-17],[-43,56]],[[11368,17054],[-12,42],[21,73],[21,25],[1,96],[28,30],[-30,16],[74,77],[4,21],[-18,32],[18,79],[173,60],[3,73],[42,77],[49,-19],[40,48],[-14,26],[7,91],[65,8],[7,-35],[57,20],[-22,93],[9,62],[-49,66],[-6,40],[-24,-14],[-62,70],[5,137],[-83,23],[24,235]],[[11696,18606],[10,88],[-10,55],[-76,37],[-5,29],[48,302],[-54,8],[-33,-52],[-99,-5],[-39,37],[-56,11],[-10,94],[-22,39],[54,24],[137,-10],[26,62],[5,70],[23,84],[-6,38],[80,63],[-12,65],[-27,21],[53,160],[-17,35]],[[12251,19861],[51,-258],[0,-34],[-22,-40],[11,-45],[42,-45],[-27,-21],[58,-12],[30,-42],[-27,-58],[-99,-119],[21,-476],[240,-56],[-13,-173],[41,20],[67,-42],[29,-51],[73,-21],[-11,-150],[33,-28],[46,-10],[42,24],[13,247],[-15,36],[24,142],[86,31],[-38,60],[10,28],[108,-16],[21,55],[43,30],[180,23],[113,200],[98,-33],[49,-85],[42,2],[120,171],[42,130],[40,55],[28,19],[101,-76]],[[13901,19243],[66,-42],[385,-34],[42,39],[64,-63],[42,-143],[-36,-249],[-13,-47],[-72,-24],[-29,-185],[-63,-139],[9,-66],[46,-114],[29,-36],[133,-57],[-10,29],[26,19],[52,-49],[-15,-60],[-34,-16],[-15,-80],[19,-82],[64,-75],[-64,-67],[-10,-26],[2,-42],[-20,-36],[34,-175]],[[14533,17423],[-122,10],[-75,-62],[-67,68],[-14,82],[-27,5],[-62,-8],[-22,-125],[-230,40],[-69,40],[-83,-26],[-75,-104],[-2,-81],[-50,-116],[17,-30],[33,-10],[13,-42],[-11,-49],[40,-58],[-20,-74],[-2,-54],[35,-28],[2,-66],[-23,-35],[-5,-86],[-45,-64],[-5,-33],[-50,-9],[-13,-94],[-26,29],[-57,8],[-86,-24],[-25,-78],[-9,-73],[3,-45],[30,-58],[-3,-42],[24,-20],[-11,-32],[5,-43],[41,-66],[0,-56],[92,-64],[-38,-95],[-22,-22],[-9,-88],[-78,-13],[-10,-106],[10,-33],[-25,-30],[28,-61],[38,-4],[12,-107],[41,-40],[-18,-56],[37,-18],[-14,-33],[3,-40]],[[13534,15104],[-43,-26],[-9,-46],[-38,27],[-13,41],[-49,-12],[-53,77],[-48,36],[29,56],[-25,95],[-35,14],[5,-46],[-21,-28],[-63,28],[18,42],[-33,21],[-40,130],[15,64],[-29,-20],[-5,38],[-25,39],[-18,5],[6,-21],[-10,-13],[-44,17],[-15,-41],[-37,6]],[[29342,14398],[35,-35],[29,-68],[27,4],[54,-59],[7,-105],[43,-54],[-13,-48],[47,-8],[23,-87],[62,10],[19,-27],[14,13],[9,53],[51,20],[39,-56],[105,84],[95,19],[8,32],[21,15],[17,-47],[-3,-39],[88,-51],[20,-89],[-15,-34],[4,-24],[97,35],[16,-34],[-3,-41],[53,8],[32,-48],[-26,-166],[129,-140],[40,-216],[90,-220],[1,-92],[-19,-73],[-40,-78],[2,-59],[52,-153],[6,-93],[117,-68],[44,-96],[-3,-64],[-77,-131],[-131,-82],[24,-132],[-5,-80],[-65,-122],[-87,-88],[-18,-59],[-41,-25],[-85,-120],[-95,-277]],[[30136,11103],[-54,8],[-56,-55],[-37,-2],[-5,-92],[-39,-69],[13,-137],[21,-84],[-30,-22],[-30,26],[-100,-181],[-64,-29],[-68,53],[-36,-12],[-33,-46],[-18,20],[7,78],[-11,13],[-62,-31],[-12,-28],[-126,-41]],[[11859,4417],[18,-59],[-16,-27],[-2,-51],[-49,-19],[33,-20],[-32,-92],[-2,-98],[-35,-16],[-41,-219],[-15,-3],[-8,-39],[-20,28],[5,-88],[-14,-85],[-23,58],[-9,80],[-8,-29],[8,-76],[-18,-53],[-31,-14]],[[11097,3822],[3,38],[-53,146],[-361,342],[-135,30],[-91,84],[-27,49],[-27,139],[-86,151],[-206,71],[-56,88],[-115,78],[-32,62],[-34,-39],[7,-28],[-8,-19],[-40,-58],[-29,-10],[-66,-100],[-84,-14],[3,151],[-63,-27],[-9,-140],[-19,-32],[-32,37],[-138,31]],[[9399,4852],[1,45],[-25,66],[2,73],[33,35],[19,-43],[32,-15],[24,30],[21,105],[103,29],[-14,69],[-36,32],[-23,127],[57,36],[103,-54],[15,-43],[70,-76],[71,-19],[64,47],[182,-266],[80,-8],[32,34],[65,212],[30,-44],[8,-73],[45,48],[-21,77],[4,114],[-47,61],[25,41],[23,94],[61,106],[38,6],[43,68],[27,212],[3,369],[-35,33],[-5,66],[-51,-32],[-1,-125],[-61,-25],[-20,-128],[-56,19],[2,86],[-29,107]],[[10258,6348],[-42,95],[31,114],[58,74],[56,10],[25,50],[-6,49],[17,36],[140,-32],[3,55],[30,61],[0,56],[-58,25],[-14,151],[6,45],[95,-53],[5,-138],[10,-12],[36,34],[48,-32],[27,13],[47,73],[-3,42],[9,23],[74,-95],[73,-17]],[[6974,12552],[-42,26],[-59,-125],[-56,26],[-47,-66],[-5,-35],[-29,-5],[-40,-158],[-32,38],[-39,-52],[-36,40]],[[5907,12954],[-32,33],[22,43],[30,8],[-9,14],[39,70],[0,55],[-13,18],[19,7],[22,60],[-28,53],[24,76],[-16,28],[38,84],[85,13],[77,-22],[93,-122],[24,-6],[14,27],[-12,49],[21,13],[27,121],[-7,27],[-32,22],[105,-18],[72,50],[42,63],[-31,44],[7,67],[53,-2],[31,76],[33,8],[-6,48],[48,52],[18,43],[8,83],[29,50]],[[6702,14189],[44,-18],[42,43],[-2,27],[59,4],[64,-56],[78,-16],[42,-38],[76,40],[18,36],[-3,37],[87,23],[11,-5],[3,-41],[69,-19],[14,-66],[36,9],[15,30]],[[7355,14179],[75,-130],[16,-110]],[[7446,13939],[34,-93],[-5,-32],[30,-32]],[[7505,13782],[-32,-119],[12,-7],[-1,-24],[-58,-153],[-22,43],[-92,32],[-1,-53],[16,-36],[5,-55],[26,-9],[22,-55],[-14,-44],[7,-32],[-9,-36],[-82,-15],[3,29],[-11,10],[-108,-29],[-1,-33],[-22,-45],[-69,24],[-20,-77],[-45,42],[-29,-15],[38,-50],[-16,-16],[5,-21],[37,8],[18,-38],[-41,-43],[-4,-67],[-35,-21],[-17,-24],[-8,-57],[-25,-10],[23,-28],[-14,-36],[11,-62],[43,-21],[-29,-51],[8,-36]],[[16957,21012],[-62,-150],[0,-42],[22,-46],[-18,-76]],[[16899,20698],[-86,-51],[-56,-83],[-36,6],[-51,-47],[-683,2],[-50,-23],[-175,35],[-32,-27],[-26,-65],[-63,-12],[-29,-87],[6,-50],[-21,-75],[-194,39],[-49,-162],[-182,33],[-38,-112],[-58,-1],[-35,-147],[-479,118],[-21,-132],[-191,44],[-6,17],[13,120],[-210,66],[-37,-147],[-153,30],[-32,-136],[-195,37],[-51,-282],[152,-55],[2,-75],[79,-41],[9,-47],[-20,-145]],[[12501,25180],[1065,671],[16,15],[-28,30],[13,41],[-8,39],[13,21],[122,27],[15,48],[74,26],[57,58],[688,-87],[2613,3],[-19,-31],[19,-18],[70,37],[671,26],[30,63],[51,48],[413,265],[12,49],[9,145],[100,96],[134,93],[114,-5],[8,48],[69,27],[32,58],[-14,32],[1,36],[-35,68],[209,107],[8,41],[32,26],[48,-1],[-3,79],[-13,38],[26,43],[88,49],[104,-18],[202,42]],[[19507,27515],[-88,-202],[24,-141],[-17,-79],[62,-94],[146,4],[56,38],[76,-32],[-30,-133],[76,-59],[3,-47],[-43,-47],[-44,32],[-64,-24],[-11,-24],[14,-25],[-26,-38],[102,7],[29,-68],[-7,-41],[-64,-75],[-100,-4],[-10,-20],[14,-29],[-21,-30],[-201,-167],[11,-71],[-59,-34],[12,-41],[0,-107],[-225,-98],[-18,-71],[-51,-4],[-51,-61],[-133,-12],[-73,-105],[-114,-78],[-54,10],[-74,-154],[26,-54],[-3,-35],[-57,25],[-23,-15],[-40,-55],[-21,-81],[-43,-41],[-17,-63],[27,-33],[-35,-48],[20,-59],[-139,-35],[-166,-112],[-49,-11]],[[9065,17563],[125,152],[-37,71],[48,78],[-3,29],[-30,1],[4,57],[42,23],[27,-29],[147,124],[25,42],[55,-36],[68,42],[18,33],[6,71],[-50,35],[-6,26],[15,22],[4,71],[20,45],[56,-31],[4,-88],[39,-48],[26,36],[109,19],[22,-24],[8,-65],[78,-67],[20,34],[53,13],[35,53],[1,30],[96,-80],[10,12],[-8,48],[64,27],[12,-56],[-8,-52],[10,-21],[92,91],[83,-53],[89,20],[22,-52],[57,-38],[25,15],[255,-32],[17,3],[15,59],[106,-7],[22,23],[53,-28],[86,34],[30,-21],[80,11],[33,111],[48,8],[12,32],[79,3],[4,154],[17,135],[301,-22]],[[11368,17054],[-219,-26],[-41,-28],[-17,-56],[-54,-31],[-43,101],[-189,55],[-66,-14],[-26,-62],[-4,-54],[31,-82],[-54,-176],[-73,-10],[-33,-44],[-8,-46],[-24,-42],[-149,-113],[-93,-23],[-50,36]],[[8860,16247],[-3,111],[-16,33],[21,18],[-27,68],[44,-4],[-21,53],[25,28],[34,-2],[12,-40],[25,47],[-18,71],[-7,275],[41,58],[22,77],[55,65],[-1,69],[24,14],[16,60],[80,95],[-38,35],[-5,75],[-18,22],[6,31],[-46,57]],[[10560,18204],[22,-52],[-29,23],[7,29]],[[4147,25693],[728,58],[205,-29],[41,-120],[63,-43],[13,-111],[30,-28],[182,3],[14,108],[76,26],[14,86],[132,9]],[[5645,25652],[69,-10]],[[5714,25642],[51,-21]],[[5765,25621],[-96,-27],[45,-23],[78,27],[53,-53],[66,-17],[39,39],[14,-28],[-21,-14],[64,-35],[-93,-21],[67,-48],[-122,-13],[-33,-28],[123,14],[17,-17],[-8,-5],[107,-43],[12,-38],[31,22],[55,-4],[28,-26],[-3,-36],[72,-21],[95,-71],[72,-107],[-26,-36],[23,-20],[-9,-24],[67,-9],[6,-22],[-17,-36],[31,-19],[-12,-50],[41,-47],[-29,-22],[-90,105],[0,-83],[29,-15],[-26,-27],[19,-25],[16,-66],[-17,-13],[1,-40],[-45,-57],[21,-34],[-73,2],[-8,-15],[8,-29],[-62,7],[12,-21],[-41,-13],[70,-21],[8,-84],[68,-41],[-15,-14],[33,-27],[0,-18],[-24,-10],[20,-21],[-4,-25],[47,-27],[-9,-46],[27,-11],[-49,-64],[33,-14],[69,-110],[-29,-56],[-50,-28],[24,-21],[69,17],[15,-28],[-76,-45],[62,-87],[-55,-53],[-44,-4],[113,-63],[-23,-42],[25,-29],[62,-43],[62,-8],[18,-77],[26,-10],[76,36],[13,18],[-23,67],[8,5],[97,-70],[35,-47],[-3,-28],[38,-70],[35,20],[72,-83],[-3,-61],[27,-30],[-8,-22],[11,-15],[99,-38]],[[7724,20536],[-210,-21],[-10,39],[-110,55],[-63,-54],[-92,13],[-23,-24],[-47,-124],[-367,-221]],[[6802,20199],[-90,-27],[-28,25],[13,82],[-11,20],[-31,-33],[-186,24],[-38,43],[-40,-43],[-45,-12],[-33,-46],[-1,-59],[-20,-15],[-28,55],[-53,40],[-289,-21],[-37,-53],[4,-42],[54,-56],[67,54],[47,-27],[6,-28],[-49,-128],[-142,57],[2,-65],[-80,-43],[-37,-64],[25,-23],[-43,-62],[-83,-21],[-30,-56],[-58,-24],[-1205,536],[-125,-6],[-36,70],[-91,66]],[[4111,20317],[79,110],[23,62],[50,36],[62,83],[26,68],[58,69],[285,469],[118,110],[24,58],[111,146],[84,288],[55,118],[-38,82],[-92,115],[-25,113],[-98,77],[-65,88],[-153,98],[-205,271],[94,52],[54,104],[95,127],[15,64],[-23,79],[11,57],[-101,99],[-114,61],[-9,19],[16,76],[-34,33],[-15,65],[96,75],[-4,39],[-26,39],[4,48],[-144,28],[-35,44],[-47,154],[17,72],[82,31],[13,28],[-18,14],[13,32],[-2,39],[-108,30],[60,95],[2,164],[48,74],[-58,65],[128,50],[40,-22],[8,31],[-18,137],[-49,152],[-25,136],[-106,182],[-34,91],[-20,114],[-69,137]],[[6946,23449],[43,-46],[-30,-28],[-50,56],[11,25],[26,-7]],[[6913,24081],[-12,-41],[-40,-29],[-9,65],[-68,26],[-24,44],[0,26],[8,24],[59,23],[52,-3],[34,-90],[-10,-7],[-19,46],[-7,-42],[36,-42]],[[6976,24102],[5,-15],[-9,-11],[-42,-4],[-6,19],[52,11]],[[7060,24210],[21,-4],[-83,-30],[-53,30],[4,26],[17,11],[29,-33],[65,0]],[[6501,11274],[88,-23],[58,60],[55,-27],[14,54],[32,-16],[33,32],[9,-57],[27,-48],[-10,-73],[15,-8],[48,39],[62,-12],[35,38],[47,-2],[100,60],[36,-47],[30,-84],[74,-67],[34,-2],[31,-52],[156,-42],[3,-43],[82,-111],[27,31],[13,53],[43,-5],[29,-34],[41,46]],[[7713,10934],[26,-100],[25,6],[10,-40],[45,-5],[49,50],[37,-16],[43,49]],[[7948,10878],[2,-46],[45,5],[7,-107],[-17,-39],[50,-45],[-40,-44],[-84,20],[3,-77],[-34,-3],[57,-98],[5,-166],[28,5],[-25,-80]],[[6665,9868],[-2,32],[29,15],[0,29],[-86,22],[-28,151],[-56,7],[-55,-40],[-60,-7],[-29,67],[-100,23],[-39,-31],[-40,23],[41,52],[11,34],[-4,34],[-22,-5],[-26,31],[13,23],[3,99],[-36,108],[-26,22],[21,38],[106,28],[16,28],[-1,42],[-18,49]],[[25044,31507],[-2,26],[221,-31],[159,8],[52,-23],[211,-156],[351,-126],[7,-14],[-13,-45],[-38,21],[35,35],[-54,-2],[-23,-33],[262,-188],[13,-64],[27,-32],[168,-65],[194,8],[286,79],[65,-57],[99,-4],[29,-43],[-6,-25],[-125,-131],[-11,-67],[26,-48],[-97,-24],[-233,-114],[3,-91],[32,-93],[-64,-81],[2,-30],[42,-79],[18,-91],[29,-41],[-77,-82],[-21,-75],[-45,-57],[31,-48],[36,-243],[47,-76],[-41,175],[-12,105],[6,18],[-35,75],[131,42],[-14,83],[22,12],[8,47],[22,8],[-32,44],[38,48],[5,59],[66,55],[46,-14],[14,-35],[9,23],[-9,57],[11,5],[28,-68],[71,-52],[1,-120],[-31,-72],[-3,-96],[-27,-26],[25,-72],[-18,-75],[-147,-168],[-6,-31],[9,-41],[-12,-7],[117,-102],[98,-4],[16,16],[-12,6],[13,25],[-25,86],[-76,118],[164,-12],[84,19],[0,21],[102,125],[-12,27],[5,66],[-66,135],[0,68],[-26,22],[-28,128],[-39,59],[7,27],[-8,30],[-113,81],[60,3],[-46,130],[50,41],[47,85],[2,97],[77,45],[29,66],[-5,56],[-39,73],[-50,48],[2,58],[-23,33],[-166,58],[-78,7],[-46,-26],[-23,63],[-65,80],[-122,73],[49,42],[3,49],[-9,51],[-37,48],[-108,12],[-152,58],[-161,4],[-159,120],[-56,73],[56,76],[-63,26],[-23,88],[60,73],[29,117],[-12,53],[-27,64],[-133,64],[67,14],[-11,27],[-103,42],[-41,-7],[142,46],[-15,60],[-109,29],[-8,20],[41,54],[33,-11],[24,48],[44,17],[15,50],[23,19],[-73,-7],[3,70],[26,17],[110,-12],[297,76],[181,16],[649,-8],[104,41],[272,15],[87,43],[94,12],[92,-55],[178,1],[19,8],[10,18],[-6,32],[44,50],[121,6],[62,42],[327,37],[126,-31],[10,-27],[-40,-67],[-62,-14],[-60,-60],[-86,-34],[-53,-48],[-119,-37],[-140,-108],[4,-117],[16,-34],[170,-77],[6,-32],[34,-43],[83,-18],[60,-42],[50,-122],[-7,84],[-45,68],[-72,34],[-102,93],[-135,47],[-34,52],[-4,65],[16,57],[137,63],[409,54],[76,93],[-40,-13],[13,39],[143,95],[20,68],[-51,24],[-11,-65],[-27,-26],[-67,17],[-152,194],[135,6],[69,-27],[-24,36],[-199,22],[-19,18],[6,21],[-60,24],[34,52],[-39,41],[-87,31],[-207,7],[-30,31],[5,28],[-24,35],[108,3],[59,-45],[5,26],[-23,50],[-87,28],[86,3],[95,39],[49,-21],[20,-28],[-17,-14],[11,-8],[140,1],[-29,-39],[-79,-30],[7,-19],[50,0],[49,41],[18,-47],[-10,-16],[11,-10],[24,37],[-20,49],[6,12],[104,-12],[-77,35],[-9,13],[8,40],[-120,-19],[-46,55],[-65,35],[105,49],[-123,6],[-127,56],[-193,14],[53,35],[-9,31],[24,22],[49,-9],[36,22],[11,37],[-41,42],[26,6],[118,-46],[4,-16],[-70,7],[46,-59],[65,18],[70,-28],[-14,-35],[35,-7],[-9,-14],[11,-20],[64,8],[49,-22],[3,17],[-27,29],[22,30],[-81,21],[64,54],[64,-33],[8,48],[-20,27],[11,41],[138,105],[-91,42],[41,26],[67,-6],[23,-18],[-20,-23],[5,-12],[55,-24],[10,8],[-15,28],[61,40],[-11,8],[47,14],[-379,62],[53,77],[240,-21],[155,-43],[150,76],[9,59],[19,21],[62,28],[46,-16],[-32,48],[26,30],[88,18],[-21,14],[66,37],[68,-9],[-33,30],[-115,-24],[9,7],[160,37],[48,54],[63,-58],[131,-6],[9,9],[-47,41],[189,27],[-9,24],[-52,18],[17,17],[274,35],[123,59],[38,-51],[64,46],[29,-2],[-4,-21],[13,-11],[155,6],[26,16],[-9,45],[34,38],[47,-20],[176,38],[62,-14],[62,33],[439,81],[261,92],[-180,-44],[-62,17],[4,22],[-25,15],[-41,-46],[19,-13],[-32,-23],[-68,80],[26,21],[-18,10],[-133,-52],[61,-20],[-43,-25],[-50,10],[-2,38],[-24,32],[43,27],[-6,37],[16,38],[38,5],[25,-48],[55,30],[-46,42],[131,12],[-41,-40],[38,-21],[-15,-26],[17,-9],[44,35],[74,15],[26,-21],[99,13],[-92,50],[-39,-8],[-23,28],[21,9],[219,-27],[74,16],[8,-13],[-5,-13],[38,-20],[-15,-14],[10,-10],[58,12],[8,12],[-12,9],[8,15],[57,16],[-13,25],[-72,10],[14,10],[111,-10],[42,-38],[52,0],[85,11],[58,41],[205,-26],[138,-51],[-68,-6],[-19,-20],[35,-15],[-41,-13],[11,-41],[-65,-19],[-60,-68],[-58,-18],[70,-33],[35,61],[49,32],[172,24],[-32,20],[15,7],[93,17],[12,-10],[-20,-28],[59,6],[11,-19],[-97,-91],[10,-4],[96,35],[63,-17],[-2,26],[14,13],[165,116],[62,4],[-84,-54],[20,-36],[-26,-27],[54,3],[13,10],[-11,22],[33,23],[183,0],[8,4],[-10,27],[-51,33],[-65,2],[70,43],[85,-37],[106,31],[25,12],[-128,21],[46,34],[39,-9],[20,31],[101,6],[176,83],[-44,-62],[222,19],[25,-19],[-40,-28],[14,-14],[-61,0],[53,-34],[153,25],[11,-24],[-56,-23],[46,-27],[-9,-14],[7,-3],[39,18],[39,-34],[-5,-39],[-26,-45],[-1,-91],[-28,-39],[-81,-44],[62,-14],[61,84],[80,65],[-1,49],[-31,49],[18,46],[-1,38],[-29,49],[-66,41],[-22,77],[-83,8],[-56,72],[-104,11],[0,37],[-86,96],[24,27],[270,-53],[307,24],[31,-31],[233,79],[88,-54],[-18,-28],[128,26],[179,-35],[52,-50],[166,-17],[-33,32],[-178,56],[-81,3],[-17,13],[11,6],[-74,22],[-144,6],[-68,35],[68,27],[29,35],[-6,14],[19,76],[-4,28],[46,35],[-108,20],[-50,51],[12,32],[-14,4],[32,80],[-6,23],[122,11],[12,20],[1,45],[-30,11],[17,37],[247,172],[123,124],[50,10],[33,-21],[127,122],[136,46],[13,8],[-9,28],[126,77],[26,5],[42,-44],[101,12],[199,105],[113,-6],[-29,-45],[28,-17],[182,38],[23,-71],[26,-23],[198,-73],[230,28],[-17,-28],[29,-18],[9,-23],[-6,-24],[29,-52],[134,-55],[-227,-1],[-62,-68],[-76,-28],[44,-7],[-35,-27],[-568,-147],[9,-6],[268,33],[43,-32],[137,21],[62,-22],[194,24],[56,31],[6,-14],[-23,-35],[-64,-34],[20,-21],[-127,-6],[-22,-35],[97,-20],[99,15],[132,67],[234,-61],[10,5],[-56,28],[77,21],[78,-27],[-18,-14],[14,-11],[120,18],[-20,-15],[57,-60],[54,-22],[-99,-34],[38,-22],[-55,-12],[-15,-15],[40,-7],[-40,-35],[-47,7],[-9,-45],[-57,-51],[-86,6],[32,-45],[-79,-116],[-28,3],[3,26],[-18,12],[-49,4],[-12,-30],[14,-40],[-5,-15],[12,-11],[122,-11],[49,-30],[40,41],[152,26],[136,-30],[108,30],[59,89],[3,26],[-38,23],[19,66],[159,-12],[-14,-20],[90,22],[298,4],[84,29],[14,-20],[269,-49],[126,65],[88,9],[59,-38],[86,3],[16,10],[-20,13],[21,12],[61,-2],[20,-16],[-29,-28],[22,-37],[38,27],[147,-25],[-29,-13],[23,-21],[-41,-21],[19,-20],[75,11],[68,-25],[159,-126],[-158,-131],[182,114],[209,-121],[-38,-13],[35,-56],[-29,-21],[9,-14],[-82,7],[56,-47],[63,0],[33,-49],[-41,-69],[-82,-29],[167,18],[28,22],[6,29],[-23,29],[30,20],[38,-1],[66,-48],[-20,45],[14,11],[-112,40],[-40,50],[140,7],[15,-21],[-29,-21],[6,-20],[50,6],[43,-63],[-3,-109],[41,-20],[-21,-36],[24,-13],[-11,-19],[-39,-10],[35,-13],[18,-35],[-35,-41],[73,20],[-15,49],[60,-6],[9,21],[33,-28],[-12,-16],[26,-42],[-23,-81],[-49,-104],[0,-52],[-63,-54],[-7,-26],[-56,0],[82,117],[-152,38],[-82,-10],[30,28],[-246,141],[-95,-3],[52,-25],[25,-50],[63,-2],[87,-61],[-19,-25],[-33,12],[55,-52],[-8,-32],[-30,-27],[11,-32],[94,-4],[-18,58],[117,41],[18,-35],[-23,-42],[15,-24],[104,-45],[43,18],[28,-53],[8,-63],[-73,-3],[-6,-16],[57,-22],[-27,-85],[-253,-219],[-56,-76],[-312,-115],[-23,-22],[2,-30],[-17,-38],[-44,-18],[-18,-34],[18,-7],[-77,-63],[-157,22],[-122,-84],[-55,-13],[28,-16],[-39,-31],[-172,-68],[-96,16],[-21,-19],[46,-27],[-11,-33],[-64,-47],[-91,2],[-20,-37],[-66,-23],[-100,-1],[34,-25],[144,8],[-29,-86],[-49,-50],[-134,-86],[-128,-20],[-78,-42],[-159,-145],[-31,-61],[-48,9],[23,-48],[-181,-139],[12,28],[-24,14],[-123,-66],[-159,24],[-97,-18],[-19,-44],[29,-21],[-123,-111],[-41,-104],[-58,-34],[-177,16],[-72,-50],[-6,-71],[-17,-48],[-66,-61],[-8,-94],[-88,-101],[-143,-103],[-95,-14],[2,-21],[174,3],[83,48],[47,55],[61,19],[45,64],[35,-11],[8,-31],[179,-44],[42,-36],[190,25],[-57,27],[-149,13],[-155,72],[-16,19],[-18,109],[18,51],[61,50],[176,-53],[53,3],[58,38],[124,-24],[168,10],[157,79],[96,-25],[33,37],[-84,21],[83,39],[62,-7],[290,77],[15,34],[-22,23],[2,26],[80,-56],[16,13],[-2,26],[-40,32],[-66,27],[-4,29],[10,12],[135,-95],[86,-5],[166,64],[22,31],[-28,13],[14,21],[128,28],[-12,7],[32,35],[185,43]],[[38824,32830],[87,-51],[5,-21],[-44,-52],[-82,-6],[-22,-54],[-101,-105],[-161,-11],[160,-79],[24,-54],[-83,-70],[159,-23],[27,-90],[29,-32],[-3,-24],[-60,-27],[36,-55],[-90,-51],[3,-39],[26,-31],[-37,-40],[40,-137],[84,-21],[-8,-50],[140,-36],[36,-42],[-6,-25],[-91,-69],[-4,-30],[119,-60],[93,-4],[39,-48],[-12,-57],[41,-7],[20,-63],[99,-11],[2,-732],[145,-75],[64,-66],[58,19],[33,-40],[-10,-37],[-69,-50],[23,-56],[-151,-107],[-37,55],[-30,5],[-34,-72],[-195,-50],[-80,-84],[-112,-8],[-89,-47],[-137,-1],[-26,-31],[-2,-55],[-75,-15],[-83,-69],[14,-73],[-30,-11],[21,-22],[-2,-45],[66,-31],[-1,-25],[-281,-49],[-20,-25],[19,-36],[-27,-55],[-108,-52],[-5,-36],[32,-59],[3,-45],[67,-41],[-53,-105],[13,-37],[-21,-49],[-55,-69],[-126,14],[-30,51],[-246,17],[-101,-78],[-16,-34],[-1,-38],[-38,-27],[-60,3],[-281,-98],[-121,-70],[-106,1],[-57,53],[-59,-72],[-14,-42],[-61,-43],[319,-562],[-6,-507],[8,-251],[-39,-769],[-58,-104],[-74,39],[-111,-99],[-75,-19],[-26,-90],[-43,-35],[-150,-20],[62,-85],[51,7],[107,-51],[6,-33],[-34,-56],[7,-16],[75,9],[-18,-61],[48,-44],[-10,-40],[5,-66],[23,-34],[-1,-52],[11,-28],[-62,-50],[-31,-52],[-1,-47],[17,-70],[-10,-64],[40,-49],[56,2],[55,-147],[5,-153],[-13,-30],[4,-97],[-19,-29],[1,-30],[94,-41],[-5,-20],[35,-20],[-4,-40],[109,-50],[-55,-128],[-87,18],[-77,-86],[-7,-43],[30,-62],[-44,7],[-45,-72],[-40,-13],[-16,-41],[-71,-54],[-2,-31],[100,-147],[-48,4],[-29,43],[-37,-9],[23,-76],[-45,1],[-20,-23],[-10,-56],[19,-84],[-70,5],[15,-45],[-9,-38],[32,-47],[3,-56],[94,35],[45,-34],[2,-24],[-30,-31],[28,-22],[192,41],[-7,52],[16,16],[30,-23],[25,-72],[68,-6],[80,-70],[59,-13],[7,-43],[38,-39],[103,50],[122,-118],[47,-12],[25,54]],[[32776,12573],[6,-29],[-19,-59],[-75,-16],[-14,-26],[-38,51],[7,39],[-36,-19],[-6,9],[11,23],[-24,1],[-24,-99],[-30,-25],[-10,-40],[-73,43],[-53,1],[-16,26],[-154,-150],[-39,24],[-6,50],[-18,12],[-83,-80],[-33,28],[-100,-23],[-62,-68],[-1,-23],[36,-13],[11,-42],[-42,-63],[-8,-87],[8,-41],[-39,-140],[-32,-19],[-18,22],[-38,-10],[-66,-62],[-4,-82],[-29,-95],[-38,-34],[0,-55],[-93,-141],[1,-74],[-33,-71],[-4,-73],[-135,-95],[-57,-94],[-40,-24],[-25,-68],[-74,-51],[-20,-62],[-77,7],[-71,-59],[-126,25],[-44,-24],[-68,21],[-26,53],[-109,11],[-30,33],[-136,-18],[-25,8],[-33,53],[-107,-35],[-49,163],[-74,53],[-36,63]],[[29348,15799],[42,257],[-82,9],[-1,27],[51,90],[37,16],[59,219],[84,66],[33,106],[49,-15],[50,38],[-11,161],[15,82],[-26,73],[-203,11],[-70,76],[-232,75],[-29,97],[-23,37],[-43,259],[6,27],[196,392],[184,111],[-93,193],[6,79],[-302,-26],[-165,404],[-141,22],[-45,195],[-196,68],[-279,6],[-201,-65],[-342,14],[-69,75],[33,67],[11,161],[64,167],[-182,425],[-41,65]],[[27567,21199],[132,235],[54,48],[17,41],[-8,43],[23,48],[61,50],[-2,36],[59,129],[42,68],[51,15],[32,49],[-10,54],[39,89],[-28,22],[-22,54],[28,84],[-2,31],[60,98],[-75,15],[-33,-26],[-23,56],[12,20],[-6,43],[-34,51],[-86,17],[-27,53],[19,21],[44,-11],[38,55],[29,56],[15,103],[68,130],[183,130],[1,32],[-13,25],[40,154],[-33,54],[-11,85],[-36,47],[5,57],[27,74],[-45,60],[19,117],[-126,67],[-174,-79],[-24,60],[-66,12],[-5,29],[17,48],[-20,29],[-191,-38],[-76,12],[-5,38],[46,69],[-31,62],[-1,29],[41,93],[49,23],[25,79],[-32,104],[18,40],[-22,71],[-29,48],[-100,44],[43,22],[10,68],[-64,19],[-59,91],[-122,8],[-64,-26],[-32,48],[1,86],[-63,76],[-34,84],[34,70],[58,30],[11,27],[-81,151],[-35,48],[-54,29],[-19,42],[0,152],[88,64],[-47,74],[-10,72],[-52,35],[1,39],[-394,356],[32,18],[1,27],[29,-2],[-15,24],[56,21],[-29,18],[18,12],[-35,60],[34,61],[19,1],[-9,19],[15,35],[-16,-1],[-6,30],[-36,-9],[-61,55],[-26,46],[27,32],[-11,7],[6,32],[-87,65],[-72,136],[17,27],[47,-18],[47,30],[161,-16],[11,112],[-12,37],[13,84],[59,-7],[7,9],[-8,41],[19,36],[54,43],[-6,55],[9,63],[-13,78],[-26,43],[-63,43],[30,37],[139,14],[73,40],[-100,76],[-7,53],[-100,33],[-7,100],[-18,61],[-70,60],[70,60],[-17,57],[-83,-5],[-177,40],[-34,56],[63,67],[8,31],[-62,80],[-41,18],[-25,-32],[-5,-82],[9,-28],[-28,-33],[-54,-16],[-51,29],[-152,-77],[-99,100],[-215,50],[-155,-9],[3,24],[-24,51],[-35,6],[-35,55],[-23,96],[-37,31],[10,16],[-17,30],[-204,49],[50,36],[-64,73],[14,22],[-56,47],[36,1],[88,84],[-16,45],[25,2],[1,41],[68,-1],[-9,99],[69,-37],[57,111],[37,21],[0,38],[69,-2],[91,77],[1,42],[37,-2],[-1,41],[165,27],[76,-67],[-4,21],[21,3],[3,20],[-54,13],[-25,51],[21,17],[2,56],[24,21],[16,62],[-70,67],[40,80],[-52,60],[-11,201],[-248,75],[-166,145],[-144,44],[-22,34],[-13,61],[91,80],[13,50],[-21,55],[14,14],[211,-10],[100,63],[6,23],[-18,78],[19,14],[-36,53],[61,36],[38,-11],[30,35],[-47,50],[-140,49],[-19,37],[-68,33],[-110,-18],[-139,34],[-38,47],[-45,-4],[-2,28],[-55,29],[8,10],[-49,0],[-31,26],[23,12],[-4,39],[-19,38],[-69,52],[23,35]],[[28612,32835],[-42,-52],[-4,-37],[-164,-14],[47,47],[163,56]],[[32977,35251],[76,20],[-123,-103],[-127,-26],[-21,15],[21,36],[174,58]],[[32135,35334],[9,-7],[-41,-9],[-41,23],[41,48],[32,-55]],[[32059,35438],[-61,-35],[21,-27],[-24,-26],[-148,3],[-38,23],[35,27],[122,-28],[9,7],[-24,42],[72,33],[36,-19]],[[32729,35507],[82,-7],[-35,-41],[-31,29],[-97,12],[81,7]],[[32866,35421],[62,-18],[-119,-63],[-20,32],[5,52],[64,63],[-21,20],[11,14],[76,-14],[18,-34],[-91,-36],[-31,-61],[46,45]],[[31704,35764],[85,-22],[-210,14],[32,28],[93,-20]],[[32173,35840],[26,-7],[-42,-25],[-175,14],[106,28],[24,38],[61,-48]],[[38812,32907],[-91,19],[-161,-82],[-207,-1],[-20,-22],[15,-14],[-21,-7],[-53,46],[-37,89],[13,39],[112,43],[28,85],[58,54],[118,5],[119,-28],[161,-84],[62,42],[-14,21],[2,28],[35,39],[161,14],[19,-26],[-85,-38],[-54,13],[-24,-23],[41,-110]],[[38989,33009],[-177,-102]],[[31579,37331],[-118,25],[23,26],[62,5],[55,-46],[-22,-10]],[[30978,38304],[114,-34],[-88,3],[-145,51],[119,-20]],[[31205,38616],[-84,-37],[-87,33],[86,25],[85,-21]],[[30914,38650],[70,-21],[-87,-20],[17,-21],[-26,-10],[-196,38],[122,-6],[100,40]],[[30517,38683],[68,-37],[-314,115],[149,-26],[97,-52]],[[34271,38878],[47,-13],[-102,-28],[-54,-48],[-16,13],[12,29],[1,42],[20,24],[92,-19]],[[31774,39232],[-67,-21],[5,-14],[-12,-11],[-95,-9],[23,41],[146,14]],[[25495,31897],[4,-28],[-15,-14],[-60,-23],[-207,38],[-101,63],[-14,46],[-12,-44],[-11,36],[24,51],[226,212],[83,-68],[15,-47],[59,-63],[8,-17],[-30,0],[13,-25],[11,-72],[-6,-21],[13,-24]],[[27533,33160],[-11,-6],[38,-43],[-36,-15],[-179,39],[-12,25],[227,22],[-27,-22]],[[27175,33264],[45,-31],[-39,-24],[3,16],[-13,3],[-46,-11],[30,-28],[-31,-12],[-133,52],[-113,7],[44,38],[111,24],[142,-34]],[[26773,33306],[73,-62],[-51,-47],[-113,26],[-15,36],[34,37],[72,10]],[[27752,33652],[28,-24],[-168,-25],[97,-48],[-15,-14],[-125,30],[-23,33],[88,41],[118,7]],[[28036,33722],[45,-29],[-6,-35],[-57,-12],[2,-35],[-80,1],[-44,24],[-26,48],[38,38],[128,0]],[[28266,33702],[52,-21],[3,-22],[-40,-25],[-62,25],[17,-21],[-64,-48],[-85,27],[62,105],[58,8],[59,-28]],[[25517,33749],[-40,-52],[5,-24],[-18,-10],[-145,92],[72,-17],[-58,39],[27,30],[32,-3],[-12,-20],[18,-11],[119,-24]],[[27904,33894],[-56,11],[170,58],[69,-20],[2,-40],[19,-23],[-86,-15],[-59,36],[-59,-7]],[[28670,34143],[47,-55],[-62,-54],[-59,29],[-55,4],[-16,-21],[110,-55],[-11,-22],[-80,30],[-175,2],[-46,53],[16,15],[110,-28],[38,27],[-41,13],[12,21],[-15,28],[12,8],[49,-15],[-8,-21],[174,41]],[[26590,34295],[5,-47],[-52,34],[24,29],[23,-16]],[[26633,34531],[24,-42],[-108,4],[2,-83],[-23,-24],[9,-56],[-45,32],[-15,109],[-23,7],[-2,-30],[-43,21],[6,-28],[-16,-10],[-57,44],[12,28],[-38,14],[110,102],[18,2],[-23,-41],[-3,-17],[17,-11],[-15,-14],[86,11],[11,10],[-41,41],[35,21],[-23,28],[116,27],[-17,-63],[14,-19],[-64,6],[17,-25],[64,-4],[15,-40]],[[26578,35050],[64,-14],[-16,-15],[-196,33],[-88,38],[236,-42]],[[27076,35117],[7,-13],[-36,-26],[-149,0],[-16,38],[-185,-11],[-55,29],[66,-8],[103,34],[265,-43]],[[32759,35431],[-28,-73],[7,-38],[-32,34],[18,42],[-49,40],[-42,-17],[32,-43],[-62,10],[-13,-17],[64,-28],[1,-23],[-33,-19],[20,-21],[-10,-10],[-70,50],[-123,-1],[-94,45],[-172,20],[23,21],[-3,38],[16,12],[50,-3],[43,-48],[103,66],[26,-24],[83,1],[2,-45],[13,-4],[49,70],[27,8],[154,-43]],[[39839,35529],[-75,13],[63,68],[19,-21],[-20,-27],[78,-27],[-65,-6]],[[39271,35770],[27,7],[-23,21],[130,-15],[40,43],[69,-35],[-18,-21],[35,-48],[-26,-14],[88,-21],[-59,-21],[18,-41],[-22,-15],[-61,22],[-48,69],[-81,15],[-69,54]],[[32686,35860],[-33,-12],[-14,-14],[3,-23],[-24,-20],[-180,-7],[0,35],[15,15],[66,3],[65,44],[99,0],[3,-21]],[[32336,35846],[79,14],[-64,-41],[-66,-2],[-39,23],[-9,34],[44,12],[32,-41],[23,1]],[[33113,35819],[51,-49],[-30,-20],[-78,17],[-12,10],[33,26],[-2,19],[-42,38],[67,24],[13,-65]],[[32709,36379],[27,-62],[-48,-62],[-90,-49],[18,-20],[-31,-24],[-49,17],[-185,-55],[113,62],[-34,17],[-261,-40],[-11,15],[81,50],[120,20],[350,131]],[[36646,36455],[50,24],[46,-17],[-63,-33],[-33,26]],[[29801,36455],[55,-70],[-30,-47],[-108,-24],[-82,7],[-70,71],[33,61],[39,30],[127,5],[36,-33]],[[36891,36497],[41,0],[-28,-17],[-25,17],[12,0]],[[37480,36504],[-18,-35],[8,-25],[-220,-35],[107,46],[-75,22],[49,59],[149,-32]],[[37104,36622],[8,-21],[-49,2],[-27,-44],[-75,7],[14,49],[73,32],[91,-12],[-35,-13]],[[37462,37321],[-36,-56],[-71,-29],[-13,21],[6,17],[-19,12],[-80,-21],[-344,49],[35,32],[193,21],[140,-19],[33,27],[97,-4],[59,-50]],[[36964,37438],[-144,-61],[-86,26],[33,52],[114,-4],[56,77],[126,-34],[-22,-47],[-39,24],[-73,-25],[35,-8]],[[36489,37771],[-25,-78],[-242,-171],[-67,20],[-118,-15],[-272,-86],[-296,0],[-64,-38],[11,-12],[-23,-21],[-76,-22],[9,49],[-31,13],[-157,-6],[-91,-35],[-21,27],[-326,-19],[-83,-63],[-226,-102],[-260,-78],[-212,7],[23,28],[-67,55],[67,34],[47,70],[-6,21],[9,15],[90,85],[125,80],[-22,42],[8,20],[-7,13],[41,32],[23,38],[-3,24],[56,70],[6,13],[-15,31],[0,42],[33,29],[23,58],[92,47],[167,-34],[15,-21],[58,18],[-146,48],[4,23],[-21,32],[1,32],[52,91],[69,50],[236,-48],[-271,76],[23,72],[65,14],[-29,18],[29,38],[49,36],[105,16],[-7,20],[10,22],[-15,6],[6,39],[117,31],[57,-69],[4,-42],[121,-20],[7,13],[-40,39],[-12,65],[24,52],[45,24],[252,-52],[21,-40],[89,-32],[-95,-34],[-44,-49],[14,-7],[-50,-62],[24,-21],[-53,-62],[8,-45],[-107,-148],[-26,-64],[122,70],[108,168],[95,0],[87,59],[48,-3],[24,14],[6,32],[39,12],[10,-6],[-17,-27],[85,15],[83,-26],[9,-31],[-20,-35],[41,-30],[0,-28],[163,-38],[20,-42],[-8,-35],[17,-6],[-11,-21],[-56,-7],[122,-28],[-7,-39],[-25,-16],[62,16],[14,29],[-15,24],[16,10],[127,-10],[50,-34],[35,-70],[-4,-27],[40,-72],[-4,-38],[35,-22]],[[24666,38719],[-13,-26],[-377,-18],[-23,9],[24,32],[-33,30],[-190,21],[-52,61],[0,19],[73,9],[23,-12],[-58,-7],[54,-34],[91,39],[481,-123]],[[31476,39135],[79,-35],[-61,-68],[-263,-117],[-181,-43],[-299,6],[20,15],[-23,13],[12,9],[87,19],[57,-23],[30,23],[-108,76],[-436,42],[-6,10],[10,23],[92,36],[-120,48],[70,28],[-29,55],[-105,14],[310,-25],[79,26],[273,-34],[96,-47],[416,-51]],[[34138,38234],[-10,-17],[35,-55],[-9,-24],[-221,-125],[-341,-7],[-20,-13],[20,-10],[-10,-11],[-107,3],[-104,40],[-273,-7],[-16,12],[85,14],[-145,10],[-179,94],[12,21],[-30,22],[-221,5],[38,28],[-186,-29],[-110,8],[-13,49],[12,20],[-63,40],[-194,-71],[-46,31],[-56,-2],[-83,61],[8,52],[-14,23],[-120,47],[-5,35],[13,33],[-17,35],[21,91],[-22,39],[-110,-5],[12,-27],[-40,-20],[-123,33],[96,11],[29,23],[-128,49],[81,62],[-68,-8],[-15,-33],[-54,-14],[-49,-48],[41,-15],[-129,-48],[-52,28],[87,35],[-198,55],[21,19],[108,-33],[52,10],[205,100],[37,59],[137,66],[221,42],[-198,83],[67,35],[-26,34],[13,10],[42,-10],[127,41],[19,35],[60,29],[-11,27],[18,7],[124,-84],[45,11],[6,47],[59,33],[259,-1],[-3,-20],[30,1],[41,26],[98,-11],[46,32],[45,-21],[373,58],[212,-120],[-35,-42],[-68,-18],[3,-19],[-37,-32],[26,-13],[-6,-17],[-99,-60],[32,-28],[-58,-20],[46,-21],[-9,-12],[-177,-71],[218,57],[8,43],[83,52],[-15,20],[18,26],[192,-25],[32,28],[-14,14],[29,36],[40,21],[-61,40],[50,44],[85,-21],[188,12],[21,-14],[-38,-21],[74,4],[19,-40],[79,-13],[-26,-14],[99,-30],[123,-101],[-9,-18],[32,-23],[-27,-27],[-84,-15],[30,-48],[-51,-49],[5,-21],[-31,-56],[35,-48],[-44,-48],[21,-55],[-16,-32],[22,-24],[-35,-52],[-88,-66],[-133,64],[-47,-15],[233,-124],[12,-14],[-53,-14],[17,-22],[125,-22],[28,-61]],[[25599,40187],[268,-35],[-16,-55],[-31,-25],[-510,-55],[-65,37],[100,119],[254,14]],[[30591,40368],[12,-19],[-165,-79],[-506,49],[-35,28],[4,25],[-13,16],[76,41],[588,-22],[39,-39]],[[33228,39952],[96,-21],[-108,-58],[-250,2],[26,-21],[-62,-62],[6,-12],[-17,-46],[55,-40],[-1,-33],[26,-23],[-1,-76],[92,-29],[-14,-32],[-72,-34],[5,-14],[-19,-15],[-916,-96],[-72,13],[-62,-34],[-80,14],[-31,-37],[-121,-54],[-180,-45],[-334,116],[-382,62],[55,36],[295,-36],[-258,58],[-74,60],[248,10],[267,-24],[-32,34],[-728,-20],[46,28],[-93,-8],[22,41],[92,22],[-12,14],[195,13],[-8,6],[224,-13],[-226,28],[-89,41],[166,50],[209,7],[22,68],[-18,13],[20,55],[176,120],[13,28],[-250,-43],[-63,-2],[-16,23],[100,77],[-23,27],[183,42],[23,27],[-46,49],[178,49],[78,-12],[19,22],[153,15],[139,46],[72,-10],[142,40],[126,74],[153,4],[-218,28],[30,23],[286,17],[104,-55],[-24,-11],[1,-18],[72,-3],[67,-64],[111,-62],[-9,-13],[4,-35],[81,-22],[-38,-21],[52,-38],[280,-99],[-6,-15],[146,-8],[15,-13],[-18,-20],[58,-27],[-58,-28]],[[30810,36808],[21,-19],[-54,-24],[-50,42],[83,1]],[[27087,29914],[69,-68],[-10,-47],[-60,-47],[-19,-97],[21,-107],[-49,-65],[-54,-13],[28,69],[-6,47],[12,171],[26,37],[21,116],[21,4]],[[33185,35926],[-79,-39],[-5,25],[-122,11],[203,20],[3,-17]],[[29528,36314],[38,-14],[-71,-88],[21,-27],[-12,-23],[-30,-13],[-44,8],[-65,96],[52,44],[111,17]],[[6802,20199],[37,-61],[-27,-71],[-56,-77],[8,-55],[-19,-50],[-81,-28],[-58,-74],[40,-119],[6,-215],[-11,-114],[-34,-65],[-1,-130],[12,-61],[-37,-50],[61,-43],[78,-15],[26,-50],[-39,-48],[10,-165],[26,-18],[69,16],[4,-64],[-19,-24],[-39,28],[-3,-105],[-25,-22],[26,-18],[-5,-22],[-83,14],[68,-72],[-19,-59],[-36,-31],[26,-39],[-59,-6],[-125,-69],[-14,21],[-47,-109],[-1,-34],[-31,-2]],[[6430,18093],[-75,6],[-128,90],[-16,-28],[-36,2],[-9,-28],[-47,4],[-38,62],[-35,0],[-43,88],[-36,14],[-51,62],[-71,5],[-6,-57],[-36,2],[-37,45],[-45,17],[-23,46],[-20,-3],[-11,-47],[-85,-109],[10,-73],[-23,-59],[-22,-17],[-10,43],[-20,13],[-119,20],[3,59],[-34,32],[-7,43],[-38,62],[-49,-21],[-40,19],[-46,-81],[-109,56],[-8,-15],[-1,-90],[12,-49],[-21,-15],[-24,-109],[-34,-33],[-26,-72],[-23,-8],[-43,97],[-57,4],[-17,-21],[-8,-85],[-100,-149],[-9,-80],[-135,-39],[-46,44],[-52,9],[-25,-34],[7,-38],[-12,-52],[34,-108],[-22,-13],[3,-32],[-35,-46],[-28,2]],[[4408,17428],[-81,-5],[-102,37],[-9,17],[15,40],[-28,8],[-19,54],[-85,29],[23,22],[-19,50],[-125,89],[6,29],[-13,9],[-168,45],[-116,-13],[-67,142],[-106,22],[-75,-37]],[[3439,17966],[62,185],[17,116],[91,44],[-41,15],[77,22],[2,19],[-34,65],[-37,43],[23,98],[-34,126],[6,56],[22,31],[43,-13],[27,-86],[65,-25],[18,42],[4,106],[20,39],[26,8],[77,-74],[49,0],[61,45],[25,56],[-23,44],[60,65],[245,-45]],[[4290,18948],[-8,-82],[44,-44],[29,3],[13,-39],[99,-128],[62,-53],[89,10],[37,66],[49,7],[33,34],[3,52],[-104,86],[7,109],[-76,93],[18,61],[-323,144],[-54,-24],[-37,-74]],[[4171,19169],[-156,16],[-55,96],[-26,16],[-26,74],[-5,-27],[-18,0],[-59,48],[-71,172],[29,0],[15,-50],[68,-49],[-2,39],[-16,35],[1,80],[9,1],[-17,55],[29,0],[9,24],[-18,46],[-50,-57],[-74,-17],[-7,-42],[-26,-3],[9,-27],[-24,4],[-30,-51],[-134,-19],[-16,39],[-30,-35],[231,330],[81,92],[37,12],[78,136],[142,118],[62,92]],[[3838,19606],[-25,-21],[-6,50],[18,15],[13,-44]],[[3519,19010],[3,-16],[-30,-13],[-8,17],[8,32],[27,-20]],[[3152,19041],[0,-24],[-16,0],[-14,82],[30,-58]],[[3871,19297],[-8,-34],[-30,9],[-31,33],[-4,45],[73,-53]],[[3788,19340],[-6,-27],[-33,50],[39,-23]],[[8739,12273],[-23,-67],[17,-190],[-22,-65],[11,-41],[-19,-27],[4,-144],[-21,-6],[2,-20],[-37,-45],[13,-34],[-14,-51],[38,-52],[4,-39],[89,-91],[33,-80],[70,-33],[32,-63],[19,14],[30,-38],[3,-62],[-35,-91],[7,-64],[-51,-31],[-4,-83]],[[8885,10870],[-146,13],[-16,27],[-39,-39],[-50,26],[-30,-58],[-44,2],[-103,49],[8,51],[-29,59],[-77,23],[-45,-12],[1,-37],[-23,3],[-5,-53],[-26,-18],[-70,108],[-28,-3],[-18,-41],[-32,49],[-17,-39],[-31,1],[-14,-35],[-103,-68]],[[7713,10934],[13,146],[30,51],[72,41],[-11,27],[20,66],[-33,71],[-35,16],[11,51],[-54,31],[14,48],[-42,55],[41,27],[-13,84],[41,58],[-36,65],[23,37],[-21,31],[20,97]],[[7753,11936],[30,65],[80,-12],[41,-46],[32,6],[26,-60],[60,80],[51,8],[18,65],[-25,55],[9,69],[-52,75],[118,67],[-21,134],[12,28],[69,28]],[[8201,12498],[65,-18],[57,-163],[128,47],[17,31],[-5,63],[92,68],[67,-74],[10,-32],[-2,-66],[63,-41],[30,17],[-2,-32],[18,-25]],[[53214,21066],[-11,42],[15,28],[105,64],[-9,66],[34,-10],[50,47],[-22,28],[22,29],[-12,44],[11,61],[-22,49],[63,43],[49,-23],[40,43],[-39,61],[16,39],[-15,66],[-28,38],[17,158],[-22,91],[-19,23],[15,32],[-2,49],[-21,88],[11,75],[37,66],[32,133],[5,67],[50,113],[31,27],[-8,114],[-28,49],[235,114],[28,33],[17,66],[43,35],[5,57],[27,77],[257,-60],[115,-95],[31,29],[-21,31],[4,17],[138,40],[17,-53],[-19,-21],[-4,-59],[67,-23],[-6,-44],[18,-24],[34,29],[27,-32],[77,113],[4,63],[41,56],[14,67],[-42,70],[-68,54],[24,32],[-14,37],[59,27],[60,98],[57,-31],[74,-104],[207,20],[51,-33],[27,42],[66,-12],[79,101],[82,30],[115,-79],[1,-39],[-27,-93],[72,-136],[176,-59],[12,10],[-9,46],[14,42],[-7,69],[142,1],[89,44],[60,-16],[32,-65],[38,141],[228,69],[27,-10],[23,-48],[-16,-81],[58,-4],[77,45],[-34,111],[176,171],[-31,96],[-53,37],[6,48],[-28,74],[66,97],[3,36],[-21,39],[-1,44],[32,49],[2,33],[181,38],[25,36],[123,57],[26,57],[-53,79],[45,115],[-3,55],[14,40],[-32,62],[12,60],[91,60],[137,-10],[17,-19],[10,-60],[75,37],[52,112],[-12,94],[-59,27],[56,74],[21,68],[65,33],[113,-56],[30,-49],[53,15],[9,36],[59,25],[52,-30],[12,-38],[88,27],[36,-24],[69,33],[78,-82],[136,-13],[25,-21],[125,142],[56,-99],[90,-73],[-20,-68],[84,-51],[113,15],[6,16],[-16,30],[3,21],[76,42],[70,75],[173,44],[68,-36],[82,-5],[-36,135],[58,112]],[[60769,20674],[-40,18],[-28,-62],[-25,3],[15,-28],[-47,-33],[-1,-45],[-32,-17],[-19,-60],[-23,-1],[8,-19],[-31,-45],[-20,4],[-22,55],[10,-74],[-9,-22],[-35,37],[-3,-56],[-87,-62],[3,-30],[-16,-42],[-40,12],[-26,-45],[18,-15],[-3,-16],[-63,-66],[-37,-1],[-12,-63],[-114,-93],[-52,-184],[-45,43],[-22,-45],[-32,25],[-38,-42],[-26,7],[9,44],[-25,-27],[-6,-65],[-29,-19],[-3,-31],[-54,-33],[-8,26],[10,39],[-6,22],[31,3],[-7,32],[21,38],[0,38],[-35,53],[21,21],[15,-21],[-5,50],[17,32],[32,5],[-2,35],[31,38],[-8,22],[16,32],[-70,-18],[-33,20],[-100,-73],[-7,-26],[-28,1],[6,-26],[-43,15],[86,177],[-16,77],[-19,32],[16,14],[-5,16],[-15,16],[-36,-27],[-20,10],[18,47],[75,-5],[-36,30],[26,25],[-3,40],[37,1],[23,51],[-30,30],[106,96],[-14,21],[14,31],[-11,19],[26,43],[-26,23],[66,76],[-22,49],[16,18],[-23,114],[-130,-99],[-31,-88],[-37,-55],[-32,17],[-7,-22],[-26,2],[-8,19],[0,-36],[-56,-33],[-24,22],[-4,26],[23,118],[-34,-24],[-3,-30],[-52,54],[20,37],[-18,40],[-103,24],[-95,-23],[-21,-36],[-4,-38],[-122,10],[-27,-41],[-35,33],[-61,3],[-76,-93],[-122,48],[-109,11],[-62,-47],[-15,-31],[3,-30],[-46,8],[-97,-43],[-44,-100],[-54,-36],[-54,0],[10,-4],[-26,-89],[-4,-54],[11,-43],[-12,-53],[13,-25],[2,-54],[-46,12],[-74,-61],[-120,-148],[-26,-58],[-37,-22],[12,-18],[-23,-46],[-2,-157],[-35,25],[-45,-74],[-65,-30],[-34,-44],[-5,-49],[-60,-9],[-86,-115],[-79,-44],[-110,-168],[-78,-178],[-9,-79],[5,83],[27,65],[-66,-31],[25,-96],[3,-89],[-32,-32],[14,49],[-90,-27],[4,-141],[59,-157],[-39,76],[-24,14],[-10,-81],[-52,-75],[27,-53],[68,-14],[24,47],[1,37],[20,9],[3,-29],[-13,-37],[20,-49],[47,2],[-43,62],[-3,63],[53,-34],[38,31],[59,-73],[41,-11],[36,36],[22,-20],[4,-40],[79,-94],[-7,-14],[9,-25],[-24,-9],[17,-60],[-21,-16],[19,-46],[-162,19],[-9,-64],[-48,15],[-75,73],[-27,-3],[-45,-24],[11,-82],[-34,-25],[-37,16],[-61,-49],[-61,34],[-44,87],[-47,13],[33,62],[-51,-57],[-119,51],[-9,-88],[-27,-5],[0,-18],[28,3],[-5,-45],[-141,-29],[-27,-54],[-18,-105],[-36,23],[-36,-17],[-74,41],[-83,111],[-10,-4],[2,-37],[-75,-36],[-4,-58],[-58,-52],[-129,-26],[-113,16],[-42,-33],[-7,7],[9,17],[-51,108],[-1,36],[-63,105],[55,-11],[54,28],[40,52],[207,-33],[169,70],[-79,90],[-67,-32],[-33,39],[-71,4],[15,43],[-27,40],[-17,71],[-64,50],[-51,96],[-31,-49],[-110,24],[-67,-20],[-1,-28],[15,-13],[-12,-28],[13,-30],[-69,-30],[-17,8],[15,26],[-4,19],[-111,4],[114,49],[1,25],[-74,-21],[-36,16],[-25,56],[-64,34],[-302,114],[-68,-22],[-26,36],[-21,-14],[22,-34],[-104,-85],[-39,2],[0,-29],[26,-22],[-9,-33],[51,-35],[4,-56],[-41,24],[-62,-42],[-33,15],[-22,35],[21,45],[-18,7],[-44,-82],[-10,-51],[7,-53],[33,-5],[22,42],[-2,-52],[23,42],[32,-20],[-24,-59],[13,-44],[-13,-41],[-39,44],[-18,-5],[-5,-36],[-43,30],[-41,-24],[-65,21],[-19,118],[-74,30],[-159,-33],[-24,-33],[25,-47],[-9,-28],[-37,-7],[-63,42],[-19,-67],[-117,95],[-31,-19],[-61,50],[-72,2]],[[55757,18118],[24,-38],[-73,-86],[-59,-1],[33,58],[48,34],[16,45],[11,-12]],[[57791,18320],[25,12],[14,-21],[-39,9]],[[55037,18183],[46,15],[-16,-46],[-29,8],[-1,23]],[[12954,15587],[54,-40],[-10,-40],[-42,-31],[-41,-75],[-14,17],[7,46],[-47,-60],[-44,29],[27,30],[-11,33],[-58,-2],[-33,-30],[-12,-69],[-35,-2],[-6,48],[-13,2],[-5,-101],[-33,-29],[-27,5],[-17,39],[-30,-33],[-16,35],[-11,-5],[-23,-34],[-9,-58],[-35,-40],[50,-55],[-24,2],[-17,-49],[-36,-34],[-18,-60],[-31,-15],[-9,31],[-15,-7],[-6,-126],[-112,-47],[-10,-25],[6,-51]],[[11314,15008],[-52,7],[-11,127],[-32,10],[-50,68],[0,46],[29,13],[-8,63],[11,54],[-68,-9],[-8,34],[-46,3],[-14,54],[9,25],[-4,39],[42,48],[77,27],[-11,38],[6,91],[21,93],[146,29],[14,52],[113,-33],[28,22],[1,24],[20,1]],[[9652,12784],[66,119],[-15,53],[-65,65],[4,40],[16,12],[-5,-30],[17,-11],[37,19],[42,-30],[12,24],[-14,36],[30,46],[-69,73],[-20,-11],[-10,-45],[-47,-34],[-14,14],[-17,78],[40,-26],[85,72],[21,60],[44,11],[-18,61],[-19,1],[5,54],[38,7],[-10,44],[33,40],[-39,65],[15,37],[-8,32],[-27,-25],[-19,36],[-41,10],[3,29],[-17,38],[34,70]],[[9720,13818],[53,-83],[44,30],[22,-31],[99,17],[37,-21],[13,15],[25,105],[40,33],[68,12],[85,-47],[49,-82],[95,-13],[-1,-70],[70,-12],[-9,-43],[5,-35],[117,-60],[26,-51],[48,-7],[16,44],[21,4],[14,-42],[-30,-66],[78,48],[67,-46],[85,37],[-51,67],[30,82],[-21,46],[6,48],[41,45],[19,-46],[26,121],[71,11],[6,153],[22,61],[34,-8],[-7,35],[19,41],[58,12],[2,-32],[18,-24],[-18,-40],[13,-39],[-36,-45],[12,-24],[65,35],[37,-9],[43,46]],[[11410,13718],[1,-85],[32,-43],[-34,-68],[42,6],[-3,-45],[-21,-43],[47,4],[-33,-57],[18,-44],[76,-17],[1,-40],[-198,-140],[-108,-17],[-46,-93],[-13,-67],[-37,-27]],[[11134,12942],[-28,-41],[-5,-45],[-29,11],[-130,-46],[-70,95],[-32,-23],[-97,12],[-49,-59],[-60,-18],[-1,-61],[14,-57],[38,-71],[-77,-43],[-59,65],[-44,-25],[-48,63],[-52,-31],[-38,22],[-47,55],[9,19],[-13,19],[28,21],[-23,47],[-150,101],[-43,-26],[-50,29],[-57,-17],[-20,-28],[-9,-64],[23,-11],[3,-65],[-39,31],[-8,-40],[-59,-28],[-62,31],[-15,-73],[-14,16],[7,40],[-34,0],[-29,-52],[-12,24],[13,48],[-28,-30],[13,-62],[-6,-8],[-37,72],[-56,45]],[[9732,13700],[3,37],[-25,13],[4,-34],[18,-16]],[[6702,14189],[-34,86],[10,114],[-8,27],[11,36],[-16,61],[48,21],[1,37],[-37,102],[14,17],[4,45],[-45,98],[1,38],[-13,-10],[-19,45]],[[6619,14906],[19,79],[48,36],[-12,50],[33,68],[-7,54],[66,24],[-5,33],[7,37],[-11,24],[22,17],[-9,34],[-12,-9],[-18,58],[7,15],[72,11],[51,-81],[90,-5],[43,-45],[40,65],[67,31],[82,-2],[12,50],[117,97],[65,-25],[5,-26],[26,-17],[41,61],[-9,54],[14,53],[-18,28],[15,45],[147,31],[26,68],[-2,54],[67,48],[71,-81],[27,4],[31,-104],[103,-4]],[[7930,15736],[50,-74]],[[7980,15662],[-22,-25],[10,-34],[-12,-39],[5,-38],[-16,-29],[43,-79],[-6,-50],[13,-31],[3,-85],[-6,-27],[23,-47],[21,8],[-6,-48],[30,-96],[8,-55],[-6,-29],[13,-38],[56,-9],[46,-53],[21,23],[55,2],[16,-74],[29,-23],[86,-2],[-4,-47],[18,-20],[131,21],[56,48],[25,-4],[16,-25],[3,-67],[78,-123],[-21,-97],[46,-3],[17,-65],[-20,-16],[3,-28],[27,-98]],[[8759,14260],[-83,-107],[-79,-21],[-45,-57],[19,-27],[40,20],[13,-34],[-33,-89],[-54,24],[-35,-15],[-49,-66],[-46,-88],[-4,-56],[-18,-47],[12,-23],[-50,-18],[-3,-77],[-81,-10],[-33,-32],[-18,25],[-43,-16],[-16,-49],[4,-91],[54,-60],[-77,-60],[-12,-79],[-14,-22]],[[8108,13185],[-66,44],[-7,101],[-49,85],[-5,43],[27,14],[32,58],[-19,53],[-107,21],[-15,30],[-57,20],[-11,50],[-27,14],[-10,60],[-77,-9],[1,-88],[-37,-23],[-48,26],[-47,92],[-81,6]],[[7446,13939],[39,25],[2,69],[29,65],[24,-30],[36,66],[16,97],[-22,41],[22,59],[44,-21],[40,213],[41,36],[24,45],[11,68],[17,-2],[4,23],[-19,25],[-5,45],[-45,66],[-49,32],[-65,-23],[-19,59],[-16,-17],[24,-45],[-36,-136],[28,-85],[-86,-58],[-15,-156],[-65,0],[-1,72],[-46,-2],[1,-92],[42,-126],[-46,-73]],[[7503,14917],[21,38],[-4,34],[-39,29],[-10,-69],[32,-32]],[[7414,14624],[47,28],[4,35],[-69,0],[-4,-52],[22,-11]],[[4147,25693],[-17,54],[-99,159],[-16,71],[21,84],[178,310],[169,212],[18,64],[8,92],[14,24],[-153,139],[-136,252],[-272,111],[-103,350],[114,201],[36,108],[-31,30],[-121,1],[-15,33],[240,137],[62,13],[52,69],[40,164],[18,24],[251,73],[66,69],[13,65],[30,35],[-2,60],[-43,34],[48,3],[119,-102],[104,-15],[61,23],[12,35],[0,94],[-18,31],[-19,104],[188,-46],[54,-45],[-20,-66],[-28,-38],[77,86],[141,-10],[-46,49],[11,34],[-8,39],[8,37],[51,8],[89,-77],[19,19],[-51,79],[0,27],[-27,26],[19,44],[39,-6],[91,-88],[94,-26],[15,-19],[-9,-11],[9,-18],[168,-24],[91,-52],[-11,-80],[-100,-67],[-185,68],[-114,5],[2,74],[-26,25],[-5,-80],[-56,-20],[37,-18],[-17,-73],[50,35],[66,-24],[47,10],[15,-21],[-18,-27],[46,-20],[-131,-84],[41,-3],[70,62],[31,-3],[4,20],[29,-25],[35,18],[90,-20],[-55,-69],[53,48],[81,14],[-94,-112],[-25,-61],[8,-3],[31,14],[40,79],[139,58],[88,-23],[-47,-56],[35,7],[-51,-73],[-60,-38],[91,19],[12,-19],[-77,-41],[106,-21],[-97,-90],[-109,-36],[-19,-45],[3,-85],[18,104],[154,47],[63,96],[-2,106],[65,33],[7,-15],[-8,-18],[65,7],[-9,28],[241,-28],[-3,-19],[15,-9],[91,-35],[136,-20],[-11,-35],[7,-1],[49,33],[23,-11],[12,-35],[40,35],[-50,55],[15,10],[334,-104],[37,-49],[83,-17],[27,-54],[87,-29],[295,-186],[13,-37],[90,-65],[97,-31],[113,-114],[51,-92],[112,-68],[26,-43],[-1,-57],[23,16],[137,-69],[-109,75],[34,-5],[11,5],[-7,17],[17,3],[66,-57],[56,-18],[12,-45],[172,-118],[69,-74],[144,-30],[-63,124],[35,-4],[51,-43],[39,-104],[173,-146],[-3,-22],[-35,-8],[62,-85],[30,-7],[11,53],[38,8],[62,-87],[71,-4],[37,-72],[0,-35],[-27,-56],[10,-28],[-6,-69],[37,-7],[27,-37],[-17,-172],[57,-40],[41,10],[10,-20],[-12,-45],[23,-35],[-20,-38],[7,-74],[-39,-26],[16,-39],[-54,-141],[-184,-215],[-17,-69],[-111,-125],[-58,-23],[-95,-94],[-263,-111],[-52,-45],[-336,-81],[-382,69],[-163,109],[-164,55],[-204,10],[-361,93],[-75,31],[-29,39],[-56,25],[-161,134],[-137,-77],[-20,10],[-33,83],[63,9],[7,19],[-147,30],[-35,-15],[29,63],[-8,40],[-31,-73],[-52,-17],[-26,29],[-23,-19],[-29,72],[-73,65],[6,-41],[-35,41],[-2,-29],[46,-54],[-44,34],[20,-41],[-35,27],[30,-41],[-18,-4],[-177,136],[-126,153],[6,54],[64,28],[-17,9],[-67,-7],[-58,40],[-77,2],[-30,25],[-226,-7],[32,0],[-6,-28],[148,0],[41,-55],[-29,8],[11,-18],[44,-6],[56,-55],[1,-24],[-19,-28],[-49,5],[44,-21],[-32,-47],[53,-3],[56,-55],[-5,-19],[96,-29],[19,-40],[-71,0],[87,-51],[89,1],[60,-47],[-2,-16],[-84,21],[-24,-53],[-85,0],[8,-12]],[[5714,25642],[91,43],[69,-27],[49,-57],[-16,-13],[-131,57],[-17,-9],[15,-14],[-9,-1]],[[5433,26204],[9,-12],[-6,-21],[-23,25],[20,8]],[[6132,28488],[79,14],[82,-55],[-184,17],[23,24]],[[7222,39363],[26,16],[85,-23],[-111,7]],[[10463,25472],[13,46],[49,55],[15,115],[72,45],[-33,10],[-52,107],[5,23],[38,15],[9,25],[-2,50],[17,26],[-48,93],[-45,45],[32,49],[-39,-17],[-81,71],[-120,19],[-22,44],[2,58],[11,66],[89,235],[17,105],[43,-1],[0,28],[-31,8],[26,78],[-19,50],[0,44],[48,8],[29,34],[-61,8],[6,41],[32,14],[-32,6],[116,69],[-98,-27],[-3,50],[30,171],[-7,42],[-384,320],[-22,45],[87,11],[215,-119],[563,-6],[117,-31],[154,-69],[36,-123],[215,-194],[-31,-21],[33,-3],[8,-93],[34,-49],[27,-77],[9,-47],[-11,-29],[-137,2],[-158,-51],[-278,-38],[-20,-37],[19,-9],[2,-22],[-16,-72],[-63,-8],[-59,-53],[-46,-92],[-3,-69],[17,-52],[44,-37],[229,-127],[30,-97],[51,-95],[17,-70],[85,-66],[118,7],[79,38],[47,-20],[0,-21],[-93,-90],[11,-2],[76,70],[146,29],[205,86],[63,-25],[10,-35],[11,22],[-7,28],[7,27],[50,55],[7,30],[4,92],[-26,75],[41,56],[-7,87],[76,108],[-53,117],[-4,21],[13,20],[88,52],[20,-13],[-12,-50],[10,2],[69,92],[98,-19],[91,52],[18,-16],[-17,-6],[94,-6],[31,-21],[-15,-14],[14,-11],[48,-3],[-105,97],[-35,-8],[12,47],[-5,58],[-89,104],[36,1],[73,-71],[124,-3],[222,120],[154,111],[-73,-75],[66,42],[85,112],[99,52],[147,160],[49,-37],[70,9],[155,80],[62,6],[7,11],[-23,7],[12,29],[213,62],[49,39],[17,2],[-15,-43],[-52,-27],[-3,-23],[103,7],[29,-25],[-27,-1],[-1,-50],[-68,-46],[48,-62],[65,20],[73,73],[44,14],[23,51],[-12,29],[-58,35],[-32,55],[3,28],[53,10],[10,19],[-5,10],[-59,-18],[-36,-54],[-48,4],[-8,7],[4,18],[488,306],[284,83],[194,-1],[-87,-41],[-324,-53],[30,-41],[29,0],[-18,20],[16,12],[98,-21],[29,-32],[-69,-48],[-15,-34],[4,-51],[-9,-25],[-41,-32],[78,-151],[17,-103],[-60,-62],[-83,70],[-14,-14],[49,-56],[-106,29],[-28,-32],[-24,7],[-46,-80],[50,-27],[61,18],[143,-10],[28,-26],[50,-3],[41,25],[41,75],[15,-3],[-20,-56],[13,-53],[128,104],[25,-25],[37,-94],[37,-25],[60,27],[20,56],[-29,73],[22,5],[7,57],[30,54],[25,2],[23,41],[121,83],[130,13],[127,84],[87,-41],[129,8],[7,-8],[-12,-35],[32,51],[26,7],[93,-71],[104,-24],[101,17],[35,32],[15,48],[66,99],[139,9],[21,43],[-13,24],[3,28],[91,45],[32,-1],[-18,-57],[26,-52],[48,-25],[-17,-21],[37,8],[6,20],[-65,38],[1,24],[-14,18],[7,52],[258,111],[147,-4],[8,-11],[-116,-24],[-33,-31],[91,-31],[135,-148],[-11,-57],[-84,5],[-61,-87],[5,-51],[21,-38],[-20,-73],[7,-43],[250,-81],[77,45],[46,91],[-15,67],[-71,102],[21,50],[42,33],[74,-34],[162,36],[100,94],[50,80],[64,12],[-26,21],[17,77],[-19,120],[-54,55],[-23,-2],[9,-56],[-14,-13],[-51,27],[0,124],[-20,60],[-99,140],[-41,78],[0,24],[-32,23],[6,49],[34,39],[179,8],[6,22],[-15,31],[38,18],[-16,41],[9,40],[94,45],[50,-23],[26,21],[23,-33],[61,-8],[45,-34],[154,-30],[366,-20],[331,-71],[305,-123],[179,-99],[194,-149],[-18,-22],[-56,12],[-27,-113],[8,-36],[62,50],[-3,65],[48,10]],[[19318,28364],[-20,-67],[-103,-74],[-26,-51],[-68,-58],[-5,-32],[28,-46],[-23,-47],[22,-35],[65,-9],[31,35],[117,-82],[53,11],[58,-29],[-6,-62],[35,-3],[7,-27],[-18,-16],[11,-24],[49,-78],[56,-28],[-22,-68],[-52,-59]],[[13476,27581],[85,-7],[-139,-32],[-32,-32],[-129,-47],[33,50],[128,74],[54,-6]],[[15207,28038],[58,-35],[-119,0],[61,35]],[[14898,28100],[23,-28],[-24,-26],[-30,8],[31,46]],[[16854,28270],[1,-32],[-79,97],[-126,98],[165,-85],[39,-78]],[[13061,28242],[-5,-41],[-60,-99],[-24,-16],[11,68],[35,92],[-114,-80],[-43,-66],[24,-14],[-81,-107],[-127,-79],[-49,0],[-24,-32],[-192,-51],[-33,28],[-54,-26],[-128,136],[17,20],[-48,10],[20,88],[-23,19],[19,43],[-17,20],[23,70],[-3,65],[17,80],[112,145],[144,89],[156,0],[379,-250],[68,-112]],[[17406,28917],[-39,-53],[11,-44],[-43,9],[-51,-42],[-94,33],[-48,-35],[6,-20],[-34,31],[-124,17],[7,16],[-19,29],[5,19],[32,9],[1,17],[-82,86],[-54,-5],[-155,58],[82,-69],[-49,-14],[-137,144],[-53,77],[15,35],[-24,21],[26,6],[-14,14],[6,28],[-59,14],[21,34],[-33,11],[-5,21],[23,10],[152,-55],[-20,42],[-120,75],[61,0],[50,55],[-6,42],[56,7],[64,45],[15,-36],[109,-73],[53,-85],[40,-23],[8,-66],[91,-28],[7,-41],[61,-33],[47,0],[124,-143],[36,6],[26,-43],[-6,-55],[34,-48]],[[14765,27395],[6,-19],[-12,-34],[-50,-3],[17,48],[39,28],[-14,-18],[14,-2]],[[14587,27446],[34,-16],[-14,-53],[-40,13],[-3,39],[23,17]],[[12519,27766],[32,-11],[-152,29],[120,-18]],[[12745,27908],[8,-5],[-46,-22],[38,27]],[[14738,27905],[55,-34],[-87,31],[32,3]],[[12845,27989],[11,7],[-38,-29],[27,22]],[[15039,28030],[19,-25],[-46,16],[27,9]],[[12959,28051],[10,3],[-45,-32],[35,29]],[[6430,18093],[10,-45],[53,-10],[-20,-62],[83,-46],[6,-24],[54,15],[-18,-119],[39,13],[-2,-31],[26,-35],[53,82],[102,-30],[37,19],[41,-47],[-24,-9],[9,-28],[73,2],[69,-53],[8,-83],[42,-23],[-19,-24],[-8,-46]],[[7044,17509],[-92,-59],[-10,-44],[-151,26],[-55,-30],[-27,11],[-55,-47],[10,-25],[-5,-88],[-51,-48],[-44,-26],[-45,38],[-94,-12],[-14,-27],[12,-26],[-7,-21],[7,-56],[-15,-18],[-65,35],[-16,34],[-147,63],[-39,-19],[-20,30],[-53,-74],[-86,7],[-16,-24],[3,-27],[-46,-47],[63,-54],[7,-88],[-15,-37],[-39,-26],[-16,-135],[-91,-65],[5,-48],[-11,-42],[-32,-24],[26,-111],[-87,36],[-16,-31],[-103,25],[-52,-58],[-15,-73],[-90,-62],[-20,-36],[-59,41],[9,-79],[-65,-16],[-80,-99],[-19,32],[-39,-23],[-36,11],[-20,-47],[4,-49],[-59,-72],[-52,0],[-47,32],[-84,-39],[-46,35]],[[4844,15933],[-70,-29],[-79,31],[8,179],[-12,40],[37,29],[19,46],[-109,61],[-32,47],[22,24],[-1,95],[50,136],[-58,65],[20,65],[-45,31],[45,31],[13,46],[-5,29],[-255,64],[-8,31],[35,62],[-32,-13],[-54,69],[-50,-19],[6,94],[-16,77],[114,151],[21,53]],[[9720,13818],[4,39],[-14,47],[12,49],[-79,-13],[-51,-44],[-85,54],[17,20],[-13,24],[5,41],[-57,-26],[-27,26],[-3,33]],[[9429,14068],[44,52],[6,34],[-18,37],[41,37],[-7,57],[27,4],[5,36],[52,69],[-28,40],[1,57],[-13,72],[32,4],[-4,51],[67,102],[54,18],[40,70],[-2,44],[40,81],[30,-24],[21,52],[-8,91],[9,38],[107,38],[-12,27],[-71,25],[3,87],[-73,116]],[[23849,13052],[-3,422],[46,25],[16,60],[-15,85],[-39,-5],[-23,116],[-64,28],[-3,24],[18,40],[-84,19],[24,120],[-12,34],[-24,7],[-4,37],[-19,22],[8,57],[-7,73],[-68,118],[28,36],[6,38],[57,46],[4,40],[-10,28],[-46,-2],[-22,31],[41,63],[-42,40],[-20,56],[13,14],[42,-27],[58,27],[9,40],[-31,34],[4,49],[85,111],[17,49],[64,22],[26,72],[75,-12],[26,49],[62,-1],[10,-24],[64,38],[-17,59],[-72,75],[-13,86],[26,24],[-4,19],[-35,29],[-17,-21],[-31,19],[-22,-36],[-16,20],[8,39],[63,52],[14,69],[43,11],[58,96],[-15,188],[-23,57],[-37,284]],[[24026,16221],[345,-63],[648,-27],[2,-40],[486,-195],[280,-479],[26,-16],[345,95],[40,-25],[145,-252],[165,82],[169,16],[46,46],[102,28],[30,-17],[31,37],[-14,58],[6,18],[36,9],[41,-25],[38,45],[73,-114],[-46,-61],[22,-41],[-56,-106],[17,-22],[26,25],[21,-28],[-33,-17],[-10,-56],[37,-34],[34,1],[-23,-63],[52,-73],[-3,-17],[26,-52],[-21,-24],[1,-33],[-30,3],[-7,-66],[-19,-34],[28,-67],[46,54],[11,-8],[-8,-46],[33,27],[67,-8],[53,174],[60,40],[5,56],[20,47],[106,41],[55,-72],[27,61]],[[24739,12258],[-73,117],[-462,524],[-65,188],[44,16],[80,-30],[41,69],[32,96],[-1,49],[-35,31],[64,57],[-3,31],[-95,-27],[-21,-82],[-62,-33],[-112,19],[-19,-51],[6,-40],[-209,-140]],[[21628,14236],[14,63],[-11,77],[31,67],[61,19],[23,82],[-18,39],[-31,4],[-32,38],[-3,56],[19,77],[73,36],[-14,19],[-97,-9],[-10,42],[137,32],[25,64],[20,129],[-2,24],[-36,41],[12,72],[-34,42],[29,42],[39,17],[5,57],[-36,53],[-29,-9],[-3,25],[28,29],[54,-2],[34,46],[23,96],[-24,43],[4,20],[127,-31],[15,14],[9,48],[61,0],[17,66],[32,40],[-7,79],[-17,38],[-104,112],[-63,139],[-56,23],[22,34],[-21,39],[2,43],[-41,12],[-86,-32],[-20,-49],[13,-36],[-3,-26],[-70,-9],[18,58],[-67,41],[-28,86],[2,26],[106,110],[2,50],[-10,24],[-37,-8],[-3,115],[-31,15],[-8,49],[-20,18],[-4,96],[-17,49],[22,12],[182,606],[28,13],[63,-25],[21,-75],[74,-64],[-24,-44],[-10,-177],[12,-90],[314,46],[68,-97],[303,-16],[31,31],[22,67],[43,39],[476,-13],[118,137],[55,26],[25,60],[53,65],[36,14],[6,43],[90,107]],[[23600,17565],[84,-95],[0,-36],[-100,-109],[65,-122],[-60,-105],[203,-189],[14,-283],[30,-9],[28,-44],[56,-202],[40,6],[17,-20],[49,-136]],[[23849,13052],[-97,-13],[-44,-41],[31,-74],[-172,-180],[-60,28],[-49,-5],[-16,-67],[-34,-16],[-16,-69],[-70,4],[-14,-82],[16,-34],[-29,-109],[-51,54],[0,38],[-20,42],[-32,4],[-30,-33],[-8,59],[-65,15],[-50,-44],[-57,14],[-5,-47],[-25,-4],[-15,-52],[-58,-78],[-27,30],[19,61],[-69,53],[12,34],[-14,24],[2,33],[33,23],[17,103],[38,21],[-19,20],[17,38],[107,9],[24,185],[-59,14],[-6,-53],[-25,-8],[-4,-56],[-16,-10],[-38,28],[-14,-36],[-126,42],[-17,55],[-20,14],[-3,57],[-11,18],[-136,13],[-41,-35],[-10,-50],[65,-8],[19,-86],[-61,20],[-34,-65],[-36,-5],[-8,28],[19,81],[-23,44],[-3,34],[21,-4],[32,47],[-78,43],[15,46],[-4,30],[-19,9],[-40,95],[-61,22],[-6,-23],[32,-45],[-16,-90],[44,-25],[4,-62],[-34,-4],[-49,101],[-94,16],[-20,-37],[-3,-80],[-26,-24],[-31,21],[-41,-20],[-11,73],[-56,20],[-44,-86],[-24,-14],[-50,85],[4,78],[-32,7],[-3,35],[14,28],[80,-15],[3,82],[-14,18],[-10,148],[3,28],[44,34],[0,58],[-22,42],[-44,9],[-39,42],[-7,75],[-18,40],[12,59],[-8,27],[9,106],[-78,156],[-2,33],[13,29],[-42,19],[-68,-44],[-39,16]],[[21766,15004],[7,-13],[-10,-33],[-20,1],[23,45]],[[21743,14920],[13,-12],[-29,-1],[16,13]],[[17189,10910],[-12,0],[-7,-41],[32,-94],[24,5],[9,25],[145,-106],[-18,-56],[-35,-37],[9,-30],[46,-11],[13,-34],[180,-6],[3,-68],[36,-62],[139,-24],[50,-34],[38,-131],[42,-38],[-55,-53],[-55,-407],[-291,-152],[-178,33],[-53,58],[-17,103],[-49,10],[-25,-25],[-20,-85],[0,-72],[-42,-112],[-18,-30],[-65,-10],[-42,-50],[-30,64],[46,16],[1,27],[-53,52],[-70,-16],[-32,47],[-116,16],[-48,48],[-27,70],[-36,-5],[-10,74],[-29,0],[-10,30],[20,70],[0,62],[-32,39],[-61,9],[-5,38],[-24,42],[-36,-27],[-24,-69],[-39,43],[-49,-21],[-82,43],[-14,-46],[-6,-167],[-70,10],[-38,-61],[-57,40],[-26,101],[-32,20],[-18,83],[-35,-30],[-88,-19],[-63,21],[-16,-23],[13,-68],[-9,-13],[-39,15],[-51,90],[-24,-40],[5,-58],[-35,-28],[-15,-65],[-67,22],[-33,-183],[-179,-197],[-57,72],[-24,57],[-69,8],[-95,133],[-15,88],[-65,29],[-35,60],[-74,56],[-44,-25],[5,-50],[-19,-25],[58,-43],[0,-181],[16,-105],[-36,-61],[-39,-19],[-27,24],[-24,73],[18,150],[27,58],[-3,28],[-86,51],[-56,90],[-14,104],[-40,23],[-35,68],[-111,34],[-34,71],[-8,64],[18,19],[-3,17],[-67,54],[-20,42],[-102,31],[-4,-28],[-51,3],[-39,-37],[-70,55],[-48,-53],[-52,4],[-28,46],[-62,262],[-11,11],[-21,-51],[-47,-8],[-24,-58],[-95,14],[-44,-80],[7,-102],[-37,-39],[-20,-3],[-11,68],[-16,17],[-52,-61],[-67,-3],[-29,65],[52,25],[10,26],[-4,43],[-36,14],[-23,43],[-131,-6],[-37,66],[-30,14]],[[13250,10674],[55,93],[92,85],[128,169],[16,118],[-19,38],[2,94],[25,21],[0,44],[39,33],[-39,81],[2,50],[30,-3],[-15,58],[12,46],[80,-13],[19,134],[-23,30],[4,44],[35,7],[25,53],[78,65],[5,83],[40,27],[-42,37],[30,35],[-1,48],[15,35],[-8,41],[21,79],[-42,91],[-6,50],[9,33],[35,14],[30,95],[67,275],[-15,54],[46,79],[-37,70],[-54,-10],[-4,31],[33,26],[4,43],[-14,39],[-47,43],[32,30],[96,-6],[14,56]],[[14003,13319],[38,-35],[53,7],[74,-40],[0,-19],[-16,-9],[20,-14],[36,10],[-7,35],[21,24],[23,-51],[0,-40],[-72,-33],[41,-87],[23,-13],[-9,-42],[50,21],[31,-23],[48,-103],[42,77]],[[13890,12273],[12,39],[-21,14],[-10,-40],[19,-13]],[[6974,12552],[4,-35],[34,-28],[57,19],[34,-66],[-2,-25],[38,-57],[59,-37],[33,32],[23,-7],[18,-68],[41,-53],[47,-11],[31,22],[8,-24],[80,-33],[61,57],[63,-32],[31,21],[-3,-110],[13,-53],[11,-23],[43,19],[39,-58],[16,-66]],[[14774,15320],[-14,94],[-31,-20],[-28,97],[-59,66],[21,43],[-6,34],[-26,15],[-29,-59],[-44,13],[12,60],[-21,103],[21,7],[33,-68],[41,14],[21,45],[1,170],[33,37],[71,9],[25,32],[-9,27],[-44,34],[20,35],[-2,150],[-85,23],[16,83],[49,36],[-3,37],[-35,2],[-6,43],[13,22],[-9,26],[-24,2],[-13,-37],[-43,52],[54,43],[-17,51],[34,41],[-8,124],[-20,80],[1,82],[-64,110],[-24,93],[-32,38],[32,92],[-43,84],[0,38]],[[16899,20698],[34,-171],[-14,-37],[9,-48],[-47,-61],[-21,-125],[11,-52],[32,-42],[-7,-62],[18,-41],[-5,-80],[41,-29],[1,-124],[-16,-54],[-18,-185],[-25,-59],[-42,-49],[-2,-41],[-27,-69],[9,-97],[-31,-68],[-3,-51],[-26,-40],[3,-71],[-43,-48],[21,-65],[-62,1],[-21,-70],[-55,-3],[-40,-145],[-56,-11],[-21,-160],[-38,-85],[88,-26],[64,-145],[142,-63],[33,-48],[40,-15],[-35,-148],[38,-70],[-17,-49],[-32,-14],[7,-122],[38,-14],[10,-49],[79,-2],[17,-25],[-14,-91],[29,-99],[-26,-46],[-47,-30],[-3,-52],[-32,-62],[-50,-40],[-37,-62],[-68,-3],[-33,-67],[-38,-33],[-3,-48],[-25,-59],[52,-96],[16,-58],[40,-9],[0,-70],[-13,-39],[-130,-152],[-33,22],[5,56],[-9,23],[-113,10],[-8,-19],[9,-33],[-22,-74],[-29,45],[-33,-65],[9,-56],[-25,-155],[15,-17],[-9,-21],[25,-8],[12,-51],[-21,-44],[22,-8],[0,-45],[27,-13],[-35,-14],[22,-23],[-1,-41],[-43,8],[16,18],[-5,13],[-22,-26],[-27,5],[-25,-99],[-24,2],[-7,-38],[-22,8],[-59,-55],[-42,13],[-9,35],[-43,-11],[-51,-72],[41,-101],[-2,-29],[49,-66],[-30,-52],[11,-41],[-22,-80],[9,-31],[-14,-85],[39,-44]],[[9579,12748],[73,36]],[[11134,12942],[26,-38],[44,39],[22,-7],[81,-76],[6,-32],[-9,-42],[39,-49],[-5,-44],[28,-1],[26,-82],[43,-52],[-15,-19],[17,-67],[-5,-28],[37,-34],[43,-1],[1,-30],[45,-36],[50,-77],[16,-73],[-28,-21],[-2,-56],[41,-8],[-24,-100],[9,-172],[-14,-28],[30,-44],[5,-68],[-63,-58],[-9,-35],[7,-63]],[[11576,11540],[-92,50],[-2,53],[-12,13],[-28,-37],[-92,-19],[-10,-58],[-53,-21],[-8,-51],[-20,12],[-47,-67],[16,-31],[-14,-55],[-108,55],[3,61],[-38,-4],[-49,-38],[-6,-41],[-35,-40],[-33,18],[-45,-27],[-46,29],[-29,-44],[11,-34],[-22,-23],[-58,58],[-26,73],[-86,38],[-42,65],[-20,-31],[15,-33],[-6,-28],[6,-35],[-49,-11],[-35,-69],[3,-31],[-128,33],[-127,85],[-167,-41],[-20,47],[-56,23],[-21,-51],[-19,-9]],[[9981,11324],[-34,102],[41,11],[-24,47],[41,29],[42,72],[-60,162],[-34,46],[-40,97],[-74,60],[-49,92],[-37,7],[-14,47],[19,41],[-86,162],[-43,3],[0,37],[26,29],[-15,32],[-52,63],[-24,-2],[-2,112],[11,50],[-14,48],[25,43],[-5,34]],[[50782,6260],[-24,-73],[-34,-12],[-139,-278],[-26,-166],[-39,-86],[-26,-118],[-2,-116],[-60,-96],[-44,-228],[-28,-73],[-38,-49],[-3,-34],[-66,-129],[-47,-153],[-117,-173],[-107,-251],[-142,-184],[-13,-86],[-95,-161],[-2,-54],[-44,-69],[-2,-42],[-38,4],[-20,-45],[9,-38],[-40,-56],[-3,-83],[-27,-74],[-50,-47],[-21,7],[-68,-95],[-8,-73],[-69,-123],[1,-52],[-15,-79],[-35,-35],[-13,-83],[-20,28],[0,-56],[23,-14],[-39,-118],[-64,-75],[-17,45],[-23,-23],[21,-29],[-3,-38],[-41,-146],[-65,-41],[-87,-146],[-29,-11],[-115,-148],[-101,-79],[-36,-85],[-78,-114],[-37,15],[-46,-52],[-6,-30],[-19,37],[-33,0],[-74,-82],[-78,-28],[-34,-56],[-56,11],[-12,23],[35,28],[-38,78],[-38,-12],[-15,-68],[-21,9],[-11,64],[-14,12],[3,77],[-35,-35],[6,-14],[-50,-20],[-29,32],[-3,53],[-42,18],[-25,-42],[6,-41],[-21,-14],[-10,45],[2,197],[20,49],[-4,41],[22,17],[-31,47],[16,30],[0,31],[-24,14],[-27,-83],[-55,-49],[-28,-66],[-43,-47],[-18,16],[14,35],[-26,-35],[-4,15],[26,98],[37,42],[23,77],[-9,10],[-26,-55],[4,22],[-9,14],[-47,-1],[-13,32],[-40,-128],[18,-25],[-15,-11],[-15,28],[-20,-34],[20,6],[-56,-138],[1,-42],[-28,4],[-1,-59],[-44,3],[3,-72],[30,0],[-39,-43],[-12,-57],[-22,19],[-11,-16],[-16,-72],[11,-25],[-26,-68],[14,-26],[-9,-5],[3,-29],[-22,21],[6,30],[-23,12],[-3,51],[-14,-28],[-39,1],[-45,-42],[-32,35],[50,-16],[7,35],[-69,1],[19,20],[-2,26],[-35,-18],[-10,19],[-27,-37],[32,-49],[-1,-36],[19,17],[42,-69],[-13,-8],[-2,-48],[-22,-11],[-35,-168],[-13,16],[-12,90],[-25,32],[-24,99],[23,39],[-5,54],[-29,56],[-53,19],[12,39],[76,83],[63,7],[25,45],[85,-20],[13,48],[34,14],[-11,123],[45,90],[-6,81],[29,65],[4,79],[14,37],[-3,72],[-48,82],[13,56],[-9,195],[20,128],[-4,67],[24,81],[-84,634],[-57,161],[39,21],[12,47],[53,-5],[65,64],[44,-6],[75,130],[-2,75],[10,35],[40,17],[27,90],[29,33],[26,-78],[23,-27],[405,-208],[43,31],[43,84],[-9,147],[13,134],[20,75],[99,80],[6,43],[21,12],[-9,21],[14,39],[-19,23],[29,70],[-15,42],[16,59],[30,-3],[14,61],[17,-2],[26,131],[-13,79],[22,17],[23,56],[15,-18],[31,63],[-4,43],[10,11],[-23,27],[30,52],[-37,81],[24,104],[41,64]],[[47760,1845],[-16,-59],[-53,30],[14,6],[-9,19],[9,2],[-6,28],[35,-8],[-14,29],[40,-47]],[[47985,1652],[11,-28],[-31,32],[11,65],[9,-69]],[[4844,15933],[-12,-53],[-32,-16],[-4,-93],[-38,-5],[-7,-30],[17,-12],[-2,-38],[26,-66],[26,30],[52,-7],[8,-56],[-27,-105],[1,-42],[78,-31],[14,-104],[24,6],[21,-40],[64,-9],[-8,-177],[16,-74],[-71,-89],[29,-75],[-3,-59],[27,-104]],[[5043,14684],[-78,9],[-34,-20],[-67,51],[-6,-67],[-34,-43],[-20,-82]],[[4804,14532],[-25,33],[-45,-17],[-20,59],[-42,13],[-4,53],[-45,37],[-5,39],[-114,66],[-40,-37],[-85,22],[-43,-73],[-52,-1],[-86,-90],[-56,86],[15,115],[25,27],[-28,48],[-148,70],[-72,-48],[-22,-42],[-44,25],[-11,69],[-29,61],[-94,1],[-34,-47],[-69,101],[29,130],[-21,100],[-1,68],[-30,65],[14,46],[-49,41],[-13,100],[-49,56],[20,79],[-54,51],[-67,-27],[52,200],[-29,62],[60,56],[7,133],[-140,141],[7,99],[-74,-1],[-11,44],[24,36],[3,74],[50,35],[-3,59],[22,22],[-12,13],[75,17],[42,37],[-11,30],[-46,28],[4,50],[-19,37],[0,85],[-58,134],[0,99],[26,77],[-62,363],[29,122],[93,103]],[[8721,8481],[34,39],[125,-32],[51,53],[116,43],[62,105],[11,123],[23,57],[102,112],[-1,33],[-28,49],[34,63]],[[9250,9126],[56,-145],[42,-32],[-3,-52],[14,-38],[110,-63],[127,-210],[-27,-167],[-17,-22],[-8,-104],[14,-45],[3,-70],[-25,-34],[17,-54],[0,-55],[115,5],[20,-100],[38,-10],[77,-76],[-1,-68],[36,-96],[-39,-96],[21,-93],[-31,-71],[-76,-43],[-74,-7],[-84,-88],[29,-125],[-41,-28],[21,-91],[-21,-44],[-11,-94],[106,-18],[26,31],[67,-33],[101,-163],[23,-122],[73,-223],[53,68],[31,-10],[1,-73],[30,-46],[147,36],[38,-41],[30,32]],[[9399,4852],[-30,-21],[-94,20],[-19,-48],[-91,6]],[[8107,5728],[55,31],[27,50],[30,4],[59,86],[17,-20],[70,0],[10,73],[36,31],[-25,13],[-21,-41],[-3,48],[-10,13],[14,58],[-8,56],[-75,26],[-61,-34],[-3,-64],[-38,-26],[-125,-29],[6,-20],[-38,27],[35,77],[91,27],[15,43],[-12,-29],[-97,-29],[-54,-98],[-89,-30],[-6,90],[35,49],[7,35],[-48,25],[29,94],[7,136],[34,80],[89,19],[42,58],[31,-7],[26,145],[35,41],[68,-4],[32,-29],[88,18],[30,-24],[132,-11],[25,22],[15,130],[-15,54],[35,21],[0,85],[64,155],[-75,35],[46,69],[-34,108],[11,27],[-15,64],[-87,13],[31,162],[32,62],[84,-19],[26,41],[7,40],[-19,18],[-25,-35],[-18,26],[-64,17],[-36,76],[3,50],[101,28],[15,78],[80,122],[8,89],[-42,93],[-11,62],[39,73],[-4,29]],[[8201,12498],[9,45],[-21,20],[14,26],[9,79],[-50,45],[-1,52],[9,20],[-12,33],[22,55],[-32,20],[-8,58],[-16,-12],[-7,89],[28,46],[-9,51],[-29,-16],[1,76]],[[8759,14260],[12,27],[47,4],[6,-13],[-16,-33],[33,-7],[54,42],[13,-79],[27,-46],[51,0],[67,58],[28,-2],[31,-39],[19,-75],[6,52],[43,23],[50,-26],[41,-66],[36,26],[65,-48],[57,10]],[[9579,12748],[-165,11],[-38,-41],[-37,22],[-73,-21],[-20,-31],[-1,-206],[-35,-31],[-43,-88],[-43,12],[-14,43],[-45,20],[-32,-23],[-48,78],[-22,5],[-24,-54],[-63,-58],[-25,40],[-2,-99],[-15,-28],[3,-23],[-28,5],[-8,25],[-62,-33]],[[38989,33009],[60,-57],[157,-69],[241,-39],[191,42],[53,44],[6,16],[-11,76],[-47,76],[0,42],[123,-108],[120,-208],[15,-77],[-12,-29],[-46,-11],[-69,-122],[60,-75],[95,-36],[5,-96],[-9,-75],[15,-67],[-28,-112],[13,-30],[-74,-70],[-83,-34],[-5,-39],[28,-42],[8,-59],[76,-57],[307,-65],[-297,80],[-66,56],[-33,88],[9,27],[74,42],[80,87],[-10,40],[5,32],[30,56],[-31,80],[14,71],[69,68],[55,-7],[78,34],[-111,9],[-102,84],[-29,66],[190,31],[83,65],[316,9],[110,67],[128,36],[506,-36],[358,-87],[428,0],[145,-33],[88,-66],[-49,-39],[-75,-8],[-55,42],[-47,-8],[-51,-76],[35,-28],[-24,-35],[-8,-59],[17,-44],[223,-120],[262,-65],[25,-53],[39,-8],[16,-36],[345,-86],[17,15],[-311,69],[-33,51],[379,-31],[170,-46],[141,45],[148,-18],[24,19],[73,-14],[-17,-38],[51,-34],[161,-17],[48,-37],[84,-12],[-180,116],[240,-70],[34,20],[-222,94],[31,6],[-17,28],[64,12],[104,-32],[13,-41],[105,-41],[86,64],[-7,54],[33,59],[30,-8],[-6,28],[-25,9],[-9,34],[10,19],[62,23],[-14,-21],[31,-16],[33,10],[-23,13],[26,20],[-56,18],[-25,38],[9,17],[-45,18],[-27,58],[35,41],[-84,18],[38,18],[-20,31],[10,7],[57,-21],[-73,104],[9,18],[44,-5],[-24,36],[47,-14],[-20,41],[-3,42],[85,53],[25,-19],[-23,-21],[9,-7],[-14,-26],[40,-8],[-23,-21],[18,-12],[151,39],[-33,28],[-8,49],[12,28],[-23,28],[46,-14],[29,-35],[-26,-34],[28,-6],[30,34],[38,6],[9,35],[61,48],[9,-14],[-15,-7],[50,-7],[53,-42],[36,5],[-2,-25],[15,-9],[55,16],[-9,-21],[40,-37],[22,9],[3,-49],[24,14],[2,42],[38,21],[12,-35],[-7,-13],[27,-7],[-15,-28],[15,-5],[-18,-40],[11,-26],[15,16],[23,-28],[33,44],[15,-28],[17,19],[16,-15],[-10,-13],[84,-21],[-12,-21],[9,-7],[-52,-41],[23,-35],[-6,-14],[26,11],[-8,30],[15,9],[101,2],[-26,31],[44,49],[23,-7],[-7,-64],[-19,-33],[12,-8],[27,26],[4,55],[117,49],[50,-45],[-10,-23],[4,-26],[-27,-35],[-67,30],[-8,-23],[44,-34],[-41,-22],[111,29],[14,-15],[-9,-20],[50,-28],[17,-52],[-12,-27],[2,-36],[40,70],[-41,79],[33,0],[11,46],[27,18],[32,-62],[16,26],[-4,32],[42,-11],[-12,28],[6,48],[-38,14],[12,15],[82,16],[170,-59],[229,-20],[-38,-35],[76,-31],[-50,-59],[162,14],[10,-7],[-26,-39],[3,-17],[-32,-34],[87,-29],[93,25],[100,-45],[-21,-27],[53,-13],[-5,-23],[-45,1],[6,-40],[-37,-45],[85,51],[58,0],[140,-94],[15,-50],[-16,-30],[-35,-9],[-105,32],[-145,0],[-204,-64],[-33,-49],[12,-24],[-6,-17],[-42,-34],[96,8],[427,-92],[-56,-15],[-12,-33],[-228,55],[-61,-5],[-17,20],[-36,-52],[-208,-6],[120,-100],[180,-86],[275,-19],[7,-18],[-14,-31],[54,-19],[56,-65],[-68,-28],[7,-43],[88,-32],[-137,-97],[105,-7],[-66,-37],[-87,9],[-83,-27],[-67,76],[-120,55],[32,41],[-17,16],[-161,58],[-124,113],[-82,1],[84,-98],[-50,-7],[214,-122],[26,-54],[61,-59],[0,-70],[15,-2],[17,-42],[40,-18],[20,-70],[-3,-30],[51,-37],[61,-89],[109,71],[3,24],[-71,173],[8,15],[104,-137],[10,-80],[99,-82],[-101,38],[-89,-49],[-80,-4],[-37,-50],[23,-62],[115,16],[44,-64],[-6,-53],[34,-31],[33,-121],[111,-87],[47,-114],[-58,-62],[101,24],[32,-17],[-8,-28],[68,18],[34,-32],[1,-30],[25,-29],[-23,-25],[127,-42],[13,-40],[52,-21],[34,21],[10,76],[19,15],[52,-134],[-1,-83],[66,-24],[78,11],[136,139],[96,215],[-4,35],[44,14],[1,24],[-18,10],[11,26],[59,22],[84,-14],[-105,52],[70,253],[67,166],[117,203],[76,64],[148,25],[48,-13],[69,-73],[6,-53],[-22,47],[-62,60],[-53,16],[-40,-21],[-3,-24],[-57,0],[-9,-31],[16,-49],[-42,-21],[6,-42],[109,-50],[71,-142],[212,-144],[110,-38],[110,-29],[136,6],[41,30],[66,-39],[-38,-71],[8,-33],[43,103],[-31,55],[35,8],[13,53],[95,58],[36,-23],[38,37],[92,-22],[-35,35],[119,58],[155,12],[195,-60],[31,-17],[-2,-41],[18,-9],[-3,-33],[49,53],[47,-5],[49,-62],[164,-78],[-15,-18],[49,7],[59,-28],[-21,-34],[18,-15],[-35,-14],[55,-39],[35,2],[38,37],[-14,-34],[29,0],[-20,-30],[-71,-1],[102,-53],[-1,-26],[21,-22],[41,29],[27,-8],[-12,-14],[14,-8],[41,15],[-34,57],[-32,13],[-33,-21],[3,23],[-46,25],[39,24],[100,-29],[73,53],[-103,25],[65,31],[91,-14],[-25,21],[-125,0],[-34,21],[15,20],[-34,-13],[-24,20],[79,87],[10,86],[25,23],[171,32],[-41,-34],[15,-41],[59,13],[8,32],[-18,24],[86,36],[123,-74],[19,-80],[29,-42],[-18,-20],[32,-14],[66,7],[41,74],[62,0],[55,-38],[59,36],[75,-21],[-23,32],[9,21],[-70,65],[-43,84],[-18,121],[22,53],[28,16],[-42,11],[-58,62],[-101,17],[127,5],[33,44],[1,86],[67,96],[110,-25],[37,33],[-9,28],[-271,18],[-54,-49],[52,-8],[-10,-11],[-117,15],[40,-45],[-68,28],[-41,87],[31,80],[69,96],[90,76],[129,5],[97,-24],[214,17],[227,92],[-75,14],[33,68],[-8,42],[-140,100],[-2,25],[-32,34],[5,26],[56,6],[232,-33],[118,-93],[290,-73],[132,16],[233,-29],[169,11],[93,-34],[724,-112],[130,-60],[175,-26],[310,-117],[-27,-24],[-469,34],[-143,-18],[-32,49],[-45,26],[-34,-21],[-63,39],[-100,-65],[-80,-151],[-75,70],[-58,-27],[-43,11],[45,-57],[87,-47],[78,0],[65,58],[134,32],[792,49],[-16,-42],[-169,-207],[-107,-81],[-115,-131],[-14,1],[1,31],[24,51],[-2,92],[48,9],[102,90],[-48,45],[-66,-2],[-14,-14],[8,-34],[-41,-53],[-14,30],[11,27],[-8,28],[-40,8],[-4,21],[29,20],[-12,16],[-79,39],[-34,-13],[58,-35],[-55,-131],[23,-48],[50,-4],[11,-66],[-5,-35],[-203,-58],[-152,110],[-6,-46],[7,-21],[103,-71],[-8,-31],[-71,-43],[-61,1],[14,-28],[-11,-69],[25,27],[22,-27],[31,21],[109,-35],[101,80],[68,-11],[130,57],[140,121],[8,34],[36,31],[64,106],[245,257],[234,9],[279,-28],[239,-60],[275,-104],[48,-28],[97,-122],[49,-79],[3,-28],[-23,-46],[-132,-76],[-33,8],[-112,124],[-35,-23],[17,-7],[-49,-49],[-27,-55],[-133,41],[24,-37],[63,-18],[-15,-55],[-75,-28],[75,-8],[41,36],[286,-56],[77,22],[63,-75],[-41,-23],[3,28],[-26,-9],[-6,-17],[11,-45],[-41,-33],[0,-35],[106,54],[68,5],[22,-23],[107,21],[39,-29],[-8,-46],[-42,-42],[-16,-57],[-208,-125],[8,-13],[42,11],[58,57],[54,8],[106,106],[35,4],[-34,-38],[-28,-80],[98,90],[89,28],[237,-85],[232,-296],[-1,-19],[-31,-15],[-172,7],[11,-15],[350,-129],[18,-21],[-3,-36],[31,44],[160,0],[136,23],[16,25],[115,1],[19,-23],[245,105],[528,98],[18,-17],[-12,-41],[15,-28],[32,90],[141,34],[701,-25],[172,-27],[531,-221],[192,-160],[65,-90],[78,-164],[29,-110],[5,-47],[-8,-26],[-40,-46],[-23,-65],[-106,6],[96,-36],[-27,-44],[5,-63],[-44,-31],[-29,-51],[-1,-21],[31,-53],[-14,0],[30,-31],[-13,-46],[39,28],[131,-87],[8,-1],[-20,26],[49,-10],[24,-18],[2,-47],[84,34],[142,-53],[28,12],[39,-70],[-20,-38],[-16,-79],[43,-168],[-8,-50],[15,-52],[-1,-32],[-32,-58],[41,-36],[97,-26],[55,-63],[-83,-192],[-5,-101],[-43,-87],[-32,-46],[-117,4],[27,-37],[96,7],[37,27],[52,106],[39,36],[-24,53],[12,36],[108,133],[-6,109],[-32,63],[-15,63],[7,28],[-28,40],[27,66],[-20,45],[29,14],[-20,35],[70,49],[86,103],[94,21],[2,33],[71,43],[-10,7],[7,17],[46,2],[13,51],[44,-26]],[[42648,15857],[-23,18],[-27,73],[-42,8],[-26,33],[-1,76],[29,73],[-38,65],[-22,108],[-41,26],[-19,68],[4,75],[25,31],[9,49],[-31,28],[-43,-3],[-51,-106],[-25,28],[10,48],[-4,115],[-47,47],[49,303],[-8,38],[4,83],[-18,62]],[[38824,32830],[5,24],[-18,19],[18,32],[-17,2]],[[60333,28117],[12,-93],[-14,-32],[-31,-9],[29,82],[-9,26],[-64,60],[-72,32],[-4,145],[18,91],[-44,93],[12,48],[79,74],[40,8],[7,-85],[-41,-48],[24,-34],[10,-86],[-23,-53],[30,-56],[1,-86],[40,-77]],[[60395,28657],[-10,-44],[3,-68],[-108,-36],[27,51],[-13,129],[25,10],[9,36],[49,-20],[18,-58]],[[45840,32655],[49,27],[73,-2],[158,-53],[-280,28]],[[60714,29789],[43,-28],[-104,0],[61,28]],[[60408,29900],[14,-41],[-99,55],[9,35],[20,2],[53,-29],[3,-22]],[[60009,29948],[17,-35],[-111,1],[21,80],[-43,-12],[-19,42],[47,21],[67,-21],[21,-76]],[[50309,30675],[22,-48],[-116,-93],[-90,66],[-91,6],[61,-35],[-28,-28],[-150,91],[96,59],[207,20],[89,-38]],[[46446,31783],[34,-15],[27,-47],[-43,-2],[-38,-47],[-55,-18],[-134,34],[-100,74],[233,42],[76,-21]],[[46228,31942],[43,57],[135,15],[110,49],[96,-6],[76,-61],[8,-54],[-36,-39],[-54,-12],[-378,51]],[[42809,32233],[-29,-49],[9,-13],[-217,-6],[-7,13],[26,27],[-55,56],[67,34],[97,6],[109,-68]],[[52674,32455],[38,-90],[-67,-44],[-99,-12],[-707,125],[-308,111],[-121,-4],[-229,-80],[-63,13],[-21,80],[59,53],[140,-19],[110,33],[71,96],[101,224],[97,81],[103,-18],[96,42],[192,11],[228,-92],[351,-286],[55,-100],[-41,-35],[15,-89]],[[44641,33056],[32,-24],[-62,-51],[-53,5],[-44,35],[38,35],[-23,8],[25,16],[83,11],[-50,-27],[54,-8]],[[49605,33098],[5,-26],[-9,-20],[-48,-33],[-40,60],[-132,104],[-31,70],[-45,41],[-48,10],[-37,99],[100,-24],[180,-133],[107,-116],[-2,-32]],[[51663,33292],[-12,-24],[5,-61],[-19,-62],[-209,-89],[-46,-7],[-47,30],[-69,134],[6,84],[18,67],[55,34],[230,23],[71,-43],[23,-69],[-6,-17]],[[41032,33500],[8,-48],[-27,-23],[-70,19],[-2,20],[41,55],[50,-23]],[[39887,33590],[10,-51],[-28,-11],[1,-32],[-53,-52],[17,-20],[-26,-35],[-108,-52],[-51,-86],[-30,-21],[-261,51],[-95,80],[-152,43],[-52,54],[4,32],[18,15],[58,20],[87,-30],[42,21],[15,25],[-6,25],[14,28],[-13,30],[14,61],[44,13],[272,-56],[240,-16],[39,-36]],[[55800,34317],[56,-22],[-42,-17],[-38,-73],[-49,-46],[15,-48],[-4,-26],[-30,-41],[-346,-89],[-34,-40],[-216,-8],[-441,46],[-216,151],[-245,53],[-187,124],[-183,49],[-62,64],[43,51],[-2,107],[41,-5],[9,12],[-13,11],[4,23],[61,35],[-28,51],[20,64],[20,11],[96,-41],[46,-50],[-38,-22],[-20,-47],[69,-72],[153,-31],[72,14],[9,5],[-15,20],[-61,-13],[44,45],[70,-17],[-44,41],[18,10],[439,-19],[74,-39],[-58,-96],[71,-73],[123,7],[96,47],[427,-44],[36,-39],[-22,-30],[44,9],[125,-37],[-38,-28],[12,-7],[57,22],[17,44],[65,4]],[[49910,34749],[-3,18],[48,-42],[-45,24]],[[49946,34799],[34,12],[-72,-44],[38,32]],[[49491,34684],[-13,-25],[3,-23],[28,-36],[-21,-27],[-59,-35],[-168,-7],[5,87],[23,22],[33,85],[-23,111],[21,27],[-6,22],[13,44],[28,32],[9,69],[53,-90],[20,-77],[136,-89],[-82,-90]],[[53478,34697],[10,-23],[-135,-17],[-146,-70],[-13,-27],[-9,-77],[112,-55],[-93,-28],[0,-46],[-14,-41],[-82,-48],[-51,-60],[-161,-28],[-105,57],[-166,-11],[-202,77],[-20,79],[-56,13],[-27,83],[-63,56],[17,52],[-10,25],[10,25],[36,14],[45,61],[122,52],[13,45],[-18,62],[-122,3],[-23,22],[-137,-7],[-20,-15],[61,-34],[-181,-14],[84,-28],[-84,-13],[56,-28],[-25,-61],[45,-64],[-10,-94],[105,-113],[12,-64],[60,-44],[10,-45],[28,-28],[331,-83],[71,6],[40,-65],[-104,-47],[-273,-24],[-45,19],[-39,-48],[38,0],[-15,-14],[-70,-17],[-67,7],[-163,111],[46,31],[91,-43],[29,8],[-70,75],[-151,-6],[-201,-80],[-349,-42],[-85,-38],[-120,-12],[-40,76],[-44,21],[-9,41],[-84,16],[-82,-51],[10,-7],[-1,-55],[15,-13],[55,33],[-35,-44],[-28,-78],[-65,-81],[-92,-36],[-47,6],[-86,57],[-276,62],[-115,71],[-43,131],[-281,167],[-95,134],[6,47],[-26,42],[75,26],[33,-45],[58,-7],[72,34],[3,20],[-14,28],[-108,-7],[-6,20],[8,35],[65,7],[-51,80],[10,38],[38,13],[-65,52],[7,39],[-38,35],[56,64],[231,-41],[-14,40],[-46,21],[-72,79],[-8,54],[8,12],[119,61],[134,19],[38,44],[-15,11],[-46,-33],[70,66],[102,38],[-21,-21],[44,-73],[20,45],[-8,15],[31,64],[220,53],[-65,-20],[27,-12],[6,-50],[57,-61],[219,-113],[86,-16],[36,-33],[-32,-6],[-16,-45],[67,-51],[83,-36],[47,31],[106,-41],[15,-35],[-38,-52],[-10,-48],[18,-17],[182,-24],[68,34],[-84,90],[17,71],[-11,89],[13,88],[39,64],[97,9],[168,-44],[-47,41],[-87,132],[167,-64],[188,-110],[171,-151],[218,-56],[139,0],[-12,27],[96,36],[93,-41],[61,6],[104,-69],[227,-72],[36,-52],[155,-36],[82,-69]],[[55183,35907],[-48,-28],[-10,-43],[7,-34],[-24,-7],[-326,2],[15,28],[170,78],[249,35],[-33,-31]],[[56671,35315],[4,-36],[-47,-33],[-93,56],[28,31],[89,27],[20,-5],[-1,-40]],[[58281,36281],[-3,-24],[-69,14],[25,28],[47,-18]],[[60506,28751],[2,-81],[-13,-19],[-49,-2],[-37,68],[1,17],[96,17]],[[52271,13238],[6,-61],[19,10],[-7,30],[28,-11],[6,18],[-11,44],[27,43],[-3,47],[18,10],[123,-310],[-48,-220],[-20,-30],[35,-14],[29,-159],[-32,131],[-16,-17],[7,-47],[35,-73],[-9,-28],[26,-21],[-14,-21],[32,-27],[-35,-36],[23,-27],[20,24],[13,-42],[2,-51],[-23,-7],[17,-41],[-7,-39],[37,18],[12,-37],[64,-496],[-15,-63],[3,-208],[-15,-151],[-44,-118],[2,90],[32,37],[-16,18],[25,112],[-14,6],[-61,-262],[21,6],[4,-31],[-11,-195],[-15,33],[-8,-49],[18,-15],[8,-95],[-14,-29],[17,-54],[-1,-40],[21,-19],[11,37],[34,-187],[-24,-29],[-16,-157],[48,-14],[-5,85],[17,53],[12,-81],[23,-57],[12,-167],[-21,27],[-20,-20],[41,-62],[3,-76],[15,7],[1,26],[-11,63],[12,-24],[114,-986],[90,-299],[53,-269],[4,-108],[39,-124],[-3,-79],[26,-190],[44,-180],[24,-59],[103,-142],[10,-80],[-9,-38],[7,-69],[23,-46],[-34,14],[-19,153],[-55,142],[-91,122],[-18,63],[-80,123],[-157,59],[16,24],[-105,17],[-33,48],[-61,-7],[-4,-20],[34,-33],[1,-27],[142,1],[-125,-16],[-84,-54],[-71,-124],[-14,-78],[6,-130],[-83,-358],[-109,-558],[3,-246],[20,-126],[67,-199],[-15,-8],[70,-48],[59,-137],[11,-106],[-4,-79],[37,-186],[-10,-11],[33,-13],[-10,-24],[-26,-1],[-3,-25],[22,-34],[16,-73],[29,10],[43,-34],[20,25],[-17,41],[-66,31],[-9,34],[11,28],[52,-46],[42,4],[15,49],[10,-20],[14,-59],[6,-186],[22,-140],[-8,-51],[29,-22],[-64,-187],[0,-104],[-19,-62],[-4,200],[-36,188],[-2,79],[17,4],[9,42],[-10,22],[-40,5],[12,-46],[-61,85],[-40,-11],[-56,27],[-59,-20],[-17,44],[-13,104],[-46,-23],[-68,-89],[-22,-77],[-53,-229],[-34,-300],[-35,-39],[-14,-92],[-65,136],[-14,246],[-27,138],[-10,124],[4,65],[100,456],[0,117],[-35,129],[7,73],[-17,112],[6,133],[54,246],[42,112],[-25,371],[-91,278],[-26,167],[47,89],[-3,42],[32,159],[-5,38],[22,100],[-6,118],[27,149],[14,218],[-14,222],[20,190],[-16,207],[4,74],[-44,189],[22,164],[2,109],[13,74],[52,137],[8,83],[-41,147],[2,57],[-43,105],[9,25],[-8,28],[-58,89],[-1,53],[-31,1],[-21,60],[-56,76],[52,-27],[6,24],[-5,63],[-73,79],[16,28],[-13,174],[23,82],[-18,51],[6,60],[-13,43],[8,65],[52,85],[26,125],[-14,13],[14,66],[12,222],[24,133],[-6,54],[-33,87],[-14,113],[3,67],[-18,34],[80,85],[121,74],[6,-90],[-8,-20],[12,-41],[81,1],[28,40],[24,81],[47,29],[-43,47],[-31,-30],[-7,113],[61,24],[33,-42],[37,68],[-9,100],[-19,40],[-28,-133],[-30,-17],[44,169],[1,84],[-103,200],[-24,87],[-54,73],[68,-35],[36,28]],[[53822,2369],[23,-7],[-9,-48],[-24,-21],[-31,56],[41,20]],[[54122,2694],[26,-13],[-12,-44],[-87,-60],[-12,-33],[-33,25],[1,74],[102,70],[15,-19]],[[53947,3269],[44,21],[-25,-86],[-28,14],[-61,-97],[-80,-28],[-82,-142],[-17,-88],[-30,-20],[-15,-75],[-49,-35],[-31,-51],[-14,-197],[-2,64],[-16,20],[-30,-11],[-14,112],[135,210],[27,109],[29,38],[16,66],[31,31],[63,223],[27,5],[64,-83],[58,0]],[[54938,4266],[19,-45],[-12,-38],[-25,-21],[-74,3],[-62,-68],[-68,-26],[-155,-262],[-62,-20],[-28,65],[-20,-13],[-14,-45],[10,-43],[-38,-85],[-113,-165],[-27,-80],[-48,-11],[-25,-33],[-41,-118],[-41,25],[5,45],[32,59],[-5,77],[27,-59],[16,33],[-17,64],[40,-25],[44,77],[3,42],[-34,21],[-11,20],[5,31],[18,8],[28,-36],[20,69],[86,101],[19,121],[46,-22],[59,122],[58,38],[-14,132],[33,73],[28,-147],[28,-30],[103,24],[105,190],[71,63],[31,-8],[22,-37],[-22,-66]],[[55591,5069],[100,21],[-88,-151],[-50,-45],[-24,-54],[4,-55],[-75,-107],[-42,-13],[-122,-202],[-14,-5],[-11,32],[-12,-48],[-48,-3],[19,83],[31,41],[48,145],[61,27],[89,195],[68,33],[13,29],[-12,26],[65,51]],[[56386,5997],[31,33],[7,-20],[-47,-71],[-11,-53],[-59,-118],[-42,-47],[-30,-66],[-20,-25],[-38,41],[-3,42],[71,24],[150,308],[-9,-48]],[[56513,6254],[14,-35],[-5,-51],[-47,43],[5,43],[33,0]],[[56733,6674],[17,-6],[3,-51],[-9,-36],[-29,-23],[-3,68],[21,48]],[[56847,6955],[2,-36],[-26,-2],[-31,53],[2,29],[22,5],[31,-49]],[[57240,7804],[4,-46],[-68,-99],[-3,-37],[-35,2],[9,40],[45,60],[8,61],[40,19]],[[57144,7852],[12,-21],[-23,-18],[-25,30],[5,26],[31,-17]],[[57389,8046],[16,-47],[-38,-31],[-31,78],[53,0]],[[57340,8712],[18,-34],[-18,-54],[-15,3],[-17,46],[32,39]],[[58053,9541],[15,-41],[-3,-79],[-44,-40],[-5,-70],[-65,-158],[-27,-19],[-20,-49],[-64,-7],[-52,-42],[-45,-143],[-13,4],[5,47],[-68,21],[16,88],[-2,62],[-27,46],[7,32],[28,14],[22,-18],[52,82],[105,34],[37,76],[48,214],[64,83],[14,8],[19,-32],[3,-113]],[[58196,9780],[21,-109],[-44,-137],[-57,3],[-39,55],[-5,49],[13,44],[67,77],[44,18]],[[57814,9713],[-40,45],[-9,33],[11,37],[67,-9],[18,-43],[-1,-59],[-46,-4]],[[55807,5309],[-27,9],[12,30],[15,-39]],[[57505,8543],[29,-19],[-12,-88],[-31,-66],[13,-127],[-8,-43],[-40,-43],[-49,25],[-1,68],[15,65],[52,136],[-4,38],[36,54]],[[53787,2278],[-5,-32],[-23,-5],[28,37]],[[53720,2270],[5,-16],[-22,-7],[-13,40],[31,-1],[-1,-16]],[[53897,2470],[-3,-19],[-32,9],[21,23],[14,-13]],[[13250,10674],[-21,58],[2,113],[-87,64],[-63,14],[-17,53],[-14,-36],[-55,1],[3,73],[16,8],[4,27],[-66,29],[-26,44],[-12,-19],[-70,9],[-46,99],[-23,-24],[-13,63],[7,24],[-23,45],[-26,-4],[0,-54],[-19,-9],[-27,75],[-40,-15],[14,69],[-52,50],[-30,-23],[-84,1],[-30,-76],[-26,136],[-39,13],[-20,87],[-41,1],[-45,40],[-57,-22],[4,41],[31,77]],[[12259,11706],[56,72],[10,68],[-30,60],[-84,6],[14,82],[-37,-9],[-17,-61],[-30,48],[-4,26],[22,78],[-30,23],[-15,88],[-63,103],[24,81],[31,41],[38,-2],[22,-49],[11,32],[56,10],[4,82],[21,29],[-38,28],[-8,54],[13,8],[27,-37],[15,33],[61,3],[-36,27],[-20,43],[2,32],[171,-54],[66,142],[115,-17],[48,29],[76,-20],[11,-35],[89,74],[9,-4],[-5,-29],[8,-17],[76,-12],[10,22],[-4,25],[-39,35],[8,53],[94,79],[12,36],[-9,66],[23,157],[-22,125],[-36,14],[2,43],[-21,42]],[[12956,13459],[59,-12],[26,-60],[46,41],[38,-85],[16,-72],[79,98],[101,-87],[25,91],[6,115],[36,9],[40,95],[42,-8],[43,37],[10,-83],[35,2],[9,44],[78,-83],[100,-26],[0,-97],[43,-12],[19,-82],[16,12],[-7,34],[48,54],[60,17],[7,-40],[30,60],[24,-22],[2,-59],[16,-21]],[[13250,10674],[-9,-51],[19,-112],[-51,-31],[10,45],[-48,24],[-3,-47],[-21,-24],[1,-96],[-30,-44],[-42,-13],[8,-17],[-17,-25],[5,-50],[-10,-19],[-144,-75],[-88,-129],[-146,11],[-38,-150],[32,-83],[-23,-56],[-95,-45],[-56,-100],[-78,-88],[-38,2],[-56,50],[-17,-11],[44,-58],[12,-247],[38,-163],[-3,-62],[29,-15],[10,-28],[5,-50],[-43,-87],[-151,-125],[-54,57],[-27,-2],[-41,100],[-20,116],[-44,105],[-157,261],[-28,12],[-52,-77]],[[11833,9277],[-83,2],[-20,134],[-55,1],[-24,-32],[-33,13],[-22,31],[-4,42],[-28,21],[12,55],[-53,51],[-56,8],[-6,-67],[-38,-24],[-1,-61],[-63,23],[-24,-41],[-73,-5],[-12,18],[0,121],[-74,96],[-34,15],[-56,-44],[-5,-137],[-62,-38],[-11,57],[-114,-25],[-5,26],[17,65],[-36,37],[42,38],[17,69],[-1,57],[-41,70],[-4,94],[-55,46],[-13,42],[-47,-11],[-21,37],[-101,22],[-29,-40],[-55,78],[-16,-25],[-85,7],[-20,-102],[-18,21],[-48,-31],[2,72],[-12,19],[-32,-16],[-19,-45],[-77,0],[-13,-46],[-132,-52],[-199,218]],[[9893,10141],[14,18],[-26,68],[7,65],[-54,99],[-104,130]],[[9730,10521],[9,17],[-12,60],[71,130],[23,171],[43,31],[-23,66],[0,97],[73,133],[-1,65],[35,-4],[33,37]],[[11576,11540],[47,19],[51,-66],[39,37],[23,-40],[97,3],[58,47],[62,-35],[25,43],[0,57],[28,43],[24,-1],[12,-54],[57,26],[7,35],[-37,19],[49,50],[102,9],[39,-26]],[[10493,2653],[49,-24],[121,36],[51,-29],[20,-97],[-5,-45]],[[10644,1563],[-56,10],[-63,-47],[-37,-1],[-32,-74],[-61,-14],[-49,-64],[-80,47],[-12,27],[1,30],[37,63],[-5,30],[-58,33],[-62,82],[-56,26]],[[5043,14684],[50,18],[72,-33],[28,43],[38,15],[77,-68],[-22,-17],[6,-27],[98,18],[22,34],[47,-28],[21,21],[24,-46],[66,31],[98,-59],[17,23],[80,-9],[25,53],[69,7],[55,57],[65,105],[-4,82],[71,-17],[1,61],[32,84],[28,-18],[113,16],[30,-71],[29,14],[109,-98],[55,51],[27,-16],[88,32],[61,-36]],[[5574,12363],[-7,31],[-23,-4],[2,30],[-32,-1],[-62,76],[-13,74],[37,35],[-11,38],[-38,7],[-34,47],[-79,47],[-99,-30],[-55,17],[40,169],[-6,93],[-22,-5],[-15,46],[-98,50],[-77,86],[-17,120],[-32,101],[-62,45],[44,131],[-26,47],[-46,3],[-7,35],[-90,81],[-1,44],[25,48],[-5,51],[44,26],[8,20],[-10,52],[39,-2],[-19,141],[-71,124],[8,38],[45,66],[-16,64],[17,41],[-9,7],[9,36],[-6,44]],[[4290,18948],[197,-82],[24,39],[-5,37],[17,31],[-15,27],[-111,29],[-25,72],[4,33],[-22,33],[-63,34],[-74,1],[-46,-33]],[[4330,18994],[-2,-20],[-55,50],[57,-30]],[[19700,17599],[23,-298],[88,-290],[-147,-79],[-21,-61],[-26,13],[-33,-20],[-11,-15],[8,-36],[-49,-57],[-29,-3],[-19,58],[-250,-196],[69,-48],[-34,-60],[-5,-55],[-29,-28],[18,-102],[-23,-46],[37,-8],[31,-60],[0,-186],[20,-43],[-3,-39],[17,-27],[-1,-38],[17,-16],[55,32],[-2,-56],[-22,-49],[-3,-41],[-76,-11]],[[12956,13459],[-39,-8],[-101,67],[-80,-5],[9,29],[-25,40],[16,30],[-27,35],[11,16],[-19,58],[-82,111],[-21,-41],[-29,2],[-21,-52],[-51,-9],[-72,-140],[-80,12],[-70,-27],[-50,65],[-26,-19],[-11,16],[14,42],[-72,-2],[-23,34],[-18,-29],[-27,-1],[-28,-80],[-29,-15],[-12,22],[15,33],[-2,27],[-35,10],[-47,-124],[-5,-47],[-21,-26],[-48,14],[-28,-54],[-17,17],[-14,97],[-40,65]],[[13534,15104],[91,-7],[-11,-31],[-52,-25],[-44,-89],[19,-70],[81,28],[24,-18],[16,24],[23,-72],[75,91],[36,-23],[7,-58],[46,2],[34,53],[-18,70],[17,45],[-24,0],[16,21],[64,-52],[38,5],[-7,29],[10,6],[78,-57],[27,41],[-1,79],[50,-43],[6,27],[-14,14],[11,24],[-12,43],[-47,32],[-53,-5],[-7,32],[11,27],[19,1],[42,108],[47,1],[45,51],[1,23],[-52,49],[41,-11],[10,37],[60,-21],[-62,-151],[15,-26],[-14,-36],[14,-26],[-8,-33],[18,-32],[-4,-28],[30,-1],[-6,-57],[41,25],[13,-40],[64,-37],[5,67],[-33,105],[67,23],[57,-36],[-4,-39],[9,-27],[-7,-30],[-29,-30],[-31,-95],[-47,-80],[-42,-23],[49,-65],[136,51]],[[12085,13908],[36,46],[-11,6],[-25,-52]],[[9730,10521],[-30,29],[-36,-43],[-26,7],[-11,95],[-24,32],[-31,-12],[-1,-72],[-31,24],[-39,-11],[-42,27],[-9,33],[-32,-6],[-109,92],[-27,-37],[-59,31],[-9,-14],[1,-45],[-91,-26],[-76,36],[22,145],[-43,28],[-25,-21],[-19,44],[-98,13]],[[23600,17565],[22,38],[1,32]],[[7662,17474],[10,-30],[-3,-32],[-46,-33],[-37,11],[-33,-59],[22,-34],[-32,-68],[17,-55],[71,-25],[50,-94],[-56,-27],[-7,-14],[8,-32],[-12,-17],[-63,-10],[2,-28],[53,-32],[0,-24],[-63,-7],[29,-26],[-13,-30],[31,-3],[35,-91],[47,-36],[2,-28],[50,-47],[23,2],[-14,-122],[20,-43],[-20,-34],[124,-93],[85,25],[9,-91],[-66,-49],[-3,-36],[43,-56],[6,-48],[-17,-82],[-29,-20],[25,-26],[-4,-65],[-34,-19],[14,-48],[32,-17],[12,-45]],[[7044,17509],[21,-13],[22,23],[25,-38],[71,37],[5,53],[32,17],[36,88],[18,6],[-4,38],[28,-14],[18,24],[-13,63],[6,14],[29,23],[53,-9],[48,36],[31,-44],[5,-56],[187,-283]],[[33734,11043],[-35,-18],[-7,-82],[-66,-208],[-27,-39],[-122,-63],[-44,-136],[-4,-110],[-72,-9],[-57,-167],[5,-87],[-51,-247],[75,-124],[-17,-74],[40,-153],[108,-105],[-13,-237],[-67,-223],[-24,-41],[-93,-100],[-31,38],[-81,-45],[3,-70],[-98,-115],[-81,17],[-78,137],[-113,28],[-50,-57],[-35,65],[-67,-34],[-47,62],[-76,50],[-47,-61],[-34,77],[-16,5],[-45,-62],[-59,-22],[-35,-50],[-62,61],[-119,-2],[-66,101],[-135,-26],[-47,134],[-43,33],[-16,39],[-11,182],[-29,155],[-308,28],[-48,25],[-135,-11],[-40,25],[-21,156],[-70,10],[-16,-17],[-10,-67],[-37,-31],[-87,113],[-36,83],[-25,-25],[-3,-53],[-22,-72],[-35,-31],[-111,18],[-63,-23],[-41,-44],[-33,-79],[-43,-27],[-25,-75],[-67,5],[-55,-41],[-66,-12],[-57,-94],[-49,-29],[-18,-77],[-88,-1],[-108,-101],[-86,-45],[-21,-104],[-106,-28],[-37,-32]],[[21628,14236],[-29,-40],[-8,-40],[-41,-23],[-31,-52],[-66,56],[-50,13],[-59,93],[-54,42],[-144,52],[-64,-60],[-27,73],[-83,36],[-10,-14],[6,-49],[26,-25],[2,-38],[-16,-39],[-42,67],[-48,15]],[[11833,9277],[-18,-54],[-42,-48],[12,-38],[-24,-52],[26,-78],[-8,-65],[-56,-98],[-93,-64],[-25,-65],[-53,-492],[87,-89],[21,-44],[5,-51],[-8,-54],[-39,-94],[-75,-91],[-57,-247]],[[9250,9126],[63,167],[-39,111],[16,50],[27,20],[3,28],[-50,21],[-33,98],[-69,64],[86,51],[31,88],[119,102],[56,172],[52,15],[71,-63],[59,-9],[123,36],[61,72],[67,-8]],[[7980,15662],[67,-71],[9,-49],[-7,-15],[11,-22],[83,69],[103,-68],[51,52],[64,-56],[28,72],[-11,75],[14,26],[5,63],[26,0]],[[9065,17563],[-128,28],[-55,-51],[-137,-2],[-29,44],[-8,72],[-29,12],[-21,80],[-56,8],[-12,52],[-54,30],[-37,58],[-28,-30],[-182,78],[-71,-17],[-7,-53],[36,-36],[-43,-56],[3,-54],[-100,9],[-47,31],[-36,-74],[-183,30],[-67,-120],[-72,10],[-17,-105],[-23,-33]],[[8721,8481],[-51,20],[-46,-55],[-37,-11],[-76,71],[-28,112],[-49,26],[-49,-23],[-28,18],[-34,116]],[[19318,28364],[163,-95],[169,-35],[36,-29],[-114,13],[24,-42],[180,-48],[91,-74],[149,-69],[175,-40],[17,-18],[-36,-20],[-2,-22],[44,-41],[22,-49],[57,-11],[108,-94],[95,-102],[-43,13],[37,-37],[145,-56],[53,-91],[-24,-39],[-8,-53],[34,7],[8,-25],[-9,-24],[12,-13],[81,62],[29,55],[44,14],[-26,15],[-12,41],[154,267],[36,131],[2,40],[24,17],[17,56],[-47,0],[-20,25],[58,13],[18,11],[-30,0],[67,35],[-87,-14],[6,14],[-12,3],[-90,-50],[-43,3],[-97,67],[-35,84],[-107,156],[-42,98],[6,40],[28,38],[-8,25],[8,129],[-32,-9],[-7,-26],[11,-25],[-92,21],[-83,81],[-133,40],[-127,74],[-19,-16],[12,-35],[-62,-16],[44,-101],[-30,0],[-39,50],[0,126],[-12,51],[50,254],[39,45],[12,-28],[-17,-34],[8,-27],[68,14],[46,38],[32,86],[-21,0],[-3,83],[-8,7],[5,-51],[-9,0],[-63,77],[42,162],[31,33],[-5,42],[16,21],[-33,48],[51,236],[-33,69],[-50,16],[-192,-73],[-9,59],[-25,53],[70,80],[26,54],[3,47],[21,19],[-30,23],[-35,-50],[15,-28],[-35,-23],[-20,8],[-10,49],[82,105],[42,134],[52,4],[236,118],[7,27],[146,87],[130,162],[40,-13],[-17,42],[68,110],[19,77],[19,21],[2,54],[35,57],[53,263],[22,34],[13,142],[28,17],[-20,49],[45,124],[33,7],[-33,34],[109,110],[31,80],[-1,46],[22,23],[47,23],[140,-12],[-9,-28],[-92,-22],[13,-36],[840,38],[190,-83],[-82,-21],[30,-16],[104,35],[70,-38],[85,-6],[145,-79],[-49,-7],[37,-48],[-33,-38],[0,-21],[21,-54],[27,-23],[-19,-41],[0,-68],[36,-107],[-4,-26],[-56,-76],[-15,-93],[-56,-70],[-23,-124],[-73,-58],[-13,-42],[18,-88],[-7,-28],[-48,-23],[-10,-71],[-18,-16],[-82,-20],[-58,-47],[-15,-53],[16,-50],[113,-142],[226,-160],[17,-43],[-19,-37],[0,-42],[83,-125],[4,-28],[-24,-104],[-2,-62],[-39,-80],[39,-79],[-2,-114],[-68,-41],[-75,-100],[14,-46],[56,-47],[9,-32],[-20,-67],[-35,-55],[14,-55],[53,-83],[18,-68],[-18,-90],[-63,-102],[54,-137],[4,-71],[-63,-27],[53,-56],[14,-67],[-50,-58],[-22,-59],[1,-47],[21,-59],[21,-133],[116,-144],[95,-51],[198,-168],[40,-64],[5,-60],[-17,-26],[-1,50],[-30,0],[-34,-38],[-24,-85],[-130,-147],[20,-49],[-28,-76],[56,-135],[-4,-109],[-52,-34],[34,-85],[-16,-42],[-32,39],[-63,-44],[3,-26],[-20,-24],[-115,-15],[-14,-29],[2,-55],[-8,-18],[-60,-53],[26,-67],[-22,-74],[-63,-17],[-27,23],[-60,-31],[1,-36],[69,-44],[5,-65],[-21,2],[-21,46],[5,-48],[-96,-27],[43,-22],[-8,-4],[0,-51],[-85,-83],[-20,-59],[-53,31],[-43,-27],[-55,56],[-39,-22],[54,-27],[11,-21],[-27,0],[53,-28],[-15,-52],[29,-45],[-13,-19],[28,-32],[5,-35],[-17,-17],[9,-22],[-50,-20],[-47,20],[16,29],[-39,-49],[-55,20],[29,-34],[-75,0],[-6,-20],[34,-21],[-18,-15],[-60,15],[23,-28],[-6,-21],[-124,-21],[-117,49],[-40,31],[-10,45],[164,78],[26,42],[-8,4],[-63,-1],[-17,-19],[35,0],[-64,-21],[32,-21],[-96,-20],[-61,27],[-9,21],[11,14],[-47,18],[-72,113],[-6,-34],[-20,-22],[-99,22],[-11,-8],[25,-33],[-16,-8],[-86,42],[-184,-21],[59,-39],[4,-154],[117,-107],[145,-29],[74,-69],[196,-82],[453,21],[106,-32],[66,-90],[37,16],[30,-20],[134,58],[30,54],[10,78],[-14,53],[19,38],[-52,-8],[12,27],[56,40],[19,52],[191,38],[26,84],[208,85],[70,119],[59,23],[31,37],[2,53],[19,25],[-11,41],[25,113],[-22,66],[84,137],[277,278],[32,236],[-42,214],[-62,111],[-105,125],[53,122],[5,29],[-24,85],[29,102],[63,55],[239,101],[183,25],[209,79],[112,16],[99,-28],[37,-109],[-33,-53],[19,-43],[146,-111],[46,-87],[14,12],[-20,13],[11,14],[85,-83],[-33,-67],[16,-30],[4,-46],[-57,-89],[83,-62],[-27,-83],[-33,-46],[11,-61],[-21,-60],[48,-76],[-38,-79],[-32,20],[-24,-18],[-2,-44],[17,-22],[237,-153],[11,-19],[-4,-53],[71,32],[80,-34],[79,42],[56,-30],[160,37],[93,-35],[39,13],[-31,41],[-74,15],[27,28],[-50,0],[-79,-50],[-43,29],[46,0],[16,30],[-54,5],[-19,36],[-16,-66],[-32,43],[-90,-23],[-43,38],[-59,-10],[-1,20],[33,24],[-42,2],[-32,48],[-16,-39],[-104,12],[-14,35],[8,123],[46,41],[-26,-3],[-24,50],[15,33],[-1,58],[15,44],[73,94],[167,27],[30,26],[-26,39],[-9,48],[-56,39],[-21,71],[20,27],[-12,24],[-60,-5],[-8,57],[-23,51],[13,95],[-26,172],[-16,26],[-101,15],[-75,64],[-129,20],[-84,123],[-47,23],[-31,-24],[-51,14],[-164,96],[-227,22],[-161,-105],[-16,-24],[26,-14],[-20,-16],[-142,-23],[-195,66],[-150,-63],[-78,71],[-9,45],[61,225],[-18,62],[-125,203],[-20,63],[61,115],[22,161],[23,60],[-4,31],[-27,29],[6,24],[127,144],[30,80],[102,138],[10,63],[-9,86],[-25,49],[-141,141],[-14,118],[-82,100],[-62,185],[-92,85],[-131,68],[-4,23],[202,238],[11,42],[-23,68],[24,49],[176,93],[167,42],[253,144],[29,40],[34,73],[15,138],[-22,251],[-25,80],[-110,142],[125,68],[207,-124],[3,-18],[-32,-32],[-20,14],[-29,-41],[35,14],[41,-67],[72,-46],[6,-38],[-44,0],[-18,-51],[30,-117],[24,-42],[-6,-7],[37,-27],[-8,-49],[-61,-43],[-32,-62],[0,-78],[-44,-45],[10,-47],[-78,-43],[12,-49],[-25,-52],[2,-66],[25,-49],[87,-63],[0,-27],[-42,-22],[59,-76],[-42,-41],[4,-40],[-86,-9],[-5,-50],[15,-39],[359,-163],[18,26],[314,-40],[11,-8],[-14,-23],[16,-47],[-2,-41],[20,41],[-14,48],[32,24],[161,-26],[75,15],[95,-31],[35,-33],[15,-101],[21,-34],[140,-35],[56,-47],[80,33],[72,-14],[69,34],[15,-19],[37,13],[1,20],[-15,7],[35,23],[0,29],[-57,-33],[-52,26],[-25,-23],[49,-14],[-61,-42],[-82,28],[-52,-49],[-3,36],[22,63],[-10,12],[41,21],[-27,34],[12,15],[-12,22],[-64,-15],[64,-56],[-28,0],[-82,66],[31,99],[-14,51],[-109,20],[-40,-21],[-12,56],[38,34],[9,21],[-9,7],[-109,-64],[8,-19],[-17,-11],[-118,52],[38,-28],[-13,-4],[-111,62],[-55,62],[-166,40],[-56,66],[-131,44],[-10,24],[6,58],[-43,82],[-35,130],[-35,45],[151,92],[223,51],[64,-28],[237,-193],[61,-4],[162,54],[37,42],[13,61],[-103,129],[-116,5],[-86,-53],[-56,48],[48,66],[-21,35],[14,13],[82,-30],[90,108],[104,85],[46,-21],[83,30],[32,-11]],[[21484,25622],[-38,-6],[24,-12],[-23,-38],[-74,-23],[-138,114],[13,48],[-64,131],[-22,10],[-49,-32],[-54,51],[145,1],[19,-60],[51,-45],[12,-1],[-53,71],[80,2],[20,-30],[64,-29],[53,2],[15,-19],[-3,-52],[-22,-14],[44,-69]],[[22004,32520],[-10,-17],[5,-37],[-54,-47],[-33,8],[3,55],[45,71],[44,-33]],[[24949,31679],[49,-62],[-91,-70],[-83,-33],[-91,-85],[-274,-27],[-89,15],[-27,40],[25,40],[143,98],[27,77],[127,90],[78,-6],[206,-77]],[[23438,32239],[100,-47],[-82,32],[-28,-13],[-3,-54],[-24,-66],[30,-59],[-22,-44],[-31,17],[6,20],[-57,5],[-112,67],[-46,62],[51,88],[111,20],[107,-28]],[[24276,32319],[15,-20],[-1,-22],[-41,-13],[-134,17],[-78,61],[239,-23]],[[22138,32361],[35,-187],[-9,-8],[-100,117],[-51,29],[-40,-36],[-263,-41],[-85,-52],[-87,-13],[-63,63],[-47,-40],[43,-44],[-96,21],[16,77],[65,124],[-3,42],[-42,121],[217,101],[40,-18],[164,37],[119,-53],[17,-22],[-67,4],[11,-55],[-21,-36],[4,-45],[-50,-48],[99,9],[33,-23],[-5,27],[8,18],[45,24],[14,34],[99,-127]],[[24302,32585],[-1,-20],[-82,57],[-208,40],[38,37],[38,-8],[215,-106]],[[23947,32660],[-24,-22],[15,-31],[-172,-22],[20,49],[-70,-49],[-8,-53],[-24,12],[50,90],[84,56],[176,26],[20,-20],[-67,-36]],[[20245,28515],[39,18],[-75,-75],[-58,25],[-24,51],[12,20],[19,-23],[87,-16]],[[20292,28669],[7,-51],[-36,-85],[-85,12],[-16,27],[71,95],[59,2]],[[20083,29496],[13,-11],[-117,93],[33,66],[13,-61],[58,-87]],[[19965,29650],[10,-43],[-44,34],[-35,96],[-3,81],[17,90],[22,-36],[-11,-80],[39,-82],[5,-60]],[[19983,30024],[-39,-87],[-32,-1],[71,179],[5,-22],[-12,-36],[7,-33]],[[48809,7262],[-140,-55],[-39,-49],[-97,-28],[-91,-157],[-95,6],[-33,25],[-63,-25],[-114,-167],[-56,15],[-3,-70],[-39,-88],[-1,-55],[-21,-33],[-82,29],[-72,-47],[-58,8],[-48,-30],[-89,29],[-43,-35],[-40,60],[-38,22],[-159,-66],[-44,41],[0,103],[-15,65],[-99,181],[0,73],[34,54],[30,130],[-34,94],[6,75],[-56,-3],[-3,79],[-38,56],[62,244],[-22,17]],[[43552,12362],[-58,0],[-105,-46],[-55,-55],[-73,-7],[-58,-47],[-152,-3],[-10,-39],[-159,-229],[-72,-144],[-105,-106],[8,-69],[-8,-68],[20,-36],[41,-6],[118,56],[115,-98],[-14,-104],[-28,-93],[13,-49],[43,-62],[-1,-43],[12,-37],[-2,-41],[-34,-69],[3,-70],[-25,-70],[-65,-35],[-140,-209],[-27,-9],[-21,-109],[-32,-66],[3,-45],[-13,-45],[-25,-14],[9,-54],[-41,-56],[-2,-60],[-22,-1],[10,-43],[-12,-14],[-7,-88],[-95,-168],[-9,-169],[-86,-140],[-22,-155],[-45,-53],[16,-37],[77,-16],[4,-30],[-13,-35],[4,-135],[-12,-50],[-46,-79],[-49,-29],[-72,6],[-118,-38],[-53,-61],[-19,-59],[-35,-16],[-9,-34],[-61,-58],[-17,-48],[-126,-136],[-8,-34],[-49,0],[-122,102],[-93,9],[-83,51],[-143,130],[-62,121],[-152,93],[-70,-16],[-144,-121],[-139,13],[-76,81],[-90,175],[-104,93],[-40,15],[-79,-18],[-80,44],[-133,-118],[-52,-80],[-42,-3],[-73,-59],[-169,-220],[-41,-116],[-11,-92],[-48,-20],[-73,-76],[-32,-10],[-97,43],[-188,-123],[-157,-16],[-78,-53],[-59,21],[-212,-204],[-65,-28],[-101,60],[-34,48],[-43,-65],[-37,-16],[-155,67],[-38,39],[-90,-11],[-28,51],[-70,33],[-318,-11],[-87,110],[-41,97],[-56,22],[-38,48],[0,54],[-38,15],[12,63],[-11,120],[11,73],[-90,44]],[[6005,3238],[-36,27],[-29,73],[-26,-7],[-61,87],[84,45],[-24,29],[14,50],[-13,87],[23,68]],[[5937,3697],[4,-34],[40,-27],[6,-38],[-33,-34],[6,-60],[36,5],[17,-43],[-16,-43],[8,-28],[32,-26],[20,-97],[-52,-34]],[[5937,3697],[16,20],[5,60],[-25,164],[-63,91],[-65,-28],[-136,188],[-81,21],[-37,-44],[-30,0],[-34,21],[-13,69],[69,114],[48,43],[30,-2],[0,34],[17,35],[131,114],[-3,41],[41,-30],[92,101],[21,-12],[38,40],[30,-21],[1,54],[36,15],[-40,29],[-27,-7],[11,29],[-7,146],[13,24],[4,71],[20,-23],[55,0],[110,-101],[56,2],[42,-28],[55,-116],[17,-5],[11,31],[48,0],[39,-28],[21,-54],[2,-97],[9,-19],[61,-64],[21,8],[140,-362],[63,-74],[100,43],[50,132],[11,-2],[-2,-56],[56,-51],[16,5],[40,90],[71,20],[6,-34],[82,0],[18,-35],[21,19],[20,-53],[0,-35],[-54,6],[-5,-55],[-23,-20],[-12,-124],[20,-58],[-7,-25],[-73,-24],[-18,-36],[-76,41],[-23,-51],[-62,-6],[-60,104],[-85,19],[-42,-52],[-3,-38],[15,-20],[-26,-7],[-3,-55],[-20,27],[-27,-12],[-18,-44],[-26,-14],[-31,-108],[-40,47],[-113,-30],[-107,-82],[-59,-186],[-25,0],[-72,-122],[-70,-44],[-88,17]]],"objects":{"rus":{"type":"GeometryCollection","geometries":[{"arcs":[[0]],"type":"Polygon","properties":{"code":"RU-AD"}},{"arcs":[[1,2,3,4,5]],"type":"Polygon","properties":{"code":"RU-AL"}},{"arcs":[[6,7,-2,8]],"type":"Polygon","properties":{"code":"RU-ALT"}},{"arcs":[[9,10,11,12,13]],"type":"Polygon","properties":{"code":"RU-AMU"}},{"arcs":[[[14,15,16,17,18,19]],[[20]],[[21]],[[22]],[[23]],[[24]],[[25]],[[26]],[[27]],[[28]],[[29]],[[30]],[[31]],[[32]],[[33]],[[34]],[[35]],[[36]],[[37]],[[38]],[[39]],[[40]],[[41]],[[42]],[[43]],[[44]],[[45]],[[46]],[[47]],[[48]],[[49]],[[50]],[[51]],[[52]],[[53]],[[54]],[[55]],[[56]],[[57]],[[58]],[[59]],[[60]],[[61]],[[62]],[[63]],[[64]],[[65]]],"type":"MultiPolygon","properties":{"code":"RU-ARK"}},{"arcs":[[[66,67,68]],[[69]]],"type":"MultiPolygon","properties":{"code":"RU-AST"}},{"arcs":[[70,71,72,73,74,75]],"type":"Polygon","properties":{"code":"RU-BA"}},{"arcs":[[76,77,78]],"type":"Polygon","properties":{"code":"RU-BEL"}},{"arcs":[[79,80,81,82,83]],"type":"Polygon","properties":{"code":"RU-BRY"}},{"arcs":[[84,85,86,87]],"type":"Polygon","properties":{"code":"RU-BU"}},{"arcs":[[88,89,90,91,92]],"type":"Polygon","properties":{"code":"RU-CE"}},{"arcs":[[93,94,-72,95,96]],"type":"Polygon","properties":{"code":"RU-CHE"}},{"arcs":[[[97]],[[98,99]],[[100,-99,101,102,103,104]],[[105]],[[106]],[[107]],[[108]],[[109]],[[110]],[[111]]],"type":"MultiPolygon","properties":{"code":"RU-CHU"}},{"arcs":[[112,113,114,115,116]],"type":"Polygon","properties":{"code":"RU-CU"}},{"arcs":[[[-92,117,118,119]],[[120]]],"type":"MultiPolygon","properties":{"code":"RU-DA"}},{"arcs":[[121,-89,122]],"type":"Polygon","properties":{"code":"RU-IN"}},{"arcs":[[123,124,-86,125,126]],"type":"Polygon","properties":{"code":"RU-IRK"}},{"arcs":[[127,128,129,130]],"type":"Polygon","properties":{"code":"RU-IVA"}},{"arcs":[[[131,132,-103]],[[133]],[[134]],[[135]]],"type":"MultiPolygon","properties":{"code":"RU-KAM"}},{"arcs":[[136,137,138,139]],"type":"Polygon","properties":{"code":"RU-KB"}},{"arcs":[[140,141,-137,142]],"type":"Polygon","properties":{"code":"RU-KC"}},{"arcs":[[143,144,-141,145],[-1]],"type":"Polygon","properties":{"code":"RU-KDA"}},{"arcs":[[146,147,-3,-8,148,149]],"type":"Polygon","properties":{"code":"RU-KEM"}},{"arcs":[[150]],"type":"Polygon","properties":{"code":"RU-KGD"}},{"arcs":[[151,-97,152,153]],"type":"Polygon","properties":{"code":"RU-KGN"}},{"arcs":[[[154,-12,155,156,157,158,159]],[[160]],[[161]],[[162]],[[163]]],"type":"MultiPolygon","properties":{"code":"RU-KHA"}},{"arcs":[[164,165,166,167,168,169]],"type":"Polygon","properties":{"code":"RU-KHM"}},{"arcs":[[170,171,172,173,-18,174,175,176,177]],"type":"Polygon","properties":{"code":"RU-KIR"}},{"arcs":[[178,179,-4,-148]],"type":"Polygon","properties":{"code":"RU-KK"}},{"arcs":[[180,-119,181,182,183,-68]],"type":"Polygon","properties":{"code":"RU-KL"}},{"arcs":[[184,-81,185,186,187,188,189]],"type":"Polygon","properties":{"code":"RU-KLU"}},{"arcs":[[190,191,-175,-17,192,193,-165]],"type":"Polygon","properties":{"code":"RU-KO"}},{"arcs":[[[194,-173,195,-131,196]],[[197]]],"type":"MultiPolygon","properties":{"code":"RU-KOS"}},{"arcs":[[[198,199,200,201,-20,202,203,204]],[[205]],[[206]],[[207]],[[208]]],"type":"MultiPolygon","properties":{"code":"RU-KR"}},{"arcs":[[-83,209,210,211,-77,212]],"type":"Polygon","properties":{"code":"RU-KRS"}},{"arcs":[[[213,214,-127,215,-179,-147,216,-167,217]],[[218]],[[219]],[[220]],[[221]],[[222]],[[223]],[[224]],[[225]],[[226,227]],[[228]],[[229]],[[230]],[[231]],[[232]],[[233]],[[234]],[[235]],[[236]],[[237]],[[238]],[[239]],[[240]],[[241]],[[242]],[[243]],[[244]],[[245]],[[246]],[[247]],[[248]],[[249]],[[250]],[[251]],[[252]],[[253]],[[254]],[[255]],[[256]],[[257]],[[258]],[[259]],[[260]],[[261]],[[262]],[[263]],[[264]],[[265]],[[266]],[[267]],[[268]],[[269]],[[270]],[[271]],[[272]],[[273]]],"type":"MultiPolygon","properties":{"code":"RU-KYA"}},{"arcs":[[[-204,274,275,276,277,278,279]],[[280]],[[281]],[[282]],[[283]],[[284]]],"type":"MultiPolygon","properties":{"code":"RU-LEN"}},{"arcs":[[285,286,-211,287,288,289]],"type":"Polygon","properties":{"code":"RU-LIP"}},{"arcs":[[[-157,290,-104,-133,291]],[[292]],[[293]],[[294]]],"type":"MultiPolygon","properties":{"code":"RU-MAG"}},{"arcs":[[295,-117,296,-171]],"type":"Polygon","properties":{"code":"RU-ME"}},{"arcs":[[297,298,-115,299,300],[301]],"type":"Polygon","properties":{"code":"RU-MO"}},{"arcs":[[302,303,304,305,306,307,-189,308,-187],[309],[310]],"type":"Polygon","properties":{"code":"RU-MOS"}},{"arcs":[[[-188,-309]],[[-310]],[[-311]]],"type":"MultiPolygon","properties":{"code":"RU-MOW"}},{"arcs":[[[-199,311]],[[312,-201]],[[313]],[[314]],[[315]]],"type":"MultiPolygon","properties":{"code":"RU-MUR"}},{"arcs":[[[316,317,-193,-16]],[[318]],[[319]],[[320]],[[321]],[[322]],[[323]],[[324]],[[325]],[[326]],[[327]],[[328]],[[329]],[[330]],[[331]]],"type":"MultiPolygon","properties":{"code":"RU-NEN"}},{"arcs":[[332,333,334,-276]],"type":"Polygon","properties":{"code":"RU-NGR"}},{"arcs":[[335,336,-128,-196,-172,-297,-116,-299]],"type":"Polygon","properties":{"code":"RU-NIZ"}},{"arcs":[[337,338,-149,-7,339]],"type":"Polygon","properties":{"code":"RU-NVS"}},{"arcs":[[[340,341,-338,342]],[[343]],[[344]]],"type":"MultiPolygon","properties":{"code":"RU-OMS"}},{"arcs":[[345,346,347,-73,-95],[348]],"type":"Polygon","properties":{"code":"RU-ORE"}},{"arcs":[[-288,-210,-82,-185,349]],"type":"Polygon","properties":{"code":"RU-ORL"}},{"arcs":[[350,-176,-192,351,-76]],"type":"Polygon","properties":{"code":"RU-PER"}},{"arcs":[[352,-301,353,354,355]],"type":"Polygon","properties":{"code":"RU-PNZ"}},{"arcs":[[[-159,356]],[[357]],[[358]]],"type":"MultiPolygon","properties":{"code":"RU-PRI"}},{"arcs":[[-277,-335,359,360,361]],"type":"Polygon","properties":{"code":"RU-PSK"}},{"arcs":[[362,363,-183,364,-144,365]],"type":"Polygon","properties":{"code":"RU-ROS"}},{"arcs":[[[366,-307,367,-336,-298,-353,368,-290]],[[-302]]],"type":"MultiPolygon","properties":{"code":"RU-RYA"}},{"arcs":[[[369,-105,-291,-156,-11,370,-124,-215,371,-228]],[[372]],[[373]],[[374]],[[375]],[[376]],[[377]],[[378]],[[379]],[[380]],[[381]],[[382]],[[383]],[[384]],[[385]],[[386]],[[387]],[[388]],[[389]],[[390]],[[391]],[[392]],[[393]],[[394]],[[395]],[[396]]],"type":"MultiPolygon","properties":{"code":"RU-SA"}},{"arcs":[[[397]],[[398]],[[399]],[[400]],[[401]],[[402]],[[403]],[[404]],[[405]],[[406]],[[407]],[[408]],[[409]],[[410]],[[411]],[[412]],[[413]],[[414]],[[415]],[[416]],[[417]],[[418]]],"type":"MultiPolygon","properties":{"code":"RU-SAK"}},{"arcs":[[[-347,419,420,421]],[[-349]]],"type":"MultiPolygon","properties":{"code":"RU-SAM"}},{"arcs":[[422,423,424,425,-355,426,-420]],"type":"Polygon","properties":{"code":"RU-SAR"}},{"arcs":[[-139,427,-90,-122,428]],"type":"Polygon","properties":{"code":"RU-SE"}},{"arcs":[[-361,429,-303,-186,-80,430]],"type":"Polygon","properties":{"code":"RU-SMO"}},{"arcs":[[[431,-279]],[[432]]],"type":"MultiPolygon","properties":{"code":"RU-SPE"}},{"arcs":[[-182,-118,-91,-428,-138,-142,-145,-365]],"type":"Polygon","properties":{"code":"RU-STA"}},{"arcs":[[-352,-191,-170,433,-153,-96,-71]],"type":"Polygon","properties":{"code":"RU-SVE"}},{"arcs":[[-74,-348,-422,434,-113,-296,-178,435],[436]],"type":"Polygon","properties":{"code":"RU-TA"}},{"arcs":[[-369,-356,-426,437,-286]],"type":"Polygon","properties":{"code":"RU-TAM"}},{"arcs":[[-217,-150,-339,-342,438,-168]],"type":"Polygon","properties":{"code":"RU-TOM"}},{"arcs":[[-289,-350,-190,-308,-367]],"type":"Polygon","properties":{"code":"RU-TUL"}},{"arcs":[[439,-304,-430,-360,-334,440]],"type":"Polygon","properties":{"code":"RU-TVE"}},{"arcs":[[441,-5,-180,-216,-126,-85]],"type":"Polygon","properties":{"code":"RU-TY"}},{"arcs":[[-154,-434,-169,-439,-341,442],[-344],[-345]],"type":"Polygon","properties":{"code":"RU-TYU"}},{"arcs":[[-75,-436,-177,-351]],"type":"Polygon","properties":{"code":"RU-UD"}},{"arcs":[[[-421,-427,-354,-300,-114,-435]],[[-437]]],"type":"MultiPolygon","properties":{"code":"RU-ULY"}},{"arcs":[[443,-69,-184,-364,444,-424]],"type":"Polygon","properties":{"code":"RU-VGG"}},{"arcs":[[-129,-337,-368,-306,445]],"type":"Polygon","properties":{"code":"RU-VLA"}},{"arcs":[[-19,-174,-195,446,-441,-333,-275,-203],[-66],[-198]],"type":"Polygon","properties":{"code":"RU-VLG"}},{"arcs":[[-78,-212,-287,-438,-425,-445,-363,447]],"type":"Polygon","properties":{"code":"RU-VOR"}},{"arcs":[[[448,-218,-166,-194,-318]],[[449]],[[450]],[[451]],[[452]],[[453]],[[454]],[[455]],[[456]],[[457]],[[458]],[[459]],[[460]],[[461]]],"type":"MultiPolygon","properties":{"code":"RU-YAN"}},{"arcs":[[-197,-130,-446,-305,-440,-447]],"type":"Polygon","properties":{"code":"RU-YAR"}},{"arcs":[[-13,-155,462]],"type":"Polygon","properties":{"code":"RU-YEV"}},{"arcs":[[-87,-125,-371,-10,463]],"type":"Polygon","properties":{"code":"RU-ZAB"}},{"arcs":[[464,465]],"type":"Polygon","properties":{"code":"UA-40"}},{"arcs":[[-466,466]],"type":"Polygon","properties":{"code":"UA-43"}}]}}}