{"type":"Topology","transform":{"scale":[0.0014126277611765396,0.0008819414630049552],"translate":[-187.523915,18.906117]},"arcs":[[[32930,57538],[8,-10598],[326,-97],[51,80],[27,4],[289,-120],[70,23],[168,135],[425,16],[4,-46],[-78,-227],[1,-30],[126,-109],[212,-89],[36,-106],[39,-58],[699,-584],[21,-37],[69,-243],[-17,-88],[15,-16],[45,8],[100,90],[313,183],[161,7],[31,20],[73,131],[-1,197],[71,-13],[33,10],[32,31],[22,48],[-10,31],[-65,42],[65,33],[237,51],[312,142],[158,-106],[72,-85],[50,-19],[49,-54],[-4,-93],[-51,-66],[72,-42],[-16,-52],[42,-62],[188,-52],[22,-61],[35,-42],[113,-53],[46,-69],[-9,-70],[49,-14],[9,-67],[67,-69],[277,-142],[145,-194],[116,-96],[50,-66],[-27,-36],[11,-47],[176,-208],[64,-158],[112,-144],[258,-433],[135,-174],[93,-169],[-78,-132],[219,-59],[-54,-192],[167,-74],[-10,-64],[39,-82],[4,-81],[188,1],[325,-211],[185,-40],[56,-31],[81,-95],[123,-42],[48,-116],[137,-37],[67,18],[32,-24],[37,-93],[-1,-107],[-91,-128],[-18,-52],[34,-108],[-19,-78],[4,-43],[63,-127],[6,-102],[43,-69],[-79,-61],[-52,-128],[-19,-15],[-20,-69],[-96,-155],[-170,-119],[31,56],[-17,1],[-75,-102],[-27,25],[1,15],[35,19],[-32,83],[-3,69],[-17,24],[-2,-87],[15,-56],[-8,-25],[-23,11],[-21,-59],[-18,-16],[-61,43],[-11,24],[0,64],[-20,54],[15,-3],[1,38],[-49,45],[27,71],[98,50],[15,-30],[64,2],[23,67],[87,95],[73,123],[-64,-50],[-44,-100],[-38,-22],[-65,-95],[-22,3],[-14,54],[-56,-47],[-57,-23],[-32,10],[-29,37],[0,82],[70,65],[24,43],[221,3],[-41,36],[16,11],[-6,16],[-50,-43],[-96,-3],[-18,159],[15,111],[-5,83],[-24,67],[14,30],[-53,84],[30,31],[-45,-5],[-21,14],[-34,67],[-51,50],[5,15],[-28,7],[-6,33],[-16,2],[40,52],[68,46],[-24,0],[48,62],[-53,-30],[-76,-81],[-106,-61],[-20,9],[-31,47],[-32,-29],[-26,6],[-48,-49],[-45,-6],[-77,-62],[-48,0],[-78,-31],[97,-39],[10,-31],[-32,-77],[-41,-1],[24,-36],[3,-33],[-42,-55],[5,-24],[-87,78],[53,-88],[-14,3],[16,-32],[-2,-38],[-23,-33],[-149,99],[-29,124],[-38,66],[27,2],[43,-40],[-11,61],[10,29],[67,1],[20,16],[-28,32],[35,55],[-15,57],[76,32],[-9,210],[105,44],[166,-20],[47,49],[17,1],[-17,7],[-71,-27],[-208,31],[-37,70],[-15,81],[-128,16],[-29,104],[-101,65],[-4,57],[32,69],[-121,-40],[-45,30],[-7,9],[20,41],[46,0],[-8,19],[-44,19],[82,86],[1,28],[38,10],[-28,8],[-82,-79],[-112,54],[-63,48],[-20,45],[-47,33],[-2,27],[-44,51],[28,9],[29,-26],[52,2],[-30,97],[10,42],[-31,-22],[-27,-59],[-152,74],[-51,0],[12,62],[19,4],[-33,29],[-15,-25],[9,-8],[-25,1],[-4,33],[-13,3],[-22,-68],[-36,-13],[-166,90],[45,45],[-12,34],[23,35],[154,-1],[66,43],[73,14],[15,17],[0,23],[-59,-39],[-73,-15],[-138,28],[-27,42],[79,28],[7,37],[-84,-7],[-33,50],[2,63],[42,43],[64,7],[25,20],[-197,-21],[-48,52],[8,93],[58,16],[50,-51],[37,-4],[194,-101],[87,-86],[30,16],[-55,22],[-53,71],[-4,31],[-36,0],[-105,63],[-40,42],[-79,36],[-16,47],[0,139],[303,-66],[-59,43],[-246,39],[-21,-21],[-6,-60],[-30,34],[0,-94],[-19,-21],[-17,5],[-83,122],[-11,39],[-30,27],[61,36],[59,-53],[-4,55],[20,31],[-61,14],[-7,37],[47,61],[-13,21],[30,15],[-6,8],[-53,-23],[11,-17],[-4,-16],[-44,-69],[8,-38],[-46,-28],[-46,4],[-29,24],[-6,28],[-23,8],[-9,32],[-26,1],[-9,46],[17,1],[2,16],[-24,31],[-5,47],[21,49],[-7,51],[25,0],[35,35],[-16,105],[38,28],[22,73],[105,31],[-82,0],[-63,-23],[2,-62],[-70,-31],[15,-16],[-1,-47],[-63,-69],[-4,-24],[33,-42],[-40,-49],[-59,11],[-182,158],[-80,16],[-14,-18],[-17,39],[-72,-5],[-19,126],[-65,68],[-82,147],[53,-31],[-17,69],[10,44],[-17,74],[-34,0],[-20,-31],[1,-63],[-88,121],[15,58],[-20,31],[-7,77],[-26,48],[-19,106],[-93,164],[-4,48],[25,157],[-12,22],[-47,-193],[-98,22],[50,-28],[42,-65],[45,-28],[18,-59],[-5,-15],[22,-30],[2,-39],[-50,42],[-12,67],[-20,24],[-68,36],[-24,-7],[126,-162],[-7,-151],[15,-29],[31,-15],[-7,-43],[70,-120],[-7,-47],[56,-108],[-45,-26],[59,-115],[60,-180],[0,-60],[-25,-4],[-1,-66],[-56,-21],[-96,38],[-29,28],[-96,235],[-14,-1],[-6,-20],[35,-61],[1,-38],[-11,-5],[-106,59],[-34,-22],[-165,-29],[24,93],[-53,0],[33,16],[39,-8],[-8,24],[10,63],[-31,38],[49,23],[-47,14],[-37,78],[-28,17],[10,22],[-7,15],[-70,95],[101,78],[-4,-20],[126,27],[-11,19],[-135,20],[24,-23],[-59,-49],[-23,2],[-5,31],[14,39],[-31,27],[-26,90],[-31,14],[-9,-6],[20,-29],[1,-59],[-59,-37],[75,12],[12,-20],[-15,-15],[13,-8],[3,-47],[-28,-81],[-50,-36],[-122,63],[74,8],[13,15],[-136,-2],[-17,14],[-23,77],[-2,43],[13,32],[-36,-15],[-22,-48],[-97,125],[73,-133],[-18,-19],[-147,80],[-135,119],[-19,-4],[-3,-22],[95,-86],[18,-41],[-10,-14],[-67,3],[-83,-109],[96,76],[108,-12],[29,-48],[17,29],[26,9],[69,-39],[39,10],[73,-55],[-8,-17],[-37,-7],[6,-8],[-53,61],[-25,-6],[53,-47],[-29,-8],[66,-27],[5,-52],[55,-37],[-38,58],[0,33],[76,-28],[29,-38],[-9,-23],[-71,-54],[-49,-11],[35,-24],[53,38],[52,-29],[-17,43],[35,-10],[6,45],[78,-63],[-20,-15],[24,-31],[35,-3],[4,-17],[-20,-8],[-8,-25],[-35,-2],[22,-19],[69,10],[-1,-36],[16,-12],[25,-98],[-35,-48],[-139,-37],[-11,6],[16,32],[-5,15],[-39,55],[-2,-31],[-9,-5],[-115,75],[4,-65],[-43,-13],[57,-31],[5,44],[45,-7],[31,-30],[-4,-60],[-45,22],[-41,-5],[-65,48],[-25,-4],[-26,-16],[64,-70],[4,-23],[-27,-39],[-47,-3],[-18,11],[-15,44],[8,17],[21,1],[-5,24],[-24,-9],[-15,17],[-21,-18],[-15,10],[8,23],[-11,7],[-43,-7],[15,23],[-23,41],[-11,6],[-10,-43],[-41,57],[-117,-6],[-254,181],[-113,58],[137,56],[-29,31],[-136,-56],[-24,60],[-157,124],[2,59],[-15,46],[-28,36],[-210,162],[-5,21],[-78,2],[-23,12],[43,9],[-41,11],[-93,-6],[-36,25],[73,-4],[17,46],[32,21],[-8,9],[-145,-31],[17,-25],[-41,40],[-208,111],[-159,51],[64,-8],[-35,31],[-48,8],[5,31],[-10,7],[-34,-10],[-11,-25],[-101,42],[-43,33],[84,-39],[47,15],[-45,23],[-55,-3],[-279,151],[15,15],[73,-8],[-5,17],[26,3],[18,28],[24,-25],[49,48],[-12,9],[9,19],[70,74],[5,15],[-63,62],[-42,133],[105,118],[72,-73],[47,-74],[-27,-88],[1,-75],[22,-17],[31,-95],[-54,-24],[38,-28],[21,3],[24,49],[-29,50],[-1,56],[-17,31],[21,49],[-12,54],[75,20],[97,-5],[65,-45],[34,7],[-34,8],[-59,47],[-149,19],[-82,80],[-25,48],[-51,23],[-42,45],[-41,-50],[-4,-59],[-86,-38],[-101,-116],[-335,-134],[-209,8],[-103,23],[-489,174],[-10,24],[7,15],[32,15],[-29,-31],[29,-3],[103,63],[0,84],[-30,42],[20,0],[-69,54],[1,32],[-69,-18],[-2,-17],[16,-37],[40,-29],[4,-35],[-198,-69],[-42,2],[-168,74],[-587,95],[-281,-50],[-293,-21],[-219,-60],[-87,36],[-147,4],[175,9],[-34,45],[-143,85],[44,36],[-4,22],[-36,-19],[-99,9],[9,-15],[-53,-8],[-21,12],[-9,33],[-57,-29],[-83,39],[35,-9],[-39,63],[-53,34],[-96,-11],[-26,15],[39,55],[-18,37],[52,17],[-16,18],[50,53],[-6,39],[-38,-33],[-24,17],[39,46],[11,78],[42,55],[-3,34],[71,-15],[30,23],[-3,42],[-95,-38],[-33,-55],[-37,-15],[-27,-62],[-89,-46],[-67,-110],[-110,-82],[-94,10],[-57,34],[-15,39],[-49,23],[-112,16],[-95,-20],[-52,10],[-2,17],[120,81],[101,125],[0,30],[-152,-66],[-25,9],[53,38],[-53,0],[29,40],[-47,-27],[-15,-33],[-55,-10],[63,77],[-17,5],[-183,-81],[-29,-3],[-17,22],[136,87],[12,25],[19,-9],[6,9],[-18,55],[-69,-64],[-29,-1],[15,26],[-34,-7],[-39,-40],[-22,1],[-12,21],[20,40],[-49,-52],[-92,-53],[-114,12],[-37,53],[25,6],[24,-21],[14,40],[71,-25],[11,19],[-33,13],[79,2],[163,52],[-29,23],[8,11],[94,-11],[-92,59],[-96,-80],[-30,-2],[10,31],[-88,-33],[-34,10],[-5,30],[-44,-30],[12,56],[-65,14],[-35,75],[16,10],[27,-19],[75,-3],[-81,36],[27,72],[65,-11],[4,18],[-59,31],[65,14],[193,-5],[33,15],[-29,32],[-109,19],[-126,-10],[-78,-75],[-68,-37],[-53,-68],[-61,-30],[-38,14],[33,54],[-53,-31],[8,36],[-37,6],[-34,-27],[2,-42],[-14,-4],[-24,13],[-4,59],[-42,-26],[-17,18],[22,-79],[-39,-8],[4,-9],[-41,-36],[-13,26],[-48,-13],[49,94],[-13,6],[-35,-37],[-2,29],[21,33],[-33,-14],[-38,-105],[-14,6],[7,160],[34,22],[-30,58],[11,28],[-35,7],[-13,-22],[14,-28],[-16,-59],[-14,-26],[-45,-25],[41,-13],[-19,-32],[21,-15],[4,-105],[-59,-5],[11,41],[-45,-13],[19,70],[-58,-23],[-5,-16],[16,-6],[-31,-40],[30,-12],[12,-28],[-29,-15],[-53,12],[-48,80],[-80,47],[37,36],[0,20],[29,15],[30,62],[-15,7],[13,24],[153,134],[-6,22],[-39,-16],[37,62],[-12,8],[-73,-93],[-53,-43],[-80,-139],[-20,-12],[-26,5],[-44,72],[2,26],[-187,-65],[34,-16],[-62,-62],[28,-6],[129,96],[35,7],[21,-19],[-42,-89],[-31,-31],[-58,19],[37,-57],[-18,-29],[0,-48],[-63,10],[44,-48],[-135,24],[-127,-54],[24,-9],[73,32],[14,-15],[50,16],[19,-16],[-91,-21],[-24,-21],[-65,-90],[25,-10],[56,34],[7,35],[35,24],[110,26],[-10,-15],[19,-25],[-29,-22],[5,-40],[-28,-25],[4,-44],[58,54],[4,30],[24,36],[55,43],[-17,-61],[41,-102],[-37,-23],[-63,-77],[-17,7],[-1,17],[-38,-3],[-16,31],[-35,-5],[-118,-95],[-24,-47],[27,0],[128,101],[73,-31],[-10,-15],[28,1],[-12,-26],[7,-3],[51,16],[9,-50],[19,7],[10,24],[-8,50],[35,40],[8,-20],[-11,-39],[16,-4],[18,89],[41,28],[27,-35],[-15,-40],[39,10],[9,-25],[27,-15],[-1,-23],[-26,-16],[10,-18],[34,-1],[-4,-21],[-40,-7],[2,-17],[-29,-20],[-43,17],[7,-26],[-67,23],[33,-42],[-5,-27],[-40,1],[-13,5],[1,21],[-27,0],[-4,-35],[30,-1],[2,-29],[-19,-28],[-63,-44],[-22,31],[-21,-10],[-1,-14],[18,-12],[-2,-29],[-52,-51],[71,22],[83,65],[26,-17],[-53,-15],[53,-24],[-15,-63],[16,11],[33,76],[29,-13],[-63,-97],[-63,-9],[-14,11],[9,29],[-34,9],[-39,-127],[-39,-30],[29,-19],[0,-27],[-23,-36],[-12,-5],[-33,66],[-34,21],[8,-40],[-22,-22],[13,-9],[-69,-52],[-14,9],[11,22],[-11,6],[-66,9],[-82,-30],[-54,45],[-51,-11],[3,19],[-63,-17],[-10,25],[59,70],[-46,6],[-69,-57],[-31,-93],[9,-12],[-38,-46],[-10,113],[-20,26],[24,16],[-33,12],[-16,101],[-32,14],[-15,-10],[-10,-59],[39,-74],[-39,-23],[-10,-45],[-39,0],[-36,-32],[-45,-92],[33,-47],[29,0],[-6,-31],[15,-47],[-77,31],[29,31],[-39,16],[4,17],[-20,17],[22,78],[-6,30],[-33,54],[-20,5],[-11,-18],[1,-65],[-19,-58],[-57,21],[-15,-12],[70,-69],[16,-136],[-31,7],[-17,23],[5,28],[-80,69],[-79,23],[-7,-27],[45,-27],[18,-32],[25,-6],[-68,-102],[-34,55],[-41,27],[-1,-22],[19,-21],[-10,-54],[14,-23],[-34,-24],[-29,24],[-15,-9],[15,-62],[-42,2],[-15,-9],[8,-32],[-72,-31],[-30,8],[20,9],[-15,14],[34,24],[-16,8],[2,23],[36,27],[27,75],[-5,15],[34,75],[-38,-26],[-142,-255],[-19,11],[3,19],[-37,47],[44,74],[-27,1],[-90,-56],[54,-62],[0,-18],[-39,-21],[19,-28],[-85,-18],[-18,-45],[-115,-64],[22,-58],[-4,-20],[-53,-26],[6,-35],[-38,43],[10,35],[-32,28],[-35,-14],[-107,38],[-21,-6],[123,-73],[1,-18],[-45,-29],[-94,19],[-82,41],[-78,-41],[34,-8],[-12,-20],[-88,-2],[32,-25],[-123,-10],[-18,30],[3,35],[-74,-12],[-30,28],[17,4],[-8,19],[-56,24],[-7,38],[43,46],[78,0],[-60,51],[4,16],[62,35],[63,8],[21,34],[156,-3],[61,-38],[-6,33],[-43,39],[7,27],[56,32],[63,0],[10,41],[60,4],[-19,47],[50,40],[39,69],[58,47],[-21,19],[-61,-10],[-228,-137],[-29,-34],[44,-32],[-262,96],[-65,65],[-8,42],[25,38],[87,232],[209,217],[19,41],[9,121],[60,32],[16,170],[-91,187],[-4,18],[14,23],[52,1],[50,41],[129,11],[218,161],[266,136],[37,-16],[29,-74],[49,-35],[128,-23],[137,65],[69,0],[81,-39],[363,-63],[71,-33],[-25,48],[-77,57],[-133,-15],[-89,55],[-95,14],[-117,57],[-201,125],[36,58],[28,-9],[57,38],[19,57],[41,55],[57,24],[33,53],[310,113],[-121,0],[10,8],[-18,9],[-156,-29],[-77,-39],[-99,-93],[-30,-114],[-31,-28],[-210,15],[-24,25],[-15,-35],[-116,12],[-30,29],[-14,42],[15,51],[-43,-41],[11,-43],[-51,22],[-52,-68],[-154,-49],[-65,-38],[-97,-140],[-131,-47],[-81,5],[-64,-26],[-81,-74],[-46,-14],[-43,-78],[68,-138],[-49,-2],[-63,40],[5,-24],[-49,-15],[-85,-59],[-41,-73],[-87,-55],[-69,-77],[-4,-63],[63,-46],[-86,-43],[-34,-69],[-69,-26],[-59,-52],[-53,19],[-95,-12],[-31,12],[44,15],[-37,11],[-36,-19],[-11,65],[-23,5],[-102,-15],[-15,-26],[47,25],[57,-6],[18,-17],[6,-47],[43,-34],[127,-51],[4,-33],[62,-47],[8,-25],[-14,-31],[-23,-12],[10,-14],[-44,-40],[-18,-61],[-24,-25],[-84,-30],[-117,8],[-157,-30],[-31,-48],[162,15],[32,-1],[9,-22],[-39,-117],[-59,-26],[-19,-26],[-67,-17],[-13,31],[-20,6],[-5,-24],[9,-9],[-11,-16],[-77,12],[47,81],[26,-3],[-92,85],[5,-86],[-32,-76],[-48,-16],[-37,53],[10,16],[-18,-2],[-1,-45],[-59,-26],[61,-5],[39,-21],[-15,-48],[-145,-27],[-30,18],[-30,-15],[46,-9],[50,-46],[11,-36],[-18,-29],[-103,-9],[-35,-34],[-141,-24],[56,-37],[31,3],[20,27],[29,-15],[-124,-77],[-16,-66],[19,-13],[-5,-18],[-39,-5],[5,-23],[-49,-17],[20,-8],[-29,-15],[6,-20],[53,-1],[0,-26],[-11,-6],[10,-16],[-14,-12],[-1,-24],[25,-34],[58,54],[43,12],[90,-21],[130,6],[62,-67],[44,-24],[45,15],[50,-25],[33,-46],[35,-8],[6,-45],[20,-7],[-49,-16],[66,-3],[5,-16],[-18,-15],[-53,4],[-43,-117],[-73,-54],[-34,-7],[-23,-52],[-58,-26],[-148,-6],[-9,-18],[9,-16],[-22,-58],[-31,-4],[34,-15],[-12,-18],[-17,-13],[-81,5],[-21,-21],[30,-76],[26,-2],[22,-26],[-62,-28],[-72,0],[-12,-24],[-66,-22],[-45,-40],[8,-33],[128,75],[36,-48],[-90,-25],[59,-20],[-1,-26],[-16,-21],[-80,-2],[47,-47],[6,-16],[-14,-17],[-64,41],[-9,-19],[14,-44],[-4,-24],[-12,-4],[-24,40],[-40,31],[-11,49],[-25,17],[24,-99],[-7,-29],[-21,-2],[-55,43],[-24,-6],[46,-56],[-26,-53],[-44,12],[-5,35],[-13,7],[-32,-15],[-22,-47],[-23,-14],[-72,29],[-101,-6],[-28,-72],[-44,-6],[40,-67],[-49,-28],[-83,8],[22,-25],[-2,-18],[-78,-10],[19,-40],[-34,0],[33,-26],[9,-21],[-8,-18],[-59,-17],[-128,83],[-22,-8],[-23,-74],[35,-42],[-2,-16],[-127,-35],[26,-20],[-5,-85],[-46,-5],[-18,36],[-11,-19],[-40,-7],[-15,-28],[-68,51],[-9,-24],[13,-27],[-63,0],[44,-28],[0,-36],[14,-21],[-27,-30],[-76,49],[-33,3],[-17,-44],[-71,-25],[-94,-86],[-52,-19],[-7,-46],[115,37],[34,-3],[3,-30],[-12,-38],[-64,-25],[68,-47],[-17,-51],[-80,-34],[25,-31],[-12,-8],[-18,23],[-19,-61],[-39,7],[-34,31],[0,-23],[-14,0],[68,-86],[-91,19],[-33,49],[-43,7],[-6,-25],[21,-40],[-14,-17],[-18,-80],[-23,-3],[-45,66],[-40,17],[15,-71],[-71,-31],[-36,-69],[-70,27],[30,-39],[-29,-44],[-69,28],[-94,75],[-35,-44],[36,-36],[8,-38],[-14,13],[-15,-20],[-43,7],[-46,-53],[-23,6],[34,-41],[51,-12],[22,-36],[-20,-26],[-71,12],[-58,-22],[-76,82],[-63,-36],[-37,2],[-37,-47],[-98,-46],[-20,-47],[120,45],[67,-1],[22,-60],[-28,-43],[-176,43],[-30,-22],[26,-1],[-5,-35],[-87,-8],[-55,19],[-65,-42],[-66,-82],[10,-23],[-71,-36],[-26,-49],[78,-23],[-17,29],[0,27],[62,49],[18,-3],[4,-32],[25,8],[-5,-23],[48,31],[98,-48],[-46,-42],[-54,-20],[-37,8],[-9,-39],[32,18],[30,-19],[-14,-22],[20,-8],[121,81],[19,-11],[-29,-12],[-43,-50],[-92,-35],[-6,-27],[-16,10],[-7,52],[-12,-1],[-10,-38],[7,-16],[-20,0],[24,-62],[-14,-15],[-10,47],[-43,-5],[24,-34],[-11,-33],[11,-12],[10,9],[-5,12],[20,-9],[4,-41],[-14,-5],[-34,40],[-12,-17],[12,-30],[-12,0],[-41,39],[43,31],[-54,-20],[-13,14],[18,22],[-16,32],[29,22],[12,39],[23,-1],[23,43],[-114,12],[53,-38],[-73,-63],[0,38],[-24,1],[9,-24],[-9,-22],[29,-16],[-4,-35],[-46,-18],[60,-32],[-7,-30],[-22,-10],[14,-14],[-10,-13],[-58,4],[25,16],[-20,36],[-17,3],[-14,-23],[-41,26],[-49,-104],[-20,17],[-35,-5],[-13,-17],[10,-22],[-12,-5],[-51,40],[-62,-36],[-57,-8],[-36,-34],[-27,23],[-32,-23],[-14,-78],[-24,12],[-15,34],[5,78],[-54,-12],[-7,-27],[21,-33],[16,-79],[-43,-71],[14,-11],[-4,-34],[-50,-61],[-4,-37],[-67,-13],[-16,6],[34,38],[-44,-8],[33,24],[35,-16],[31,34],[-65,36],[54,38],[-35,48],[40,79],[-54,35],[-102,9],[-7,-69],[-34,-9],[-51,40],[2,-46],[-46,23],[-14,-31],[17,-50],[-47,-8],[25,-21],[-32,4],[-32,37],[16,-71],[-22,-19],[-53,8],[-13,-20],[-131,0],[54,-47],[-64,-31],[5,-32],[-32,-72],[-26,-12],[-12,15],[-32,85],[-4,48],[-10,-1],[-31,-61],[-79,-7],[3,-17],[63,-10],[10,-17],[-16,-48],[-81,-19],[-36,29],[6,51],[-59,1],[-71,-104],[-180,-82],[-24,-2],[-19,34],[-99,-25],[-19,3],[-9,22],[22,51],[6,64],[64,99],[15,7],[53,-46],[78,-16],[27,13],[-83,30],[-21,35],[-83,50],[-150,-26],[2,-22],[-70,-92],[14,-23],[-14,-113],[-71,-86],[-55,-85],[-6,-28],[-30,-2],[-8,7],[24,9],[-20,8],[-67,-1],[21,-58],[-11,-12],[33,-19],[20,-36],[-32,-37],[-40,-16],[-49,27],[-10,19],[20,7],[9,48],[-65,-29],[-27,-34],[23,-56],[-3,-26],[-51,-23],[-32,58],[-30,-39],[-62,4],[-44,44],[-10,26],[6,15],[72,-20],[39,9],[-84,80],[-55,103],[-31,4],[24,25],[-55,9],[-44,-46],[-8,-47],[74,-59],[10,-33],[-11,-13],[-12,12],[-8,-74],[20,9],[39,-133],[-61,42],[-12,20],[31,-1],[-21,43],[-13,-3],[-40,-85],[5,-14],[-25,-21],[-89,-7],[-30,21],[-38,59],[38,12],[-42,21],[-44,69],[-47,15],[-39,-15],[39,30],[-53,15],[-12,-20],[7,-33],[-34,15],[5,-28],[19,-2],[-10,-38],[9,-30],[98,-52],[12,-35],[-106,-79],[-22,-31],[-78,-39],[-34,54],[44,31],[4,24],[29,7],[-12,16],[-34,-9],[-2,24],[13,30],[34,-25],[25,28],[-25,23],[-12,81],[-19,39],[9,19],[-15,8],[131,70],[88,73],[24,-4],[-43,-31],[-18,-39],[81,-13],[91,69],[-11,18],[-28,1],[-5,23],[113,50],[67,79],[5,-20],[33,-19],[64,32],[-5,75],[-17,8],[-38,-12],[-28,-34],[12,26],[268,304],[302,217],[456,145],[-150,-70],[151,-6],[21,12],[51,-22],[85,55],[41,4],[10,-67],[-84,3],[-25,-22],[-6,-30],[28,-27],[39,14],[-13,-62],[105,-124],[21,49],[56,-69],[10,3],[7,49],[-64,48],[-19,90],[-12,11],[6,13],[73,-28],[125,9],[23,-22],[2,-52],[11,-10],[42,17],[23,-27],[89,-12],[-54,55],[58,15],[-9,16],[-191,94],[-33,-8],[20,64],[-29,6],[83,139],[5,68],[61,118],[93,71],[35,54],[121,66],[120,108],[72,44],[186,77],[-54,-30],[73,10],[119,71],[56,4],[-38,15],[62,62],[63,25],[140,118],[16,5],[-113,-88],[0,-22],[35,-14],[4,49],[18,17],[68,-61],[48,-13],[58,15],[42,-31],[-9,83],[-26,54],[-4,108],[9,48],[53,90],[209,242],[92,54],[88,5],[-29,16],[58,54],[39,63],[144,91],[55,9],[-8,-16],[28,-62],[-10,-16],[7,-6],[104,-9],[-5,-15],[27,23],[46,8],[13,26],[-23,21],[25,39],[-44,-16],[29,-62],[-71,14],[-58,-19],[6,80],[-10,69],[-26,18],[9,-30],[-33,5],[-27,39],[1,88],[46,168],[27,257],[44,80],[65,-8],[48,44],[134,-15],[39,-29],[-34,41],[-113,39],[-61,-19],[-35,9],[-44,49],[6,21],[-23,33],[5,48],[42,114],[47,66],[55,28],[65,83],[107,90],[124,43],[-86,-12],[-11,35],[53,94],[-16,26],[26,36],[9,66],[82,46],[12,124],[42,59],[-58,-50],[-15,-49],[-2,-63],[-32,-28],[-57,-15],[-49,-100],[-277,-98],[-65,-59],[-290,-114],[-160,-39],[-80,38],[-21,41],[1,47],[-25,38],[-126,55],[-5,28],[32,42],[22,62],[-7,30],[55,32],[-15,24],[-24,-16],[-15,11],[81,51],[149,-29],[66,-64],[10,-55],[25,-33],[9,-6],[15,39],[-32,4],[-7,12],[12,23],[-13,32],[-62,74],[-67,3],[-147,55],[-72,100],[-3,-35],[23,-11],[-1,-27],[42,-40],[-3,-26],[-42,-18],[-62,-118],[-85,-67],[-17,19],[17,43],[-44,39],[36,19],[-4,17],[-56,-20],[39,-75],[-17,-107],[4,-53],[-28,-38],[-30,-6],[-15,14],[1,23],[61,35],[-17,28],[-32,-7],[-10,-15],[18,0],[-37,-28],[17,-78],[27,-33],[41,-122],[15,-12],[2,-46],[43,-30],[-36,-51],[-46,-20],[20,-8],[-23,-20],[-37,-6],[-41,-2],[-79,31],[-15,20],[18,-5],[11,21],[-31,2],[-2,37],[-26,-1],[-26,32],[-165,269],[-70,68],[-48,36],[-30,-18],[-48,9],[22,15],[31,62],[-22,27],[-85,-3],[9,-21],[-31,-51],[18,-12],[-7,-16],[-9,-10],[-23,21],[2,-57],[-78,-39],[-60,85],[5,23],[-10,15],[-34,10],[-28,-8],[-8,-21],[-40,5],[-9,3],[11,19],[-2,40],[-66,-33],[-7,67],[-22,-16],[-30,11],[9,26],[44,29],[-57,72],[7,14],[-19,5],[-295,-198],[-46,-95],[3,46],[-42,36],[-51,-13],[-23,-30],[-127,-56],[-5,-16],[-65,5],[-14,6],[14,31],[-24,-8],[-4,-28],[34,-13],[-67,-57],[-13,-45],[10,-21],[43,15],[-132,-47],[-53,-43],[-73,-13],[-30,-34],[-40,-2],[39,62],[-39,36],[1,-62],[-24,37],[-198,-3],[-70,27],[92,43],[68,-8],[11,-29],[30,4],[35,43],[-16,28],[56,48],[48,-4],[29,21],[15,37],[-21,14],[-34,-12],[-29,-42],[11,63],[-19,58],[-6,110],[-44,67],[24,12],[17,-30],[52,20],[79,52],[9,23],[20,0],[2,15],[-29,7],[-19,24],[-61,-30],[-83,6],[-34,-30],[29,-32],[-34,10],[-55,64],[-49,133],[-6,24],[9,22],[29,27],[-33,-54],[25,-32],[18,19],[15,84],[-6,29],[17,39],[30,8],[26,43],[14,-12],[33,64],[32,-7],[30,32],[-103,144],[-21,89],[-136,194],[-20,99],[-35,13],[-36,56],[-22,73],[26,72],[-34,54],[64,17],[9,33],[-39,0],[16,-25],[-48,-10],[-21,10],[4,25],[-12,-3],[-7,-29],[11,-23],[-11,-19],[30,-7],[20,-32],[-62,-37],[-41,72],[19,16],[5,32],[-83,86],[48,39],[50,106],[12,55],[53,43],[3,89],[115,72],[67,-6],[17,27],[-15,8],[58,31],[-20,11],[-115,-55],[-15,5],[4,20],[-19,29],[-48,21],[43,-42],[-1,-40],[-108,-52],[-21,-91],[-43,-64],[-11,-45],[-33,0],[-9,-15],[18,-47],[-35,-11],[1,27],[-25,-16],[-7,-10],[8,-14],[-10,-7],[-68,-24],[29,-23],[-24,-8],[33,-23],[-4,-28],[-101,5],[102,-32],[77,-53],[-34,-82],[14,-74],[-34,-63],[-80,-18],[-80,26],[-1,-41],[-39,-29],[-198,-95],[-162,-33],[-211,-33],[-185,-1],[-157,38],[-63,66],[-18,72],[83,25],[-29,16],[15,15],[-211,99],[-53,67],[2,37],[-112,73],[-12,21],[8,14],[-20,28],[20,34],[-74,-53],[-166,62],[-59,49],[-51,75],[85,21],[10,37],[25,21],[-8,30],[-18,9],[-149,-63],[-105,14],[-44,47],[55,40],[40,-6],[211,145],[7,21],[-30,65],[111,70],[-47,47],[-12,30],[15,23],[73,-78],[87,56],[51,-5],[-41,-66],[20,-33],[145,-6],[34,-23],[103,-14],[8,-52],[25,-12],[-8,-21],[12,-26],[-72,-31],[-15,-47],[-32,-9],[-17,-37],[-24,-15],[17,-15],[114,113],[88,11],[36,81],[91,51],[64,-3],[35,-25],[6,-23],[-17,-58],[17,-16],[-20,-34],[17,-52],[22,-15],[67,10],[157,99],[25,46],[-30,40],[44,0],[-95,65],[-274,51],[86,43],[79,-28],[84,18],[16,18],[-5,15],[-137,37],[8,21],[31,0],[22,31],[-24,9],[-68,-24],[3,-23],[-64,-34],[-50,-68],[-35,-7],[-253,12],[-142,-20],[-27,24],[12,39],[-30,25],[-62,5],[-58,-39],[-58,62],[-56,-7],[-55,-39],[-66,8],[-29,20],[-20,42],[57,40],[119,7],[7,73],[54,-5],[69,33],[-12,13],[-153,-6],[-9,-10],[6,-42],[-39,-7],[-94,83],[44,23],[10,39],[39,31],[-59,47],[17,-33],[26,-14],[-38,-19],[-14,-52],[-39,-7],[-112,58],[5,14],[49,48],[57,11],[3,70],[-36,9],[72,35],[-14,35],[13,25],[59,1],[20,20],[-7,17],[64,43],[89,10],[0,24],[66,40],[-3,38],[44,15],[-24,27],[-30,4],[15,-23],[-29,-8],[-65,-86],[-80,-17],[-35,-45],[-32,6],[5,-45],[-54,-4],[-35,-26],[9,-31],[-72,-55],[9,-18],[37,-1],[2,-51],[-62,-14],[-55,-41],[-6,-33],[37,-44],[-21,-31],[9,-24],[-7,-41],[-123,25],[-41,35],[-19,47],[-3,28],[10,11],[-15,24],[1,31],[23,4],[-13,22],[13,17],[-155,30],[-34,26],[-29,89],[97,49],[10,31],[-7,35],[-104,52],[-115,-34],[-7,-14],[29,-16],[-36,-8],[-23,20],[-44,89],[20,113],[20,35],[-7,-78],[26,-23],[248,62],[-112,16],[-56,34],[-70,98],[90,16],[129,-10],[36,21],[109,19],[-71,55],[-43,84],[-7,47],[38,103],[45,53],[34,17],[104,141],[73,72],[34,62],[116,107],[54,26],[133,0],[14,-12],[-13,-19],[13,-38],[80,-14],[32,-31],[58,0],[-89,-67],[34,9],[40,42],[34,3],[-4,32],[-59,8],[-5,14],[34,44],[-54,-38],[-26,19],[-70,-4],[33,47],[-15,24],[-30,10],[17,23],[92,32],[159,151],[-43,-8],[-141,-118],[-52,-16],[-21,96],[-29,39],[15,39],[-19,15],[80,2],[7,14],[-47,9],[-36,37],[22,16],[26,81],[44,72],[45,41],[115,9],[35,-24],[19,22],[97,-22],[-44,64],[-104,21],[-18,31],[-33,16],[122,89],[197,61],[106,-7],[119,-42],[69,-3],[-2,-12],[61,-53],[2,-32],[-14,-16],[53,21],[33,-8],[-43,-26],[-38,-51],[-96,-44],[-11,-40],[32,33],[114,60],[51,55],[63,-24],[63,-74],[43,21],[139,9],[151,95],[23,27],[5,38],[25,24],[77,11],[71,54],[138,175],[86,66],[5,21],[-29,30],[3,14],[149,-31],[58,-38],[-107,-62],[360,44],[61,-16],[55,21],[39,-16],[180,52],[92,78],[16,40],[60,30],[40,55],[47,32],[25,38],[17,88],[-27,91],[-87,163],[-16,179],[-16,50],[-162,129],[19,23],[-58,24],[49,14],[-191,16],[-44,-45],[-13,6],[14,46],[23,22],[13,59],[38,32],[269,-34],[21,23],[-58,28],[91,7],[88,66],[22,30],[8,93],[-78,110],[-101,45],[-79,71],[50,-14],[67,30],[-21,9],[-30,-16],[-105,0],[3,-26],[-71,-43],[-63,-97],[-106,-40],[-13,22],[-77,24],[-43,33],[-52,2],[64,-31],[-127,-47],[-38,-32],[25,-4],[81,44],[-68,-56],[-160,2],[39,-16],[-78,-12],[-66,-79],[-170,-68],[-68,-59],[-11,-23],[5,-46],[-20,-29],[0,-30],[-98,-57],[-27,30],[-3,58],[-36,43],[10,31],[24,16],[-102,63],[-58,0],[19,15],[-86,65],[-1,36],[-66,-12],[-104,-58],[54,-39],[72,-7],[48,-47],[73,7],[-9,-13],[5,-19],[-49,-36],[-14,-55],[-22,-2],[-42,24],[-53,69],[-167,81],[-101,25],[-503,-19],[87,7],[-53,16],[-219,-99],[-67,-11],[63,32],[-25,12],[-82,-12],[-55,-33],[-17,1],[1,35],[-21,13],[9,-16],[-5,-9],[-24,-6],[49,-40],[-20,-15],[112,24],[-50,-29],[-140,-7],[-291,72],[-526,83],[-128,59],[-80,105],[2,82],[67,28],[-18,31],[15,50],[-82,60],[-16,2],[59,-62],[-170,95],[-11,13],[9,33],[-17,24],[-118,67],[-59,58],[3,27],[22,74],[33,44],[19,-5],[-56,-123],[20,-21],[135,-43],[127,28],[0,16],[46,43],[-14,51],[83,43],[199,-47],[42,14],[-78,48],[-120,30],[-45,-8],[-91,35],[-308,56],[48,-28],[156,-38],[-248,58],[-282,26],[-146,59],[-83,58],[-234,86],[-27,19],[-33,77],[46,48],[134,55],[11,-8],[-8,-12],[-106,-47],[-20,-22],[-5,-29],[17,-18],[102,39],[49,35],[2,22],[207,6],[22,17],[2,28],[-44,15],[-12,16],[11,18],[76,1],[-48,23],[124,78],[41,8],[74,-54],[87,22],[118,59],[12,20],[-68,31],[97,46],[-29,-31],[58,0],[-14,23],[64,61],[293,129],[122,-10],[35,-16],[-53,0],[49,-31],[240,-23],[181,54],[-150,68],[-97,9],[-29,23],[36,55],[51,39],[197,89],[129,39],[142,10],[22,-6],[1,-28],[28,-18],[5,26],[48,20],[10,30],[151,75],[9,27],[314,52],[381,1],[76,-38],[-213,18],[7,-14],[80,-4],[32,-50],[-3,-46],[-69,-55],[-23,-42],[8,-22],[-8,-49],[29,-54],[-15,-26],[-63,-38],[-80,-12],[-30,-21],[-39,5],[-11,-17],[113,-1],[33,17],[-4,-21],[10,-6],[42,31],[44,-87],[34,-30],[90,-33],[231,22],[48,-25],[116,-6],[124,37],[133,9],[54,-47],[-6,-41],[10,-31],[16,37],[132,37],[57,-41],[147,46],[187,-38],[-43,-31],[48,8],[7,-21],[-17,-18],[46,-12],[46,12],[-39,23],[35,51],[50,38],[-41,-3],[85,80],[61,114],[52,27],[103,-4],[-9,-15],[53,-39],[87,0],[49,26],[14,-11],[-1,-25],[-19,-13],[15,-39],[-13,-17],[4,-22],[-54,-8],[14,-15],[61,14],[42,71],[14,54],[-98,116],[-265,73],[-166,-2],[-92,-32],[-31,-38],[4,-20],[22,-3],[-8,-9],[18,-23],[-20,-28],[-43,90],[57,102],[6,47],[-15,49],[-227,207],[-209,48],[-25,62],[-60,65],[-10,43],[84,24],[25,45],[48,-43],[64,43],[14,-9],[132,-166],[73,-29],[-47,-106],[13,-39],[50,-35],[88,-102],[168,-84],[141,12],[163,80],[44,-46],[57,-14],[55,-51],[154,-80],[105,1],[275,46],[9,24],[-2,112],[-75,83],[14,7],[-9,26],[53,13],[-22,10],[-57,-11],[-8,-30],[-84,18],[-47,-49],[-104,25],[-82,56],[-47,11],[-181,-23],[-25,-8],[-22,-22],[0,-23],[-25,-8],[-2,-43],[-22,-19],[-158,-7],[-48,33],[12,36],[-74,17],[-154,106],[-24,32],[24,27],[-9,64],[57,44],[-5,52],[52,27],[12,19],[-10,15],[164,20],[-19,23],[-45,2],[-69,41],[-38,-14],[-67,43],[-292,-45],[-5,43],[-24,20],[-12,-1],[6,-22],[-11,-24],[14,-23],[-116,-16],[-8,17],[30,61],[62,92],[-16,26],[-54,-9],[27,0],[17,-23],[-145,-141],[-69,4],[-9,4],[5,17],[-36,13],[-154,-5],[24,-27],[49,-13],[-18,-4],[-190,58],[-413,62],[-28,33],[-6,97],[-36,146],[-97,163],[-135,137],[-208,103],[-175,130],[-57,15],[39,-39],[-21,7],[-216,140],[-272,144],[-347,87],[-124,117],[-137,67],[-246,51],[-103,-5],[-28,13],[228,81],[44,-3],[-214,-64],[58,-14],[83,9],[66,45],[55,-15],[-34,32],[78,-9],[-39,40],[39,45],[6,47],[53,65],[-6,29],[15,46],[-7,17],[15,29],[10,106],[-31,108],[10,12],[97,6],[54,-21],[139,8],[105,-20],[440,22],[179,37],[314,17],[271,84],[242,132],[238,217],[77,132],[15,-7],[-82,-140],[21,8],[82,97],[-6,35],[20,61],[-6,24],[23,6],[13,62],[-12,33],[-48,23],[87,24],[-29,23],[24,16],[-24,15],[13,15],[65,0],[13,27],[-62,20],[5,19],[34,20],[-5,8],[20,23],[292,188],[42,77],[-9,31],[92,7],[-10,31],[24,8],[-8,18],[22,22],[86,42],[131,128],[77,49],[52,-18],[-20,-16],[111,-31],[-21,-15],[-119,8],[101,-31],[-71,-20],[13,-19],[-17,-18],[-114,18],[-68,-47],[182,17],[55,35],[59,-5],[-24,8],[75,61],[205,3],[225,67],[-5,-15],[58,-16],[-24,39],[87,25],[169,94],[16,13],[-151,-62],[87,54],[170,63],[196,130],[32,-29],[128,21],[16,-18],[-17,-42],[18,0],[-15,-26],[-48,-2],[-73,-45],[-62,-4],[54,-12],[144,27],[-149,-187],[26,-4],[62,45],[43,10],[18,-24],[6,-19],[-10,-16],[15,-38],[29,-8],[67,-93],[1,34],[-44,43],[-15,70],[8,28],[-32,42],[16,65],[26,31],[2,29],[82,-31],[151,52],[55,-18],[90,44],[-92,-17],[-102,9],[-5,-16],[-102,-23],[-77,53],[-28,63],[-59,42],[-41,4],[-81,-38],[-5,22],[152,85],[71,17],[-24,0],[126,101],[359,93],[-32,-23],[-118,-23],[141,9],[24,-33],[-122,-14],[-97,-41],[54,-18],[37,10],[12,-13],[-15,-16],[73,-62],[-40,86],[204,13],[-28,32],[-39,0],[17,13],[245,-28],[267,30],[-72,5],[-60,34],[95,-18],[246,0],[126,34],[216,96],[232,136],[146,150],[147,117],[96,52],[64,14],[85,54],[71,-36],[-83,15],[-82,-46],[50,-60],[71,-9],[-7,-27],[146,1],[68,-15],[31,-14],[-10,-23],[49,-9],[-49,-46],[55,9],[63,42],[20,-27],[82,14],[124,-29],[37,-37],[15,-56],[-10,-22],[-101,-49],[-25,-39],[-61,-24],[-194,-16],[54,-11],[14,-19],[-127,-24],[71,6],[22,-6],[-29,-15],[65,1],[17,-17],[-10,-8],[39,-39],[-33,-31],[14,-38],[-8,-36],[49,13],[7,15],[-19,31],[25,28],[58,-7],[63,18],[43,-25],[9,13],[-14,35],[15,2],[48,-25],[30,35],[-1,55],[13,30],[148,87],[24,-4],[22,-32],[37,-2],[7,13],[-11,39],[-65,51],[73,46],[63,-46],[-6,52],[-14,10],[25,16],[33,-27],[-9,-36],[12,-50],[-41,-43],[41,0],[26,86],[-7,23],[29,7],[37,-7],[28,-29],[50,9],[148,-94],[-2,-24],[-29,-30],[-17,-51],[-101,-45],[78,6],[49,-38],[0,-23],[29,-8],[110,16],[89,-10],[27,-13],[16,-23],[-6,-11],[19,-12],[70,15],[168,121],[269,-13],[111,18],[71,34],[65,-5],[63,-31],[24,15],[61,-7],[27,-43],[37,-15],[35,34],[71,-75],[41,29],[-26,35],[-37,4],[24,11],[118,-3],[155,-35],[76,-50],[-110,-72],[-40,-6],[11,-15],[-4,-20],[-56,-16],[-10,-11],[4,-29],[43,-43],[138,-30],[106,-1],[20,-22],[-313,15],[-80,-38],[68,-16],[400,31],[167,-15],[-49,-45],[-47,-2],[56,-17],[-108,-25],[-26,-36],[372,-11],[72,-14],[92,-58],[32,5],[-23,48],[5,21],[17,9],[141,9],[102,30],[64,-7],[-35,30],[189,9],[25,-39],[80,23],[12,-20],[-39,-74],[116,32],[95,1],[162,79],[56,-19],[228,30],[18,-13],[-20,-16],[76,-10],[28,25],[213,-47],[56,-45],[44,14],[76,-31],[80,7],[116,-58],[12,-33],[-7,-25],[92,-6],[112,53],[51,-3],[69,-48],[42,4],[23,-19],[84,7],[32,-19],[-15,-24],[24,-14],[-15,-23],[90,-28],[327,-27],[66,-24],[172,9],[3,17],[20,4],[438,-9],[104,-34],[109,13],[40,-16],[-5,25],[198,-107],[-10,-11],[66,24],[46,-46],[62,-20],[108,11],[-61,-50],[19,-7],[86,11],[150,-29],[50,23],[117,-25],[82,8],[57,42],[87,27],[141,0],[41,27],[46,-27],[-5,-62],[34,71],[-29,38],[33,8],[61,-24],[18,20],[96,18],[137,-12],[19,37],[28,-34],[111,10],[40,-70],[15,9],[-19,31],[2,43],[46,1],[82,-37],[68,5],[28,-30],[40,9],[-5,9],[39,-6],[197,-69],[-8,-42],[52,10],[41,-17],[-30,0],[60,-23],[18,-17],[-9,-16],[38,-7],[-3,-17],[75,-49],[115,-8],[41,-16],[5,-34],[20,-10],[36,0],[31,22],[189,-60],[107,-61],[63,-66],[86,-19],[50,46],[-68,23],[220,-49]],[[38847,40719],[21,-28],[1,-37],[-32,8],[-49,87],[-29,20],[-16,45],[7,30],[19,-9],[34,23],[-19,-23],[29,9],[24,-28],[23,1],[10,-25],[-14,-3],[4,-36],[-43,-4],[30,-30]],[[39841,40851],[33,-16],[1,-15],[-96,-52],[-40,13],[-38,54],[-19,-9],[-10,15],[3,22],[19,11],[70,24],[16,-16],[47,40],[19,-2],[-5,-69]],[[38720,40987],[20,35],[-41,16],[-9,62],[33,41],[71,-64],[38,-94],[-58,-63],[-29,47],[0,-26],[-58,26],[33,20]],[[38808,40587],[22,-27],[-61,-4],[-7,21],[-53,1],[-15,55],[17,0],[-82,70],[33,39],[-64,0],[-5,32],[-30,26],[8,27],[-45,8],[26,30],[-59,9],[-5,31],[14,18],[-48,68],[-10,47],[68,0],[-49,26],[-9,13],[15,0],[-25,23],[34,0],[-34,23],[44,23],[-24,22],[5,25],[53,14],[2,-42],[26,-12],[1,-57],[49,-28],[4,-38],[25,-32],[-70,51],[-23,-19],[64,-32],[-35,-23],[63,-23],[10,-85],[34,0],[-5,-40],[61,-52],[-8,-26],[46,-23],[28,-54],[-25,-39],[49,-27],[-10,-19]],[[39674,40933],[-10,57],[-39,36],[17,-44],[-5,-22],[-36,-40],[-30,25],[31,83],[-13,10],[12,30],[42,-7],[4,17],[-39,45],[10,16],[-20,34],[4,40],[21,26],[126,-85],[15,-89],[-10,-29],[15,-30],[-8,-44],[-34,-24],[-53,-5]],[[38391,41224],[8,21],[50,-13],[-21,-57],[-54,-21],[-47,25],[-28,-25],[-20,55],[0,23],[34,0],[-23,18],[2,32],[80,28],[24,-24],[-24,-54],[19,-8]],[[39434,41395],[129,-130],[2,-41],[-27,38],[2,-46],[-12,-29],[-55,20],[43,-61],[-22,-44],[8,-18],[-68,66],[-34,198],[15,0],[5,60],[14,-13]],[[38279,41387],[5,-30],[-11,-12],[-33,-6],[-15,-29],[-38,7],[10,-29],[-29,-95],[-35,46],[-2,35],[-21,5],[33,19],[13,37],[-23,13],[37,27],[17,34],[92,-22]],[[38216,41473],[24,45],[52,-30],[9,-23],[-7,-33],[-47,-20],[-75,21],[44,40]],[[38352,41433],[-61,91],[3,18],[74,15],[37,-30],[-5,-44],[-48,-50]],[[38170,41480],[-34,-47],[-55,24],[-49,-24],[36,55],[33,13],[-20,38],[19,19],[82,-16],[6,-39],[-18,-23]],[[38381,41830],[-3,-18],[-76,-49],[-52,59],[-9,-28],[12,-67],[-39,-14],[-58,40],[-42,69],[29,0],[5,39],[14,9],[30,-32],[-4,22],[9,7],[50,-11],[20,-34],[82,-3],[25,27],[7,-16]],[[38396,41954],[12,-6],[2,-40],[34,0],[-5,-63],[-19,-40],[-64,70],[35,17],[-29,31],[34,31]],[[22562,41931],[12,21],[56,11],[-10,-71],[9,-59],[-28,-45],[-86,16],[-7,34],[-15,15],[61,43],[8,35]],[[37763,41963],[55,7],[-9,-24],[-58,-30],[-44,-63],[-43,18],[-6,17],[44,28],[-58,42],[34,18],[39,-6],[-10,-24],[56,17]],[[37947,41970],[45,24],[16,-47],[-7,-39],[-21,-22],[-29,18],[-15,56],[11,10]],[[40040,41589],[13,-14],[-22,-1],[2,-212],[-23,32],[-16,-3],[6,-64],[-26,-91],[-58,-48],[-7,-34],[-32,-18],[-84,57],[68,93],[14,58],[-10,42],[-52,-40],[14,-70],[-25,-37],[-75,-15],[-42,34],[6,21],[52,20],[11,47],[31,16],[37,71],[-47,150],[-10,74],[-15,-30],[31,-131],[2,-64],[-59,-107],[-38,-23],[29,50],[-34,94],[34,81],[-60,-35],[-7,-45],[36,-99],[-43,-83],[-18,-3],[-95,65],[-95,124],[100,98],[20,0],[22,51],[-56,24],[-7,33],[15,44],[42,5],[9,40],[69,6],[-79,6],[-44,-33],[-13,39],[32,25],[129,24],[-34,49],[-17,-31],[-52,-18],[-36,19],[-7,37],[154,0],[25,15],[-70,8],[-31,62],[44,3],[38,28],[41,-7],[88,42],[71,-47],[96,-151],[-1,-27],[54,-75],[3,-34],[22,-31],[-20,-66]],[[38168,42148],[69,0],[18,16],[-80,10],[-17,13],[3,21],[86,-12],[73,45],[76,-15],[-20,-62],[11,-67],[-10,-40],[-20,-2],[-39,34],[-32,-27],[-21,17],[-85,-70],[-28,4],[-9,-12],[15,-31],[-58,-21],[-65,46],[17,42],[58,72],[5,29],[53,10]],[[38917,42405],[19,43],[86,9],[16,-75],[-17,-31],[8,-25],[-66,-46],[38,-9],[50,35],[48,-33],[70,-13],[71,-80],[-42,-39],[-36,23],[25,-47],[-11,-8],[21,-32],[-1,-29],[18,-22],[-3,-47],[-20,6],[-17,40],[-27,-40],[-79,-18],[-66,58],[33,60],[-57,16],[10,32],[-103,25],[-16,-34],[-20,1],[-48,93],[1,20],[11,-4],[6,47],[-11,31],[70,15],[39,78]],[[39322,40734],[13,-3],[7,-44],[-44,-7],[10,-7],[-5,-95],[-76,26],[3,-17],[-31,-3],[-69,50],[-21,-32],[-12,54],[55,47],[-21,16],[-38,-27],[-42,11],[67,46],[-43,25],[34,15],[-41,9],[-10,35],[-31,18],[24,7],[-24,40],[9,54],[-16,-9],[-23,-112],[-47,-3],[3,22],[29,8],[9,26],[-33,45],[-3,-43],[-17,-24],[-22,-4],[-31,31],[-2,24],[22,-15],[25,46],[-35,12],[6,19],[75,8],[-46,8],[-6,29],[20,33],[-35,13],[-37,-68],[-10,25],[48,93],[-53,71],[-5,29],[-12,-16],[1,-26],[28,-42],[-3,-33],[-53,-7],[-73,66],[-8,53],[8,21],[-30,5],[-13,-44],[-64,-31],[-57,6],[-3,13],[86,45],[2,23],[-125,-10],[6,-15],[-37,31],[-58,-13],[-5,40],[-32,35],[41,44],[104,-18],[30,-20],[121,2],[-114,41],[-15,14],[-1,24],[-25,6],[63,23],[-70,4],[-36,37],[38,107],[61,49],[55,13],[-43,8],[-199,-62],[-91,51],[-2,45],[29,9],[-31,36],[2,15],[17,9],[24,-24],[13,62],[49,-22],[16,44],[47,39],[6,66],[-12,23],[-4,-35],[-40,20],[-29,70],[21,16],[-15,110],[-20,23],[10,80],[-15,23],[-111,3],[-34,24],[-58,-7],[-28,31],[-2,51],[-13,14],[10,23],[38,17],[-35,54],[194,-22],[20,-8],[-12,-22],[12,-33],[20,7],[-10,10],[3,24],[80,21],[30,-38],[-1,-37],[58,-26],[0,-55],[24,-26],[-34,-67],[-48,8],[44,-70],[87,-16],[14,32],[28,-53],[38,16],[75,-49],[46,-61],[36,-20],[14,-36],[66,-74],[32,-58],[-7,-15],[19,-65],[-12,-44],[17,-14],[3,-32],[29,47],[16,-1],[59,-147],[51,-7],[41,-39],[12,-36],[-7,-18],[-16,4],[-55,57],[-130,53],[-63,85],[-20,-6],[15,-24],[-25,-30],[27,-5],[9,-23],[-33,-46],[-70,-35],[-15,-23],[19,-12],[0,-27],[27,41],[49,17],[4,27],[16,12],[83,11],[28,-49],[60,-23],[7,-13],[-51,7],[-102,-46],[4,-19],[55,24],[22,-34],[31,29],[53,8],[35,-51],[33,-4],[-5,-15],[47,-97],[-60,-25],[-45,13],[2,-67],[16,1],[11,35],[63,-31],[21,10],[24,55],[39,11],[18,-72],[-39,-97],[25,0],[-9,-17],[-40,-29],[-24,30],[10,-30],[-30,-17],[32,-27],[-105,-58],[63,-21],[23,20],[7,-14],[40,53],[52,9],[-13,-16],[3,-24],[-24,-31],[34,-11],[-10,-57],[-50,-11],[65,-68],[-15,-8]],[[38872,42514],[-40,-55],[24,-54],[-9,-25],[-122,-53],[-35,8],[-132,115],[45,84],[48,38],[82,-11],[75,22],[44,-22],[20,-47]],[[39303,42444],[53,-164],[-48,-7],[-12,-53],[-42,-25],[-19,49],[-21,-5],[-33,35],[-48,14],[-67,64],[-10,22],[18,60],[-14,33],[9,55],[-29,91],[81,-33],[46,-90],[31,-32],[20,-10],[50,22],[35,-26]],[[23692,42661],[25,28],[102,11],[-12,-34],[-51,-34],[-122,6],[32,30],[26,-7]],[[21565,42720],[58,-52],[-114,17],[-14,-24],[-122,-7],[17,41],[34,26],[114,12],[27,-13]],[[23431,42732],[18,-40],[-8,-12],[-26,-10],[20,22],[-29,-15],[12,41],[-23,19],[-29,-8],[-9,-44],[29,-40],[-87,-38],[-90,-96],[-21,3],[-17,34],[15,45],[50,68],[116,76],[53,9],[26,-14]],[[23673,42685],[-90,-55],[-79,13],[-20,34],[50,60],[110,17],[29,-7],[24,-55],[-39,19],[15,-26]],[[38626,42953],[-2,13],[29,30],[36,-32],[39,-1],[45,-43],[30,-56],[61,-50],[28,-54],[36,-20],[0,-23],[-107,-60],[-44,37],[-13,-17],[30,-39],[-36,-13],[-103,9],[-19,34],[-5,74],[51,43],[-29,55],[5,63],[-32,50]],[[37971,42615],[42,-54],[-59,-9],[24,-27],[-29,-42],[51,-28],[-2,-57],[-16,-16],[-73,86],[-4,-93],[50,-2],[11,-53],[-37,-20],[20,-60],[-23,-76],[-22,-9],[-42,32],[21,82],[-21,36],[5,102],[-14,14],[-12,-18],[-3,-62],[-25,-6],[13,-57],[-71,-17],[20,-43],[41,0],[12,-54],[-24,-31],[13,-61],[-19,-13],[-20,32],[11,18],[-58,39],[12,23],[-21,22],[28,50],[-35,19],[-13,93],[6,12],[23,-16],[7,39],[38,24],[-6,22],[-58,-38],[-29,0],[23,20],[-16,53],[36,7],[-4,51],[40,-2],[1,33],[17,-34],[0,-52],[36,48],[38,-46],[8,7],[5,54],[-25,64],[25,-2],[-2,11],[-33,75],[-28,-62],[-69,68],[-62,9],[55,48],[61,30],[35,-3],[4,18],[-40,6],[-73,-37],[-28,31],[44,17],[1,37],[-20,-3],[-6,-24],[-70,6],[-27,61],[6,31],[-13,108],[32,13],[57,-81],[2,33],[-29,43],[-7,33],[16,10],[51,-4],[36,-39],[53,-15],[-33,54],[-41,15],[2,17],[-39,22],[179,-64],[18,-22],[-3,-38],[19,-1],[5,-38],[15,16],[22,-58],[-39,-102],[-46,-19],[22,-17],[39,23],[16,25],[-3,21],[35,17],[12,48],[-6,60],[43,-38],[24,10],[36,-16],[-45,-96],[34,-27],[2,-33],[17,-34],[-21,-42],[-26,-10],[-19,46],[-88,21],[46,-34],[8,-25],[-19,-39],[-32,-19],[24,-27]],[[37951,43287],[234,-37],[138,-60],[37,0],[51,-82],[19,12],[-44,85],[174,-31],[20,-37],[39,-28],[24,-67],[-9,-36],[-30,-30],[25,-58],[15,-131],[-20,-33],[-34,-7],[-124,131],[-34,91],[-30,3],[-50,37],[30,-116],[59,-4],[3,-61],[-18,-50],[21,14],[75,-29],[9,-16],[-9,-9],[-44,9],[48,-24],[16,-62],[-40,0],[8,-44],[-26,-39],[-28,-2],[-46,27],[-58,-4],[-16,28],[-47,3],[19,-31],[-14,-1],[4,-13],[-13,-11],[-127,-13],[-27,25],[3,105],[-24,17],[38,39],[-14,-1],[-5,39],[-29,40],[11,62],[-7,31],[14,9],[-11,31],[22,-2],[-12,71],[-44,-50],[-17,3],[10,16],[-31,6],[-18,47],[-31,-6],[-17,38],[65,-22],[41,14],[-72,29],[-126,111],[10,52],[64,22]],[[24505,43380],[16,-17],[-29,-27],[-57,-14],[-20,16],[-54,-44],[-34,9],[-36,-20],[-18,-79],[-26,-12],[-50,6],[14,22],[-13,33],[18,23],[-54,-14],[-14,21],[52,26],[-11,13],[-26,-8],[104,118],[16,-8],[-4,-17],[32,-15],[-22,-47],[87,54],[22,-15],[107,-4]],[[36756,43388],[4,-19],[35,-16],[-58,-148],[-151,-23],[13,102],[43,39],[37,61],[-70,5],[-8,26],[14,47],[-39,-16],[12,26],[-7,21],[17,22],[-14,46],[85,5],[77,-50],[44,-62],[-53,8],[16,-31],[3,-43]],[[37450,42903],[6,-203],[-11,-19],[-22,45],[-7,-57],[30,-58],[-6,-35],[10,-50],[-20,-82],[15,-10],[-3,-24],[-22,-59],[26,5],[-29,-103],[-16,12],[15,40],[-10,14],[-58,-7],[10,15],[-26,10],[-11,42],[-17,10],[0,40],[-39,4],[-7,36],[-114,200],[24,16],[-13,19],[13,19],[51,2],[30,67],[41,48],[-26,-3],[-55,-67],[-12,6],[-2,33],[12,47],[19,15],[-33,-1],[-31,-95],[-27,-28],[-31,-5],[-8,47],[6,40],[81,94],[-24,15],[-74,-91],[-36,-20],[-10,20],[18,24],[-7,29],[22,5],[-3,62],[27,36],[-105,-49],[-36,10],[9,26],[-42,9],[5,67],[46,5],[-13,32],[-44,24],[18,33],[68,37],[64,12],[-1,32],[-103,6],[-46,51],[-2,41],[20,24],[59,13],[-31,19],[-47,-32],[-26,9],[35,43],[21,62],[-86,3],[-52,-18],[-103,138],[50,10],[91,-15],[-2,16],[-92,22],[71,81],[-5,64],[56,39],[39,4],[72,-48],[-73,-45],[-19,-26],[9,-7],[57,41],[15,3],[12,-23],[40,25],[29,-3],[27,-13],[-43,-46],[51,14],[96,-49],[61,-66],[-63,8],[34,-24],[-24,-31],[32,2],[11,-46],[60,-1],[3,-41],[-15,-7],[33,-39],[-17,-46],[33,-26],[8,-23],[-12,-21],[22,-7],[11,-24],[0,-32],[15,-15],[-6,-38],[16,-45],[-5,-17],[22,-33],[-3,-49],[35,-59],[-8,-22],[22,-39]],[[24226,44138],[-24,7],[14,8],[-7,14],[-50,6],[-103,81],[42,48],[110,-58],[47,-44],[34,-85],[-63,23]],[[25034,43904],[9,-5],[-6,-11],[-108,-118],[-21,-86],[-18,-5],[-54,16],[-33,-16],[19,25],[-2,21],[-27,0],[-9,-28],[-12,-2],[-43,9],[-23,37],[-43,-13],[-49,45],[-156,7],[45,-31],[-83,-16],[9,-15],[-19,-39],[36,32],[112,22],[141,-80],[26,-36],[-68,-103],[-18,-6],[4,29],[-14,5],[-74,-42],[-48,55],[16,38],[-67,-23],[-33,11],[-69,-30],[-38,41],[2,-37],[-8,-9],[7,-7],[70,-18],[29,18],[52,-54],[-97,-44],[-111,21],[-58,-55],[-39,24],[12,-36],[-58,-69],[-12,12],[-10,54],[-39,1],[-2,-13],[31,4],[-18,-47],[18,-31],[2,-29],[-151,-8],[-35,-17],[120,-4],[-14,-28],[-43,-15],[68,-7],[15,-6],[-4,-14],[-47,-57],[-29,2],[-8,44],[-43,-99],[-20,12],[-8,-26],[54,11],[1,-26],[-56,-28],[-41,6],[-20,-49],[-85,-65],[-48,21],[-48,-24],[-19,11],[60,109],[205,170],[-53,-32],[13,37],[-15,25],[-31,-65],[-55,-4],[54,125],[112,69],[-47,23],[-19,-31],[-100,-74],[-89,-110],[-27,45],[19,38],[22,33],[85,60],[-199,40],[-85,-8],[-95,-39],[24,-48],[34,-24],[37,10],[63,66],[119,-4],[-6,-42],[-32,-75],[0,-47],[-26,-28],[-38,-3],[19,-18],[-12,-30],[-17,10],[-14,-24],[3,22],[-13,9],[-2,-54],[41,15],[-45,-27],[0,52],[-17,31],[-59,50],[-83,21],[9,97],[-12,39],[-1,71],[-47,96],[-60,29],[-69,-13],[-14,21],[25,4],[7,23],[-37,35],[16,13],[57,-21],[-19,24],[18,40],[-13,37],[59,43],[-11,11],[6,23],[25,34],[47,21],[19,-31],[9,12],[-4,58],[82,-15],[-34,23],[59,46],[5,24],[53,0],[44,31],[48,-23],[94,-9],[32,-85],[-18,-19],[-79,-12],[96,6],[28,-17],[32,-144],[46,-35],[55,-84],[83,-37],[-80,55],[-17,70],[-31,36],[-6,82],[8,37],[-30,68],[72,-38],[50,1],[-53,19],[-93,98],[52,12],[102,-19],[19,-14],[7,-34],[28,2],[5,18],[-81,74],[-147,33],[-23,73],[10,39],[63,72],[79,32],[22,-17],[19,9],[27,-47],[38,-16],[19,-159],[28,-82],[7,18],[-21,91],[62,-27],[-21,34],[-31,17],[10,19],[38,19],[58,-77],[30,24],[-3,21],[-54,48],[-40,12],[-13,42],[20,8],[168,-69],[-1,-64],[24,-22],[-12,20],[-2,147],[-30,51],[38,-10],[89,-77],[9,9],[-109,128],[-65,46],[-5,16],[12,11],[192,-92],[14,-1],[-8,23],[16,3],[85,-19],[38,-30],[-58,-39],[24,7],[-26,-22],[-23,-105],[29,-45],[20,14],[-1,84],[28,52],[54,-38],[40,69],[44,-31],[6,34],[-15,28],[8,20],[24,-5],[23,-29],[51,9],[41,-49],[-7,-39],[12,-13],[41,28],[24,-24],[-20,-30],[-72,-35],[-65,-73],[63,22],[-5,-50],[-17,-27],[68,38],[-22,-37],[-7,-44],[9,-4],[59,23],[129,-8]],[[36198,44286],[7,-32],[-9,-42],[-42,-59],[-14,39],[5,16],[-29,8],[19,38],[-53,-12],[14,28],[-6,32],[21,29],[-34,16],[13,55],[47,36],[97,-94],[-22,-17],[-14,-41]],[[24143,44402],[68,70],[-5,8],[37,14],[53,-55],[61,2],[49,-72],[111,-45],[-78,-15],[-119,55],[-24,-3],[-42,63],[-18,1],[24,-39],[-89,-3],[-28,19]],[[25242,44619],[40,6],[12,-20],[-16,-56],[-22,-23],[-30,4],[-6,16],[22,73]],[[36581,43640],[6,23],[-10,12],[-57,31],[-55,74],[46,-1],[119,-92],[-15,34],[-169,126],[-24,35],[38,7],[1,-22],[19,-1],[-4,16],[33,15],[-71,9],[-24,23],[-9,-29],[-13,-2],[-19,26],[38,50],[-84,68],[-12,41],[-37,-11],[-61,74],[-19,-1],[-12,-27],[-7,11],[15,68],[33,49],[-11,54],[37,22],[106,-106],[91,-63],[-266,265],[-15,30],[5,18],[31,20],[76,-38],[-59,128],[66,-3],[27,-77],[29,-32],[-7,-42],[65,-29],[-45,50],[4,44],[-13,55],[32,20],[-3,18],[47,-13],[74,-54],[7,46],[23,31],[98,50],[50,-52],[56,0],[106,-77],[-27,-68],[-26,-10],[-47,-59],[-46,14],[-65,-13],[22,-17],[42,15],[48,-31],[-4,-18],[-78,6],[-37,-21],[93,-16],[4,-23],[21,10],[-6,29],[44,13],[41,71],[56,24],[8,18],[-23,37],[48,15],[58,-23],[-19,-16],[12,-7],[154,-4],[7,-17],[-13,-11],[130,-51],[16,-61],[-14,-15],[9,-28],[-40,-56],[35,-45],[-92,63],[-111,47],[49,-61],[67,-25],[27,-31],[12,7],[11,-30],[27,-8],[-59,-31],[-174,12],[-174,108],[-272,120],[51,-38],[18,-34],[173,-66],[25,-20],[0,-21],[99,-39],[37,-53],[-31,-36],[64,4],[45,-27],[97,52],[113,4],[21,-115],[28,-75],[1,-74],[20,-29],[-4,-13],[-39,5],[20,-24],[-17,-9],[-132,6],[-404,272],[-131,66],[29,-40],[34,-4],[5,-18],[-9,-8],[18,-31],[-42,-6],[-31,-33],[69,8],[75,-46],[24,-40],[-52,-2],[-9,-21],[56,4],[14,-25],[-17,-25],[20,-14],[5,-37],[-53,-20],[16,-33],[-41,-4],[10,-32],[-26,-5],[-8,-19],[-112,31]],[[37467,44596],[-38,35],[-21,47],[83,40],[58,-13],[158,-155],[-240,46]],[[37639,43298],[-93,-69],[-63,-3],[-28,-21],[11,68],[-17,46],[30,50],[-32,34],[-6,44],[77,-9],[14,24],[-36,9],[-19,28],[28,36],[61,12],[-29,31],[-43,15],[2,51],[24,6],[7,-25],[141,-55],[-39,47],[44,23],[-112,0],[-74,111],[40,0],[112,60],[-17,9],[-134,-47],[-26,59],[-35,40],[-16,95],[-28,72],[12,75],[-16,97],[-29,84],[8,21],[-39,74],[43,65],[-9,40],[19,35],[-4,11],[-27,-20],[-6,-69],[-47,78],[-41,25],[0,34],[17,27],[-43,27],[-17,96],[5,47],[18,1],[13,-36],[30,-7],[47,-42],[9,-36],[60,-86],[13,-62],[155,15],[80,-38],[130,17],[11,-40],[-30,0],[20,-24],[5,-33],[56,-58],[2,-33],[60,-66],[16,-69],[65,-91],[-5,-45],[16,-96],[59,-96],[-26,-3],[-34,62],[-63,58],[-34,130],[-55,44],[-38,126],[-63,84],[54,-46],[-13,27],[-40,55],[-55,40],[30,-83],[-38,7],[40,-25],[27,-44],[-66,30],[31,-102],[-11,-79],[8,-13],[18,36],[31,-19],[114,-178],[-23,-24],[49,-9],[52,-40],[8,-84],[61,-93],[-15,-7],[-22,38],[-22,0],[0,-25],[-106,49],[-10,-16],[29,-24],[-39,0],[88,-30],[-15,-39],[74,22],[20,-90],[-66,-58],[-77,60],[-9,-5],[2,-30],[-12,-1],[-18,43],[-40,28],[31,-69],[-7,-26],[29,-4],[20,-26],[-8,-24],[-31,9],[-28,-83],[-35,-19],[-20,9],[-29,-24],[11,-22],[-40,-9],[6,-16],[-30,16],[-19,-31],[24,-16]],[[25171,44704],[-14,-46],[12,-9],[-2,-53],[-102,-101],[-73,62],[-19,74],[-21,-4],[-29,-17],[-9,-37],[25,-22],[-54,6],[29,-15],[-1,-28],[41,-34],[-26,0],[-23,-32],[-19,24],[-61,11],[-66,-58],[-10,29],[5,111],[-15,-4],[-48,-152],[-63,-21],[-24,29],[1,-64],[-27,-36],[-149,62],[-31,37],[-5,21],[12,11],[-84,5],[-44,66],[29,57],[114,-26],[12,-24],[12,16],[63,-24],[-118,81],[-27,36],[64,40],[83,-31],[75,9],[20,-34],[11,17],[-12,68],[-23,24],[29,7],[-87,55],[78,11],[28,41],[29,-25],[30,58],[23,-5],[10,-25],[74,7],[-20,-55],[44,-15],[-11,-14],[3,-31],[27,17],[23,-15],[-10,-46],[32,25],[8,79],[10,8],[63,-8],[-5,-15],[15,-7],[-15,-8],[8,-18],[31,-21],[68,54],[24,-31],[-51,-127],[8,-32],[31,89],[24,-7],[-2,-31],[48,83],[24,-22]],[[24691,44915],[1,21],[-15,11],[51,10],[14,28],[84,54],[74,1],[5,-32],[-23,-42],[8,-13],[-98,-89],[-101,51]],[[18813,45163],[128,44],[56,48],[-148,-281],[-49,-24],[-85,4],[5,87],[-65,69],[66,-58],[12,69],[80,42]],[[24971,45373],[-81,-8],[26,22],[-2,41],[122,-16],[-5,-16],[-34,0],[-26,-23]],[[26065,45909],[35,14],[32,-30],[-48,-69],[-60,-4],[-13,20],[40,36],[14,33]],[[24068,45835],[-20,15],[2,27],[52,44],[56,3],[28,-34],[2,-15],[-36,-30],[-84,-10]],[[26326,45979],[29,0],[-14,-39],[-12,16],[-34,-6],[-46,-33],[24,50],[53,12]],[[30569,46577],[94,31],[-138,-96],[-107,-113],[-36,-16],[38,68],[149,126]],[[27975,46648],[8,-16],[-61,-69],[-53,-32],[-63,0],[44,23],[-20,0],[15,23],[-24,8],[26,2],[29,-24],[99,85]],[[28102,46655],[-49,-71],[-61,-36],[-46,-2],[120,135],[34,2],[2,-28]],[[28005,46679],[-57,-4],[-11,-20],[19,0],[-65,-56],[-12,9],[22,51],[77,66],[25,47],[9,-39],[27,4],[24,-20],[-58,-38]],[[27866,46644],[-70,-23],[-39,10],[88,17],[-78,15],[78,31],[-68,8],[102,60],[16,3],[3,-24],[46,76],[6,-11],[-41,-117],[-43,-45]],[[28611,46919],[131,31],[-63,-90],[-158,-114],[-66,-72],[-35,-62],[17,-27],[-10,-21],[-43,4],[-42,-37],[24,-54],[-28,-39],[-107,1],[-18,-49],[-136,-42],[-38,12],[21,73],[105,51],[-48,20],[37,38],[59,20],[-24,30],[197,129],[32,32],[-6,26],[41,28],[25,51],[29,-8],[38,19],[-5,60],[23,37],[-20,16],[10,23],[52,23],[20,-7],[-23,-32],[77,0],[-68,-70]],[[27995,47021],[-29,-86],[-17,-15],[-66,15],[6,40],[36,39],[44,21],[26,-14]],[[29979,47028],[56,39],[-20,-119],[-62,2],[-52,23],[78,55]],[[29261,47051],[78,0],[-78,-23],[-5,-24],[-20,-11],[-77,1],[-113,-55],[-76,-66],[-34,14],[-24,32],[136,85],[-77,17],[-40,-40],[-32,16],[-16,36],[19,42],[25,8],[19,39],[32,22],[41,1],[-10,-23],[136,7],[-10,-70],[153,33],[22,-13],[-49,-28]],[[28141,47059],[-49,-15],[49,101],[-10,-62],[53,25],[-9,46],[11,15],[13,-3],[5,-37],[34,12],[-5,-35],[19,-16],[-87,-46],[15,-15],[64,8],[-80,-148],[20,-9],[-22,-66],[-40,-26],[1,20],[-31,6],[34,51],[-42,-12],[-40,12],[29,39],[-29,23],[90,25],[17,30],[-84,-9],[49,16],[-38,34],[42,9],[21,27]],[[25240,47145],[-20,-39],[-47,-28],[-13,-42],[11,-15],[-51,-29],[-36,10],[44,10],[5,39],[35,56],[-6,38],[19,26],[48,-3],[20,-23],[-9,0]],[[29567,47308],[5,-9],[-20,-14],[20,-8],[-17,-21],[-205,-108],[-164,-38],[-27,12],[33,59],[118,3],[19,7],[-19,15],[121,32],[-15,23],[79,9],[72,38]],[[28335,47339],[33,15],[-3,21],[-16,2],[34,24],[39,-52],[44,21],[-20,-43],[-97,-11],[19,30],[-33,-7]],[[28029,47409],[14,30],[44,-57],[-53,-12],[-10,-24],[-54,71],[45,-16],[-14,40],[6,7],[22,-39]],[[27860,47346],[-38,49],[-6,27],[24,17],[-15,17],[42,6],[33,-30],[-12,-31],[21,-16],[-6,-39],[-23,-16],[-20,16]],[[27917,47502],[-20,-3],[-14,18],[5,51],[42,52],[-27,21],[53,9],[46,-28],[19,-23],[-2,-27],[22,-41],[-12,-22],[-27,24],[-40,-41],[-45,10]],[[17827,50680],[-19,-24],[14,-31],[-8,-9],[-20,18],[-161,-16],[-73,31],[37,47],[145,8],[23,21],[38,-14],[-5,-8],[29,-23]],[[17229,57492],[10,53],[30,27],[-27,-48],[-6,-178],[-11,73],[4,73]],[[32635,57618],[27,-31],[-141,82],[-223,66],[63,-3],[199,-70],[75,-44]],[[17321,57712],[40,58],[112,89],[-121,-116],[-83,-148],[52,117]],[[17572,57959],[42,49],[60,28],[-176,-161],[74,84]],[[17725,58130],[125,77],[103,32],[-128,-56],[-104,-75],[-49,-54],[53,76]],[[18386,58303],[-203,20],[-52,-4],[-46,-32],[24,31],[39,17],[238,-32]],[[27399,58466],[-66,21],[-73,-4],[-126,59],[-85,9],[55,10],[171,-69],[51,10],[73,-36]],[[15170,39770],[10,-11],[-6,-11],[-46,-7],[-27,11],[-3,18],[28,14],[44,-14]],[[19823,40690],[6,-16],[-10,-21],[-30,-6],[-14,6],[-11,60],[24,11],[35,-34]],[[18540,41143],[2,-24],[-21,-9],[-56,39],[20,25],[40,3],[10,-3],[5,-31]],[[18381,41214],[10,-16],[-14,-37],[-52,-16],[-38,20],[23,35],[71,14]],[[19459,41295],[-3,-21],[-49,21],[30,21],[22,-21]],[[19971,41845],[16,-36],[-9,-23],[-42,31],[20,30],[15,-2]],[[21834,42104],[0,-26],[-10,-8],[-36,29],[31,35],[15,-30]],[[21764,42274],[9,-25],[-18,-16],[-12,42],[22,41],[-1,-42]],[[21033,42448],[4,-16],[-19,-17],[-46,29],[30,26],[32,-7],[-1,-15]],[[23849,43762],[3,-57],[-10,-17],[-17,18],[-14,64],[14,39],[26,-20],[-2,-27]],[[24904,44240],[10,-18],[-28,-24],[-96,45],[15,26],[-6,15],[42,8],[11,-44],[52,-8]],[[24620,44309],[11,-12],[-25,-49],[-32,-1],[-36,29],[20,22],[62,11]],[[24573,44656],[-65,20],[-19,24],[17,15],[42,-5],[33,-24],[13,-32],[-21,2]],[[19301,45097],[11,-19],[-24,-29],[-1,32],[-27,21],[11,52],[16,-12],[2,-45],[12,0]],[[19212,45156],[-6,-36],[-28,-17],[19,76],[15,-23]],[[26414,47925],[23,-13],[-35,-39],[-34,0],[46,52]],[[16237,50069],[14,-20],[-32,0],[18,20]],[[5932,36702],[40,24],[18,-55],[-40,-37],[-13,14],[-5,54]],[[6044,36826],[22,12],[36,-47],[-59,-52],[1,87]],[[6185,37331],[27,-14],[6,-38],[-14,-36],[-34,-6],[-36,55],[32,50],[19,-11]],[[7970,37308],[-10,-24],[15,-15],[-20,-8],[-4,-31],[-11,13],[-23,-30],[-8,17],[-24,-4],[-12,24],[-5,74],[15,-8],[-25,39],[85,20],[17,-13],[-53,-31],[24,0],[-5,-23],[31,15],[13,-15]],[[8150,37331],[14,-23],[-5,-8],[-24,31],[-53,-4],[9,-35],[-29,39],[-12,-29],[3,-33],[-10,39],[-40,17],[-4,22],[16,-4],[-6,30],[14,22],[44,-25],[12,-29],[12,23],[59,-33]],[[8164,37393],[15,15],[9,-53],[-106,38],[61,32],[21,-8],[-20,-16],[20,-8]],[[6883,37292],[20,-23],[-24,-34],[-3,-56],[-26,-27],[-25,16],[-7,-21],[-17,-2],[15,-70],[-27,-6],[-28,53],[-91,23],[15,39],[83,23],[6,49],[-65,31],[-118,96],[46,44],[139,12],[49,-46],[-7,-20],[33,-17],[4,-17],[93,0],[61,23],[-3,-28],[-14,-14],[-109,-28]],[[7363,37448],[34,-12],[20,-35],[-64,-78],[6,-44],[-10,-25],[10,-16],[-20,-54],[-33,15],[0,-24],[-53,-14],[-29,8],[-37,42],[-46,2],[-44,-26],[-71,0],[-22,-13],[-21,-44],[-32,54],[41,38],[88,-16],[10,24],[153,48],[54,40],[15,127],[51,3]],[[8353,37494],[44,-16],[-45,-30],[-19,7],[20,39]],[[7848,37284],[16,-38],[-40,-40],[-14,39],[-69,-77],[-16,21],[-34,-30],[-36,9],[-10,-33],[12,-21],[-2,-24],[-29,23],[-24,-28],[-21,3],[-7,21],[13,12],[-16,33],[1,52],[-63,-134],[-43,-1],[8,78],[54,46],[5,42],[44,24],[-63,8],[3,37],[28,18],[39,-40],[75,0],[-53,46],[9,28],[43,7],[-52,55],[-2,32],[17,19],[78,-2],[31,40],[41,-8],[-10,-22],[15,-31],[-7,-21],[-36,-10],[-29,-55],[37,0],[-4,-31],[18,10],[45,-17],[1,17],[28,14],[26,-19],[-7,-52]],[[8252,37510],[43,0],[-50,-21],[-52,5],[8,15],[51,1]],[[8060,37518],[-19,4],[-21,60],[18,52],[18,11],[53,1],[45,-45],[7,-40],[22,3],[-47,-26],[-11,-20],[17,-15],[-15,-21],[-67,36]],[[10194,37646],[119,-20],[-148,-38],[-52,22],[-98,-42],[-61,4],[-20,-24],[-50,11],[-6,20],[-79,0],[5,16],[-10,8],[-43,-25],[-61,-5],[-61,18],[0,28],[-97,46],[5,16],[66,-18],[50,18],[-9,-30],[38,14],[29,-39],[29,42],[122,28],[43,-8],[-9,-30],[92,0],[38,-15],[6,-17],[54,25],[28,-17],[80,12]],[[10701,37961],[75,-47],[-7,-31],[-72,-43],[-20,12],[-62,-44],[-74,12],[53,101],[83,55],[24,-15]],[[9537,37797],[-27,-16],[-64,4],[-16,-20],[73,-81],[1,-32],[-41,18],[-47,-5],[4,-39],[-74,38],[-77,-15],[-4,-15],[44,8],[-13,-13],[-14,-57],[-23,10],[-13,37],[-22,-13],[-22,28],[25,-70],[-37,30],[-12,-6],[14,-24],[-31,8],[-32,-16],[-58,23],[9,-14],[-13,-22],[-122,29],[-69,-16],[-35,-27],[-216,12],[126,38],[37,-5],[-8,-18],[44,16],[28,-12],[0,48],[32,-18],[6,24],[19,-3],[23,43],[9,-29],[27,18],[11,-17],[22,9],[16,-24],[45,54],[86,-22],[21,8],[-15,4],[1,17],[58,10],[8,14],[-30,2],[-13,29],[103,-9],[0,21],[-25,26],[44,0],[33,-30],[17,32],[22,-2],[12,28],[27,12],[1,22],[-40,9],[-43,45],[-8,-18],[7,-20],[-49,14],[-19,16],[5,17],[69,14],[-6,33],[34,0],[12,27],[65,34],[74,-22],[22,-34],[31,-12],[13,-52],[-10,-29],[-28,-18],[-4,-34]],[[11516,38124],[34,-35],[-10,-40],[-39,-11],[-24,12],[-2,28],[14,29],[27,17]],[[11977,38303],[29,-16],[-1,-19],[-40,-71],[-56,5],[-69,-66],[-28,11],[-6,40],[73,106],[52,26],[46,-16]],[[12331,38411],[34,-25],[-10,-13],[5,-17],[-92,-7],[15,54],[-10,8],[58,0]],[[12627,38513],[-5,-47],[10,-8],[-31,-56],[-100,53],[-70,-36],[-34,39],[0,16],[27,20],[52,-4],[35,35],[48,11],[68,-23]],[[12355,38566],[54,-15],[-44,-55],[-48,35],[5,24],[33,11]],[[12622,38698],[19,-39],[-37,-58],[-21,-4],[5,16],[-13,9],[5,64],[42,12]],[[13922,39103],[5,-8],[-18,-16],[-186,-111],[-106,-35],[-29,-32],[4,-15],[-25,-46],[-13,6],[0,-29],[-63,-95],[-83,-30],[-62,-54],[-6,-25],[-67,-5],[14,-33],[-8,-15],[-31,22],[-65,-51],[-98,-39],[3,-19],[-54,-15],[36,20],[3,26],[54,16],[19,70],[44,0],[14,16],[15,77],[15,-7],[40,58],[-16,81],[14,36],[98,91],[10,27],[67,-30],[45,33],[23,-33],[51,26],[7,36],[-15,-5],[1,21],[-44,15],[26,42],[-8,48],[30,66],[90,71],[162,45],[52,-49],[91,-8],[8,-20],[-9,-27],[-45,-58],[12,-15],[-2,-24]],[[15140,39608],[34,8],[-27,-29],[7,-30],[-9,-19],[-44,0],[14,-32],[-38,-23],[9,-22],[-60,59],[5,40],[17,-14],[20,36],[4,-36],[25,61],[43,1]],[[15028,39483],[14,-16],[1,-30],[-11,-8],[-84,-9],[-12,-7],[15,-15],[-63,-8],[-49,-31],[19,-11],[10,-27],[-20,18],[-19,-8],[-14,-65],[-49,70],[20,-74],[-54,19],[32,-34],[6,-33],[-53,24],[-43,66],[-10,-15],[41,-88],[-1,-32],[-37,23],[-17,-35],[-34,47],[-29,-47],[-15,27],[-34,-42],[6,23],[-20,6],[-202,-92],[-21,-47],[-49,16],[-48,-23],[4,-16],[-39,-57],[-69,24],[-42,-44],[-23,33],[-59,11],[-49,33],[104,86],[77,-8],[-2,16],[19,4],[59,-20],[-19,39],[28,24],[108,-20],[-10,35],[23,-2],[8,35],[47,-17],[48,18],[-19,51],[100,-5],[59,21],[-98,3],[-32,20],[10,15],[-23,37],[20,33],[36,-7],[25,-31],[-4,33],[42,-10],[-48,54],[-2,19],[26,25],[79,12],[33,-47],[5,-48],[14,32],[29,-32],[-19,87],[44,-20],[14,11],[-29,9],[58,14],[-72,10],[-92,45],[-71,-16],[-46,55],[5,23],[-39,0],[-9,38],[24,13],[19,42],[58,63],[27,-9],[62,31],[28,-15],[72,55],[5,-47],[34,38],[46,-4],[32,-49],[-26,-12],[-8,-31],[9,-20],[-7,-39],[37,9],[-20,-55],[85,78],[22,-16],[14,70],[49,69],[7,-18],[-10,-40],[18,-11],[51,31],[18,-43],[-11,-27],[34,24],[-4,-33],[-42,-41],[-37,21],[-15,-41],[-53,-23],[15,-23],[-9,-7],[-84,-16],[35,-24],[-34,-20],[-24,-42],[17,-5],[-3,-26],[29,46],[27,-34],[3,41],[36,28],[31,-43],[22,70],[22,-23],[-2,-36],[16,-3]],[[15756,39895],[15,-39],[-25,8],[-9,-23],[-32,31],[-104,7],[155,16]],[[15421,39934],[58,0],[-30,-42],[-50,-20],[-48,16],[-44,-59],[-12,32],[-39,11],[-48,-39],[-25,31],[7,16],[-10,16],[-30,30],[29,70],[96,47],[47,-9],[3,-45],[31,-3],[12,18],[53,-39],[-58,-23],[58,-8]],[[15601,39989],[8,-9],[-57,-23],[10,-7],[-19,-31],[-30,7],[-10,30],[20,33],[-26,18],[41,51],[-78,0],[3,16],[11,27],[24,7],[3,20],[28,-34],[66,34],[-48,-61],[15,0],[-5,-24],[73,-24],[19,8],[9,-18],[-57,-20]],[[19991,40858],[51,-11],[2,-14],[-55,-53],[-22,15],[-6,26],[20,14],[-29,16],[33,20],[11,-4],[-5,-9]],[[19916,40952],[36,-54],[-67,-38],[-20,7],[5,38],[33,0],[-12,55],[-41,-16],[21,38],[-6,16],[83,-15],[-32,-31]],[[19821,41006],[21,-9],[1,-18],[-24,0],[-37,51],[0,-47],[-38,8],[-10,-16],[-9,24],[33,31],[-23,23],[4,24],[45,-25],[-17,25],[40,19],[-44,20],[17,10],[-5,36],[23,10],[16,38],[11,-10],[-2,-18],[-16,-32],[26,-31],[-12,-113]],[[19554,41084],[31,57],[23,-10],[-15,-54],[-20,-9],[-4,-23],[-49,27],[-24,-34],[26,-34],[-60,2],[10,-29],[-118,-143],[-17,-52],[-21,17],[-2,44],[36,24],[69,116],[-58,8],[38,15],[-53,57],[87,-25],[-39,62],[12,8],[66,-63],[9,16],[-43,93],[79,-29],[-16,37],[32,11],[-12,39],[43,50],[16,-52],[-41,-33],[13,-16],[-9,-58],[11,-19]],[[17262,41383],[-40,10],[37,33],[10,-21],[-7,-22]],[[4901,36853],[52,-43],[-49,-7],[-15,15],[-33,-23],[-66,-4],[-6,21],[9,21],[-120,71],[-83,101],[-62,33],[-97,15],[-70,60],[33,24],[74,-40],[19,14],[19,-21],[56,-6],[10,-27],[41,-13],[92,-109],[52,-11],[31,-61],[39,2],[-10,-23],[84,11]],[[4089,37331],[58,-15],[44,-55],[-39,0],[-82,78],[19,-8]],[[4288,37510],[40,-22],[10,-35],[-21,-36],[-41,-11],[-40,55],[12,47],[40,2]],[[5171,37487],[-24,-61],[-74,-45],[-54,13],[-48,35],[6,26],[-15,39],[107,70],[102,-77]],[[3657,37665],[34,-39],[-24,-23],[-10,-39],[-53,-38],[7,-15],[-16,-23],[43,-21],[-2,-25],[-13,6],[-19,-24],[-44,24],[-19,-23],[-5,30],[-41,-10],[-33,-21],[-30,-96],[-71,73],[74,43],[31,51],[96,23],[33,124],[28,24],[34,-1]],[[2411,37952],[77,-22],[-44,-21],[-21,10],[-12,33]],[[931,38093],[-55,-58],[21,-102],[-58,-12],[5,24],[-29,7],[0,19],[-90,-8],[-79,19],[30,41],[69,6],[68,63],[118,1]],[[1147,38333],[-9,15],[21,16],[49,-39],[-61,8]],[[638,38466],[-39,-23],[-42,38],[-28,0],[-20,-31],[-10,8],[-5,-16],[10,-16],[-29,-8],[-49,45],[-95,-89],[-26,6],[4,29],[-13,18],[-27,-8],[-17,16],[-12,-24],[-37,15],[34,105],[-121,-22],[-10,4],[24,46],[-5,13],[-74,-13],[-51,16],[130,93],[50,-10],[36,17],[87,-16],[12,-22],[34,-8],[41,22],[71,1],[41,-31],[-32,-46],[19,-16],[59,36],[51,-32],[-9,-27],[-33,-23],[63,-23],[64,6],[-17,-30],[-29,0]],[[15964,39934],[19,6],[9,-19],[-30,-43],[-90,-6],[-14,16],[-73,7],[16,27],[27,-3],[23,23],[65,-32],[48,24]],[[17779,40252],[5,-23],[24,0],[-48,-16],[-35,48],[54,-9]],[[17653,40292],[26,-24],[0,-39],[-75,7],[29,-15],[-12,-8],[-107,51],[-41,50],[14,2],[-4,45],[9,2],[155,-56],[6,-15]],[[17803,40874],[79,39],[21,-36],[2,-57],[-34,-62],[-45,-14],[-42,37],[-23,47],[5,28],[37,18]],[[17308,40571],[17,-26],[-75,2],[-10,9],[39,15],[-28,16],[-52,-24],[-31,33],[-29,6],[-40,57],[-44,-34],[1,-62],[-13,-19],[-123,-59],[-119,30],[-242,-17],[-61,-28],[-79,-72],[-3,-53],[-51,-59],[-174,-50],[-106,14],[-31,22],[-45,59],[3,24],[-38,100],[56,42],[99,35],[28,29],[101,188],[7,44],[50,41],[55,10],[60,-40],[63,2],[10,16],[-9,13],[48,42],[92,24],[78,66],[113,27],[53,-18],[78,14],[32,-15],[-14,-7],[4,-24],[68,-71],[22,-119],[42,-81],[36,-18],[49,2],[25,23],[38,-15],[50,-94]],[[18259,41108],[-5,-8],[68,-39],[-39,-55],[-11,9],[-27,-24],[-44,31],[26,43],[-5,25],[-21,18],[-10,-70],[-58,50],[6,17],[40,15],[80,-12]],[[19254,41332],[-8,-125],[-46,44],[-69,17],[-23,26],[31,32],[51,-9],[50,29],[14,-14]],[[19132,41146],[25,-7],[-68,0],[33,-16],[-19,-46],[-26,33],[-37,-10],[-34,16],[-6,49],[-62,-34],[-34,-70],[3,66],[-27,50],[0,125],[49,66],[63,19],[26,-49],[-31,-52],[16,-13],[30,29],[19,-8],[8,54],[28,23],[17,-32],[-36,-73],[29,-57],[-24,-16],[48,-16],[10,-31]],[[19379,41364],[-78,40],[-38,-28],[-24,23],[9,30],[20,16],[95,-5],[11,-14],[5,-62]],[[20398,41868],[-106,36],[-20,-36],[29,-23],[-27,-6],[-17,40],[6,37],[51,26],[26,-7],[58,-67]],[[12702,42750],[41,8],[34,-26],[-79,-59],[-33,4],[-43,46],[-67,40],[147,-13]],[[12234,43438],[97,39],[-45,-92],[-61,-32],[-6,-25],[-19,-14],[10,47],[-77,6],[-20,36],[12,19],[51,16],[58,0]],[[15533,46539],[15,-2],[4,-16],[-31,-29],[-66,-7],[-45,25],[-11,-21],[-67,-27],[-44,-1],[-33,24],[-14,-8],[21,-9],[-10,-14],[-102,-39],[-7,19],[-81,-5],[-14,-23],[94,-13],[37,-49],[-71,-26],[-29,44],[-53,41],[-100,31],[-123,-2],[-289,153],[19,15],[-12,9],[-36,-17],[0,25],[-17,-23],[-25,2],[-48,30],[-46,68],[-10,-19],[-27,-1],[-11,12],[-5,55],[-88,100],[23,-6],[82,31],[343,-24],[18,46],[-5,31],[29,21],[66,26],[64,-14],[13,50],[71,32],[26,-3],[23,-27],[-10,-15],[68,39],[87,23],[-3,-19],[27,-5],[11,23],[-16,40],[35,-23],[-6,-8],[39,-70],[-10,-16],[62,-15],[48,8],[24,23],[54,-2],[89,-52],[-1,-38],[-23,-24],[29,-39],[-39,-39],[15,-22],[24,-2],[-10,-23],[14,-15],[-38,-63],[34,-4],[8,-27],[31,-15],[-15,-32],[21,-25],[52,10],[-29,-38]],[[10779,46993],[63,-43],[-39,-8],[-86,47],[-152,-20],[-87,43],[-43,50],[-194,98],[14,8],[0,68],[80,47],[13,-89],[67,-57],[197,-98],[109,5],[58,-51]],[[12540,50070],[23,-34],[-110,118],[87,-84]],[[12196,50268],[-109,97],[-183,79],[158,-57],[73,-49],[61,-70]],[[11715,50485],[-69,7],[204,-32],[-135,25]],[[13297,50315],[16,-23],[-8,-30],[-59,-73],[-27,-8],[-72,4],[-62,25],[-206,-27],[132,47],[-146,-34],[-44,-29],[9,-15],[-32,-27],[-58,-25],[-36,-57],[5,-34],[20,-20],[-39,-11],[-49,-44],[-63,23],[6,31],[-10,24],[40,30],[-7,24],[-26,12],[-47,62],[-146,50],[-50,40],[-46,-24],[-72,15],[31,34],[0,37],[-12,26],[-67,25],[-81,61],[-155,50],[-10,17],[-85,7],[-42,40],[-161,-17],[-71,-48],[-75,-22],[-3,-24],[-103,-48],[-209,64],[-61,74],[-22,90],[10,15],[-2,49],[31,48],[-8,23],[40,27],[2,47],[20,54],[-14,36],[9,13],[39,0],[26,-21],[7,-19],[-16,-38],[11,-30],[160,-64],[-58,15],[-39,-39],[40,-16],[126,16],[-49,15],[156,-30],[-11,-16],[61,-16],[80,9],[-5,-9],[32,-11],[116,55],[90,73],[35,-17],[89,39],[114,-6],[101,-78],[60,-17],[31,-94],[-33,-53],[93,4],[75,-35],[65,-7],[-62,-8],[43,-11],[89,5],[42,-17],[34,-70],[20,-11],[163,7],[74,-66],[44,-1],[38,24],[-106,31],[151,0],[227,-54],[-38,-23]],[[38229,40715],[-1,-54],[-17,21],[1,53],[17,-20]],[[39879,41043],[0,-63],[-46,24],[7,27],[39,12]],[[38380,41416],[50,9],[-1,-30],[-26,-11],[-29,0],[-3,21],[9,11]],[[24943,43643],[23,-14],[-42,-24],[19,38]],[[36376,44628],[-4,23],[26,20],[44,17],[12,-26],[-23,-31],[-55,-3]],[[36673,44720],[3,27],[42,11],[61,-8],[18,-43],[-90,-5],[-34,18]],[[25122,45406],[16,-13],[-43,-29],[8,32],[19,10]],[[25368,45608],[32,-16],[-3,-13],[-47,2],[-6,18],[24,9]],[[25526,45618],[22,-4],[4,-20],[-22,-9],[-35,22],[31,11]],[[25247,45647],[30,7],[20,-20],[-9,-16],[-65,7],[24,22]],[[29166,45974],[11,-6],[-10,-24],[-26,-18],[25,48]],[[24749,46765],[3,-47],[-15,-2],[-41,68],[23,13],[30,-32]],[[28432,46936],[12,-2],[-3,-29],[-102,-51],[-2,39],[95,43]],[[10236,47323],[4,-24],[-32,27],[-5,22],[28,25],[5,-50]],[[28814,47549],[32,18],[10,25],[40,-45],[-43,-43],[-22,5],[-17,40]],[[28620,47613],[12,-6],[-4,-16],[-40,-26],[-30,3],[-5,22],[-92,-1],[65,34],[9,-16],[68,15],[-24,-37],[41,28]],[[15273,48896],[1,-15],[-44,8],[27,55],[-3,-31],[19,-17]],[[13796,52247],[6,-19],[-15,-10],[-34,7],[43,22]],[[13178,53135],[-1,-32],[-30,15],[31,17]],[[13979,53141],[27,4],[-63,-43],[-15,4],[51,35]],[[14054,53164],[81,27],[-64,-30],[-9,-20],[14,0],[-39,-37],[-25,6],[8,36],[34,18]],[[14628,53443],[17,2],[-286,-150],[269,148]],[[15036,53625],[68,11],[-434,-180],[366,169]],[[15174,53688],[33,5],[-81,-38],[48,33]],[[15333,53757],[35,7],[-139,-74],[29,33],[75,34]],[[16112,54018],[13,-7],[-61,-14],[-25,-24],[-321,-75],[394,120]],[[70864,13123],[19,-34],[-57,-103],[-60,-45],[-38,46],[4,-62],[29,9],[-18,-43],[-45,-26],[-266,-32],[66,46],[43,-26],[79,43],[-9,38],[-38,58],[7,46],[-10,9],[-11,-30],[-11,1],[-32,30],[-21,79],[22,74],[-2,40],[-21,86],[-45,32],[-3,44],[-14,12],[5,-32],[-15,-23],[4,-15],[-43,-175],[-19,-221],[-48,12],[5,35],[-83,38],[-5,-23],[-17,26],[-48,-18]],[[70168,13019],[-59,1702],[281,3405],[1,18],[-35,23],[-30,79]],[[70326,18246],[-4,13],[1826,-28]],[[72148,18231],[286,-2324],[23,-82],[1,-51],[26,-44],[-6,-11],[15,-35],[11,-97],[71,-147],[25,-102],[-18,-109],[67,-77],[-19,-19],[-4,-34],[-29,-2],[8,-19],[-50,-38],[-22,-110],[1,-79],[-44,-114],[-15,-90],[24,-149],[37,-86],[11,-92],[-17,-72],[7,-32],[-15,-27],[-9,-129],[-14,-39],[6,-101],[59,-109],[17,-77],[-9,-21]],[[72572,13713],[-1831,-1],[-20,-161],[78,-142],[75,-70],[-4,-68],[-22,-74],[16,-74]],[[70844,12934],[1,-17]],[[70845,12917],[-59,-23],[24,31],[34,9]],[[70403,12863],[-170,-16],[125,27],[18,18],[27,-29]],[[68822,18248],[24,-39],[-1,-48],[-57,-67],[-79,-41],[-8,-14],[14,-64],[-16,-24],[-45,6],[-19,-26],[-18,-88],[12,-78],[-12,-169],[-65,-59],[-52,9],[6,-68],[-14,-42],[-36,2],[-31,-90],[-64,-55],[0,-33],[52,-33],[1,-44],[-20,-29],[-47,-5],[-84,-46],[41,-67],[-24,-54],[17,-78],[-9,-24],[-41,-15],[-78,-102],[12,-30],[41,-34],[-3,-52],[-56,-24],[14,-37],[62,-63],[-5,-109],[-34,-71],[49,-45],[14,-128],[-4,-20],[-44,-35],[-4,-118]],[[68211,15997],[-2035,-4]],[[66176,15993],[-4,616],[-38,31],[-27,-10],[-38,24],[-30,-22],[-46,23],[-19,-42],[-43,5],[4,29],[-35,3],[-25,61],[-12,4]],[[65863,16715],[32,1971],[-127,1263]],[[65768,19949],[3154,0],[31,-97],[39,-45],[-3,-99],[-39,-39],[-11,-44],[-61,-40],[-17,-52],[-35,-22],[-57,-143],[464,15]],[[69233,19383],[30,-62],[5,-56],[-32,25],[-29,-11],[-17,-36],[44,-50],[-45,-48],[-118,-77],[30,-80],[-29,-57],[23,-61],[-66,-42],[-8,-66],[-65,-95],[-3,-78],[24,-173],[-15,-28],[-51,8],[-21,-79],[-66,-46],[-2,-23]],[[51535,15655],[29,40],[74,-21],[30,10],[10,78],[43,54],[-6,133],[-23,54],[-116,39],[-22,40],[17,131],[-7,65],[-29,67],[18,53],[-20,49],[72,29],[33,94],[33,55],[10,132],[21,46],[-20,163],[19,24],[-21,45],[2,38],[62,74],[33,108],[112,84],[74,108],[-4,39],[-173,163],[2,66],[-38,75],[0,44],[-52,135],[-34,16],[-19,85],[-34,41],[-8,141]],[[51603,18252],[-8,50],[20,40],[-17,62],[38,16],[7,69],[-14,159],[-54,187],[15,54],[1,74],[-35,155],[1,63],[19,58],[-52,127],[-1,32],[15,28],[-1,61],[60,55],[58,22],[79,-37],[55,22],[77,-130],[35,-11],[59,26],[28,127],[30,70],[1,889]],[[52019,20520],[3535,-4]],[[55554,20516],[0,-6432]],[[55554,14084],[-1430,7],[-2658,1323],[18,59],[-5,48],[45,84],[11,50]],[[51535,15655],[-1700,-206],[-17,130],[-12,27],[-41,17],[-1,14],[14,19],[27,-17],[37,-112],[9,23],[-21,79],[-32,28],[2,14],[-44,-22],[0,-43],[-13,25],[-1,105],[-19,60],[17,19],[4,35],[-15,123],[-33,131],[-132,257],[-161,169],[-63,87],[-109,85],[-98,122],[-64,23],[10,-37],[-20,45],[-23,-7],[-16,-10],[3,-46],[-13,-14],[-86,43],[-11,37],[23,36],[3,34],[-38,129],[-49,83],[-21,18],[-87,1],[-58,-8],[-41,-37],[-33,39],[-59,10],[-108,65],[-28,0],[-56,59],[-7,-8],[-45,140],[-78,56],[-49,63],[-73,47],[-81,-1],[-21,-21],[-56,24],[-65,-12],[-93,62],[-87,13],[-113,-4],[-114,-30],[-13,9],[-27,81],[-89,47],[-8,25],[31,136],[-26,60],[17,113],[-40,56],[28,145],[-8,118],[-44,40],[-30,3],[-12,-19],[-78,72],[-15,29],[1,27],[24,101],[5,-46],[17,16],[-25,40],[-15,70],[-15,17],[-68,15],[-117,199],[-18,-5],[-66,37],[-34,138],[-90,114],[-30,132],[-43,19],[-79,162],[-104,86],[-19,46],[-34,28],[-3,91],[-27,145],[-10,6],[21,7],[-4,36],[-34,32],[10,2],[21,61],[35,-42],[12,6],[31,55],[15,93],[30,-18],[-5,19],[-23,13],[9,63],[-10,34],[-39,104],[-33,47],[-22,10],[-26,-26],[-34,9],[-18,-17],[-62,20],[-62,67],[-53,98],[-30,8],[-21,63],[-25,24],[-10,65],[13,122],[-31,88],[-4,44],[-21,30],[-14,-11],[-15,44],[-1,70],[13,9],[6,72],[-14,132],[20,11],[7,22],[48,0],[38,-91],[-26,-23],[12,-62],[-6,-27],[21,-20],[-14,-11],[87,-41],[8,-24],[28,-13],[-5,-20],[51,-23],[25,-48],[29,-9],[19,18],[-15,9],[-7,35],[-33,18],[-26,69],[-12,97],[-20,41],[-43,25],[-7,23],[35,1],[-3,17],[-81,27],[4,24],[-11,4],[32,28],[-13,61],[-10,26],[-44,-1],[-28,64],[23,-9],[27,36],[-5,28],[48,-1],[16,31],[35,22],[56,-39],[102,36],[222,-53],[6,10],[-28,16],[28,19],[7,40],[46,17],[17,-8],[4,-20],[-31,-14],[-8,-20],[14,-26],[20,8],[10,42],[88,-70],[-29,47],[-44,22],[-16,37],[-23,10],[-54,-15],[-14,-48],[-30,-24],[-26,8],[-1,28],[45,36],[24,62],[-45,-68],[-40,-28],[-31,11],[-36,-22],[-22,6],[14,23],[-44,-4],[-31,27],[20,13],[-10,31],[-39,-5],[-53,-103],[-38,25],[-54,6],[-28,44],[-68,51],[-27,-34],[-48,-11],[14,-42],[-17,-68],[43,-36],[-33,-17],[8,-32],[-16,-2],[0,-17],[46,-49],[-15,-22],[-28,35],[20,-70],[-41,-17],[-82,93],[-59,5],[-66,107],[-71,42],[-8,17],[9,18],[-20,-5],[9,-34],[-31,-19],[-1,-18],[13,-7],[-46,3],[55,169],[-33,112],[121,-193],[-5,27],[-96,160],[-24,65],[-19,20],[-24,-19],[-6,73],[-41,101],[-147,134],[-68,136],[-208,262],[-11,42],[12,6],[26,76],[-23,120],[-33,69],[-40,173],[6,110],[33,136],[-12,37],[-3,92],[-28,55],[-17,122],[-38,36],[-16,48],[-73,118],[-30,17],[-8,57],[-20,34],[-50,25],[-126,150],[11,65],[-43,142],[36,135],[84,222],[6,-10],[-20,-59],[24,-13],[8,17],[-4,40],[12,9],[14,63],[43,8],[25,20],[3,21],[-51,21],[-32,-88],[-16,-31],[-7,11],[40,92],[46,190],[0,30],[-25,21],[-13,81],[29,57],[44,288],[-14,97],[9,20],[-24,31],[0,41],[-26,70],[-14,82],[-30,3],[-43,42],[31,83],[11,125],[-8,45]],[[44817,26185],[2983,0]],[[47800,26185],[0,-3402],[1327,-1483],[1038,-1250],[1438,-1798]],[[48962,15785],[6,-10],[-24,6],[-32,-24],[-49,54],[-77,205],[31,-9],[42,-93],[103,-129]],[[48162,16283],[39,-48],[-28,-10],[-50,18],[-25,51],[33,11],[31,-22]],[[48851,16460],[-41,17],[-21,44],[48,1],[26,-40],[15,6],[77,-44],[0,-22],[43,-60],[3,-31],[-16,-12],[-34,24],[-63,4],[-19,40],[11,27],[-8,38],[-21,8]],[[47769,17157],[-2,-38],[27,-28],[20,5],[8,-48],[-22,0],[-78,-55],[-46,33],[-52,90],[145,41]],[[47556,17167],[19,-7],[7,-25],[-100,20],[57,46],[17,-34]],[[48133,17143],[-21,-35],[-69,-9],[-44,-31],[-69,0],[-41,24],[-9,32],[7,27],[-39,32],[11,21],[78,-31],[34,5],[52,-41],[37,-7],[16,29],[32,18],[31,-24],[-6,-10]],[[49050,16846],[8,-8],[-15,-6],[6,-26],[-15,-13],[6,37],[-14,-23],[1,21],[23,18]],[[55554,25051],[3535,0]],[[59089,25051],[1417,0],[0,-1133]],[[60506,23918],[8,-3402]],[[60514,20516],[-680,0]],[[59834,20516],[-4280,0]],[[55554,20516],[0,4535]],[[80616,25053],[-56,116],[169,130],[-43,87],[45,861]],[[80731,26247],[477,-24],[1,-30],[30,4],[4,26],[677,-13],[0,-12]],[[81920,26198],[-2,-675],[-18,-27],[-11,-80],[-11,-1]],[[81878,25415],[-26,29],[-53,-3],[-45,-29],[-34,39],[-19,-47],[-59,15],[-4,-30],[-19,15],[-43,-32],[-42,28],[-1,46],[-31,21],[27,-51],[-8,-27],[10,-9],[-13,-15],[-59,13],[-39,-36],[-69,31],[-58,-31],[-65,16],[-55,-28],[-25,-1],[-13,68],[-73,-111],[-28,5],[-29,-23],[-10,-48],[-54,29],[-17,-20],[-9,12],[-5,-28],[-24,-25],[-17,16],[-11,-20],[-130,-72],[-27,-36],[-57,1],[-28,-24]],[[78224,22560],[5,58],[-37,55]],[[78192,22673],[-37,36]],[[78155,22709],[55,70],[94,-117],[-80,-102]],[[79596,22164],[-431,8],[-68,1430]],[[79097,23602],[62,91],[71,41],[75,-6],[50,-30]],[[79355,23698],[-37,-39],[-7,-46],[-42,-69],[-32,-24],[-8,-47],[26,-35],[8,-41],[-23,-89],[70,-130],[38,-37],[19,-51],[10,-52],[-5,-166],[61,-106],[3,-64],[102,-151],[25,-14],[22,6],[5,23],[6,-14],[14,-185],[-15,69],[-38,-6],[14,-33],[-24,0],[39,-23],[-65,-36],[-12,-42],[58,23],[21,-27],[25,52],[12,-180]],[[79625,22164],[-10,0]],[[79615,22164],[-19,0]],[[70844,12934],[-24,15],[43,15],[-4,40],[57,60],[-9,40],[-43,19]],[[72572,13713],[44,-123],[17,-149],[32,-47],[1866,-175],[-4,-33],[28,-62],[-5,-69],[26,-62],[90,12],[27,229],[-26,82],[4,98],[20,54],[23,-1],[13,40],[38,0],[176,-102],[113,-19]],[[75054,13386],[18,-18],[25,5],[8,-21],[-7,-179],[-36,110],[-8,-79],[64,-107],[0,-52],[15,-30],[-4,-98],[76,-422],[-5,-36],[15,-5],[16,-136],[51,-209],[153,-492],[34,-73],[-6,-21],[22,-26],[187,-448],[70,-202],[-46,-80],[1,-220],[28,-166],[71,-173],[1,-48],[-92,248],[-28,138],[2,195],[21,144],[-9,107],[-40,23],[-13,-28],[-64,18],[-13,56],[23,91],[-68,56],[14,-147],[22,-60],[42,-266],[253,-802],[25,-172],[105,-379],[-14,33],[-69,37],[38,-51],[28,5],[51,-72],[52,-187],[-4,-26],[-24,-18],[31,-20],[23,-120],[-11,-55],[14,-53],[1,-146],[-4,-32],[-11,-2],[-34,-473],[-19,-47],[11,-33],[-11,-333],[0,127],[-8,15],[-26,-48],[-14,-119],[-39,-37],[-18,-87],[-21,-29],[-3,-78],[-23,-85],[13,-41],[-11,-37],[19,-40],[-77,-134],[-3,-35],[17,-40],[-34,64],[-34,-26],[29,-12],[10,-41],[-18,40],[-26,-9],[-14,22],[14,17],[-4,15],[-38,-2],[-29,-65],[-11,5],[5,8],[-26,-8],[-4,-39],[-15,10],[-23,-26],[-39,16],[-5,-16],[-14,16],[-9,-11],[-4,21],[-31,21],[-39,-47],[-136,-23],[-33,47],[-20,70],[9,80],[24,52],[-4,-16],[24,-21],[17,-44],[66,-43],[-15,-24],[44,-2],[19,38],[-45,83],[-81,37],[-33,38],[-21,102],[-31,60],[20,37],[-32,4],[-34,159],[-29,4],[-26,52],[26,33],[-19,39],[-34,39],[-39,16],[-24,38],[-10,-14],[-46,38],[-17,-15],[0,22],[-24,24],[-20,-31],[-29,15],[-10,-30],[-19,15],[-7,42],[34,-19],[21,46],[-33,0],[-15,22],[5,25],[-32,51],[-12,82],[-10,-47],[-18,171],[4,46],[-24,78],[9,-8],[-10,110],[-19,54],[-3,-58],[-86,45],[6,44],[19,-15],[44,55],[13,31],[-3,29],[83,117],[-53,-30],[-37,-52],[-31,-112],[-62,-18],[-17,38],[6,57],[-20,78],[18,210],[-28,50],[71,55],[13,43],[-27,-26],[-70,-13],[-28,-39],[-21,31],[2,20],[-29,-8],[-36,58],[30,-68],[21,-14],[29,-93],[7,-67],[-11,-20],[-8,45],[-15,-25],[-82,53],[-20,97],[-20,30],[15,-62],[-15,15],[-68,206],[-24,87],[3,37],[-12,20],[-5,-16],[-29,70],[0,24],[15,-16],[-1,28],[-23,98],[-50,55],[-38,13],[-22,68],[3,18],[14,-47],[34,-31],[9,39],[-23,8],[12,19],[50,-19],[-33,23],[41,27],[4,14],[-35,-18],[23,24],[-4,14],[36,82],[109,183],[-22,120],[-21,16],[-15,-12],[-7,-112],[-32,4],[-9,21],[-1,112],[-53,21],[15,25],[-35,38],[-4,-15],[-29,39],[10,-36],[-9,-40],[32,-2],[-52,-47],[80,-52],[31,5],[-29,-26],[5,-51],[-25,-77],[3,-39],[-20,-24],[-21,7],[-2,40],[-24,10],[-67,99],[4,-32],[50,-86],[15,-78],[-17,23],[-18,81],[-53,88],[-7,90],[22,46],[-10,-71],[48,249],[-14,100],[19,24],[31,94],[-1,15],[-10,-7],[48,162],[23,281],[-6,67],[-31,57],[9,17],[29,-40],[-2,117],[-37,29],[-29,52],[1,42],[-21,16],[6,62],[-34,49],[15,13],[-18,22],[-1,40],[-20,-15],[-15,24],[-14,-15],[-44,22],[-77,-10],[-4,27],[-20,17],[9,21],[-16,40],[-52,37],[-5,43],[-36,77],[-27,36],[-17,-5],[-56,82],[-34,24],[5,139],[-103,84],[-24,41],[-12,70],[-61,108],[-76,77],[-49,15],[-118,118],[-110,-38],[-21,38],[-13,-15],[-24,7],[-17,-38],[-31,0],[-25,-20],[-5,-27],[-9,8],[0,-48],[9,17],[17,-39],[-75,40],[-9,-18],[11,-1],[10,-29],[66,-18],[-4,-51],[-20,-17],[9,23],[-102,17],[-68,-65],[-35,-14],[-57,-69],[-100,-67],[-11,16],[24,58],[-12,7],[-92,-100],[-85,7],[-83,-38],[-47,5],[-27,-17],[-32,43],[-16,153],[11,26],[2,-116],[12,-49],[19,-40],[22,0],[13,21],[0,98],[-39,103],[-34,52],[-102,79],[-10,31],[28,-40],[31,-15],[-141,171],[48,-8],[0,-21],[46,-20],[24,-40],[50,-40],[36,28],[-3,12],[-25,17],[-22,-40],[-17,26],[-2,55],[-17,2],[13,36],[-49,-7],[-5,-23],[-53,30],[-53,63],[44,64],[28,-7],[28,45],[17,-1],[-23,47],[-24,-50],[-12,-12],[-12,13],[-38,-41],[-33,82],[-16,-28],[-34,-8],[-20,-26],[16,-33],[33,10],[21,-14],[15,-26],[-11,-21],[6,-14],[25,-26],[-6,-17],[-14,11],[10,-18],[-245,195],[-315,115],[116,-14],[25,47],[18,-36],[32,-11],[11,19],[-23,13],[7,14],[93,-64],[7,8],[-31,80],[9,30],[-31,-16],[-18,40],[-11,-14],[-103,-10],[-28,-25],[-23,17],[20,47],[-24,-2],[-10,-18],[-20,27],[3,-50],[-49,-39],[-26,0],[-9,-31],[-127,5],[-291,-71],[39,37],[94,20],[46,53],[33,-20],[-7,25],[-43,18],[-35,39],[3,27],[35,27],[-6,16],[-13,-12],[-30,51],[6,-32],[-40,-147],[-15,12],[6,34],[-14,52],[-15,2],[4,24],[-39,29],[0,-48],[20,-63],[-20,-58],[-9,7],[-6,-26],[-43,-20],[-2,-50],[-32,-12],[3,-21],[-99,-34]],[[74880,6429],[10,-23],[-14,16],[-12,-22],[-32,-9],[3,18],[45,20]],[[74909,6454],[34,0],[5,-25],[-53,-23],[14,48]],[[75050,6500],[-17,-27],[-75,-36],[58,55],[-19,23],[38,-31],[1,26],[-20,5],[3,19],[-12,4],[4,24],[39,-62]],[[75346,6554],[-11,23],[-23,0],[68,31],[-34,-54]],[[75104,6632],[53,-78],[10,-45],[-15,-17],[-2,33],[-46,107]],[[75462,6648],[-77,-55],[55,54],[22,1]],[[75550,6732],[-2,-19],[11,-1],[-11,-18],[-37,-7],[39,45]],[[75889,7191],[-32,-76],[3,-25],[-57,-82],[-16,-3],[-16,-51],[-64,-101],[-14,0],[-4,13],[25,14],[9,40],[48,65],[2,28],[34,31],[-2,24],[-18,-1],[5,20],[32,-10],[39,90],[5,41],[-13,26],[37,24],[31,51],[15,-9],[-49,-109]],[[75982,7455],[-19,-74],[-15,-11],[35,105],[-1,-20]],[[76001,7673],[-13,9],[8,22],[-10,15],[20,24],[-5,-70]],[[74609,8566],[37,-5],[6,13],[29,-23],[-43,-32],[-54,40],[-19,38],[-10,71],[29,-81],[25,-21]],[[74516,8839],[10,-8],[15,-94],[-25,102]],[[74604,8706],[3,29],[-32,104],[24,-8],[21,-46],[-7,-40],[25,-66],[4,-78],[-18,28],[-20,77]],[[74507,8954],[11,-50],[-6,-50],[-15,100],[10,0]],[[74235,9627],[-17,43],[19,-17],[46,-108],[-48,82]],[[75841,9992],[-39,158],[58,-178],[17,-107],[124,-491],[-92,277],[-68,341]],[[75637,10968],[34,22],[12,-34],[-33,-149],[-8,-170],[14,-70],[-46,163],[-16,131],[4,68],[15,-1],[24,40]],[[72476,12172],[-50,54],[90,-3],[-16,-59],[-24,8]],[[72763,12280],[31,32],[-67,-78],[-129,-95],[-56,-7],[-34,24],[30,-20],[48,13],[177,131]],[[72848,12358],[29,17],[-23,-35],[-40,-12],[34,30]],[[71378,13042],[121,-8],[-509,-85],[-39,7],[427,86]],[[74616,6439],[-19,9],[19,2],[6,-33],[-6,22]],[[75091,6547],[5,-34],[-14,16],[9,18]],[[75067,6550],[1,-37],[-28,27],[4,27],[23,-17]],[[75175,6573],[8,-32],[-16,29],[8,3]],[[75375,7260],[5,-14],[-19,-23],[-8,29],[22,8]],[[75345,7294],[-1,-30],[-22,27],[23,3]],[[75139,7840],[7,-12],[-21,-21],[-18,23],[-10,-9],[0,44],[7,9],[35,-34]],[[75087,7846],[-35,34],[-6,-22],[-4,26],[31,15],[14,-53]],[[74930,7932],[11,-17],[-12,-29],[-13,5],[-9,38],[23,3]],[[75025,7919],[-3,-41],[-9,56],[12,-15]],[[74229,11144],[-5,-23],[-16,13],[21,10]],[[74207,11177],[1,27],[11,-3],[4,-20],[-16,-4]],[[73965,11610],[7,-6],[-21,-5],[6,23],[8,-12]],[[75486,14884],[30,-12],[9,-22],[-48,-59],[-24,29],[-20,-31],[1,-21],[28,-25],[-40,-49],[-67,26],[-14,31],[-16,-9],[19,-36],[-37,-24],[73,-32],[-46,-95],[-47,-7],[-58,38],[-14,-5],[54,-55],[-74,-166],[-21,-21],[8,-34],[-8,-62],[-24,-34],[28,-101],[-118,22],[46,-40],[70,-20],[41,-46],[2,-18],[-15,-43],[-13,11],[-56,-100],[-23,8],[-3,80],[-23,-16],[3,-100],[-32,10],[47,-60],[4,36],[15,18],[-15,-109],[-63,78],[44,-81],[-15,-34],[-34,-9],[49,-24],[-34,-65],[5,-67],[-29,8],[29,-93],[-6,-68]],[[72148,18231],[907,3]],[[73055,18234],[856,15]],[[73911,18249],[-14,-66],[-123,-139],[-33,-126],[22,-42],[65,-56],[45,-10],[7,-30],[79,-103],[23,-16],[82,1],[30,-25],[21,-97],[46,-94],[23,-138],[43,-46],[27,-72],[16,-12],[27,-100],[34,-18],[40,-65],[136,-132],[70,-184],[80,-47],[87,-112],[15,-67],[-13,-11],[3,-52],[36,-55],[28,1],[-10,-15],[17,-25],[-12,-21],[22,-40],[28,-7],[13,-71],[171,-132],[18,-61],[-6,-61],[45,-95],[24,-117],[-9,-48],[14,-33],[-7,-55],[29,-43],[85,-65],[12,-38],[19,-13],[24,-147],[25,-38],[-17,-145],[14,-66],[41,-55],[57,0],[48,-53],[28,-8]],[[75069,13493],[-9,77],[7,34],[35,39],[11,36],[-31,-277],[-13,91]],[[75230,14285],[12,25],[23,9],[20,-15],[-62,-152],[-13,-2],[-14,29],[34,106]],[[75295,14472],[17,33],[6,-79],[-24,-70],[-10,4],[-3,74],[14,38]],[[23095,749],[37,-25],[23,-43],[-2,-31],[-41,-75],[-154,-144],[-78,-35],[-62,5],[-52,-64],[-98,-74],[-31,-45],[-4,-60],[-36,-55],[-11,-47],[-40,-56],[-21,49],[-80,72],[-43,18],[-30,125],[24,250],[-68,281],[-38,69],[-17,72],[15,58],[50,81],[30,17],[37,93],[27,28],[8,50],[-51,146],[-2,77],[13,40],[35,13],[66,-22],[19,-54],[89,-83],[41,3],[76,-40],[179,-163],[57,-98],[1,-151],[48,21],[20,-22],[16,-102],[48,-79]],[[21918,1918],[18,-30],[-6,-66],[-95,-9],[-15,23],[65,74],[33,8]],[[21715,2235],[32,-73],[-20,-56],[-92,-35],[-15,30],[-7,99],[-50,50],[6,24],[46,18],[69,-15],[31,-42]],[[22315,2148],[15,-49],[-3,-45],[-45,-76],[-58,-30],[-52,2],[-70,-51],[-75,7],[-31,55],[6,28],[-15,137],[-26,17],[-23,-25],[-61,37],[-46,85],[-8,39],[21,99],[49,33],[51,-51],[31,-94],[73,22],[34,31],[34,-1],[39,-21],[44,-78],[15,5],[17,-36],[84,-40]],[[21786,2568],[30,-16],[-13,-38],[-49,-54],[-54,-25],[-143,52],[-142,-14],[-22,25],[5,39],[32,42],[-6,47],[191,-45],[17,35],[13,-40],[36,-15],[105,7]],[[21108,2773],[42,-51],[-41,-54],[-7,26],[-68,-32],[-49,50],[-11,38],[-14,-17],[7,-12],[-29,-4],[-15,52],[25,27],[-20,19],[-6,-19],[-16,22],[1,-37],[-21,28],[31,-56],[-3,-18],[-81,-28],[-15,13],[-13,69],[-30,43],[-7,46],[-29,44],[-1,56],[-35,48],[111,12],[76,132],[31,8],[26,-35],[10,-57],[34,-79],[25,-27],[-9,-33],[5,-50],[46,-54],[12,22],[-10,24],[34,6],[-9,-61],[21,-25],[2,-36]],[[19404,3508],[24,8],[20,-27],[-20,-51],[5,-31],[-70,-71],[-28,-77],[-17,14],[-8,66],[36,69],[51,50],[7,50]],[[19979,3679],[4,-49],[-27,-66],[0,-104],[-18,-5],[4,-26],[-59,-70],[-109,38],[-10,-12],[-43,67],[-67,32],[-19,46],[0,53],[36,56],[14,48],[34,13],[78,72],[35,-28],[19,25],[38,-11],[20,17],[30,-14],[32,-44],[8,-38]],[[11186,7786],[-5,-24],[-7,5],[-1,15],[13,4]],[[64469,27886],[3683,1]],[[68152,27887],[30,-145],[69,-37],[17,-26],[1,-42],[-50,-96],[-8,-40],[18,-263],[35,-65],[9,-90],[49,-85],[218,-70],[54,-125],[-11,-37]],[[68583,26766],[-9,-25],[9,-16],[148,-140],[21,-122],[165,-146],[21,-97],[-34,-222],[-83,-98],[-29,-95],[0,-67],[-67,-70],[-115,-38],[-41,-55],[-30,-12],[-204,-20],[-28,-23],[-31,-79],[-17,-122],[12,-52],[60,-49],[21,-35],[12,-46],[1,-106],[-12,-41],[-83,-121],[-17,-110],[-32,-79],[-134,-62],[-41,-41],[-10,-31],[28,-50],[1,-121],[-48,-27]],[[68017,24348],[-63,59],[-11,42],[-50,42],[-8,27],[-38,24],[-13,49],[-22,28],[-966,-42],[-733,-8],[-1159,29]],[[64954,24598],[-4,69],[-50,31],[-18,46],[2,27],[28,47],[-10,38],[12,70],[-10,105],[-23,34],[5,35],[-13,25],[14,46],[-9,70],[16,10],[-41,22],[-10,33],[6,48],[33,48],[-62,33],[23,132],[-53,29],[9,61],[-23,19],[-29,-15],[-15,14],[3,56],[-15,29],[-2,73],[16,35],[10,86],[-63,116],[8,56],[-8,45],[-56,47],[-19,33],[-12,89],[-46,51],[-7,28],[11,88],[-47,97],[13,98],[-10,46],[-60,25]],[[64448,26773],[-15,93],[-27,34],[13,26],[-58,60],[-23,51],[31,89],[24,21],[16,93],[19,40],[9,60],[-8,25],[28,39],[10,53],[-18,108],[-63,13],[10,30],[-16,34],[30,16],[2,86],[-38,66],[-8,72],[103,4]],[[49897,34114],[701,0]],[[50598,34114],[-1,-1121],[79,-124],[58,-58],[24,-76],[73,-87],[1,-44],[29,-64],[-40,-55],[66,-87],[-53,-22],[-7,-21],[98,-60],[63,-96],[116,-45],[38,-77],[62,-60],[93,-135],[6,-31],[95,-84],[-3,-52],[12,-40],[98,-76],[4,-66],[48,38],[21,-2],[29,-32],[-10,-52],[49,-34],[69,6],[78,32],[24,-14],[-15,-125],[6,-22],[-44,-40],[21,-53],[-23,-66],[-2,-55],[-34,-87],[15,-89],[-50,-36],[37,-58],[-22,-60],[6,-48],[50,-32],[-8,-63],[19,-47],[-25,-34],[-51,-15],[-39,-70],[12,-46],[28,-43],[-3,-46],[-30,-37],[8,-36],[-12,-31],[68,-15],[77,-83],[31,-3],[30,20],[23,48],[81,34],[42,71],[36,21],[-3,42],[9,13],[66,-51],[10,-29],[56,-28],[10,-21],[-15,-61],[38,-32],[-6,-78],[8,-32],[28,-34],[-1,-81],[86,-120],[24,-83],[39,-9],[49,-113],[-3,-66],[-29,-34],[33,-81],[64,-48],[7,-30],[72,28],[64,-48],[69,-141],[-17,-48],[53,-88],[-10,-38],[9,-37],[111,-101],[21,13],[-10,54],[50,60],[51,19],[205,-53],[22,14],[22,75],[61,36],[114,-34],[149,27],[44,-39],[100,44],[146,-20],[3,13],[-33,27],[6,67],[31,25],[-7,55],[46,22],[15,24],[47,-26],[61,-104],[9,-52],[69,-90],[43,-19]],[[54135,29018],[1,-2833]],[[54136,26185],[-2118,0]],[[52018,26185],[-2106,0]],[[49912,26185],[-2,2024],[-8,50],[42,73],[26,140],[-24,94],[34,16],[20,71],[-49,54],[-8,50],[-50,-10],[-39,37],[-29,-31],[-39,38],[0,59],[-15,51],[16,69],[-7,30],[57,81],[13,66],[53,138],[69,64],[48,86],[30,114],[-7,66],[81,143],[43,152],[5,71],[78,140],[19,73],[41,74],[-6,47],[-47,124],[-112,85],[-51,13],[-56,82],[-28,103]],[[50010,30722],[-58,118],[36,65],[-23,110],[-72,135],[4,2964]],[[68583,26766],[2565,-18]],[[71148,26748],[-134,-835]],[[71014,25913],[-222,0],[-8,-2719],[-58,-47],[-8,-23],[20,-58],[-1,-49],[-46,-56],[-2,-43],[41,-51],[18,-82],[33,-49],[0,-47],[-14,-44],[32,-130],[-26,-91],[-37,-16],[-18,-81],[-26,-29],[7,-85],[-15,6],[-63,-46],[7,-45],[-21,-41],[-25,-16],[-22,-88],[-11,-1],[-8,27],[-21,-42],[-15,26],[-13,-4],[-33,-75],[-1,-26],[42,-57],[-68,-70],[44,-16],[-55,-37],[10,-27],[-9,-14],[6,-47],[-10,-14],[6,-71],[-50,0],[51,-74],[-42,-12],[38,-18]],[[70421,21431],[-11,-63],[-51,-59],[-22,-67],[57,-137],[-5,-32],[-23,-19],[-130,-30],[-54,-34],[-46,-3],[-29,-35],[-17,-92],[7,-41],[49,-112],[0,-36],[-36,-73],[-54,5],[-245,163],[-67,3],[-54,-43],[-71,-139],[1,-30],[38,-64]],[[69658,20493],[-46,1],[-15,46],[-26,28],[-10,42],[-34,-13],[25,-51],[-2,-30],[-72,54],[-11,17],[4,33],[-10,32],[-50,107],[-1,33],[-35,28],[0,44],[45,63],[13,41],[-7,47],[-51,115],[0,156],[-88,62],[-53,117],[-78,54],[-64,77],[-58,11],[-75,62],[-94,109],[-84,129],[-11,126],[128,340],[-1,121],[50,97],[-40,60],[-173,96],[-36,-10],[-44,-74],[-31,-18],[-29,14],[-54,119],[-12,81],[12,39],[-19,51],[-5,85],[-27,66],[-32,47],[-164,150],[-38,91],[-177,202],[-26,105],[-41,70],[5,85],[-35,78],[-19,188],[16,157],[17,51],[22,24]],[[72714,25841],[-12,-2947]],[[72702,22894],[-35,-40],[1,-37],[34,-62],[-39,-62],[67,-31],[-26,-73],[10,-38],[-92,-3],[-177,-112],[-50,54],[-140,-17],[28,-196],[-79,-96],[-45,-8],[-21,-33],[-32,-139],[-66,-45],[-34,22],[-16,-14],[-51,-110],[-21,-171],[-21,-24],[-51,-16],[-14,-28],[-42,52],[-51,9],[-54,41],[-18,29],[-5,78],[-64,47],[-8,-8],[9,-21],[34,-25],[-59,-37],[-32,26],[13,-78],[-53,-32],[-4,-116],[-47,-22],[-9,-62],[-15,-12],[-27,11],[13,43],[-70,3],[-21,22],[-33,81],[-78,-65],[-64,-21],[-47,-129],[-23,-19],[-24,31],[-9,35],[-170,108],[-102,-32],[-24,29],[-11,42],[-14,-23],[19,-81],[-25,-57],[-21,-10],[-16,13],[5,54],[-10,25],[-78,-32],[-80,60],[-17,-33],[24,-82],[-36,-54],[-67,28]],[[71014,25913],[1700,-2],[0,-70]],[[60506,23918],[4767,0]],[[65273,23918],[50,-64],[23,-8],[17,-34],[29,-9],[41,-43],[63,47],[38,-1],[-1,-41],[48,-51],[-5,-46],[10,-43],[-11,-14],[-56,10],[-8,-48],[-51,-65],[-7,-66],[-32,-11],[-2,-23],[61,-109],[48,-39],[10,-31],[31,-9],[-1,-65],[15,-46],[31,-31],[4,-48],[75,-50],[43,0],[37,-33],[-10,-13],[5,-2418]],[[65768,20516],[-5254,0]],[[72702,22894],[66,55],[66,-78],[30,-3],[91,42],[41,-62],[71,-45],[17,-76],[32,-53],[15,-90],[94,-52],[79,13],[76,-31],[107,-140],[45,-3],[24,53],[58,28],[118,-54],[45,-66],[44,25],[64,-5],[30,53],[56,57],[94,40],[30,-144],[20,-43],[91,-58],[51,-65],[26,-67]],[[74283,22125],[-3,-56],[19,-69],[-3,-69],[-19,-14],[-3,-40],[-24,-44],[68,-143],[50,-62],[-9,-50],[41,-44],[16,-80],[55,-79],[23,-85],[78,-59],[46,-76],[107,-28]],[[74725,21127],[-273,-295],[-234,-161],[-19,-27],[-3,-74],[-97,-77],[-14,-89],[-137,-56],[-46,-112],[-79,-18],[-123,-69],[-68,-9],[-81,-38],[-31,-35]],[[73520,20067],[-44,-21],[-985,45],[-363,-3],[-618,47],[-943,-24],[-21,35],[-140,18],[19,-131],[-2,-86],[-978,1]],[[69445,19948],[38,152],[83,-73],[34,44],[51,174],[-14,89],[19,42],[2,117]],[[69395,19951],[-46,-2]],[[69349,19949],[-13,24],[6,40],[23,13],[24,-15],[6,-60]],[[69373,12798],[-50,-42],[-12,14],[20,8],[-8,13],[-79,-13],[-25,15],[-6,55],[-53,-6],[-40,37],[-61,0],[-25,66],[-38,42],[-93,35],[-40,-19],[-60,-111],[-52,-63],[-17,-36],[-3,-52],[37,-71],[166,-64],[106,32],[49,49],[33,68],[65,-64],[37,87],[5,-16],[-20,-54],[10,-16],[10,31],[32,15],[0,16],[-16,-5],[-1,13],[29,3],[19,-27],[-29,-72],[-27,-16],[1,-33],[-8,-10],[-50,30],[-29,-45],[21,-73],[73,10],[-15,-38],[46,-53],[44,17],[19,46],[7,79],[44,34],[12,52],[42,-21],[0,-23],[29,23],[14,-11],[-10,-19],[-39,-8],[0,-40],[-14,-15],[49,-7],[11,-22],[-8,-17],[-14,-4],[-4,19],[-20,-23],[15,-31],[32,20],[-18,-44],[20,16],[24,-16],[-34,-53],[25,-47],[-29,7],[-20,-38],[5,31],[-53,47],[3,-20],[-39,-68],[-37,-6],[-12,-18],[12,-52],[45,-2],[8,-14],[-15,0],[35,-46],[-156,86],[58,-94],[-97,8],[24,-12],[32,-108],[110,-66],[-10,-40],[14,0],[-1,-19],[-18,-11],[3,-12],[144,-8],[-32,-31],[28,-20],[43,14],[26,-48],[34,43],[6,-39],[10,7],[14,-39],[10,8],[19,-38],[-24,-31],[54,-39],[9,-1],[-5,16],[23,1],[16,-24],[-15,-8],[15,-16],[-29,-8],[0,24],[-33,-33],[-1,-14],[54,0],[-30,-69],[-4,30],[-20,8],[10,-47],[-15,24],[-31,-58],[12,-59],[-18,1],[-63,123],[-2,-46],[-42,-17],[-46,-117],[-28,-21],[5,46],[36,58],[3,43],[28,16],[26,100],[-11,1],[-9,-39],[-13,62],[-2,-70],[-41,-36],[-15,39],[4,22],[-20,15],[-39,100],[19,8],[-28,10],[-8,-10],[7,-24],[-79,30],[-11,33],[-27,18],[-111,18],[43,30],[10,30],[-5,26],[-19,-14],[1,46],[-31,-4],[-9,29],[11,36],[-25,6],[-6,-41],[-33,38],[-24,-14],[-112,91],[-22,0],[2,-24],[-39,63],[-19,-46],[19,-8],[-23,-9],[3,-10],[132,-98],[-19,-24],[10,-77],[-15,23],[8,-39],[21,-31],[-14,-8],[-22,22],[2,-29],[-21,-1],[-4,-34],[12,-32],[23,4],[-44,-96],[-60,-52],[-33,-8],[4,46],[-23,40],[15,79],[-7,37],[-19,-39],[-37,86],[-15,-9],[-23,-68],[-5,77],[-31,53],[-28,-76],[-9,17],[-22,-17],[-25,11],[-5,23],[-23,-15],[-4,-19],[20,-7],[-13,-46],[9,-17],[-7,-12],[-23,19],[-9,-107],[-17,27],[-24,-49],[-32,10],[-10,-17],[-34,13],[25,25],[-5,21],[-13,-8],[-36,25],[2,-29],[-29,-26],[-50,59],[-39,-4],[14,30],[-18,17],[-16,-5],[-8,-26],[-21,-1],[-31,31],[-115,43],[-30,38],[-8,51],[7,-18],[26,0],[33,62],[16,2],[6,-42],[17,-13],[21,9],[-10,-70],[15,-31],[29,23],[-10,16],[13,36],[-9,24],[-69,76],[-3,34],[-28,39],[0,60],[31,54],[-6,44],[-21,6],[7,-26],[-24,-40],[2,-36],[-14,-45],[-89,42],[6,40],[-9,11],[-46,-30],[-47,-1],[13,34],[-14,84],[-37,-10],[-22,13],[5,110],[-100,7],[-56,-34],[-12,67],[15,31],[17,-24],[2,20],[-15,34],[-42,6],[-18,-20],[-37,14],[-11,-37],[-61,-31],[-34,-40],[-10,0],[9,10],[-4,25],[-12,5],[-12,-24],[-19,16],[21,-78],[52,16],[-30,-24],[24,-77],[34,18],[25,-11],[-30,-12],[-4,-12],[14,-7],[-9,-13],[-50,-2],[-99,-60],[-27,1],[-261,79],[-243,146],[-123,45],[-254,-11],[-128,-29],[-65,-42],[-34,56],[-10,47],[4,18],[48,20],[27,36],[16,118],[-28,29]],[[66348,12563],[58,106],[-4,25],[13,48],[-14,91],[6,72],[-21,30],[-8,67],[37,114],[-19,104],[31,40],[12,68],[37,61],[6,54],[25,65],[0,90],[26,51],[-28,73],[44,38],[-32,63],[8,108],[-37,6],[-19,89],[-34,50],[15,60],[-29,42],[-10,52],[-24,19],[12,48],[-41,30],[-32,59],[12,130],[-19,93],[-46,105],[-49,49],[-49,82],[1,1148]],[[68211,15997],[3,-49],[42,-20],[22,-35],[-43,-73],[-17,-99],[11,-27],[47,-21],[4,-20],[-12,-24],[-50,-11],[-8,-16],[11,-65],[38,-48],[-4,-115],[70,-69],[11,-53],[52,-20],[3,-34],[-38,-55],[-47,-129],[-44,-7],[-3,-31],[22,-33],[-1,-42],[-15,-38],[-55,-41],[-49,-95],[-57,-31],[-23,-30],[-38,-116],[-22,-187],[-66,-83],[3,-49],[21,-52],[-24,-133],[-84,-25],[6,-41],[24,-34],[-16,-72],[34,-98],[-55,-63],[1361,0],[-3,-56],[-37,-149],[-24,-48],[5,-21],[-20,-86],[24,-54],[-9,-24],[18,-54],[45,-39],[41,-85],[2,-48],[29,-81],[-1,-46],[34,-103],[16,-26],[14,16],[14,-11]],[[69063,11752],[6,-15],[-53,-47],[4,25],[43,37]],[[69626,12016],[1,-24],[-39,-14],[38,38]],[[67762,12001],[-28,-7],[-127,96],[-11,31],[84,59],[40,-12],[51,-51],[49,-12],[-3,-26],[-35,-32],[-5,-43],[-15,-3]],[[69423,12343],[20,-54],[-23,31],[-22,-40],[0,65],[10,13],[15,-15]],[[69530,12358],[19,8],[-10,-46],[-32,40],[23,-2]],[[69579,12520],[-1,-19],[-41,-13],[42,32]],[[69835,12645],[16,-13],[23,-72],[5,-77],[-7,-94],[-24,-72],[-3,26],[25,78],[4,84],[-21,111],[-18,29]],[[69612,12669],[-3,-34],[-21,-18],[-27,45],[-51,-28],[-9,20],[42,20],[1,26],[73,70],[-49,-75],[22,-18],[2,-32],[20,24]],[[68576,11521],[7,7],[-89,-30],[82,23]],[[68719,11712],[-2,-13],[13,46],[-11,-33]],[[69088,11772],[11,2],[-19,-15],[8,13]],[[69041,11963],[-15,-15],[-30,39],[-24,-5],[-20,36],[42,-1],[47,-54]],[[69798,12220],[-10,-12],[46,85],[-36,-73]],[[82350,25819],[59,136],[-46,-80],[-32,6],[-11,-25]],[[82320,25856],[-22,46],[-52,53],[2,106],[-29,12],[-6,130],[-293,-5]],[[80731,26247],[-19,28],[172,756]],[[80884,27031],[565,-19]],[[81449,27012],[822,-32],[77,58],[40,72],[47,4],[36,40],[69,36],[79,-10]],[[82619,27180],[3,-58],[-38,0],[44,-38],[19,-86],[-6,-9],[-29,47],[3,-36],[55,-42],[-23,-8],[12,-20],[40,-4],[13,-24],[2,41],[34,30],[1,-26],[23,-8],[1,-34],[-36,-34],[-19,9],[-25,-35],[-119,-50],[-10,-40],[27,24],[11,-28],[-60,-38],[4,-26],[18,-16],[-17,-7],[-20,28],[-13,-10],[-8,-25],[15,-64],[-32,24],[-6,-11],[13,-13],[-35,15],[-8,-15],[24,-23],[-20,-9],[3,-27],[32,4],[-4,-31],[26,-4],[7,-15],[-10,-20],[12,-7],[58,25],[-22,60],[48,-55],[63,-39],[18,-27],[2,-44],[59,-91],[2,-38],[26,-47],[-11,-15],[-22,7],[14,7],[-22,55],[-12,-62],[-35,-9],[43,-51],[63,-2],[14,-17],[15,-82],[-6,-59],[20,-30],[73,-51],[90,-10],[-43,-19],[43,-5],[145,66],[34,20],[15,29],[-1,74],[-14,29],[25,16],[-37,23],[-21,-55],[-8,116],[-14,48],[-47,30],[-17,-17],[13,-24],[-13,-11],[-40,49],[12,22],[26,6],[79,-32],[47,-67],[64,-182],[-34,1],[-5,-48],[16,12],[16,-16],[-3,-135],[-175,-16],[-39,-19],[-23,-37],[8,40],[-92,-30],[-19,23],[-43,-75],[-83,-24],[-44,-35],[-19,10],[23,54],[-4,121],[25,50],[-12,14],[-13,-22],[-37,30],[-9,-39],[8,-30],[-19,3],[-25,-50],[-17,14],[-5,-18],[-32,-15],[4,-42],[-43,54],[-18,-68],[4,-33],[-16,-16],[-65,-34],[-21,12],[18,22],[-13,31],[-8,-29],[-26,6],[10,-23],[-18,-12]],[[82401,25633],[-14,106],[8,62],[-45,18]],[[83157,25497],[18,-8],[50,-125],[-6,-30],[-121,-2],[-100,69],[139,-18],[36,28],[12,31],[-44,-38],[28,70],[-12,23]],[[82841,25498],[32,41],[6,-71],[-13,-8],[-25,38]],[[82787,25536],[42,-16],[7,-57],[-134,-13],[-56,-53],[-50,47],[46,9],[47,75],[78,61],[8,-3],[-7,-26],[23,29],[18,-23],[-22,-30]],[[83214,25793],[10,-24],[-30,-90],[-14,-3],[34,117]],[[82579,25549],[8,11],[8,-16],[-71,-23],[55,28]],[[82682,25631],[32,-1],[-79,-69],[-34,1],[81,69]],[[79197,21611],[-98,12],[-51,-51],[-12,22],[21,49],[-29,-7],[24,50],[29,16],[49,73],[-37,-23],[-41,0],[20,47],[34,15],[-12,16],[-71,-3],[-14,-5],[-6,-27],[-13,8],[8,66],[78,46],[-42,10],[-20,32],[45,151],[-14,-3],[-8,-34],[-41,-62],[-22,-78],[-4,39],[-19,35],[28,43],[-6,25],[-18,-13],[-33,-59],[14,-48],[-15,-40],[-122,181],[-8,-9],[11,-51],[-7,-25],[-4,31],[-69,147],[-1,24],[24,6],[16,-39],[15,63],[43,24],[7,27],[-19,20],[-22,-28],[-40,4],[21,39],[-15,31],[44,-8],[39,15],[-15,-15],[91,-56],[30,-3],[29,47],[5,59],[-26,-64],[-17,-11],[-58,36],[9,39],[-43,-7],[34,38],[-43,-5],[-1,52],[-22,-60],[-27,46],[7,23],[18,-4],[-23,29],[-28,-49],[-13,8],[3,61],[-15,-16],[-12,-95],[-11,-5],[1,63],[25,107],[37,36],[-5,-18],[61,-93],[30,18],[16,32],[-3,18],[-45,-35],[-13,32],[5,37],[58,35],[-34,20],[4,34],[-9,1],[-26,-54],[0,65],[-35,17],[-19,-26],[-39,-13],[0,-58],[-32,-27],[13,121],[29,92],[14,-2],[7,-43],[62,-12],[33,34],[3,23],[-15,31],[24,7],[-5,8],[54,86],[-47,-32],[-16,8],[9,16],[-24,-17],[-27,-82],[6,-42],[-27,21],[5,74],[-26,79],[65,136],[4,32],[29,16],[20,48],[189,-1],[-138,24],[70,93],[68,-16],[-39,54],[30,34],[14,52],[-120,-149],[1,37],[46,135],[-52,-63],[-53,10],[-26,-71],[39,-28],[-2,-14],[-101,-106],[-14,37],[10,80],[-12,8],[-14,-24],[-10,-85],[14,-39],[-26,-38],[-20,104],[-63,-11],[46,-27],[2,-20],[-29,-24],[4,-19],[-44,5],[28,-52],[-7,-18],[-29,46],[-29,16],[25,-61],[36,-21],[-37,-49],[3,26],[-37,-11],[3,22],[-55,52],[-37,-16],[37,-17],[5,-33],[19,-5],[13,-39],[60,-52],[10,-47],[-10,-25],[-16,27],[-45,-6],[2,-12],[87,-57],[-44,-41],[-40,38],[-28,62],[-12,-12],[-2,-31],[61,-60],[24,-48],[-9,-12],[3,-24],[-46,44],[-31,2],[54,-61],[-2,-21],[-30,13],[10,-24],[-11,-16],[5,-20],[28,6],[-1,-21],[-41,-57],[22,-57],[-6,-56],[14,-54],[-2,-114],[92,-162],[-7,-35],[-19,-36],[-24,2],[-13,13],[-8,64],[-42,20],[-67,73],[-32,233],[6,-219],[12,-40],[26,-31],[77,-63],[12,-43],[31,-42],[31,17],[24,-10],[-17,-36],[2,-24],[52,-122],[-14,-20],[12,-87],[-65,73],[-13,27],[0,66],[-16,19],[5,-36],[-14,-41],[-25,30],[-9,-39],[-33,76],[-38,28],[-57,17],[-40,-12],[-35,29],[-17,124],[-38,41],[25,-77],[5,-84],[-59,39],[-1,27],[-35,33],[-41,156],[-21,-60],[-24,-23],[-8,3],[4,56],[-24,-8],[15,-23],[-15,-39],[-49,-39],[-37,33],[-8,114],[28,71],[29,0],[13,23],[-27,-12],[15,44],[41,14],[27,81],[54,10],[-16,12],[17,40],[-12,25],[4,42]],[[78155,22709],[-19,35],[-61,25],[-28,69],[-105,30],[-53,56],[-13,33],[39,62],[-5,41],[-44,25],[-21,38],[-125,36]],[[77720,23159],[-12,23],[3,81],[-42,29],[15,14],[-4,27],[14,20],[-35,-6],[-13,52],[-15,-31],[-14,55],[30,20],[-7,34],[-86,-11],[-116,113],[-37,3],[-67,-78],[-43,7],[-66,-20],[19,-34],[-34,-9],[-2,-16],[17,-11],[-25,-32],[-51,9],[-26,-14],[-75,19],[-47,37],[-4,22],[13,14],[-29,30],[-25,-57],[4,-21],[-28,-15],[-78,-114],[-19,-4],[-45,36],[-39,-17],[-23,-54],[-84,-79],[-25,-51],[-41,-11],[-98,-101],[6,584]],[[76486,23602],[2611,0]],[[79596,22164],[-4,-24],[-20,6],[10,-48],[-43,25],[-10,-10],[33,-16],[5,-26],[-10,-8],[33,-15],[-43,-125],[-31,-9],[7,33],[-32,-26],[-41,-146],[-25,8],[-21,-31],[-15,-85]],[[79389,21667],[-170,-22],[-22,-34]],[[79625,22164],[-5,-74],[-20,-58],[15,132]],[[78943,21598],[-8,0]],[[78935,21598],[-11,0]],[[78924,21598],[-7,0]],[[78917,21598],[-6,45],[35,8],[-26,23],[16,20],[21,-23],[-5,-73]],[[78952,21598],[-9,0]],[[78924,21818],[-35,14],[3,25],[21,20],[18,-25],[-7,-34]],[[79470,21675],[44,93],[15,73],[61,152],[-69,-241],[-38,-74]],[[79483,21678],[-13,-3]],[[82427,29932],[49,44],[34,2],[54,-125],[12,12],[3,43],[25,30],[1,95],[15,34],[29,7],[53,-46],[39,22],[-57,71],[-6,42],[31,73],[69,90],[120,74],[12,37],[-9,62],[94,98],[14,36],[5,30],[-43,38],[18,75],[-15,35],[34,31],[15,39],[-14,47],[-15,10],[2,23],[32,87],[24,19],[10,60],[81,69],[47,323],[536,849],[20,8],[108,-32],[11,-15],[-9,-101],[6,-68],[13,-23],[95,-67],[102,53],[83,10],[89,67],[59,-15],[35,12],[3,29],[24,35],[34,11],[73,-30],[144,-134],[35,-67],[95,-101],[18,-1264],[18,-47],[-29,-49],[19,-54],[-27,-70],[3,-61],[32,-37],[24,14],[26,-44],[59,-38],[111,-11],[14,-14],[3,-73],[-47,-46],[8,-43],[37,-77],[-30,-137],[82,-114],[26,-14],[45,58],[56,-30],[-24,-8],[5,-16],[22,-2],[42,-78],[6,-55],[46,-74],[-16,-47],[-15,-7],[-24,26],[-3,-61],[-53,28],[-5,-16],[29,-43],[10,-58],[5,54],[29,-16],[-5,38],[13,6],[16,-75],[16,14],[-11,72],[48,-48],[10,-45],[-39,-55],[-29,0],[-28,-58],[-64,-67],[5,-15],[-47,16],[3,-32],[-16,2],[-32,29],[11,29],[-15,30],[-21,-12],[10,-7],[-9,-8],[-25,15],[17,-46],[-8,-23],[11,-12],[-30,-35],[-18,71],[-16,7],[15,-63],[-13,-5],[-36,5],[0,27],[-19,-11],[-5,26],[-11,-3],[-27,-31],[19,-8],[-2,-80],[-24,-12],[-25,4],[-4,36],[-11,4],[-39,-75],[-9,3],[-17,39],[5,66],[-30,-78],[-10,16],[13,68],[-17,-30],[-15,10],[-13,-37],[-20,-11],[19,-50],[-11,-20],[-18,8],[-10,-102],[-13,16],[-2,30],[15,56],[-18,-21],[-6,-68],[-19,21],[-3,84],[-7,-2],[-8,-37],[-28,2],[31,-26],[7,-57],[-7,-13],[-22,11],[-32,-74],[-11,24],[7,31],[-16,-8],[-6,18],[-10,107],[-27,24],[-6,-45],[-16,-2],[-15,74],[-14,-66],[-23,31],[-3,30],[-35,10],[-4,-21],[31,-28],[-12,-23],[10,-16],[-58,16],[-20,-62],[-19,-7],[-12,14],[-4,79],[-32,7],[20,-84],[-11,-33],[-9,-3],[-5,51],[-29,-30],[-35,6],[23,-51],[-9,-68],[24,-29],[-8,-16],[-10,9],[24,-32],[-20,-10],[-65,67],[-36,-2],[-34,38],[-63,-15],[12,62],[29,-7],[-2,38],[17,20],[30,-5],[-13,40],[-55,-60],[-15,11],[52,153],[-2,20],[-39,6],[-19,-92],[15,-7],[-27,-21],[-13,24],[-87,-61],[34,-102],[-43,-42],[-63,-179],[1,-57],[23,3],[-8,-24],[-38,-31],[-16,-47],[-20,9],[-4,-18],[-11,2],[-9,-26],[9,-20],[-51,-25],[31,89],[-14,-2],[-51,-74],[6,45],[-47,-10],[15,40],[-15,9],[15,40],[-12,11],[-27,-39],[6,-27],[-33,-24],[-27,-115],[-24,-51],[-19,71],[-6,-71],[-15,38],[11,59],[-10,24],[28,71],[-4,19],[-37,-82],[-6,-74],[13,-51],[-11,-35],[-2,47],[-21,-12],[-32,40],[14,27],[0,30],[19,-8],[-24,43],[30,80],[-11,2],[-91,-160],[19,-19],[-10,-62],[17,33],[12,-2],[-18,-75],[-19,-19],[-35,254],[3,35],[24,45],[-10,4],[-71,-91],[8,-21],[28,18],[8,-15],[29,-224],[-8,-35],[-26,-39],[-8,12],[-14,70],[13,54],[-16,31],[4,23],[-15,5],[-18,-16],[20,-27],[-5,-36],[-16,-15],[-3,16],[-53,-85],[41,116],[-3,23],[-44,-110],[-24,-14],[54,124],[-49,-23],[24,38],[-139,-119],[-18,-48],[-22,-17],[5,-41],[-39,-15],[54,-18],[9,-29],[-5,-55],[-39,-15],[5,15],[-13,-4],[-26,-34],[-2,24],[-23,-10],[-17,-39],[-1,-43],[5,-25],[29,8],[-39,-62],[-55,-53],[-47,-13],[-36,-46],[-9,-54],[11,-25],[-20,-38],[10,-8],[-21,-18],[-42,-99],[-31,41],[-13,-1],[-7,-42]],[[82669,27414],[-58,88],[2,97],[-31,27],[-78,140],[13,191],[-90,1975]],[[83433,28214],[-17,44],[11,28],[18,-17],[-4,-54],[-8,-1]],[[83429,28403],[-32,-109],[-11,35],[6,19],[31,68],[6,-13]],[[84182,28553],[-1,-73],[-35,-15],[4,62],[18,29],[14,-3]],[[84037,28621],[-37,-32],[-27,16],[-26,-32],[-3,13],[10,28],[51,44],[25,-3],[7,-34]],[[84335,28638],[-10,-33],[-20,-6],[-16,25],[-25,-11],[-12,22],[34,28],[30,-3],[19,-22]],[[83959,28722],[-9,-2],[7,52],[-13,10],[29,24],[11,-13],[-25,-71]],[[84264,28847],[11,-26],[-7,-12],[-32,19],[13,55],[11,-3],[4,-33]],[[83996,28886],[7,-27],[-32,-44],[-9,15],[4,38],[19,29],[11,-11]],[[84918,28976],[-13,-19],[-21,79],[23,0],[11,-60]],[[85118,29156],[6,-19],[-33,0],[13,25],[14,-6]],[[85287,29504],[5,32],[37,-51],[-3,-14],[-39,33]],[[84011,28561],[53,-15],[-1,-23],[-29,-34],[-14,4],[-24,15],[1,35],[-30,18],[6,21],[38,-21]],[[84157,28748],[23,-54],[-34,-15],[24,-32],[-42,-21],[-24,17],[-6,58],[24,0],[-3,36],[11,22],[27,-11]],[[84438,28934],[48,-109],[-45,-38],[-31,-2],[-21,18],[-5,-27],[17,-39],[-21,-28],[-62,37],[-7,18],[13,12],[-20,31],[23,68],[24,16],[-6,20],[42,37],[51,-14]],[[69392,32983],[112,-13],[494,309],[166,54],[43,-6],[1285,-813],[1171,-775],[74,-300],[147,-195],[52,-5],[49,62],[24,10],[26,2],[33,-24],[77,51],[61,-22],[-34,-106],[38,-97],[-10,-38],[16,-101],[7,-27],[47,-56],[5,-41],[35,-60],[24,5],[64,59],[52,-15],[108,11],[107,-122],[-123,-266],[108,-2],[634,-454],[28,-42],[285,-1993],[-188,-596],[-2,-77],[-48,-168],[8,-50],[-9,-81],[-30,-113],[-35,-54],[-49,-16],[-133,-181],[-147,-75],[-49,-68],[-13,-37],[-22,-219],[20,-123]],[[73900,26115],[-200,-230],[-986,-44]],[[71148,26748],[-91,1002],[23,437],[38,232],[120,563],[125,429],[85,165],[69,97],[174,182],[-363,235],[-233,0],[-75,-137],[-80,-91],[-65,-43],[-23,-143],[-114,29],[-52,30],[-44,70],[18,104],[38,76],[-11,32],[-14,11],[-56,-33],[-57,-4],[-24,24],[12,78],[44,61],[-12,80],[16,12],[5,31],[-22,58],[14,31],[-70,81],[-148,51],[-8,26],[25,57],[-26,62],[-46,32],[-101,18],[-141,56],[-71,-21],[-67,31],[-80,2],[-199,128],[-708,218],[-70,179],[-87,67],[-36,-11],[-15,41],[322,796]],[[69067,32179],[325,804]],[[63922,34114],[1450,0],[13,22],[-1,405],[41,-17],[85,2],[90,-43],[20,-29],[15,-93],[-4,-50],[71,-286],[0,-121],[16,-32],[120,-85],[161,9],[42,-68],[253,-18],[28,-22],[19,-83],[21,-28],[203,26],[23,17],[6,46],[46,20],[91,17],[197,-14],[68,-43],[166,-50],[15,-37],[-59,-23],[-5,-26],[43,-25],[92,9],[26,-14],[16,-44],[4,-74],[64,-121],[57,30],[-8,70],[15,24],[150,17],[19,-14],[25,-82],[23,-29],[164,-65],[34,-48],[-15,-28],[90,-27],[10,-46],[63,6],[41,-19],[108,32],[145,120],[140,72],[23,-16],[-6,-35],[26,-32],[18,-69],[26,-18],[116,23],[32,-24],[298,36],[33,-16],[56,-93],[53,-36],[98,34],[200,-25]],[[69067,32179],[-493,25],[-576,-436],[-352,-221],[-102,45],[-22,-15],[-14,-34],[-26,-16],[-13,-54],[-54,-4],[-1,-654],[-22,-10],[-28,-53],[-46,6],[-26,-40],[-47,-9],[-25,-37],[-97,-50],[-48,-89],[3,-33],[-87,-115],[-8,-105],[13,-40],[94,-19],[62,-151],[-32,-106],[-36,-56],[-10,-109],[17,-69],[-13,-38],[-25,-17],[22,-76],[10,-96],[-15,-39],[0,-81],[-29,-71],[167,-170],[135,-32],[44,-52],[32,-71],[130,-39],[108,-114],[94,-197],[109,-101],[86,-9],[50,-44],[45,-15],[33,-78],[39,-20],[15,-33],[4,-106],[25,-73],[-5,-271]],[[64469,27886],[0,2037],[-28,58],[-52,52],[-101,32],[-41,102],[-68,101],[17,55],[140,124],[38,91],[22,117]],[[64396,30655],[-14,84],[14,99],[-6,77],[-22,53],[-4,120],[-81,137],[-2,30],[-19,31],[-5,112],[-30,51],[10,89],[-15,83],[13,100],[17,44],[-34,26],[-14,66],[0,187],[-16,105],[5,144],[-18,34],[11,81],[-2,129],[-15,16],[-12,72],[-41,114],[-27,35],[-18,101],[11,27],[-25,32],[-61,205],[-6,90],[10,78],[-20,108],[15,59],[-24,120],[6,48],[33,84],[-5,55],[-85,306],[2,27]],[[69445,19948],[-39,-53],[-18,7],[7,49]],[[69349,19949],[20,-132],[-20,-36],[-49,-12],[12,-44],[39,-31],[-19,-23],[-79,-9],[58,-119],[-7,-21],[-36,-24],[-35,-115]],[[65768,19949],[0,567]],[[65273,23918],[-72,51],[11,78],[-58,98],[12,28],[-7,27],[-48,15],[-34,55],[-39,0],[-5,15],[19,24],[-48,155],[1,41],[-51,35],[0,58]],[[70168,13019],[-3,-33],[-45,-40],[-69,34],[-16,47],[-51,-46],[-56,-1],[-74,78],[-58,22],[-38,-22],[87,-16],[-12,-15],[-66,0],[-201,-86],[-14,13],[16,18],[-51,39],[-24,-35],[27,-8],[-2,-35],[-71,-62],[5,-15],[-20,-62],[-9,-9],[-9,24],[-16,-16],[-25,5]],[[68822,18248],[1504,-2]],[[69787,12826],[9,0],[-29,-8],[20,8]],[[69704,12871],[-19,-70],[-10,8],[5,24],[-44,7],[55,12],[13,19]],[[69998,12852],[74,-19],[-154,30],[41,8],[39,-19]],[[50598,34114],[8495,0]],[[59093,34114],[2,-3459]],[[59095,30655],[4,-1054],[-12,-14]],[[59087,29587],[-4952,0],[0,-569]],[[78925,20006],[2,-79],[43,-54],[-12,-9],[8,-27],[33,-43],[-15,39],[21,36],[-2,-82],[29,-64],[68,-248],[-26,1],[-29,50],[-4,64],[-28,41],[-4,31],[-21,15],[6,31],[-19,22],[-24,9],[20,-34],[12,-82],[-9,-7],[39,-47],[-80,30],[-80,102],[-48,23],[11,13],[-9,11],[-14,-40],[45,-32],[65,-110],[-50,-20],[5,-16],[-29,0],[-88,93],[9,-35],[60,-81],[-18,-12],[-92,48],[-80,73],[20,-47],[87,-78],[-71,-15],[-39,-59],[-78,-21],[-35,56],[-12,-26],[-30,20],[-31,142],[36,120],[-36,40],[20,-43],[-36,-80],[-3,-99],[38,-134],[10,-2],[-29,-70],[122,-8],[97,49],[24,-9],[5,-47],[19,15],[63,-23],[-30,37],[79,41],[67,7],[37,-18],[12,-36],[-16,12],[-13,-50],[34,15],[-16,-49],[-28,-21],[25,-58],[-4,-29],[-48,1],[47,-30],[11,-34],[-11,-13],[15,-31],[-13,-17],[-61,17],[12,-29],[56,-2],[10,-24],[25,90],[4,178],[39,43],[24,-40],[28,-10],[-33,65],[59,-7],[-30,15],[10,39],[44,-53],[49,-118],[-15,-69],[15,-71],[-37,-10],[24,-72],[-30,-38],[-1,-27],[-39,-8],[11,27],[-31,4],[-14,47],[-7,-66],[-58,-61],[4,-32],[-27,-21],[5,-15],[-17,-52],[-20,25],[-14,-42],[8,-23],[-38,-13],[-23,-29],[-60,7],[-13,23],[-18,-26],[-54,71],[2,-56],[-15,-24],[-33,38],[29,0],[-10,74],[-17,26],[-17,-69],[-17,9],[-12,-16],[14,-24],[-25,17],[-18,30],[14,15],[-40,28],[11,19],[-21,28],[21,18],[36,-7],[22,39],[-86,10],[-44,-33],[29,-32],[-10,-30],[19,-25],[-9,-22],[19,-24],[-15,-10],[-35,23],[2,26],[-79,-22],[-45,39],[-122,50],[-41,42],[19,-48],[22,-12],[13,-49],[22,16],[29,-9],[149,-103],[139,-48],[19,-46],[-16,-46],[-51,11],[25,-25],[-1,-20],[-41,10],[-61,-43],[62,-24],[11,8],[-10,9],[10,15],[12,-32],[-4,-29],[-117,-140],[-27,-13],[-78,22],[-51,68],[-35,22],[-34,63],[-25,15],[98,-201],[96,-39],[34,-40],[89,88],[65,-63],[-21,70],[36,4],[20,-28],[5,62],[21,52],[13,-25],[-5,-39],[16,-34],[-32,-21],[2,-31],[53,8],[7,20],[37,12],[-20,58],[22,-8],[37,-54],[-25,-39],[-25,2],[-4,-64],[-34,-23],[-10,23],[-9,-50],[-54,-73],[-11,-46],[-50,19],[-4,18],[12,16],[-31,40],[-12,-122],[-18,15],[-9,78],[-10,11],[-35,-17],[-26,-36],[29,15],[20,-47],[-138,16],[-139,-71],[-7,20],[12,12],[-19,62],[-13,3],[8,-42],[-12,-49],[-27,10],[6,-27],[-62,-83],[-58,-37],[-46,31],[48,69],[-43,71],[11,7],[-2,16],[-38,24],[9,-78],[18,-1],[10,-59],[-47,-26],[16,-34],[31,-19],[3,-40],[-111,-66],[-138,-173],[-73,-124],[-29,-96],[-26,-186],[-22,-31],[15,80],[0,122],[-29,93],[14,-140],[-5,-73],[-49,-121],[-166,32],[-57,-17],[-24,8],[-5,39],[-7,-32],[-17,-14],[-107,-47],[10,23],[-20,-8]],[[77126,16981],[-764,1036],[-801,36],[-6,152],[-100,171],[-79,-55],[-6,26],[11,48],[-16,26],[-921,54],[-21,21],[-31,-45],[-170,-58],[-53,-62],[-15,15],[-23,-6],[-220,-91]],[[73055,18234],[24,275],[42,42],[37,-17],[71,19],[23,37],[25,140],[62,50],[24,49],[110,61],[166,5],[109,105],[36,7],[32,50],[56,49],[71,39],[56,-8],[58,113],[1,71],[28,11],[41,-25],[28,75],[100,65],[26,-25],[-1,-62],[24,-21],[55,41],[75,123],[116,60],[43,-15],[20,-44],[32,-4],[38,41],[71,175],[23,25],[58,50],[66,-19],[-19,64],[32,100],[-12,43],[40,94]],[[74942,20073],[12,-17],[293,-28],[806,-34],[2872,12]],[[79012,20005],[6,-60],[-36,-4],[-44,65]],[[78938,20006],[33,0]],[[78971,20006],[17,-1]],[[78988,20005],[24,0]],[[79052,20005],[47,-303],[51,-173],[107,-266],[28,-114],[-24,16],[-35,131],[-48,86],[-14,-7],[-18,18],[3,20],[29,-7],[-3,18],[-31,25],[-36,198],[-32,72],[-6,125],[-38,161]],[[79032,20005],[20,0]],[[77553,16989],[20,31],[-20,-78],[-34,32],[16,26],[18,-11]],[[77621,17214],[21,89],[18,13],[-39,-102]],[[77934,17681],[56,32],[-114,-84],[-85,-104],[39,72],[104,84]],[[78548,17875],[19,-33],[-10,-5],[-73,61],[64,-23]],[[78313,17906],[116,22],[36,-14],[-103,-3],[-193,-60],[32,29],[112,26]],[[78766,18150],[39,36],[-137,-179],[-96,-225],[-6,22],[10,34],[83,177],[107,135]],[[78893,18329],[29,-11],[-78,-78],[49,89]],[[78955,18388],[35,4],[120,81],[-33,-40],[-64,-30],[-77,-70],[19,55]],[[79319,19037],[17,-128],[-45,-366],[-20,-30],[-136,-52],[32,50],[11,-7],[112,74],[23,188],[-4,73],[15,50],[-34,245],[21,-42],[8,-55]],[[79149,19297],[-10,16],[12,9],[37,-25],[34,-70],[-9,-37],[-24,6],[-14,58],[-26,43]],[[59093,34114],[4829,0]],[[64396,30655],[-5301,0]],[[59089,25051],[0,2269]],[[59089,27320],[3942,-1],[171,-144],[167,-101],[46,5],[19,19],[20,60],[34,15],[109,-21],[60,24],[71,-16],[159,28],[105,-107],[61,-9],[66,-42],[64,-6],[41,-60],[73,-17],[-6,-51],[37,-40],[17,-56],[103,-27]],[[82129,29602],[1,45],[70,172],[-31,25],[39,17],[59,59],[107,-54],[53,66]],[[82669,27414],[-8,-28],[32,7],[1,-23],[-52,-109],[-23,-81]],[[81449,27012],[-5,33],[-54,85],[-4,51],[24,110],[36,35],[23,280],[25,54],[8,291],[42,64],[19,121],[65,73],[23,113],[57,101],[-12,31],[45,118],[9,200],[15,41],[26,25],[88,9],[48,58],[80,54],[57,78],[3,62],[31,19],[-60,174],[20,70],[65,106],[6,28],[-20,61],[2,30],[18,15]],[[79639,23936],[73,70],[127,74],[9,23],[-155,222],[-19,63],[-28,-13],[-29,36],[-24,140],[-66,13],[-10,56],[5,158],[20,36],[39,6],[9,48],[25,39],[-58,124],[23,36],[57,37],[34,69],[28,23],[37,60],[30,105],[45,62],[58,32]],[[79869,25455],[560,-414]],[[80429,25041],[-7,-67],[-81,-247],[-45,-67],[-33,-10],[26,67],[-5,15],[-27,-61],[-42,-34],[-8,-71],[-28,-23],[-2,-43],[-13,-19],[18,-42],[36,-19],[61,2],[90,-48],[-18,88],[27,-35],[0,-192],[-80,-571],[8,166],[21,128],[-6,30],[-14,-12],[12,-24],[-42,-38],[-3,-17],[15,4],[2,-16],[-21,-43],[16,-13],[-19,-35],[7,-48],[-42,-87],[-3,-32],[19,-10],[-3,-40],[-31,-55],[-23,-9],[-9,-36],[-51,-40],[27,-60],[-5,-17],[-43,48],[-35,7],[17,-97],[-9,-27],[-37,0],[-14,-54],[24,-5],[15,-43],[-83,-53],[35,61],[-20,16],[-32,-56],[3,-21],[-65,-5],[-13,-19],[39,-16],[39,8],[-66,-78],[-41,-101],[-15,8],[-14,-15],[19,-4],[5,-20],[-26,-48],[-30,-18],[3,-27],[-14,-31],[-100,-72],[-18,24],[12,70],[41,114],[6,44],[-14,37],[-23,15],[-59,-4],[-13,29],[-75,-31],[-14,23],[0,30],[-48,45],[-6,21],[-43,13],[-20,46],[-25,-2],[-117,154],[-6,35],[12,-16],[9,73],[-33,61],[34,45],[6,40],[25,30],[3,38],[39,62],[68,46],[118,36],[32,35],[-12,53],[26,1],[39,71]],[[80110,23291],[-7,20],[47,0],[-41,-72],[-24,-14],[-23,5],[-16,30],[13,6],[22,-29],[29,54]],[[80270,23594],[24,47],[-112,-265],[12,60],[76,158]],[[59834,20516],[0,-567]],[[59834,19949],[-29,0],[-17,-5100],[-2546,-2],[44,-186],[67,-75]],[[57353,14586],[-1210,9],[0,-511],[-589,0]],[[52018,26185],[1,-5665]],[[47800,26185],[2112,0]],[[76284,26795],[526,300],[72,99],[2,66],[-82,74],[6,51],[-30,54],[12,74],[-7,121],[-82,212],[344,190],[1307,-8],[32,23],[242,498],[74,76],[16,34],[100,50],[12,19],[-7,41],[79,79],[140,68],[28,63],[92,134],[304,319],[100,70],[172,96],[135,-13],[952,7]],[[80823,29592],[10,-72],[-29,-95],[29,-77],[-29,-193],[8,-51],[52,-136],[-28,-102],[11,-80],[-5,-59],[-40,-46],[-41,-160],[19,-51],[8,-108],[16,-50],[-6,-55],[16,-54],[-43,-196],[13,-41],[21,16],[17,46],[31,1],[44,-84],[-14,-780],[-15,-76],[16,-58]],[[80616,25053],[-24,-53],[-24,-2],[-51,-87],[-20,-6],[-6,-36],[16,-29],[-92,-10],[-3,24],[16,48],[-9,21],[33,144],[3,115],[-11,82],[-50,80],[7,60],[-27,-47],[16,-72],[32,-48],[7,-196]],[[79869,25455],[-30,86],[-103,19],[-25,34],[-44,22],[-54,122],[2,93],[-10,43],[14,31],[-3,25],[-35,25],[19,35],[-61,55],[-60,7],[-9,74],[-55,41],[1,15],[-3132,3],[0,610]],[[80411,24821],[-30,-94],[-29,-17],[9,65],[54,138],[8,-17],[-16,-39],[4,-36]],[[80890,24642],[-45,-4],[-180,-68],[6,17],[160,61],[65,4],[-6,-10]],[[80274,24636],[35,17],[17,-52],[-57,-79],[-83,-36],[7,43],[28,35],[7,66],[15,17],[31,-11]],[[81155,24750],[89,39],[-277,-141],[-69,-23],[-42,7],[35,0],[152,59],[112,59]],[[81837,25125],[-9,16],[52,-8],[-19,-30],[-369,-208],[-39,-11],[10,30],[-35,6],[4,-42],[-8,-9],[-157,-78],[-10,4],[62,27],[-54,11],[-27,-27],[-45,7],[7,-24],[-24,-22],[-19,-4],[-7,23],[-41,-27],[-46,8],[-15,-20],[-47,-13],[-21,11],[-20,-34],[-54,17],[-29,-32],[-69,-27],[-134,-28],[-65,-42],[-10,28],[-31,-18],[1,-17],[95,-2],[-4,-10],[-132,6],[-122,-54],[0,15],[121,72],[-43,34],[-28,-10],[-17,-29],[11,-36],[-78,-15],[-11,1],[-6,10],[10,12],[-30,34],[18,66],[32,35],[9,39],[34,52],[34,-14],[27,24],[31,-6],[15,-24],[2,70],[11,2],[18,-34],[12,19],[-25,25],[9,26],[32,-11],[15,-37],[0,50],[15,36],[79,20],[4,-19],[-24,-11],[27,-16],[2,19],[10,-2],[10,-17],[8,19],[-18,38],[6,21],[38,-14],[-7,-21],[15,-16],[44,0],[-2,27],[-27,1],[-2,33],[20,-21],[98,-32],[40,13],[22,30],[-4,19],[28,12],[16,-28],[11,27],[208,-8],[109,21],[111,82],[18,34],[23,4],[49,58],[48,25],[20,-8],[1,-23],[-30,-25],[-11,21],[-76,-76],[-3,-12],[22,-11],[-4,-15],[-33,-6],[0,-48],[-13,23],[-46,-21],[-42,-60],[-26,-6],[-6,-22],[102,-11],[81,109],[28,6],[4,41],[10,0],[6,-34],[20,-4],[26,47],[33,-39],[5,43],[17,9],[33,-61],[83,55],[24,-4],[0,26],[28,-5]],[[81780,25337],[-28,-3],[12,31],[13,-11],[7,18],[52,10],[-56,-45]],[[81538,25154],[9,17],[34,-30],[3,-53],[-67,26],[21,40]],[[81687,25188],[37,-23],[-16,-52],[-5,41],[-24,7],[8,27]],[[73900,26115],[44,-102],[253,-190],[184,-10],[831,609],[536,130]],[[75748,26552],[0,-1901]],[[75748,24651],[-43,-31],[-48,0],[-20,-35],[51,-116],[-17,-113],[15,-8],[5,-64],[-10,-42],[-30,-35],[-55,-199],[-5,-94],[-17,-49],[5,-27],[-31,-5],[4,-64],[-31,-89],[-21,-22],[25,-58],[-19,-38],[-9,-65],[-128,-112],[-50,-87],[-71,-63],[-101,-53],[-36,62],[-31,1],[-64,-71],[-19,-78],[-72,-5],[-50,-106],[-1,-82],[-45,-29],[29,-51],[-2,-61],[12,-49],[-43,19],[-26,-63],[-29,-28],[-18,21],[17,42],[-24,69],[-47,35],[-39,-21],[-44,-83],[-37,-138],[-25,-25],[22,-197],[-11,-19],[-60,-8],[-38,-164],[-126,-39],[-57,11]],[[65863,16715],[-131,54],[-28,-4],[-33,47],[-83,26],[-67,112],[-46,13],[-87,88],[-46,21],[-25,-17],[-9,-49],[-45,-10],[-4,-24],[-14,-7],[-99,8],[-6,16],[-31,7],[1,34],[-36,30],[-17,-31],[-17,6],[-46,-38],[-41,0],[-10,-47],[-12,16],[-42,-17],[-55,47],[-73,-59],[-75,-17],[-40,-74],[-61,0],[-8,-51],[-20,-19],[-58,96],[-61,0],[-16,37],[-44,23],[-14,21],[8,39],[-7,15],[-35,12],[-30,-69],[-40,-7],[-29,26],[-43,0],[-28,79],[-30,18],[-38,-20],[-1,-42],[-22,-50],[-40,4],[14,-43],[-17,-18],[-10,-75],[-36,-19],[-40,69],[-1,47],[17,47],[-24,46],[-39,-62],[-28,26],[-38,-50],[-54,-8],[-11,10],[-12,64],[-83,16],[-12,83],[-27,17],[-27,-12],[-114,-131],[-61,6],[-23,22],[9,59],[-7,57],[-94,37],[-1,125],[-11,13],[-73,-23],[-95,16],[-18,-7],[-34,-66],[-52,-4],[-68,93],[-31,7],[-64,-31],[-111,39],[-69,51],[-38,-13],[-104,19],[-15,31],[3,84],[-34,45],[-18,56],[-41,14],[-27,44],[-18,-13],[-4,-56],[-17,-24],[-92,36],[-39,-31],[-56,11],[-142,193],[-40,19],[-43,-7],[-2,2182],[-2123,0]],[[45549,30924],[62,4],[142,-102],[30,-92],[30,-38],[23,-110],[-4,-70],[19,-42],[-1,-91],[24,-60],[34,-27],[94,-4],[81,-38],[60,-1],[57,-24],[205,86],[126,90],[53,-13],[105,22],[211,-23],[48,-28],[35,-71],[82,36],[98,-13],[164,69],[26,30],[114,-22],[77,6],[51,28],[42,-3],[73,59],[137,55],[192,38],[62,64],[341,24],[35,17],[29,40],[1504,2]],[[44817,26185],[-56,53],[-47,75],[-14,122],[-23,33],[2,53],[-17,38],[6,102],[-11,22],[12,17],[20,128],[-3,55],[-11,53],[-28,28],[-13,49],[-23,7],[-24,91],[-20,20],[53,109],[34,113],[41,264],[-10,54],[17,34],[24,13],[19,-59],[5,63],[54,78],[10,-9],[4,-47],[51,1],[-33,18],[-15,45],[8,24],[-8,0],[-48,-35],[-42,-64],[69,206],[20,125],[25,18],[25,68],[21,-30],[28,6],[-56,41],[-16,-57],[-22,-19],[45,342],[14,27],[-10,43],[14,299],[21,118],[22,24],[25,-26],[-7,33],[-16,11],[-23,-24],[-1,80],[15,126],[12,14],[24,-25],[5,19],[-31,18],[-14,-17],[8,52],[-15,13],[14,58],[-10,59],[5,52],[34,105],[3,168],[30,101],[8,166],[-9,36],[-21,14],[21,20],[10,60],[-2,-41],[30,44],[-37,39],[16,120],[7,-65],[34,-28],[-4,96],[-20,-7],[-24,25],[29,129],[21,-8],[12,17],[-33,8],[-14,-50],[-3,75],[-28,38],[17,128],[-24,73],[40,48],[8,39],[-19,120],[-29,91],[-22,34],[14,8],[12,-31],[24,-6],[36,-41],[53,-13],[19,-62],[-1,46],[16,0],[-62,49],[70,20],[28,-38],[15,0],[65,18],[10,6],[-15,15],[72,34],[58,-41],[5,-25],[32,-35],[91,-14],[54,52]],[[45336,31011],[26,-23],[2,-25],[-19,13],[-9,35]],[[75748,26552],[194,48],[342,195]],[[79639,23936],[-68,-48],[-20,-81],[-162,-65],[-34,-44]],[[76486,23602],[-737,0],[-1,1049]],[[82320,25856],[-17,-66],[-29,9],[-4,29],[17,73],[-11,8],[-7,-39],[-20,13],[-39,97],[0,-87],[20,-34],[-15,-43],[-24,23],[-20,-20],[17,-10],[9,-40],[-23,-66],[13,-41],[1,-59],[-23,-91],[-30,-45],[-72,1],[-193,-74],[-4,11],[12,10]],[[82401,25633],[-45,-50],[-10,26],[-8,125],[12,85]],[[82264,25710],[-15,1],[1,51],[-15,6],[9,44],[29,-50],[-9,-52]],[[82091,25279],[8,-55],[-46,3],[24,80],[18,-12],[-4,-16]],[[82234,25684],[-5,-71],[-24,-38],[15,132],[14,-23]],[[82285,25711],[13,58],[33,31],[-9,-194],[-22,8],[-27,-34],[-37,-9],[3,22],[30,20],[-12,28],[12,54],[16,16]],[[77126,16981],[-19,-7],[19,-32],[-59,-18],[-75,-61],[-124,-154],[-138,-255],[-16,-48],[-20,-178],[-21,93],[-41,19],[24,79],[34,57],[-30,-28],[-32,-60],[-16,-71],[20,-40],[41,-22],[7,-56],[14,-10],[-33,-47],[-12,28],[-15,-1],[12,-34],[-15,-16],[-17,31],[-31,7],[36,-29],[-2,-24],[-56,-51],[-11,-53],[-74,-29],[-20,56],[-46,-31],[-28,-79],[12,-31],[24,23],[-11,-26],[-73,-61],[-37,-69],[-60,-41],[-15,-5],[-39,47],[22,46],[-13,16],[-7,-23],[-29,19],[7,-77],[-27,18],[3,-16],[63,-61],[8,8],[-3,-34],[-52,-63],[-57,-5],[21,-33],[-6,-9],[-122,-50],[-39,52],[-24,9],[44,-69],[-90,-84],[-27,53],[0,-39],[-17,-23],[-67,39],[-37,54],[5,-47],[-97,3],[-5,-27],[104,0],[37,-22],[-78,-24],[66,-7],[26,-32],[-4,-21],[-47,-35],[-12,-30],[50,28],[33,43],[-15,-67],[-19,-4],[13,-11],[-8,-16],[-58,-50],[-60,-14],[6,131],[-29,-10],[9,101],[-19,2],[15,-15],[-10,-106],[10,-38],[-11,-24],[-57,66],[-26,105],[7,49],[-20,10],[-16,39],[-13,-1],[24,-62],[-6,-33],[30,-111],[-8,-43],[38,-69],[32,-5],[15,-45],[-42,-71],[-59,-50],[31,113],[-2,42],[-44,-146],[-37,-65],[3,-29]],[[76583,16049],[-20,-62],[4,42],[16,20]],[[59089,27320],[-2,2267]],[[73520,20067],[1214,-8],[33,23],[175,-9]],[[66348,12563],[-39,1],[-50,-137],[-6,-102],[41,-60],[11,-35],[-11,-20],[-115,11],[-46,-16],[-391,-248],[-76,-96],[-20,15],[63,94],[51,26],[34,43],[55,3],[13,45],[-17,-19],[-37,29],[-31,-25],[-123,-26],[-4,19],[17,-3],[32,76],[16,97],[-7,62],[-22,35],[-43,-12],[-8,12],[-50,-132],[-30,-12],[-14,39],[-80,68],[-9,-42],[56,-43],[-21,-34],[22,-44],[-28,-72],[28,-32],[54,-20],[-11,-24],[-30,-6],[16,-54],[18,-1],[0,24],[20,-47],[48,-31],[-48,2],[-17,-68],[-26,4],[-35,-39],[-46,-91],[-36,-34],[-6,22],[-33,17],[15,-39],[-7,-146],[-71,-73],[-77,-107],[-36,-17],[-129,-123],[-62,-31],[-91,-4],[-95,-50],[-3,-63],[11,-8],[104,83],[53,18],[-84,-78],[-119,-56],[-43,-49],[-108,-73],[41,54],[124,86],[-2,36],[-27,7],[-141,-72],[15,27],[48,18],[-56,3],[20,70],[-31,2],[-25,-20],[4,15],[-60,-60],[-31,60],[5,47],[-11,15],[-13,-15],[-20,38],[14,-62],[19,4],[-13,-27],[0,-51],[33,-19],[-41,-36],[-46,-18],[34,21],[-2,43],[-26,-26],[-9,36],[-41,3],[-17,74],[-51,20],[4,-49],[29,-64],[-3,-58],[62,-34],[20,-44],[-44,-28],[5,-19],[53,28],[47,-40],[2,-27],[-177,-131],[-32,19],[-7,73],[-23,12],[-4,27],[-33,51],[-14,-24],[25,-24],[8,-30],[-6,-12],[-38,32],[-11,-15],[45,-95],[-14,-59],[13,-43],[-69,-103],[-46,-27],[24,78],[-10,21],[10,56],[-34,-54],[11,-28],[-21,-65],[-33,7],[9,16],[-5,62],[-68,-63],[-19,-7],[4,12],[-15,13],[-15,-12],[0,-23],[12,-5],[-43,-67],[45,-34],[3,-45],[31,75],[34,20],[17,35],[9,-22],[-5,-72],[-110,-227],[-35,-13],[15,8],[-39,53],[-63,-22],[10,22],[-78,-7],[-10,-15],[-24,22],[-15,-7],[24,-43],[55,-3],[13,15],[-2,-50],[16,-52],[79,-69],[-107,-408],[-69,-59],[-23,9],[34,31],[-10,15],[32,14],[-19,8],[1,56],[-38,-39],[5,-16],[-25,-23],[-11,12],[-15,-48],[-17,1],[-62,144],[-40,47],[34,-86],[-10,0],[34,-60],[-14,-10],[4,-15],[14,8],[13,-16],[-23,-28],[-52,13],[10,-21],[72,-6],[20,-33],[50,-11],[27,-3],[57,45],[10,-10],[-23,-100],[9,-48],[-37,-36],[12,-30],[-8,-12],[9,-48],[-50,-14],[-8,-18],[12,-85],[45,-46],[-8,-22],[-39,47],[-10,-70],[49,-53],[53,-328],[-10,24],[-29,-31],[24,-12],[-6,-74],[22,-6],[8,-41],[25,-7],[-5,-40],[18,19],[8,-14],[-15,-63],[32,-24],[-9,-26],[14,-47],[-1,-88],[24,-25],[46,-11],[-7,-27],[-18,4],[-6,-82],[14,-16],[31,31],[12,67],[16,5],[11,-114],[-92,-16],[-2,-19],[-29,-25],[-13,13],[-18,-23],[6,-69],[-14,-10],[-17,25],[-25,-12],[-16,42],[-51,24],[-99,133],[-76,10],[-25,28],[-149,0],[-37,-25],[-13,33],[-99,5],[-55,41],[-27,55],[-27,4],[6,34],[-43,27],[-19,10],[-11,-21],[-15,26],[-63,36],[-51,-21],[-34,31],[8,22],[-8,10],[-27,4],[-4,33],[-39,45],[-65,-4],[-26,27],[-11,-16],[-13,24],[-33,-7],[-68,34],[10,69],[-16,47],[-36,17],[-59,325],[-97,154],[-10,57],[-17,6],[-27,44],[16,47],[-9,30],[14,94],[-14,60],[-49,57],[17,31],[17,100],[-5,73],[-21,10],[-3,101],[-61,65],[-31,-15],[-14,30],[-26,0],[-28,71],[-65,62],[-22,32],[0,46],[-17,22],[4,47],[-34,45],[-7,17],[8,17],[-44,36],[-14,69],[-25,30],[-8,49],[-94,71],[-12,48],[-49,39],[-2,61],[-31,63],[-10,81],[-13,22],[2,21],[21,16],[-44,30],[-12,74],[-32,28],[-33,92],[-29,139],[-23,13],[0,31],[-41,63],[-6,91],[-25,126],[-24,8],[-43,57],[1,40],[-24,55],[-150,140],[-21,90],[-69,31],[-55,50],[-10,26],[5,63],[-10,14],[-56,-28],[8,59],[-40,20],[-34,97],[1,29],[-29,-9],[-18,24],[-36,-29],[-15,5],[10,35],[-13,21],[-13,-38],[-47,-12],[-115,22],[-8,19],[-88,-16],[-30,23],[-11,-15],[-86,-3],[-150,104],[-35,-41],[-7,-53],[-18,-39],[-77,9],[-22,-31],[-15,15],[-88,-38],[-28,-98],[-34,-66],[-1,-39],[-42,-120],[1,-98],[-32,-25],[-11,-91],[28,-39],[-26,-10],[-36,-44],[-16,13],[-13,-18],[-26,-69],[-57,-66],[-12,-70],[-18,-13],[-109,20],[-10,8],[4,24],[-14,-8],[-9,20],[-31,-14],[-65,60],[-51,82],[-87,22],[-69,64],[-9,51],[-102,20],[-92,52],[-74,89],[-36,77],[-39,47],[-50,-3],[-75,74],[-8,28],[-53,61],[-28,136],[-35,52],[-13,62],[-30,62],[-15,128],[14,156],[-121,248],[-5,97],[-53,128],[-34,12],[-18,64],[-56,37],[-83,105],[-32,-4],[-81,58],[-136,173],[-25,78],[-125,123],[-66,123],[-47,43],[-24,50],[-175,121],[-55,117],[-32,115],[-43,73],[-80,27]],[[63942,8357],[22,-197],[-66,414],[-73,287],[-5,40],[9,17],[-28,68],[8,78],[-14,255],[20,94],[1,-313],[23,-198],[74,-353],[29,-192]],[[64029,10101],[5,30],[17,-7],[-95,-206],[-58,-178],[-43,-157],[-22,-139],[-32,-7],[19,135],[88,312],[-6,41],[34,-30],[39,121],[54,85]],[[64167,10459],[24,-10],[-3,-57],[-62,-100],[-68,-149],[-7,21],[10,34],[54,107],[-14,17],[66,137]],[[64487,10757],[17,-7],[-9,-66],[-75,-44],[-128,-118],[-94,-130],[24,71],[-4,61],[69,29],[138,140],[51,5],[11,59]],[[64528,10773],[40,58],[57,35],[-97,-93]],[[65629,11845],[64,-22],[-278,-277],[25,53],[179,206],[-4,48],[14,-8]],[[54136,26185],[0,-1134],[1418,0]],[[78938,20006],[-22,45],[9,-45]],[[74725,21127],[10,-36],[-23,-40],[36,-41],[4,-74],[43,-42],[30,-53],[47,-10],[71,-74],[52,-9],[27,9],[41,55],[50,15],[38,68],[19,-4],[80,-98],[65,41],[99,27],[31,-11],[47,35],[13,32],[-11,55],[23,26],[36,-7],[37,-42],[153,98],[29,-1],[7,-38],[17,-5],[115,95],[-12,57],[58,66],[-43,51],[1,21],[55,147],[146,212],[40,98],[19,103],[87,107],[-2,47],[20,45],[23,17],[29,76],[5,70],[28,102],[72,-28],[31,-71],[-3,-24],[158,-60],[62,110],[30,116],[40,48],[10,75],[60,122],[93,-61],[88,160],[22,-16],[27,11],[30,53],[36,20],[34,84],[79,106],[8,127],[36,70],[2,98],[24,38],[344,-348],[72,212]],[[78192,22673],[25,-55],[-4,-65],[-10,-15],[3,-77],[-49,-10],[-10,-33],[-26,13],[23,-60],[-37,-17],[-15,11],[5,39],[-20,-10],[-29,-82],[9,-16],[-19,-15],[-29,-120],[8,-51],[-31,27],[48,-86],[-37,-6],[67,-21],[115,44],[32,31],[18,-27],[1,-47],[-27,-16],[61,-56],[8,-65],[52,-37],[88,-19],[12,-27],[41,25],[48,-10],[5,-42],[52,-43],[9,-25],[-7,-32],[48,-11],[6,-10],[-10,-6],[156,-111],[9,-49],[-10,-42],[-46,39],[-7,-10],[22,-77],[-8,-37],[-14,-4],[29,-51],[-29,0],[4,-16],[-14,-19],[24,-35],[-11,-15],[-60,23],[-24,21],[-21,51],[-15,-57],[-11,-1],[-21,66],[-61,112],[-26,6],[-2,27],[-28,-7],[-49,88],[-44,32],[-13,44],[-21,11],[-39,116],[-58,27],[-32,55],[-45,11],[-6,-11],[17,-19],[39,1],[17,-52],[50,-17],[24,-34],[3,-89],[30,-13],[10,-31],[50,-57],[56,-117],[29,0],[4,-37],[40,-18],[43,-128],[21,-14],[67,11],[17,-34],[85,-28],[-78,-42],[66,-44],[8,29],[14,-2],[-6,-66],[24,-11],[-10,-130],[-16,-16],[-29,74],[-31,-2],[-35,66],[-9,-28],[19,-31],[-23,7],[-10,-19],[33,-46],[-24,-19],[29,0],[16,-39],[-5,-18],[-83,-27],[-104,182],[-27,21],[-35,76],[-36,46],[-12,-35],[76,-106],[60,-131],[97,-92],[59,21],[9,-65],[53,-35],[4,-17],[-33,-32],[48,-4],[-2,-57],[-16,-39],[-94,-42],[-17,61],[-50,31],[-16,36],[-12,-4],[-34,38],[0,61],[-16,54],[-15,15],[-53,-15],[-10,-26],[-16,37],[-63,37],[-3,68],[-13,-61],[-38,-27],[-51,88],[-36,-40],[-26,46],[-37,-13],[-54,13],[-21,25],[-20,-24],[3,-14],[70,-32],[61,0],[15,-25],[36,33],[15,-8],[16,-55],[56,-38],[65,0],[28,-48],[32,-16],[20,44],[14,-4],[10,-91],[-13,-43],[10,-27],[62,-18],[-10,-22],[65,-61],[13,-52],[-34,-51],[63,39],[38,3],[63,-58],[-18,39],[12,32],[-20,20],[-1,23],[14,11],[29,2],[136,-56],[30,26],[22,-3],[107,-434]],[[79032,20005],[1,53],[-34,125],[-21,15],[-13,-128],[6,-64]],[[79389,21667],[-32,-31],[-9,-29],[11,-21],[-11,-21],[11,-6],[-20,-30],[21,-8],[-5,-13],[-48,-50],[-197,-386],[-34,-41],[-2,-40],[15,-21],[-39,-3],[-22,-46],[-26,-128],[-9,-124],[-9,-11],[-37,78],[4,52],[-15,20],[1,27],[23,40],[-20,0],[15,77],[24,36],[-14,2],[7,40],[28,28],[-6,19],[-15,-9],[3,33],[41,53],[-29,16],[17,20],[-8,18],[36,22],[-11,17],[8,18],[40,14],[-3,27],[24,35],[-16,15],[24,29],[-14,34],[8,15],[23,-15],[42,7],[-10,22],[5,24],[29,0],[-7,56],[-51,22],[78,55],[-11,6]],[[78935,21598],[-6,-46],[-5,46]],[[78924,21598],[-7,0]],[[78952,21598],[-9,0]],[[79483,21678],[-58,-150],[-37,-42],[-10,10],[3,16],[21,-5],[6,17],[-17,10],[4,13],[27,15],[48,113]],[[78988,20005],[-4,14],[25,16],[3,-30]],[[79191,21039],[-44,-105],[30,98],[14,7]],[[79215,21164],[16,4],[-50,-111],[34,107]],[[79016,20662],[8,13],[-9,107],[22,63],[16,-22],[-18,-34],[0,-40],[47,-6],[-54,-87],[-30,-13],[18,19]],[[80823,29592],[1306,10]],[[45549,30924],[-83,-31],[-68,59],[-44,72],[-104,-8],[-43,11],[-21,40],[-51,-36],[-29,11],[-48,-49],[-36,13],[-43,65],[-17,5],[-28,-19],[5,-27],[-27,-1],[13,131],[-1,303],[19,-27],[-6,-8],[19,-63],[3,-208],[39,-7],[22,70],[57,-50],[4,22],[-67,64],[1,26],[27,30],[0,26],[-43,89],[44,-23],[-20,63],[9,27],[23,11],[36,1],[11,-34],[34,18],[-23,4],[-74,74],[-9,-22],[-27,-3],[-17,18],[2,-45],[-85,47],[-24,177],[10,15],[15,-14],[-4,-25],[17,-40],[37,-12],[4,22],[-12,21],[-18,-9],[7,33],[166,77],[-142,28],[-10,51],[-63,16],[-22,-21],[8,-64],[22,-39],[-23,13],[-29,-22],[5,132],[-20,165],[-30,116],[-24,15],[-16,51],[19,-6],[-32,17],[-24,215],[-51,221],[-38,41],[-5,39],[-41,25],[-18,40],[-30,6],[-44,131],[-12,124],[-32,80],[32,48],[-12,37],[16,20],[15,64],[-40,43],[-6,34],[108,-20],[124,-87],[73,-36],[48,-3],[126,-93],[56,-13],[129,-14],[63,13],[82,-33],[22,18],[34,-21],[71,7],[-34,-8],[22,-16],[124,-3],[68,70],[30,8],[-38,-36],[35,-4],[35,-35],[16,-37],[-4,-29],[27,-24],[8,0],[-2,60],[51,4],[6,-28],[23,-9],[21,-37],[2,-22],[-14,-19],[23,14],[11,33],[-36,51],[-1,30],[15,21],[61,18],[14,-27],[-24,-16],[-5,-23],[121,-232],[-39,-18],[-53,-99],[-22,-94],[-13,-14],[-21,17],[21,94],[-4,75],[-11,-58],[-13,-12],[-12,50],[-7,-37],[19,-53],[-16,-15],[-34,-94],[-78,-96],[-32,-82],[-38,-50],[-30,-105],[22,-18],[40,4],[120,57],[46,42],[-20,5],[-130,-78],[-29,0],[-15,27],[65,149],[52,85],[131,81],[21,84],[78,118],[20,0],[2,-27],[15,-4],[0,42],[-30,101],[61,-46],[27,-115],[-10,-18],[20,-13],[5,-23],[-10,-22],[-54,4],[-4,-31],[-22,-24],[-47,44],[24,-43],[25,-125],[-17,-9],[-46,88],[-11,-33],[5,-30],[36,-22],[-30,-56],[91,63],[13,-63],[19,-8],[-34,-146],[13,-24],[-34,-39],[18,-40],[-6,-42],[-83,42],[41,89],[-4,28],[-14,-31],[-51,-43],[-20,-66],[21,-55],[-19,-22],[5,-24],[-21,-21],[-29,88],[0,27],[13,7],[8,39],[-15,94],[-28,-93],[-53,-43],[-32,-110],[-73,-40],[-7,-18],[40,16],[3,-16],[-43,-38],[105,88],[-35,-82],[-22,-22],[33,9],[20,45],[0,-46],[12,-38],[18,-10],[-10,40],[8,12],[-4,42],[35,40],[-5,-40],[27,14],[3,26],[67,-86],[50,44],[57,92],[24,78],[0,43],[74,-58],[23,18],[-19,18],[4,22],[66,47],[2,38],[-29,58],[-3,62],[-27,88],[22,25],[23,-39],[4,42],[-63,69],[34,68],[-17,88],[16,47],[30,38],[14,79],[76,50],[15,45],[-21,14],[-12,-14],[-72,73],[-16,36],[-9,103],[-49,22],[-1,-34],[-17,-29],[8,-38],[53,-47],[25,-54],[-115,106],[-16,55],[-1,61],[63,12],[32,-29],[18,52],[-8,26],[-65,63],[-39,17],[-24,40],[6,28],[-18,4],[-44,-39],[-26,30],[14,28],[-28,49],[49,21],[37,-66],[9,35],[38,-41],[18,2],[-3,85],[-52,63],[30,-2],[40,-33],[20,30],[-13,48],[-24,23],[-7,47],[-16,8],[18,54],[-7,18],[-46,28],[-46,-65],[-20,10],[13,36],[-7,16],[-26,26],[-7,-14],[1,45],[-45,52],[-1,27],[16,23],[-9,21],[-35,-2],[5,32],[50,-4],[-16,38],[4046,0]],[[45612,34114],[40,0],[-38,-23],[-2,23]],[[44987,31280],[18,-33],[2,-53],[-13,-12],[-7,38],[-17,15],[5,39],[12,6]],[[46076,32337],[49,-48],[-73,-53],[-3,30],[24,34],[-16,6],[5,-8],[-24,-19],[-5,-43],[-22,11],[12,124],[28,46],[11,6],[14,-86]],[[46033,32543],[11,-23],[-13,-18],[-56,35],[8,31],[-10,38],[17,58],[33,-20],[15,-62],[-15,-16],[10,-23]],[[45868,33098],[14,6],[16,-33],[4,-74],[-13,0],[-22,40],[-6,45],[16,-39],[10,1],[-19,54]],[[46130,32962],[9,-30],[-28,-51],[-10,16],[-29,-4],[-6,49],[-19,32],[-29,-24],[-15,7],[-29,37],[-21,63],[2,106],[-12,11],[-32,-15],[-53,63],[-5,50],[67,153],[43,19],[12,-51],[44,-39],[-1,-32],[-20,-14],[-34,30],[-24,-46],[-10,23],[-7,-43],[-51,-18],[10,-14],[41,3],[50,-41],[32,-207],[18,33],[-9,25],[7,38],[94,-85],[15,-44]],[[45774,33543],[9,-31],[20,12],[9,-16],[-14,-46],[-44,7],[5,20],[-38,19],[0,40],[19,23],[-5,23],[21,34],[19,-28],[-1,-57]],[[45893,33653],[14,-20],[-10,-24],[-18,-6],[-15,55],[14,18],[15,-23]],[[45662,33555],[39,-55],[-46,3],[-25,28],[-52,20],[-27,116],[34,25],[107,-101],[-30,-36]],[[45856,33742],[-53,-63],[-53,103],[-10,-48],[34,-63],[-9,-9],[-41,-1],[-33,52],[-12,-47],[-21,33],[77,96],[42,-3],[79,-50]],[[45945,33746],[0,-25],[-24,21],[-44,57],[1,27],[67,-80]],[[45885,32061],[24,-19],[-4,-29],[-17,-18],[-32,34],[29,32]],[[45770,32159],[14,-85],[-18,-29],[-34,79],[12,46],[41,23],[-15,-34]],[[45381,30953],[72,-64],[-67,30],[-5,34]]],"objects":{"usa":{"type":"GeometryCollection","geometries":[{"arcs":[[[0]],[[1]],[[2]],[[3]],[[4]],[[5]],[[6]],[[7]],[[8]],[[9]],[[10]],[[11]],[[12]],[[13]],[[14]],[[15]],[[16]],[[17]],[[18]],[[19]],[[20]],[[21]],[[22]],[[23]],[[24]],[[25]],[[26]],[[27]],[[28]],[[29]],[[30]],[[31]],[[32]],[[33]],[[34]],[[35]],[[36]],[[37]],[[38]],[[39]],[[40]],[[41]],[[42]],[[43]],[[44]],[[45]],[[46]],[[47]],[[48]],[[49]],[[50]],[[51]],[[52]],[[53]],[[54]],[[55]],[[56]],[[57]],[[58]],[[59]],[[60]],[[61]],[[62]],[[63]],[[64]],[[65]],[[66]],[[67]],[[68]],[[69]],[[70]],[[71]],[[72]],[[73]],[[74]],[[75]],[[76]],[[77]],[[78]],[[79]],[[80]],[[81]],[[82]],[[83]],[[84]],[[85]],[[86]],[[87]],[[88]],[[89]],[[90]],[[91]],[[92]],[[93]],[[94]],[[95]],[[96]],[[97]],[[98]],[[99]],[[100]],[[101]],[[102]],[[103]],[[104]],[[105]],[[106]],[[107]],[[108]],[[109]],[[110]],[[111]],[[112]],[[113]],[[114]],[[115]],[[116]],[[117]],[[118]],[[119]],[[120]],[[121]],[[122]],[[123]],[[124]],[[125]],[[126]],[[127]],[[128]],[[129]],[[130]],[[131]],[[132]],[[133]],[[134]],[[135]],[[136]],[[137]],[[138]],[[139]],[[140]],[[141]],[[142]],[[143]],[[144]],[[145]],[[147],[146]],[[148]],[[149]],[[150]],[[151]],[[152]],[[153]],[[154]],[[155]],[[156]],[[157]],[[158]],[[159]],[[160]],[[161]],[[162]],[[163]],[[164]],[[165]],[[166]],[[167]],[[168]],[[169]],[[170]],[[171]],[[172]],[[173]]],"type":"MultiPolygon","properties":{"code":"US-AK"}},{"arcs":[[[174,175,176,177,178]],[[179,180]],[[181]]],"type":"MultiPolygon","properties":{"code":"US-AL"}},{"arcs":[[182,183,184,185,186,187]],"type":"Polygon","properties":{"code":"US-AR"}},{"arcs":[[188,189,190,191,192]],"type":"Polygon","properties":{"code":"US-AZ"}},{"arcs":[[[193,194,195,-189]],[[196]],[[197]],[[198]],[[199]],[[200]],[[201]],[[202]]],"type":"MultiPolygon","properties":{"code":"US-CA"}},{"arcs":[[203,204,205,206,207,208]],"type":"Polygon","properties":{"code":"US-CO"}},{"arcs":[[209,210,211,212]],"type":"Polygon","properties":{"code":"US-CT"}},{"arcs":[[213,214,215]],"type":"Polygon","properties":{"code":"US-DC"}},{"arcs":[[216,217,218,219,220]],"type":"Polygon","properties":{"code":"US-DE"}},{"arcs":[[[221,-179,222,223,-180]],[[224]],[[225]],[[226]],[[227]],[[228]],[[229]],[[230]],[[231]],[[232]],[[233]],[[234]],[[235]],[[236]],[[237]],[[238]],[[239]],[[240]],[[241]],[[242]],[[243]],[[244]],[[245]],[[246]],[[247]],[[248]],[[249]],[[250]],[[251]],[[252]],[[253]],[[254]],[[255]],[[256]],[[257]]],"type":"MultiPolygon","properties":{"code":"US-FL"}},{"arcs":[[[258,-223,-178,259,260,261]],[[262]],[[263]],[[264]]],"type":"MultiPolygon","properties":{"code":"US-GA"}},{"arcs":[[[265]],[[266]],[[267]],[[268]],[[269]],[[270]],[[271]],[[272]],[[273]]],"type":"MultiPolygon","properties":{"code":"US-HI"}},{"arcs":[[274,275,276,277,278,279]],"type":"Polygon","properties":{"code":"US-IA"}},{"arcs":[[280,281,282,283,284,285,286]],"type":"Polygon","properties":{"code":"US-ID"}},{"arcs":[[-277,287,288,289,290,291]],"type":"Polygon","properties":{"code":"US-IL"}},{"arcs":[[292,293,-290,294]],"type":"Polygon","properties":{"code":"US-IN"}},{"arcs":[[-206,295,296,297]],"type":"Polygon","properties":{"code":"US-KS"}},{"arcs":[[[-291,-294,298,299,300,301,302]],[[303,304]]],"type":"MultiPolygon","properties":{"code":"US-KY"}},{"arcs":[[[305,306,-184,307],[316],[317]],[[308]],[[309]],[[310]],[[311]],[[312]],[[313]],[[314]],[[315]],[[318]],[[319]],[[320]]],"type":"MultiPolygon","properties":{"code":"US-LA"}},{"arcs":[[[321,322,-211,323,324,325,326,327]],[[328]],[[329]],[[330]],[[331]],[[332]],[[333]]],"type":"MultiPolygon","properties":{"code":"US-MA"}},{"arcs":[[[334,-216,335,336,337,-217,338,339]],[[340,-220]],[[341,342,343,344,345]],[[346]],[[347,348]]],"type":"MultiPolygon","properties":{"code":"US-MD"}},{"arcs":[[[349,350]],[[351]],[[352]],[[353]],[[354]],[[355]],[[356]],[[357]],[[358]],[[359]],[[360]],[[361]],[[362]],[[363]],[[364]]],"type":"MultiPolygon","properties":{"code":"US-ME"}},{"arcs":[[365,366,-295,-289,367,368]],"type":"Polygon","properties":{"code":"US-MI"}},{"arcs":[[369,-369,370,-275,371,372]],"type":"Polygon","properties":{"code":"US-MN"}},{"arcs":[[-278,-292,-303,373,-305,374,-187,375,-297,376]],"type":"Polygon","properties":{"code":"US-MO"}},{"arcs":[[[377,-308,-183,378,-176]],[[379]],[[380]],[[381]]],"type":"MultiPolygon","properties":{"code":"US-MS"}},{"arcs":[[382,383,384,385,-282]],"type":"Polygon","properties":{"code":"US-MT"}},{"arcs":[[[386,387,-261,388,389]],[[390,391,392,393]],[[394,395]],[[396]],[[397]],[[398]],[[399]],[[400]],[[401]],[[402]],[[403]],[[404]],[[405]]],"type":"MultiPolygon","properties":{"code":"US-NC"}},{"arcs":[[406,-373,407,-384]],"type":"Polygon","properties":{"code":"US-ND"}},{"arcs":[[408,409,-279,-377,-296,-205]],"type":"Polygon","properties":{"code":"US-NE"}},{"arcs":[[410,-351,411,-326,412]],"type":"Polygon","properties":{"code":"US-NH"}},{"arcs":[[[413,414,415]],[[416]],[[417]]],"type":"MultiPolygon","properties":{"code":"US-NJ"}},{"arcs":[[-192,-208,418,419,420]],"type":"Polygon","properties":{"code":"US-NM"}},{"arcs":[[421,-190,-196,422,-285]],"type":"Polygon","properties":{"code":"US-NV"}},{"arcs":[[[423,424,-324,-210,425,-415,426]],[[427]],[[428]],[[429]],[[430]],[[431]],[[432]],[[433]],[[434]]],"type":"MultiPolygon","properties":{"code":"US-NY"}},{"arcs":[[435,436,437,-299,-293,-367]],"type":"Polygon","properties":{"code":"US-OH"}},{"arcs":[[-419,-207,-298,-376,-186,438]],"type":"Polygon","properties":{"code":"US-OK"}},{"arcs":[[[439,-286,-423,-195,440]],[[441]]],"type":"MultiPolygon","properties":{"code":"US-OR"}},{"arcs":[[442,-427,-414,443,-218,-338,444,-437]],"type":"Polygon","properties":{"code":"US-PA"}},{"arcs":[[[445,-212,-323]],[[446,-328]],[[447]],[[448]],[[449]],[[450]]],"type":"MultiPolygon","properties":{"code":"US-RI"}},{"arcs":[[[451,-262,-388]],[[452]]],"type":"MultiPolygon","properties":{"code":"US-SC"}},{"arcs":[[-408,-372,-280,-410,453,-385]],"type":"Polygon","properties":{"code":"US-SD"}},{"arcs":[[-375,-304,-374,-302,454,-389,-260,-177,-379,-188]],"type":"Polygon","properties":{"code":"US-TN"}},{"arcs":[[[-420,-439,-185,-307,455]],[[456]],[[457]],[[458]],[[459]],[[460]],[[461]]],"type":"MultiPolygon","properties":{"code":"US-TX"}},{"arcs":[[462,-209,-191,-422,-284]],"type":"Polygon","properties":{"code":"US-UT"}},{"arcs":[[[463,-390,-455,-301,464,-336,-215,465,-396,466,-392]],[[467,-340]],[[468,-343]],[[471,-349]],[[472,-394]],[[473]],[[474]],[[475]]],"type":"MultiPolygon","properties":{"code":"US-VA"}},{"arcs":[[476,-413,-325,-425]],"type":"Polygon","properties":{"code":"US-VT"}},{"arcs":[[[-287,-440,477]],[[478]],[[479]],[[480]],[[481]],[[482]],[[483]],[[484]],[[485]],[[486]],[[487]],[[488]],[[489]],[[490]],[[491]]],"type":"MultiPolygon","properties":{"code":"US-WA"}},{"arcs":[[-288,-276,-371,-368]],"type":"Polygon","properties":{"code":"US-WI"}},{"arcs":[[-438,-445,-337,-465,-300]],"type":"Polygon","properties":{"code":"US-WV"}},{"arcs":[[-283,-386,-454,-409,-204,-463]],"type":"Polygon","properties":{"code":"US-WY"}}]}}}